tree
version=v4
num_class=1
num_tree_per_iteration=1
label_index=0
max_feature_idx=8
objective=binary sigmoid:1
feature_names=Column_0 Column_1 Column_2 Column_3 Column_4 Column_5 Column_6 Column_7 Column_8
feature_infos=[-7.4933333333333287:30.317500000000006] [-27.899999999999999:24.220000000000002] [8.9200000000000017:46.480000000000004] [1.1212314551496214:3.8410765236843449] [16.501467403534281:90.368784342323877] [-4.8966493606567383:5656.44677734375] [4.2000000000000002:8.7000000000000011] [3:322.30000000000001] [2.6000000000000001:63.5]
tree_sizes=1680 1586 1689 1680 1683 1687 1697 1687 1681 1697 1695 1693 1693 1689 1687 1694 1698 1685 1689 1692 1691 1683 1691 1689 1686 1690 1688 1590 1685 1684 1688 1691 1691 1693 1681 1691 1696 1685 1686 1690 1687 1686 1685 1686 1687 1682 1690 1590 1691 1686 1692 1687 1681 1680 1684 1681 1693 1689 1690 1693 1690 1695 1688 1698 1691 1691 1691 1688 1693 1687 1693 1694 1678 1682 1694 1696 1694 1695 1698 1700 1682 1692 1690 1687 1698 1694 1691 1688 1700 1698 1694 1692 1693 1693 1697 1694 1685 1691 1693 1692 1692 1691 1692 1697 1704 1695 1696 1695 1688 1699 1699 1697 1694 1699 1694 1707 1696 1697 1697 1689 1696 1694 1695 1699 1698 1700 1701 1694 1696 1486 1700 1699 1699 1699 1702 1694 1697 1697 1697 1699 1701 1704 1703 1702 1687 1699 1701 1684 1697 1690 1695 1708 1701 1703 1702 1701 1696 1701 1696 1709 1696 1701 1704 1695 1703 1703 1705 1698 1699 1692 1704 1697 1709 1701 1702 1696 1698 1701 1696 1701 1703 1694 1697 1702 1700 1692 1700 1693 1704 1704 1701 1706 1694 1705 1707 1696 1700 1700 1701 1703 1698 1702 1706 1697 1694 1702 1705 1708 1709 1694 1707 1709 1709 1703 1708 1701 1705 1711 1697 1707 1706 1700 1714 1706 1696 1705 1706 1712 1703 1719 1700 1710 1706 1720 1706 1708 1713 1719 1703 1711 1707 1602 1711 1706 1702 1706 1713 1713 1715 1711 1710 1708 1713 1712 1712 1703 1712 1718 1718 1708 1712 1716 1704 1709 1706 1713 1714 1703 1718 1718 1709 1715 1711 1712 1705 1715 1711 1718 1710 1708 1709 1724 1716 1709 1716 1712 1709 1709 1719 1717 1719 1717 1717 1717 1711 1717 1725 1713 1705 1723 1718 1713 1715 1709 1716 1715 1711 1707 1716 1721 1712 1714 1720 1711 1714 1712 1720 1721 1718 1691 1716 1715 1723 1717 1715 1711 1719 1721 1716 1712 1713 1718 1726 1718 1721 1727 1726 1717 1718 1720 1716 1725 1724 1708 1721 1720 1720 1713 1726 1725 1735 1718 1717 1715 1718 1725 1716 1724 1724 1717 1720 1721 1724 1719 1725 1712 1710 1730 1726 1720 1726 1717 1714 1726 1726 1720 1729 1725 1723 1710 1730 1727 1720 1712 1723 1733 1730 1729 1727 1727 1728 1715 1722 1725 1721 1732 1721 1724 1725 1716

Tree=0
num_leaves=15
num_cat=0
split_feature=1 1 0 6 5 5 2 4 2 5 0 0 4 5
split_gain=321.745 80.5197 45.0993 25.6874 19.695 13.2106 10.2204 10.0573 16.7851 6.59446 10.0764 4.34038 6.31897 4.05704
threshold=7.4200000000000044 19.290000000000006 22.803750000000004 7.1500000000000012 2.8573021888732915 1061.218200683594 38.72000000000002 64.801358147137861 38.030000000000008 12.782201290130617 16.550000000000008 24.478750000000002 75.713853294766523 909.61682128906261
decision_type=2 2 2 2 2 2 2 2 2 2 2 2 2 2
left_child=9 2 5 4 -4 -2 -5 8 -6 10 -1 12 -9 -11
right_child=1 -3 3 6 7 -7 -8 11 -10 13 -12 -13 -14 -15
leaf_value=-0.048636413688295001 -0.038557802244419098 -0.054300099906277793 -0.039542529924494994 0.022624741222334689 -0.014010727189106887 0.024340220775962304 -0.029452881652611538 0.010294108420652025 0.043037258259608933 -0.058617063345004709 0.011154357678811965 0.049868608357175069 0.044805457355945134 -0.038681408605354482
leaf_weight=4.2800250202417356 9.1906368583440763 9.526507303118704 1.9329145252704609 5.4814588576555234 7.1979825347661999 3.4702188074588767 6.1531997472047806 8.8733521401882189 10.350916624069212 42.38605423271656 4.2986107468605042 81.781135931611061 11.671830058097838 24.120277494192123
leaf_count=31 58 69 14 14 35 8 36 30 15 307 14 104 16 149
internal_value=0.00182534 0.026403 0.0319985 0.0371252 0.0411639 -0.0207983 -0.00506868 0.0427816 0.0201442 -0.0487948 -0.0206396 0.0464314 0.0310698 -0.052067
internal_weight=230.715 155.63 146.104 133.443 121.808 12.6609 11.6347 119.875 17.5489 75.085 8.57864 102.326 20.5452 66.5063
internal_count=900 399 330 264 214 66 50 200 50 501 45 150 46 456
is_linear=0
shrinkage=1


Tree=1
num_leaves=14
num_cat=0
split_feature=3 0 1 6 1 1 8 3 3 8 0 8 8
split_gain=312.873 68.8064 76.6069 18.0273 11.4429 24.8655 10.5308 25.0943 9.41545 8.19554 5.08396 0.55681 8.0666
threshold=3.076487356656846 22.803750000000004 19.290000000000006 5.3500000000000014 9.4600000000000026 11.160000000000005 34.750000000000007 3.1894620129180069 3.1354791688768633 31.450000000000006 28.044166666666673 21.250000000000004 19.250000000000004
decision_type=2 2 2 2 2 2 2 2 2 2 2 2 2
left_child=4 3 8 -2 11 -6 7 -5 -3 -10 -4 12 -1
right_child=1 2 10 6 5 -7 -8 -9 9 -11 -12 -13 -14
leaf_value=-0.054748618881071062 -0.051919549574907083 0.012885297876469646 -0.051145471991246666 -0.050941312080882442 0.014139370711756855 -0.054112848687490438 0.03572736348021098 0.024878534685538412 0.051872204160744319 0.026786850041232595 -0.00384925901918833 -0.057090766706606344 -0.014280954534294616
leaf_weight=14.487128525972368 7.451825067400935 8.4558968245983106 7.0361440032720548 6.6228662282228488 8.3193607926368731 9.3857180774211866 4.6511971652507773 7.2143387645483017 82.169589072465897 17.757041305303574 2.9755035042762756 38.081499814987183 7.4699009954929343
leaf_count=105 54 27 51 48 26 68 8 18 90 43 13 276 37
internal_value=0.00206657 0.0281509 0.0377921 -0.0156224 -0.0461025 -0.0230008 0.000920767 -0.0123984 0.0451487 0.0477241 -0.0387149 -0.0524267 -0.0422031
internal_weight=222.078 144.334 118.394 25.9402 77.7436 17.7051 18.4884 13.8372 108.383 99.9266 10.0116 60.0385 21.957
internal_count=864 352 224 128 512 94 74 66 160 133 64 418 142
is_linear=0
shrinkage=0.03


Tree=2
num_leaves=15
num_cat=0
split_feature=3 6 1 5 3 3 7 6 5 5 1 6 1 5
split_gain=294.258 71.942 23.5032 19.4326 28.9802 18.5016 17.6486 13.5034 8.44549 8.24231 7.98734 4.39786 3.01724 1.92277
threshold=3.1354791688768633 5.3500000000000014 7.4200000000000044 8.7914719581604022 3.057091469495167 3.0872019983601215 32.150000000000013 5.0500000000000016 6.7396569252014169 233.4106369018555 17.400000000000006 6.1500000000000012 15.800000000000004 2474.693237304688
decision_type=2 2 2 2 2 2 2 2 2 2 2 2 2 2
left_child=3 7 -3 6 10 -6 -1 -2 -4 -9 13 -7 -10 -5
right_child=1 2 8 4 5 11 -8 9 12 -11 -12 -13 -14 -15
leaf_value=0.026821656687485203 -0.050426470766643951 -0.020988096644440839 0.0091316852941964247 -0.0564159553733223 0.017236405693303022 -0.050406743496521834 -0.045551521585482764 0.017834822693748316 0.04893803589647025 -0.026590085669369302 -0.0020115133426584207 -0.0053740242839103369 0.031332228617084387 -0.03095947549549613
leaf_weight=7.0727216601371747 7.1618800014257458 4.7671930342912665 6.5772413611412039 57.984339416027069 10.182694569230081 6.6130731403827649 3.8570610284805298 7.7524721026420575 76.283230781555176 5.5904005765914917 2.8369691073894492 2.9747527688741684 18.36222317814827 7.106825739145278
leaf_count=17 52 26 22 421 31 48 28 22 91 32 12 13 39 43
internal_value=0.000454369 0.030638 0.0405356 -0.0381763 -0.0428273 -0.0102242 -0.000395879 -0.0200288 0.0436101 -0.0013345 -0.0520304 -0.0382619 0.0458856 -0.054147
internal_weight=225.123 126.495 105.99 98.6284 87.6987 19.7705 10.9298 20.5048 101.223 13.3429 67.9281 9.58783 94.6455 65.0912
internal_count=897 284 178 613 568 92 45 106 152 54 476 61 130 464
is_linear=0
shrinkage=0.03


Tree=3
num_leaves=15
num_cat=0
split_feature=3 6 1 5 7 6 0 5 6 3 0 8 5 1
split_gain=281.266 62.3258 22.5074 20.8568 25.3257 18.219 19.9735 18.1355 15.8069 14.8225 14.1561 7.17335 3.1515 2.79797
threshold=3.1354791688768633 5.3500000000000014 9.4600000000000026 26.313563346862797 27.450000000000006 5.0500000000000016 22.803750000000004 170.42290496826175 7.0500000000000016 3.057091469495167 22.93458333333334 31.450000000000006 2.8573021888732915 13.820000000000006
decision_type=2 2 2 2 2 2 2 2 2 2 2 2 2 2
left_child=2 5 3 4 -1 -2 -7 -4 9 -9 -3 12 -12 -13
right_child=1 10 7 -5 -6 6 -8 8 -10 -11 11 13 -14 -15
leaf_value=0.027492615348518778 -0.049469959251767753 0.0086741636088450251 -0.050790428130764641 -0.052222672374106154 -0.048669069825001951 -0.045322930885516408 0.02755434459804618 -0.049066344565795159 0.032583815351666934 0.012925756170084497 0.0088636778506842456 0.038186680938712372 0.050608022054583202 0.013697452832711308
leaf_weight=7.0677705407142621 7.4164458811283138 11.41997082531452 6.8880452215671566 58.957672759890556 6.727569118142128 3.8546987622976294 10.245875328779219 5.9220525473356265 8.2579886913299543 6.3059912025928497 2.1488326489925376 9.0054628849029559 69.778868287801743 10.311337560415266
leaf_count=17 54 40 50 421 49 28 23 43 17 20 7 14 71 32
internal_value=0.00132483 0.0313794 -0.0358917 -0.0445465 -0.0104282 -0.0145009 0.00594968 -0.0121301 0.00262758 -0.0185367 0.0410424 0.0449555 0.0494996 0.0264319
internal_weight=224.309 124.181 100.127 72.753 13.7953 21.517 14.1006 27.3741 20.486 12.228 102.664 91.2445 71.9277 19.3168
internal_count=886 269 617 487 66 105 51 130 80 63 164 124 78 46
is_linear=0
shrinkage=0.03


Tree=4
num_leaves=15
num_cat=0
split_feature=3 7 0 5 5 6 6 8 8 3 7 4 3 3
split_gain=232.793 70.2282 37.5177 35.3296 18.4032 13.0412 12.597 9.08884 8.00513 5.90288 3.77548 3.33889 3.252 10.4753
threshold=3.057091469495167 48.650000000000013 22.803750000000004 9.2726368904113787 909.61682128906261 5.3500000000000014 7.3500000000000014 31.350000000000005 28.550000000000004 3.1138126324744069 33.95000000000001 70.04481808643375 2.5169938541005239 2.4356632402816483
decision_type=2 2 2 2 2 2 2 2 2 2 2 2 2 2
left_child=3 2 4 6 9 8 -1 -7 -4 -2 -11 -9 13 -5
right_child=1 -3 5 12 -6 7 -8 11 -10 10 -12 -13 -14 -15
leaf_value=-0.023310439063565776 0.0011881865854057227 -0.050917575359681812 -0.019936661610835127 -0.048922228705936779 0.028335246909669799 0.046961547638241459 0.034268898551323958 0.034361145545964214 0.024005085571596769 -0.049263594657862085 -0.0076080718415816517 0.012018100349289273 -0.051088195915693031 0.0033527112367767822
leaf_weight=5.433395639061926 5.3814762681722668 9.5993721038103086 4.6046659350395194 8.4763259291648847 8.6577632129192335 68.419842123985291 6.3826019167900085 14.337313309311869 10.641535669565199 6.3232591301202756 3.2435714304447174 12.576744139194487 55.457083731889725 5.2341576963663092
leaf_count=31 22 70 25 62 20 80 12 27 26 46 15 40 397 21
internal_value=0.00107401 0.0239419 0.0296342 -0.0393245 -0.00454432 0.0369058 0.00803904 0.0410057 0.0103235 -0.0241702 -0.0371971 0.024725 -0.047415 -0.0300943
internal_weight=224.769 143.786 134.186 80.9836 23.6061 110.58 11.816 95.3339 15.2462 14.9483 9.56683 26.9141 69.1676 13.7105
internal_count=894 371 301 523 103 198 43 147 51 83 61 67 480 83
is_linear=0
shrinkage=0.03


Tree=5
num_leaves=15
num_cat=0
split_feature=3 7 3 8 0 3 6 6 2 2 8 0 0 7
split_gain=214.131 64.2194 20.5687 24.7893 19.7141 13.4217 20.2467 15.5885 9.15552 7.18309 5.10101 4.5956 4.27478 3.80762
threshold=3.144658103782938 33.45000000000001 3.057091469495167 31.650000000000006 22.93458333333334 2.7024476192268243 7.6500000000000012 7.3500000000000014 30.660000000000004 40.210000000000015 31.450000000000006 25.55125 25.142500000000002 26.150000000000006
decision_type=2 2 2 2 2 2 2 2 2 2 2 2 2 2
left_child=2 4 5 12 -2 6 7 13 -3 -7 -6 -10 -4 -1
right_child=1 8 3 -5 10 9 -8 -9 11 -11 -12 -13 -14 -15
leaf_value=-0.043782925760902869 -0.0046954655350423501 -0.048722253927155672 -0.049105661145327439 0.020435892690670591 0.045754635802823879 -0.049541148617838572 -0.049276242937127533 0.027742377286119571 0.011171412473449212 -0.00022462216559809614 0.025740789553727994 -0.023982707463638845 -0.0047776969519281081 -0.0008539240174208852
leaf_weight=4.2260394841432598 8.7565095573663694 6.4380369186401394 7.6638465225696581 13.489238172769545 72.413474440574646 48.522258549928665 10.889460474252699 8.7783055007457715 6.2864584475755674 2.8184988498687735 19.127609521150589 5.2677396535873413 2.8297584056854248 2.9494110643863678
leaf_count=31 38 47 56 38 86 348 80 21 20 12 45 30 12 13
internal_value=0.00113482 0.0285018 -0.0305201 -0.00590969 0.0378222 -0.0378994 -0.0196378 0.00230566 -0.0227101 -0.0468898 0.0418961 -0.00548958 -0.0386077 -0.0284001
internal_weight=220.457 118.29 102.167 23.9828 100.298 78.184 26.8432 15.9538 17.9922 51.3408 91.5411 11.5542 10.4936 7.17545
internal_count=877 266 611 106 169 505 145 65 97 360 131 50 68 44
is_linear=0
shrinkage=0.03


Tree=6
num_leaves=15
num_cat=0
split_feature=1 1 0 8 4 8 8 1 8 8 6 1 1 2
split_gain=210.807 53.4126 23.3926 16.1219 14.8843 11.3554 8.0348 7.9901 7.28998 6.38439 5.47931 2.77071 3.93961 2.34902
threshold=7.5500000000000025 19.290000000000006 22.803750000000004 34.250000000000007 63.37741514496755 26.250000000000004 28.150000000000006 10.050000000000004 31.350000000000005 35.550000000000004 6.4500000000000011 2.0600000000000041 3.2300000000000062 38.850000000000016
decision_type=2 2 2 2 2 2 2 2 2 2 2 2 2 2
left_child=3 2 7 11 5 -4 -7 -2 -6 -10 -3 -1 -13 -8
right_child=1 10 4 -5 8 6 13 -9 9 -11 -12 12 -14 -15
leaf_value=-0.051324624088430984 0.0043996967800024054 -0.049892632968769134 -0.040121416742663688 -0.0019720898981552722 0.039604302551381754 0.038484737751488717 0.0098399314895344977 -0.043231398371339706 -0.0028747495020910222 0.030475584002807015 -0.0016923413744105609 -0.015049902258323346 -0.042544980644032344 -0.016517325303523622
leaf_weight=39.622604414820671 9.9194522798061353 8.4822137057781202 2.8566741943359402 8.8353925347328168 80.340429618954659 7.3683322370052364 6.6613589823245984 3.5530667155981055 7.896744146943095 13.11139242351055 2.8274917006492606 8.3184628784656542 17.713937401771545 4.0502388775348663
leaf_count=293 38 62 21 39 121 11 23 26 32 27 12 44 122 21
internal_value=0.000521533 0.0213202 0.0265901 -0.0402801 0.0307028 0.00726132 0.0164583 -0.0102811 0.0354271 0.0183785 -0.0389587 -0.0453284 -0.0346409 -0.000685576
internal_weight=221.558 147.067 135.758 74.4904 122.285 20.9366 18.0799 13.4725 101.349 21.0081 11.3097 65.655 26.0324 10.7116
internal_count=892 394 320 498 256 76 55 64 180 59 74 459 166 44
is_linear=0
shrinkage=0.03


Tree=7
num_leaves=15
num_cat=0
split_feature=3 6 7 8 5 2 7 8 3 8 2 8 8 5
split_gain=198.137 55.7789 24.9931 13.5799 12.4526 22.0389 12.3951 8.90848 8.16192 11.8695 5.46624 3.90007 3.06598 2.03019
threshold=3.057091469495167 5.3500000000000014 34.350000000000009 29.650000000000006 12.782201290130617 35.370000000000012 49.550000000000011 32.550000000000004 3.146726263835673 26.250000000000004 41.650000000000013 29.950000000000006 35.70000000000001 2474.693237304688
decision_type=2 2 2 2 2 2 2 2 2 2 2 2 2 2
left_child=4 3 8 -2 5 -1 -4 -5 9 -3 12 -10 13 -6
right_child=1 2 6 7 10 -7 -8 -9 11 -11 -12 -13 -14 -15
leaf_value=-0.044844298617816594 -0.048923459788921188 -0.038829625067328684 0.011887292901798208 0.018544671531628792 -0.050800000418577691 0.038029275931130355 -0.045063729586442072 -0.027148687433524402 0.04292667142186362 0.024279027566975604 -0.0053275755992304242 0.026317068445066323 -0.018448119781211549 -0.026581388913600922
leaf_weight=5.2859473675489408 8.964223653078081 2.3168604671955135 8.3931636065244657 7.3947435021400434 52.81222066283226 4.3669929057359695 4.4954076111316672 6.0874728709459305 54.212965607643127 14.350719898939131 3.336693510413169 25.477455899119377 4.9722075611352912 7.1078985035419455
leaf_count=39 66 17 27 20 393 6 33 36 68 36 16 58 28 44
internal_value=-0.00242017 0.0199756 0.0287976 -0.0223583 -0.040063 -0.00730184 -0.00979109 -0.00253675 0.0340067 0.0138054 -0.0445255 0.0380085 -0.0464296 -0.0484106
internal_weight=209.575 131.693 109.247 22.4464 77.882 9.65294 12.8886 13.4822 96.358 16.6676 68.229 79.6904 64.8923 59.9201
internal_count=887 361 239 122 526 45 60 56 179 53 481 126 465 437
is_linear=0
shrinkage=0.03


Tree=8
num_leaves=15
num_cat=0
split_feature=3 6 2 8 0 6 5 8 2 2 6 5 0 8
split_gain=211.942 45.7827 19.9806 17.2542 16.0998 14.4347 13.3268 9.18915 8.98702 8.03453 8.83727 7.34934 13.642 5.66731
threshold=3.1366698429303415 5.3500000000000014 34.970000000000006 25.550000000000004 20.900833333333342 5.0500000000000016 224.06324768066409 31.450000000000006 35.500000000000007 36.540000000000006 7.4500000000000011 2474.693237304688 8.7825000000000042 38.45000000000001
decision_type=2 2 2 2 2 2 2 2 2 2 2 2 2 2
left_child=2 5 11 -4 -3 -2 -7 -6 -9 -5 -11 13 -13 -1
right_child=1 4 3 9 7 6 -8 8 -10 10 -12 12 -14 -15
leaf_value=-0.047545911402370022 -0.045185702776310531 -0.00807764901354 -0.046293514817687807 0.021188306217058035 0.044384036051161493 0.024940957529912815 -0.027335951505595448 -0.0095910972708472368 0.03239182684183161 0.0037142557474994379 -0.042564295108350247 -0.04247689412341845 0.028121717846008674 -0.0035867199970145858
leaf_weight=53.389691561460495 6.4662439823150661 6.6072190701961508 8.7114003598690015 9.55773773789406 71.69475631415844 10.290886297822 6.2013176977634421 6.0486508011817959 14.084990218281744 10.281457647681234 4.6910247653722754 4.6993892490863782 3.4321979433298111 2.9531268179416648
leaf_count=391 48 31 65 27 81 24 37 27 26 41 35 35 8 13
internal_value=0.000861403 0.0272354 -0.0318474 -0.012447 0.0360642 -0.010544 0.00484505 0.0392931 0.0199221 0.000915321 -0.0125423 -0.0415069 -0.0128621 -0.0453446
internal_weight=219.11 121.394 97.716 33.2416 98.4356 22.9584 16.4922 91.8284 20.1336 24.5302 14.9725 64.4744 8.13159 56.3428
internal_count=889 274 615 168 165 109 61 134 53 103 76 447 43 404
is_linear=0
shrinkage=0.03


Tree=9
num_leaves=15
num_cat=0
split_feature=3 6 2 3 1 1 1 3 3 4 2 3 4 6
split_gain=185.623 54.5729 26.4326 12.2442 20.7321 11.4102 16.1361 9.53905 11.2332 5.85717 5.73374 5.12849 12.6239 5.00154
threshold=3.0714946912363077 5.3500000000000014 33.330000000000005 3.2727737905361018 16.050000000000008 9.4600000000000026 11.160000000000005 3.1894620129180069 3.0907692559589224 71.329055828651107 38.370000000000012 2.7024476192268243 62.951702854011863 6.9500000000000011
decision_type=2 2 2 2 2 2 2 2 2 2 2 2 2 2
left_child=5 3 7 -2 -5 11 -7 8 -3 -9 -8 12 13 -1
right_child=1 2 -4 4 -6 6 10 9 -10 -11 -12 -13 -14 -15
leaf_value=-0.0046550100846819761 -0.047730455973075632 0.016169214845938862 0.038584002904850097 0.020803753651383278 -0.044894442599034634 0.016658128867155616 -0.047250315730824166 0.044020673642473293 -0.045219205025278535 0.0044344185947142439 0.0010830449042114128 -0.04843469608129819 0.017419734870168256 -0.046601307757015854
leaf_weight=3.4361202716827455 7.4561102688312557 3.9912025332450884 85.847812697291374 10.917019888758661 5.7893562763929358 8.1112844496965426 8.6337433457374555 4.0812901407480231 5.2593435049057007 10.738538667559622 2.8089012503623954 40.347269490361214 3.9795482456684104 12.745529890060423
leaf_count=17 55 12 127 29 43 25 64 4 39 37 12 306 12 96
internal_value=0.000406372 0.0219412 0.0308726 -0.018301 -0.00321272 -0.0354838 -0.0145615 0.00292763 -0.0197393 0.0174297 -0.0362521 -0.0418985 -0.0271472 -0.0384835
internal_weight=214.143 134.081 109.918 24.1625 16.7064 80.0624 19.5539 24.0704 9.25055 14.8198 11.4426 60.5085 20.1612 16.1817
internal_count=878 346 219 127 72 532 101 92 51 41 76 431 125 113
is_linear=0
shrinkage=0.03


Tree=10
num_leaves=15
num_cat=0
split_feature=1 1 0 6 8 5 5 7 1 1 6 5 5 5
split_gain=177.545 39.4955 18.8554 13.4706 8.90185 8.44201 6.65672 14.7058 8.56476 6.57538 4.38235 4.27098 3.14841 1.95884
threshold=7.4200000000000044 19.290000000000006 22.803750000000004 7.2500000000000009 34.750000000000007 8.7914719581604022 208.27097320556643 24.850000000000005 16.840000000000007 10.050000000000004 6.5500000000000016 6.7396569252014169 425.98348999023443 2474.693237304688
decision_type=2 2 2 2 2 2 2 2 2 2 2 2 2 2
left_child=4 2 9 6 5 -1 11 8 12 -2 -3 -4 -8 -7
right_child=1 10 3 -5 -6 13 7 -9 -10 -11 -12 -13 -14 -15
leaf_value=-0.0096038581693722418 0.0038798213876896203 -0.046595538647241787 0.015321591174609692 -0.0062476616347478435 -0.0037370431941410546 -0.048065463861779165 0.0016651035597659767 0.037475152908756207 0.028327485985261365 -0.040480748731973222 -0.0022900118308084353 0.03946741926092602 -0.02943511678479693 -0.024585501179173356
leaf_weight=7.172184243798255 9.8418648838996869 7.1339958906173688 9.3138152509927732 9.0495038479566556 6.2417744100093833 50.333912625908852 4.863471254706381 17.125615477561951 4.6575043946504584 3.2388325333595267 2.8108847439289093 61.494729727506638 5.9990602135658264 6.9948014765977851
leaf_count=36 38 53 26 41 29 385 19 25 9 24 12 86 36 44
internal_value=-0.000394367 0.0196863 0.0242959 0.0282371 -0.0386031 -0.0418686 0.0312845 0.0191189 -0.00217869 -0.00919888 -0.0354261 0.036549 -0.0165441 -0.0456712
internal_weight=206.272 135.529 125.584 112.504 70.7427 64.5009 103.454 32.6457 15.52 13.0807 9.94488 70.8085 10.8625 57.3287
internal_count=863 369 304 242 494 465 201 89 64 62 65 112 55 429
is_linear=0
shrinkage=0.03


Tree=11
num_leaves=15
num_cat=0
split_feature=3 7 0 8 7 5 5 7 8 5 3 5 6 7
split_gain=190.029 37.3677 19.2018 15.2197 17.2451 23.4029 10.4831 9.39457 8.72698 6.89347 10.9129 6.42771 6.36313 4.09378
threshold=3.1354791688768633 36.150000000000013 22.93458333333334 25.550000000000004 22.450000000000006 352.02584838867193 909.61682128906261 48.650000000000013 31.450000000000006 29.850439071655277 2.9466585300336257 1954.2759399414065 6.4500000000000011 16.650000000000002
decision_type=2 2 2 2 2 2 2 2 2 2 2 2 2 2
left_child=3 2 6 -1 5 9 -2 -3 -4 -5 13 -6 -10 -11
right_child=1 7 8 4 11 -7 -8 -9 12 10 -12 -13 -14 -15
leaf_value=-0.043780510746601664 -0.027105512361133132 0.0021882753382866009 0.041895077747281816 0.029035619305335852 -0.047555214691792087 -0.045865982897560983 0.026135912739537245 -0.04358091145616487 -0.0034041707472582 -0.041380618310695644 0.017390926416544515 0.0011525559717866824 0.030614613393481559 0.002129887663965325
leaf_weight=40.661707177758217 6.4694451540708524 9.9418752640485746 74.605260878801346 8.4843912869691867 16.725023433566097 8.7316199690103513 5.0174688696861267 5.6931767165660849 7.5529273748397854 4.9884101599454906 10.084595218300818 2.7732465267181388 12.405319571495054 2.7438837587833405
leaf_count=304 39 39 89 19 127 66 11 43 30 38 31 12 23 12
internal_value=0.00163057 0.026375 0.0327283 -0.0299457 -0.019027 -0.00605069 -0.00361908 -0.0160956 0.0371352 0.00836322 -0.00250087 -0.0409092 0.0181925 -0.0274647
internal_weight=216.878 121.685 106.05 95.1929 54.5312 35.0329 11.4869 15.6351 94.5635 26.3013 17.8169 19.4983 19.9582 7.73229
internal_count=883 274 192 609 305 166 50 82 142 100 81 139 53 50
is_linear=0
shrinkage=0.03


Tree=12
num_leaves=15
num_cat=0
split_feature=3 0 2 1 3 4 3 6 6 7 3 3 1 1
split_gain=161.075 36.7433 25.5508 23.4456 22.7933 22.1867 20.2653 6.99084 13.4651 6.7295 3.01764 1.83997 1.49812 9.38367
threshold=3.1354791688768633 22.803750000000004 34.970000000000006 17.080000000000009 3.2208870241535634 71.245642881350577 3.0714946912363077 7.5500000000000016 7.0500000000000016 12.450000000000001 3.4946943035642217 3.2284846486846579 2.0600000000000041 3.2300000000000062
decision_type=2 2 2 2 2 2 2 2 2 2 2 2 2 2
left_child=2 5 12 11 -5 -2 7 8 -4 -10 -6 -3 -1 -14
right_child=1 3 6 4 10 -7 -8 -9 9 -11 -12 -13 13 -15
leaf_value=-0.045812645845320611 0.018741069430452739 0.028035816026053793 -0.042873456886349658 0.034872208200527229 -0.045164575897845567 -0.047581872333487145 0.03230334831047886 -0.042383534398538217 -0.015891995004039476 0.02768433530403374 -0.0059543900025008558 0.04084426063690702 0.0012077002155023013 -0.041238193982736024
leaf_weight=32.176830664277077 7.9291390776634243 25.584464356303215 5.5603276193141999 7.0077624022960654 5.5989342927932721 8.4730190038681013 7.9401720762252799 7.6102633178234091 4.5293289273977262 6.8409868180751801 2.8769654482603073 59.998406067490578 5.9742774367332485 19.858819976449013
leaf_count=252 24 49 42 10 42 63 15 59 25 16 13 73 28 142
internal_value=0.0014912 0.0245759 -0.0284167 0.0313019 -0.00254037 -0.0162855 -0.00681577 -0.0202419 -0.00848065 0.0104444 -0.0338884 0.0373833 -0.0401911 -0.0317428
internal_weight=207.96 117.469 90.491 101.067 15.4837 16.4022 32.4811 24.5409 16.9306 11.3703 8.4759 85.5829 58.0099 25.8331
internal_count=853 274 579 187 65 87 157 142 83 41 55 122 422 170
is_linear=0
shrinkage=0.03


Tree=13
num_leaves=15
num_cat=0
split_feature=3 7 0 5 3 7 3 5 2 8 0 3 3 0
split_gain=161.844 44.0599 15.992 13.4296 14.8728 14.1828 12.5283 11.1341 9.81765 7.98625 6.116 5.14722 10.1269 4.46852
threshold=3.1257837022888046 37.250000000000007 22.93458333333334 8.7914719581604022 3.057091469495167 32.850000000000009 3.093732703574076 822.93087768554699 30.610000000000003 30.250000000000004 27.864166666666677 2.5169938541005239 2.4356632402816483 27.042083333333341
decision_type=2 2 2 2 2 2 2 2 2 2 2 2 2 2
left_child=3 2 8 5 10 -1 -6 13 -2 -4 11 12 -5 -3
right_child=1 7 9 4 6 -7 -8 -9 -10 -11 -12 -13 -14 -15
leaf_value=0.026226471499688112 0.014814576524121711 -0.04745427238010657 0.039640095524203868 -0.041592089857970631 0.010640231332351294 -0.038636010394964386 -0.043217570377809746 0.0095427081720337054 -0.040442031145649655 0.017970882784669958 0.0034072186183161245 -0.046343670430184468 0.011020179577126261 -0.0027275015849316056
leaf_weight=6.9763398617506009 8.2004443109035474 8.1652133315801638 70.04904168844223 7.5156139358878118 11.114355370402334 3.8981653600931168 4.7595971375703803 6.8138702958822241 3.2268160283565512 22.795287057757378 2.6530067026615134 49.545151017606258 4.8056908547878265 2.7381434440612784
leaf_count=17 26 62 89 59 39 30 36 25 24 59 11 389 19 12
internal_value=0.00055326 0.0230819 0.0304866 -0.0294823 -0.0336664 0.00167971 -0.00711252 -0.0197977 -0.00278745 0.034568 -0.0399912 -0.0418769 -0.0217848 -0.0373949
internal_weight=213.257 121.989 104.272 91.2679 80.3934 10.8745 15.874 17.7172 11.4273 92.8443 64.5195 61.8665 12.3213 10.9034
internal_count=897 297 198 600 553 47 75 99 50 148 478 467 78 74
is_linear=0
shrinkage=0.03


Tree=14
num_leaves=15
num_cat=0
split_feature=1 1 0 4 5 5 5 1 5 7 7 1 6 2
split_gain=153.156 37.7063 20.178 15.66 11.4615 13.9935 7.87942 6.06732 10.668 7.92547 15.7818 4.36026 4.17845 4.17632
threshold=7.4200000000000044 19.290000000000006 22.803750000000004 64.62322152761466 211.42034149169925 667.85424804687511 6.7396569252014169 1.4700000000000033 1597.0859985351565 17.350000000000005 13.950000000000001 15.610000000000005 6.2500000000000009 31.230000000000008
decision_type=2 2 2 2 2 2 2 2 2 2 2 2 2 2
left_child=7 2 13 4 -4 -6 -5 -1 9 10 -9 -8 -3 -2
right_child=1 12 3 6 5 -7 11 8 -10 -11 -12 -13 -14 -15
leaf_value=-0.044867184733619052 -0.0017177192805261723 -0.045310311928928378 0.021414792735875626 0.00065787809425948746 -0.04760704163594312 0.022830498803627731 0.037087507969711435 -0.040460893877411717 0.016366417668557374 -0.04515224249413087 0.022913825562263582 0.016773510112409372 -0.0020577716440596206 -0.038818227163515288
leaf_weight=36.020213715732098 8.6855288594961149 7.4234901219606382 12.001317888498308 6.8399678319692603 5.560032591223715 3.3686860650777817 74.706085219979286 6.8010063543915766 4.1848076432943335 16.129160366952419 5.5874079987406731 13.695538252592085 2.769519716501236 3.0508831217885009
leaf_count=288 39 56 31 25 42 8 108 54 14 126 16 36 12 23
internal_value=0.00022951 0.0184179 0.0228952 0.0266725 0.00300301 -0.0214091 0.0317888 -0.0360607 -0.0253174 -0.0317815 -0.0123012 0.0341632 -0.0347921 -0.0136526
internal_weight=206.824 138.101 127.908 116.172 20.93 8.92872 95.2416 68.7226 32.7024 28.5176 12.3884 88.4016 10.193 11.7364
internal_count=878 380 312 250 81 50 169 498 210 196 70 144 68 62
is_linear=0
shrinkage=0.03


Tree=15
num_leaves=15
num_cat=0
split_feature=1 1 0 6 5 7 8 1 0 7 1 5 1 0
split_gain=124.22 34.2512 16.7996 13.0539 9.68052 12.4228 9.48142 7.3489 6.95904 10.5928 5.69467 4.89058 7.55215 4.31321
threshold=7.5500000000000025 19.290000000000006 22.803750000000004 7.0500000000000016 12.782201290130617 29.550000000000004 34.750000000000007 10.050000000000004 24.812083333333341 20.150000000000006 14.470000000000004 1597.0859985351565 -7.7699999999999969 26.525833333333342
decision_type=2 2 2 2 2 2 2 2 2 2 2 2 2 2
left_child=4 2 7 8 5 -1 11 -2 9 -4 -10 -6 -13 -5
right_child=1 -3 3 13 6 -7 -8 -9 10 -11 -12 12 -14 -15
leaf_value=0.02460881580927517 0.0051209196452571704 -0.033582096986244536 -0.02266088507023831 0.010381636138068305 -0.044450773093331113 -0.038005404475388742 0.00078513958830270702 -0.039756199616390896 0.038493656759203465 0.023736240250746488 0.017783364202155309 -0.039889321974294144 0.0056216512125424438 -0.022340306487084235
leaf_weight=5.5187197402119619 9.7563162147998792 10.092886634171007 4.6982474923133877 8.4272199124097806 42.787398926913738 4.0765670910477638 5.7346669733524314 3.8121140152215949 56.401718847453594 20.992574885487556 18.506993532180786 6.3972848579287529 5.5055522769689542 4.9040227383375159
leaf_count=15 38 68 28 28 347 32 26 29 74 48 48 51 25 28
internal_value=0.000836483 0.0173647 0.0216277 0.0253663 -0.0314293 -0.0030692 -0.0358095 -0.00935098 0.0290296 0.0147202 0.0336786 -0.0395919 -0.0200344 -0.00237437
internal_weight=207.612 137.592 127.499 113.931 70.0202 9.59529 60.4249 13.5684 100.6 25.6908 74.9087 54.6902 11.9028 13.3312
internal_count=885 389 321 254 496 47 449 67 198 76 122 423 76 56
is_linear=0
shrinkage=0.03


Tree=16
num_leaves=15
num_cat=0
split_feature=0 1 4 1 4 4 2 7 0 7 1 4 6 7
split_gain=116.758 33.4547 32.0424 13.0049 11.2753 14.3951 7.77579 14.5894 6.73017 19.516 6.00768 4.19757 4.15945 3.92105
threshold=22.803750000000004 19.290000000000006 60.396975986830363 1.4700000000000033 71.204038961733403 62.951702854011863 27.340000000000007 20.550000000000004 24.843333333333337 22.550000000000004 15.610000000000005 83.515919871765618 6.2500000000000009 14.900000000000002
decision_type=2 2 2 2 2 2 2 2 2 2 2 2 2 2
left_child=3 2 13 -1 5 -5 -7 -8 9 -4 -10 -6 -3 -2
right_child=1 12 8 4 11 6 7 -9 10 -11 -12 -13 -14 -15
leaf_value=-0.043621004341389963 -0.043956621632025059 -0.043530270243088864 -0.030154152234902205 -0.039025235375194332 -0.038776849530612806 0.042471438998002604 0.023809513597832795 -0.03938721935753086 0.034458023652742364 0.026315735477889454 0.010945236628772337 -0.00033413293806303134 -0.00086111874325514842 -0.0014663863300607455
leaf_weight=35.545460306107998 5.8244740068912488 7.5375812798738462 6.4099002480506924 6.0572624579072025 18.160331614315513 4.2148334532976142 7.262691378593443 4.4616457968950272 62.173676840960979 21.211721688508987 12.98613554984331 2.9700259044766417 2.7623431161046028 2.8385191187262535
leaf_count=292 45 58 41 49 133 5 20 35 97 43 39 14 12 13
internal_value=-0.00198725 0.0163796 0.021214 -0.0302586 -0.0185063 -0.00314476 0.0119896 -0.00144513 0.0259295 0.0126156 0.0305925 -0.0336327 -0.0331757 -0.0316268
internal_weight=200.417 121.744 111.444 78.6723 43.1268 21.9964 15.9392 11.7243 102.781 27.6216 75.1598 21.1304 10.2999 8.66299
internal_count=896 348 278 548 256 109 60 55 220 84 136 147 70 58
is_linear=0
shrinkage=0.03


Tree=17
num_leaves=15
num_cat=0
split_feature=3 7 2 3 7 7 6 0 0 1 7 1 1 6
split_gain=155.743 34.8529 12.4816 14.0267 11.1678 9.75771 14.4458 9.68039 7.1886 3.74843 1.85163 1.38885 8.63516 1.54108
threshold=3.1366698429303415 34.150000000000013 34.970000000000006 3.0714946912363077 48.650000000000013 13.450000000000001 7.1500000000000012 22.93458333333334 23.647500000000008 12.440000000000007 27.550000000000004 2.0600000000000041 3.2300000000000062 5.4500000000000011
decision_type=2 2 2 2 2 2 2 2 2 2 2 2 2 2
left_child=2 7 11 5 8 -4 -7 10 -3 -9 -2 -1 -13 -14
right_child=1 4 3 -5 -6 6 -8 9 -10 -11 -12 12 13 -15
leaf_value=-0.042773972937976204 0.012256031004656892 0.022262278478961794 -0.042958168965128295 0.021781330482534729 -0.041900530155834545 -0.041231906018493802 0.019264191763082607 0.040652811975848614 -0.022210227868118496 0.025962614266356682 -0.011714768831853644 0.0016421653515036113 -0.019708003301041291 -0.044925906373162725
leaf_weight=33.225508339703083 6.2974655926227552 7.0347241908311862 11.582622498273855 6.970790520310401 6.67501276731491 4.934080667793749 7.8959608823060989 44.394499756395817 4.543736144900322 38.103558160364628 3.8508242070674896 6.075162902474406 5.4578775167465237 13.366022847592829
leaf_count=278 21 18 93 17 53 38 25 48 26 77 20 30 33 105
internal_value=-0.000187778 0.02348 -0.0294475 -0.0135937 -0.0138076 -0.0241544 -0.00530005 0.0308956 0.00443167 0.03426 0.00292526 -0.0376328 -0.0293856 -0.0389771
internal_weight=200.408 110.9 89.508 31.3835 18.2535 24.4127 12.83 92.6463 11.5785 82.4981 10.1483 58.1246 24.8991 18.8239
internal_count=882 263 619 173 97 156 63 166 44 125 41 446 168 138
is_linear=0
shrinkage=0.03


Tree=18
num_leaves=15
num_cat=0
split_feature=3 0 4 7 8 5 7 0 3 3 3 8 0 0
split_gain=126.091 34.3309 16.5132 13.6648 8.73387 9.69898 7.89047 5.33535 5.5581 9.28465 5.15163 5.12097 3.31062 2.90998
threshold=3.1354791688768633 22.93458333333334 71.245642881350577 33.45000000000001 34.750000000000007 12.782201290130617 27.350000000000005 26.418750000000006 2.5169938541005239 2.4356632402816483 3.057091469495167 30.250000000000004 24.774583333333339 26.071250000000006
decision_type=2 2 2 2 2 2 2 2 2 2 2 2 2 2
left_child=4 2 -2 11 5 6 -1 8 9 -7 12 13 -6 -3
right_child=1 3 -4 -5 10 7 -8 -9 -10 -11 -12 -13 -14 -15
leaf_value=0.016581112707030665 0.016170878576370902 0.040646757375323639 -0.044753442404211731 -0.0041083080676264311 -0.036882293048863153 -0.038499919702024356 -0.034970292360287134 -0.0090898440602607267 -0.043802502444361943 0.012721385662142995 0.012672089761570826 0.017739588886134691 0.0030065703462872477 0.022118415233776393
leaf_weight=6.0325479432940465 6.0084351673722258 42.149222157895565 8.9606759175658208 10.773494929075239 4.0014132633805257 6.8245130777358991 3.3196561485528946 6.5932809412479392 47.37614867836237 4.7137084305286407 6.5046353042125702 21.373869940638542 2.768339067697525 14.521474517881868
leaf_count=19 19 44 69 48 32 57 27 33 395 19 22 53 12 32
internal_value=-0.00215519 0.0201673 -0.0208178 0.0272297 -0.0283736 -0.0323099 -0.003328 -0.0363353 -0.0391818 -0.0182288 -0.00546674 0.031553 -0.0222831 0.0363649
internal_weight=191.921 103.787 14.9691 88.8181 88.1342 74.8599 9.3522 65.5077 58.9144 11.5382 13.2744 78.0446 6.76975 56.6707
internal_count=881 265 88 177 616 550 46 504 471 76 66 129 44 76
is_linear=0
shrinkage=0.03


Tree=19
num_leaves=15
num_cat=0
split_feature=0 1 2 1 8 6 8 5 5 4 1 2 6 4
split_gain=101.795 32.1864 22.333 8.97348 9.4584 7.32142 5.91404 7.69161 6.83684 9.08213 7.67504 3.93626 3.74783 3.66061
threshold=22.867916666666673 19.290000000000006 39.600000000000016 2.2500000000000022 27.650000000000006 5.5500000000000016 30.250000000000004 224.06324768066409 208.27097320556643 72.105973561488909 11.070000000000006 31.140000000000004 6.4500000000000011 71.723370201866956
decision_type=2 2 2 2 2 2 2 2 2 2 2 2 2 2
left_child=3 2 6 -1 -5 11 8 -8 -2 10 -10 -6 -3 -7
right_child=1 12 -4 4 5 13 7 -9 9 -11 -12 -13 -14 -15
leaf_value=-0.03838823084893498 0.034020630059078044 -0.043269326255742036 -0.028653433741941247 -0.034676038219622042 -0.040679756287244961 0.017848851400690244 -0.0060222519521337618 0.023746276365555014 0.012007739672268203 0.031156795765848566 -0.040712052172016573 0.0023138201875500188 -0.0021413354269402421 -0.012485446835859183
leaf_weight=38.550826691091061 54.97618679702282 7.3296083286404592 6.9297191128134719 14.806510411202906 4.6784173175692585 10.089158989489077 11.945141762495043 19.86699016392231 5.2557376995682734 8.9573670104145986 3.2174077183008194 2.7377360090613365 2.7638261616230011 4.4449022933840743
leaf_count=321 82 57 46 111 36 34 49 48 17 13 25 12 12 26
internal_value=-0.00110822 0.0158691 0.0205829 -0.0282907 -0.0169641 -0.00402617 0.0240979 0.0127256 0.028853 0.0115926 -0.0101954 -0.0264192 -0.0332157 0.00836528
internal_weight=196.55 121.242 111.149 75.3076 36.7567 21.9502 104.219 31.8121 72.4067 17.4305 8.47315 7.41615 10.0934 14.5341
internal_count=889 349 280 540 219 108 234 97 137 55 42 48 69 60
is_linear=0
shrinkage=0.03


Tree=20
num_leaves=15
num_cat=0
split_feature=3 6 5 7 1 7 8 8 6 4 1 6 8 3
split_gain=93.3423 38.0978 21.8777 14.5605 9.76637 9.12839 9.01175 10.7107 7.24965 5.52745 13.3911 5.83611 4.15899 3.48507
threshold=3.057091469495167 5.3500000000000014 8.7914719581604022 31.900000000000002 7.4200000000000044 49.550000000000011 28.550000000000004 31.350000000000005 7.3500000000000014 60.49780147805604 9.4600000000000026 6.6500000000000012 31.950000000000006 3.333697093510787
decision_type=2 2 2 2 2 2 2 2 2 2 2 2 2 2
left_child=2 6 8 4 -3 -5 -2 -8 -1 10 11 -4 -6 -9
right_child=1 3 9 5 12 -7 7 13 -10 -11 -12 -13 -14 -15
leaf_value=-0.014743777146062068 -0.041805499671528489 -0.005613319310266659 0.0015467896035840335 0.010929630117495323 0.035574003651534701 -0.038128240808523201 0.018861986785097241 -0.041943836767506071 0.029770529383788963 -0.042454822710174589 0.012183023337370889 -0.041136733583849464 0.018414466423658744 -0.00061141518776829584
leaf_weight=5.116723030805586 8.037522070109846 6.6879340037703505 3.3461476638913217 10.510288730263708 58.651215575635433 3.8647811934351912 8.1325902938842756 4.5509735718369475 6.3712548315525055 33.121710635721684 6.9218028113245955 17.065865188837051 20.882796958088875 2.7881320342421532
leaf_count=32 65 34 19 36 81 31 21 35 13 284 26 145 54 13
internal_value=0.000112386 0.0158381 -0.0268606 0.0238408 0.0284543 -0.00388176 -0.0179812 -0.00381785 0.010351 -0.033985 -0.0225856 -0.0343942 0.0313531 -0.0281979
internal_weight=196.05 124.106 71.9435 100.597 86.2219 14.3751 23.5092 15.4717 11.488 60.4555 27.3338 20.412 79.534 7.33911
internal_count=889 370 519 236 169 67 134 69 45 474 190 164 135 48
is_linear=0
shrinkage=0.03


Tree=21
num_leaves=15
num_cat=0
split_feature=1 1 0 5 4 5 6 8 5 4 1 0 5 1
split_gain=100.037 33.013 14.9995 11.6735 9.45092 8.99739 13.396 5.15334 8.63819 12.1748 4.30229 4.1643 8.2795 7.45878
threshold=8.480000000000004 19.290000000000006 22.867916666666673 26.313563346862797 77.181713454488587 1597.0859985351565 6.4500000000000011 29.950000000000006 208.27097320556643 72.105973561488909 10.050000000000004 26.418750000000006 706.39361572265636 12.020000000000005
decision_type=2 2 2 2 2 2 2 2 2 2 2 2 2 2
left_child=3 2 10 4 -1 -5 -7 8 -4 -10 -2 12 13 -9
right_child=1 -3 7 5 -6 6 -8 11 9 -11 -12 -13 -14 -15
leaf_value=0.017148340742136007 0.0029691291025192514 -0.032374006131422266 0.034828374763028594 -0.039209991034785126 -0.034418376971651135 0.019999662154839271 -0.037280618854237536 0.012638292205697227 -0.018929013150034191 0.031376487390854975 -0.03661257762375273 0.024419398668475915 0.02683852887279977 -0.033723612807121529
leaf_weight=8.4216436743736249 5.3471815735101682 10.077597811818121 58.67075327783823 42.796521387994289 3.8430734649300566 6.3018279448151571 6.506021186709404 5.2307067140936869 6.9923949316143981 8.5945542976260167 3.3875926360487938 20.314960658550262 7.5642161294817916 5.5151056200265884
leaf_count=30 23 70 86 365 33 23 56 15 39 12 27 45 15 34
internal_value=0.00239709 0.0176114 0.0219836 -0.0269523 -0.000386376 -0.0327016 -0.00968978 0.0249149 0.0296048 0.0090285 -0.0145659 0.0153787 0.00460297 -0.0120015
internal_weight=199.564 131.695 121.617 67.8691 12.2647 55.6044 12.8078 112.883 74.2577 15.5869 8.73477 38.625 18.31 10.7458
internal_count=873 366 296 507 63 444 79 246 137 51 50 109 64 49
is_linear=0
shrinkage=0.03


Tree=22
num_leaves=15
num_cat=0
split_feature=1 1 3 4 8 3 2 6 6 2 7 3 8 1
split_gain=108.284 32.6229 29.2794 12.8863 8.1734 5.41129 5.18869 4.86504 3.72892 1.47847 9.8091 2.88399 1.36548 1.0576
threshold=8.480000000000004 19.290000000000006 3.1684325739949211 63.541786969414048 38.45000000000001 3.1366698429303415 33.330000000000005 6.9500000000000011 6.4500000000000011 32.730000000000011 16.250000000000004 3.2016181948837201 30.250000000000004 4.5800000000000018
decision_type=2 2 2 2 2 2 2 2 2 2 2 2 2 2
left_child=9 2 3 7 5 -5 -4 -2 -3 11 -11 -1 -8 -12
right_child=1 8 6 4 -6 -7 12 -9 -10 10 13 -13 -14 -15
leaf_value=-0.037850642395240289 -0.0080639434273701519 -0.042045454836862048 0.013241110160871766 -0.045480828395945347 0.012709078505598102 -0.0018144661046375107 0.03819174808600094 0.023193846534226965 -0.0014640856149666164 -0.039488969117425068 0.0097464176263202425 -0.0082323102706279017 0.024223369186830473 -0.0094135879440740856
leaf_weight=40.127127461135387 5.7549015283584621 7.7743236571550351 13.701345823705195 8.0870474278926832 4.229850433766841 3.6720105260610572 45.530804291367531 14.229651175439356 2.750724770128727 11.781311236321928 5.0856268033385259 3.8802688643336287 16.048248365521431 3.5398446395993233
leaf_count=345 29 62 40 63 14 13 51 38 12 103 23 22 32 19
internal_value=-0.000701057 0.015913 0.0207404 -0.00152904 -0.0209135 -0.033056 0.0312626 0.0142373 -0.0324868 -0.0318739 -0.0228032 -0.03548 0.0349967 0.00172218
internal_weight=186.193 121.779 111.254 35.9735 15.9889 11.7591 75.2804 19.9846 10.525 64.4142 20.4068 44.0074 61.5791 8.62547
internal_count=866 354 280 157 90 76 123 67 74 512 145 367 83 42
is_linear=0
shrinkage=0.03


Tree=23
num_leaves=15
num_cat=0
split_feature=3 7 6 3 7 1 1 1 3 1 8 0 1 3
split_gain=89.7831 33.6761 15.8409 10.3957 12.5847 6.86966 15.4292 6.09252 4.96009 5.53277 4.55998 5.15082 4.38732 5.243
threshold=3.057091469495167 48.650000000000013 5.3500000000000014 2.7024476192268243 12.450000000000001 16.230000000000008 12.200000000000006 17.540000000000006 3.1894620129180069 2.2500000000000022 30.250000000000004 27.308750000000003 10.770000000000001 2.6414535547729767
decision_type=2 2 2 2 2 2 2 2 2 2 2 2 2 2
left_child=3 2 5 4 -1 6 -2 -5 9 -4 -10 -12 13 -6
right_child=1 -3 8 7 12 -7 -8 -9 10 -11 11 -13 -14 -15
leaf_value=-0.03803528913425637 -0.026816830909694951 -0.040230416279997974 -0.027572484375886459 -0.038424434321194946 -0.019272540945974019 -0.03669227487624268 0.031239078885364056 0.0074812297465767863 0.035386492864088369 0.01840468670384246 -0.0011339867241581575 0.030977028003725857 0.027143842493451829 0.020841184692662561
leaf_weight=8.2274738103151339 6.6081066206097629 7.8880465626716605 1.6621171161532391 39.40960156917572 7.0572350323200208 3.6336725428700438 8.0190903395414335 2.4635205566883078 46.197931692004204 32.310083173215389 8.4645466729998606 8.4270072281360608 4.7483758181333533 3.6459233015775681
leaf_count=73 43 67 14 337 51 29 12 10 62 89 31 14 10 11
internal_value=0.00137568 0.0164338 0.0206221 -0.0267489 -0.0102676 -0.00479196 0.00497356 -0.0356122 0.0254036 0.0154311 0.0304489 0.0157218 0.00593113 -0.00499496
internal_weight=188.763 123.211 115.323 65.5521 23.679 18.2609 14.6272 41.8731 97.0617 33.9722 63.0895 16.8916 15.4515 10.7032
internal_count=853 361 294 492 145 84 55 347 210 103 107 45 72 62
is_linear=0
shrinkage=0.03


Tree=24
num_leaves=15
num_cat=0
split_feature=3 6 5 7 5 3 3 3 5 0 5 8 3 7
split_gain=101.752 38.0745 15.6137 11.1498 7.82567 7.10754 6.0971 10.9972 5.10692 7.35232 9.10788 3.83699 3.59388 14.8859
threshold=3.0714946912363077 5.3500000000000014 8.7914719581604022 33.45000000000001 979.66671752929699 3.1894620129180069 3.2727737905361018 3.3123461309640243 69.747497558593764 26.418750000000006 892.88262939453136 34.650000000000013 2.5169938541005239 21.750000000000004
decision_type=2 2 2 2 2 2 2 2 2 2 2 2 2 2
left_child=2 6 -1 5 -5 8 -2 -8 -3 10 -10 -9 13 -4
right_child=1 3 12 4 -6 -7 7 11 9 -11 -12 -13 -14 -15
leaf_value=0.0066319663702654992 -0.041639764925072639 -0.016153635933690274 -0.037819215641149463 -0.019440745717909259 0.02416628502315489 0.033480415551823357 0.022553594228778999 -0.041267938240407677 -0.020307433674228798 0.03494282673182364 0.030552788107120574 0.0012854094094369741 -0.038432328195724542 0.029966770972965191
leaf_weight=9.3545552641153318 6.5648491531610516 3.5291348099708584 8.3017591610550863 7.8534654602408391 5.3701448440551758 64.278200574219227 5.6189998313784582 5.3176732137799263 6.5027198791503924 11.645991891622542 4.4876332134008408 2.6471689492464066 45.333330914378166 3.3776458427309981
leaf_count=39 53 18 74 45 15 94 12 44 36 16 8 12 398 9
internal_value=0.00103052 0.0170623 -0.0286879 0.0243762 -0.00127782 0.0281 -0.0199419 -0.00731954 0.0141366 0.0193426 0.00127615 -0.0285593 -0.0344976 -0.0173984
internal_weight=190.183 123.816 66.3673 103.667 13.2236 90.4437 20.1487 13.5838 26.1655 22.6363 10.9904 7.96484 57.0127 11.6794
internal_count=873 353 520 232 60 172 121 68 78 60 44 56 481 83
is_linear=0
shrinkage=0.03


Tree=25
num_leaves=15
num_cat=0
split_feature=3 7 0 5 5 0 1 5 3 5 5 5 0 8
split_gain=102.121 25.3749 16.5251 14.8268 13.941 8.57245 8.24565 7.82817 12.0935 4.2595 7.75762 3.44161 3.71082 3.30765
threshold=3.0714946912363077 36.150000000000013 22.93458333333334 5.4549217224121103 822.93087768554699 27.143333333333342 15.610000000000005 500.79193115234381 3.2816181852743003 909.61682128906261 120.49271774291994 2474.693237304688 3.5666666666666704 35.550000000000004
decision_type=2 2 2 2 2 2 2 2 2 2 2 2 2 2
left_child=3 2 9 -1 13 11 -4 8 -8 10 -2 -5 -13 -3
right_child=1 4 6 5 -6 -7 7 -9 -10 -11 -12 12 -14 -15
leaf_value=0.0099247666435618078 0.010329817155779167 -0.043540917658070749 0.032571700854078504 -0.041020000656935854 0.01482552687704969 -0.00098106066373738815 0.016429224228824937 0.030154263212937994 -0.04550848942220128 0.01636381491667634 -0.03949191478596973 -0.031169580746485563 0.011613007456802535 -0.0062471427484131169
leaf_weight=7.1595399528741828 4.5322160720825178 8.1617713570594805 66.096931323409081 47.616552859544754 8.2226360589265806 6.2085327804088584 6.3168468773365039 7.4572789818048468 3.6795481145381927 3.9413003996014586 5.2099576592445374 3.1468938887119284 2.5325200110673904 3.2837196588516226
leaf_count=30 17 69 100 436 29 30 16 11 29 12 42 29 12 17
internal_value=-0.000308943 0.0165523 0.0228077 -0.0296845 -0.0139801 -0.0345356 0.0277672 0.00879359 -0.0084345 -0.0073033 -0.0175101 -0.0383543 -0.0132098 -0.034203
internal_weight=183.566 116.902 97.2341 66.664 19.6681 59.5045 83.5506 17.4537 9.99639 13.6835 9.74217 53.296 5.67941 11.4455
internal_count=879 342 227 537 115 507 156 56 45 71 59 477 41 86
is_linear=0
shrinkage=0.03


Tree=26
num_leaves=15
num_cat=0
split_feature=3 6 0 2 8 8 5 8 7 8 3 7 3 5
split_gain=98.1641 29.351 11.9176 12.9293 9.40743 11.9021 8.35306 9.28376 7.47121 5.13454 4.93912 12.9046 3.76893 2.9135
threshold=3.076487356656846 5.3500000000000014 20.900833333333342 26.630000000000006 28.450000000000006 31.450000000000006 8.7914719581604022 35.70000000000001 33.850000000000009 31.950000000000006 2.5169938541005239 21.750000000000004 3.3384186381835619 69.747497558593764
decision_type=2 2 2 2 2 2 2 2 2 2 2 2 2 2
left_child=6 4 3 -3 -2 -6 8 10 -1 13 11 -8 -7 -4
right_child=1 2 9 -5 5 12 7 -9 -10 -11 -12 -13 -14 -15
leaf_value=0.018994555776182878 -0.038769605983290829 0.019994128236084485 0.020672008710983611 -0.038058541881698313 0.023256334367876011 -0.039965320860008813 -0.03662809776797913 0.0053765663709555911 -0.032632806272821661 0.014364131479099675 -0.040344202374586455 0.026355915306643253 0.0028334125227401229 0.036418374590462717
leaf_weight=5.8244143053889257 7.0834792703390148 7.9597595259547216 19.700223676860332 4.6225268095731735 8.736274413764475 4.5245835334062567 7.4867858812212926 5.3079723715782157 3.0022392868995667 21.004714228212833 39.634410016238689 3.6042407751083374 2.597236379981041 50.094837471842766
leaf_count=18 61 27 43 38 19 36 69 24 26 59 371 11 12 63
internal_value=0.00247913 0.0178473 0.0246205 -0.0025653 -0.0124287 0.00093906 -0.0272689 -0.031472 -9.94826e-05 0.0283746 -0.0353572 -0.0156733 -0.0259301 0.0323286
internal_weight=191.184 126.324 103.382 12.5823 22.9416 15.8581 64.8601 56.0334 8.82665 90.7998 50.7254 11.091 7.12182 69.7951
internal_count=877 358 230 65 128 67 519 475 44 165 451 80 48 106
is_linear=0
shrinkage=0.03


Tree=27
num_leaves=14
num_cat=0
split_feature=3 6 7 7 0 1 1 1 3 7 8 7 3
split_gain=116.301 30.2681 12.4933 9.81392 7.20169 16.8661 6.33257 5.08837 9.26712 4.53365 4.28254 3.14393 0.769454
threshold=3.057091469495167 5.3500000000000014 33.45000000000001 49.550000000000011 23.02791666666667 13.310000000000004 7.4200000000000044 5.8300000000000036 2.661772263390878 9.7500000000000018 31.750000000000004 16.450000000000006 3.1816206352315439
decision_type=2 2 2 2 2 2 2 2 2 2 2 2 2
left_child=7 4 6 -4 -2 -6 -3 -1 -9 -10 12 -12 -8
right_child=1 2 3 -5 5 -7 10 8 9 -11 11 -13 -14
leaf_value=-0.039136620301358463 -0.038311337717905444 -0.0014029029133874795 0.013569112072868641 -0.037479701583918106 0.02319817702187723 -0.039257950246240986 0.024508744815297537 0.0089859393124018909 -0.0016264271154187993 -0.041271271407826389 -0.0010904007952667848 0.023789867656580449 0.036520725759564325
leaf_weight=39.272688582539558 6.697401903569701 6.1417960524559012 9.8432055711746198 3.9354680031538001 8.6573761850595456 5.5206888541579238 16.030633568763733 6.7042145729064968 3.4512059018015853 10.624382540583609 5.9920899718999889 17.185166656970978 48.488049559295177
leaf_count=383 57 31 32 33 18 47 32 27 20 89 21 38 58
internal_value=0.00148312 0.0175688 0.0239547 -0.00256093 -0.0149415 -0.00210536 0.027834 -0.0326588 -0.0191812 -0.0323034 0.0298744 0.0175784 0.0339558
internal_weight=188.544 128.492 107.616 13.7787 20.8755 14.1781 93.8377 60.0525 20.7798 14.0756 87.6959 23.1773 64.5187
internal_count=886 367 245 65 122 65 180 519 136 109 149 59 90
is_linear=0
shrinkage=0.03


Tree=28
num_leaves=15
num_cat=0
split_feature=3 7 5 6 5 3 2 2 2 3 2 8 8 8
split_gain=79.5968 33.8954 17.5609 9.472 8.6983 7.76174 6.43082 5.83466 4.19973 3.83123 4.90881 17.3553 3.20811 1.47919
threshold=3.057091469495167 33.45000000000001 8.7914719581604022 5.3500000000000014 128.10610198974612 2.7521867717644852 41.650000000000013 30.660000000000004 33.070000000000014 3.1843677074975862 33.990000000000009 36.70000000000001 35.70000000000001 29.150000000000006
decision_type=2 2 2 2 2 2 2 2 2 2 2 2 2 2
left_child=2 3 5 4 -2 -1 12 -3 -9 10 11 -5 -4 -11
right_child=1 7 6 9 -6 -7 -8 8 -10 13 -12 -13 -14 -15
leaf_value=0.034861665580344516 0.018572542578265381 -0.039399105481844832 -0.039646313954058321 -0.040553292067723998 -0.02671893275494935 -0.014550037523789376 0.0082476253030502687 0.0093622940055070394 -0.024418425040412826 0.034029142731564599 0.023368181583852069 0.035083798544271301 -0.010176133339491484 0.02059621170444962
leaf_weight=4.2587717548012716 7.5174384713172895 7.9844248965382603 44.458318144083023 4.4357217848300952 5.9194692596793175 5.4056112691760063 2.6204983144998542 6.3772060424089414 5.1228611692786217 35.624657578766346 20.545928731560707 4.4905740320682526 4.4760454148054114 17.510787546634674
leaf_count=6 20 70 430 36 40 36 13 24 33 48 43 7 28 38
internal_value=-0.000539316 0.014092 -0.0279333 0.0213979 -0.00184876 0.00845128 -0.034785 -0.0212073 -0.00643541 0.0251561 0.0156104 -0.00280127 -0.0372084 0.0300646
internal_weight=176.748 115.529 61.2192 96.0446 13.4369 9.66438 51.5549 19.4845 11.5001 82.6077 29.4722 8.9263 48.9344 53.1354
internal_count=872 359 513 232 60 42 471 127 57 172 86 43 458 86
is_linear=0
shrinkage=0.03


Tree=29
num_leaves=15
num_cat=0
split_feature=3 6 5 1 3 5 4 1 3 2 5 1 3 5
split_gain=75.9309 26.4392 22.3798 16.2064 9.67099 7.17819 7.1357 8.86453 5.25997 4.92025 4.1128 3.5073 2.68754 2.30434
threshold=3.057091469495167 5.3500000000000014 8.7914719581604022 7.4200000000000044 3.0872019983601215 2.8573021888732915 75.09846144934474 16.050000000000008 2.661772263390878 41.650000000000013 2474.693237304688 15.800000000000004 3.1913028473442742 327.95318603515631
decision_type=2 2 2 2 2 2 2 2 2 2 2 2 2 2
left_child=2 6 8 4 -3 -5 -2 -8 -1 10 -4 12 -7 -13
right_child=1 3 9 5 -6 11 7 -9 -10 -11 -12 13 -14 -15
leaf_value=0.036259672083821359 -0.040059356161691873 0.018202901224540387 -0.039297926168130479 -0.015112835781997593 -0.03782430433343964 0.019476145932019101 0.014211731618540896 -0.034758350702074219 -0.0038295026356122536 0.0017704775758612718 -0.0082376596536354613 0.0049915635532493058 0.035391022924339002 0.025759877908369033
leaf_weight=3.908112168312071 6.2339673563838032 4.0912941843271238 42.678471401333809 3.0831001773476592 5.37859046459198 17.844920560717583 8.8077880367636663 4.0406381189823142 6.9486294835805893 3.1549443677067748 4.8752965331077567 10.515580192208292 44.663302354514599 8.9106031879782659
leaf_count=4 52 15 421 15 46 44 30 36 39 18 36 34 58 16
internal_value=0.000851517 0.0153616 -0.0257329 0.0218414 -0.0141921 0.0259734 -0.0162135 -0.00258648 0.0124425 -0.0339888 -0.0363488 0.027683 0.0312258 0.0153125
internal_weight=175.135 113.57 61.5655 94.4874 9.46988 85.0175 19.0824 12.8484 10.8567 50.7087 47.5538 81.9344 62.5082 19.4262
internal_count=864 346 518 228 61 167 118 66 43 475 457 152 102 50
is_linear=0
shrinkage=0.03


Tree=30
num_leaves=15
num_cat=0
split_feature=1 1 5 7 7 5 8 1 4 1 5 7 5 4
split_gain=71.0916 19.6391 11.0605 9.03225 9.77541 6.32934 5.65938 9.07966 7.5692 3.64368 3.58384 6.10638 5.02882 3.39925
threshold=5.8300000000000036 19.290000000000006 5.4549217224121103 32.650000000000013 11.650000000000004 706.39361572265636 29.950000000000006 12.200000000000006 74.734951723723057 13.420000000000007 208.27097320556643 20.450000000000006 360.66529846191412 64.402767826102078
decision_type=2 2 2 2 2 2 2 2 2 2 2 2 2 2
left_child=2 3 -1 4 13 -5 10 8 -8 -9 -6 12 -12 -2
right_child=1 -3 -4 5 6 -7 7 9 -10 -11 11 -13 -14 -15
leaf_value=0.0058095936180536508 -0.02486148378543715 -0.029558044211165375 -0.038441442980478177 -0.029691631189505217 0.029403535537893891 0.011319461238780632 -0.040240042226144468 0.028694339187642637 0.013115983285572414 0.0037701188646375988 0.010553995499014049 0.025190190825112386 -0.034296160906260621 0.010899009618253666
leaf_weight=5.5302676782011977 5.6418039649724943 9.2247448265552503 39.7880864366889 5.9948551505804044 44.163658447563648 5.7869607359170914 4.4136489257216471 11.965433672070505 3.607839323580265 9.4842459037899953 4.8957533836364773 12.704914920032023 2.7052561789751053 3.0194403901696205
leaf_count=27 38 68 406 39 80 21 36 21 11 34 17 27 24 10
internal_value=-0.00130597 0.0104976 -0.0330326 0.0139562 0.0168065 -0.0102383 0.0196175 0.00834075 -0.0174482 0.0183326 0.0245663 0.0131596 -0.00754008 -0.0125571
internal_weight=168.927 123.609 45.3184 114.384 102.602 11.7818 93.9408 29.4712 8.02149 21.4497 64.4696 20.3059 7.60101 8.66124
internal_count=859 426 433 358 298 60 250 102 47 55 148 68 41 48
is_linear=0
shrinkage=0.03


Tree=31
num_leaves=15
num_cat=0
split_feature=1 1 3 6 5 2 2 6 7 6 4 3 2 6
split_gain=61.405 21.7186 23.7287 14.741 9.29559 6.43209 5.45206 4.04089 12.5066 6.99913 6.8196 3.72895 4.16497 3.19884
threshold=5.8300000000000036 19.290000000000006 3.057091469495167 7.0500000000000016 6.7396569252014169 30.460000000000001 38.72000000000002 6.4500000000000011 28.650000000000006 5.7500000000000009 69.616979873458831 3.1894620129180069 33.990000000000009 6.5500000000000016
decision_type=2 2 2 2 2 2 2 2 2 2 2 2 2 2
left_child=7 2 3 -2 -4 -6 -5 8 9 -1 -11 12 -7 -3
right_child=1 13 4 6 5 11 -8 -9 -10 10 -12 -13 -14 -15
leaf_value=-0.031034627841771984 -0.038853962588176971 -0.039068924827717073 -0.013645775337757926 0.021508094075219201 -0.00037477950774253253 -0.0047176301313481784 -0.014337979847944127 -0.037409734103988478 -0.037117418455753302 0.037884420053503447 -0.008732060624020101 0.03222205310605776 0.023397396934743745 -0.00043070541899138491
leaf_weight=3.0156951770186451 9.1532162129879016 7.0061418414115888 5.4428351223468772 8.9060053080320341 8.2128396928310377 5.8574465140700367 5.3395029529929152 22.098517917096615 14.23549649864435 4.7375355511903745 4.9657859578728676 51.394128412008286 18.659695632755756 2.5698920413851738
leaf_count=29 81 61 25 26 38 27 36 229 145 12 39 77 38 11
internal_value=0.000283237 0.0116386 0.0153746 -0.0111616 0.0223538 0.0248159 0.00801309 -0.0277499 -0.0187754 0.0029626 0.015441 0.0275107 0.0167587 -0.0297209
internal_weight=171.595 122.542 112.966 23.3987 89.5669 84.1241 14.2455 49.053 26.9545 12.719 9.70332 75.9113 24.5171 9.57603
internal_count=874 420 348 143 205 180 62 454 225 80 51 142 65 72
is_linear=0
shrinkage=0.03


Tree=32
num_leaves=15
num_cat=0
split_feature=3 7 6 3 1 5 2 2 5 8 5 7 3 3
split_gain=89.3741 26.2777 17.507 10.6146 6.40958 4.57227 5.24896 4.06927 13.6096 6.88405 3.84439 3.65489 1.71625 3.05805
threshold=3.057091469495167 48.650000000000013 5.3500000000000014 3.2727737905361018 12.440000000000007 8.7914719581604022 41.650000000000013 33.330000000000005 298.41795349121099 26.350000000000005 239.35860443115237 33.45000000000001 2.4448084222322017 2.4088672691333621
decision_type=2 2 2 2 2 2 2 2 2 2 2 2 2 2
left_child=5 2 3 -2 -5 11 12 8 9 -4 -9 -1 13 -7
right_child=1 -3 7 4 -6 6 -8 10 -10 -11 -12 -13 -14 -15
leaf_value=0.0097095359040901257 -0.038536228873487233 -0.037502212655388334 0.0049464675945145456 0.026355247000157737 -0.012838563283059141 -0.031131978229562322 0.0036319457998662125 0.03140513446209927 0.02837792983662258 -0.045197836971330237 0.012610007377541772 -0.029795306857710906 -0.038595654948133939 0.0076092205193127775
leaf_weight=4.4333032742142668 5.5887603834271458 7.0606085062026969 5.5475350245833415 6.7444202154874784 6.4264582544565201 3.862420141696929 3.0139384269714347 55.292933396995068 16.499321945011616 3.198288306593895 14.17384075373411 2.5086836665868759 39.395099006593227 2.4188491329550743
leaf_count=17 47 66 22 13 37 40 17 86 39 25 38 23 405 12
internal_value=0.000730257 0.0152307 0.0188109 -0.00734553 0.00767497 -0.0304004 -0.0336053 0.0240143 0.0129254 -0.0161471 0.0278036 -0.00652072 -0.0360876 -0.0172171
internal_weight=176.164 120.532 113.472 18.7596 13.1709 55.6323 48.6903 94.7119 25.2451 8.74582 69.4668 6.94199 45.6764 6.28127
internal_count=887 373 307 97 50 514 474 210 86 47 124 40 457 52
is_linear=0
shrinkage=0.03


Tree=33
num_leaves=15
num_cat=0
split_feature=3 1 0 6 1 5 3 3 0 8 5 3 8 5
split_gain=61.0208 18.8705 12.9621 15.5806 8.68508 7.83925 9.56078 15.3248 7.34499 6.43749 3.75058 2.98534 2.88589 2.15569
threshold=3.146726263835673 19.290000000000006 22.803750000000004 5.4500000000000011 2.0600000000000041 8.7914719581604022 3.0714946912363077 3.093732703574076 27.143333333333342 30.350000000000005 2474.693237304688 2.4448084222322017 34.850000000000009 28.288969039916996
decision_type=2 2 2 2 2 2 2 2 2 2 2 2 2 2
left_child=4 2 3 -2 10 -6 8 -8 11 13 -1 -7 -3 -4
right_child=1 12 9 -5 5 6 7 -9 -10 -11 -12 -13 -14 -15
leaf_value=-0.036475545749434971 -0.03774900473103459 -0.037011291731930136 0.014796639348472179 0.020406909349684511 0.015016270245879905 -0.0076938425801288263 0.025395970741951341 -0.031543324081870404 0.0034966864227287818 0.010074110843999335 -0.005382867365644332 -0.038420499320722439 0.00044053358558505425 0.034552490434336058
leaf_weight=22.883812375366691 6.0166475474834433 4.9983625560998908 8.004134461283682 9.1557279452681524 8.1327465847134572 4.0183057039976182 9.7099547162651998 6.0644038990139952 5.8863963261246672 17.255764447152615 4.5382222905755034 18.293802335858345 2.6449202597141266 45.022471062839031
leaf_count=254 53 45 20 27 29 28 23 43 29 48 35 179 12 58
internal_value=0.00091465 0.017315 0.0213951 -0.00356314 -0.0182608 -0.0107242 -0.0157129 0.00293036 -0.0258852 0.0267574 -0.0317003 -0.0334542 -0.0254997 0.0318995
internal_weight=172.626 93.098 85.4547 15.1724 79.5276 52.1056 43.9729 15.7744 28.1985 70.2824 27.422 22.3121 7.64328 53.0266
internal_count=883 263 206 80 620 331 302 66 236 126 289 207 57 78
is_linear=0
shrinkage=0.03


Tree=34
num_leaves=15
num_cat=0
split_feature=3 6 5 3 3 0 3 5 5 5 5 0 4 3
split_gain=57.9803 31.5996 11.7896 10.5537 13.652 10.2094 9.28209 7.6393 6.33359 3.05289 4.9644 2.95419 2.20616 1.77565
threshold=3.1354791688768633 5.3500000000000014 8.7914719581604022 3.057091469495167 3.093732703574076 27.143333333333342 2.7521867717644852 120.49271774291994 13.830234527587892 2474.693237304688 3101.300415039063 12.524583333333338 77.077790489491164 3.1913028473442742
decision_type=2 2 2 2 2 2 2 2 2 2 2 2 2 2
left_child=2 7 6 5 -5 9 -1 12 -3 -4 -11 -8 -2 -10
right_child=1 8 3 4 -6 -7 11 -9 13 10 -12 -13 -14 -15
leaf_value=0.035425266501036466 0.01232033870830933 0.0023452528175206371 -0.037491170309279981 0.015726166498321339 -0.039494132371889638 0.0084916892509595207 0.0040945593664812752 -0.040476961054526292 0.017841870031499216 0.019255054995591232 -0.030234143822109542 -0.034684188884183495 -0.015260723173874478 0.03057382056481547
leaf_weight=5.3832125738263112 4.7008165195584315 10.432134069502352 37.010442957282066 11.766685947775843 4.8898375779390326 5.261790230870246 3.2192198857665062 7.5909737497568122 18.713875502347946 2.174968570470809 3.550866924226284 2.4755139425396919 3.8148042261600494 53.58760479837656
leaf_count=7 15 36 403 42 43 24 20 68 48 10 37 20 26 87
internal_value=0.00193192 0.0169923 -0.017689 -0.022545 -0.00180347 -0.0295591 0.010172 -0.0205171 0.0244525 -0.0343311 -0.0113677 -0.0154255 -0.00034064 0.0275668
internal_weight=174.573 98.8402 75.7325 64.6546 16.6565 47.9981 11.0779 16.1066 82.7336 42.7363 5.72584 5.69473 8.51562 72.3015
internal_count=886 280 606 559 85 474 47 109 171 450 47 40 41 135
is_linear=0
shrinkage=0.03


Tree=35
num_leaves=15
num_cat=0
split_feature=1 1 5 5 6 2 6 8 2 7 5 4 2 4
split_gain=55.5182 19.5994 10.0711 10.21 10.9826 6.90645 6.2443 3.57626 3.04401 2.80601 4.60858 2.32622 5.56791 2.98899
threshold=7.4200000000000044 19.290000000000006 8.7914719581604022 1597.0859985351565 6.4500000000000011 30.460000000000001 5.5500000000000016 17.650000000000002 36.410000000000004 11.350000000000003 2.8573021888732915 74.426483059127875 33.370000000000012 76.163366100119546
decision_type=2 2 2 2 2 2 2 2 2 2 2 2 2 2
left_child=2 5 -1 -4 -5 6 -2 -7 -3 -9 -11 12 -12 -13
right_child=1 8 3 4 -6 7 -8 9 -10 10 11 13 -14 -15
leaf_value=0.0073991536252209769 -0.034543647448736753 -0.037709118785255992 -0.037225521451791803 0.021953771995284654 -0.032345419700727969 -0.010340106453082148 0.015133568728462296 0.0021666287293436383 0.00033756556868203659 -0.013151065307576178 -0.0098488513682161542 0.038713695335418082 0.02055238961193687 0.019595582004729752
leaf_weight=7.5561974942684165 3.6266577467322341 6.3706846535205823 33.711043037474155 6.0623086988925916 5.4017822220921516 3.2186198607087126 3.6512272134423256 8.2162107080221158 2.5227157101035118 2.8697577416896811 5.517849087715148 14.746946036815642 46.895456746220589 22.595823109149933
leaf_count=36 32 58 376 24 58 17 12 34 11 14 30 16 122 51
internal_value=0.00155543 0.0127973 -0.0238381 -0.0291101 -0.00417391 0.016274 -0.0108037 0.0182525 -0.0279735 0.0192577 0.0207344 0.0219508 0.0172274 0.0279582
internal_weight=172.963 120.232 52.7313 45.1751 11.4641 111.339 7.27788 104.061 8.8934 100.842 92.6258 89.7561 52.4133 37.3428
internal_count=891 397 494 458 82 328 44 284 69 267 233 219 152 67
is_linear=0
shrinkage=0.03


Tree=36
num_leaves=15
num_cat=0
split_feature=0 1 3 5 1 7 5 6 1 0 0 1 6 5
split_gain=50.6007 19.0672 20.4333 12.8159 12.7945 10.5775 9.32032 9.41342 7.15763 7.57581 5.91183 4.50595 3.37952 1.49124
threshold=22.803750000000004 19.290000000000006 3.1257837022888046 26.313563346862797 11.160000000000005 34.550000000000004 1073.302917480469 6.4500000000000011 10.430000000000005 26.418750000000006 27.402916666666673 14.650000000000002 6.3500000000000014 2112.9038085937505
decision_type=2 2 2 2 2 2 2 2 2 2 2 2 2 2
left_child=3 2 4 5 8 -1 -5 13 9 -2 -6 -4 -3 -8
right_child=1 12 11 6 10 -7 7 -9 -10 -11 -12 -13 -14 -15
leaf_value=0.020687110421882187 -0.033473392353751505 -0.037643739173559169 0.028625970784256924 -0.038087010580178937 -0.042362162525956579 -0.032370251541454405 -0.00093730414844271105 -0.033341584243728142 0.031304581909225512 0.020125019844610566 0.0069993255131014639 0.008193798417446033 0.0022170138794690868 0.021306321105409216
leaf_weight=9.8088027760386449 3.9406273588538188 6.2151721492409688 58.891897939145565 30.010597556829453 7.6437494307756406 3.9346947222948065 5.6959825009107607 7.3009603917598715 7.1229812949895859 3.648960679769516 2.5804021432995796 12.788054935634134 2.4604009985923767 4.0433482751250267
leaf_count=36 39 57 99 331 65 39 33 81 13 12 11 36 11 16
internal_value=0.000670564 0.013217 0.0170954 -0.0209214 -0.00611643 0.00433178 -0.0282344 -0.00973311 0.0116128 -0.00836118 -0.0303905 0.0251437 -0.0272784 0.00942135
internal_weight=166.087 105.292 96.6167 60.7944 24.9367 13.7435 47.0509 17.0403 14.7126 7.58959 10.2242 71.68 8.67557 9.73933
internal_count=879 343 275 536 140 75 461 130 64 51 76 135 68 49
is_linear=0
shrinkage=0.03


Tree=37
num_leaves=15
num_cat=0
split_feature=0 1 2 4 6 6 4 4 8 4 8 5 1 5
split_gain=52.8949 17.3691 10.9248 6.38586 9.0855 9.52781 6.51965 5.63779 5.58823 6.01678 4.90345 3.7905 3.65886 2.97064
threshold=22.867916666666673 19.290000000000006 39.600000000000016 70.45438374450201 6.4500000000000011 5.6500000000000012 68.555114593278773 60.773934429534073 31.350000000000005 68.952710263170417 27.550000000000004 5.8847219944000253 13.190000000000005 203.38523101806643
decision_type=2 2 2 2 2 2 2 2 2 2 2 2 2 2
left_child=3 2 8 4 5 -1 -6 -4 13 -10 -7 -5 -11 -2
right_child=1 -3 7 11 6 10 -8 -9 9 12 -12 -13 -14 -15
leaf_value=-0.0316730333402599 0.0275716121215227 -0.026577721219947469 -0.037733819424625357 -0.0050123958496061721 -0.03516646147270739 -0.0047594071419301345 0.0174171545923365 0.0091304831359740359 0.019524969469841794 0.0064852133609995992 0.035074489207964424 -0.038178764250458949 -0.027838929103528864 0.012879540716115257
leaf_weight=3.6686730533838299 47.360131949186325 8.4337301477789861 3.9348077476024619 3.9421011134982136 13.416650347411631 4.2939459308981878 1.8658081740140904 3.7514118105173111 11.146317459642889 4.855853393673895 5.9173090010881424 22.925318121910095 4.735105574131012 20.49956963211298
leaf_count=37 86 67 36 24 154 33 7 14 32 15 12 250 29 66
internal_value=3.99786e-05 0.0126015 0.0162712 -0.0232462 -0.0128476 0.00467435 -0.0280712 -0.0164429 0.0192612 0.00531225 0.0193935 -0.0336669 -0.0114893 0.0233848
internal_weight=160.747 104.717 96.2832 56.0298 29.1624 13.8799 15.2825 7.68622 88.597 20.7373 10.2113 26.8674 9.59096 67.8597
internal_count=862 345 278 517 243 82 161 50 228 76 45 274 44 152
is_linear=0
shrinkage=0.03


Tree=38
num_leaves=15
num_cat=0
split_feature=3 1 0 5 4 3 0 1 3 3 7 5 0 0
split_gain=50.2465 16.6295 17.1393 12.7128 9.36114 12.4849 6.76218 6.03365 5.33435 5.20857 11.5211 4.8493 2.85215 2.45481
threshold=3.057091469495167 19.290000000000006 22.803750000000004 8.7914719581604022 71.245642881350577 3.0896684793681923 28.044166666666673 15.610000000000005 2.7521867717644852 2.5169938541005239 21.750000000000004 327.95318603515631 24.569166666666671 28.677916666666672
decision_type=2 2 2 2 2 2 2 2 2 2 2 2 2 2
left_child=3 2 4 8 -2 -6 9 12 -1 10 -5 -9 -4 -3
right_child=1 13 7 6 5 -7 -8 11 -10 -11 -12 -13 -14 -15
leaf_value=0.030809024301454459 0.013904580577820552 -0.036063629493399467 0.012408755177882355 -0.033390139039920164 0.019655100745851962 -0.039671523081904948 0.018131724791432335 -0.016230004507085276 -0.011254605483926323 -0.036995090531432087 0.027787850756689606 0.018343284356535278 0.029182196661590089 -0.0011235395254228378
leaf_weight=4.116231292486189 10.634890869259836 5.7233822867274267 13.654197238385676 6.2977755442261678 3.8625197187066069 9.5199748724699003 1.993962563574313 5.5894485116004926 4.9682707637548447 33.894299432635307 3.540900744497776 7.2284274324774742 51.961093790829182 2.5664179250597954
leaf_count=6 45 54 39 69 14 87 7 25 34 390 12 16 85 11
internal_value=0.000607704 0.0122148 0.0155761 -0.0226417 -0.00639523 -0.0223723 -0.0289795 0.0222999 0.00896976 -0.0314848 -0.0108401 0.00318353 0.0259304 -0.026532
internal_weight=165.552 110.74 102.451 54.8114 24.0174 13.3825 45.7269 78.4332 9.0845 43.733 9.83868 12.8179 65.6153 8.2898
internal_count=894 376 311 518 146 101 478 165 40 471 81 41 124 65
is_linear=0
shrinkage=0.03


Tree=39
num_leaves=15
num_cat=0
split_feature=1 1 8 8 5 5 0 4 1 2 5 5 1 1
split_gain=34.7381 15.5901 9.50746 7.831 10.6479 5.35256 7.56161 5.14185 6.19753 8.61976 4.16004 4.71625 5.7664 5.39937
threshold=7.4200000000000044 19.290000000000006 29.950000000000006 34.250000000000007 8.7914719581604022 1597.0859985351565 11.847500000000005 76.163366100119546 12.750000000000004 33.810000000000009 2.8573021888732915 305.58908081054693 9.2500000000000053 15.470000000000004
decision_type=2 2 2 2 2 2 2 2 2 2 2 2 2 2
left_child=3 2 10 4 -1 -6 -7 8 9 -4 -2 -12 -13 -14
right_child=1 -3 7 -5 5 6 -8 -9 -10 -11 11 12 13 -15
leaf_value=0.0094688736313591395 -0.011336650357743389 -0.025851476696048051 0.010379008645979232 0.0095520136614462101 -0.035772552681096179 -0.031297281972258145 0.018169962728471167 -0.019035627181590079 0.017331783487973932 -0.043207053075779218 0.027034673127876756 0.026213465644582507 -0.029777192279019895 0.015705906743025411
leaf_weight=7.179011605679988 2.7961622998118392 8.3950632289051992 6.1564618572592753 7.3038107082247725 27.493282444775105 4.8710990101098997 4.3797122314572334 7.1429878175258628 19.386229567229748 3.442278079688549 50.592930682003498 6.2092062979936582 4.2902161255478859 3.3747010231018066
leaf_count=34 13 68 26 38 337 55 21 38 53 28 105 13 32 8
internal_value=0.00208028 0.011435 0.0146812 -0.0181614 -0.0228798 -0.0292835 -0.00838961 0.00217254 0.00785957 -0.0111014 0.0212695 0.0228353 0.00673378 -0.0102504
internal_weight=163.013 111.786 103.391 51.2269 43.9231 36.7441 9.25081 36.128 28.985 9.59874 67.2632 64.4671 13.8741 7.66492
internal_count=869 384 316 485 447 413 76 145 107 54 171 158 53 40
is_linear=0
shrinkage=0.03


Tree=40
num_leaves=15
num_cat=0
split_feature=1 1 1 5 5 5 7 4 1 5 2 5 6 5
split_gain=43.7807 22.5389 8.69491 8.34358 8.69646 6.03155 13.2278 10.8047 5.1847 3.2111 4.08205 2.55223 3.58301 2.12179
threshold=8.480000000000004 19.290000000000006 2.0600000000000041 26.313563346862797 909.61682128906261 238.25532531738284 20.150000000000006 67.963219820662104 14.910000000000004 2474.693237304688 20.540000000000006 159.07899475097659 6.0500000000000016 86.384025573730483
decision_type=2 2 2 2 2 2 2 2 2 2 2 2 2 2
left_child=2 5 9 -4 -5 8 7 -7 11 -1 -11 12 -2 -14
right_child=1 -3 3 4 -6 6 -8 -9 -10 10 -12 -13 13 -15
leaf_value=-0.035278808871841837 0.025805691287348907 -0.036662664629379151 0.017283793097718332 -0.030612983193269296 0.01011388713203977 -0.045993205526315466 0.018693654436456836 0.0096280993600679158 0.0012431123566676828 -0.027247855094393186 0.0195798235949333 0.034715566762424994 -0.0030412753084618879 0.018851455112800106
leaf_weight=22.406534448266033 30.670976094901562 6.6532251536846152 8.2369942888617533 12.966845817863943 6.5195339247584334 5.5211918428540212 23.763554789125919 5.5152334347367287 9.8204301595687848 2.6869578808546057 2.13055619597435 18.234734483063221 8.1496191546320897 6.3795546740293494
leaf_count=281 60 64 34 134 30 49 67 19 35 31 10 30 33 16
internal_value=0.00291887 0.0134382 -0.0188889 -0.00667974 -0.0171585 0.0168309 0.00630504 -0.0197069 0.0216789 -0.0306448 -0.00673242 0.0247742 0.0200991 0.00716644
internal_weight=169.656 114.709 54.9474 27.7234 19.4864 108.055 34.8 11.0364 73.2553 27.224 4.81751 63.4349 45.2001 14.5292
internal_count=893 373 520 198 164 309 135 68 174 322 41 139 109 49
is_linear=0
shrinkage=0.03


Tree=41
num_leaves=15
num_cat=0
split_feature=3 7 5 7 0 2 7 0 2 4 7 4 3 3
split_gain=58.0365 12.7469 9.10067 12.8918 5.93608 8.87161 5.34644 4.62611 5.81336 3.91939 9.09165 7.70081 2.1105 6.95308
threshold=3.1354791688768633 36.150000000000013 26.313563346862797 27.350000000000005 22.93458333333334 29.710000000000012 48.650000000000013 27.013333333333339 38.150000000000013 60.49780147805604 21.750000000000004 60.09569829060505 3.0853118539927888 3.093732703574076
decision_type=2 2 2 2 2 2 2 2 2 2 2 2 2 2
left_child=2 4 3 -1 5 -2 -3 -6 -9 10 11 -4 -11 -14
right_child=1 6 9 -5 7 -7 -8 8 -10 12 -12 -13 13 -15
leaf_value=0.023526691139220561 0.020687701064072632 0.003991013699342974 -0.035961215652665503 -0.033091583641831929 0.027774335554707999 -0.036209443838332057 -0.033598354731065726 -0.014878695063903498 0.022635895183001069 -0.036795872286826896 0.013241736368733123 0.02022860738912018 0.015216439417861737 -0.03747489119070424
leaf_weight=8.529514901340006 5.1410831809043867 8.9766536056995374 12.154168091714382 4.8395871967077246 58.234191074967384 3.1263632699847221 4.3154540583491316 5.4094272926449767 8.0727480202913267 23.344109311699871 6.6722127869725218 1.9611965343356139 3.2582103461027137 4.1379330232739449
leaf_count=25 15 39 138 50 103 26 45 29 15 279 36 8 10 39
internal_value=0.00182163 0.0169084 -0.01979 0.0021544 0.0213972 -0.00241366 -0.0097098 0.0241376 0.00759595 -0.0254162 -0.0142992 -0.0273324 -0.0322465 -0.0152152
internal_weight=158.173 93.2759 64.8969 13.3691 79.9838 8.26745 13.2921 71.7164 13.4822 51.5278 20.7876 14.1154 30.7403 7.39614
internal_count=857 272 585 75 188 41 84 147 44 510 182 146 328 49
is_linear=0
shrinkage=0.03


Tree=42
num_leaves=15
num_cat=0
split_feature=3 1 0 5 4 3 3 3 3 8 0 8 3 3
split_gain=48.907 13.0976 15.2841 9.81453 8.88234 12.6106 7.44031 4.95292 7.67077 4.32747 3.01943 2.54013 1.95673 1.27161
threshold=3.057091469495167 19.290000000000006 22.867916666666673 8.7914719581604022 71.245642881350577 3.0872019983601215 2.661772263390878 2.5169938541005239 2.4356632402816483 32.350000000000009 12.524583333333338 34.850000000000009 3.1894620129180069 3.2016181948837201
decision_type=2 2 2 2 2 2 2 2 2 2 2 2 2 2
left_child=3 2 4 6 12 -6 -1 8 -5 13 -8 -3 -2 -4
right_child=1 11 9 7 5 -7 10 -9 -10 -11 -12 -13 -14 -15
leaf_value=0.032200679662223106 0.001439299519194105 -0.035574570638646517 0.016828294528201459 -0.03167919641294057 0.021100875192482126 -0.039270634685894083 0.003275975022682081 -0.036243711127713213 0.017632368605541203 0.0081134647744372217 -0.035375903115780684 -0.00077382962050690082 0.02648289451148092 0.02882654114793581
leaf_weight=3.6503590643405897 5.8116191029548663 4.6724385172128668 16.87246099114418 5.3545790240168554 3.7175698950886717 9.2947399094700796 3.2649590894579887 30.035144671797752 4.2618108540773392 17.886424176394939 2.7116634622216225 2.8970150798559189 4.6631539389491081 39.790810570120811
leaf_count=4 34 46 41 64 13 87 21 370 21 53 22 15 11 65
internal_value=0.00050771 0.0120076 0.0149934 -0.0238859 -0.00591967 -0.0217477 0.00305008 -0.0303398 -0.0102229 0.0215733 -0.0168178 -0.0239 0.0139245 0.0256077
internal_weight=154.885 105.606 98.0368 49.2785 23.4871 13.0123 9.62698 39.6515 9.61639 74.5497 5.97662 7.56945 10.4748 56.6633
internal_count=867 365 304 502 145 100 47 455 85 159 43 61 45 106
is_linear=0
shrinkage=0.03


Tree=43
num_leaves=15
num_cat=0
split_feature=3 6 5 0 5 0 8 3 8 5 5 4 3 3
split_gain=46.8379 24.1956 17.8727 8.27655 8.15327 6.6698 6.52689 11.118 4.77386 2.87919 2.06137 1.39875 1.20999 3.42013
threshold=3.057091469495167 5.3500000000000014 8.7914719581604022 28.092916666666671 89.212852478027358 22.867916666666673 34.250000000000007 3.2016181948837201 34.45000000000001 190.60962677001956 12.782201290130617 79.685427652029958 2.4448084222322017 2.4245875934348411
decision_type=2 2 2 2 2 2 2 2 2 2 2 2 2 2
left_child=2 4 -1 12 -2 6 7 -3 10 -10 -7 -6 13 -4
right_child=1 5 3 -5 11 8 -8 -9 9 -11 -12 -13 -14 -15
leaf_value=0.01292824275079109 0.0090034263009237461 -0.036001784706769339 -0.030064664130700473 0.022499403268991122 -0.040488681087027072 0.0069432686794354799 0.027899457876392579 0.018543755611596387 -0.010768183528258292 0.016489703795943059 0.028374022714578895 -0.014040738746747675 -0.036122936632059309 0.011435609142999658
leaf_weight=10.046629950404165 5.8609906435012844 6.0451741591095942 4.383643113076686 1.8501016497611988 7.2506118640303594 5.1896694377064696 4.8428726643323889 5.5613174736499786 4.9602969512343389 7.6531601026654243 53.404437646269798 4.249579057097435 33.001198582351208 2.0280278697609901
leaf_count=41 22 59 55 6 67 16 10 16 23 19 91 37 414 9
internal_value=0.00128201 0.0127356 -0.0219561 -0.0305546 -0.0188437 0.0191322 0.00177918 -0.0104682 0.0230607 0.00576683 0.0266243 -0.0326207 -0.0335401 -0.0171662
internal_weight=156.328 105.018 51.3096 41.263 17.3612 87.6569 16.4494 11.6065 71.2076 12.6135 58.5941 11.5002 39.4129 6.41167
internal_count=885 360 525 484 126 234 85 75 149 42 107 104 478 64
is_linear=0
shrinkage=0.03


Tree=44
num_leaves=15
num_cat=0
split_feature=3 7 6 3 0 5 7 3 7 5 0 8 8 6
split_gain=39.4881 19.719 11.0874 8.15962 5.82239 7.04496 6.05262 5.09044 11.3224 3.90352 6.97831 10.5369 5.76116 3.92466
threshold=3.057091469495167 48.650000000000013 5.3500000000000014 3.2727737905361018 27.143333333333342 8.7914719581604022 32.850000000000009 2.5169938541005239 21.750000000000004 909.61682128906261 22.867916666666673 33.150000000000013 34.250000000000007 6.0500000000000016
decision_type=2 2 2 2 2 2 2 2 2 2 2 2 2 2
left_child=4 2 3 -2 5 6 -1 8 -7 10 12 -12 -4 -13
right_child=1 -3 9 -5 -6 7 -8 -9 -10 -11 11 13 -14 -15
leaf_value=0.01914073944345443 -0.036212514570325295 -0.035519368623033745 -0.021892473473527341 0.0076055296129656814 0.0079938561521362139 -0.031443403473401972 -0.02925149924281183 -0.035236381472110286 0.031251187387901849 0.035011650845562993 0.025969373569993535 0.011033127634224262 0.021447316976277064 -0.020103562693398639
leaf_weight=5.3772542849183065 4.9432330355048171 6.4871706515550605 6.5691919848322851 9.9972990378737432 5.4056740179657927 5.8581309244036657 2.664361447095871 28.040132284164429 3.2100382000207901 11.993979044258593 50.36861964315176 6.589130759239195 3.3965595662593842 6.0727969631552696
leaf_count=16 46 70 50 41 26 74 26 370 9 19 93 20 8 30
internal_value=0.00139455 0.0117444 0.0151341 -0.00825437 -0.0201968 -0.0236721 0.00164542 -0.0290578 -0.0083505 0.0192938 0.016273 0.019921 -0.00651245 -0.00427879
internal_weight=156.974 106.418 99.9308 14.9405 50.5556 45.1499 8.04162 37.1083 9.06817 84.9903 72.9963 63.0305 9.96575 12.6619
internal_count=898 377 307 87 521 495 42 453 83 220 201 143 58 50
is_linear=0
shrinkage=0.03


Tree=45
num_leaves=15
num_cat=0
split_feature=3 0 5 0 2 6 4 0 5 5 3 8 5 3
split_gain=34.8822 14.962 13.4652 9.63519 6.48896 6.7541 6.33901 7.71535 3.72193 3.6314 3.12857 8.2227 2.58211 2.57234
threshold=3.057091469495167 22.867916666666673 8.7914719581604022 27.143333333333342 31.290000000000003 5.3500000000000014 78.281012686622461 25.55125 2474.693237304688 3492.7163085937505 3.2016181948837201 34.150000000000013 12.782201290130617 3.1257837022888046
decision_type=2 2 2 2 2 2 2 2 2 2 2 2 2 2
left_child=2 4 -1 8 5 -2 12 -8 -4 -10 11 -7 -3 -14
right_child=1 6 3 -5 -6 10 7 -9 9 -11 -12 -13 13 -15
leaf_value=0.011229860999811183 -0.030794232578403975 0.0019085889914431879 -0.035370776299281308 0.010322314427309546 -0.037625098678865258 -0.03111443871507116 0.018756986040742288 -0.027480636088356263 0.019007125212009059 -0.025873339960176316 0.027102451333529294 0.028132760818189658 0.0050011804089345425 0.024268421496358154
leaf_weight=10.090481288731096 3.8534140959382084 6.5187167897820464 31.615025121718645 5.1409948095679274 5.1039798632264128 3.3777967691421491 5.7233045697212201 5.3082780838012695 2.1398154720664015 2.4054468497633934 4.7757634744048119 3.0745039135217667 7.6824738085269919 55.416984990239143
leaf_count=41 42 22 421 24 46 35 13 44 10 30 10 6 27 116
internal_value=0.000922767 0.0111505 -0.0189747 -0.0264451 -0.0115253 -0.000901998 0.0168975 -0.00392688 -0.0318095 -0.00512715 0.0110362 -0.00289651 0.0202062 0.0220372
internal_weight=152.227 100.835 51.3918 41.3013 20.1855 15.0815 80.6498 11.0316 36.1603 4.54526 11.2281 6.4523 69.6182 63.0995
internal_count=887 361 526 485 139 93 222 57 461 40 51 41 165 143
is_linear=0
shrinkage=0.03


Tree=46
num_leaves=15
num_cat=0
split_feature=1 1 4 6 4 0 4 6 5 8 2 0 2 5
split_gain=29.2951 15.1794 7.80099 11.0459 7.14253 7.05448 6.56038 5.17867 5.07321 4.18108 3.50776 4.8272 8.31676 3.44861
threshold=5.8300000000000036 15.610000000000005 69.112491173187792 6.4500000000000011 54.271171098008445 24.009166666666676 68.064602184075241 5.4500000000000011 238.25532531738284 27.550000000000004 33.070000000000014 20.900833333333342 26.630000000000006 128.10610198974612
decision_type=2 2 2 2 2 2 2 2 2 2 2 2 2 2
left_child=2 4 3 9 -2 10 -5 -3 -7 -1 11 12 -6 -9
right_child=1 7 -4 6 5 8 -8 13 -10 -11 -12 -13 -14 -15
leaf_value=-0.0039843635778548121 -0.02841214041356474 -0.036601382282991549 -0.034828055243154243 -0.033041076678524947 0.021941595518507034 0.025892850239502649 0.022568476738232902 -0.018286308483518532 0.0037064563190381886 0.034781392979197398 -0.015296180426599724 0.01949746910894919 -0.033960199027159445 0.0078572550134650594
leaf_weight=4.326911713927986 2.4508551284670821 5.0151584744453457 17.367468558251858 10.89854064583778 3.4995785579085412 50.291901960968971 1.5455674193799502 7.1207114607095745 11.774060256779192 4.397113986313343 5.9942127764224997 13.393397130072115 4.2298858389258385 9.4055981859564763
leaf_count=38 25 51 235 150 12 107 4 41 48 9 37 39 42 32
internal_value=0.00180971 0.00950522 -0.02046 -0.00763241 0.0148128 0.0163025 -0.0249694 -0.0127277 0.0218095 0.017122 0.00337055 0.00911974 -0.00903607 -0.0038079
internal_weight=151.711 113.175 38.5356 21.1681 91.6339 89.183 12.4441 21.5415 62.066 8.72403 27.1171 21.1229 7.72946 16.5263
internal_count=870 434 436 201 310 285 154 124 155 47 130 93 54 73
is_linear=0
shrinkage=0.03


Tree=47
num_leaves=14
num_cat=0
split_feature=3 1 6 3 5 2 0 5 4 3 0 3 4
split_gain=59.6463 20.5036 10.8945 6.95103 5.89033 6.35199 4.48073 6.48313 2.44351 9.50829 2.83753 0.360785 0.288962
threshold=3.0714946912363077 19.290000000000006 5.3500000000000014 3.2727737905361018 8.7914719581604022 41.650000000000013 17.279166666666672 1597.0859985351565 71.245642881350577 3.1894620129180069 24.812083333333341 3.3551503394726674 65.382225570547163
decision_type=2 2 2 2 2 2 2 2 2 2 2 2 2
left_child=4 2 3 -2 -1 -6 7 -4 12 -10 -11 -12 -8
right_child=1 -3 6 -5 5 -7 8 -9 9 10 11 -13 -14
leaf_value=-0.0029999725074925624 -0.035236468253734984 -0.03634172003891132 -0.029034347812986527 0.0079860004296348746 -0.03580187891953459 0.0097028373428595834 0.021591078330419521 0.023141287532499021 -0.012467833018842762 0.0080895263598931722 0.031981190587123093 0.020350952648633024 0.03363615811440912
leaf_weight=7.4179275035858145 4.4979650825262052 6.1735450327396384 3.2409797683358184 7.8486151248216629 35.787879317998886 2.5777111873030654 12.139318428933622 3.3451627865433693 7.3994725570082656 9.7942734882235509 16.836605012416843 13.165861263871191 17.029105149209499
leaf_count=39 45 62 37 30 478 15 25 8 36 30 24 28 26
internal_value=0.000117938 0.0129315 0.0164677 -0.00922063 -0.0279503 -0.0325757 0.0203555 -0.00297667 0.0223803 0.0174562 0.0231892 0.0276986 0.0295051
internal_weight=147.254 101.471 95.2974 12.3466 45.7835 38.3656 82.9508 6.58614 76.3646 47.1962 39.7967 30.0025 29.1684
internal_count=883 351 289 75 532 493 214 45 169 118 82 52 51
is_linear=0
shrinkage=0.03


Tree=48
num_leaves=15
num_cat=0
split_feature=3 7 1 0 5 0 8 7 6 8 0 3 5 7
split_gain=40.1438 10.4099 10.3509 10.5803 8.48708 11.754 7.76645 9.2176 5.33701 4.91689 2.59693 1.73904 1.7322 2.19152
threshold=3.1547707694454723 28.650000000000006 19.290000000000006 20.900833333333342 5.4549217224121103 26.418750000000006 38.45000000000001 28.050000000000004 5.5500000000000016 30.350000000000005 28.092916666666671 3.076487356656846 28.288969039916996 24.850000000000005
decision_type=2 2 2 2 2 2 2 2 2 2 2 2 2 2
left_child=1 4 3 8 -1 6 7 12 -2 -5 -4 -7 -6 -14
right_child=2 -3 10 9 5 11 -8 -9 -10 -11 -12 -13 13 -15
leaf_value=0.02620678699805629 -0.033522834614493624 -0.035371406538118433 -0.031170512609773153 0.027711831738747833 -0.0059618661076247257 0.0014125527489076103 0.015593979436155397 0.029968162494120758 0.010429557002974618 0.0089084785697461557 0.0049782551608770409 0.023950776689984566 -0.036501009832690785 -0.0083257301122057065
leaf_weight=4.7721393406391135 3.9857954867184144 16.826380640268326 4.0360570773482314 47.920378752052784 2.8522005751729074 6.3150273486971837 3.8760012760758391 1.6663981974124897 4.2437198609113693 18.514141112565994 2.3958349525928497 5.2766027450561523 21.986403487622741 3.5656392835080615
leaf_count=11 40 220 45 87 18 35 14 7 17 54 10 10 287 35
internal_value=0.00143615 -0.0155962 0.0155549 0.0187284 -0.00842189 -0.0125359 -0.0212914 -0.0263946 -0.0121836 0.0226815 -0.0188473 0.0127595 -0.030608 -0.033031
internal_weight=148.233 67.1368 81.0959 74.664 50.3104 45.5383 33.9466 30.0706 8.22952 66.4345 6.43189 11.5916 28.4042 25.552
internal_count=890 637 253 198 417 406 361 347 57 141 55 45 340 322
is_linear=0
shrinkage=0.03


Tree=49
num_leaves=15
num_cat=0
split_feature=1 1 3 4 7 5 5 4 1 2 5 5 7 8
split_gain=39.2499 14.6134 7.98596 17.6541 5.94328 7.96548 7.83485 5.43581 4.2968 3.98707 3.90068 3.70397 4.05314 0.019014
threshold=8.480000000000004 19.290000000000006 3.1257837022888046 61.181187527156411 28.650000000000006 26.313563346862797 909.61682128906261 45.5441333723385 10.900000000000006 36.600000000000001 6.7396569252014169 243.06538391113284 21.950000000000006 29.950000000000006
decision_type=2 2 2 2 2 2 2 2 2 2 2 2 2 2
left_child=4 2 3 -2 5 -1 -7 -8 -5 -3 -4 13 -13 -12
right_child=1 9 10 8 -6 6 7 -9 -10 -11 11 12 -14 -15
leaf_value=0.016933561863415051 0.025460945254845151 -0.034963185002424492 -0.0014864494282270176 -0.0030090357269950429 -0.035165035895597101 -0.033854324374423032 -0.026604654374920645 0.016748415695629158 -0.039683260811923818 0.0078783838307983876 0.029444338861395403 -0.011449426166730708 0.018414646229397882 0.020672093242646111
leaf_weight=5.8607717566192177 11.335872009396555 6.1576815731823427 6.5056216940283766 4.9764193966984731 16.494911387562752 13.562306553125383 3.067348834127186 6.2356522046029568 6.4328096657991409 2.2514468356966972 31.814632847905159 4.748118162155154 14.859685607254503 12.934501826763151
leaf_count=23 35 66 23 28 220 194 45 34 61 9 55 20 39 28
internal_value=0.00179975 0.0120936 0.015543 4.80764e-05 -0.021182 -0.0122399 -0.0201138 0.00125937 -0.0252184 -0.0238746 0.0204466 0.0226525 0.0109783 0.027416
internal_weight=147.238 102.017 93.6077 22.7451 45.221 28.7261 22.8653 9.303 11.4092 8.40913 70.8626 64.3569 19.6078 44.7491
internal_count=880 364 289 124 516 296 273 79 89 75 165 142 59 83
is_linear=0
shrinkage=0.03


Tree=50
num_leaves=15
num_cat=0
split_feature=1 1 6 6 1 7 5 6 6 6 5 4 4 0
split_gain=41.5412 11.7932 8.51954 9.25282 7.93311 5.59991 4.40429 3.49829 2.85937 3.35013 4.97786 3.45898 2.63699 2.37767
threshold=7.5500000000000025 19.290000000000006 5.9500000000000011 5.5500000000000016 1.4700000000000033 36.150000000000013 203.38523101806643 6.5500000000000016 5.3500000000000014 5.5500000000000016 69.747497558593764 60.396975986830363 71.445633824953447 25.821666666666673
decision_type=2 2 2 2 2 2 2 2 2 2 2 2 2 2
left_child=2 5 3 -1 -5 8 -7 -3 -2 -10 12 -12 -11 -13
right_child=1 7 -4 4 -6 6 -8 -9 9 10 11 13 -14 -15
leaf_value=-0.032689841365768475 -0.00013048940695258783 -0.033649281497384019 -0.034809818618794043 -0.025964692151019798 0.027383685236357716 -0.026226848928045887 0.010552850130951915 0.007019582674904927 0.028356181119812938 0.012742945992178581 0.0004179158443231389 0.013053363623978036 -0.011688347643039327 0.029335680123294926
leaf_weight=6.0642395019531241 8.3082212507724744 5.4604752399027339 24.144080605357885 2.7256786786019784 7.0965789295732975 4.3715518936514837 5.5879891291260719 2.2730248048901558 22.062748946249485 5.9893508553504935 7.6367225348949423 17.125031180679798 8.2358204722404462 21.016976796090603
leaf_count=78 36 60 352 41 28 28 21 9 49 19 41 54 36 39
internal_value=0.00183081 0.0114991 -0.0239142 -0.00627429 0.0115482 0.0142952 -0.00651093 -0.0222608 0.0166343 0.0183126 0.0142155 0.018942 -0.00124048 0.0225455
internal_weight=148.098 108.068 40.0306 15.8865 9.82226 100.334 9.95954 7.7335 90.3749 82.0667 60.0039 45.7787 14.2252 38.142
internal_count=891 392 499 147 69 323 49 69 274 238 189 134 55 93
is_linear=0
shrinkage=0.03


Tree=51
num_leaves=15
num_cat=0
split_feature=3 3 6 6 1 1 8 8 0 6 7 3 3 3
split_gain=38.3843 11.9055 9.82855 9.06123 6.09002 6.27229 5.62822 10.3912 5.2676 4.07954 4.71666 2.62888 1.67867 3.03243
threshold=3.057091469495167 2.7024476192268243 5.3500000000000014 7.6500000000000012 4.650000000000003 14.910000000000004 31.350000000000005 28.450000000000006 27.308750000000003 7.4500000000000011 28.450000000000006 3.1763535302847541 3.212059671323813 3.0872019983601215
decision_type=2 2 2 2 2 2 2 2 2 2 2 2 2 2
left_child=1 3 6 9 11 12 7 -2 -7 10 -1 -4 13 -6
right_child=2 -3 4 -5 5 8 -8 -9 -10 -11 -12 -13 -14 -15
leaf_value=-0.027643283313569366 -0.031971409144405639 -0.035717003751677051 -0.028178311125130223 -0.030970418928522505 0.031627303818691832 -0.019447632983595906 -0.035125325889260928 0.020303863412090378 0.013611227839994553 0.027895442414406481 0.022734356379657115 0.0094532059293271388 0.027685195696189744 0.0088974088062028344
leaf_weight=2.898945804685356 4.3745431080460575 25.526562638580799 3.1225145682692519 5.6065544709563246 7.0104539990425137 5.9187539890408543 4.3475138023495665 8.4267818257212621 10.640575304627417 5.904245637357235 1.9776796661317346 2.1517124772071838 29.108539827167988 19.406649403274059
leaf_count=37 51 356 38 80 12 29 45 21 30 18 10 9 53 63
internal_value=0.000277864 -0.0232918 0.0108654 -0.00299612 0.0153906 0.0176831 -0.00927138 0.00141786 0.00136048 0.0129458 -0.00682093 -0.0137661 0.0224407 0.0158629
internal_weight=136.422 41.914 94.508 16.3874 77.3592 72.085 17.1488 12.8013 16.5593 10.7809 4.87663 5.27423 55.5256 26.4171
internal_count=852 501 351 145 234 187 117 72 59 65 47 47 128 75
is_linear=0
shrinkage=0.03


Tree=52
num_leaves=15
num_cat=0
split_feature=3 2 1 6 3 4 2 1 2 2 3 8 6 8
split_gain=33.1309 12.5031 9.35973 5.05608 4.81886 9.30803 7.31188 3.86038 2.717 1.77783 1.74521 2.89173 2.42736 1.36484
threshold=3.057091469495167 30.460000000000001 19.290000000000006 5.5500000000000016 2.5169938541005239 45.5441333723385 41.58000000000002 8.480000000000004 35.650000000000013 34.600000000000009 3.1257837022888046 31.450000000000006 5.9500000000000011 19.350000000000005
decision_type=2 2 2 2 2 2 2 2 2 2 2 2 2 2
left_child=4 3 7 -2 5 -1 13 9 -4 -3 -9 -12 -13 -6
right_child=1 2 8 -5 6 -7 -8 10 -10 -11 11 12 -14 -15
leaf_value=-0.0295765720901238 -0.034867532274864575 -0.013743041335841031 -0.031221079561369196 0.0037277287007590446 -0.014164815538936124 0.024309228987123347 0.025309168051541098 0.0063772986152805635 0.0059437487953671406 0.012303179437267078 0.025164140886936089 -0.0044687338465229064 0.017622114024036774 -0.032146930931760208
leaf_weight=4.4485472925007326 5.8626731708645803 4.3928829506039611 3.9322362765669814 5.189420972019434 7.2633838690817347 5.1337775848805904 1.676623910665511 9.1804585978388769 2.3295458778738976 3.2195761054754257 47.407307840883732 6.2155044525861767 12.374317914247511 24.789589814841747
leaf_count=63 64 33 45 32 97 22 4 32 10 10 93 26 27 329
internal_value=0.00154744 0.0110172 0.0147703 -0.0179398 -0.020094 -0.00113793 -0.0252915 0.0174757 -0.0184803 -0.00257771 0.0195135 0.0212183 0.010385 -0.0286239
internal_weight=143.416 100.104 89.0518 11.0521 43.3119 9.58232 33.7296 82.79 6.26178 7.61246 75.1776 65.9971 18.5898 32.053
internal_count=887 372 276 96 515 85 430 221 55 43 178 146 53 426
is_linear=0
shrinkage=0.03


Tree=53
num_leaves=15
num_cat=0
split_feature=3 4 1 8 1 3 5 3 4 8 8 6 5 3
split_gain=48.5438 11.1847 7.77376 8.7813 7.56063 6.83408 10.4283 4.83436 7.023 4.42336 8.03887 3.19883 2.28392 1.86072
threshold=3.057091469495167 79.751922494143841 7.5500000000000025 34.250000000000007 15.610000000000005 3.2208870241535634 738.96920776367199 3.2338764589019799 71.245642881350577 21.250000000000004 19.250000000000004 5.5500000000000016 239.35860443115237 2.4088672691333621
decision_type=2 2 2 2 2 2 2 2 2 2 2 2 2 2
left_child=9 2 3 -2 7 -6 -7 8 12 10 -1 -10 -4 -11
right_child=1 -3 4 -5 5 6 -8 -9 11 13 -12 -13 -14 -15
leaf_value=-0.030154524962647481 -0.032229615864946937 -0.022894977293637757 0.031896816171992061 0.023938176041102398 0.014976836169383763 -0.05045208246661459 0.016872512207454213 0.03016542536089303 0.0069664088135478908 -0.0097412694442462356 0.017068731132733106 -0.026093615369030095 0.010125582458580046 -0.036221235169761445
leaf_weight=6.3740760907530767 5.3720747418701631 6.6048301123082629 10.307709507644182 3.2209801450371742 10.594148620963098 3.6302128545939913 3.0521301031112671 35.595660544931889 5.0550821423530561 3.6319029517471817 4.9229404591023922 3.8549154326319695 9.2111168503761274 23.967164665460587
leaf_count=104 64 62 15 9 29 36 8 61 21 37 39 22 29 327
internal_value=0.00104652 0.012446 0.0152659 -0.0108753 0.0181274 0.000460121 -0.0215083 0.0228144 0.012898 -0.0268379 -0.00986131 -0.00852675 0.022617 -0.0331991
internal_weight=135.395 96.4989 89.894 8.59305 81.301 17.2765 6.68234 64.0245 28.4288 38.8961 11.297 8.91 19.5188 27.5991
internal_count=863 356 294 73 221 73 44 148 87 507 143 43 44 364
is_linear=0
shrinkage=0.03


Tree=54
num_leaves=15
num_cat=0
split_feature=1 3 7 5 1 5 1 5 0 5 1 2 1 5
split_gain=34.4879 15.3352 11.179 10.634 7.33292 6.05924 4.9937 12.7768 3.77351 5.56648 2.9223 2.03407 1.14201 0.123607
threshold=2.0600000000000041 3.1257837022888046 36.150000000000013 425.98348999023443 11.160000000000005 291.32678222656256 9.4600000000000026 27.666241645812992 22.93458333333334 909.61682128906261 15.800000000000004 34.210000000000015 14.550000000000006 18.491278648376468
decision_type=2 2 2 2 2 2 2 2 2 2 2 2 2 2
left_child=-1 3 8 4 6 -6 7 -2 9 -3 13 -12 -4 -10
right_child=1 2 12 -5 5 -7 -8 -9 10 -11 11 -13 -14 -15
leaf_value=-0.033291143338307322 0.023123293176154514 -0.018426605642358294 -0.023364885581039819 -0.03646028881323321 -0.037598002639280322 0.014201595028357366 0.023855372139511812 -0.031280991797678667 0.017046667282237152 0.023936673805949171 0.021994830094707971 0.0013978262860615241 -0.0030662526462104964 0.027886614121280427
leaf_weight=19.769367951899767 7.2334384098649043 4.8829954639077169 4.2169137299060804 7.5170110575854769 5.504391521215438 2.3237229213118553 10.635739982128142 6.3647507391870022 7.2571947872638694 4.3185828849673271 7.0947530344128635 9.5553069859743101 5.456804022192955 38.420607157051563
leaf_count=322 28 34 30 92 51 11 30 92 16 9 18 39 36 69
internal_value=0.00246087 0.008538 0.0159371 -0.00666108 0.00121688 -0.0223547 0.0094152 -0.00273955 0.0200163 0.0018532 0.0226261 0.0109233 -0.0132747 0.0265665
internal_weight=140.552 120.782 81.2032 39.5791 32.062 7.82811 24.2339 13.5982 71.5294 9.20158 62.3279 16.6501 9.67372 45.6778
internal_count=877 555 251 304 212 62 150 120 185 43 142 57 66 85
is_linear=0
shrinkage=0.03


Tree=55
num_leaves=15
num_cat=0
split_feature=3 6 3 2 6 3 0 5 8 6 2 3 3 5
split_gain=35.6209 11.1625 9.59804 9.58376 8.22024 5.95099 3.97162 7.22844 3.87002 9.31402 3.95656 7.59384 3.14538 3.1275
threshold=3.057091469495167 5.3500000000000014 2.661772263390878 41.650000000000013 7.6500000000000012 3.2727737905361018 18.224166666666672 1597.0859985351565 34.95000000000001 5.5500000000000016 34.150000000000006 3.3702205511610588 3.3620675849241048 36.885253906250007
decision_type=2 2 2 2 2 2 2 2 2 2 2 2 2 2
left_child=2 5 4 -4 -1 -2 7 -3 10 -10 11 13 -7 -8
right_child=1 6 3 -5 -6 12 8 -9 9 -11 -12 -13 -14 -15
leaf_value=0.014983922554804558 -0.034235401080691688 -0.029603055904140353 -0.035297054958244221 0.02873793049259539 -0.029426988277570846 0.014598959939311014 0.010616277630804419 0.02412799851654366 0.030235334574178856 -0.018495657348288539 0.027229911832291041 0.031062963068320452 -0.015914246380620948 -0.0155708819116855
leaf_weight=9.7356953062117082 4.9965280480682841 3.7070948518812648 25.315934427082542 1.5508299693465222 4.765783190727233 6.7507513500750047 7.2165963798761386 3.343733474612236 5.2790134474635106 7.0813294127583504 40.872216954827309 9.1177894324064237 4.0244127362966537 7.2402336299419403
leaf_count=57 55 46 380 3 72 25 22 8 9 34 76 14 36 38
internal_value=0.00269546 0.0123932 -0.0204015 -0.0307021 -0.000568127 -0.0102614 0.0167247 -0.00429009 0.0186842 0.00302227 0.021596 0.0111176 0.00281891 -0.0026576
internal_weight=140.998 99.6297 41.3682 26.8668 14.5015 15.7717 83.858 7.05083 76.8072 12.3603 64.4468 23.5746 10.7752 14.4568
internal_count=875 363 512 383 129 116 247 54 193 43 150 74 61 60
is_linear=0
shrinkage=0.03


Tree=56
num_leaves=15
num_cat=0
split_feature=3 4 2 8 5 8 0 0 0 0 2 8 8 3
split_gain=19.9064 15.1406 6.36316 9.3591 7.54467 8.24851 4.23185 6.06675 4.08141 4.83078 9.83688 2.99254 7.43175 1.87904
threshold=3.1354791688768633 79.751922494143841 34.970000000000006 25.550000000000004 2474.693237304688 38.45000000000001 24.902916666666673 27.143333333333342 27.527083333333334 22.803750000000004 29.060000000000006 19.350000000000005 19.050000000000004 3.4808772233477079
decision_type=2 2 2 2 2 2 2 2 2 2 2 2 2 2
left_child=2 8 4 -4 5 11 -5 -8 9 10 -2 12 -1 -3
right_child=1 13 3 6 -6 -7 7 -9 -10 -11 -12 -13 -14 -15
leaf_value=-0.027974370484671041 0.019927498536828306 -0.041096798919485485 -0.03234762846085551 0.02445580915803635 0.013131815700017433 0.013324362120568908 -0.024401295239843069 0.020535075321113372 -0.0064325338737343408 0.021573834442306341 -0.03499304092267784 -0.035909301988622903 0.035213607494240906 -0.0041670733251505769
leaf_weight=4.5142743252217832 6.8903426863253099 3.9131192006170741 4.8207562528550651 9.0925517939031142 4.9347361586987963 3.8962466493248931 4.7598452754318696 4.1172149777412415 6.3228059336543074 53.328122641891241 3.673982921987772 20.525476783514023 1.4494880251586435 1.987887982279062
leaf_count=81 27 44 64 39 38 16 38 15 32 120 35 301 4 16
internal_value=0.00169751 0.0117261 -0.0114146 0.00096966 -0.0192123 -0.0247162 0.0111418 -0.00359067 0.0157079 0.0179642 -0.000546688 -0.0305926 -0.00976527 -0.0310627
internal_weight=134.227 76.1163 58.1106 22.7904 35.3202 30.3855 17.9696 8.87706 70.2153 63.8924 10.5643 26.4892 5.96376 5.90101
internal_count=870 274 596 156 440 402 92 53 214 182 62 386 85 60
is_linear=0
shrinkage=0.03


Tree=57
num_leaves=15
num_cat=0
split_feature=1 1 6 7 4 6 3 1 4 1 7 0 4 1
split_gain=28.0658 13.5828 10.3192 7.94823 6.00764 5.29173 3.8999 5.9579 9.42034 3.27772 2.40591 3.72565 1.49173 1.37289
threshold=2.0600000000000041 19.290000000000006 7.5500000000000016 36.150000000000013 75.238409039301516 5.3500000000000014 3.1257837022888046 11.160000000000005 59.523730020147617 12.200000000000006 21.150000000000006 14.142500000000004 79.751922494143841 9.4600000000000026
decision_type=2 2 2 2 2 2 2 2 2 2 2 2 2 2
left_child=-1 2 3 5 -5 9 7 10 -9 -2 13 -12 -6 -7
right_child=1 -3 -4 4 12 6 -8 8 -10 -11 11 -13 -14 -15
leaf_value=-0.032789654155412469 -0.02276485805536909 -0.035213141068870163 -0.030908985998249386 -0.039727919943288663 0.012039275458487051 0.008889235822924297 0.020791624779845651 0.021520029888880691 -0.037382274273182935 0.012043425072400074 0.020548287421589023 -0.025867889905063404 -0.010394188205779637 0.028565087639764584
leaf_weight=18.547877419739962 4.7010979764163476 5.7687773667275897 4.6885589435696593 3.422663912177085 5.2919876761734468 6.7978362254798474 54.108709134161472 3.3336732164025289 4.8666148632764816 3.4124112576246262 2.0570007488131514 2.1935216076672077 3.6720155738294125 8.3205338865518552
leaf_count=321 39 65 62 36 22 44 124 10 51 9 14 30 28 19
internal_value=0.00041771 0.00612646 0.00866378 0.0107616 -0.0110942 0.0138656 0.0161533 0.00664067 -0.0137003 -0.00840995 0.0155023 -0.00376982 0.00272874 0.0208184
internal_weight=131.183 112.635 106.867 102.178 12.3867 89.7914 81.6779 27.5692 8.20029 8.11351 19.3689 4.25052 8.964 15.1184
internal_count=874 553 488 426 86 340 292 168 61 48 107 44 50 63
is_linear=0
shrinkage=0.03


Tree=58
num_leaves=15
num_cat=0
split_feature=3 6 4 1 6 4 3 4 6 4 1 4 8 8
split_gain=25.9946 11.5654 6.84359 8.55838 7.88797 5.31151 6.68238 6.46722 5.75363 5.07913 5.3218 3.16584 3.00311 6.56893
threshold=3.057091469495167 5.3500000000000014 60.49780147805604 9.4600000000000026 6.5500000000000016 78.281012686622461 3.1992860714962479 71.130346869126086 5.5500000000000016 75.09846144934474 16.050000000000008 75.937363034599159 19.450000000000006 19.150000000000006
decision_type=2 2 2 2 2 2 2 2 2 2 2 2 2 2
left_child=2 9 3 4 -1 6 7 -3 -9 -2 -11 -10 13 -4
right_child=1 5 12 -5 -6 -7 -8 8 11 10 -12 -13 -14 -15
leaf_value=0.027460254603640644 -0.035478501152823465 0.016890959689493862 -0.027079188463717475 0.019938785894456607 -0.031412906332466697 -0.006384730201173216 0.026522912741469465 0.013560742674393412 -0.043891326819414739 0.013648235739493317 -0.028530832579275404 -0.0027341589897793136 -0.034872807690851812 0.033165170842699869
leaf_weight=1.7542705312371278 4.8171883709728709 21.03475666791201 3.7913458794355419 7.0814597345888606 8.9491992108523828 8.7276553660631162 36.164436593651772 4.48038701713085 3.337471354752779 7.1537920981645566 3.019377451390028 2.9783969968557358 17.089645244181156 1.4984414577484129
leaf_count=8 51 64 70 27 143 42 73 15 32 31 40 14 263 5
internal_value=0.0015472 0.0103445 -0.0183044 -0.00403333 -0.0202419 0.0150387 0.0178412 0.00747011 -0.0107608 -0.0131189 -0.000303523 -0.0275094 -0.0289879 -0.00745407
internal_weight=131.878 91.7135 40.1644 17.7849 10.7035 76.7231 67.9954 31.831 10.7963 14.9904 10.1732 6.31587 22.3794 5.28979
internal_count=878 362 516 178 151 240 198 125 61 122 71 46 338 75
is_linear=0
shrinkage=0.03


Tree=59
num_leaves=15
num_cat=0
split_feature=3 4 3 4 3 4 6 5 5 5 1 3 5 5
split_gain=23.5904 11.6641 8.78767 9.18265 6.92849 7.35911 6.45901 5.12708 4.83535 7.55778 4.78178 8.90196 12.8716 3.68238
threshold=3.057091469495167 80.040694469981972 2.5169938541005239 45.5441333723385 3.1894620129180069 71.245642881350577 5.5500000000000016 8.7914719581604022 239.35860443115237 892.88262939453136 14.910000000000004 3.2338764589019799 500.79193115234381 3.7480195760726933
decision_type=2 2 2 2 2 2 2 2 2 2 2 2 2 2
left_child=2 4 3 -1 5 8 -7 -4 -2 -10 13 -12 -13 -6
right_child=1 -3 7 -5 10 6 -8 -9 9 -11 11 12 -14 -15
leaf_value=-0.027758253561653193 0.022500472541525599 -0.03036284621162481 -0.0025601227559985834 0.026393119488231299 -0.010964457410073953 0.0043733260344596897 -0.038596311226006326 -0.033558444428202383 -0.026939378553775952 0.022293639920483551 0.026247869419906363 -0.051184646342990477 0.018306816878801764 0.024417786239580998
leaf_weight=3.6929045319557172 11.955302819609644 5.4736269712448111 6.2838754877448109 6.111039612442255 2.2719693481922141 5.6811057552695257 5.5868840217590332 22.078022319823503 5.2766057699918729 4.1102548986673355 6.4851128756999952 3.9117653742432594 3.9309507608413696 41.638133011758327
leaf_count=59 31 56 40 25 11 29 46 377 39 12 11 38 10 99
internal_value=0.000883185 0.00878894 -0.0187841 0.00531433 0.0114527 0.000337041 -0.0183413 -0.0270115 0.0105782 -0.00531072 0.0175662 0.00230504 -0.0182226 0.0223837
internal_weight=134.488 96.3217 38.1658 9.80394 90.8481 32.6102 11.268 28.3619 21.3422 9.38686 58.2379 14.3278 7.84272 43.9101
internal_count=883 382 501 84 326 157 75 417 82 51 169 59 48 110
is_linear=0
shrinkage=0.03


Tree=60
num_leaves=15
num_cat=0
split_feature=1 1 0 0 3 1 1 2 3 7 5 7 0 3
split_gain=21.4802 10.0802 5.63376 15.6261 5.10725 10.5684 4.59716 3.87389 3.2727 4.45445 3.93182 2.69817 2.38447 3.56726
threshold=8.9100000000000019 19.290000000000006 11.847500000000005 12.422083333333338 3.1354791688768633 11.160000000000005 17.400000000000006 36.740000000000009 3.0714946912363077 30.550000000000004 6.3634428977966317 24.150000000000006 24.812083333333341 3.3551503394726674
decision_type=2 2 2 2 2 2 2 2 2 2 2 2 2 2
left_child=2 4 -1 -4 5 -2 11 -3 10 -10 -5 -7 13 -6
right_child=1 7 3 8 12 6 -8 -9 9 -11 -12 -13 -14 -15
leaf_value=-0.031428810918368556 0.019430064303156882 -0.033108683607823576 0.037815232104539291 0.0074019983986677853 -0.00058598552177238639 -0.03924316496525055 0.012776966051800684 0.010748119436681901 0.0068025193686734146 -0.030344507935723235 -0.031831040725324777 -0.00060280680884188312 0.022475007617451949 0.025151332898368288
leaf_weight=11.631038744002579 12.766505785286428 5.1961212158203116 4.7829838208854225 2.371542081236842 12.78823381662369 5.754607252776621 2.4140900000929832 1.995336629450321 9.0056153796613199 3.1192629970610133 12.448807261884211 2.1837920434772968 41.739704832434654 6.7616508603095999
leaf_count=215 46 63 21 11 52 56 12 7 44 35 226 13 89 13
internal_value=0.00279873 0.011003 -0.0143907 -0.00737535 0.0139544 0.00182903 -0.0196758 -0.0211136 -0.0164632 -0.00433784 -0.025482 -0.0298702 0.0184254 0.00910643
internal_weight=134.959 91.6 43.3593 31.7282 84.4086 23.119 10.3525 7.19146 26.9452 12.1249 14.8203 7.9384 61.2896 19.5499
internal_count=903 351 552 337 281 127 81 70 316 79 237 69 154 65
is_linear=0
shrinkage=0.03


Tree=61
num_leaves=15
num_cat=0
split_feature=1 7 6 6 4 4 5 5 5 1 1 0 2 0
split_gain=22.8385 8.99779 8.85664 5.61477 5.39135 5.27381 4.53429 4.40608 3.84283 3.78919 3.66858 4.58438 6.69811 6.31758
threshold=1.4700000000000033 48.650000000000013 7.1500000000000012 5.3500000000000014 79.348307186312283 79.072045040032236 233.4106369018555 173.10317993164065 204.7594909667969 11.520000000000005 14.080000000000004 24.652083333333334 26.630000000000006 20.900833333333342
decision_type=2 2 2 2 2 2 2 2 2 2 2 2 2 2
left_child=-1 2 3 5 10 8 7 -4 -2 -6 11 12 -5 -14
right_child=1 -3 6 4 9 -7 -8 -9 -10 -11 -12 -13 13 -15
leaf_value=-0.031906705931467369 -0.00072303435596656688 -0.032474882016100853 -0.018389253585534261 0.037084146873278212 0.0074153852118590269 0.020150966363393249 -0.037003609906987638 0.01888759904393494 -0.037231467726129217 -0.032839551179117299 0.0041670934313807872 0.028336696642801775 -0.01981609034063711 0.013077880067880868
leaf_weight=15.289330776780842 5.5122220255434495 4.2378367111086837 5.3179356120526773 5.7279324010014561 4.3086883388459674 3.7542674727737895 4.0657524056732646 4.2108667232096195 3.9717712849378586 2.6427746191620827 17.700603492558002 28.926551088690758 6.6951969936490086 15.639113482087849
leaf_count=292 31 56 46 17 25 13 58 18 40 17 71 59 77 59
internal_value=0.00132743 0.00607659 0.0078656 0.0111212 0.0140403 -0.00660276 -0.0140609 -0.00168693 -0.0181052 -0.0100939 0.0163902 0.0200493 0.0108256 0.00279055
internal_weight=128.001 112.712 108.474 94.8791 81.6409 13.2383 13.5946 9.5288 9.48399 6.95146 74.6894 56.9888 28.0622 22.3343
internal_count=879 587 531 409 325 84 122 64 71 42 283 212 153 136
is_linear=0
shrinkage=0.03


Tree=62
num_leaves=15
num_cat=0
split_feature=1 1 8 5 5 7 8 8 8 2 3 3 5 1
split_gain=18.8217 15.0797 8.20255 8.06117 8.37554 12.4335 3.74294 3.57438 7.0894 2.09919 5.66823 7.29155 5.36906 2.11965
threshold=7.7000000000000055 19.290000000000006 34.250000000000007 2.2758069038391118 352.02584838867193 21.950000000000006 34.95000000000001 21.250000000000004 19.250000000000004 38.530000000000015 3.1816206352315439 2.5169938541005239 129.1579284667969 13.420000000000007
decision_type=2 2 2 2 2 2 2 2 2 2 2 2 2 2
left_child=2 3 7 -2 9 -6 -4 8 -1 10 11 -5 -13 -12
right_child=1 -3 6 4 5 -7 -8 -9 -10 -11 13 12 -14 -15
leaf_value=-0.029695484050130783 -0.038796369169616679 -0.035001413088590776 0.03242236854379188 0.029066078823430645 -0.036817211479209279 0.011331444694572725 -0.0080814605828208336 -0.033920440837927647 0.013612103435934898 0.029104050889781671 0.025638368983802853 -0.039756427271132488 0.003870477946241721 0.0079183536497123234
leaf_weight=6.7624788433313388 1.8607461974024762 5.8925676718354216 2.7558878660202017 3.5988780036568633 5.9221223480999496 14.997838739305733 3.850723322480917 15.989604797214268 5.2544629536569118 13.378793850541113 24.649332948029041 3.7380059510469419 5.1263283267617226 9.5010849982500059
leaf_count=128 15 69 7 6 55 53 38 276 50 32 52 34 26 28
internal_value=0.000509745 0.00783405 -0.0179455 0.0112649 0.0128757 -0.00335651 0.0108555 -0.0248795 -0.0111681 0.0184983 0.014907 -0.00230131 -0.0166919 0.021074
internal_weight=123.279 88.6657 34.6132 82.7731 80.9124 20.92 6.60661 28.0065 12.0169 59.9924 46.6136 12.4632 8.86433 34.1504
internal_count=869 370 499 301 286 108 45 454 178 178 146 66 60 80
is_linear=0
shrinkage=0.03


Tree=63
num_leaves=15
num_cat=0
split_feature=0 4 6 8 7 8 6 0 0 6 1 8 4 7
split_gain=13.0971 8.48493 8.93006 4.64378 6.61143 6.38727 4.23916 3.13507 7.15464 6.48357 3.53921 2.19545 3.90682 3.79765
threshold=11.847500000000005 80.669642505098963 7.5500000000000016 29.950000000000006 36.150000000000013 27.550000000000004 7.1500000000000012 22.93458333333334 12.202916666666672 7.4500000000000011 7.7000000000000055 32.95000000000001 78.201792962166664 21.050000000000004
decision_type=2 2 2 2 2 2 2 2 2 2 2 2 2 2
left_child=-1 2 3 4 7 -6 11 8 -2 10 -10 12 -5 -13
right_child=1 -3 -4 6 5 -7 -8 -9 9 -11 -12 13 -14 -15
leaf_value=-0.030596135638024092 0.039856375378283945 -0.037216144924335004 -0.029708439133478978 -0.02064946769577683 -0.037321724688042297 0.014795478358861384 -0.024806228116517424 0.020422451215049618 -0.030380007124604012 0.02756963173155769 0.0033407396537508006 0.018244157087107991 0.014300546998620371 -0.0034235908544181385
leaf_weight=9.6097440831363183 3.0018666498363045 3.2993384338915339 5.0833956710994235 6.5911093130707723 3.5321238264441481 3.1965277045965195 4.4381902068853369 41.023304041475058 5.8796994909644109 3.0223090574145308 4.4206782095134258 14.015049748122694 3.7572846673429012 13.613820951431988
leaf_count=190 9 41 86 48 43 12 36 123 104 9 24 45 13 77
internal_value=0.00131963 0.00423052 0.00577582 0.00773028 0.0127643 -0.013852 6.53229e-06 0.0160711 0.0045887 -0.00558573 -0.0168929 0.00346829 -0.0078179 0.00782096
internal_weight=124.484 114.875 111.575 106.492 64.0765 6.72865 42.4155 57.3479 16.3246 13.3227 10.3004 37.9773 10.3484 27.6289
internal_count=860 670 629 543 324 55 219 269 146 137 128 183 61 122
is_linear=0
shrinkage=0.03


Tree=64
num_leaves=15
num_cat=0
split_feature=3 4 6 4 5 3 3 8 2 3 5 5 5 6
split_gain=14.7857 9.4986 8.89982 7.48583 5.71384 4.37511 9.36743 4.05107 4.7436 7.63689 11.623 4.03446 2.90414 2.1892
threshold=3.057091469495167 60.49780147805604 5.3500000000000014 45.5441333723385 2.8573021888732915 2.5169938541005239 2.9466585300336257 34.95000000000001 33.610000000000014 3.3077568695761825 1597.0859985351565 89.212852478027358 5.4549217224121103 5.1500000000000012
decision_type=2 2 2 2 2 2 2 2 2 2 2 2 2 2
left_child=1 3 11 -1 -4 -5 -7 8 9 10 -6 -2 -3 -13
right_child=2 12 4 5 7 6 -8 -9 -10 -11 -12 13 -14 -15
leaf_value=-0.028394965750056404 0.0098160600910760492 -0.0024170183220880003 -0.020607236854921114 0.032198970390904004 -0.034559362894769227 -0.028138032881215649 0.031064081355254215 -0.0027455479768668323 0.023879264302718844 0.027303474593474063 0.029760800197452669 -0.0092979990994953923 -0.032739524369671508 -0.038424983087003983
leaf_weight=4.2393303252756622 4.6755222752690306 3.6023001819849041 3.4037765413522711 5.3020225539803487 6.2505830824375135 4.2879440300166607 3.4142103679478168 9.3031099513173086 38.769710656255484 6.2751395851373664 2.9702585116028786 6.7146912887692434 16.293529693037271 3.4853822961449623
leaf_count=72 20 25 20 15 65 76 12 38 86 12 5 65 308 37
internal_value=0.00144728 -0.014023 0.00855158 0.00232845 0.0131943 0.0136566 -0.00134093 0.0152954 0.0183819 0.00401426 -0.0129556 -0.0118654 -0.0276278 -0.0217929
internal_weight=118.988 37.1393 81.8482 17.2435 66.9726 13.0042 7.70215 63.5688 54.2657 15.496 9.22084 14.8756 19.8958 10.2001
internal_count=856 508 348 175 226 103 88 206 168 82 70 122 333 102
is_linear=0
shrinkage=0.03


Tree=65
num_leaves=15
num_cat=0
split_feature=1 1 3 2 6 5 0 2 0 5 0 2 6 2
split_gain=21.7741 7.46042 5.03475 5.97593 5.16085 4.85562 5.81542 4.81369 3.9891 3.45675 3.38612 8.71241 5.51626 2.15216
threshold=5.8300000000000036 19.290000000000006 3.1894620129180069 35.370000000000012 5.6500000000000012 1597.0859985351565 11.847500000000005 33.180000000000007 29.207500000000007 6.7396569252014169 24.85916666666667 38.150000000000013 7.1500000000000012 34.970000000000006
decision_type=2 2 2 2 2 2 2 2 2 2 2 2 2 2
left_child=5 2 3 4 7 13 -7 -2 -3 -4 -5 -12 -13 -1
right_child=1 8 9 10 -6 6 -8 -9 -10 -11 11 12 -14 -15
leaf_value=-0.032876046445837734 0.015870267947351156 -0.031948956526289193 -0.0062147427000503186 0.026463716854490095 -0.030657685755388214 -0.025667187095401067 0.023591436044277325 -0.02205980659124589 0.01293702447096292 0.020844800104596464 -0.027259769915353435 0.0292954845564193 -0.0065898945236593587 -0.0061163725579598755
leaf_weight=16.224229171872146 7.426572337746622 4.9508401080965987 4.2838501408696166 8.9973606839776057 5.6904706694185725 3.0123685225844374 3.6663418933749199 3.6954195760190487 1.8971059173345564 40.846838135272264 4.7351139895617989 9.1428886204957944 5.7170356251299372 3.8305014707148066
leaf_count=317 33 64 17 26 58 53 17 30 6 103 34 17 37 54
internal_value=0.0022718 0.00887294 0.0112043 0.00401129 -0.00982247 -0.0212274 0.000924568 0.00248737 -0.0194501 0.0181972 0.0122027 0.00468746 0.0159444 -0.0282981
internal_weight=124.117 97.3835 90.5355 45.4049 16.8125 26.7334 6.67871 11.122 6.84795 45.1307 28.5924 19.595 14.8599 20.0547
internal_count=866 425 355 235 121 441 70 63 70 120 114 88 54 371
is_linear=0
shrinkage=0.03


Tree=66
num_leaves=15
num_cat=0
split_feature=0 1 6 5 5 5 2 5 7 5 7 2 7 2
split_gain=13.0479 8.53141 6.31114 4.6127 5.53677 3.81007 3.68761 3.67878 8.58044 4.43379 3.55747 3.45873 3.15921 2.98397
threshold=22.803750000000004 18.520000000000007 7.3500000000000014 2474.693237304688 18.491278648376468 2.8573021888732915 37.090000000000011 352.02584838867193 24.850000000000005 591.72079467773449 29.550000000000004 38.150000000000013 15.050000000000002 39.350000000000016
decision_type=2 2 2 2 2 2 2 2 2 2 2 2 2 2
left_child=3 2 5 4 10 -2 -3 11 9 -9 -1 12 -7 -4
right_child=1 6 13 -5 -6 7 -8 8 -10 -11 -12 -13 -14 -15
leaf_value=0.022900849244323226 -0.01656076842366834 -0.033607305057115934 0.0035002254674423141 0.012298431542072809 -0.023226758062415549 -0.0047513001587176249 0.0093364778313244964 -0.042473386648448581 0.019403465115869007 0.004408331433668959 -0.012695255982324693 0.032408150727230148 0.017659038435405214 -0.035115604901710069
leaf_weight=3.7581111900508386 2.8389801532030097 5.1018076762557021 3.1480942741036406 4.9029669128358355 27.039545342326164 6.4806788861751548 2.0361393988132477 3.3251392133533946 9.3806442245841009 2.8336577974259853 4.4492392502725124 12.364375680685042 29.897349655628204 2.7519686035811901
leaf_count=14 15 65 18 41 430 30 7 36 22 14 44 23 83 36
internal_value=0.000670957 0.00764277 0.0107672 -0.0130957 -0.0168699 0.0134207 -0.0217154 0.0149782 0.00209301 -0.0233005 0.00432104 0.0189615 0.0136464 -0.0169902
internal_weight=120.309 80.1588 73.0209 40.1499 35.2469 67.1208 7.13795 64.2818 15.5394 6.1588 8.20735 48.7424 36.378 5.90006
internal_count=878 349 277 529 488 223 72 208 72 50 58 136 113 54
is_linear=0
shrinkage=0.03


Tree=67
num_leaves=15
num_cat=0
split_feature=3 6 6 3 2 4 4 4 7 6 3 1 3 4
split_gain=18.4936 12.0284 6.19558 4.28073 6.51228 6.04196 2.59072 7.91867 2.54355 2.18274 3.54669 2.22166 1.69337 3.75159
threshold=3.057091469495167 5.3500000000000014 6.8500000000000014 2.661772263390878 41.650000000000013 45.5441333723385 71.204038961733403 73.271964336400472 16.250000000000004 5.5500000000000016 3.212059671323813 10.870000000000006 3.2451076540396682 75.793364857169692
decision_type=2 2 2 2 2 2 2 2 2 2 2 2 2 2
left_child=3 12 6 5 -5 -1 -3 -8 -7 -9 11 -11 -2 -14
right_child=1 2 -4 4 -6 8 7 9 -10 10 -12 -13 13 -15
leaf_value=-0.027564538210680469 -0.031398624760688471 0.024543200352275429 -0.01176517527043105 -0.02810857870102005 0.024714206778835283 -0.0076348935583675816 -0.022759592800812217 0.023954737279041752 0.024439092958636822 0.0060319022743910459 0.017555521725078339 -0.024245211786189692 0.0076997091596060245 -0.025818817520238107
leaf_weight=4.1476683579385263 3.5821879170835009 23.76150993257761 7.0155205950140944 21.82429684326053 1.5509104132652272 2.9067983850836754 4.4488469772040835 17.217168033123016 5.0761379636824131 4.3609275855124023 13.64856421202421 2.8308799713850021 5.740460738539694 4.6042255535721779
leaf_count=77 44 63 33 384 3 33 32 43 23 26 35 16 27 54
internal_value=0.00148732 0.00890765 0.0137637 -0.0164834 -0.0237337 -0.00176883 0.0166011 0.0116993 0.0132103 0.016207 0.00900256 -0.00739079 -0.0158552 -0.00817959
internal_weight=122.716 87.2103 73.2834 35.5058 23.3752 12.1306 66.2679 42.5064 7.98294 38.0575 20.8404 7.19181 13.9269 10.3447
internal_count=893 373 248 520 387 133 215 152 56 120 77 42 125 81
is_linear=0
shrinkage=0.03


Tree=68
num_leaves=15
num_cat=0
split_feature=7 3 5 4 5 2 8 5 3 4 4 2 8 3
split_gain=18.0263 16.4121 12.3002 5.87306 5.61901 3.53899 3.68224 2.66378 2.11969 4.7777 3.1189 4.44643 2.10768 1.64932
threshold=32.650000000000013 3.057091469495167 8.7914719581604022 86.049924504494953 2474.693237304688 35.650000000000013 39.550000000000004 13.830234527587892 3.2016181948837201 68.952710263170417 74.734951723723057 36.030000000000008 30.250000000000004 2.4448084222322017
decision_type=2 2 2 2 2 2 2 2 2 2 2 2 2 2
left_child=1 2 -1 5 13 6 -2 -3 9 -9 11 -11 -10 -4
right_child=3 7 4 -5 -6 -7 -8 8 12 10 -12 -13 -14 -15
leaf_value=0.026040043612718545 -0.037996974552578104 -0.006695682442722414 -0.0090129329468898838 0.020698902455518999 0.015833392988445247 0.0097394904882483618 0.0036927566458180607 0.017939333663820559 0.024406786969721303 -0.037112290899459235 0.010663277241470389 0.0070297615506509569 0.0070282381801620901 -0.032953793132017822
leaf_weight=4.6783722862601307 15.794654082506904 5.212560959160327 4.1670446619391504 1.6016148999333371 2.266140814870595 1.4464352279901493 1.9615352377295483 17.082682915031913 23.769118793308735 3.6527722179889661 4.9985161647200584 3.1927695125341415 9.8130189478397352 15.883203506469725
leaf_count=12 254 21 55 5 18 6 12 49 61 36 18 10 34 298
internal_value=-0.000590462 0.00502247 -0.0144083 -0.025203 -0.023641 -0.0298666 -0.0334402 0.0128648 0.0145757 0.00819181 -0.00616916 -0.0182525 0.0196787 -0.0286427
internal_weight=115.52 94.7162 26.9948 20.8042 22.3164 19.2026 17.7562 67.7214 62.5089 28.9267 11.8441 6.84554 33.5821 20.0502
internal_count=889 612 383 277 371 272 266 229 208 113 64 46 95 353
is_linear=0
shrinkage=0.03


Tree=69
num_leaves=15
num_cat=0
split_feature=3 4 5 0 5 5 2 0 2 5 3 7 6 7
split_gain=12.601 9.78047 8.97632 6.65983 9.0072 6.55503 5.30604 2.70018 4.26257 2.33934 2.28936 2.50322 1.74986 1.72906
threshold=3.1257837022888046 79.751922494143841 8.7914719581604022 22.803750000000004 909.61682128906261 2474.693237304688 40.860000000000014 27.013333333333339 38.930000000000014 287.74963378906256 2.4448084222322017 16.250000000000004 5.4500000000000011 21.050000000000004
decision_type=2 2 2 2 2 2 2 2 2 2 2 2 2 2
left_child=2 3 -1 4 -2 6 10 9 13 -5 11 -4 -12 -9
right_child=1 -3 5 7 -6 -7 -8 8 -10 -11 12 -13 -14 -15
leaf_value=0.013439869420176526 -0.03523489711102732 -0.030571139015741607 -0.021461388936781216 0.023668112974778634 0.017609109887134513 0.012595031240257713 0.0068897366728536422 -0.026398168033091494 0.02190202605303438 0.0069155103895819359 -0.0094670788625543824 0.020311337488131614 -0.033307976324407892 0.0019974565304238423
leaf_weight=9.3337695561349374 5.066194359213112 4.4864470809698096 1.7629756368696718 28.820652365684509 4.7020858488976955 4.7975556403398505 4.339379094541072 2.9473205767571908 4.5998396053910255 11.44929777830839 4.2651487626135376 1.4326618313789365 22.313639670610428 3.5218022242188454
leaf_count=44 55 53 37 64 17 40 29 20 9 37 50 5 395 20
internal_value=-0.000428957 0.0080835 -0.0119315 0.011368 -0.0105247 -0.0182017 -0.0227681 0.0156551 0.00227674 0.0191881 -0.0271739 -0.00235642 -0.0299642 -0.0127418
internal_weight=113.839 65.5936 48.2451 61.1072 9.76828 38.9114 34.1138 51.3389 11.069 40.27 29.7744 3.19564 26.5788 6.46912
internal_count=875 275 600 222 72 556 516 150 49 101 487 42 445 40
is_linear=0
shrinkage=0.03


Tree=70
num_leaves=15
num_cat=0
split_feature=1 7 6 7 7 3 1 3 8 8 5 3 7 3
split_gain=12.1594 8.6883 5.95836 5.44201 6.57045 4.51324 4.62985 3.78316 5.99238 5.29867 11.6562 3.55595 4.05314 3.27213
threshold=2.0600000000000041 11.350000000000003 5.3500000000000014 36.150000000000013 45.900000000000013 3.2727737905361018 12.440000000000007 3.146726263835673 28.650000000000006 33.350000000000009 8.7914719581604022 2.5169938541005239 26.150000000000006 2.4597047369412128
decision_type=2 2 2 2 2 2 2 2 2 2 2 2 2 2
left_child=11 -2 5 7 -5 -3 -7 9 -9 10 -4 12 -1 -12
right_child=1 2 3 4 -6 6 -8 8 -10 -11 13 -13 -14 -15
leaf_value=-0.021913773237553918 -0.026437268937384146 -0.032515969894534785 0.025530270540215224 -0.038962194244037379 0.0089243062667604661 0.0191520696550362 -0.016085360793570706 0.027029622835110314 0.0046398610749621471 0.019853876467115301 0.0073546807957750046 -0.030937140545511877 0.030087949875273565 -0.030717082397052908
leaf_weight=1.9120276197791093 6.7156577855348578 4.3420735746622077 5.7718469798564973 3.3679532408714277 5.5984850116074085 5.4264264702796918 6.0255679786205292 26.043408837169409 18.676889773458242 10.15045380592346 2.1161654889583579 11.774950878694652 1.520864527672529 9.1869817338883859
leaf_count=40 74 50 14 39 33 15 56 55 61 42 14 266 4 124
internal_value=0.0005387 0.00428675 0.00666909 0.00995266 -0.0111673 -0.00974345 0.000808752 0.0127018 0.0179848 0.00369421 -0.00647905 -0.023642 0.00271474 -0.0235709
internal_weight=118.63 103.422 96.7063 80.9122 8.96644 15.7941 11.452 71.9457 44.7203 27.2254 17.075 15.2078 3.43289 11.3031
internal_count=887 577 503 382 72 121 71 310 116 194 152 310 44 138
is_linear=0
shrinkage=0.03


Tree=71
num_leaves=15
num_cat=0
split_feature=0 1 7 4 2 5 8 8 8 5 5 5 7 8
split_gain=12.1875 8.37616 6.81948 7.4799 7.49914 5.96061 4.75556 5.9936 4.52856 4.07861 3.87175 7.10301 3.4843 2.70182
threshold=11.847500000000005 19.290000000000006 14.450000000000001 60.773934429534073 38.150000000000013 2.2758069038391118 29.950000000000006 33.350000000000009 19.050000000000004 591.72079467773449 208.27097320556643 605.90222167968761 17.150000000000002 35.850000000000009
decision_type=2 2 2 2 2 2 2 2 2 2 2 2 2 2
left_child=-1 2 3 -2 -5 -4 8 9 -7 12 -10 -12 -8 -9
right_child=1 -3 5 4 -6 6 7 13 10 -11 11 -13 -14 -15
leaf_value=-0.029825729950594175 -0.034738028211791082 -0.031389061212373934 -0.020800378583651625 -0.025615720526618733 0.019734257415274899 -0.016538410018121924 -0.0014176822096992972 0.022644041780775108 0.026124916546737754 0.0045744438245692671 -0.01754073863580282 0.021275586523218832 -0.05147146834584293 0.0012799924722547166
leaf_weight=8.7025196794420463 5.7142285499721792 4.3643222711980334 4.229407735168933 4.0467720460146657 8.4500562623143178 2.5015306510031214 2.0191941671073455 9.3415332175791281 31.949242228642106 4.1965443566441536 5.6859642732888487 10.896126266568897 2.5625672675669193 11.251789819449185
leaf_count=200 96 59 29 38 30 33 14 29 118 24 61 50 30 61
internal_value=0.00241309 0.00528146 0.00712489 -0.00916274 0.00423901 0.0106956 0.0125876 0.00283083 0.0180407 -0.0167595 0.0201209 0.00772492 -0.0336186 0.011571
internal_weight=115.912 107.209 102.845 18.2111 12.4968 84.6339 80.4045 29.3716 51.0329 8.77831 48.5313 16.5821 4.58176 20.5933
internal_count=872 672 613 164 68 449 420 158 262 68 229 111 44 90
is_linear=0
shrinkage=0.03


Tree=72
num_leaves=15
num_cat=0
split_feature=3 6 1 3 1 3 4 6 4 0 0 1 1 0
split_gain=17.3306 8.20795 5.76063 4.36709 7.03496 3.51355 5.69588 5.70526 2.36414 2.25433 5.246 1.82701 1.66471 2.04627
threshold=3.057091469495167 5.3500000000000014 18.110000000000003 2.4448084222322017 10.770000000000001 3.2016181948837201 71.130346869126086 5.6500000000000012 75.937363034599159 25.87875 22.803750000000004 10.340000000000002 13.310000000000004 24.652083333333334
decision_type=2 2 2 2 2 2 2 2 2 2 2 2 2 2
left_child=2 9 3 4 -1 6 11 -8 -9 10 -2 -3 13 -7
right_child=1 5 -4 -5 -6 12 7 8 -10 -11 -12 -13 -14 -15
leaf_value=-0.026031588062004264 -0.028764772757998939 0.0023316070644543436 0.025967777765666788 -0.02553592526444752 0.028471710747359845 0.0095387537384711268 0.010528956948092314 -0.044975697485226451 -0.0081602488086363334 -0.032209228748738737 0.01160197107680204 0.022130555676804799 0.0091307046178209349 0.029875294579681001
leaf_weight=3.2271090783178833 3.79206884652376 6.6926570609211984 1.8011727184057225 25.100748389959335 3.3022783920168877 7.8223572149872806 5.7603117451071721 2.7595073394477367 3.6450086459517479 2.8420316427946082 6.4067769646644592 11.532415494322775 12.403388515114782 15.630173966288565
leaf_count=63 54 37 8 441 5 26 28 27 23 46 21 25 40 31
internal_value=0.000931001 0.00855912 -0.0168832 -0.0200444 0.00165417 0.0128312 0.00508041 -0.0103163 -0.0279547 -0.0125105 -0.00463526 0.0153594 0.0190843 0.0237597
internal_weight=112.718 79.2867 33.4313 31.6301 6.52939 66.2458 30.3899 12.1648 6.40452 13.0409 10.1988 18.2251 35.8559 23.4525
internal_count=875 358 517 509 68 237 140 78 50 121 75 62 97 57
is_linear=0
shrinkage=0.03


Tree=73
num_leaves=15
num_cat=0
split_feature=1 7 8 5 5 1 2 7 8 5 8 0 1 1
split_gain=13.4694 6.80908 6.7973 6.31955 3.94619 6.73187 3.58962 4.05986 3.499 3.42846 3.35317 2.49987 1.6965 1.38882
threshold=2.0600000000000041 36.150000000000013 36.95000000000001 822.93087768554699 211.42034149169925 12.200000000000006 29.060000000000006 26.550000000000004 29.950000000000006 2474.693237304688 32.95000000000001 27.17250000000001 13.820000000000006 16.840000000000007
decision_type=2 2 2 2 2 2 2 2 2 2 2 2 2 2
left_child=9 2 4 11 8 6 -6 -8 12 -1 -10 -3 -2 -7
right_child=1 3 -4 -5 5 13 7 -9 10 -11 -12 -13 -14 -15
leaf_value=-0.030489536247274889 0.02411719749068016 -0.03779969495806066 -0.019005940044384821 0.011434104688075153 0.010791229279730917 0.0067036362868241415 -0.034106254632981468 0.0072580443120681916 -0.01249227009706865 0.0030066270989952972 0.01535087938099516 0.00063943934247777617 0.0056092456226972667 0.026823793816124403
leaf_weight=10.991080556064842 34.117341119796038 5.4941897299140674 5.7376213222742072 5.257619995623827 3.5180327780544784 7.2030643559992296 6.1483766287565214 2.6109079383313656 5.7362540252506724 3.3498598709702483 8.3270612247288209 1.9461362548172472 5.9256201647222033 5.9354548826813698
leaf_count=269 118 79 40 23 16 31 98 14 35 39 26 13 28 17
internal_value=0.003216 0.00724443 0.0103053 -0.0125599 0.01263 0.00273262 -0.0127165 -0.0222963 0.0171452 -0.0229793 0.00391863 -0.0288608 0.0215818 0.0170474
internal_weight=112.299 97.9577 85.2597 12.6979 79.5221 25.4158 12.2773 8.75928 54.1063 14.3409 14.0633 7.44033 40.043 13.1385
internal_count=846 538 423 115 383 176 128 112 207 308 61 92 146 48
is_linear=0
shrinkage=0.03


Tree=74
num_leaves=15
num_cat=0
split_feature=1 8 6 7 8 1 3 6 1 6 1 7 3 7
split_gain=13.5826 5.40414 8.43031 5.42015 5.56973 8.75381 5.43929 5.90009 11.9091 8.26265 2.64238 4.01353 5.74861 2.304
threshold=1.4700000000000033 37.050000000000004 6.3500000000000014 34.150000000000013 27.550000000000004 13.010000000000007 3.1257837022888046 7.0500000000000016 2.3300000000000032 7.5500000000000016 12.440000000000007 28.250000000000004 3.2143826866127108 18.550000000000004
decision_type=2 2 2 2 2 2 2 2 2 2 2 2 2 2
left_child=-1 3 -3 6 -5 -6 7 8 -2 -9 -8 12 -12 -14
right_child=1 2 -4 4 5 -7 10 9 -10 -11 11 -13 13 -15
leaf_value=-0.03051796520498851 0.028928633944742956 0.0046883043611298881 -0.049878839358449167 -0.037674227710900086 0.021378454424474218 -0.034263737748375885 0.020220574749648907 0.022665513830847587 -0.031642828808986709 -0.026870954458707168 0.013880769998946897 0.022666390773127331 -0.0030793264834028692 -0.038579697309801278
leaf_weight=11.705842301249502 3.095790987834337 5.7756687514483911 3.3535729981958866 4.0157935339957467 6.097059238702057 2.9688170030713081 26.654929246753454 10.97136286459863 10.068194281309841 3.1351094469428054 6.6363098248839396 6.6373615115880957 3.090673491358757 3.0464756265282631
leaf_count=286 16 34 32 56 24 38 76 50 126 56 18 14 13 27
internal_value=-0.00136985 0.0024803 -0.0183019 0.00485999 -0.0123017 0.00156347 0.00804559 -0.00252987 -0.0163615 0.0106062 0.0142269 0.00540894 -0.00455299 -0.0236381
internal_weight=107.253 95.5471 9.12924 86.4179 13.0817 9.06588 73.3362 27.2705 13.164 14.1065 46.0657 19.4108 12.7735 6.13715
internal_count=866 580 66 514 118 62 396 248 142 106 148 72 58 40
is_linear=0
shrinkage=0.03


Tree=75
num_leaves=15
num_cat=0
split_feature=2 4 3 6 4 5 5 3 1 2 1 3 3 5
split_gain=12.4154 6.42648 8.53203 6.06961 4.59832 3.87123 6.83682 8.27531 3.93029 4.11884 11.1231 5.18469 3.85261 4.14879
threshold=30.460000000000001 70.610911439623877 3.1547707694454723 7.6500000000000012 79.60369199535829 979.66671752929699 425.98348999023443 3.4476772264594047 9.4600000000000026 38.530000000000015 14.910000000000004 3.2284846486846579 3.2727737905361018 69.747497558593764
decision_type=2 2 2 2 2 2 2 2 2 2 2 2 2 2
left_child=1 2 -1 4 5 6 8 -8 -2 10 12 -12 13 -10
right_child=3 -3 -4 -5 -6 -7 7 -9 9 -11 11 -13 -14 -15
leaf_value=-0.026994816377684611 -0.0072291107928204954 -0.033413286103678025 0.027556073594510816 -0.027410884420491305 -0.020663626761441338 0.028297610745524057 -0.031620653795280618 0.022700439948044469 -0.012179332966459818 0.029224943266661529 -0.0018604045317176005 -0.04645378235453592 0.027891505650532715 0.016979927363504229
leaf_weight=4.1718030143529194 9.2565283980220538 12.145660772919653 4.1500207148492336 3.9125112239271393 4.1686991564929476 7.2322696913033715 7.1637242473661882 2.8146701902151108 5.9893619120121064 10.686292611062525 6.1426742225885373 2.8874880075454712 14.41364300996065 11.184179443866013
leaf_count=89 90 244 10 81 40 29 75 5 30 25 36 32 31 42
internal_value=7.62924e-05 -0.0203534 0.000246999 0.00512509 0.00699041 0.00871624 0.00634108 -0.0156259 0.0101556 0.0133705 0.00859722 -0.0193294 0.0169291 0.00669989
internal_weight=106.32 20.4675 8.32182 85.852 81.9395 77.7708 70.5386 9.97839 60.5602 51.3036 40.6173 9.03016 31.5872 17.1735
internal_count=859 343 99 516 435 395 366 80 286 196 171 68 103 72
is_linear=0
shrinkage=0.03


Tree=76
num_leaves=15
num_cat=0
split_feature=1 7 3 5 1 2 0 7 8 0 3 8 1 2
split_gain=15.9708 7.01197 4.85152 5.70045 4.94323 3.84265 10.6133 4.82826 2.99214 2.87594 5.95076 2.86451 2.59768 2.53274
threshold=1.4700000000000033 48.650000000000013 2.9449759043833477 8.7914719581604022 19.290000000000006 26.630000000000006 22.867916666666673 23.650000000000006 36.45000000000001 26.984583333333337 3.1257837022888046 31.650000000000006 11.520000000000005 36.740000000000009
decision_type=2 2 2 2 2 2 2 2 2 2 2 2 2 2
left_child=-1 2 3 -2 5 -4 7 -7 9 10 11 -8 -12 -6
right_child=1 -3 4 -5 13 6 8 -9 -10 -11 12 -13 -14 -15
leaf_value=-0.030232244945233296 0.015698232032564957 -0.030406180775984688 0.031272816361993555 -0.021751862912233088 -0.029584971050931712 0.0015433991195306343 -0.024795386536671227 -0.034776872195988684 -0.0020477530908088802 0.029217051578580306 0.025488274459966497 0.010151116143357532 0.0083146783052138531 0.0078521871435223347
leaf_weight=11.247618123888968 4.8741535246372214 3.6055245921015731 7.5860515497624865 9.0394217018038017 3.1994972750544539 7.0284089595079404 4.1997103653848162 5.068533955141902 8.1836045645177347 13.095916360616682 17.905544959008694 2.8221936225891113 16.086447041481733 2.0944902822375298
leaf_count=293 18 55 25 154 42 47 39 59 33 26 39 11 49 8
internal_value=0.00222396 0.0059605 0.00754125 -0.00845956 0.0101592 0.0120119 0.00965893 -0.0151679 0.0146436 0.0171594 0.0127055 -0.0112354 0.0178309 -0.0158792
internal_weight=116.037 104.789 101.184 13.9136 87.2704 81.9764 74.3904 12.0969 62.2934 54.1098 41.0139 7.0219 33.992 5.29399
internal_count=898 605 550 172 378 328 303 106 197 164 138 50 88 50
is_linear=0
shrinkage=0.03


Tree=77
num_leaves=15
num_cat=0
split_feature=1 3 5 1 5 4 6 3 4 4 5 5 5 5
split_gain=15.2995 6.94309 8.35009 6.45641 4.25287 3.99527 4.48382 3.78355 4.44099 6.72182 3.59529 3.46403 2.52994 2.22705
threshold=1.4700000000000033 2.9449759043833477 8.7914719581604022 19.290000000000006 21.708230972290043 79.348307186312283 5.3500000000000014 3.1992860714962479 71.204038961733403 74.734951723723057 1.7735581994056704 98.751819610595717 452.35281372070318 706.39361572265636
decision_type=2 2 2 2 2 2 2 2 2 2 2 2 2 2
left_child=-1 2 -2 5 -5 6 11 8 12 10 -10 -3 -8 -7
right_child=1 3 -4 4 -6 13 7 -9 9 -11 -12 -13 -14 -15
leaf_value=-0.030091118271362512 0.015610185502557224 0.011856807826039938 -0.030753977584447662 0.014764800645852139 -0.032356818676794533 -0.025302981032695314 0.023068293278382352 0.023316524289908706 0.0063777760365442675 0.012473628027995414 -0.040059780885613676 -0.024115264608132535 0.0014541630920256474 0.0058123189440588878
leaf_weight=10.770340340211986 4.8413909487426272 3.7350937984883776 8.2302413452416641 1.8285095021128643 4.4163142181932926 3.0466326829046002 15.885764893144371 31.189770814031363 1.7989773303270329 8.433612169697879 3.9652096536010504 4.0701539777219296 7.0501012727618209 3.6270668916404247
leaf_count=281 18 12 162 8 61 26 50 74 7 38 48 36 35 17
internal_value=0.00233932 0.00601836 -0.0136929 0.00903179 -0.0184259 0.0112978 0.0132542 0.0157004 0.00885961 -0.00417051 -0.0267666 -0.00750973 0.0167628 -0.00983852
internal_weight=112.889 102.119 13.0716 89.0472 6.24482 82.8024 76.1287 68.3234 37.1337 14.1978 5.76419 7.80525 22.9359 6.6737
internal_count=873 592 180 412 69 343 300 252 178 93 55 48 85 43
is_linear=0
shrinkage=0.03


Tree=78
num_leaves=15
num_cat=0
split_feature=0 7 8 1 0 0 8 8 6 7 6 1 2 0
split_gain=9.36466 5.99071 5.60126 4.82623 4.81078 7.15818 6.14472 4.40186 3.49771 3.36978 8.64827 5.22108 2.9656 2.48791
threshold=11.847500000000005 11.350000000000003 38.750000000000007 19.290000000000006 24.478750000000002 12.422083333333338 25.450000000000006 47.20000000000001 6.5500000000000016 23.450000000000006 5.1500000000000012 1.8100000000000038 26.630000000000006 26.418750000000006
decision_type=2 2 2 2 2 2 2 2 2 2 2 2 2 2
left_child=-1 13 3 4 5 -3 12 -4 -5 -8 -11 -12 -7 -2
right_child=1 2 7 8 -6 6 9 -9 -10 10 11 -13 -14 -15
leaf_value=-0.028808040428173996 -0.034059568002481208 0.03400202887704324 -0.042161674316156854 -0.029984408105147176 0.017857600794245823 0.0071217527896531253 0.015091764982202943 0.0092725146281790564 0.013268142206546507 0.027801285286623942 0.015862567576002868 -0.034182664591667904 -0.030476552903851324 -0.0021447174256715397
leaf_weight=7.3396860230714074 3.7284425869584066 4.748557584360241 2.6855795346200457 3.9005076475441447 38.784435261040926 2.0430502481758577 13.811071027070286 2.0146456137299538 1.8550630807876585 3.6667715758085242 1.8528488520532826 6.3765675239264965 6.9661918506026268 4.3775744959712029
leaf_count=195 78 23 32 60 123 19 79 10 7 8 17 65 110 25
internal_value=0.00172943 0.00431546 0.0066293 0.00849502 0.0104881 0.00298338 -0.00209259 -0.0223565 -0.0161433 0.00548054 -0.00598277 -0.0224172 -0.0220906 -0.0189525
internal_weight=104.151 96.8113 88.7053 84.0051 78.2495 39.4651 34.7165 4.70023 5.75557 25.7073 11.8962 8.22942 9.00924 8.10602
internal_count=851 656 553 511 444 321 298 42 67 169 90 82 129 103
is_linear=0
shrinkage=0.03


Tree=79
num_leaves=15
num_cat=0
split_feature=7 3 4 8 6 4 1 1 1 3 8 7 4 6
split_gain=8.98422 7.57841 5.71683 4.91171 4.39421 5.53598 5.63733 5.33158 3.441 6.16008 3.38314 3.25421 3.05059 2.35155
threshold=48.650000000000013 3.1843677074975862 77.785706711804053 38.750000000000007 7.6500000000000012 64.041897412055818 11.520000000000005 2.0600000000000041 3.2300000000000062 3.0813554397222487 31.450000000000006 11.650000000000004 57.102871027605183 5.3500000000000014
decision_type=2 2 2 2 2 2 2 2 2 2 2 2 2 2
left_child=1 3 13 4 5 11 7 -7 -9 -10 -4 12 -1 -3
right_child=-2 2 10 -5 -6 6 -8 8 9 -11 -12 -13 -14 -15
leaf_value=-0.029475902612547719 -0.030834546712566444 0.0024707822865546896 0.0052386250810383481 -0.036515764914545348 -0.027400696653235027 -0.02647314956525397 -0.03006645945916504 0.02684120885264003 -0.030488560331830665 0.011157321515859324 -0.027098591485705627 0.020059399415329696 0.013832154414771801 0.02195992141531768
leaf_weight=1.8964910842478304 6.0127702392637721 7.1277596801519385 8.4105892665684205 2.7548225596547118 4.1214661765843621 4.1671227347105804 5.955040179193019 4.946509841829541 3.4176920820027581 10.565411277115343 3.2674699351191512 15.10894347168505 2.0946242492645979 29.981764040887356
leaf_count=29 125 39 37 29 95 125 54 26 53 42 25 96 12 74
internal_value=0.00206662 0.00424818 0.012736 -0.00337009 -0.000970643 0.00180303 -0.00638704 0.000712604 0.00772526 -0.000377095 -0.00523297 0.0139584 -0.00852943 0.0183796
internal_weight=109.828 103.816 48.7876 55.0281 52.2733 48.1518 29.0518 23.0967 18.9296 13.9831 11.6781 19.1001 3.99112 37.1095
internal_count=861 736 175 561 532 437 300 246 121 95 62 137 41 113
is_linear=0
shrinkage=0.03


Tree=80
num_leaves=15
num_cat=0
split_feature=7 3 6 4 8 0 4 5 4 7 3 3 4 4
split_gain=10.4401 10.4229 4.48869 5.31198 3.89323 6.84323 3.71078 8.02494 5.01944 3.14817 2.07677 7.0377 1.69536 5.27236
threshold=48.650000000000013 3.057091469495167 5.3500000000000014 75.09846144934474 34.95000000000001 23.945000000000004 60.49780147805604 5.4549217224121103 45.5441333723385 8.8500000000000032 2.9466585300336257 2.5169938541005239 71.204038961733403 73.271964336400472
decision_type=2 2 2 2 2 2 2 2 2 2 2 2 2 2
left_child=1 6 3 -3 12 -6 8 -8 -1 -10 11 -11 -4 -14
right_child=-2 2 4 -5 5 -7 7 -9 9 10 -12 -13 13 -15
leaf_value=-0.025898391134286224 -0.031167150380329939 -0.026552274431169247 0.024177936451011347 0.010356629312857935 0.023723317916061411 -0.021149994484171732 0.013791973315903209 -0.031427273961491059 -0.02152193410349915 0.029254640720221391 0.03517584534944776 -0.025149754113025027 -0.019902345458836981 0.016820560614794991
leaf_weight=3.3168808948248651 6.2928622793406239 4.7755618151277295 23.333133835345507 8.0283684805035573 4.398328945040701 6.0655747652053833 4.3147096000611773 11.107699589803813 1.3206842783838499 4.0084725208580476 3.0175312273204327 2.7765892334282398 3.1413898356258896 28.711950931698084
leaf_count=73 127 51 62 42 9 32 21 269 20 13 7 59 20 87
internal_value=0.00364206 0.00593097 0.011635 -0.00433578 0.0147681 -0.00186416 -0.00894601 -0.0187069 0.0020152 0.0117885 0.0178532 0.00662047 0.0178988 0.0127034
internal_weight=114.61 108.317 78.4543 12.8039 65.6504 10.4639 29.8626 15.4224 14.4402 11.1233 9.80259 6.78506 55.1865 31.8533
internal_count=892 765 303 93 210 41 462 290 172 99 79 72 169 107
is_linear=0
shrinkage=0.03


Tree=81
num_leaves=15
num_cat=0
split_feature=3 1 0 2 0 8 1 5 3 5 0 6 5 2
split_gain=9.39356 6.4073 8.29945 7.3909 6.74678 7.34033 5.3793 6.55841 9.87976 6.55165 4.75815 7.41782 4.6673 3.02266
threshold=3.1894620129180069 11.160000000000005 11.847500000000005 38.150000000000013 12.422083333333338 25.550000000000004 15.800000000000004 521.62640380859386 3.2208870241535634 2.8573021888732915 22.803750000000004 5.5500000000000016 425.98348999023443 27.150000000000009
decision_type=2 2 2 2 2 2 2 2 2 2 2 2 2 2
left_child=1 2 -1 -3 -4 -6 9 8 -8 -2 11 -11 -7 -14
right_child=6 3 4 -5 5 12 7 -9 -10 10 -12 -13 13 -15
leaf_value=-0.028515794038316038 -0.036110779851152734 -0.036708350440355232 0.036011289624235242 0.0048095027115445266 -0.021341421631961264 0.015806931084852475 0.018457375482539316 0.019548850755749012 -0.045540946050490631 -0.030942557152689319 0.024863395762870277 0.022673126543266066 0.012580710666452211 -0.029607067213188929
leaf_weight=6.9327185004949561 1.1251228526234616 10.083588246256111 4.4816273842006913 5.5975820496678343 9.1880219709128124 18.371837072074417 2.8032887130975706 4.6707197166979313 4.6859604977071285 3.2621783278882495 27.63133642077446 4.108377106487751 1.7145787626504887 3.126508254557848
leaf_count=193 10 107 20 23 157 110 6 13 65 43 63 9 9 61
internal_value=0.00126864 -0.00666446 -0.000625843 -0.0224882 0.00523091 2.27522e-05 0.0109802 -0.00591865 -0.0222334 0.0166745 0.0193271 -0.00191861 0.00901117 -0.0150695
internal_weight=107.783 59.4965 43.8153 15.6812 36.8826 32.4009 48.287 12.16 7.48925 36.127 35.0019 7.37056 23.2129 4.84109
internal_count=889 680 550 130 357 337 209 84 71 125 115 52 180 70
is_linear=0
shrinkage=0.03


Tree=82
num_leaves=15
num_cat=0
split_feature=1 1 5 6 5 8 8 0 1 5 1 1 4 4
split_gain=13.4887 4.72456 4.55911 4.668 3.40948 2.60315 2.11879 3.02455 5.44253 3.25347 5.04657 4.1478 3.04799 2.48752
threshold=5.8300000000000036 19.290000000000006 1597.0859985351565 6.4500000000000011 20.306879997253422 34.250000000000007 38.750000000000007 26.984583333333337 14.650000000000002 327.95318603515631 9.2500000000000053 9.9800000000000058 79.685427652029958 78.201792962166664
decision_type=2 2 2 2 2 2 2 2 2 2 2 2 2 2
left_child=2 6 5 -4 -3 -1 7 8 9 11 -11 -2 -12 -10
right_child=1 4 3 -5 -6 -7 -8 -9 13 10 12 -13 -14 -15
leaf_value=-0.031127558751690026 -0.0010994821266423138 0.012669423736628525 0.023835965067339579 -0.023101936866128249 -0.03026853227924008 0.0015969843432196381 -0.0041156838194748076 0.024332669984777167 -0.031683132874117968 0.018227311561773162 -0.024032825839755113 0.022101774206594475 0.010788842875560284 0.0033544963603099947
leaf_weight=12.689101200550796 8.9712916389107686 1.8725299388170231 3.4755844287574282 2.3448970057070255 3.7335675079375505 2.4912687707692376 7.679461993277072 13.714452292770146 3.0634299740195265 6.9406689293682566 6.3289210610091668 28.233304034918547 2.5829007737338543 2.9940601289272308
leaf_count=344 63 9 18 55 57 28 42 36 28 30 58 82 9 12
internal_value=0.00324992 0.00852318 -0.0177778 0.00431147 -0.0161797 -0.0259903 0.0104207 0.0119885 0.00876756 0.0118838 0.000430661 0.0166248 -0.0138702 -0.0163435
internal_weight=107.115 86.1146 21.0009 5.82048 5.6061 15.1804 80.5085 72.829 59.1146 53.0571 15.8525 37.2046 8.91182 6.05749
internal_count=871 426 445 73 66 372 360 318 282 242 97 145 67 40
is_linear=0
shrinkage=0.03


Tree=83
num_leaves=15
num_cat=0
split_feature=3 4 1 8 7 0 7 8 8 8 4 0 8 1
split_gain=11.563 6.58997 6.06247 4.41132 5.41537 7.43105 3.91106 3.49461 4.79511 3.38514 4.27909 2.86711 6.8349 3.11447
threshold=3.0714946912363077 60.49780147805604 9.4600000000000026 38.750000000000007 36.150000000000013 22.93458333333334 28.450000000000006 19.350000000000005 19.250000000000004 34.750000000000007 65.908679056983772 20.900833333333342 34.250000000000007 13.730000000000006
decision_type=2 2 2 2 2 2 2 2 2 2 2 2 2 2
left_child=1 2 6 4 11 9 -1 8 -3 10 -6 12 -2 -13
right_child=3 7 -4 -5 5 -7 -8 -9 -10 -11 -12 13 -14 -15
leaf_value=-0.028009455962521333 -0.030912583327869305 -0.022902851321425746 0.021012799859082897 -0.016935827992460975 0.025526487056428963 -0.041119789654535069 0.01303968555756224 -0.033162120837340013 0.033035332638742677 0.029448077158370781 -0.02675695509750842 0.020001279738300775 0.025555375880686446 0.0036054789991472542
leaf_weight=5.5083439294248837 3.2268688660114995 2.4023229051381376 6.5262775346636772 5.0354010723531237 1.2928058095276336 3.2216356750577688 2.3661971129477024 12.579900994896887 1.3194580078125002 2.7504453845322132 2.8066465742886066 38.577601421624422 2.5797092318534851 14.845851045101879
leaf_count=136 41 76 25 34 2 42 24 269 1 5 51 108 4 63
internal_value=0.00159347 -0.0136232 0.00128221 0.00797565 0.0100009 -0.00961713 -0.0155953 -0.0261037 -0.000275072 0.00854997 -0.0084964 0.013441 -0.00575658 0.015595
internal_weight=105.039 30.7025 14.4008 74.337 69.3016 10.0715 7.87454 16.3017 3.72178 6.8499 4.09945 59.23 5.80658 53.4235
internal_count=881 531 185 350 316 100 160 346 77 58 53 216 45 171
is_linear=0
shrinkage=0.03


Tree=84
num_leaves=15
num_cat=0
split_feature=0 3 1 0 8 1 6 2 8 3 0 3 1 0
split_gain=8.80469 4.61196 6.12072 5.80137 4.91396 4.90652 4.3979 4.24246 4.75905 3.2128 3.57409 2.25692 3.40048 2.21772
threshold=11.847500000000005 3.1257837022888046 11.160000000000005 28.092916666666671 30.350000000000005 12.200000000000006 7.6500000000000012 31.090000000000003 19.550000000000004 3.2451076540396682 24.407916666666669 2.7024476192268243 9.4600000000000026 22.93458333333334
decision_type=2 2 2 2 2 2 2 2 2 2 2 2 2 2
left_child=-1 2 6 -4 13 -6 7 8 -2 -7 -11 -9 -13 -3
right_child=1 4 3 -5 5 9 -8 11 -10 10 -12 12 -14 -15
leaf_value=-0.028220988631136524 0.020993896090147249 0.00037159614383994264 -0.035931767231068508 0.014679843244214529 -0.025213523326663562 0.016372230434085207 -0.025581944474011686 0.026826722184591166 -0.028077992972151133 0.013835406098300704 -0.020406403674336465 -0.012695080808769674 0.017566627152004105 0.019274321818735965
leaf_weight=6.7402333579957476 1.819626534357673 6.7274415343999854 6.8296297527849656 2.1306816339492798 4.7610562480986145 10.972631946206095 3.0741507783532134 7.3000441379845169 4.2589858286082745 3.7974185571074468 5.5934771597385406 4.6418773978948575 7.4084616340696812 33.111577678471804
leaf_count=204 17 42 84 10 39 27 77 36 97 12 44 74 27 108
internal_value=0.00267938 0.00496599 -0.00336212 -0.0236312 0.00974683 -0.000666528 0.00359472 0.00795643 -0.0124978 0.00598421 -0.00656102 0.0146802 0.00583006 0.0161696
internal_weight=109.167 102.427 37.4635 8.96031 64.9636 25.1246 28.5031 25.429 6.07861 20.3635 9.3909 19.3504 12.0503 39.839
internal_count=898 694 422 94 272 122 328 251 114 83 56 137 101 150
is_linear=0
shrinkage=0.03


Tree=85
num_leaves=15
num_cat=0
split_feature=0 5 0 3 6 8 6 8 6 1 5 3 7 3
split_gain=9.36162 8.61482 4.33219 6.93358 6.1917 6.4782 5.60818 4.03587 3.36736 5.90734 6.55018 5.10685 2.91198 2.14791
threshold=11.847500000000005 2.2758069038391118 12.422083333333338 3.1354791688768633 7.0500000000000016 38.45000000000001 7.6500000000000012 36.350000000000009 5.9500000000000011 16.050000000000008 500.79193115234381 3.2016181948837201 12.450000000000001 3.1257837022888046
decision_type=2 2 2 2 2 2 2 2 2 2 2 2 2 2
left_child=-1 -2 -3 4 5 13 12 8 9 11 -11 -5 -6 -4
right_child=1 2 3 7 6 -7 -8 -9 -10 10 -12 -13 -14 -15
leaf_value=-0.028028618193410688 -0.036218396483573112 0.034620465588665529 -0.028664209637362836 -0.012003554075820847 -0.0014981705360937153 0.01831649978898461 -0.024351648350011662 -0.0085499891732725153 0.024473262379930274 -0.039385256253527935 0.014509542786898092 0.020741319880620186 0.026675245983799809 0.0064735304463008425
leaf_weight=6.4604908823966971 3.0614769682288161 4.4622332975268355 12.428786624222996 4.5373780988156822 4.8945986405015018 3.1700435876846305 2.7768479753285638 6.5009870119392863 21.592635929584503 3.3604742903262368 3.0510149709880352 22.76884213835001 8.5369341354817134 1.4005481600761402
leaf_count=200 31 20 203 33 39 12 73 39 49 50 10 64 43 9
internal_value=0.0045075 0.00680827 0.00847966 0.00690428 -0.00407535 -0.0162786 0.00892568 0.012774 0.0153877 0.00903196 -0.0152412 0.0150684 0.0170161 -0.0249091
internal_weight=109.003 102.543 99.4813 95.0191 33.2078 16.9994 16.2084 61.8113 55.3103 33.7177 6.41149 27.3062 13.4315 13.8293
internal_count=875 675 644 624 379 224 155 245 206 157 60 97 82 212
is_linear=0
shrinkage=0.03


Tree=86
num_leaves=15
num_cat=0
split_feature=3 4 4 5 4 8 8 8 7 7 5 8 5 1
split_gain=13.2219 6.2168 5.49273 6.82283 4.7798 4.46522 4.0998 4.01027 3.79163 5.57026 3.73564 3.14186 2.93043 2.26105
threshold=3.1894620129180069 79.348307186312283 71.130346869126086 174.15545654296878 88.28585784289217 12.600000000000003 29.150000000000006 31.650000000000006 28.450000000000006 29.850000000000005 706.39361572265636 38.45000000000001 6.7396569252014169 14.910000000000004
decision_type=2 2 2 2 2 2 2 2 2 2 2 2 2 2
left_child=2 12 3 6 5 -4 -1 8 -5 -10 -3 -7 -2 -14
right_child=1 10 4 7 -6 11 -8 -9 9 -11 -12 -13 13 -15
leaf_value=0.022267856846701961 -0.0027210229417180282 -0.027963110214064724 0.0077568960856426511 -0.030554839161198652 0.023689302890573562 -0.036866580765413368 -0.010598460024914751 0.0046490400591561853 0.031633449846610789 -0.02435916916472726 0.010565331492908808 0.0017351128542298429 0.025780233759476238 0.0085072511658407634
leaf_weight=12.199701800942423 4.9641760364174834 3.7790645100176325 2.8011769428849282 9.1931325811892766 1.2717547640204419 11.672845039516686 3.9310864061117163 8.8738422300666553 2.0114527326077214 2.4153811279684305 3.5414416156709194 2.1290895938873282 27.27822838537395 10.738999262452124
leaf_count=58 21 50 31 196 2 242 31 57 4 59 13 14 75 45
internal_value=0.00312349 0.014171 -0.00678763 -0.00029809 -0.0200517 -0.0245576 0.0141072 -0.0107892 -0.0204777 0.00222354 -0.0102945 -0.0311969 0.0184773 0.0212441
internal_weight=106.801 50.3019 56.4995 38.6246 17.8749 16.6031 16.1308 22.4938 13.62 4.42683 7.32051 13.8019 42.9814 38.0172
internal_count=898 204 694 405 289 287 89 316 259 63 63 256 141 120
is_linear=0
shrinkage=0.03


Tree=87
num_leaves=15
num_cat=0
split_feature=1 6 5 7 8 5 7 1 0 6 3 7 8 0
split_gain=8.20749 5.66577 5.76115 4.84859 4.20475 3.95469 4.74825 3.04817 4.16461 8.29295 3.34312 4.58571 3.58545 2.32227
threshold=7.5500000000000025 6.4500000000000011 1597.0859985351565 36.150000000000013 35.550000000000004 5.4549217224121103 14.450000000000001 13.420000000000007 27.23833333333334 5.7500000000000009 3.1816206352315439 20.050000000000004 28.150000000000006 26.818750000000005
decision_type=2 2 2 2 2 2 2 2 2 2 2 2 2 2
left_child=1 2 5 7 13 -1 -7 10 9 -9 11 12 -2 -5
right_child=3 -3 -4 4 -6 6 -8 8 -10 -11 -12 -13 -14 -15
leaf_value=0.019497773054582938 0.0051852718639616999 -0.030214583493192938 0.02294135207427872 -0.039386443356091018 0.010188064961556147 0.019833760377033795 -0.030466665283318088 0.005872080855023395 0.010990570864473199 -0.049435030528933242 0.021473215643390553 0.019715103521659776 -0.024479192135431739 0.0011219217959325487
leaf_weight=1.8637955226004148 9.8276353217661399 8.8758099358528835 4.9634963832795611 3.5161774773150665 3.7057409584522247 1.3724443167448024 7.4877335745841265 6.3271208219230193 12.944805286824701 2.7964862491935492 24.4066650159657 10.730529215186833 4.6127826310694209 1.6985815018415449
leaf_count=11 53 253 23 41 21 6 199 29 51 34 68 38 44 17
internal_value=0.0024498 -0.0124117 -0.001132 0.00707742 -0.0127923 -0.0132805 -0.0214538 0.0096934 0.000373125 -0.0142888 0.0137527 0.00573217 -0.0052623 -0.0281344
internal_weight=105.13 24.5633 15.6875 80.5665 8.9205 10.724 8.86018 71.646 22.0684 9.12361 49.5776 25.1709 14.4404 5.21476
internal_count=888 492 239 396 79 216 205 317 114 63 203 135 97 58
is_linear=0
shrinkage=0.03


Tree=88
num_leaves=15
num_cat=0
split_feature=0 7 6 6 6 4 2 0 7 6 0 2 2 2
split_gain=7.42833 4.48616 4.94788 4.81878 5.46242 4.16771 4.24079 10.6896 2.90428 3.83519 2.58603 2.30532 1.93282 4.10197
threshold=12.106666666666671 11.350000000000003 5.3500000000000014 5.1500000000000012 5.0500000000000016 79.348307186312283 36.810000000000009 28.044166666666673 31.600000000000005 5.8500000000000014 26.418750000000006 38.150000000000013 33.910000000000011 31.170000000000005
decision_type=2 2 2 2 2 2 2 2 2 2 2 2 2 2
left_child=-1 10 3 4 -3 6 8 11 12 -10 -2 -8 13 -4
right_child=1 2 5 -5 -6 -7 7 -9 9 -11 -12 -13 -14 -15
leaf_value=-0.028061726363620244 -0.03419707377036077 -0.027493086096698007 0.021824615940393394 -0.037982760427153678 0.01900641454150272 -0.015818480420108909 -0.041230765785543175 0.025551551406055653 0.010306105271536059 -0.027759748189781396 -0.00048270499151047109 -0.0083625313585973891 0.021955954410037757 -0.0029154528301076109
leaf_weight=6.2711944207549086 3.2284744549542657 2.6745075602084381 10.871283914893867 3.3332157246768475 4.9700548648834229 5.197811644524335 3.4648981001228076 5.2375566810369492 6.5152127463370544 2.4926360007375479 4.0264678671956062 4.5170589759945869 25.859190758317709 11.841126060113309
leaf_count=200 72 51 73 42 19 38 38 11 36 42 24 32 102 89
internal_value=0.00117995 0.00340029 0.00535195 -0.012702 0.00143972 0.00809095 0.0100422 -0.00498248 0.0135178 -0.00194868 -0.0178109 -0.0256322 0.0163676 0.00934736
internal_weight=100.501 94.2295 86.9746 10.9778 7.64456 75.9968 70.799 13.2195 57.5794 9.00785 7.25494 7.98196 48.5716 22.7124
internal_count=869 669 573 112 70 461 423 81 342 78 96 70 264 162
is_linear=0
shrinkage=0.03


Tree=89
num_leaves=15
num_cat=0
split_feature=7 6 1 1 3 6 4 2 2 3 1 0 4 1
split_gain=7.64698 5.71882 2.85026 3.1377 4.61132 2.26111 2.09432 3.04705 9.60155 3.39159 10.1416 3.1395 5.49413 2.08782
threshold=48.650000000000013 7.5500000000000016 19.290000000000006 1.4700000000000033 2.5169938541005239 6.5500000000000016 59.046448644179698 38.530000000000015 36.600000000000001 3.1366698429303415 10.510000000000005 22.803750000000004 70.610911439623877 11.070000000000006
decision_type=2 2 2 2 2 2 2 2 2 2 2 2 2 2
left_child=1 2 3 4 -1 -4 13 8 9 10 -8 12 -11 -5
right_child=-2 -3 5 6 -6 -7 7 -9 -10 11 -12 -13 -14 -15
leaf_value=0.021851885054387434 -0.029476368321444339 -0.026769230145310539 -0.028092746171953321 -0.026725029951461698 -0.026364488111466026 0.0083732733753703603 0.013981067037267734 0.024062133338070467 -0.033637831681979605 0.0219999502295108 -0.033597551098082414 0.018608395701566766 -0.020851704904830026 0.007811280810950675
leaf_weight=1.7564378101378668 5.3257787656038991 4.0071878135204306 2.8421769812703124 1.974483586847781 4.5061276815831661 1.9346758015453813 11.916409283876421 11.376078024506567 3.7901043184101573 4.0065253823995572 4.8626631442457429 36.140687596052885 4.8299625068902969 2.6289727911353111
leaf_count=12 134 104 43 35 159 8 100 28 29 9 65 96 42 10
internal_value=0.0025272 0.00457614 0.00620469 0.00747742 -0.0116946 -0.0144308 0.00907402 0.0102665 0.00754651 0.0105698 -0.000921642 0.0147836 -0.00116112 -0.00912762
internal_weight=101.898 96.5725 92.5653 87.7885 6.26257 4.77685 81.5259 76.9224 65.5464 61.7562 16.7791 44.9772 8.83649 4.60346
internal_count=874 740 636 585 171 51 414 369 341 312 165 147 51 45
is_linear=0
shrinkage=0.03


Tree=90
num_leaves=15
num_cat=0
split_feature=4 1 7 0 5 7 3 3 7 8 3 4 4 8
split_gain=8.31058 6.04021 4.29858 5.01894 3.28146 3.2105 4.97921 3.16561 3.10006 3.07408 1.62804 5.83865 4.88033 2.55959
threshold=79.348307186312283 1.4700000000000033 11.650000000000004 27.143333333333342 706.39361572265636 34.150000000000013 3.2016181948837201 2.5169938541005239 28.450000000000006 38.750000000000007 3.1894620129180069 69.495837717070586 74.734951723723057 26.250000000000004
decision_type=2 2 2 2 2 2 2 2 2 2 2 2 2 2
left_child=1 7 3 -3 -2 9 -7 8 -1 10 11 13 -13 -4
right_child=4 2 5 -5 -6 6 -8 -9 -10 -11 -12 12 -14 -15
leaf_value=-0.018601484372335102 -0.03925487942550903 -0.03562760725385903 0.00019739223642226209 0.0088690491320635445 0.00039504915279979101 -0.030394105532868979 0.0094498977468632783 -0.027921659579211253 0.030487636402160567 -0.01024066560625519 0.018702763638266617 -0.025163898259472819 0.012487279307061488 0.022596214424991112
leaf_weight=1.3439537268131956 4.8186081591993561 3.4687999580055466 6.2162820845842388 4.0187068432569504 2.7450419440865517 3.581859974190591 6.5033916272222996 6.4000464268028736 1.3645779304206369 4.700831599533557 27.635840322822332 6.1039212327450496 4.6694109253585339 16.761755930259824
leaf_count=38 110 65 52 19 15 55 28 218 2 30 86 68 29 70
internal_value=0.00181458 0.00438103 0.00695645 -0.0135142 -0.0264991 0.00911766 -0.00616632 -0.0176219 0.00768212 0.0115072 0.01331 0.00848329 -0.00917046 0.0167976
internal_weight=100.333 92.7694 83.6608 7.48751 7.56365 76.1733 10.0853 9.10858 2.70853 66.088 61.3872 33.7514 10.7733 22.978
internal_count=885 760 502 84 125 418 83 258 40 335 305 219 97 122
is_linear=0
shrinkage=0.03


Tree=91
num_leaves=15
num_cat=0
split_feature=7 4 6 4 4 4 6 5 3 4 4 5 7 6
split_gain=11.2963 5.02169 4.1882 2.82076 4.31452 2.72974 4.04167 3.99392 3.06282 4.6175 5.23247 3.9613 6.9705 2.04787
threshold=34.150000000000013 79.286847359170736 7.6500000000000012 79.751922494143841 88.28585784289217 79.348307186312283 5.3500000000000014 125.88970184326173 3.1992860714962479 69.616979873458831 74.734951723723057 425.98348999023443 24.850000000000005 5.9500000000000011
decision_type=2 2 2 2 2 2 2 2 2 2 2 2 2 2
left_child=2 -2 5 -3 -5 6 7 -1 9 11 -11 -8 -13 -12
right_child=1 3 -4 4 -6 -7 8 -9 -10 10 13 12 -14 -15
leaf_value=0.0071736638073282922 -0.037410612027305487 0.020192740780381049 -0.024903392514768346 -0.029848044348184416 0.021380944792116701 -0.014790794768318323 0.017553359471119762 -0.034555568998534437 0.018362006869254478 -0.029514797463538231 0.019112272314818452 -0.033312228000557359 0.018270084169818575 -0.0093095881719075912
leaf_weight=3.7901242524385443 8.0208364725112897 2.1407433133572331 3.0684005394577971 3.6731910910457373 1.3253735229372976 4.2314408477395764 22.236685961484913 2.9042835310101509 24.324949737638235 5.4085749145597202 4.08815504796803 3.4924730509519568 4.0308669023215771 3.3079584371298552
leaf_count=22 159 6 89 96 3 31 109 38 71 80 23 68 25 56
internal_value=0.000413051 -0.0225135 0.00493266 -0.00323697 -0.0149647 0.0064102 0.00781132 -0.0130682 0.0100627 0.00500715 -0.00956247 0.011383 -0.00677433 0.00680564
internal_weight=96.0441 15.1601 80.8839 7.13931 4.99856 77.8155 73.5841 6.69441 66.8897 42.5647 12.8047 29.76 7.52334 7.39611
internal_count=876 264 612 105 99 523 492 60 432 361 159 202 93 79
is_linear=0
shrinkage=0.03


Tree=92
num_leaves=15
num_cat=0
split_feature=3 7 6 5 4 6 6 8 3 4 5 0 8 0
split_gain=9.10149 7.25353 5.80149 5.75073 4.20646 3.82541 4.16965 3.17487 4.00498 7.4741 5.31623 1.21052 1.17789 0.953591
threshold=2.9449759043833477 48.650000000000013 5.3500000000000014 204.7594909667969 79.348307186312283 7.3500000000000014 7.6500000000000012 36.95000000000001 3.1257837022888046 61.181187527156411 27.666241645812992 24.106250000000006 29.550000000000004 26.639166666666672
decision_type=2 2 2 2 2 2 2 2 2 2 2 2 2 2
left_child=5 2 3 12 7 -1 11 8 9 -4 -11 -7 -2 -12
right_child=1 -3 4 -5 -6 6 -8 -9 -10 10 13 -13 -14 -15
leaf_value=-0.030498862030691687 -0.0074875301590935361 -0.028461897306492401 0.02954220092225078 -0.035971858844710505 -0.01096893746773304 -0.0024728656978517619 -0.025522338181583819 -0.0035895155842409587 0.021451642592550779 0.014271936381828592 -0.033002556961991857 0.022794833407395333 0.014281469689480068 -0.0042473393538085763
leaf_weight=8.2298774253577012 3.0520666837692243 4.0921215265989295 5.1530712079256764 3.9002514034509659 5.9181028120219699 2.649769075214861 3.2899819929152727 7.6662585195153943 40.077360346913338 3.7529455907642824 4.6458961330354214 3.0340543277561665 4.2771101780235767 1.6730758585035799
leaf_count=234 31 99 13 54 36 35 95 39 116 19 92 8 16 11
internal_value=0.00236176 0.006454 0.0085663 -0.010732 0.0118207 -0.016923 -0.00266299 0.0141006 0.0165731 0.0032004 -0.0117278 0.0124076 0.00540569 -0.0270096
internal_weight=101.412 84.2083 80.1161 11.2294 68.8867 17.2037 8.97381 62.9686 55.3023 15.225 10.0719 5.68382 7.32918 6.31897
internal_count=898 526 427 101 326 372 138 290 251 135 122 43 47 103
is_linear=0
shrinkage=0.03


Tree=93
num_leaves=15
num_cat=0
split_feature=1 0 0 0 4 5 7 4 5 8 6 5 6 4
split_gain=7.38047 6.82281 4.11329 7.46131 7.24529 4.10343 6.04299 3.88432 3.26765 2.8351 2.93307 4.88226 2.74686 3.19548
threshold=14.650000000000002 11.847500000000005 12.422083333333338 22.803750000000004 71.204038961733403 239.35860443115237 20.150000000000006 62.951702854011863 116.88344573974611 34.250000000000007 6.3500000000000014 327.95318603515631 5.5500000000000016 76.874082845919162
decision_type=2 2 2 2 2 2 2 2 2 2 2 2 2 2
left_child=1 -1 -3 4 7 8 -7 -4 12 10 11 -2 -5 -14
right_child=9 2 3 5 -6 6 -8 -9 -10 -11 -12 -13 13 -15
leaf_value=-0.02693884887325269 -0.044461794552085827 0.030204661861760667 -0.024225758455252881 0.020189398533660755 -0.033584530888345482 -0.027649727766329894 0.012094757346783959 0.010183782180297701 0.024814015007062522 -0.039843261976003484 0.0062019557680332762 0.0072336675163709001 -0.015910354688921446 0.013523678770796303
leaf_weight=5.3555725254118434 2.9309344999492151 4.6129828616976729 2.9110364932566908 6.4716110005974796 7.1298331897705784 4.8561302889138442 7.4266689904034138 11.095464134588836 16.010475197806954 3.681456694379448 4.9168542623519897 2.4082129765301943 6.4469391312450153 5.0202071592211723
leaf_count=197 50 23 91 16 127 62 25 88 55 40 22 14 41 14
internal_value=-0.000762464 0.00293087 0.00549191 0.00338269 -0.01105 0.0100753 -0.00451726 0.0018945 0.015333 -0.0200805 -0.010077 -0.0236818 0.00600775 -0.00297326
internal_weight=91.2744 77.3369 71.9813 67.3684 21.1363 46.232 12.2828 14.0065 33.9492 13.9375 10.256 5.33915 17.9388 11.4671
internal_count=865 739 542 519 306 213 87 179 126 126 86 64 71 55
is_linear=0
shrinkage=0.03


Tree=94
num_leaves=15
num_cat=0
split_feature=3 3 7 6 4 5 6 4 4 4 2 4 0 6
split_gain=11.0909 6.27058 6.69713 3.60128 5.24316 3.25095 2.92169 2.91777 2.70562 7.0692 1.20109 1.29299 0.975361 0.408191
threshold=3.0714946912363077 2.7024476192268243 16.250000000000004 5.3500000000000014 75.713853294766523 6.7396569252014169 6.9500000000000011 78.944840532538166 73.703634847150667 71.204038961733403 38.530000000000015 67.555038597675278 23.111250000000009 5.5500000000000016
decision_type=2 2 2 2 2 2 2 2 2 2 2 2 2 2
left_child=1 2 -1 4 -2 -5 7 8 9 10 11 -7 -6 -10
right_child=3 -3 -4 5 12 6 -8 -9 13 -11 -12 -13 -14 -15
leaf_value=-0.027223854936884232 -0.033573032471983594 -0.031929293007156322 0.020008457512926171 -0.01224698933007211 0.015755065353740948 -0.0019801892426720567 -0.011285999159076776 -0.008930817625896972 0.027626128458837641 -0.023535812167542771 0.025877995457685789 0.016601816922035356 -0.005332912052216662 0.013994586772828705
leaf_weight=3.7310417145490664 4.3454320412129146 14.045946674421428 5.2992129065096378 6.3051631413400164 3.1790089048445225 5.4923729617148691 4.7752498909831038 4.8077755142003289 10.105158731341364 4.4379592444747678 5.7981697395443907 6.9966092444956303 3.0202957279980183 7.1234532427042714
leaf_count=96 59 383 40 35 21 28 21 29 25 35 11 28 32 27
internal_value=-0.00261352 -0.0200682 -0.000275134 0.00366155 -0.011699 0.0067169 0.00932525 0.0117227 0.0143654 0.00707429 0.0153379 0.00888889 0.00616736 0.0230669
internal_weight=89.4628 23.0762 9.03025 66.3866 10.5447 55.8419 49.5367 44.7615 39.9537 22.7251 18.2872 12.489 6.1993 17.2286
internal_count=870 519 136 351 112 239 204 183 154 102 67 56 53 52
is_linear=0
shrinkage=0.03


Tree=95
num_leaves=15
num_cat=0
split_feature=3 1 0 4 5 5 3 1 2 0 3 3 3 2
split_gain=9.0528 6.17894 5.73547 7.14967 4.32208 4.24418 4.56173 5.71587 3.04561 3.92208 3.65363 1.4273 2.15056 0.930271
threshold=3.144658103782938 13.730000000000006 22.93458333333334 70.610911439623877 5.4549217224121103 706.39361572265636 3.2143826866127108 14.910000000000004 32.730000000000011 12.35791666666667 3.0714946912363077 2.4448084222322017 2.4356632402816483 34.350000000000009
decision_type=2 2 2 2 2 2 2 2 2 2 2 2 2 2
left_child=4 2 3 -2 -1 6 -3 -8 -6 -10 11 12 -11 -4
right_child=1 5 13 -5 8 -7 7 -9 9 10 -12 -13 -14 -15
leaf_value=0.0095146695282568618 0.017286997895263806 0.0029828382028674748 0.011223885199998413 -0.032597324466551628 -0.030010274313884613 0.016322363407702264 0.0043477082171676637 -0.050444796421120063 0.026924000129008141 -0.021600679982847662 0.0019715259932284505 -0.031149007222922211 0.018470273533016255 0.023643801144384056
leaf_weight=5.7985548488795748 4.2676631696522218 5.3799843117594701 12.382735539227726 4.1747106499969959 10.360653407871725 3.6103830635547629 2.3458017781376839 4.1491380576044321 1.4599217362701917 1.7509081121534127 7.5968807563185683 7.3081843983381987 1.1829504184424877 17.041901260614395
leaf_count=36 16 21 39 57 344 11 9 64 7 47 35 151 4 43
internal_value=-0.00136639 0.00640723 0.0128429 -0.00822035 -0.012918 -0.00915469 -0.0175667 -0.0327155 -0.0174709 -0.00959235 -0.0138513 -0.0247191 -0.00485574 0.0189578
internal_weight=88.8104 53.3523 37.867 8.44237 35.4581 15.4853 11.8749 6.49494 29.6595 19.2988 17.8389 10.242 2.93386 29.4246
internal_count=884 260 155 73 624 105 94 73 588 244 237 202 51 82
is_linear=0
shrinkage=0.03


Tree=96
num_leaves=15
num_cat=0
split_feature=3 1 5 5 5 3 3 3 6 4 5 1 6 1
split_gain=9.63856 4.75199 5.49474 3.93018 2.9261 2.90412 5.71797 3.81643 3.69395 3.39845 3.99456 3.21087 3.11388 1.34775
threshold=3.057091469495167 18.110000000000003 8.7914719581604022 2474.693237304688 2658.205688476563 3.1992860714962479 3.0872019983601215 3.1257837022888046 6.0500000000000016 79.348307186312283 706.39361572265636 11.370000000000003 5.3500000000000014 14.910000000000004
decision_type=2 2 2 2 2 2 2 2 2 2 2 2 2 2
left_child=1 2 -1 -4 -5 6 -2 -8 11 12 -11 -9 -7 -14
right_child=5 -3 3 4 -6 9 7 8 -10 10 -12 -13 13 -15
leaf_value=0.0078765900693913201 0.020783966859540277 0.02704536922613137 -0.031153906605755115 0.028294217570608883 -0.018916849719685509 -0.0020228283481651182 -0.03333448339023215 -0.032561538206349348 0.0095882697326666287 -0.030239097725452576 0.013395795351438202 0.0067060597818068774 0.025351116832889757 0.0095185424459221877
leaf_weight=5.6263028830289903 8.4189904537051934 1.569617087021469 13.909383184276523 1.382691849023103 1.392331765964627 6.0544565971940747 3.0962723121047047 3.7180120088160065 10.60570230707526 2.398792289197444 3.3503279238939285 2.6280953846871853 20.730436209589246 8.4389566332101804
leaf_count=37 32 6 425 3 39 44 41 54 34 37 11 10 55 28
internal_value=0.00320747 -0.0128871 -0.0167362 -0.0250121 0.00587043 0.00884675 0.00139817 -0.00734338 -0.00100363 0.0138652 -0.0065935 -0.0176005 0.0172943 0.0212379
internal_weight=93.3204 23.8803 22.3107 16.6844 2.77502 69.44 28.4671 20.0481 16.9518 40.973 5.74912 6.34611 35.2238 29.1694
internal_count=856 510 504 467 42 346 171 139 98 175 48 64 127 83
is_linear=0
shrinkage=0.03


Tree=97
num_leaves=15
num_cat=0
split_feature=1 4 1 6 2 6 3 1 4 2 6 1 6 2
split_gain=5.75696 3.64568 8.39112 3.43203 3.90123 5.58042 3.35276 3.00357 3.0257 9.10235 2.79666 2.48181 3.20074 2.3294
threshold=2.0600000000000041 79.348307186312283 11.790000000000008 5.3500000000000014 38.850000000000016 7.1500000000000012 2.5169938541005239 13.610000000000005 73.271964336400472 38.150000000000013 6.7500000000000009 8.9100000000000019 5.8500000000000014 26.630000000000006
decision_type=2 2 2 2 2 2 2 2 2 2 2 2 2 2
left_child=6 3 -3 -2 7 -6 10 11 9 -9 -1 12 -5 -14
right_child=1 2 -4 4 5 -7 -8 8 -10 -11 -12 -13 13 -15
leaf_value=0.029980834918321365 -0.011310494892944155 0.0091212661125046543 -0.048989685131096597 -0.024809709799392534 0.010473776003211319 -0.035512747023817445 -0.02837848569290476 -0.043183335766535796 0.0098355769115317081 0.021774878738621002 -0.017683508819672619 0.02063866961486048 0.030525294484950945 0.0011940980454021291
leaf_weight=1.2984000444412216 8.0122459977865201 5.0601503681391469 2.6831201612949371 1.8413791246712197 4.6507793180644503 3.2315082680433989 7.3975156163796782 3.2986803017556694 10.923108009621499 2.6991280354559422 1.2299122959375379 27.357870088890195 2.6723829265683872 7.5012765768915415
leaf_count=1 73 34 43 30 17 54 282 39 49 7 41 98 11 89
internal_value=0.00134498 0.00409031 -0.0143149 0.00623315 0.00856336 -0.010255 -0.0191137 0.0113313 0.000680063 -0.0150166 0.00835393 0.0157786 0.00397679 0.0109411
internal_weight=89.8575 79.9316 7.74327 72.1884 64.1761 7.88229 9.92583 56.2938 16.9209 5.99781 2.52831 39.3729 12.015 10.1737
internal_count=868 544 77 467 394 71 324 323 95 46 42 228 130 100
is_linear=0
shrinkage=0.03


Tree=98
num_leaves=15
num_cat=0
split_feature=0 6 6 4 2 7 3 4 6 8 2 7 4 6
split_gain=5.96371 4.04945 3.6617 3.97715 3.33713 5.3678 2.86295 4.48677 3.65195 2.67776 2.40374 2.07649 4.63384 3.89649
threshold=12.106666666666671 7.5500000000000016 5.3500000000000014 75.09846144934474 26.630000000000006 30.650000000000006 3.1894620129180069 69.495837717070586 5.5500000000000016 21.950000000000006 32.290000000000013 12.450000000000001 60.396975986830363 7.1500000000000012
decision_type=2 2 2 2 2 2 2 2 2 2 2 2 2 2
left_child=-1 2 3 -2 -4 6 7 11 -9 -10 -7 12 -6 -13
right_child=1 -3 4 -5 5 10 -8 8 9 -11 -12 13 -14 -15
leaf_value=-0.027208901465397017 -0.032307318891882986 -0.025935712509192101 0.024177218869145922 0.0025394000544384241 -0.032311034668974545 -0.0018496578355630734 0.014713270691081 0.010295002551679323 0.0045585761526940492 -0.038787506564002802 -0.036593117898301497 0.0017966538453617793 0.011704559192123858 0.031055252377304311
leaf_weight=5.4923673002049318 3.8591408450156433 3.2670337641611686 7.6040051355957976 7.1594294272363186 2.4224019031971755 3.5900825709104529 24.325234819203615 2.5761113073676807 1.4436596371233461 4.2149111423641443 2.8180686309933662 10.457948269322516 4.8869589334353805 5.8780184313654891
leaf_count=219 56 94 46 62 38 37 78 16 15 64 31 86 26 18
internal_value=0.000516928 0.00261615 0.00406582 -0.0113379 0.00660825 0.00412809 0.00718128 0.00116149 -0.0167107 -0.0287049 -0.0200057 0.00781111 -0.00501568 0.0135086
internal_weight=89.9954 84.503 81.236 11.0186 70.2174 62.6134 56.2052 31.88 8.23468 5.65857 6.40815 23.6453 7.30936 16.336
internal_count=886 667 573 118 455 409 341 263 95 79 68 168 64 104
is_linear=0
shrinkage=0.03


Tree=99
num_leaves=15
num_cat=0
split_feature=3 4 4 4 5 8 5 8 5 5 6 5 8 8
split_gain=6.40272 8.51906 5.40802 4.52817 4.12483 4.01679 3.93553 4.32926 4.13892 3.20683 2.36535 2.3293 2.26866 1.3515
threshold=3.1894620129180069 69.495837717070586 88.28585784289217 79.348307186312283 706.39361572265636 4.2500000000000009 211.42034149169925 33.850000000000009 2474.693237304688 10.049254417419435 5.4500000000000011 291.32678222656256 25.550000000000004 27.250000000000004
decision_type=2 2 2 2 2 2 2 2 2 2 2 2 2 2
left_child=1 6 5 9 13 -3 12 8 -8 -2 11 -11 -1 -5
right_child=3 2 -4 4 -6 -7 7 -9 -10 10 -12 -13 -14 -15
leaf_value=-0.0079612543631861071 -0.010935921974352067 0.010794603810351315 0.024168910256515894 -0.0039542069787799452 0.00768339220418737 -0.033948405755246984 -0.031867801671896533 0.010257672552090598 0.010096620408812398 0.013235245066733981 0.021239981793469899 -0.013824294326124703 0.017989293501167826 -0.046447754125939829
leaf_weight=3.3047952000051763 3.9046652577817431 1.5839246287941939 1.1696975231170661 1.1612578146159642 3.7458541728556156 13.872793661430476 6.6163771552965027 5.9317248947918406 2.3781003095209599 6.7871123515069502 21.49131628498435 3.5666644275188446 12.157481119036673 1.7347994316369293
leaf_count=38 22 5 1 21 15 310 179 33 35 33 60 28 56 28
internal_value=5.80075e-05 -0.0074906 -0.0240875 0.00840955 -0.0129689 -0.028986 0.00206814 -0.00863398 -0.0208725 0.0126262 0.0157603 0.00351719 0.0122961 -0.0347971
internal_weight=89.4066 47.0149 16.6264 42.3917 6.64191 15.4567 30.3885 14.9262 8.99448 35.7498 31.8451 10.3538 15.4623 2.89606
internal_count=864 657 316 207 64 315 341 247 214 143 121 61 94 49
is_linear=0
shrinkage=0.03


Tree=100
num_leaves=15
num_cat=0
split_feature=3 4 6 5 3 6 5 1 5 2 3 3 3 4
split_gain=8.02774 7.41097 3.88902 5.52033 3.34555 3.04898 4.92003 2.44195 3.86061 6.26118 2.84057 3.45924 6.30086 2.99318
threshold=2.9449759043833477 79.348307186312283 5.3500000000000014 204.7594909667969 2.661772263390878 6.4500000000000011 10.049254417419435 14.910000000000004 346.58076477050787 37.27000000000001 3.2016181948837201 2.9509721332821823 3.057091469495167 71.130346869126086
decision_type=2 2 2 2 2 2 2 2 2 2 2 2 2 2
left_child=4 2 3 -2 5 -1 -7 10 9 -9 11 -4 -13 -14
right_child=1 -3 7 -5 -6 6 -8 8 -10 -11 -12 12 13 -15
leaf_value=0.027613744048173031 0.009117255831990705 -0.022193505152738074 0.036672004497804035 -0.033058137355171949 -0.029843559125439983 0.021405505095525492 -0.027260862033967524 -0.032572509970106113 0.018322502187150119 0.011899256302186887 0.02470226550358064 -0.026977476220673095 0.018678748750504817 -0.0046318656454317503
leaf_weight=1.3786219358444194 6.5144542027264816 6.3854141449555746 2.6091932803392437 3.5159567287191749 7.3281334582716227 1.9638672173023222 4.4390986729413271 4.4353527314960974 6.5625803228467694 5.1853936240077019 18.228358786553144 3.6778227230533984 14.549865538254382 6.7814346719533196
leaf_count=3 34 91 4 57 241 3 126 41 20 17 51 101 50 47
internal_value=0.00273175 0.00662076 0.00944287 -0.0073232 -0.0166167 -0.00218056 -0.0114591 0.0122272 0.00204407 -0.00973957 0.0157013 0.00910501 0.00492956 0.0113925
internal_weight=93.5555 78.4458 72.0604 10.0304 15.1097 7.78159 6.40297 62.03 16.1833 9.62075 45.8467 27.6183 25.0091 21.3313
internal_count=886 513 422 91 373 132 129 331 78 58 253 202 198 97
is_linear=0
shrinkage=0.03


Tree=101
num_leaves=15
num_cat=0
split_feature=3 3 7 3 0 0 7 4 4 3 8 7 4 1
split_gain=7.29343 4.78161 5.06788 3.50159 3.61978 4.53355 6.01938 4.05671 4.44285 4.07778 2.55383 2.09382 2.31309 5.53007
threshold=2.9449759043833477 2.5169938541005239 21.750000000000004 2.9509721332821823 22.803750000000004 23.111250000000009 36.150000000000013 69.293729744249433 88.28585784289217 3.4609623799609448 35.850000000000009 31.600000000000005 64.041897412055818 14.470000000000004
decision_type=2 2 2 2 2 2 2 2 2 2 2 2 2 2
left_child=1 2 -1 -2 7 -6 10 -5 9 -9 11 12 -7 -14
right_child=3 -3 -4 4 5 6 -8 8 -10 -11 -12 -13 13 -15
leaf_value=-0.0229811306804974 0.033330117291992034 -0.030566365825406276 0.028782537767764176 0.011071134251374621 0.030483987758804423 0.021586975359835871 -0.025868047838299532 -0.032834481067171323 0.022581639342973261 0.017445196255849549 -0.0098659314515915537 0.027184984522033037 0.010060712836534327 -0.020808367593297898
leaf_weight=2.2457255832850924 2.7412140788510433 8.6289510400965792 2.6153557524085045 5.4353029206395176 5.6087085232138625 6.7464410215616217 4.5023786462843409 8.3295176252722687 1.2286349833011634 1.0716565623879439 5.8433740213513365 4.7464675046503535 21.068061750382189 5.8566144704818717
leaf_count=68 8 283 7 54 11 21 53 179 2 2 29 9 91 49
internal_value=0.00120474 -0.0182783 0.00502786 0.00499433 0.00344045 0.0071226 0.00387702 -0.00870883 -0.0189051 -0.0259768 0.00740747 0.0102184 0.00711162 0.00284141
internal_weight=86.6684 13.49 4.86108 73.1784 70.4372 54.372 48.7633 16.0651 10.6298 9.40117 44.261 38.4176 33.6711 26.9247
internal_count=866 358 75 508 500 263 252 237 183 181 199 170 161 140
is_linear=0
shrinkage=0.03


Tree=102
num_leaves=15
num_cat=0
split_feature=3 3 5 6 6 5 6 4 2 2 3 3 8 5
split_gain=9.2954 9.89606 4.95717 5.04911 3.10768 4.95276 6.3981 6.23563 2.86931 3.80987 3.69108 3.18076 2.09157 3.8337
threshold=3.0784820990345931 2.7024476192268243 21.708230972290043 6.4500000000000011 5.4500000000000011 68.76196670532228 5.6500000000000012 77.638038320188571 30.660000000000004 31.290000000000003 3.2727737905361018 3.333697093510787 30.550000000000004 517.58602905273449
decision_type=2 2 2 2 2 2 2 2 2 2 2 2 2 2
left_child=1 2 -1 -4 8 6 -6 -8 -2 -10 -11 -12 -7 -14
right_child=4 -3 3 -5 5 12 7 -9 9 10 11 -13 13 -15
leaf_value=0.027924301385920648 -0.027644024297319894 -0.032162260298457271 0.026824569448059995 -0.026707702589501867 0.019157520061654672 0.021709747478220121 -0.045052409679376154 0.0075773165703211503 0.023948608677710325 -0.032049789930897729 0.016779702705026857 -0.016764501391923044 -0.014082830993361573 0.018710580173111904
leaf_weight=4.2160678431391734 2.798802841454747 13.088727995753286 1.3674560934305189 4.1852522045373917 4.4533974528312665 20.631854662671689 3.7449816055595875 3.1008520498871803 3.8269142899662247 2.817792482674121 5.1432842537760717 3.3656814265996218 4.6191213689744455 6.6041890121996403
leaf_count=7 49 390 3 127 14 75 32 14 10 35 15 44 23 17
internal_value=-0.000115228 -0.0160306 0.00656294 -0.0114426 0.00600031 0.0102944 -0.00636022 -0.0232862 -0.00432037 0.00143202 -0.0075012 0.00314377 0.0162156 0.005166
internal_weight=83.9644 22.8575 9.76878 5.55271 61.1069 43.1544 11.2992 6.84583 17.9525 15.1537 11.3268 8.50897 31.8552 11.2233
internal_count=855 527 137 130 328 175 60 46 153 104 94 59 115 40
is_linear=0
shrinkage=0.03


Tree=103
num_leaves=15
num_cat=0
split_feature=7 4 5 1 1 0 5 7 0 8 0 1 4 8
split_gain=6.24412 3.88393 3.75004 5.26812 4.51471 5.88703 3.84035 4.41848 3.04288 2.72588 2.34557 4.28934 2.15764 2.09224
threshold=48.650000000000013 45.5441333723385 909.61682128906261 2.0600000000000041 13.730000000000006 28.044166666666673 211.42034149169925 20.150000000000006 22.867916666666673 30.950000000000006 24.106250000000006 3.2300000000000062 74.734951723723057 28.350000000000005
decision_type=2 2 2 2 2 2 2 2 2 2 2 2 2 2
left_child=1 -1 3 -3 6 9 10 -8 12 13 11 -5 -9 -6
right_child=-2 2 -4 4 5 -7 7 8 -10 -11 -12 -13 -14 -15
leaf_value=-0.023967251667259212 -0.027584731670881019 -0.025558368815622835 0.022499842355488939 0.0262856526770513 -0.017644293871809016 0.017920705328565139 -0.023706568914298176 -0.027294087970185392 0.020090677884510626 -0.030276911829300621 0.021630368137604085 -0.0068961126613750652 0.011202970015437637 0.011173552746909891
leaf_weight=2.6383355781435958 4.0748027078807345 3.7587762121111146 12.461004107259212 4.5654334239661685 3.4033676423132437 5.7128070928156367 4.4057318400591603 1.9418760873377308 6.7679849937558174 5.6498297043144703 25.18312924169004 8.6721640415489656 1.6008188501000402 3.7177104633301497
leaf_count=84 127 165 66 22 40 21 66 35 17 53 83 77 10 14
internal_value=0.00492636 0.00667606 0.00785587 0.00517219 0.00711471 -0.00544141 0.0115022 -0.0014791 0.00927488 -0.0164344 0.0163858 0.00559018 -0.0112618 -0.00307604
internal_weight=94.5538 90.479 87.8406 75.3796 71.6209 18.4837 53.1371 14.7164 10.3107 12.7709 38.4207 13.2376 3.54269 7.12108
internal_count=880 753 669 603 438 128 310 128 62 107 182 99 45 54
is_linear=0
shrinkage=0.03


Tree=104
num_leaves=15
num_cat=0
split_feature=7 8 6 0 0 3 4 6 3 7 6 4 4 6
split_gain=5.14786 4.62819 4.17082 3.06356 2.30649 3.27508 6.68531 3.77973 5.00949 2.63836 2.52387 1.99979 1.93395 1.1854
threshold=48.95000000000001 39.750000000000007 7.6500000000000012 11.847500000000005 12.422083333333338 3.1894620129180069 69.495837717070586 7.0500000000000016 3.0714946912363077 12.450000000000001 5.5500000000000016 71.130346869126086 79.348307186312283 5.3500000000000014
decision_type=2 2 2 2 2 2 2 2 2 2 2 2 2 2
left_child=1 2 3 -1 -5 6 7 8 -6 -9 -8 -12 13 -7
right_child=-2 -3 -4 4 5 12 10 9 -10 -11 11 -13 -14 -15
leaf_value=-0.021366494931750225 -0.026626361398328999 -0.024135149790897297 -0.024166289783481992 0.028614176787368398 -0.027448025446770094 0.0036763413738556397 -0.00032134277061935036 0.00099238764084666584 0.010539879055682542 0.030134363709996045 0.0028202417420255957 -0.036465180676199478 -0.0027402503026199717 0.019071667853319124
leaf_weight=2.0873017171397796 3.7409759331494561 3.5432321541011325 2.7463456876575938 4.4429636020213357 3.6409399788826731 6.0072465147823086 4.6490368470549566 4.1536771226674309 8.5839322060346586 8.0186717156320793 1.2914032563567159 4.7568269269540906 5.1608462072908869 27.246734462678432
leaf_count=104 121 36 97 25 86 35 37 35 40 32 15 87 32 83
internal_value=0.00391115 0.0055242 0.00706653 0.00842318 0.00948137 0.00795645 0.00125334 0.00986388 -0.00199406 0.0210203 -0.0175491 -0.028867 0.013893 0.0164791
internal_weight=90.0701 86.3292 82.7859 80.0396 77.9523 73.5093 35.0945 24.3972 12.2249 12.1723 10.6973 6.04823 38.4148 33.254
internal_count=865 744 708 611 507 482 332 193 126 67 139 102 150 118
is_linear=0
shrinkage=0.03


Tree=105
num_leaves=15
num_cat=0
split_feature=0 0 4 3 5 2 4 6 5 8 5 4 8 0
split_gain=4.94497 3.00252 5.23451 4.3462 6.1516 3.77092 2.9607 3.82371 3.2916 2.69622 2.27612 1.7965 2.73619 1.4605
threshold=11.847500000000005 12.422083333333338 79.751922494143841 3.1894620129180069 425.98348999023443 26.630000000000006 69.495837717070586 5.5500000000000016 103.66747665405275 22.950000000000006 6.7396569252014169 73.271964336400472 27.650000000000006 24.85916666666667
decision_type=2 2 2 2 2 2 2 2 2 2 2 2 2 2
left_child=-1 -2 3 4 6 -6 9 -8 -9 -3 -5 12 -12 -11
right_child=1 2 -4 10 5 -7 7 8 -10 13 11 -13 -14 -15
leaf_value=-0.025220653398340755 0.027052152547113816 -0.013406078493550277 -0.025556370750785845 -0.0067566923313700077 0.016570771488766518 -0.029592756960506509 0.013441606824720441 -0.035061715108455023 0.0043533502453307641 0.022084401958746325 0.019080166487794831 0.021000189066764059 -0.0068032097567669808 0.0055981146093188822
leaf_weight=3.979544701986014 4.5180444382131091 2.7479255134239819 4.0788553580641738 4.0454604774713507 1.2800735626369695 7.4324486199766397 4.1368535496294481 3.9117618026211858 2.791243770159781 10.687270576134326 6.2727803848683816 20.801360296085477 6.6558432430028915 9.7866011429578048
leaf_count=192 28 43 60 20 7 161 23 69 32 70 21 77 34 55
internal_value=0.00397489 0.00554351 0.00409272 0.00588905 -0.000689297 -0.0218025 0.00517897 -0.00731956 -0.0202142 0.0110746 0.0131636 0.0156785 0.00622327 0.0148316
internal_weight=93.1261 89.1465 84.6285 80.5496 42.7742 8.71252 34.0617 10.8399 6.70301 23.2218 37.7754 33.73 12.9286 20.4739
internal_count=892 700 672 612 460 168 292 124 101 168 152 132 55 125
is_linear=0
shrinkage=0.03


Tree=106
num_leaves=15
num_cat=0
split_feature=2 6 1 0 0 6 3 2 3 6 8 1 3 1
split_gain=4.50227 3.05377 2.86103 4.69564 5.53878 4.70903 3.06131 5.0197 4.5141 5.8411 2.8916 2.416 2.83705 1.85261
threshold=24.810000000000006 7.6500000000000012 11.520000000000005 22.867916666666673 19.458750000000006 5.5500000000000016 3.1894620129180069 38.620000000000012 3.2508857458718872 5.7500000000000009 38.45000000000001 1.4700000000000033 2.5169938541005239 16.050000000000008
decision_type=2 2 2 2 2 2 2 2 2 2 2 2 2 2
left_child=-1 2 3 4 5 -2 7 -4 -8 13 -6 12 -7 -10
right_child=1 -3 6 -5 10 11 8 -9 9 -11 -12 -13 -14 -15
leaf_value=-0.02586279144083644 -0.024627844407385156 -0.023798006618175372 -0.026348996796847188 0.019393425818062804 -0.033783864158070831 0.020271438592163769 0.020056853714945921 0.011123218918549213 0.012977740102611379 -0.036293355912785638 0.0074674532950751672 0.022582553958509458 -0.02196901740248907 -0.0088878503308036077
leaf_weight=3.9095753803849211 2.2245152639225187 2.5158389694988719 7.7926304768770915 22.025455029681325 4.2431056629866353 1.5748184099793427 9.409388944506647 4.3614771738648415 7.8488182276487333 3.1112671829760066 1.7182435393333433 10.433188769966362 2.2597186099737883 4.8676327858120203
leaf_count=156 47 87 88 87 64 12 24 17 25 22 9 77 112 60
internal_value=0.00211251 0.00369631 0.00481818 0.00987419 0.00010771 0.00911034 -0.00129679 -0.0130788 0.00465962 -0.00514179 -0.0225293 0.0156391 -0.00401642 0.00457021
internal_weight=88.2957 84.3861 81.8703 44.479 22.4536 16.4922 37.3912 12.1541 25.2371 15.8277 5.96135 14.2677 3.83454 12.7165
internal_count=887 731 644 408 321 248 236 105 131 107 73 201 124 85
is_linear=0
shrinkage=0.03


Tree=107
num_leaves=15
num_cat=0
split_feature=3 3 4 4 4 0 8 8 4 8 3 4 0 8
split_gain=5.17804 5.57643 3.87226 3.28511 4.86402 5.4379 2.99259 3.26022 2.8395 3.08713 6.68032 2.20344 2.01413 1.66818
threshold=3.057091469495167 2.661772263390878 45.5441333723385 68.952710263170417 74.592461682090814 25.394583333333337 19.350000000000005 19.250000000000004 76.163366100119546 30.350000000000005 3.2451076540396682 70.610911439623877 25.394583333333337 29.250000000000004
decision_type=2 2 2 2 2 2 2 2 2 2 2 2 2 2
left_child=1 2 -1 12 5 11 7 -3 -6 13 -11 -5 -2 -10
right_child=3 6 -4 4 8 -7 -8 -9 9 10 -12 -13 -14 -15
leaf_value=-0.022670220380842532 0.022382916174655425 -0.020299859657947096 0.016745253318577305 -0.0037765443115419426 0.021157774812563798 0.0071388079327012787 -0.031318799459082211 0.028054715471513003 -0.00098756128342987665 0.01424398900945485 -0.035101848507248373 -0.035772786638442328 0.0027349076249383632 0.02147729085531035
leaf_weight=2.1970278797671217 10.817398035898806 1.8109842613339415 6.7408353909850121 2.9953685291111452 8.1151526896283048 6.6853318642824879 10.019870663993059 1.2699135541915894 5.5235753431916255 3.9016117956489307 4.2124976441264153 6.2471744250506163 8.311004523187874 5.2418864741921425
leaf_count=75 45 93 60 21 27 30 302 1 47 16 47 76 30 16
internal_value=-4.16703e-05 -0.0122127 0.00575022 0.00440626 -0.000276697 -0.0129654 -0.0240065 0.00162199 0.00740579 0.000727711 -0.0124148 -0.0267844 0.0144061 0.0108467
internal_weight=84.0896 22.0386 8.93786 62.051 42.9226 15.9279 13.1008 3.0809 26.9947 18.8796 8.11411 9.24254 19.1284 10.7655
internal_count=886 531 135 355 280 127 396 94 153 126 63 97 75 63
is_linear=0
shrinkage=0.03


Tree=108
num_leaves=15
num_cat=0
split_feature=6 1 3 1 2 6 2 4 0 1 0 1 4 2
split_gain=5.3055 4.075 2.89714 2.77402 3.82792 5.86683 3.71666 3.64279 3.56322 3.84379 3.17729 1.38185 1.60566 2.37357
threshold=5.3500000000000014 2.0600000000000041 2.5169938541005239 13.150000000000004 38.620000000000012 5.7500000000000009 36.810000000000009 60.396975986830363 24.061250000000008 9.2500000000000053 27.17250000000001 2.3300000000000032 71.245642881350577 18.47000000000001
decision_type=2 2 2 2 2 2 2 2 2 2 2 2 2 2
left_child=-1 2 -2 6 5 -5 8 -8 9 11 -7 -3 -13 -14
right_child=1 3 -4 4 -6 10 7 -9 -10 -11 -12 12 13 -15
leaf_value=-0.018479868731852103 0.010022142035487264 0.029816836432218077 -0.026792716133042155 0.0086881351384727693 0.016255859365873083 -0.045874648012550562 -0.029678867709939688 0.006431929384745556 0.024902548630947458 -0.016922410831728692 -0.0084743498911674514 0.014903110719474227 0.02191944062231237 -0.015967751029398639
leaf_weight=9.9439005842432362 2.166871912777423 2.4810725860297742 5.1723816031590104 7.4118470884859589 5.9786705002188674 3.1868556775152665 2.7632347010076028 6.7955213002860546 15.875803902745245 4.261395037174224 5.127675037831068 8.5619123931974155 1.1627119779586781 3.9391474165022373
leaf_count=148 39 6 240 33 19 43 59 35 50 42 31 63 2 61
internal_value=0.00106203 0.0038663 -0.0160249 0.00622986 -0.0025312 -0.0102183 0.0103436 -0.00582912 0.0146465 0.00587678 -0.0261955 0.0125306 0.00757244 -0.00515607
internal_weight=84.829 74.8851 7.33925 67.5458 21.705 15.7264 45.8408 9.55876 36.282 20.4062 8.31453 16.1448 13.6638 5.10186
internal_count=871 723 279 444 126 107 318 94 224 174 74 132 126 63
is_linear=0
shrinkage=0.03


Tree=109
num_leaves=15
num_cat=0
split_feature=4 1 6 3 4 2 6 6 2 2 2 7 3 1
split_gain=7.87016 4.56675 2.74273 2.57685 2.30823 4.12995 2.21631 2.02632 1.76335 1.6074 4.70786 2.56126 5.19682 4.45408
threshold=79.348307186312283 2.0600000000000041 5.3500000000000014 2.5169938541005239 59.046448644179698 37.430000000000007 6.7500000000000009 5.1500000000000012 33.810000000000009 38.530000000000015 36.540000000000006 20.550000000000004 3.2056044845911438 2.130000000000003
decision_type=2 2 2 2 2 2 2 2 2 2 2 2 2 2
left_child=1 3 8 6 5 -4 -1 -2 -3 10 11 -6 13 -13
right_child=7 2 4 -5 9 -7 -8 -9 -10 -11 -12 12 -14 -15
leaf_value=0.026906124695437805 0.00056003863173449686 0.0012916961877799062 0.013181916287348458 -0.026690709682585363 0.020399245740854732 -0.03055993738808695 -0.016538413621684421 -0.035916175090041781 -0.025640470305654053 0.021403300797223843 -0.013811260093359723 0.027273795251960796 0.017278086259501637 -0.020921256650085141
leaf_weight=1.2465090751647943 1.7624270431697358 6.2035310696810466 3.4012845559045664 5.0349661586806178 18.236859632655978 2.5559674296528101 1.0856369668617842 4.7227149317041039 2.3071161303669214 11.029292788356541 6.3818824067711821 1.2545484304428116 11.716921452432869 7.4844313664361835
leaf_count=1 37 51 29 230 82 53 43 86 28 40 39 1 38 103
internal_value=0.00218181 0.00494522 0.00734222 -0.0161496 0.00953023 -0.00728057 0.00778829 -0.0272528 -0.00793755 0.0114115 0.00855511 0.0124992 0.0048336 -0.0119124
internal_weight=84.4241 77.9389 70.5718 7.36711 62.0612 5.95725 2.33215 6.48514 8.51065 56.1039 45.0746 38.6928 20.4559 8.73898
internal_count=861 738 464 274 385 82 44 123 79 303 263 224 142 104
is_linear=0
shrinkage=0.03


Tree=110
num_leaves=15
num_cat=0
split_feature=0 5 0 4 3 4 4 1 3 5 4 1 6 6
split_gain=4.42366 5.31278 3.25608 3.20327 2.96735 4.61986 3.18675 3.13103 5.23482 7.08253 2.72718 2.56627 2.47439 1.56763
threshold=11.847500000000005 2.2758069038391118 12.422083333333338 80.040694469981972 3.1843677074975862 71.130346869126086 51.847303846893233 14.910000000000004 3.2208870241535634 500.79193115234381 74.734951723723057 2.2500000000000022 5.5500000000000016 5.7500000000000009
decision_type=2 2 2 2 2 2 2 2 2 2 2 2 2 2
left_child=-1 -2 -3 4 5 6 -4 -6 -9 -10 -7 -8 -12 -13
right_child=1 2 3 -5 7 10 11 8 9 -11 12 13 -14 -15
leaf_value=-0.024686999601346394 -0.032766450676696854 0.030028165397712123 -0.022620080415414991 -0.0203989080775034 0.01819543843268611 -0.033604505704601016 -0.019996685642177221 0.020422343971413834 -0.046291958086558976 0.013047789780029502 0.018833278415204734 -0.0061039761609236352 -0.01823990376271897 0.014318886118903567
leaf_weight=3.6870391033589831 2.2029972504824391 4.1093562748283139 2.1940110055729773 3.2483830973505965 24.992773581296206 3.8022953690960986 1.6231068959459687 4.4817754887044412 2.8146206866949797 2.7917268164455891 2.0662845242768526 3.3615794759243753 2.4380918359383941 23.12951079569757
leaf_count=195 26 24 76 46 86 69 65 10 34 10 12 40 41 137
internal_value=0.0037721 0.00531046 0.00673209 0.00511863 0.00650143 0.000702803 0.00620229 0.0126878 -0.0013674 -0.019241 -0.0178733 0.00915125 -0.000901514 0.0115996
internal_weight=86.9436 83.2565 81.0535 76.9442 73.6958 38.6149 30.3082 35.0809 10.0881 5.60635 8.30667 28.1142 4.50438 26.4911
internal_count=871 676 650 626 580 440 318 140 54 44 122 242 53 177
is_linear=0
shrinkage=0.03


Tree=111
num_leaves=15
num_cat=0
split_feature=7 7 5 1 5 2 1 6 6 1 6 2 5 3
split_gain=4.1125 2.77889 3.06313 1.61318 8.8858 6.13256 3.43412 7.01138 6.03726 4.37899 3.0966 3.53052 2.77076 1.25393
threshold=48.650000000000013 11.350000000000003 233.4106369018555 14.910000000000004 327.95318603515631 37.27000000000001 10.430000000000005 5.5500000000000016 6.8500000000000014 11.520000000000005 5.5500000000000016 35.840000000000011 2.8573021888732915 3.0714946912363077
decision_type=2 2 2 2 2 2 2 2 2 2 2 2 2 2
left_child=1 2 -1 6 5 -5 7 -3 13 -8 -11 -12 -10 -9
right_child=-2 3 -4 4 -6 -7 9 8 12 10 11 -13 -14 -15
leaf_value=0.0024316263012925813 -0.026376080634372748 -0.033356832845121358 -0.034937499569901692 -0.04408692543435952 0.020503786772103252 0.0052510277536753375 0.026254380342152807 0.0025425029167493972 0.0077270379674683459 0.014776552234595638 -0.028317848987510247 0.007681132994340297 -0.031475218420303805 0.020097336923859729
leaf_weight=4.3172924891114226 3.4599795890972009 3.8872512215748456 2.4610755983740091 4.3672679010778648 6.5471415091305971 3.5936389490962029 13.297968154773118 5.6201961683109465 1.977013412863015 9.2454636916518229 3.5316855255514366 4.6351591125130653 3.6827995404601097 11.576706156134604
leaf_count=39 125 67 65 64 23 14 44 151 10 38 30 19 120 42
internal_value=0.00168897 0.0032375 -0.0138836 0.00501837 -0.00372452 -0.0237147 0.00725203 -0.000642363 0.0060864 0.0139303 0.00360354 -0.00927726 -0.0186775 0.0148152
internal_weight=82.2006 78.7407 6.77837 71.9623 14.508 7.96091 57.4542 26.744 22.8567 30.7103 17.4123 8.16684 5.65981 17.1969
internal_count=851 726 104 622 101 78 521 390 323 131 87 49 130 193
is_linear=0
shrinkage=0.03


Tree=112
num_leaves=15
num_cat=0
split_feature=7 6 5 5 4 3 7 8 8 2 2 5 5 3
split_gain=4.57522 3.08205 2.35128 3.10226 3.84269 3.68175 3.13299 3.62886 3.23516 3.12436 4.03235 2.95317 2.0466 2.87003
threshold=48.650000000000013 7.6500000000000012 909.61682128906261 211.42034149169925 76.964587545673069 3.5431456200606433 16.850000000000005 29.850000000000005 29.050000000000004 32.190000000000005 32.290000000000013 396.98562622070318 327.95318603515631 3.2016181948837201
decision_type=2 2 2 2 2 2 2 2 2 2 2 2 2 2
left_child=1 2 3 4 -1 9 -6 8 -8 -5 -11 12 13 -12
right_child=-2 -3 -4 5 6 -7 7 -9 -10 10 11 -13 -14 -15
leaf_value=0.011690707914779292 -0.026770801977194451 -0.02361290599415267 0.017144342445661629 -0.032669629515955943 0.016276769619172654 0.021788086448810431 -0.021196591092738123 -0.044942024234264272 0.021191805593503817 0.027438548783234425 -0.029736613870409715 -0.02442071436820447 0.01851608986102651 0.011282914743304878
leaf_weight=35.436283589340746 3.6277725668624035 2.5331744411960235 11.35432520881295 3.6603933256119552 2.2467660577967745 2.6719427853822699 2.5316246151924133 2.025692624039948 2.0011881180107594 2.0409462414681903 2.0463050473481399 6.1276666298508644 2.9645543666556478 2.3035774640738964
leaf_count=217 127 94 86 113 9 5 56 29 7 4 35 64 17 9
internal_value=0.00228546 0.00391843 0.00510901 0.00281548 0.00732898 -0.00625793 -0.00962663 -0.0194799 -0.00203473 -0.0110598 -0.00427884 -0.010661 0.00241691 -0.00996523
internal_weight=83.5722 79.9444 77.4113 66.0569 44.2416 21.8154 8.80527 6.55851 4.53281 19.1434 15.483 13.4421 7.31444 4.34988
internal_count=872 745 651 565 318 247 101 92 63 242 129 125 61 44
is_linear=0
shrinkage=0.03


Tree=113
num_leaves=15
num_cat=0
split_feature=2 0 5 8 6 4 0 2 8 6 7 0 2 8
split_gain=6.74577 5.0206 5.01221 3.83815 3.11429 2.37737 2.27678 2.90466 3.93853 4.70242 3.77361 2.61034 1.6978 1.28523
threshold=39.600000000000016 22.867916666666673 909.61682128906261 34.250000000000007 6.4500000000000011 66.71888253051111 23.111250000000009 38.530000000000015 30.250000000000004 5.9500000000000011 30.250000000000004 26.560416666666672 36.540000000000006 28.850000000000005
decision_type=2 2 2 2 2 2 2 2 2 2 2 2 2 2
left_child=1 2 3 -1 5 -4 -3 8 11 10 -10 -8 -11 -13
right_child=-2 6 4 -5 -6 -7 7 -9 9 12 -12 13 -14 -15
leaf_value=-0.031261106533249081 -0.037265142565219289 0.024932270238957627 0.029319006398723594 0.0021362269050420571 -0.021091388063178527 -0.0012812302578554871 0.012971430166121761 0.021430542649392415 -0.049946327351631264 0.011747002804587283 -0.0039227159045015988 -0.022704690683259143 -0.011376967038169775 0.0057422380430258314
leaf_weight=9.1620952431112546 3.2951410403475156 4.5115667786449185 3.6308860741555673 4.2795141218230119 2.0146357407793403 4.3529162239283323 20.225959033705298 6.5565110780298701 2.6963484790176144 6.1805276162922365 3.1600354388356209 2.2901642965152851 3.7820011172443628 1.9502486549317835
leaf_count=326 55 13 15 51 90 45 98 23 28 32 34 37 23 8
internal_value=-0.000697877 0.00138356 -0.00986366 -0.0212165 0.0059401 0.0143497 0.00660766 0.00435848 0.00112818 -0.0101667 -0.0293067 0.00854342 0.00273158 -0.0110222
internal_weight=78.0886 74.7934 23.44 13.4416 9.99844 7.9838 51.3534 46.8418 40.2853 15.8189 5.85638 24.4664 9.96253 4.24041
internal_count=878 823 527 377 150 60 296 283 260 117 62 143 55 45
is_linear=0
shrinkage=0.03


Tree=114
num_leaves=15
num_cat=0
split_feature=0 1 2 1 0 2 7 7 7 2 5 4 7 4
split_gain=6.12605 4.0502 4.25258 3.82915 4.51 4.3905 3.30404 3.11581 3.77574 4.51623 3.52449 2.74808 3.02546 1.55109
threshold=22.803750000000004 14.910000000000004 36.810000000000009 3.2300000000000062 11.847500000000005 18.47000000000001 17.150000000000002 33.45000000000001 28.250000000000004 38.620000000000012 250.51386260986331 60.396975986830363 11.200000000000003 69.495837717070586
decision_type=2 2 2 2 2 2 2 2 2 2 2 2 2 2
left_child=3 2 -2 4 -1 -5 -6 8 9 10 -3 -4 -13 -8
right_child=1 7 11 5 6 -7 13 -9 -10 -11 -12 12 -14 -15
leaf_value=-0.024459947366580231 0.017999824647717259 -0.044011057033009122 -0.021952311283743021 0.020124046007098145 -0.020155716014426103 -0.029240836388634124 0.026749090166139092 -0.02963636689658625 0.019935480433552085 0.016293769337626229 0.0020645085583494587 0.024020418025387982 -0.0082946363404796698 0.00048157415699040225
leaf_weight=3.5551550518721369 30.873602252453566 2.7623843997716886 3.4671211568638673 1.1886023692786682 1.6391984689980734 9.5957563780248147 5.4820699431002122 2.6885230951011172 4.9504025280475616 2.7710913270711899 2.3360619097948074 3.7153123524039966 5.0202686749398708 2.9953547893092036
leaf_count=201 122 39 46 3 73 161 40 50 17 8 16 17 28 63
internal_value=0.00233165 0.00756971 0.0122284 -0.0100206 0.000729274 -0.0225541 0.0109852 -0.00532722 0.00154633 -0.0109649 -0.0260229 -0.00263096 0.00650478 0.018498
internal_weight=83.0409 58.5848 43.0763 24.4561 13.6718 10.7844 10.1166 15.5085 12.8199 7.86954 5.09845 12.2027 8.73558 8.47742
internal_count=884 343 213 541 377 164 176 130 80 63 55 91 45 103
is_linear=0
shrinkage=0.03


Tree=115
num_leaves=15
num_cat=0
split_feature=7 2 8 2 1 7 0 2 6 0 5 2 1 6
split_gain=4.09885 2.72264 4.49348 2.69081 3.18212 4.46814 3.43937 4.20244 3.44962 3.06545 2.09532 2.08445 2.0655 2.00226
threshold=48.100000000000009 39.350000000000016 27.950000000000006 38.620000000000012 14.910000000000004 28.250000000000004 22.803750000000004 32.77000000000001 5.4500000000000011 11.847500000000005 2.2758069038391118 33.870000000000012 11.390000000000006 5.5500000000000016
decision_type=2 2 2 2 2 2 2 2 2 2 2 2 2 2
left_child=1 3 -3 4 6 11 7 8 -1 -10 -11 -6 -8 -14
right_child=-2 2 -4 -5 5 -7 12 -9 9 10 -12 -13 13 -15
leaf_value=-0.025394632311636568 -0.026282456130813512 0.0091632651965776503 -0.040851479702659677 0.023382361055496445 -0.0035891219957831506 0.0063413011958384632 0.019655227657977073 -0.028283587861304176 -0.020470398275183328 -0.018596191784949666 0.017219971961964824 -0.042634783064722064 0.013914350436109599 -0.0046927644611649191
leaf_weight=2.2205904368311229 3.4864130653440943 2.6748384404927483 2.1975323017686605 5.3989866115152827 2.0892454050481302 5.8856310527771711 14.990694362670181 3.8349096979945889 1.8797736233100284 0.82722859457135101 12.559144825674592 2.8968015369027853 9.3791191615164298 9.6874415669590217
leaf_count=49 135 30 27 17 14 37 60 116 109 11 134 39 38 53
internal_value=0.00162682 0.00322102 -0.0165096 0.00477154 0.00292974 -0.0112506 0.00586372 -0.00349328 0.00317919 0.00864117 0.0138679 -0.0296067 0.0116542 0.00469762
internal_weight=80.0084 76.5219 4.87237 71.6496 66.2506 10.8717 55.3789 21.3216 17.4867 15.2661 13.3864 4.98605 34.0573 19.0666
internal_count=869 734 57 677 660 90 570 419 303 254 145 53 151 91
is_linear=0
shrinkage=0.03


Tree=116
num_leaves=15
num_cat=0
split_feature=7 5 3 6 6 1 0 5 1 2 7 3 0 1
split_gain=3.93908 5.40789 3.68109 2.76926 3.07041 2.62166 4.27393 5.42871 3.63952 2.77472 3.07844 1.6855 4.87582 1.47315
threshold=36.150000000000013 1597.0859985351565 3.5931529555168709 5.3500000000000014 7.6500000000000012 11.590000000000005 26.13291666666667 591.72079467773449 9.1500000000000075 35.070000000000007 28.650000000000006 3.1894620129180069 28.044166666666673 2.0600000000000041
decision_type=2 2 2 2 2 2 2 2 2 2 2 2 2 2
left_child=3 2 -2 -1 5 8 7 -7 9 10 13 12 -8 -5
right_child=1 -3 -4 4 -6 6 11 -9 -10 -11 -12 -13 -14 -15
leaf_value=-0.015203529770268318 -0.035358791824540541 0.01482548839045404 0.015419265525256309 -0.0045279181434448477 -0.022969442210005988 -0.035893211182582811 -0.025347734094364898 0.012707600158061256 0.019449061646585341 -0.028748501386235761 -0.023337449183690333 0.01387190148402874 0.018271337367839889 0.016831763773033102
leaf_weight=5.6617507115006438 6.6889300821349007 3.090636576525867 0.95234175212681282 3.5704822326079038 2.3717244109138838 4.6272107427939799 3.6365006566047695 2.6215632613748312 21.027740027755499 1.4985795430839051 1.8809340577572573 10.963631480932234 3.6193678490817547 9.1404736526310426
leaf_count=71 191 31 4 118 97 49 34 16 82 41 58 35 13 52
internal_value=0.000684498 -0.0154384 -0.0279782 0.003316 0.00513619 0.00654574 -0.000873564 -0.0189067 0.0115258 0.000639141 0.00530748 0.0069115 -0.00401203 0.0109392
internal_weight=81.3519 10.7319 7.64127 70.62 64.9582 62.5865 25.4683 7.24877 37.1182 16.0905 14.5919 18.2195 7.25587 12.711
internal_count=892 226 195 666 595 498 147 65 351 269 228 82 47 170
is_linear=0
shrinkage=0.03


Tree=117
num_leaves=15
num_cat=0
split_feature=1 1 5 4 6 4 6 2 5 5 6 5 5 4
split_gain=4.32274 4.4552 3.92614 2.99703 2.67596 2.251 2.16738 3.16756 3.92009 5.05468 2.16565 1.86733 1.10754 1.31651
threshold=19.290000000000006 7.4200000000000044 909.61682128906261 79.348307186312283 6.4500000000000011 66.71888253051111 5.3500000000000014 36.810000000000009 128.10610198974612 233.4106369018555 5.1500000000000012 2.8573021888732915 10.049254417419435 74.426483059127875
decision_type=2 2 2 2 2 2 2 2 2 2 2 2 2 2
left_child=1 2 11 6 5 -4 10 12 -9 -10 -3 -1 -8 -14
right_child=-2 3 4 -5 -6 -7 7 8 9 -11 -12 -13 13 -15
leaf_value=0.00038969974991924749 -0.028609984744173013 0.010069282135551702 0.027124265101147196 -0.015787843135781101 -0.020270230740129586 -0.0053517251318517161 0.0047680257383044258 -0.022527329629209045 0.023768732571712966 -0.011976038384925352 -0.019488020259290872 -0.028998016538856135 0.011949623601239402 0.026821989698619281
leaf_weight=2.5385593101382273 3.0450638029724351 3.3479389920830718 3.6494889995083195 3.9066638574004164 1.8222486544400451 2.7954956637695432 6.9835190810263148 3.978076662868264 7.1851134430617076 5.4715106096118689 3.7401208449155092 6.9820157587528229 15.133864531293513 11.158195864409207
leaf_count=23 67 17 18 26 89 37 31 32 23 38 34 326 91 35
internal_value=0.00167506 0.00319125 -0.00965997 0.00703997 0.00524362 0.0142111 0.00884983 0.0110365 0.000278085 0.00857069 -0.00600823 -0.0218699 0.0162497 0.0190129
internal_weight=81.7379 78.6928 17.7878 60.905 8.26723 6.44498 56.9983 49.9103 16.6347 12.6566 7.08806 9.52058 33.2756 26.2921
internal_count=887 820 493 327 144 55 301 250 93 61 51 349 157 126
is_linear=0
shrinkage=0.03


Tree=118
num_leaves=15
num_cat=0
split_feature=5 1 1 8 6 7 2 2 4 8 7 8 4 2
split_gain=4.55374 4.24984 3.87115 3.84938 2.71107 3.60297 3.50774 4.21987 2.25119 2.02708 4.78109 4.56613 2.07562 1.89151
threshold=3.7480195760726933 19.290000000000006 2.0600000000000041 39.750000000000007 7.3500000000000014 14.900000000000002 38.530000000000015 36.810000000000009 46.251127843733947 33.350000000000009 34.350000000000009 30.250000000000004 70.361062088223619 36.030000000000008
decision_type=2 2 2 2 2 2 2 2 2 2 2 2 2 2
left_child=-1 2 8 4 6 -6 7 9 -2 10 11 12 13 -4
right_child=1 -3 3 -5 5 -7 -8 -9 -10 -11 -12 -13 -14 -15
leaf_value=-0.027193630600849884 0.007594912190646977 -0.027310268762296901 -0.015281474593003858 -0.017476460796959931 -0.031499572770189901 0.013752850605128401 0.027724478302752278 -0.020868965452774481 -0.025820922686649764 0.019947294729462318 -0.023133388615229632 -0.014134593470546677 0.019917882989321116 0.016335230182687493
leaf_weight=3.6882570013403884 2.1486716186627737 2.9010639507323495 2.871885325759659 4.3787456303834906 2.3810438225045791 2.1718948483467102 8.5722478749230486 3.4124666489660731 4.5098666967824101 12.442642277106641 3.5522153032943597 4.9519303292036048 18.479336382821202 2.0471154134720564
leaf_count=42 47 67 42 38 65 17 23 29 260 50 58 38 90 13
internal_value=0.00152609 0.00328179 0.00487339 0.00714931 0.00917421 -0.0113235 0.0109996 0.0074905 -0.0154541 0.0100849 0.00574905 0.0100328 0.0155172 -0.00158689
internal_weight=78.5094 74.8211 71.9201 65.2615 60.8828 4.55294 56.3298 47.7576 6.65854 44.3451 31.9025 28.3503 23.3983 4.919
internal_count=879 837 770 463 425 82 343 320 307 291 241 183 145 55
is_linear=0
shrinkage=0.03


Tree=119
num_leaves=15
num_cat=0
split_feature=8 3 5 7 3 3 2 8 8 6 3 5 2 2
split_gain=7.81177 4.66466 5.31684 3.20073 2.30758 3.16253 2.97394 3.37734 5.03692 2.23992 2.18817 2.02827 1.20886 1.11065
threshold=38.750000000000007 2.9449759043833477 8.7914719581604022 42.45000000000001 2.9509721332821823 3.1843677074975862 33.990000000000009 6.0500000000000016 38.45000000000001 5.6500000000000012 3.2016181948837201 103.66747665405275 38.030000000000008 33.850000000000001
decision_type=2 2 2 2 2 2 2 2 2 2 2 2 2 2
left_child=1 2 -1 4 -3 6 7 -6 -9 -5 -11 -8 -13 -7
right_child=-2 3 -4 9 5 13 11 8 -10 10 -12 12 -14 -15
leaf_value=0.013000386448400942 -0.037819629837287691 0.032504251927824003 -0.028089950205310753 -0.029973554655342377 0.020841791579089448 0.018520838735575865 -0.011261671905015036 -0.033561807217486944 0.021679733856337952 -0.019309919522877646 0.019189052109756563 0.0014118585194707286 0.020280833236637475 0.0066742669186185734
leaf_weight=3.6448089107871038 3.3912608437240115 2.5245221965014926 7.0355688398703933 2.4988450929522505 1.1627270132303253 16.027594693005089 3.5872059501707545 5.803656299598515 1.1557810232043264 1.3378658434376123 2.1098027974367142 5.5458020586520416 6.2741465214639902 15.247444903478025
leaf_count=26 48 5 323 73 2 63 24 126 2 47 4 37 20 73
internal_value=0.00108735 0.0033522 -0.0141549 0.0064815 0.00869113 0.00703138 -0.00128105 -0.014967 -0.0228165 -0.0130055 0.00326692 0.00640622 0.0122284 0.013131
internal_weight=77.347 73.9558 10.6804 63.2754 57.3289 54.8044 23.5293 8.12216 6.95944 5.94651 3.44767 15.4072 11.8199 31.275
internal_count=873 825 349 476 352 347 211 130 128 124 51 81 57 136
is_linear=0
shrinkage=0.03


Tree=120
num_leaves=15
num_cat=0
split_feature=3 8 5 3 3 3 1 3 5 3 3 0 4 3
split_gain=3.87218 4.17076 3.52888 2.43814 3.48686 5.13732 1.93339 3.73906 7.54167 2.00853 5.26651 5.28953 2.30086 1.54108
threshold=3.057091469495167 28.150000000000006 12.782201290130617 2.5169938541005239 2.9449759043833477 2.9509721332821823 14.910000000000004 3.2208870241535634 500.79193115234381 3.2016181948837201 3.0872019983601215 25.331666666666667 76.539277900471575 2.4356632402816483
decision_type=2 2 2 2 2 2 2 2 2 2 2 2 2 2
left_child=1 3 -2 13 -5 -6 9 -8 -9 10 -4 -12 -11 -1
right_child=2 -3 6 4 5 -7 7 8 -10 12 11 -13 -14 -15
leaf_value=-0.0047320215914113846 -0.011843054689237763 -0.028957340472362255 0.022992868498048911 -0.026218931304103649 0.032057601651255083 -0.02228909295211387 0.014354304416887212 -0.042825227103298912 0.014245969674180972 0.024840578096591969 -0.024309616588406802 0.013955643528200872 0.0024610256905797444 0.026134963458289227
leaf_weight=1.866524950601163 7.6417433414608231 5.4590034596621981 7.3326654462143805 4.0900774737820011 2.5009738299995661 1.904506880789995 6.3006603419780713 3.2410974306985736 3.3640209622681141 14.15038524195552 6.4267098605632764 4.9103357791900635 6.0131994439288965 3.0127945682033896
leaf_count=54 48 166 28 201 5 70 22 60 13 48 90 15 35 13
internal_value=0.00237891 -0.0091605 0.00612998 0.000371996 -0.00905291 0.00878627 0.00895878 -0.00105426 -0.0157073 0.0122294 0.00475523 -0.00794825 0.0185982 0.0155307
internal_weight=78.2147 18.8339 59.3808 13.3749 8.49556 4.40548 51.7391 12.9058 6.60512 38.8333 18.6697 11.337 20.1636 4.87932
internal_count=868 509 359 343 276 75 311 95 73 216 133 105 83 67
is_linear=0
shrinkage=0.03


Tree=121
num_leaves=15
num_cat=0
split_feature=5 8 4 6 4 4 7 8 2 5 2 7 0 5
split_gain=4.59422 3.86995 1.97758 2.05822 3.8638 1.89122 2.98422 3.61884 2.32396 4.03838 4.17646 3.43385 1.75381 1.74795
threshold=2.2758069038391118 19.050000000000004 45.5441333723385 5.3500000000000014 79.072045040032236 78.228560088089111 47.850000000000016 28.650000000000006 36.090000000000003 238.25532531738284 38.530000000000015 18.550000000000004 11.847500000000005 121.88932418823244
decision_type=2 2 2 2 2 2 2 2 2 2 2 2 2 2
left_child=-1 -2 -3 4 13 8 7 -7 12 10 11 -10 -5 -4
right_child=1 2 3 5 -6 6 -8 -9 9 -11 -12 -13 -14 -15
leaf_value=-0.031160986804267692 -0.024529278940171682 -0.020655881750762207 0.00025983353098653502 -0.015760292325050065 0.0165118891838784 0.01092696376122443 0.016794185776353519 -0.035106132218903199 -0.027270241002624904 -0.024576506461698098 0.020388621586637217 0.010673571219851826 0.014385304266707664 -0.032682689119655821
leaf_weight=2.7157454434782258 3.3735868232324711 1.748759377747773 2.1690731327980739 1.0254425052553404 2.9220180055126548 1.8673234526067961 2.396666597109288 3.0490314960479736 3.4191117230802801 3.5664456253871313 8.4837474133819324 3.3867044746875763 37.388364437967539 3.2774135787039995
leaf_count=42 134 73 16 69 28 24 22 32 30 41 38 16 294 61
internal_value=0.00146623 0.00298087 0.00453089 0.00540581 -0.00792165 0.00722721 -0.00646822 -0.0187302 0.00905703 0.00037494 0.00734655 -0.0094402 0.0132011 -0.0215581
internal_weight=80.7894 78.0737 74.7001 72.9513 8.3685 64.5828 7.31302 4.91635 57.2698 18.856 15.2896 6.80582 38.4138 5.44649
internal_count=920 878 744 671 105 566 78 56 488 125 84 46 363 77
is_linear=0
shrinkage=0.03


Tree=122
num_leaves=15
num_cat=0
split_feature=7 6 1 1 3 3 3 4 6 7 4 7 7 0
split_gain=3.6539 2.91405 1.89767 2.54395 2.94811 2.24327 3.96504 5.62729 2.51569 3.15981 1.66474 1.7569 2.96495 1.46154
threshold=48.650000000000013 7.5500000000000016 11.520000000000005 2.0600000000000041 2.5169938541005239 3.2508857458718872 3.1354791688768633 59.523730020147617 5.5500000000000016 23.850000000000005 60.396975986830363 20.450000000000006 23.350000000000005 22.93458333333334
decision_type=2 2 2 2 2 2 2 2 2 2 2 2 2 2
left_child=1 2 3 4 -1 6 7 -4 9 -7 -5 -12 -13 -14
right_child=-2 -3 5 10 -6 8 -8 -9 -10 -11 11 12 13 -15
leaf_value=0.018098366868861408 -0.025286696050434362 -0.023074311372270902 0.017057732002704634 -0.0070829292011565046 -0.024040834020177801 0.021017716298588417 0.013485881309494532 -0.031238637617673235 -0.025030694122053575 -0.015083814342270661 0.021495931614260846 -0.018983700317272124 0.0033607084629573665 0.022890388780850222
leaf_weight=1.4604278318583954 3.0277008758857837 2.4406029144302002 2.8651729226112392 2.979244369082152 3.1141264564357698 3.0619868393987399 16.002777641639113 4.2551693012937903 4.659334771335125 3.7248946782201529 15.431622326374056 2.3905542846769121 8.0570011669769865 5.625360168516635
leaf_count=11 127 107 12 36 179 15 52 71 28 34 61 30 90 15
internal_value=0.00263004 0.00405488 0.0052513 0.00969538 -0.00975456 9.8719e-05 0.00543314 -0.0120972 -0.0102483 0.00181128 0.0124778 0.0144885 0.0068957 0.0124023
internal_weight=79.096 76.0683 73.6277 39.0583 4.57455 34.5693 23.1231 7.12034 11.4462 6.78688 34.4838 31.5045 16.0729 13.6824
internal_count=868 741 634 422 190 212 135 83 77 49 232 196 135 105
is_linear=0
shrinkage=0.03


Tree=123
num_leaves=15
num_cat=0
split_feature=1 0 0 4 3 8 4 8 3 4 4 0 8 5
split_gain=4.08649 3.48232 2.20831 2.81731 2.64985 4.90077 4.6077 2.34244 2.22959 2.12417 3.05089 4.80959 2.0824 1.76645
threshold=19.290000000000006 11.847500000000005 12.422083333333338 79.348307186312283 3.144658103782938 26.250000000000004 69.112491173187792 37.350000000000009 3.1257837022888046 71.245642881350577 75.492932979406447 25.394583333333337 38.45000000000001 352.02584838867193
decision_type=2 2 2 2 2 2 2 2 2 2 2 2 2 2
left_child=1 -1 -3 4 5 8 13 9 -4 -6 11 -11 -8 -7
right_child=-2 2 3 -5 7 6 12 -9 -10 10 -12 -13 -14 -15
leaf_value=-0.023113995355409662 -0.027289966947428607 0.025078563141905742 -0.029872878398260371 -0.014399182770613882 0.022367549836032282 0.020104160290618664 -0.029480463829785943 -0.0075987134120251458 0.011220991231155263 -0.019492681304557509 0.017502066391143357 0.017909038742468995 0.0064843214321227563 -0.0019590670176028386
leaf_weight=2.8893285463564089 2.7632549973204723 4.1936794733628622 5.055893572978678 5.4745856588706365 14.213903684169052 10.910205632448198 2.9844249784946433 4.7038607485592356 0.92109493725001801 6.3828170243650693 11.279593057930468 4.3596445620059967 1.7972486410290001 4.2708057798445216
leaf_count=196 67 29 169 42 44 63 71 26 8 46 40 15 10 64
internal_value=0.00335116 0.00474304 0.00607902 0.00465093 0.00639948 -0.00109712 0.00619169 0.0110623 -0.0228394 0.0136237 0.00725363 -0.00408133 -0.0171792 0.0141597
internal_weight=82.2003 79.4371 76.5478 72.3541 66.8795 25.9397 19.9627 40.9398 5.97699 36.236 22.0221 10.7425 4.78167 15.181
internal_count=890 823 627 598 556 385 208 171 177 145 101 61 81 127
is_linear=0
shrinkage=0.03


Tree=124
num_leaves=15
num_cat=0
split_feature=5 5 6 2 5 0 2 8 8 5 2 0 6 0
split_gain=2.83245 3.82743 3.40037 4.51882 5.72695 2.75863 4.18945 2.35219 6.46307 4.27228 1.78681 1.50106 1.71648 1.40025
threshold=33.113346099853523 2.2758069038391118 7.3500000000000014 38.530000000000015 591.72079467773449 22.867916666666673 36.810000000000009 30.350000000000005 36.250000000000007 203.38523101806643 36.090000000000003 11.847500000000005 5.3500000000000014 19.502083333333342
decision_type=2 2 2 2 2 2 2 2 2 2 2 2 2 2
left_child=1 -1 3 4 5 -2 7 9 -9 -7 -4 -6 -13 -3
right_child=2 13 10 -5 11 6 -8 8 -10 -11 -12 12 -14 -15
leaf_value=-0.01412345595990854 -0.029504681421011144 0.027213254026967632 0.0010408349111124392 0.020760004625113175 -0.016165406794743393 0.018716034994958209 -0.033041855531259129 -0.040308646687250094 0.017904131564406577 -0.018505573894506803 -0.032991070777289598 -0.0054153712857120829 0.01600283612835 0.0093921263265535782
leaf_weight=3.7145435493439463 5.2241251789964762 6.3650051597505835 1.9627435076981772 7.8856269046664229 1.0651576113887156 8.3626861469820195 3.1497130729258052 2.7179966382682315 2.3814660552889109 3.0339954849332562 3.2997831087559462 3.758930733427408 14.559008493088184 12.603015765547751
leaf_count=39 221 50 52 26 56 52 27 42 11 38 87 33 98 58
internal_value=0.00231402 0.0110462 -0.00126661 0.00121943 -0.00264438 -0.0119636 -0.00609606 0.000643328 -0.0146448 0.00811354 -0.0221589 0.00931324 0.0115549 0.0164356
internal_weight=80.0838 22.6826 57.4012 52.1387 44.2531 24.87 19.6459 16.4961 5.09946 11.3967 5.26253 19.3831 18.3179 18.968
internal_count=890 147 743 604 578 391 170 143 53 90 139 187 131 108
is_linear=0
shrinkage=0.03


Tree=125
num_leaves=15
num_cat=0
split_feature=1 2 8 2 5 3 5 8 8 1 3 8 8 8
split_gain=4.41295 3.32345 4.69524 3.32662 2.9882 2.80881 2.22445 2.97548 2.12962 2.62116 5.38424 2.08847 1.96608 1.96267
threshold=1.4700000000000033 32.290000000000013 34.95000000000001 34.150000000000006 12.782201290130617 3.1894620129180069 211.42034149169925 30.450000000000006 34.750000000000007 3.2300000000000062 3.4476772264594047 41.45000000000001 21.150000000000006 27.150000000000006
decision_type=2 2 2 2 2 2 2 2 2 2 2 2 2 2
left_child=-1 8 3 4 -3 -6 -5 13 9 -2 12 -4 -11 -8
right_child=1 2 11 6 5 -7 7 -9 -10 10 -12 -13 -14 -15
leaf_value=-0.025526235810803204 0.021616400304775067 -0.038396982077728917 -0.034015256911525842 0.012267576056845945 -0.026724455862961311 0.0069657436120123487 -0.0041668259669305477 0.012740370398795399 0.023276590659517718 0.0075921652406873126 0.020700587633331002 -0.0011374663669708491 -0.026658696713389374 -0.040766420739109833
leaf_weight=4.3812686176970592 4.4100783197209266 1.8307091873139132 4.2576905181631437 21.487711675465111 2.1038515483960492 6.960922815836966 3.7505703652277571 3.9815614856779575 8.054365096613763 1.491975867189465 4.0630931714549661 2.7045688778162003 5.2803928768262267 1.2851728983223436
leaf_count=280 45 25 45 125 35 44 64 21 41 20 15 15 80 27
internal_value=0.000698061 0.00263058 -0.00188113 0.00212728 -0.0114485 -0.0027318 0.00718563 -0.00494007 0.0116874 0.0045088 -0.00369217 -0.0229904 -0.0191071 -0.018714
internal_weight=76.0439 71.6627 48.3628 41.4005 10.8955 9.06477 30.505 9.0173 23.2999 15.2455 10.8355 6.96226 6.77237 5.03574
internal_count=882 602 401 341 104 79 237 112 201 160 115 60 100 91
is_linear=0
shrinkage=0.03


Tree=126
num_leaves=15
num_cat=0
split_feature=7 8 6 8 4 3 3 1 5 6 4 8 5 7
split_gain=4.70848 5.48364 2.37718 2.39269 2.66051 2.46178 2.81718 5.6925 2.21222 3.6397 2.04481 2.00567 4.44619 3.77945
threshold=36.150000000000013 35.550000000000004 7.6500000000000012 30.250000000000004 78.099824708760835 3.2451076540396682 3.1894620129180069 12.930000000000005 203.38523101806643 6.4500000000000011 68.952710263170417 27.550000000000004 146.02478790283206 33.95000000000001
decision_type=2 2 2 2 2 2 2 2 2 2 2 2 2 2
left_child=2 -2 3 8 5 6 7 10 11 -10 -5 12 13 -1
right_child=1 -3 -4 4 -6 -7 -8 -9 9 -11 -12 -13 -14 -15
leaf_value=-0.017722558011419472 -0.034092256512950822 0.01069529725871819 -0.021750483679361433 0.01715112058416321 -0.02534438858669431 -0.016859317741450042 0.020948831096195986 -0.034674977594059291 0.0072644257127673995 -0.029584555696536351 -0.0093420379978418084 0.023690474564909331 0.025102053415034509 0.020987863442182522
leaf_weight=6.5931541761383432 5.5792712643742544 3.3179658884182572 2.0845359480008474 6.9432900669053286 2.7045011408627024 4.0592216551303855 6.6407859958708277 2.5918923970311871 10.679738967679439 2.0405973941087714 3.1435930021107197 11.520317713730035 5.7676032325252882 2.292266134172678
leaf_count=94 197 26 102 41 22 26 20 31 102 76 47 47 30 8
internal_value=0.00135868 -0.017997 0.00415334 0.00530143 -0.00170363 0.00195861 0.00654756 -0.00197547 0.00992419 -0.000372303 0.00879659 0.0147579 0.00667017 -0.00662314
internal_weight=75.9587 8.89724 67.0615 64.977 26.0833 23.3788 19.3196 12.6788 38.8937 12.7203 10.0869 26.1733 14.653 8.88542
internal_count=869 223 646 544 187 165 139 119 357 178 88 179 132 102
is_linear=0
shrinkage=0.03


Tree=127
num_leaves=15
num_cat=0
split_feature=8 2 4 4 2 0 3 2 8 3 3 4 5 6
split_gain=4.76756 3.46599 2.21448 1.896 1.70427 3.91259 5.28513 1.77955 2.00028 2.79351 3.71607 8.91878 2.02738 1.3543
threshold=39.750000000000007 24.810000000000006 51.847303846893233 79.751922494143841 26.43000000000001 20.900833333333342 2.7024476192268243 31.630000000000006 26.350000000000005 3.333697093510787 3.212059671323813 64.041897412055818 57.454568862915046 5.9500000000000011
decision_type=2 2 2 2 2 2 2 2 2 2 2 2 2 2
left_child=1 -1 -3 4 -4 6 -6 -7 12 10 11 -10 -9 -14
right_child=-2 2 3 -5 5 7 -8 8 9 -11 -12 -13 13 -15
leaf_value=-0.024671281837407036 -0.033661029906552287 -0.021437118036201151 0.023674010843761906 -0.014043224167069938 0.014862708388869326 0.019938704117908698 -0.029952326423810054 -0.0082312603244527952 0.015834883489538498 -0.019194158722193783 0.017152168314158001 -0.027601263388395171 0.0013289659311511788 0.022950280178849761
leaf_weight=2.9907883405685416 2.4059740304946891 1.9781105816364277 3.7758118514902881 3.4783846270292988 3.0741106737405044 8.2149024568498117 5.1386362002231181 2.6653522327542332 8.0020243944600278 4.3639139877632251 10.837846219539641 7.1129447398707262 3.5646116565912953 10.210435153916476
leaf_count=164 37 90 48 43 30 30 172 18 40 33 33 75 38 50
internal_value=0.00108519 0.00261984 0.00406764 0.00507393 0.00625903 0.00486572 -0.0133852 0.0077828 0.00527431 0.000597361 0.00451393 -0.00505006 0.01337 0.0178239
internal_weight=77.8138 75.4079 72.4171 70.439 66.9606 63.1848 8.21275 54.972 46.7571 30.3167 25.9528 15.115 16.4404 13.775
internal_count=901 864 700 610 567 519 202 317 287 181 148 115 106 88
is_linear=0
shrinkage=0.03


Tree=128
num_leaves=15
num_cat=0
split_feature=3 8 6 7 2 8 5 6 5 8 8 7 7 2
split_gain=4.4343 5.49797 4.37424 2.99667 3.28197 5.21432 2.43106 2.18973 3.25827 1.39697 3.65812 1.35046 0.779783 2.7043
threshold=3.2016181948837201 36.95000000000001 5.4500000000000011 11.350000000000003 31.090000000000003 34.750000000000007 6.7396569252014169 6.3500000000000014 71.908641815185561 31.450000000000006 34.850000000000009 7.2500000000000009 16.250000000000004 38.530000000000015
decision_type=2 2 2 2 2 2 2 2 2 2 2 2 2 2
left_child=1 2 -1 11 5 -5 -2 8 -6 -8 -11 -4 13 -9
right_child=6 -3 3 4 7 -7 9 12 -10 10 -12 -13 -14 -15
leaf_value=-0.029331009645174946 -0.0082459739712088115 -0.036726708623633586 0.0047544897189272907 -0.026885145316183377 0.014588499654283811 0.020710126359645982 0.018184213953219088 -0.0064762131228384544 -0.022163349773912461 -0.019725701942224793 0.01587584936892596 -0.027960809669615741 0.022530975474244989 0.023065850882708017
leaf_weight=3.1317521431483319 4.5277685308828941 3.0521298488602033 1.2676124377176159 4.7813568124547592 3.6348249707371023 2.3376762066036463 20.441163072362546 4.8082202160730976 3.1053768135607243 2.9914423394948226 6.5275522153824568 2.7040361342951655 9.1529090348631126 4.6801951797679067
leaf_count=77 25 50 29 261 18 12 102 58 56 29 31 70 59 18
internal_value=0.0030042 -0.0034433 -3.69286e-05 0.00319407 0.00634245 -0.0106304 0.010851 0.0113255 -0.00301979 0.0139102 0.00387606 -0.0186631 0.0164021 0.00890537
internal_weight=77.144 42.6561 39.604 36.4722 32.5006 7.11903 34.4879 25.3815 6.7402 29.9602 9.51899 3.97165 18.6413 9.48842
internal_count=895 708 658 581 482 273 187 209 74 162 60 99 135 76
is_linear=0
shrinkage=0.03


Tree=129
num_leaves=13
num_cat=0
split_feature=3 5 1 3 5 0 5 5 3 3 5 7
split_gain=5.96235 6.1415 2.30933 4.47633 5.09643 2.10293 3.84961 4.21249 1.04233 1.46067 1.0403 0.87268
threshold=3.057091469495167 8.7914719581604022 14.910000000000004 3.2284846486846579 521.62640380859386 22.803750000000004 909.61682128906261 26.313563346862797 2.4448084222322017 2.4356632402816483 28.288969039916996 17.750000000000004
decision_type=2 2 2 2 2 2 2 2 2 2 2 2
left_child=1 -1 5 -4 -5 6 7 -2 9 -3 -7 -12
right_child=2 8 3 4 -6 10 -8 -9 -10 -11 11 -13
leaf_value=0.013161428444062819 0.01258010541485427 -0.019220331188939389 0.011322004670675465 -0.043047315953050246 0.0083169771647936385 0.0041295242227345937 0.015989380755017372 -0.030928090771115642 -0.029137671370995218 0.01572637270759096 0.0090776154898545638 0.022046216615535335
leaf_weight=5.0084578217938533 2.6048328615725023 1.4486649222671979 7.5371903795748931 3.0053619612008333 2.5875307880342007 7.3333185613155356 6.3372595347464085 4.031740827485919 8.4471919750794751 0.96630858629941929 9.6009066216647643 15.451288029551504
leaf_count=35 15 64 32 54 13 29 34 88 402 4 37 47
internal_value=0.00321288 -0.0125858 0.00763922 -0.00325013 -0.0216267 0.0107935 0.000504176 -0.0144401 -0.0245664 -0.00472661 0.0147768 0.0176154
internal_weight=74.3601 15.8706 58.4894 13.1301 5.59289 45.3593 12.9738 6.63657 10.8622 2.41497 32.3855 25.0522
internal_count=854 505 349 99 67 250 137 103 470 68 113 84
is_linear=0
shrinkage=0.03


Tree=130
num_leaves=15
num_cat=0
split_feature=1 1 4 0 4 1 0 7 3 4 4 1 1 4
split_gain=4.47514 3.46195 2.63631 2.0335 3.17333 4.87886 5.50069 4.34351 2.05212 4.76792 2.95988 3.59584 1.30106 1.20064
threshold=2.0600000000000041 19.290000000000006 79.751922494143841 28.044166666666673 74.734951723723057 13.310000000000004 27.23833333333334 30.550000000000004 3.2338764589019799 71.130346869126086 66.506170407983959 9.4600000000000026 10.870000000000006 76.163366100119546
decision_type=2 2 2 2 2 2 2 2 2 2 2 2 2 2
left_child=-1 2 3 4 5 7 -7 8 9 10 11 -2 -13 -6
right_child=1 -3 -4 -5 13 6 -8 -9 -10 -11 -12 12 -14 -15
leaf_value=-0.025965937300469588 -0.028077260462397925 -0.026814079018508963 -0.020126625078339604 0.025878109242379953 0.021287240950348695 -0.047485487126037645 0.0011218730161786116 -0.026682067372114062 0.025064200870096944 -0.027198252692169394 0.020678150441522093 0.018422071362891406 -0.0040824401518653143 0.0060413724163813536
leaf_weight=4.7894142847508183 2.3999992841854816 2.6732221627607933 3.1334943873807779 2.8388482742011538 7.4792274134233621 3.0506931859999886 4.247611403465271 2.7956606838852158 3.9952837303280822 2.8622565595433107 9.1541902497410756 3.9934278912842274 3.7496323585510254 12.96599402092397
leaf_count=317 79 69 42 7 30 43 19 48 14 46 47 13 32 67
internal_value=-0.000678699 0.00153833 0.00314996 0.00468737 0.00319613 -0.00216049 -0.0224699 0.00353873 0.00763263 0.00354324 0.00921831 -0.00205181 0.00830364 0.0123511
internal_weight=70.129 65.3395 62.6663 59.5328 56.694 36.2488 7.2983 28.9505 26.1548 22.1595 19.2972 10.1431 7.74306 20.4452
internal_count=873 556 487 445 438 341 62 279 231 217 171 124 45 97
is_linear=0
shrinkage=0.03


Tree=131
num_leaves=15
num_cat=0
split_feature=5 8 7 4 4 2 2 0 4 8 8 0 8 6
split_gain=4.38267 3.20222 2.87841 2.00993 4.85465 2.70408 3.31551 2.60911 2.17902 1.75437 1.73104 1.41087 1.23372 1.81167
threshold=2.2758069038391118 20.950000000000006 8.8500000000000032 71.204038961733403 73.703634847150667 30.460000000000001 18.47000000000001 25.394583333333337 77.736845075193898 30.050000000000004 33.050000000000004 24.652083333333334 37.20000000000001 5.6500000000000012
decision_type=2 2 2 2 2 2 2 2 2 2 2 2 2 2
left_child=-1 11 -3 12 7 6 -6 -5 10 -10 -7 -2 13 -4
right_child=1 2 3 4 5 8 -8 -9 9 -11 -12 -13 -14 -15
leaf_value=-0.030748059503554186 -0.025021040725500345 -0.025864240018198877 -0.0070664997448823099 -0.035440156169403332 0.019920140293699807 0.0070223724845450124 -0.027402925200079233 0.0017899083080989472 0.011054614078473616 -0.013932605086423192 0.027572651342502908 0.0056480266831234064 -0.0033503996806213644 0.016806286784178386
leaf_weight=2.3790923785418263 3.6289724907837799 1.5022145379334677 2.6505925911478725 3.2253242707811287 1.1450096108019376 8.5344135034829396 2.993047340773046 2.6747201532125473 4.1457550786435586 3.9832441434264183 7.0583326593041411 1.4591375952586529 3.6078741531819096 25.881174656562507
leaf_count=38 172 40 37 62 3 52 115 18 27 37 16 20 24 216
internal_value=0.00272476 0.00422677 0.00603139 0.00713421 0.00191996 0.00727331 -0.0129801 -0.020749 0.0111885 -0.00137422 0.0174259 -0.0167429 0.0123881 0.0144243
internal_weight=74.8689 72.4898 67.4017 65.8995 33.7598 27.8598 4.13806 5.90004 23.7217 8.129 15.5927 5.08811 32.1396 28.5318
internal_count=877 839 647 607 330 250 118 80 132 64 68 192 277 253
is_linear=0
shrinkage=0.03


Tree=132
num_leaves=15
num_cat=0
split_feature=7 6 8 6 4 5 5 6 7 3 4 0 4 4
split_gain=2.77451 2.65293 2.72617 6.42048 1.63973 3.81925 1.7008 4.24845 4.58685 2.06229 2.79235 1.88777 1.8492 1.89646
threshold=48.650000000000013 7.5500000000000016 38.750000000000007 5.5500000000000016 79.348307186312283 706.39361572265636 211.42034149169925 5.3500000000000014 13.450000000000001 3.0037835415629695 46.251127843733947 27.23833333333334 64.999102999124929 74.734951723723057
decision_type=2 2 2 2 2 2 2 2 2 2 2 2 2 2
left_child=1 2 4 -4 6 -6 11 -8 -9 10 -10 -1 -11 -14
right_child=-2 -3 3 -5 5 -7 7 8 9 12 -12 -13 13 -15
leaf_value=0.015563183836791021 -0.02335563372903994 -0.022251602617403755 0.016608399539503695 -0.040600368435139048 -0.028710092538758388 0.012999081581158896 -0.030781733397091782 -0.031185528507980988 0.019666606619104698 0.030998811581329961 -0.022838625168170566 -0.0021273652440897896 -0.0027589916138453918 0.0217271586217367
leaf_weight=31.506837847176939 2.3757385150529435 2.2313532158732405 2.6741267498582593 2.5810502888634801 2.6456772671081117 3.4222961440682411 2.0989745222032097 1.5849539907649184 1.3824938032776146 4.4039801703765979 2.4620526358485222 6.2497824914753428 6.1241482943296415 4.0211210604757071
leaf_count=219 124 109 17 28 54 11 33 40 9 11 121 46 43 19
internal_value=0.00334695 0.00451371 0.00564976 -0.0134881 0.00735465 -0.00667546 0.00886383 0.00211192 0.00687029 0.0115884 -0.00664932 0.0126556 0.0165253 0.00802486
internal_weight=75.7646 73.3888 71.1575 5.25518 65.9023 6.06797 59.8343 22.0777 19.9787 18.3938 3.84455 37.7566 14.5492 10.1453
internal_count=884 760 651 45 606 65 541 276 243 203 130 265 73 62
is_linear=0
shrinkage=0.03


Tree=133
num_leaves=15
num_cat=0
split_feature=4 7 8 8 8 1 4 1 6 1 0 6 2 1
split_gain=3.91904 3.88838 2.21979 1.91112 3.72786 3.03573 2.13778 2.0122 1.87432 1.75433 1.7685 2.45945 1.60348 1.54948
threshold=80.040694469981972 9.7500000000000018 17.650000000000002 29.950000000000006 34.850000000000009 18.110000000000003 68.471766099244022 12.660000000000005 5.2500000000000009 14.470000000000004 24.843333333333337 5.4500000000000011 33.910000000000011 13.420000000000007
decision_type=2 2 2 2 2 2 2 2 2 2 2 2 2 2
left_child=1 -1 -3 9 8 6 -6 -8 -5 10 11 -4 -10 -14
right_child=-2 2 3 4 5 -7 7 -9 12 -11 -12 -13 13 -15
leaf_value=-0.027424779304810708 -0.028954395432554889 -0.017669630088422771 -0.017296102201190121 0.010929885864881056 0.012088901516046253 0.026982366169633922 -0.029927431089863878 0.0030787054885199495 -0.030935740039435652 -0.0064830643958587895 0.020923030125287467 0.01079774143176792 0.0050808473376565124 -0.020850916166609921
leaf_weight=2.6442220825701943 2.6828830498270682 2.9087382880970827 2.4794188202358844 1.959451363421979 5.5028833635151368 4.7444418091326943 2.063857426866889 3.2718276977539062 3.546776354312895 4.2469142880290738 12.921070551499723 14.691719162277876 4.0831185942515731 2.6662779152393341
leaf_count=79 92 81 42 13 30 14 40 18 78 36 56 230 33 20
internal_value=0.00121833 0.00281739 0.00444241 0.00574014 -0.000133864 0.00935112 6.00021e-06 -0.0123967 -0.0119896 0.0103712 0.0128819 0.00601254 -0.0169329 -0.00653195
internal_weight=70.4136 67.7307 65.0865 62.1778 27.8386 15.583 10.8386 5.33569 12.2556 34.3391 30.0922 17.1711 10.2962 6.7494
internal_count=862 770 691 610 246 102 88 58 144 364 328 272 131 53
is_linear=0
shrinkage=0.03


Tree=134
num_leaves=15
num_cat=0
split_feature=1 0 3 5 1 5 1 5 5 5 6 1 5 1
split_gain=2.29175 4.22886 3.25687 3.08683 2.48977 2.46147 2.34047 1.62808 2.58856 3.62395 1.46498 1.40036 2.74504 1.84756
threshold=11.390000000000006 22.867916666666673 3.1905641925249002 13.830234527587892 2.0600000000000041 2474.693237304688 13.150000000000004 2.2758069038391118 26.313563346862797 320.95518493652349 5.8500000000000014 19.290000000000006 21.708230972290043 17.730000000000008
decision_type=2 2 2 2 2 2 2 2 2 2 2 2 2 2
left_child=1 2 4 10 5 -1 -5 -6 -9 -10 -2 13 -13 -8
right_child=3 -3 -4 6 7 -7 11 8 9 -11 -12 12 -14 -15
leaf_value=-0.024484289899935688 -0.0042706841729813396 0.018009462305698117 -0.028745558612220175 -0.014238664298782001 -0.017942403390505447 0.012410886812862241 0.0031673538416244948 0.028517775468038041 -0.024321739636304695 0.014356663780455164 -0.033929460547178956 0.017783804380372269 -0.025358750646665918 0.02391759334884546
leaf_weight=3.6471319794654908 3.1050651762634507 18.228740256279707 2.3358727423474184 5.4871476180851486 0.83453677780926128 1.7461677538231013 13.045564823783939 4.7075225934386236 2.2614997834898531 5.5920501574873924 2.652722368016839 1.3322556987404817 2.2826061882078648 4.7263162024319163
leaf_count=273 17 105 44 49 13 33 74 20 73 58 27 3 61 13
internal_value=0.00303786 0.00782764 -0.00137522 -0.00279957 0.00330817 -0.0124661 0.00169737 0.0100839 0.0131317 0.00172976 -0.0209338 0.00623943 -0.00905041 0.00966589
internal_weight=71.9852 39.3535 21.1248 32.6317 18.7889 5.3933 26.8739 13.3956 12.5611 7.85355 5.75779 21.3867 3.61486 17.7719
internal_count=863 619 514 244 470 306 200 164 151 131 44 151 64 87
is_linear=0
shrinkage=0.03


Tree=135
num_leaves=15
num_cat=0
split_feature=7 8 1 3 7 2 4 3 8 4 2 3 2 7
split_gain=4.73909 4.6344 4.3871 4.32086 2.93224 2.88199 2.3554 2.70589 2.85889 1.66473 1.15395 1.39664 1.86696 3.17256
threshold=34.150000000000013 38.750000000000007 2.0600000000000041 3.065803698140932 11.350000000000003 41.650000000000013 65.672269004475723 3.5931529555168709 39.550000000000004 79.348307186312283 26.630000000000006 3.4372043803939261 34.150000000000006 21.050000000000004
decision_type=2 2 2 2 2 2 2 2 2 2 2 2 2 2
left_child=1 2 -1 -3 5 -4 -2 8 -8 10 -6 12 13 -12
right_child=6 3 4 -5 9 -7 7 -9 -10 -11 11 -13 -14 -15
leaf_value=-0.023557024283760438 0.013217484580681636 0.013077428350739669 -0.032023764892101611 -0.040505238601113221 0.02900556495910684 0.012264065970102198 -0.035900268580049861 0.015189724460532955 0.007511006140218217 -0.0055999458479241123 0.010509994836453937 0.024725737339269187 0.013564938116213664 -0.01684892548188233
leaf_weight=2.9585922318510702 1.3333971723914135 1.5273612309247244 2.035876370966434 2.6897998414933681 3.0970310755074015 1.6146211847662923 6.0867476351559144 0.87692680582404126 1.3116875374689696 4.2742860205471507 8.8796165743842703 5.2002642713487139 24.286062044091523 5.2139241686090818
leaf_count=196 21 13 49 30 9 13 210 5 11 31 54 17 141 67
internal_value=0.00182679 0.00493706 0.00728038 -0.0223119 0.00934492 -0.0140102 -0.0167504 -0.0224835 -0.0282259 0.0112557 0.0128843 0.0111137 0.00868827 -5.71918e-05
internal_weight=71.3862 61.7774 57.5603 4.21716 54.6017 3.6505 9.60876 8.27536 7.39844 50.9512 46.6769 43.5799 38.3796 14.0935
internal_count=867 620 577 43 381 62 247 226 221 319 288 279 262 121
is_linear=0
shrinkage=0.03


Tree=136
num_leaves=15
num_cat=0
split_feature=7 3 3 2 5 7 6 6 4 0 5 3 0 7
split_gain=2.68944 2.21719 4.58215 2.7405 4.58711 5.02141 3.15507 3.46634 2.36865 2.07214 1.90056 1.80936 1.45488 0.729675
threshold=48.650000000000013 2.9449759043833477 2.5169938541005239 32.290000000000013 396.98562622070318 20.150000000000006 6.3500000000000014 5.5500000000000016 45.5441333723385 25.488750000000003 13.830234527587892 3.2284846486846579 27.402916666666673 26.950000000000006
decision_type=2 2 2 2 2 2 2 2 2 2 2 2 2 2
left_child=1 2 8 13 5 9 7 10 -1 -5 -7 -6 -11 -3
right_child=-2 3 -4 4 11 6 -8 -9 -10 12 -12 -13 -14 -15
leaf_value=-0.017447788809065067 -0.023093700706276973 0.021389438127557989 -0.027102373118386775 -0.0039831536261737861 -0.029347195897100744 0.018596512454031433 0.014813125971021119 -0.035924918265226459 0.020980466578537388 0.023690328072237619 -0.013497075348601048 5.9126658049899818e-05 0.0045382657985747988 0.0089346816003751557
leaf_weight=1.184720947407184 2.4123027757741502 8.7536762324161845 4.7421993263997138 4.1764149405062225 4.1721773203462353 1.878026494756339 2.8070387132465831 3.8058240991085768 3.876597298309207 12.939482472836973 2.9262223048135638 2.9550680741667747 5.5466164052486411 12.150639589410273
leaf_count=59 127 53 241 39 44 8 15 37 25 43 35 13 27 114
internal_value=0.00302586 0.00420672 -0.00846321 0.00630893 0.00170687 0.00637398 -0.00931988 -0.0179104 0.0105909 0.0143401 9.10949e-05 -0.0186478 0.0184717 0.0148885
internal_weight=74.327 71.9147 9.80352 62.1112 41.2069 34.0796 11.4171 8.61007 5.06132 22.6625 4.80425 7.12725 18.4861 20.9043
internal_count=880 753 325 428 261 204 95 80 84 109 43 57 70 167
is_linear=0
shrinkage=0.03


Tree=137
num_leaves=15
num_cat=0
split_feature=0 5 1 1 8 5 0 2 2 2 0 5 3 1
split_gain=2.10102 2.27966 2.26572 3.89606 3.93425 3.3611 1.6024 3.28776 2.15484 2.56002 3.25849 1.4946 3.14816 0.640942
threshold=11.847500000000005 2474.693237304688 8.9100000000000019 11.520000000000005 26.550000000000004 338.81465148925787 28.092916666666671 36.810000000000009 35.500000000000007 32.290000000000013 25.896666666666672 8.7914719581604022 3.1547707694454723 11.070000000000006
decision_type=2 2 2 2 2 2 2 2 2 2 2 2 2 2
left_child=-1 2 11 5 -5 13 7 8 9 -6 -11 -2 -13 -4
right_child=1 -3 3 4 6 -7 -8 -9 -10 10 -12 12 -14 -15
leaf_value=-0.021376392158878103 0.0073708154560573691 0.027428922101645783 0.014566432706268216 -0.031261622132026934 0.010403675037740515 -0.0066570194010295812 0.0168529634351515 -0.021553580083366875 0.017775336967715664 -0.03229651600499673 0.0023135655712743157 -0.027607885150111994 0.0030581411881330572 0.030063239652383444
leaf_weight=2.2419274067506185 3.5083276089280835 2.3795298002660266 11.779896089807158 2.5912337498739353 7.2738564517349138 4.747572971507906 4.3499729987233868 4.6615328267216674 6.0687499856576315 3.1934906691312772 5.5890031941235065 5.4142203023657185 5.342896219342947 4.984953870996832
leaf_count=194 24 6 60 48 49 42 20 36 21 32 42 261 37 12
internal_value=0.00231833 0.00334046 0.00213845 0.0048938 -0.00151447 0.0145619 0.00185687 -0.00109727 0.00395833 -0.00199999 -0.0122863 -0.00815276 -0.0134119 0.0206072
internal_weight=74.1272 71.8852 69.5057 55.2403 33.7278 21.5124 31.1366 26.7866 22.1251 16.0564 8.78249 14.2654 10.7571 16.7648
internal_count=884 690 684 362 248 114 200 180 144 123 74 322 298 72
is_linear=0
shrinkage=0.03


Tree=138
num_leaves=15
num_cat=0
split_feature=2 8 8 1 5 6 2 6 6 3 3 2 5 8
split_gain=2.55627 2.32206 3.33244 5.05773 3.0092 3.15992 3.38268 2.41827 2.07558 2.01957 1.91829 1.64176 1.39685 3.03682
threshold=24.810000000000006 38.750000000000007 34.850000000000009 11.390000000000006 591.72079467773449 6.1500000000000012 33.990000000000009 7.5500000000000016 5.4500000000000011 3.2390340526490213 3.2727737905361018 34.970000000000006 26.313563346862797 27.750000000000004
decision_type=2 2 2 2 2 2 2 2 2 2 2 2 2 2
left_child=-1 2 3 7 5 6 -5 8 10 -3 -2 -8 -10 -14
right_child=1 9 -4 4 -6 -7 11 -9 12 -11 -12 -13 13 -15
leaf_value=-0.023666702332248879 -0.025644498093096105 -0.031828054792477044 0.018397378261520388 -0.028316543482114834 0.0087428139282088868 -0.03461917380515963 0.015194429156371335 -0.019792466720966278 0.024439924390068948 0.0030244018433707122 0.011308134433403852 -0.0092687561171546032 0.015050688163095325 -0.01280101942184369
leaf_weight=2.5830896720290175 1.6961136180907552 2.2072249008342615 10.740240697748957 3.2311403239145937 5.0114154247567049 4.7637874921783796 4.4333489853888732 1.601643890608101 7.1521773096174028 2.5092965941876173 1.5729875387623904 3.6236211024224758 13.178390844725074 3.842374383006244
leaf_count=167 37 35 60 50 24 48 28 90 28 14 9 30 154 85
internal_value=0.00103751 0.00235174 0.00400999 0.000626477 -0.0102927 -0.0163998 -0.0065193 0.00862438 0.0109205 -0.0160003 -0.00938015 0.00438352 0.0139295 0.00840182
internal_weight=68.1469 65.5638 60.8472 50.107 21.0633 16.0519 11.2881 29.0437 27.442 4.71652 3.2691 8.05697 24.1729 17.0208
internal_count=859 692 643 583 180 156 108 403 313 49 46 58 267 239
is_linear=0
shrinkage=0.03


Tree=139
num_leaves=15
num_cat=0
split_feature=7 4 7 1 1 3 0 4 3 7 8 7 4 8
split_gain=2.43539 2.08519 4.09081 2.62394 2.10414 7.64855 2.8867 2.61318 2.02691 1.79961 2.01972 4.35843 1.57415 1.41494
threshold=48.650000000000013 60.396975986830363 14.900000000000002 2.0600000000000041 11.520000000000005 3.1799508572211601 28.044166666666673 77.906232716274019 3.2451076540396682 21.150000000000006 25.250000000000004 40.650000000000013 75.559072010655512 29.850000000000005
decision_type=2 2 2 2 2 2 2 2 2 2 2 2 2 2
left_child=1 2 -1 -3 9 6 -6 8 -7 -5 -11 -12 -10 -9
right_child=-2 3 -4 4 5 7 -8 13 12 10 11 -13 -14 -15
leaf_value=-0.030659871899523846 -0.022809373490535439 -0.021359661052457093 0.0096942556435243542 0.018267392766093651 -0.038327892768435082 0.025026367807608318 0.0024200837808035802 0.0048429083181506048 -0.007244114094341841 0.014174092977442536 -0.023909433508599941 0.021101895458216859 0.014967645305959915 -0.020881883791702392
leaf_weight=3.3487788937054566 2.1968700694851568 2.1142427190206936 3.9657638436183333 18.137440190650526 4.0656724702566889 8.0633323565125519 2.1003833543509245 3.6841792622581115 4.6201061569154245 6.5370756359770876 4.2342645144090056 2.142857326194644 5.0428726430982351 2.4534881748259068
leaf_count=110 124 158 67 96 65 18 14 21 27 56 63 11 19 23
internal_value=0.00289573 0.00400438 -0.0102463 0.00578773 0.00705631 0.00130433 -0.0260469 0.00913478 0.0147684 0.0124048 0.00344994 -0.00797439 0.00466426 -0.00692527
internal_weight=72.7073 70.5105 7.31454 63.1959 61.0817 30.03 6.16606 23.864 17.7263 31.0516 12.9142 6.37712 9.66298 6.13767
internal_count=872 748 177 571 413 187 79 108 64 226 130 74 46 44
is_linear=0
shrinkage=0.03


Tree=140
num_leaves=15
num_cat=0
split_feature=1 8 5 1 5 3 3 7 1 5 5 1 3 8
split_gain=4.36504 1.71488 1.38996 1.4459 2.82977 3.60026 3.11541 3.2086 2.96137 1.64648 3.16488 2.7703 2.30078 1.45562
threshold=2.0600000000000041 39.750000000000007 992.07980346679699 11.520000000000005 327.95318603515631 3.1799508572211601 3.3620675849241048 19.550000000000004 16.840000000000007 26.313563346862797 86.384025573730483 9.4600000000000026 3.1547707694454723 28.250000000000004
decision_type=2 2 2 2 2 2 2 2 2 2 2 2 2 2
left_child=-1 2 3 9 5 13 -7 -8 -6 -2 -11 12 -12 -5
right_child=1 -3 -4 4 8 6 7 -9 -10 10 11 -13 -14 -15
leaf_value=-0.025251480723623463 0.02000920882024736 -0.016025768682164404 -0.011547879635775991 -0.0032334151986006957 -0.0039605861421640673 0.010268389311750293 0.0083881761874956568 -0.038536991378320964 0.026464292189673139 -0.021675375587512483 -0.024073613120869995 0.017391594500451631 0.0095110537907399269 -0.037991529584745207
leaf_weight=4.2004261873662463 9.366496139205994 2.9313100865110746 3.6303540570661417 1.8388896137476027 4.888292456045745 10.278019914403556 1.8411960490047925 1.929175794124603 5.2928161658346653 2.4795752256177392 2.5003818329423693 11.834823418408631 3.0324836513027549 2.6058690398931503
leaf_count=320 44 37 48 19 35 47 11 42 19 39 100 60 15 40
internal_value=0.00122494 0.00330996 0.00447289 0.00565665 0.000802041 -0.00612594 0.00177813 -0.0186671 0.0128086 0.0102373 0.00488713 0.00965306 -0.00702811 -0.0268463
internal_weight=68.6501 64.4497 61.5184 57.888 28.6743 18.4932 14.0484 3.77037 10.1811 29.2138 19.8473 17.3677 5.53287 4.44476
internal_count=876 556 519 471 213 159 100 53 54 258 214 175 115 59
is_linear=0
shrinkage=0.03


Tree=141
num_leaves=15
num_cat=0
split_feature=1 4 1 8 5 1 3 4 1 2 5 1 8 8
split_gain=4.74518 2.27521 3.56116 1.93784 2.31398 1.90538 1.88303 3.32156 4.63691 2.44502 1.72372 1.66908 1.61342 1.05024
threshold=7.5500000000000025 79.348307186312283 11.520000000000005 34.250000000000007 5.4549217224121103 16.840000000000007 3.1894620129180069 62.511358826315728 11.520000000000005 33.250000000000007 263.97610473632818 14.910000000000004 29.150000000000006 24.250000000000004
decision_type=2 2 2 2 2 2 2 2 2 2 2 2 2 2
left_child=3 6 -3 4 -1 -4 7 -2 9 -9 11 -8 -10 -11
right_child=1 2 5 -5 -6 -7 10 8 12 13 -12 -13 -14 -15
leaf_value=0.0049247901880945816 0.012934882879897891 0.013859588241216336 -0.044653575896509444 0.0044330158650588451 -0.029010299907397143 -0.00095878548229291066 0.020511011208454933 0.018871705121267131 -0.0041285902559749883 0.0036741304062906485 -0.00084898994279454022 0.00060391292797947122 -0.039172979713904266 -0.02102647080790232
leaf_weight=1.9900257857516388 9.797188840806486 2.0688270535320035 1.6883900016546252 2.9691675319336346 7.1234686826355755 1.4160914402455089 15.420616522431379 4.2884166603907925 1.9934352282434691 2.5090143010020256 7.3380639217793933 5.0087290415540329 3.2710912367329001 2.2098528109490871
leaf_count=22 63 11 16 42 424 32 58 23 22 17 39 33 51 24
internal_value=0.000789987 0.00445987 -0.0129315 -0.015543 -0.021846 -0.029812 0.00640743 0.000207127 -0.00880497 0.00451692 0.0115879 0.0158863 -0.0286805 -0.00954722
internal_weight=69.0924 57.0097 5.17331 12.0827 9.11349 3.10448 51.8364 24.069 14.2718 9.00728 27.7674 20.4293 5.26453 4.71887
internal_count=877 389 59 488 446 48 330 200 137 64 130 91 73 41
is_linear=0
shrinkage=0.03


Tree=142
num_leaves=15
num_cat=0
split_feature=7 7 8 5 3 6 0 3 5 8 5 8 5 0
split_gain=4.49841 3.79131 2.8845 2.30262 2.07228 1.57883 1.73443 1.30542 2.97377 4.21587 3.57364 2.10649 1.77478 3.41532
threshold=36.150000000000013 11.650000000000004 38.750000000000007 822.93087768554699 3.1799508572211601 5.3500000000000014 24.177083333333339 3.1257837022888046 26.313563346862797 35.70000000000001 979.66671752929699 27.450000000000006 591.72079467773449 27.439583333333342
decision_type=2 2 2 2 2 2 2 2 2 2 2 2 2 2
left_child=1 4 5 -2 -1 6 -3 8 -7 10 -10 -9 13 -13
right_child=3 2 -4 -5 -6 7 -8 11 9 -11 -12 12 -14 -15
leaf_value=-0.030510482408594941 -0.032356840713080141 -0.026411696557203757 -0.01970868680917234 -0.0011348968792664646 0.006046617519914331 0.017474627501271482 0.0056749031304867414 0.023079735450143937 -0.027025045632505504 0.021550273648492761 0.0092040214753628165 -0.011452152414842612 0.019765590853416368 0.018370558865183292
leaf_weight=3.3030329435132435 4.1614236063323906 1.5572750377468754 2.7885689530521622 3.7427039635367692 1.6411574929952619 6.8024385841563371 3.0540145635604858 10.814666813239457 6.3288358058780414 2.8238832526840261 3.0687189968302846 8.1046466566622275 4.9005119800567618 4.5706432983279219
leaf_count=109 166 31 26 65 6 37 29 43 221 15 54 49 13 14
internal_value=0.000562177 0.00347261 0.00584632 -0.0193607 -0.0194 0.00756192 -0.00793683 0.00920205 0.00290338 -0.00591523 -0.0154472 0.0131803 0.00617444 -0.000141275
internal_weight=67.6625 59.7584 54.8142 7.90413 4.94419 52.0256 4.61129 47.4143 19.0239 12.2214 9.39755 28.3905 17.5758 12.6753
internal_count=878 647 532 231 115 506 60 446 327 290 275 119 76 63
is_linear=0
shrinkage=0.03


Tree=143
num_leaves=15
num_cat=0
split_feature=1 6 6 0 0 8 8 7 0 1 2 1 7 2
split_gain=4.22738 2.05681 2.43096 1.76818 3.72137 3.16415 2.65294 2.34685 2.04442 2.39345 1.49742 3.40877 1.94773 1.64035
threshold=5.8300000000000036 5.8500000000000014 5.6500000000000012 23.111250000000009 24.478750000000002 26.450000000000006 36.95000000000001 11.650000000000004 22.803750000000004 5.9300000000000033 38.530000000000015 13.190000000000005 28.250000000000004 34.750000000000007
decision_type=2 2 2 2 2 2 2 2 2 2 2 2 2 2
left_child=1 2 -1 8 5 -5 7 -6 9 -2 11 -9 -13 -14
right_child=3 -3 -4 4 6 -7 -8 10 -10 -11 -12 12 13 -15
leaf_value=-0.022025300292222137 0.026375351904878365 -0.028255504636582829 0.015559867307512449 0.00097240535612019179 -0.015478616710076706 -0.039312025582317861 -0.01577977978156252 0.015986544573624084 0.026801071935740422 -0.0044455887668819341 0.0225746582924067 -0.015424669029467925 -0.0079986709368865278 0.021357598987197988
leaf_weight=1.7380311237648109 2.0740840882062894 5.0382437589578331 2.5682860394008458 3.3729604724794617 2.8022354245185843 2.5545310843735933 4.2220068788155904 13.234532689675694 4.7345343716442576 7.8521394217386842 5.668630849570035 6.5339192105457169 2.5814891112968326 2.5009891092777252
leaf_count=86 4 329 37 25 36 32 34 58 12 86 20 62 46 6
internal_value=0.000749199 -0.0169555 -0.000901548 0.0038338 0.000703407 -0.0195574 0.00432663 0.00725973 0.0124782 0.00381898 0.00977236 0.00609179 -0.00555489 0.00758335
internal_weight=67.4766 9.34456 4.30632 58.1321 43.4713 5.92749 37.5438 33.3218 14.6608 9.92622 30.5196 24.8509 11.6164 5.08248
internal_count=873 452 123 421 319 57 262 228 102 90 192 172 114 52
is_linear=0
shrinkage=0.03


Tree=144
num_leaves=15
num_cat=0
split_feature=1 1 7 1 1 5 7 0 6 1 7 0 8 1
split_gain=3.98141 4.64115 4.91049 3.0894 2.28712 1.93242 1.66298 2.99012 1.71126 1.45653 1.44747 1.36576 1.37945 1.21931
threshold=2.0600000000000041 11.520000000000005 24.850000000000005 14.650000000000002 12.660000000000005 13.830234527587892 12.450000000000001 27.143333333333342 5.3500000000000014 10.620000000000003 33.45000000000001 22.93458333333334 36.45000000000001 13.310000000000004
decision_type=2 2 2 2 2 2 2 2 2 2 2 2 2 2
left_child=-1 6 3 4 -3 -4 7 -2 9 -8 -7 -12 -13 -6
right_child=1 2 5 -5 13 10 8 -9 -10 -11 11 12 -14 -15
leaf_value=-0.024841711438666189 -0.023629426992407495 -0.023499864647342616 -0.01419069972649098 -0.033123458447248455 0.014699290055249467 0.018151443607417505 -0.022147331243969962 0.021476714714399874 0.015232594390227302 0.0093860935181033795 0.015459248247392001 -0.028728872843992111 0.0061536684823888998 -0.007694241138593242
leaf_weight=3.8871329608373335 2.4106650305911894 3.0933145787566918 2.3312827544286838 5.3633597856387487 3.5820748321712017 8.3365639951080066 1.4353708894923358 1.216009549796581 27.605620224028826 2.0080031957477331 1.3435353506356471 1.257946244440973 1.333216670900583 3.3120727296918631
leaf_count=315 64 30 26 58 18 34 35 2 207 12 6 31 10 24
internal_value=0.00130551 0.0032327 -0.00532659 -0.0166838 -0.00564436 0.00691668 0.0105684 -0.00713243 0.012794 -0.0057847 0.0116938 -0.00289402 -0.0140652 0.00432917
internal_weight=68.5162 64.629 29.9534 15.3508 9.98746 14.6025 34.6757 3.62667 31.049 3.44337 12.2713 3.9347 2.59116 6.89415
internal_count=872 557 237 130 72 107 320 66 254 47 81 47 41 42
is_linear=0
shrinkage=0.03


Tree=145
num_leaves=15
num_cat=0
split_feature=0 0 0 6 0 8 8 1 0 5 5 3 3 8
split_gain=2.12512 2.79126 1.30934 4.36102 3.14771 2.49185 2.4164 2.11867 3.58524 3.79892 2.48886 2.6883 2.00874 1.92373
threshold=11.847500000000005 12.422083333333338 22.803750000000004 5.5500000000000016 23.111250000000009 27.550000000000004 29.050000000000004 11.520000000000005 26.600416666666671 591.72079467773449 238.25532531738284 3.1763535302847541 3.2178519956479041 30.050000000000004
decision_type=2 2 2 2 2 2 2 2 2 2 2 2 2 2
left_child=-1 -2 3 -3 -4 12 -7 10 9 13 -6 -12 -5 -9
right_child=1 2 4 5 7 6 -8 8 -10 -11 11 -13 -14 -15
leaf_value=-0.020778038097338726 0.026908821955314372 -0.028548069172326232 0.026211208583779032 -0.025318068346107954 0.016946740395140068 0.027679900196642456 -0.0031813531860164887 -0.0088034842375460786 0.0065715324619946948 0.0079126656065447564 -0.028383520749080821 0.015375267189141686 0.01407923385434297 -0.040030737774517128
leaf_weight=2.0697471480816594 3.8110338347032657 3.7717450144700697 4.8375454582273951 2.4786616852506982 12.549766164273022 4.0921960058622062 3.8033914384432137 4.2148930337280053 16.609350207261741 4.0477173328399658 1.8212816524319344 1.432053245604038 0.9776935577392577 3.3973018797114491
leaf_count=206 24 90 14 124 66 17 65 40 110 21 40 6 2 46
internal_value=0.00378721 0.00482755 0.00311979 -0.00438997 0.00548336 0.00529808 0.0141273 0.00267713 -0.00226433 -0.0143757 0.0111253 -0.0100355 -0.0135152 -0.02577
internal_weight=69.9144 67.8446 64.0336 15.1237 48.9099 11.3519 7.89559 44.0724 28.2693 11.6599 15.8031 3.25333 3.45636 7.61219
internal_count=871 665 641 298 343 208 82 329 217 107 112 46 126 86
is_linear=0
shrinkage=0.03


Tree=146
num_leaves=15
num_cat=0
split_feature=7 3 8 5 8 8 0 0 2 5 7 0 2 7
split_gain=2.65252 2.2392 1.76169 3.63236 5.75125 3.16277 3.85913 3.54562 2.37781 1.44211 2.39113 3.26377 1.44707 1.92626
threshold=11.350000000000003 3.1843677074975862 34.250000000000007 190.60962677001956 34.95000000000001 30.350000000000005 26.664583333333336 25.917916666666674 24.810000000000006 18.491278648376468 20.900000000000002 24.843333333333337 30.540000000000003 45.550000000000004
decision_type=2 2 2 2 2 2 2 2 2 2 2 2 2 2
left_child=1 -1 5 4 -4 6 8 -7 -2 -10 11 -11 13 -12
right_child=2 -3 3 -5 -6 7 -8 -9 9 10 12 -13 -14 -15
leaf_value=-0.03017531119410017 -0.020431089254239306 0.010596947522571787 0.020897824688186729 0.019878806321537081 -0.03022413790438851 -0.033230316127040305 -0.022433160097345521 0.0037443074203791561 0.018879462932394186 -0.026071958121804281 -0.021531492153679922 0.007070777659089993 0.017084973855676647 0.016801239436155375
leaf_weight=3.2689183703623703 1.8105610334314395 1.1080449074506757 2.6980347353965071 10.834252502303569 3.3581185713410378 4.1701889601536077 3.7765734875574699 3.9224660666659474 7.9761269539594677 3.5424690255895275 1.6523488494567566 5.739106610417366 10.303053053095935 1.1760969785973427
leaf_count=107 146 3 11 73 42 86 47 25 34 103 81 35 68 13
internal_value=0.000416522 -0.0198025 0.00216444 0.0101066 -0.00771518 -0.00103627 0.00288488 -0.0168681 0.00644058 0.00864146 0.00434732 -0.00688419 0.0122113 -0.00536717
internal_weight=65.3364 4.37696 60.9594 16.8904 6.05615 44.069 35.9763 8.09266 32.1998 30.3892 22.4131 9.28158 13.1315 2.82845
internal_count=874 110 764 126 53 638 527 111 480 334 300 138 162 94
is_linear=0
shrinkage=0.03


Tree=147
num_leaves=15
num_cat=0
split_feature=8 8 6 6 6 4 4 5 7 0 4 4 6 0
split_gain=2.87621 3.93095 1.79441 1.64484 2.86855 1.56619 1.40793 2.05797 2.59851 1.71906 1.16712 2.75066 5.47609 5.26511
threshold=36.95000000000001 41.45000000000001 7.6500000000000012 5.4500000000000011 5.1500000000000012 75.713853294766523 79.348307186312283 706.39361572265636 16.850000000000005 11.847500000000005 76.770342703194729 71.204038961733403 5.5500000000000016 25.87875
decision_type=2 2 2 2 2 2 2 2 2 2 2 2 2 2
left_child=2 -2 3 4 5 -1 9 8 -8 -5 11 -11 -13 -14
right_child=1 -3 -4 6 -6 -7 7 -9 -10 10 -12 12 13 -15
leaf_value=-0.010545421046877751 -0.036695934229340102 0.004663674056303981 -0.019241082925786669 -0.016589229184028366 -0.016252098598957133 0.020260554839128309 0.012906644684543259 0.013130636293048104 -0.036223494237162028 0.013846523098554862 0.02252483206297929 0.023091043068509964 -0.038274009209336046 0.0099311436419637633
leaf_weight=1.4012335785664598 2.5585208074189714 4.4768262496218085 1.5110176960006345 1.1687215799465764 5.9971551047638059 3.8877489184960723 0.87790724635124151 2.1207160428166389 1.6823662477545438 28.807348553091288 7.0435558054596177 3.4340584157034737 3.8342618304304779 2.9476921521127224
leaf_count=21 41 33 95 121 90 45 3 8 52 223 43 17 86 13
internal_value=0.003975 -0.0130724 0.00599903 0.00689275 -0.00325668 0.0117199 0.00911898 -0.00562406 -0.0204836 0.0106663 0.0116955 0.00922695 -0.00387254 -0.0187384
internal_weight=71.7491 7.03535 64.7138 63.2028 11.2861 5.28898 51.9166 4.68099 2.56027 47.2356 46.0669 39.0234 10.216 6.78195
internal_count=891 74 817 722 156 66 566 63 55 503 382 339 116 99
is_linear=0
shrinkage=0.03


Tree=148
num_leaves=15
num_cat=0
split_feature=3 3 3 4 5 7 3 4 4 8 8 8 1 4
split_gain=2.15723 2.63546 2.86534 3.46892 3.63227 2.33898 2.58656 3.17798 2.51068 3.2726 2.29829 2.28529 2.19947 1.80549
threshold=3.1894620129180069 3.0872019983601215 3.0714946912363077 60.49780147805604 5.4549217224121103 18.350000000000005 3.2208870241535634 75.09846144934474 75.793364857169692 30.450000000000006 29.150000000000006 25.850000000000005 10.620000000000003 45.5441333723385
decision_type=2 2 2 2 2 2 2 2 2 2 2 2 2 2
left_child=1 2 3 13 -5 -2 -7 11 -9 -10 12 -8 -3 -1
right_child=5 10 -4 4 -6 6 7 8 9 -11 -12 -13 -14 -15
leaf_value=-0.015904623476661339 0.021242681130685396 -0.017112261015272391 0.021757022428161497 0.008394646796051973 -0.027975732583794245 0.018532917903312525 0.0020239172442419631 0.023762165255455835 0.0099030596997783018 -0.023336117468310106 -0.027763006618184947 -0.035733150341697342 0.012586075581447302 0.016991096845202842
leaf_weight=1.0183478770777634 8.9234338551759702 3.2079037413932365 5.1964658247306934 3.4460899820551258 5.3284668745473027 6.493883220478895 2.2424212004989412 3.5842880047857753 5.9878724436275643 3.3307561315596104 4.3233831678517163 2.5890130326151848 3.8190430104732513 7.0056425607763231
leaf_count=70 32 52 19 30 307 24 18 11 45 45 51 28 17 97
internal_value=0.00362895 -0.00175066 0.00430615 -0.00201121 -0.0142943 0.00893281 0.00373669 -0.00238137 0.00554351 -0.00308779 -0.0128861 -0.020867 -0.00141447 0.0115164
internal_weight=66.497 33.3453 21.995 16.7985 8.77456 33.1517 24.2282 17.7344 12.9029 9.31863 11.3503 4.83143 7.02695 8.02399
internal_count=846 643 523 504 337 203 171 147 101 90 120 46 69 167
is_linear=0
shrinkage=0.03


Tree=149
num_leaves=15
num_cat=0
split_feature=1 4 0 1 5 0 3 5 3 8 4 3 0 8
split_gain=2.92507 4.25392 4.24774 1.84537 2.10418 1.67387 1.34291 1.31036 1.0063 4.13651 2.0192 1.36775 1.34414 1.02543
threshold=9.9800000000000058 71.245642881350577 19.458750000000006 19.290000000000006 20.306879997253422 11.847500000000005 3.2208870241535634 2.2758069038391118 3.1257837022888046 33.350000000000009 55.421108794053204 3.3620675849241048 24.569166666666671 30.250000000000004
decision_type=2 2 2 2 2 2 2 2 2 2 2 2 2 2
left_child=1 2 5 8 -5 -1 -4 -7 9 10 -2 12 -10 -14
right_child=3 -3 6 4 -6 7 -8 -9 11 -11 -12 -13 13 -15
leaf_value=-0.014996656383886718 0.010598523155441041 -0.025943220124048139 -0.0257610678314865 0.012705471155749676 -0.025387858409582527 -0.013981124016272108 0.0069856776407950776 0.019752118671373217 0.0011784309249233125 0.017282402958840683 -0.02529581880236409 -0.00092884773388732461 0.024469765919560835 0.0093368051828910774
leaf_weight=0.94005219778046267 1.2960495203733424 6.053853460121899 3.7636602902784935 1.3560314532369369 2.3483602027408779 0.45273539796471496 1.00216768682003 8.7782968799583596 5.8637382835149827 5.5196719951927662 4.2151747094467282 6.7986530326306811 9.6113966181874293 9.7209630459547025
leaf_count=71 7 269 96 8 64 5 5 135 35 33 71 34 34 31
internal_value=0.00236645 -0.00672979 0.00219656 0.0065078 -0.0117068 0.0128669 -0.0188577 0.0168928 0.00830631 0.000422929 -0.0165234 0.0109291 0.014042 0.0176939
internal_weight=67.7208 20.9908 14.9369 46.73 3.70439 10.1711 4.76583 9.23103 43.0256 11.0309 5.51122 31.9948 25.1961 19.3324
internal_count=898 581 312 317 72 211 101 140 245 111 78 134 100 65
is_linear=0
shrinkage=0.03


Tree=150
num_leaves=15
num_cat=0
split_feature=7 7 0 4 2 3 3 0 0 3 1 1 1 4
split_gain=2.24184 1.6465 3.79687 1.55479 1.93425 2.17319 2.98088 2.27697 1.84071 1.83672 1.62948 0.979843 1.03962 0.928835
threshold=48.650000000000013 11.650000000000004 27.143333333333342 59.855759886877358 31.170000000000005 3.1366698429303415 3.333697093510787 22.93458333333334 25.142500000000002 3.26719513714287 1.4700000000000033 10.770000000000001 -6.3799999999999972 76.302942347545326
decision_type=2 2 2 2 2 2 2 2 2 2 2 2 2 2
left_child=1 2 -1 11 10 7 8 -6 9 -7 -5 12 -3 -8
right_child=-2 3 -4 4 5 6 13 -9 -10 -11 -12 -13 -14 -15
leaf_value=-0.032442951620635985 -0.021811939761029277 0.013871013612392971 0.011199107178750058 -0.01528356191040289 0.0043204516301614763 -0.012890625769084708 -0.0017860178798309789 -0.025402831782701685 0.015662654898888451 0.012077785899208413 0.014790761842691159 0.025094378612609245 -0.015234880656416134 -0.024102463308191064
leaf_weight=2.3748251073993734 2.0366305152419946 1.600030053406954 3.0438791140913963 0.9903349017258759 3.6715801670216015 4.7972303573042208 3.5397245921194544 4.3127494184300303 13.59162233956158 3.8993871174752712 15.688637596089391 4.7582352310419083 0.93004316603764792 2.5230844561010599
leaf_count=94 126 32 15 123 58 36 22 78 53 16 132 12 48 34
internal_value=0.00352441 0.0046247 -0.0100022 0.00608077 0.00410274 0.000138978 0.00408722 -0.0127751 0.0091457 -0.00160429 0.0122416 0.0182378 0.00188695 -0.0131708
internal_weight=67.758 65.7214 5.4187 60.3027 53.0144 36.3354 28.351 7.98433 22.2882 8.69662 16.679 7.28831 2.53007 6.06281
internal_count=879 753 109 644 552 297 161 136 105 52 255 92 80 56
is_linear=0
shrinkage=0.03


Tree=151
num_leaves=15
num_cat=0
split_feature=5 4 5 4 1 1 1 1 2 2 4 2 1 2
split_gain=2.15877 3.05244 2.10375 5.74458 1.70373 4.05192 2.89122 2.22158 3.21203 1.47375 4.69584 1.34982 1.34797 1.74808
threshold=909.61682128906261 79.810378177319748 425.98348999023443 78.201792962166664 8.9100000000000019 3.4100000000000041 2.0600000000000041 11.590000000000005 33.990000000000009 38.620000000000012 71.483629435779378 36.090000000000003 4.650000000000003 32.730000000000011
decision_type=2 2 2 2 2 2 2 2 2 2 2 2 2 2
left_child=1 2 4 -4 5 6 -1 11 -9 10 -10 -6 13 -2
right_child=12 -3 3 -5 7 -7 -8 8 9 -11 -12 -13 -14 -15
leaf_value=-0.018870800282645022 -0.020036862441792414 -0.028899913893864242 -0.026769823197027722 0.021658992782694276 0.020058419125497346 -0.029212436223213133 0.021899889470303982 -0.024941398001546353 -0.028912885747249536 0.016327610698971963 0.0096434239391883728 0.00097954491923654685 0.019239471490867181 0.01531755283044515
leaf_weight=1.4832624536938945 1.5537102385424062 2.4106204146519294 6.0971304569393379 2.3262551429215819 10.182265169918535 3.511891053058207 3.5348650086671114 2.9947247486561563 2.9664574898779419 5.4333948045969001 9.0509512852877361 4.9094180539250365 7.317643279209733 1.5068599605001507
leaf_count=124 85 103 139 8 43 105 22 40 39 21 50 33 35 37
internal_value=0.00104305 -0.00139755 0.000382158 -0.0125163 0.00307069 -0.00832647 0.00871565 0.00595937 -0.000575794 0.00473073 -0.00136403 0.0142985 0.0129421 -0.00314473
internal_weight=65.2794 54.9012 52.4906 8.42339 44.0672 8.53002 5.01813 35.5372 20.4455 17.4508 12.0174 15.0917 10.3782 3.06057
internal_count=884 727 624 147 477 251 146 226 150 110 89 76 157 122
is_linear=0
shrinkage=0.03


Tree=152
num_leaves=15
num_cat=0
split_feature=8 4 0 4 0 1 5 4 1 3 5 5 0 8
split_gain=2.03996 2.06315 3.02899 2.72799 2.33658 6.274 2.18216 1.98914 2.17616 1.70295 3.021 3.55036 2.02902 2.49069
threshold=39.750000000000007 76.07242258744148 26.664583333333336 75.238409039301516 27.143333333333342 13.610000000000005 170.42290496826175 76.874082845919162 5.8300000000000036 3.2016181948837201 8.7914719581604022 129.1579284667969 26.363333333333337 36.70000000000001
decision_type=2 2 2 2 2 2 2 2 2 2 2 2 2 2
left_child=1 3 7 4 5 9 -6 -3 -9 10 -1 -12 13 -13
right_child=-2 2 -4 -5 6 -7 -8 8 -10 -11 11 12 -14 -15
leaf_value=0.018550367496018086 -0.018200200666129918 -0.025430633155194921 -0.033609266419799499 0.02505976815218466 6.5973523297331411e-05 -0.03743793958069723 0.027552380148441857 -0.021299518018924365 0.0091143419893618266 0.015369121373830409 -0.031675435259632907 -0.011344400494709047 0.018748981066722254 0.0191946775751567
leaf_weight=4.9144713021814885 3.3000197233632198 1.3921827082522238 1.9344095294363786 5.1013672659173599 4.5567385870963317 2.6811202345415941 5.0670520700514317 1.5774949775077391 11.432232289575039 7.5628784117288879 2.8649711622856584 10.48216562066227 3.1432915283367029 2.0838271658867589
leaf_count=17 43 33 44 29 32 38 12 109 72 39 74 330 14 9
internal_value=0.00186439 0.00314739 -0.00582856 0.00623006 0.00349953 -0.000354173 0.0157692 -0.000157286 0.0041694 0.00391594 -0.000248757 -0.00591631 0.000396024 -0.00523848
internal_weight=68.0942 64.7942 16.3363 48.4579 43.3565 33.7327 9.62379 14.4019 13.0097 31.0516 23.4887 18.5743 15.7093 12.566
internal_count=895 852 258 594 565 521 44 214 181 483 444 427 353 339
is_linear=0
shrinkage=0.03


Tree=153
num_leaves=15
num_cat=0
split_feature=8 8 5 1 2 0 1 8 5 3 5 1 1 8
split_gain=2.54619 2.01804 3.79626 3.35711 2.22436 1.39114 1.37622 1.36996 1.18188 1.84417 3.05606 1.96508 1.22026 0.926698
threshold=41.650000000000013 34.750000000000007 190.60962677001956 12.930000000000005 24.810000000000006 26.777916666666673 15.610000000000005 26.750000000000004 238.25532531738284 3.1763535302847541 2474.693237304688 12.750000000000004 11.630000000000006 19.250000000000004
decision_type=2 2 2 2 2 2 2 2 2 2 2 2 2 2
left_child=1 3 -3 4 -1 7 -7 -5 12 10 11 -10 13 -6
right_child=-2 2 -4 5 8 6 -8 -9 9 -11 -12 -13 -14 -15
leaf_value=-0.021201252322795031 -0.026263675926703371 -0.0077522002311684263 0.022429855658278007 0.0022320981516087799 -0.0018634854175146555 0.010317987808682051 -0.014837467772894351 -0.033295614416310564 -0.028530835255310794 0.010247509239938181 0.020145528905978531 0.012733985463904878 -0.0054810369753067103 0.015347353672722733
leaf_weight=1.8254056023433793 1.6690178075805295 4.9759126584976903 10.390560745261608 1.123518668115137 3.0727336113341215 2.7458508387207985 3.1682344595901668 3.1201708912849426 4.2770206434652192 5.7470032153651118 1.262449827045202 0.68106340803205956 3.2649544253945342 17.83317380817607
leaf_count=157 30 40 51 16 47 13 44 49 205 24 6 3 23 161
internal_value=0.00252675 0.00367914 0.0127799 0.000572016 0.00471562 -0.013949 -0.00335495 -0.0252577 0.00656034 -0.00111301 -0.0115743 -0.0216766 0.0102529 0.0128481
internal_weight=65.1571 63.4881 15.3665 48.1216 37.9638 10.1578 5.91409 4.24369 36.1384 11.9675 6.22053 4.95808 24.1709 20.9059
internal_count=869 839 91 748 626 122 57 65 469 238 214 208 231 208
is_linear=0
shrinkage=0.03


Tree=154
num_leaves=15
num_cat=0
split_feature=2 8 8 3 3 5 7 7 5 6 3 2 5 7
split_gain=2.73043 2.54171 4.41109 1.88908 7.59979 1.93258 1.65776 1.60616 1.54414 1.39808 2.8285 1.03481 0.851136 0.825681
threshold=39.600000000000016 32.95000000000001 31.350000000000005 2.7024476192268243 3.1257837022888046 52.175287246704109 27.450000000000006 33.95000000000001 12.782201290130617 5.6500000000000012 3.5590012676816687 38.530000000000015 211.42034149169925 14.900000000000002
decision_type=2 2 2 2 2 2 2 2 2 2 2 2 2 2
left_child=1 2 3 13 11 7 -7 -6 -3 10 -8 -5 -2 -1
right_child=12 8 -4 4 5 6 9 -9 -10 -11 -12 -13 -14 -15
leaf_value=-0.0047514354409219917 -0.0026443487692225064 -0.007228938140653513 -0.033309997394469451 -0.030737453861733002 -0.019848162186239429 0.016095618650208688 -0.029057528530926909 0.0057502392153481576 0.014340630090540429 0.012606579705988606 0.013997721670236588 0.0027898712608712189 -0.031487468385797857 0.019585507682208323
leaf_weight=1.1349455285817374 1.6926668509840959 2.8728817962110069 2.4903089094441375 6.1463643463794133 3.1840222477912929 14.026623400859537 2.2650914434343572 3.9489231491461396 19.317961916793138 2.5757752549834549 1.5740678980946539 0.75868827570229758 1.7256681476719675 5.4704124620184302
leaf_count=50 17 20 52 323 22 76 45 21 146 14 4 7 35 52
internal_value=0.00184522 0.00333178 -0.00091812 0.00179011 -0.00116251 0.00607216 0.0106381 -0.00671192 0.0113569 -0.00185654 -0.01216 -0.0271667 -0.0210361 0.015329
internal_weight=69.1844 65.7661 43.5752 41.0849 34.4796 27.5745 20.4416 7.13295 22.1908 6.41493 3.83916 6.90505 3.41833 6.60536
internal_count=884 832 666 614 512 182 139 43 166 63 49 330 52 102
is_linear=0
shrinkage=0.03


Tree=155
num_leaves=15
num_cat=0
split_feature=4 7 5 7 2 6 6 3 6 5 7 3 8 2
split_gain=3.17071 1.55896 2.31172 1.38549 3.14047 4.11013 3.09948 3.12063 1.9074 4.26486 1.32005 3.01109 1.15406 0.881253
threshold=79.348307186312283 15.750000000000002 706.39361572265636 15.850000000000003 38.530000000000015 7.3500000000000014 6.4500000000000011 2.4597047369412128 5.3500000000000014 204.7594909667969 36.150000000000013 3.2016181948837201 40.150000000000013 36.600000000000001
decision_type=2 2 2 2 2 2 2 2 2 2 2 2 2 2
left_child=3 -2 -3 4 6 -6 -1 -8 9 -5 13 -12 -7 -10
right_child=1 2 -4 8 5 12 7 -9 10 -11 11 -13 -14 -15
leaf_value=0.0061144440824859375 0.012516295011206933 -0.036843757199167403 -0.00037587154515759838 0.01107195243630516 0.020012325877034658 -0.028210271091298689 0.0071979288467483929 -0.039677944035465894 0.01457185959711782 -0.031822787425704491 -0.024577042341726502 0.017977252692157584 0.0048665006944626976 -0.0011267527023155102
leaf_weight=3.7356935604475456 0.83044567704200645 2.6539809864480048 2.7721290364861488 4.6542515652254215 7.7594066495075804 1.7470142776146533 1.4014146924018858 3.5426768762990832 29.221297221491113 2.3422511406242847 2.0576962716877452 1.964649138972163 1.0589087568223474 3.4477703170850864
leaf_count=35 3 109 20 30 27 50 36 86 297 49 101 7 5 29
internal_value=0.00328318 -0.0155906 -0.0211705 0.00537404 -0.0012932 0.00932284 -0.0138436 -0.0274153 0.00827427 -0.00547191 0.0109711 -0.00435113 -0.0177288 0.0129308
internal_weight=69.1896 6.25656 5.42611 62.933 19.2451 10.5653 8.67979 4.94409 43.6879 6.9965 36.6914 4.02235 2.80592 32.6691
internal_count=884 132 129 752 239 82 157 122 513 79 434 108 55 326
is_linear=0
shrinkage=0.03


Tree=156
num_leaves=15
num_cat=0
split_feature=4 5 3 4 4 8 6 8 0 0 5 4 5 6
split_gain=3.42274 2.27139 2.56481 1.8424 2.49612 1.60447 1.08979 2.49688 1.79533 1.81967 2.34748 1.51835 1.50838 1.17709
threshold=80.040694469981972 425.98348999023443 3.146726263835673 77.181713454488587 78.736265874118359 31.450000000000006 5.5500000000000016 36.350000000000009 26.984583333333337 18.881250000000009 78.28653717041017 68.842299515200878 203.38523101806643 5.3500000000000014
decision_type=2 2 2 2 2 2 2 2 2 2 2 2 2 2
left_child=1 3 -3 6 -5 -4 13 8 9 11 -11 -8 -12 -1
right_child=-2 2 5 4 -6 -7 7 -9 -10 10 12 -13 -14 -15
leaf_value=0.0024456280019254442 -0.028130712479723242 -0.0218329867914764 0.011482826732894127 -0.030310607800707889 0.0061349113571187996 -0.012286506812035539 -0.014597621494410731 -0.018487008030419829 0.017802985078733017 -0.020788755071920732 0.01537929389913102 0.020885408909028586 -0.0095969735249151113 0.023234769186773592
leaf_weight=3.9505350152030569 2.3393697189167133 5.237575933802872 5.9193220934830588 1.8061799777206022 3.5978075296152383 3.0876301508396864 0.5974269998259939 2.608743247576057 9.6919589657336456 4.0350427385419589 4.2586970152333379 4.5475559290498495 2.8371798060834408 6.8003691895864904
leaf_count=42 91 240 30 45 42 25 31 28 41 38 40 77 45 38
internal_value=0.00146288 0.00308621 -0.00701591 0.00638625 -0.00887726 0.00292104 0.00865173 0.00525942 0.00824205 0.00184776 -0.00499736 0.0150601 0.00544101 0.0164538
internal_weight=61.3154 58.976 14.2445 44.7315 5.40399 9.00695 39.3275 28.5766 25.9679 16.2759 11.1309 5.14498 7.09588 10.7509
internal_count=853 762 295 467 87 55 380 300 272 231 123 108 85 80
is_linear=0
shrinkage=0.03


Tree=157
num_leaves=15
num_cat=0
split_feature=7 2 7 0 7 5 0 1 5 5 7 4 2 6
split_gain=3.05725 3.50807 3.10339 2.80348 2.61019 2.00384 1.3705 3.31526 2.81588 4.58334 2.15554 1.97085 1.36897 0.609932
threshold=34.150000000000013 36.810000000000009 45.550000000000004 26.363333333333337 48.100000000000009 146.02478790283206 22.867916666666673 12.930000000000005 20.306879997253422 909.61682128906261 28.250000000000004 73.271964336400472 28.940000000000001 5.5500000000000016
decision_type=2 2 2 2 2 2 2 2 2 2 2 2 2 2
left_child=1 6 -2 -3 -4 -5 8 -8 -1 -10 11 -9 -11 -13
right_child=2 3 4 5 -6 -7 7 10 9 12 -12 13 -14 -15
leaf_value=0.016847929340224818 -0.033170966989692761 -0.032090254537989978 0.016460994846134856 -0.01357343131241345 -0.021215065419684313 0.011141094989692422 0.020060060741744722 -0.033469023966256561 -0.02881275192174779 -0.0074773704959422999 0.014625487672131272 0.0076386179892460083 0.019644122664587 -0.0090596756797110319
leaf_weight=4.8026824686676255 3.5100264910142851 2.7558243386447421 3.0364527786150575 4.967263385653494 1.8073826637119053 4.8567282240837812 15.379841000773014 1.3674198416993002 4.3875401704572123 2.1104468703269958 3.9962214659899473 2.9091754127293825 3.1404702966101468 2.9762344835326076
leaf_count=22 109 80 20 34 116 24 77 25 202 39 17 28 44 18
internal_value=0.000601205 0.00330458 -0.0152575 -0.0100348 0.0011782 -0.00145472 0.00753187 0.0114465 3.9587e-05 -0.00913214 -0.00100626 -0.0103477 0.00929111 -0.000895037
internal_weight=62.0037 53.6498 8.35386 12.5798 4.84384 9.82399 41.07 26.6289 14.4411 9.63846 11.2491 7.25283 5.25092 5.88541
internal_count=855 610 245 138 136 58 472 165 307 285 88 71 83 46
is_linear=0
shrinkage=0.03


Tree=158
num_leaves=15
num_cat=0
split_feature=7 6 7 2 2 4 7 1 7 6 2 0 4 4
split_gain=1.95903 1.6144 1.78478 1.70133 2.36621 1.41728 2.15563 1.57478 4.59751 1.73259 2.43052 3.14607 1.52913 2.51781
threshold=48.650000000000013 5.3500000000000014 40.650000000000013 39.600000000000016 41.650000000000013 79.348307186312283 33.000000000000007 9.9800000000000058 16.250000000000004 5.5500000000000016 34.720000000000006 24.812083333333341 71.204038961733403 75.492932979406447
decision_type=2 2 2 2 2 2 2 2 2 2 2 2 2 2
left_child=1 2 -1 5 -5 7 -7 8 -3 -9 11 -11 -10 -14
right_child=-2 3 -4 4 -6 6 -8 9 12 10 -12 -13 13 -15
leaf_value=-0.017968789751095081 -0.0214291874691694 -0.029011258103477763 0.009849621717806397 -0.029080291262369107 0.011435238697344722 -0.02289428721902215 0.011038022883053599 0.022812142860313606 0.01505604697503455 -0.036561946628601689 0.012114018611570944 0.0080146781386420535 -0.025891618488894482 0.012275906428629271
leaf_weight=4.859047361649572 1.8959847625810642 2.6880243024788824 2.4255052583757788 1.9314148426055902 1.5835404051467774 2.5006709210574618 2.3961849634069949 9.2926609041169304 9.045171008910982 1.4403608255088354 17.497359517030418 2.757664741948247 1.7932214704342175 2.5924970619380474
leaf_count=80 125 121 19 38 18 29 30 43 119 26 83 24 65 72
internal_value=0.00279811 0.00385391 -0.00863536 0.00561641 -0.0123374 0.00703978 -0.00723406 0.00864311 0.000936185 0.0124974 0.00726886 -0.0113712 0.00852482 -0.00523976
internal_weight=64.6993 62.8033 7.28455 55.5188 3.51496 52.0038 4.89686 47.107 16.1189 30.988 21.6954 4.19803 13.4309 4.38572
internal_count=892 767 99 668 56 612 59 553 377 176 133 50 256 137
is_linear=0
shrinkage=0.03


Tree=159
num_leaves=15
num_cat=0
split_feature=4 7 0 2 2 2 2 2 5 5 2 8 8 5
split_gain=2.5556 2.48635 3.28846 1.65729 1.85369 3.17016 1.67263 2.01079 3.98903 4.42623 1.95072 1.87106 0.802008 2.01355
threshold=80.669642505098963 12.650000000000004 27.143333333333342 38.850000000000016 38.150000000000013 36.810000000000009 35.370000000000012 33.110000000000014 10.049254417419435 186.06362915039065 24.810000000000006 27.250000000000004 21.250000000000004 298.41795349121099
decision_type=2 2 2 2 2 2 2 2 2 2 2 2 2 2
left_child=1 2 -1 4 5 6 7 10 -9 -10 -3 -11 -12 -14
right_child=-2 3 -4 -5 -6 -7 -8 8 9 11 12 -13 13 -15
leaf_value=-0.033023086461166071 -0.025405632876185479 -0.018364184144655529 0.0096052200888316879 -0.016545462103849273 0.024834764457706788 -0.017485424906345824 0.018079168179689433 -0.038066723243002067 0.015734385499154499 0.00021436998236001268 0.021336726254807051 -0.035547429338341339 -0.0055103157374181838 0.014460669995812237
leaf_weight=2.5243189209140828 1.6924395174719382 1.2344863188918704 2.3749896343797445 1.8273592339828599 4.0343290576711288 4.0009359028190365 10.037399074994026 1.6171661922708143 7.6173056019470078 2.4115590145811439 5.2466829982586232 1.8690592846833167 6.1720885043032494 12.587508284253998
leaf_count=110 77 111 15 19 14 36 50 22 47 35 59 38 105 137
internal_value=0.00334953 0.00449695 -0.0142333 0.00627378 0.00728097 0.00550285 0.00770114 0.00462619 -0.00449844 0.0026618 0.00949718 -0.0191751 0.011607 0.00794368
internal_weight=65.2476 63.5552 4.89931 58.6559 56.8285 52.7942 48.7933 38.7559 13.5151 11.8979 25.2408 4.28062 24.0063 18.7596
internal_count=875 798 125 673 654 640 604 554 142 120 412 73 301 242
is_linear=0
shrinkage=0.03


Tree=160
num_leaves=15
num_cat=0
split_feature=1 6 6 4 4 2 8 2 2 6 8 8 1 5
split_gain=3.29451 1.76419 2.26716 1.98151 1.60692 1.73076 2.72258 1.53796 2.40235 2.04934 4.64926 1.43128 1.15069 1.78807
threshold=1.4700000000000033 5.3500000000000014 5.1500000000000012 75.713853294766523 78.281012686622461 18.47000000000001 29.850000000000005 26.630000000000006 30.460000000000001 5.5500000000000016 36.350000000000009 31.650000000000006 11.630000000000006 203.38523101806643
decision_type=2 2 2 2 2 2 2 2 2 2 2 2 2 2
left_child=-1 2 3 -2 7 -6 -7 -3 -9 -10 11 12 13 -11
right_child=1 4 -4 -5 5 6 -8 8 9 10 -12 -13 -14 -15
leaf_value=-0.022937550414285766 -0.015620427878636279 0.026016160016058436 -0.025141733002153999 0.017334804600663146 0.019859118935596103 0.0034971894437871758 -0.033664388490267608 -0.02185110306921682 0.020531544564852119 0.01482864253251719 -0.023846884742387078 0.017748617465571118 -0.0061862381731888376 -0.0087354707671371667
leaf_weight=2.8521400692407033 1.735738941002636 3.8038142365403464 2.6678822189569473 3.2409433266147971 1.0393033791333426 4.0081441388465464 1.965447863563895 1.4506032704375673 9.7335047796368581 9.7650199905037933 3.4139705002307883 10.249886867590247 6.0481242835521689 3.2129694810137144
leaf_count=292 28 26 46 40 2 45 31 41 48 69 37 47 50 79
internal_value=0.00413721 0.00571861 -0.00710671 0.00515043 0.00760673 -0.00521869 -0.0118039 0.00956166 0.00758711 0.00907373 0.00515398 0.00921182 0.00395618 0.00878727
internal_weight=65.1875 62.3354 7.64456 4.97668 54.6908 7.0129 5.97359 47.6779 43.8741 42.4235 32.69 29.276 19.0261 12.978
internal_count=881 589 114 68 475 78 76 397 371 330 282 245 198 148
is_linear=0
shrinkage=0.03


Tree=161
num_leaves=15
num_cat=0
split_feature=6 7 7 1 7 1 8 1 2 2 8 7 1 2
split_gain=1.41419 1.10207 2.71232 1.80098 4.47445 1.90332 2.27541 1.4941 1.19561 2.58217 0.779887 2.3655 4.05336 0.732803
threshold=7.5500000000000016 26.650000000000006 48.650000000000013 13.310000000000004 13.550000000000002 9.4600000000000026 28.950000000000006 16.840000000000007 33.070000000000014 35.280000000000008 21.250000000000004 40.650000000000013 12.380000000000004 35.650000000000013
decision_type=2 2 2 2 2 2 2 2 2 2 2 2 2 2
left_child=1 3 8 5 -5 6 -1 -6 10 -10 -3 12 -12 -7
right_child=-2 2 -4 4 7 13 -8 -9 9 -11 11 -13 -14 -15
leaf_value=-0.025952013280029326 -0.020253500925627204 0.023993984561614549 -0.02128467376445738 0.011112254089981241 -0.037941363461295889 0.00055744308503906284 0.0071760594503839171 -0.0086393483180532641 -0.019563311143889983 0.013785013843977793 -0.028301764274297925 0.021547386869396619 0.015170435211614134 0.011979288761580572
leaf_weight=2.917972841300073 1.6731354282237578 4.5692031683865997 1.8411811254918564 4.5212968057021481 2.9794572787359357 8.4857885017991084 2.9147726967930794 3.8737136609852314 2.6857865098863831 3.8278725668787956 2.435543977422638 5.290647555841133 3.4509669807739556 11.887992653995751
leaf_count=128 103 47 126 19 34 67 48 34 32 15 90 38 24 54
internal_value=0.00114443 0.0020387 0.00690955 -0.00118316 -0.0106459 0.00316432 -0.0107697 -0.0245877 0.0100564 -0.000739174 0.0142996 0.00869153 -0.00431406 0.00747068
internal_weight=63.3553 61.6822 24.1012 37.581 11.3745 26.2065 5.83275 6.85317 22.26 6.51366 15.7464 11.1772 5.88651 20.3738
internal_count=859 756 372 384 87 297 176 68 246 47 199 152 114 121
is_linear=0
shrinkage=0.03


Tree=162
num_leaves=15
num_cat=0
split_feature=1 1 2 7 0 0 3 4 7 1 0 2 7 3
split_gain=2.75669 1.94372 1.49891 2.49499 1.79783 1.67109 3.61684 1.57203 2.07138 1.62562 2.26538 2.3826 1.72538 1.51427
threshold=19.290000000000006 18.110000000000003 33.110000000000014 28.250000000000004 11.847500000000005 12.422083333333338 3.1547707694454723 59.523730020147617 14.900000000000002 14.080000000000004 25.331666666666667 34.920000000000009 24.150000000000006 2.7024476192268243
decision_type=2 2 2 2 2 2 2 2 2 2 2 2 2 2
left_child=1 2 4 7 -1 -6 13 8 -4 10 11 12 -9 -7
right_child=-2 -3 3 -5 5 6 -8 9 -10 -11 -12 -13 -14 -15
leaf_value=-0.018390850977289985 -0.025993622557609238 0.022884353411054333 -0.028555855363593868 -0.026422178334865886 0.025137943253686835 0.0066202859921106298 0.012120327759169757 -0.033800956496086262 0.0084145518837987487 -0.012243249141710618 0.013633338262397958 0.0078954165470203445 0.0038618675853973965 -0.025355117725149694
leaf_weight=1.49357005953789 2.3108915179036549 2.8042815402150145 2.6024692985229221 2.7729081781581035 3.5509127965196994 1.4358609551563883 13.693904581479726 2.1674526231363473 1.6060913247056303 4.4725812226533881 12.650149311870335 4.6413301546126604 1.3876807726919649 3.256939395563677
leaf_count=186 65 8 94 29 24 14 77 48 24 31 61 44 8 158
internal_value=0.00066271 0.00213398 0.000704898 -0.0034485 0.00633729 0.00874923 0.00445077 -0.000496235 -0.0155403 0.00249983 0.00607855 -0.00579586 -0.0214795 -0.0161272
internal_weight=60.847 58.5361 55.7319 32.3007 23.4312 21.9376 18.3867 29.5278 4.20856 25.3192 20.8466 8.19646 3.55513 4.6928
internal_count=871 806 798 339 459 273 249 310 118 192 161 100 56 172
is_linear=0
shrinkage=0.03


Tree=163
num_leaves=15
num_cat=0
split_feature=0 2 5 2 4 2 2 1 0 0 2 5 0 0
split_gain=3.07989 3.379 2.38769 2.98504 2.12337 1.7281 3.94193 1.93761 1.72564 2.0211 1.15017 2.66887 2.13951 1.97876
threshold=22.803750000000004 31.170000000000005 12.782201290130617 35.900000000000013 76.964587545673069 26.630000000000006 31.090000000000003 1.4700000000000033 23.111250000000009 24.009166666666676 34.970000000000006 146.02478790283206 28.606666666666676 26.418750000000006
decision_type=2 2 2 2 2 2 2 2 2 2 2 2 2 2
left_child=1 4 3 -2 5 7 -7 -1 -4 -10 -11 12 -12 -13
right_child=2 -3 8 -5 -6 6 -8 -9 9 10 11 13 -14 -15
leaf_value=-0.013816197916997126 -0.029033162465764553 -0.030742607072130342 0.023501550582411154 0.00746260153083748 -0.023538562877782096 -0.025609683059906529 0.019464770659809786 0.025066956039802194 -0.017187088802022805 0.013535750760885335 -0.02263185877638273 -0.0039925156607129855 0.0089858011299147628 0.018438565544904081
leaf_weight=0.81858416949398627 3.0293703731149426 4.1489694986958048 4.2013493282720438 3.3948408551514149 2.0234052308369419 2.9702101419679821 2.174489407800138 3.7032618187367916 2.5136840911582103 12.815221065189688 4.465563775040212 5.3600553707219643 2.2966617830097675 7.9389425152912736
leaf_count=96 35 164 13 12 123 120 7 25 33 101 47 60 13 35
internal_value=0.000532065 -0.0104861 0.00446695 -0.0113397 -0.0014406 0.00495806 -0.00649098 0.0168006 0.00724795 0.0047256 0.00685891 0.00215353 -0.0121193 0.00975094
internal_weight=61.8546 15.8389 46.0157 6.42421 11.69 9.66655 5.1447 4.52185 39.5915 35.3901 32.8764 20.0612 6.76223 13.299
internal_count=884 535 349 47 371 248 127 121 302 289 256 155 60 95
is_linear=0
shrinkage=0.03


Tree=164
num_leaves=15
num_cat=0
split_feature=5 1 7 7 5 8 4 8 4 4 3 5 7 8
split_gain=3.07719 3.08949 1.76105 1.97664 3.48538 2.75098 1.34778 1.2251 1.10787 5.44398 1.08123 1.93382 2.29462 1.90664
threshold=2.2758069038391118 19.290000000000006 11.650000000000004 34.150000000000013 1597.0859985351565 35.550000000000004 60.773934429534073 38.750000000000007 64.041897412055818 66.506170407983959 3.1894620129180069 5.4549217224121103 21.050000000000004 34.250000000000007
decision_type=2 2 2 2 2 2 2 2 2 2 2 2 2 2
left_child=-1 2 6 7 5 -5 -2 8 -4 -10 11 -11 13 -13
right_child=1 -3 3 4 -6 -7 -8 -9 9 10 -12 12 -14 -15
leaf_value=-0.027901901261415261 -0.025746472573429786 -0.02537676783775061 0.017847774991210267 -0.034912180958075925 0.017107586429846815 0.0082343836960532043 0.0020692856821346601 -0.0093678178012833492 -0.035011558795994713 0.023356951156381311 0.013718485985742337 -0.0061680414987275306 -0.024301172552882666 0.020986221751618364
leaf_weight=2.0386188314296296 1.9157586328219611 2.2910073003731659 10.268915637861936 3.0689086082857093 2.388243802357465 1.496010521892458 3.0980833463836461 2.5432575792074195 1.6705010090954591 2.0740810185670844 20.660650685429573 5.1193988032173348 2.3903696325141937 2.8278719931840897
leaf_count=38 84 73 130 141 35 15 33 27 31 4 85 79 118 7
internal_value=0.00162153 0.00302393 0.00451831 0.00612608 -0.00798886 -0.0218334 -0.0110729 0.0083119 0.00949272 0.00659298 0.00966033 0.0023859 -0.00351062 0.00475987
internal_weight=63.8517 61.8131 59.5221 54.5082 6.95316 4.56492 5.01384 47.555 45.0118 34.7429 33.0724 12.4117 10.3376 7.94727
internal_count=900 862 789 672 191 156 117 481 454 324 293 208 204 86
is_linear=0
shrinkage=0.03


Tree=165
num_leaves=15
num_cat=0
split_feature=8 6 6 1 8 8 7 4 4 3 1 8 4 6
split_gain=1.32277 2.92153 3.6372 1.65563 0.947796 0.788834 0.766293 1.61664 0.992068 2.40541 2.41307 1.33802 1.1935 1.44938
threshold=24.950000000000006 6.8500000000000014 5.8500000000000014 11.370000000000003 25.650000000000006 19.150000000000006 11.650000000000004 60.773934429534073 70.45438374450201 3.2016181948837201 10.950000000000003 32.95000000000001 79.348307186312283 5.4500000000000011
decision_type=2 2 2 2 2 2 2 2 2 2 2 2 2 2
left_child=1 2 3 -1 -2 -4 7 -6 -8 10 11 -10 -11 -14
right_child=4 -3 5 -5 6 -7 8 -9 9 12 -12 -13 13 -15
leaf_value=-0.029618045720833368 0.01966851164221655 -0.03137693083669503 -0.0054313092438481609 0.0048650056477057965 -0.024410404301342888 0.018835096889828356 0.010853275049796338 0.0074813899587141434 -0.014857125187897719 0.011005001732274776 -0.030884712615440752 0.011160137789509349 0.010924604639041288 -0.017467564325401603
leaf_weight=2.4424525345675629 3.1693259093444786 1.9190404943656165 1.001882196171209 1.5814793352037666 1.5039356232155103 5.7506441294681281 18.515120597090572 2.5530850756913424 1.9436366728041345 16.16566124884412 2.4455411853268743 3.5049997449386865 2.0362057290039948 2.6021164152771235
leaf_count=105 38 99 55 20 39 63 150 23 81 87 46 50 29 17
internal_value=0.00372551 -0.00472521 0.00228221 -0.0177948 0.00574594 0.0149985 0.00452548 -0.00683012 0.00562269 0.00199626 -0.0112289 0.00101455 0.00729946 -0.00527654
internal_weight=67.1351 12.6955 10.7765 4.02393 54.4396 6.75253 51.2703 4.05702 47.2133 28.6982 7.89418 5.44864 20.804 4.63832
internal_count=902 342 243 125 560 118 522 62 460 310 177 131 133 46
is_linear=0
shrinkage=0.03


Tree=166
num_leaves=15
num_cat=0
split_feature=1 8 8 4 0 0 1 4 8 8 8 8 4 7
split_gain=1.52136 2.70231 3.22927 1.71113 1.68598 1.50043 2.03171 2.41343 2.78218 1.45124 1.58081 1.67919 1.08353 0.888621
threshold=11.520000000000005 26.550000000000004 37.20000000000001 79.155274028358917 11.847500000000005 12.422083333333338 8.9100000000000019 69.112491173187792 27.550000000000004 34.850000000000009 29.950000000000006 33.050000000000004 75.832634156087053 29.550000000000004
decision_type=2 2 2 2 2 2 2 2 2 2 2 2 2 2
left_child=4 -2 3 9 -1 -6 7 8 13 10 12 -12 -3 -7
right_child=1 2 -4 -5 5 6 -8 -9 -10 -11 11 -13 -14 -15
leaf_value=-0.018081758211928756 -0.029483074333766599 -0.000251820096114465 -0.023879957067039055 -0.0120986591830613 0.024425377840275965 -0.02322858628352982 0.011773613390989906 -0.019738589732228799 0.017677790276296911 0.019578723663417546 -0.018660427581433336 0.0064473961699662592 0.022714354206981049 0.0047021529907817295
leaf_weight=1.4428352613467712 2.0360150299966362 3.3021929524839013 3.2269731648266307 3.7195402598008505 3.4853387926705173 1.933730746852236 17.602429253980517 4.2253420013003042 5.3531843149103224 5.6900091357529154 3.7455145511776209 4.0828709620982409 3.1391612198203802 1.1335149854421613
leaf_count=197 47 29 36 37 27 114 110 124 58 19 37 23 12 16
internal_value=0.00239627 -0.00265231 0.000361737 0.0044991 0.00650862 0.00805069 0.00544265 -0.00358682 0.00575302 0.00802179 0.00243311 -0.00631849 0.012489 -0.0142884
internal_weight=64.1187 28.9423 26.9063 23.6793 35.1764 33.7335 30.2482 12.6458 8.42043 19.9597 14.2697 7.82839 6.44135 3.06725
internal_count=886 240 193 157 646 449 422 312 188 120 101 60 41 130
is_linear=0
shrinkage=0.03


Tree=167
num_leaves=15
num_cat=0
split_feature=1 2 2 7 6 7 2 2 5 5 5 8 3 6
split_gain=3.87708 2.2601 4.01991 1.19847 1.59619 1.16406 1.78268 2.31441 1.47933 1.70193 2.0413 3.7574 1.34148 2.04759
threshold=3.1500000000000004 36.810000000000009 38.150000000000013 13.250000000000002 7.1500000000000012 16.750000000000004 32.290000000000013 35.500000000000007 -1.149257957935333 12.782201290130617 128.10610198974612 27.150000000000006 3.1366698429303415 7.4500000000000011
decision_type=2 2 2 2 2 2 2 2 2 2 2 2 2 2
left_child=-1 5 -3 4 -4 12 -7 8 -8 -10 -11 -12 13 -2
right_child=1 2 3 -5 -6 6 7 -9 9 10 11 -13 -14 -15
leaf_value=-0.024857336138028114 -0.021098166258433422 -0.030082357794581259 0.022085174418287404 -0.010780892779245484 -0.0044336492189626393 0.010867203490553945 0.014334293112990587 0.011958139342669561 -0.035339367341292546 0.0067600065760631788 0.0058744502946575178 -0.039093596016421178 0.022394755708172252 0.018216163525377284
leaf_weight=3.8001306627411386 1.3667685640975817 3.6865578792057923 3.3778045196086151 2.7099227411672473 3.3069053953513503 15.743221286684273 1.2456463519483758 5.8123087901622048 1.5142681011930168 4.8550254511646909 2.786972991656512 2.4774829167872667 6.2117602583020926 1.4080644203349946
leaf_count=367 35 41 11 26 52 145 7 30 22 39 30 43 23 9
internal_value=0.00106617 0.00321164 -0.0073424 0.00361658 0.0100966 0.00648486 0.00374294 -0.00250467 -0.00942287 -0.0128999 -0.00666586 -0.0181502 0.0155645 -0.0016077
internal_weight=60.3028 56.5027 13.0812 9.39463 6.68471 43.4215 34.4349 18.6917 12.8794 11.6337 10.1195 5.26446 8.98659 2.77483
internal_count=880 513 130 89 63 383 316 171 141 134 112 73 67 44
is_linear=0
shrinkage=0.03


Tree=168
num_leaves=15
num_cat=0
split_feature=6 5 4 6 5 6 8 8 4 1 6 0 8 5
split_gain=1.35443 1.21911 1.95977 1.52088 2.96264 1.45603 2.17586 2.16035 1.45892 2.2044 2.9295 2.37206 4.23492 1.96855
threshold=7.5500000000000016 2474.693237304688 79.348307186312283 5.3500000000000014 204.7594909667969 5.5500000000000016 36.350000000000009 41.45000000000001 64.041897412055818 3.460000000000004 6.8500000000000014 25.142500000000002 26.250000000000004 352.02584838867193
decision_type=2 2 2 2 2 2 2 2 2 2 2 2 2 2
left_child=1 2 3 4 -1 -5 8 -8 13 -10 11 12 -11 -7
right_child=-2 -3 -4 5 -6 6 7 -9 9 10 -12 -13 -14 -15
leaf_value=0.0056692739437960446 -0.019777457458574559 0.019523740525722005 -0.014200444832475796 0.015052767120780158 -0.030763863526083866 0.020725046255862023 -0.032073877167131962 0.0041192992615930622 0.016675775077858106 0.0075852511603293395 -0.02792351313153163 0.010233517787876508 -0.039585319029234359 -0.0065277005209225412
leaf_weight=4.4251602408476165 1.5938245267607261 2.5230775615200391 5.5609024991281322 9.4068315771874023 2.3367114041466266 7.8330590259283763 2.0804057875648132 2.4784438973292708 4.8263524507638094 3.4607811472378698 2.8146456475369623 9.4053028654307109 1.9573132935911415 2.7234373942483217
leaf_count=41 111 36 121 74 59 47 32 15 141 36 38 46 32 65
internal_value=0.00150958 0.00236432 0.00132272 0.00315881 -0.00926238 0.00510212 0.0022857 -0.0151959 0.00507493 0.000592107 -0.0044675 0.00146952 -0.012968 0.0137377
internal_weight=63.4262 61.8324 59.3093 53.7484 6.76187 46.9866 37.5797 4.55885 33.0209 22.4644 17.638 14.8234 5.41809 10.5565
internal_count=894 783 747 626 100 526 452 47 405 293 152 114 68 112
is_linear=0
shrinkage=0.03


Tree=169
num_leaves=15
num_cat=0
split_feature=3 5 5 7 7 2 6 6 7 7 4 8 5 5
split_gain=2.47684 1.97035 3.01101 2.5849 2.28753 3.56379 1.8917 1.68199 1.15844 2.08549 1.06958 2.65027 0.986975 1.74745
threshold=3.1992860714962479 2474.693237304688 425.98348999023443 29.850000000000005 16.250000000000004 38.530000000000015 6.9500000000000011 7.1500000000000012 22.250000000000004 26.650000000000006 76.163366100119546 30.350000000000005 5.8847219944000253 706.39361572265636
decision_type=2 2 2 2 2 2 2 2 2 2 2 2 2 2
left_child=1 2 3 4 5 -1 -7 -8 -6 -10 -2 -12 -13 -14
right_child=10 -3 -4 -5 8 6 7 -9 9 -11 11 12 13 -15
leaf_value=-0.025283639565778927 0.014191050090231101 0.018861066931781238 -0.021751602380192438 -0.024647840503313079 0.017584625343070426 0.023725892743910525 0.012852278093992829 -0.022986173095589622 -0.023554000533729129 0.01555071241952808 0.014032391446683544 0.0039051368068147643 -0.03537580259405549 0.0019521722270462452
leaf_weight=3.9366358737461393 16.853583166841421 2.5360836908221236 6.2230848667677483 2.2331311001908025 8.6480747337918711 2.5582016557455063 1.3355507552623751 1.5141097386367617 1.2752711656503373 1.6871317042969165 6.7924747625365836 1.9677207525819538 1.6641846625134351 1.786613557487726
leaf_count=82 86 41 227 131 74 7 4 45 50 24 54 8 34 10
internal_value=0.00330689 -0.00244097 -0.00483762 0.000413258 0.00408498 -0.00658971 0.00884053 -0.0072143 0.0125176 -0.00297923 0.00949589 0.00243197 -0.0120306 -0.0199532
internal_weight=61.0119 31.9473 29.4112 23.1881 20.955 9.3445 5.40786 2.84966 11.6105 2.9624 29.0646 12.211 5.41852 3.4508
internal_count=877 685 644 417 286 138 56 49 148 74 192 106 52 44
is_linear=0
shrinkage=0.03


Tree=170
num_leaves=15
num_cat=0
split_feature=4 5 4 5 2 7 3 7 6 4 6 3 8 3
split_gain=1.98016 4.92279 2.22685 1.89774 2.7318 2.23427 1.60462 1.48621 1.69357 1.42449 2.88331 2.42282 1.49914 0.846799
threshold=77.906232716274019 706.39361572265636 75.09846144934474 425.98348999023443 29.210000000000008 24.850000000000005 3.1547707694454723 15.750000000000002 5.1500000000000012 69.112491173187792 5.5500000000000016 3.212059671323813 22.950000000000006 3.1366698429303415
decision_type=2 2 2 2 2 2 2 2 2 2 2 2 2 2
left_child=2 7 3 9 6 -6 -5 -2 -9 12 -11 -12 -1 -4
right_child=1 -3 13 4 5 -7 -8 8 -10 10 11 -13 -14 -15
leaf_value=-0.011587427005979476 0.0078959617070713806 0.01113335146156073 -0.0018825908026159342 -0.014823823012246639 -0.031249378097340498 0.0012733560899363841 0.019930360926714765 0.00091876036702428956 -0.043111331499682631 0.011637299863405896 -0.031913211578708807 0.0027423231998171252 0.012966754421682899 0.017667230761057116
leaf_weight=1.8094491329975486 0.47546403110027124 4.347982244566083 2.1886021320242426 0.91699138842522954 4.2734824873041362 2.8544988557696342 2.6820323951542377 0.92141258623450983 3.1094631392043084 5.2084703752771002 2.9873838787898421 3.0660720355808735 14.971092365449293 10.627816381864248
leaf_count=48 2 26 79 74 140 30 15 42 103 46 84 15 126 49
internal_value=0.0018065 -0.0105748 0.00409235 0.000396566 -0.00979942 -0.0196709 0.00977753 -0.0297382 -0.0348645 0.00449993 -0.0035761 -0.01646 0.00981629 0.0144342
internal_weight=60.4402 8.85432 51.5859 38.7695 10.727 7.12798 3.59902 4.50634 4.03088 28.0425 11.2619 6.05346 16.7805 12.8164
internal_count=879 173 706 578 259 170 89 147 145 319 145 99 174 128
is_linear=0
shrinkage=0.03


Tree=171
num_leaves=15
num_cat=0
split_feature=5 3 5 4 2 0 4 5 2 4 4 3 7 5
split_gain=1.47684 1.85629 2.4017 2.15903 2.62628 1.91631 2.83284 1.59938 1.26658 1.076 1.12693 0.954081 1.06477 0.996483
threshold=29.850439071655277 3.0037835415629695 2474.693237304688 71.130346869126086 34.970000000000006 22.803750000000004 88.28585784289217 525.17776489257824 39.350000000000016 76.264899364018717 78.048079261040485 3.2903523141951179 14.900000000000002 2.2758069038391118
decision_type=2 2 2 2 2 2 2 2 2 2 2 2 2 2
left_child=11 2 -2 8 5 6 -5 9 -3 -7 -11 12 -1 -14
right_child=1 3 -4 4 -6 7 -8 -9 -10 10 -12 -13 13 -15
leaf_value=-0.006937735597295094 -0.025961507296048725 0.011952377526457059 0.01111065566113938 -0.02786566005712968 -0.029794882635917536 0.020521651421379114 0.01726492237003982 -0.010777191539469298 -0.0067632785343924758 0.013744152981222125 -0.01454701629997693 -0.0063168250804644336 -0.0020118224007690025 0.01891678996317734
leaf_weight=1.7563801980577434 4.3104559902567408 14.482937756460162 1.5723798861727116 3.1859193677082684 2.4597820565104476 4.6858106255531293 1.0029602460563181 2.8115423992276192 3.4178765602409831 1.4476821199059489 1.6330172256566582 2.4958503479138008 2.3187766489572814 9.5192819924559426
leaf_count=16 328 107 40 99 26 21 3 21 23 10 36 20 35 65
internal_value=0.00142507 -0.00162605 -0.0158781 0.00113419 -0.00626569 -0.000705221 -0.0158151 0.00612739 0.00821015 0.0127783 -0.00114226 0.00884178 0.0118669 0.01498
internal_weight=57.1007 41.0104 5.88284 35.1275 17.2267 14.7669 4.18888 10.5781 17.9008 7.76651 3.0807 16.0903 13.5944 11.8381
internal_count=850 714 368 346 216 190 102 88 130 67 46 136 116 100
is_linear=0
shrinkage=0.03


Tree=172
num_leaves=15
num_cat=0
split_feature=5 5 3 0 1 5 1 5 1 2 5 3 3 8
split_gain=2.54353 1.94248 1.83854 4.26044 4.55888 3.93264 2.90918 4.71251 2.78352 1.30452 1.15624 0.94181 0.791515 1.07622
threshold=2.2758069038391118 909.61682128906261 3.2390340526490213 28.044166666666673 10.900000000000006 29.850439071655277 15.800000000000004 500.79193115234381 9.6300000000000043 38.72000000000002 327.95318603515631 3.2284846486846579 3.0784820990345931 21.950000000000006
decision_type=2 2 2 2 2 2 2 2 2 2 2 2 2 2
left_child=-1 2 3 4 5 -2 -4 -8 11 10 -6 -7 13 -3
right_child=1 12 6 -5 9 8 7 -9 -10 -11 -12 -13 -14 -15
leaf_value=-0.026353396736815738 0.019245125142686073 0.012932935622090046 0.014369641816919465 0.020581735140359606 -0.044146784596359886 -0.026733275130733834 -0.034499938568862833 0.015967282614243086 0.0047359277344962598 -0.0049882837646740719 -0.01251925849106122 0.0081180536596682593 0.018021103707911858 -0.016340740644453698
leaf_weight=1.8691647984087456 5.2815023183357068 1.4557794155552968 12.953672348754482 4.0720822326838961 3.0976466666907054 5.0604416485875827 2.4423200981691471 2.3844900038093328 5.5257385056465864 2.4331520311534405 2.8633089130744338 0.33702731132507313 7.7676663366146386 1.0956415235996244
leaf_count=39 54 42 64 18 49 313 56 10 38 17 44 1 37 76
internal_value=0.00124637 0.00259553 -0.00011747 -0.00476442 -0.00960032 3.67533e-05 0.00723041 -0.0111071 -0.0100859 -0.0262281 -0.0329357 -0.0236283 0.0137395 -0.000699409
internal_weight=58.6396 56.7705 46.4514 28.6709 24.5988 16.2047 17.7805 4.82681 10.9232 8.39411 5.96096 5.39747 10.3191 2.55142
internal_count=858 819 664 534 516 406 130 66 352 110 93 314 155 118
is_linear=0
shrinkage=0.03


Tree=173
num_leaves=15
num_cat=0
split_feature=1 6 2 2 2 2 5 4 7 2 1 5 2 7
split_gain=2.45296 1.15129 3.06478 2.96201 3.91086 1.54946 1.20331 1.77702 1.70667 2.12051 3.22231 2.18446 2.07248 1.76667
threshold=19.290000000000006 7.3500000000000014 37.430000000000007 38.530000000000015 36.810000000000009 35.840000000000011 2474.693237304688 66.506170407983959 17.650000000000002 33.070000000000014 10.430000000000005 18.491278648376468 34.150000000000006 20.550000000000004
decision_type=2 2 2 2 2 2 2 2 2 2 2 2 2 2
left_child=1 3 -3 4 5 6 7 -1 -9 10 11 -10 -11 -13
right_child=-2 2 -4 -5 -6 -7 -8 8 9 12 -12 13 -14 -15
leaf_value=-0.020826206593830977 -0.023686786103884871 0.008905472636172071 -0.029208867308725704 0.023413377091239269 -0.023271229707510006 0.01941520588465671 0.020333546634423782 0.015335539509037228 0.010672692111440717 -0.02816269675670981 0.015093258886535548 0.008987650312153735 0.001046218264381322 -0.028844798992615571
leaf_weight=1.984047612408175 1.9855104936286796 3.8036468462087205 2.2293317657895386 6.3386259637773028 3.7029872434213749 5.2645299402065566 2.3370315060019484 7.0956365254241964 2.365391437429941 3.1116110794246188 10.601657781749962 0.94778640219010402 4.5222153309732676 3.5494492973666638
leaf_count=80 71 88 72 20 37 30 27 55 38 40 53 16 30 226
internal_value=0.00294029 0.00424105 -0.00732924 0.00570132 0.00278229 0.00558146 0.00312261 0.00140119 0.00335717 -0.000487159 0.00526978 -0.00989544 -0.0127425 -0.0206871
internal_weight=59.8395 57.8539 6.03298 51.821 45.4823 41.7794 36.5148 34.1778 32.1937 25.0981 17.4643 6.86263 7.63383 4.49724
internal_count=883 812 160 652 632 595 565 538 458 403 333 280 70 242
is_linear=0
shrinkage=0.03


Tree=174
num_leaves=15
num_cat=0
split_feature=0 2 8 7 6 2 3 8 8 3 3 6 2 8
split_gain=1.37462 1.5739 1.52973 1.61633 2.94334 2.81036 3.87146 2.3249 1.5412 1.19654 2.37598 2.28964 1.03958 0.812118
threshold=12.106666666666671 26.630000000000006 24.950000000000006 22.450000000000006 5.1500000000000012 35.900000000000013 3.4476772264594047 29.050000000000004 30.450000000000006 3.1257837022888046 3.1706928221047082 6.0500000000000016 39.350000000000016 30.350000000000005
decision_type=2 2 2 2 2 2 2 2 2 2 2 2 2 2
left_child=-1 -2 9 7 -5 6 13 -4 -9 -3 -11 -12 -10 -6
right_child=1 2 3 4 5 -7 -8 8 12 10 11 -13 -14 -15
leaf_value=-0.019129158212166892 0.017434339246943559 -0.023919307331568204 0.018675273092052261 0.015945503174441079 -0.010879692189035808 0.01466145980233418 0.0085754217867314107 -0.015607057495741851 0.0092267321773622929 0.020579092218223422 -0.030848070089588217 0.0093413239899688937 -0.0089984273196654762 -0.037336510006479723
leaf_weight=1.5975059503689397 5.2647255579940966 2.4090088929515323 10.177738574799152 4.0492272232659152 2.7403866969980282 2.2473668148741117 2.9923107335343957 2.9925745665095773 11.510580286383627 1.853489428758621 1.9085910897701981 1.6277809925377367 2.7703242264688006 3.9587350399233401
leaf_count=206 54 125 94 40 40 12 16 28 90 10 36 14 19 82
internal_value=0.00230117 0.0032292 0.00146381 0.00370085 -0.00373656 -0.0111285 -0.0179209 0.0080116 0.00105029 -0.0100009 -0.00101023 -0.0143678 0.00533377 -0.0293327
internal_weight=58.1003 56.5028 51.2381 43.4392 15.988 11.9388 9.69143 27.4512 17.2735 7.79887 5.38986 3.53637 14.2809 6.69912
internal_count=866 660 606 421 190 150 138 231 137 185 60 50 109 122
is_linear=0
shrinkage=0.03


Tree=175
num_leaves=15
num_cat=0
split_feature=3 5 5 7 7 2 6 6 1 2 7 2 1 6
split_gain=1.43601 1.0586 5.1357 2.81445 1.53385 1.58933 1.45289 3.17177 1.56851 1.26384 3.56254 2.0866 2.05626 1.61352
threshold=3.4996319603666626 909.61682128906261 425.98348999023443 26.550000000000004 42.45000000000001 35.900000000000013 5.5500000000000016 5.8500000000000014 10.430000000000005 38.530000000000015 15.850000000000003 36.090000000000003 13.820000000000006 7.2500000000000009
decision_type=2 2 2 2 2 2 2 2 2 2 2 2 2 2
left_child=1 2 4 -4 6 -6 8 -8 -1 10 11 -9 -12 -11
right_child=-2 -3 3 -5 5 -7 7 9 -10 13 12 -13 -14 -15
leaf_value=-0.0052088913893001115 -0.015262670668042313 0.012564961782175026 -0.037519374383454707 0.0015945976683160465 -0.025786596610600114 0.012852046272582409 -0.02076688092227957 0.0015342581527119658 0.02068387597551824 0.024114852939530508 0.018981926342502269 -0.032301446927415711 -0.0076813866327587171 -0.0020367431596507789
leaf_weight=2.1839239657856515 2.6089171916246405 10.364600870292632 3.1330266194418064 2.6313616095576435 1.6769874354358756 0.74043159559369076 3.2068717866204706 3.0279690483585062 9.7388290865346772 5.7153055071830732 8.0326733663678151 2.3700799122452736 3.0160054271109393 2.8914181385189295
leaf_count=33 25 168 94 55 89 3 49 41 57 18 131 32 28 46
internal_value=0.0032386 0.00430225 0.00231289 -0.0220682 0.00604244 -0.0136542 0.00753017 0.00357411 0.015905 0.00736729 0.00217408 -0.0160484 0.0116701 0.0160318
internal_weight=61.3384 58.7295 48.3649 5.76439 42.6005 2.41742 40.1831 28.2603 11.9228 25.0535 16.4467 5.39805 11.0487 8.60672
internal_count=869 844 676 149 527 92 435 345 90 296 232 73 159 64
is_linear=0
shrinkage=0.03


Tree=176
num_leaves=15
num_cat=0
split_feature=5 0 5 7 5 8 7 8 0 0 3 5 2 4
split_gain=2.0359 2.20008 1.51654 3.36376 1.6989 3.2652 2.52286 2.18698 1.36526 0.984095 0.898382 1.02986 0.817434 1.49061
threshold=706.39361572265636 18.224166666666672 396.98562622070318 28.050000000000004 161.25616455078128 29.850000000000005 17.150000000000002 27.550000000000004 26.600416666666671 24.061250000000008 3.0037835415629695 178.94245910644534 36.030000000000008 74.347762425417343
decision_type=2 2 2 2 2 2 2 2 2 2 2 2 2 2
left_child=1 -1 4 -4 5 7 -7 -3 -8 -2 11 -6 13 -12
right_child=9 2 3 -5 10 6 8 -9 -10 -11 12 -13 -14 -15
leaf_value=-0.023170290539726281 0.0061621914410203782 -0.0034110648732218751 -0.028156183015435685 0.012242857693262209 0.013739728617768265 0.0014882524351141038 -0.043955022492524379 0.018676341236359341 -0.0090220262986534516 0.023778056713273415 -0.012306354902910195 -0.017590931277565093 0.021652698155265319 0.016669909830614487
leaf_weight=2.6517916033044449 10.606059522600843 7.9307283842936176 3.392761791124939 2.4452308830805123 0.73039546795189281 4.5093636652454716 1.7697726925835011 6.7036406304687262 2.6359474970959127 3.5730622280389062 1.9579287795349936 1.1711865453980861 6.0529362931847572 2.5581089379265904
leaf_count=255 205 84 62 18 4 30 25 28 35 9 26 52 21 20
internal_value=0.00238591 -0.000831581 0.00109123 -0.0119193 0.00346493 -0.00134167 -0.0147603 0.00725405 -0.0285899 0.0118753 0.0119675 -0.00496902 0.0151809 0.00415371
internal_weight=58.6889 44.5098 41.858 5.83799 36.02 23.5495 8.91508 14.6344 4.40572 14.1791 12.4706 1.90158 10.569 4.51604
internal_count=874 660 405 80 325 202 90 112 60 214 123 56 67 46
is_linear=0
shrinkage=0.03


Tree=177
num_leaves=15
num_cat=0
split_feature=4 2 6 4 1 4 6 1 0 1 4 8 5 0
split_gain=2.40864 3.43901 2.5384 2.29839 2.16097 2.54113 1.71285 1.67337 1.65041 3.05062 2.68406 2.11399 1.3116 1.2094
threshold=59.046448644179698 38.530000000000015 6.8500000000000014 63.178055318331765 10.900000000000006 67.963219820662104 5.3500000000000014 1.4700000000000033 24.812083333333341 14.550000000000006 76.898710819713401 29.850000000000005 320.95518493652349 23.700833333333339
decision_type=2 2 2 2 2 2 2 2 2 2 2 2 2 2
left_child=-1 2 4 -4 6 -6 -2 -8 9 -7 -10 -12 13 -9
right_child=1 -3 3 -5 5 8 7 12 10 -11 11 -13 -14 -15
leaf_value=-0.020825275811778055 -0.012740523488622164 0.018906143815436063 0.0087597741436426634 -0.035005817143385014 -0.033007685378750158 -0.030067630451617668 -0.015706062160041424 -0.0033084419884546507 0.012681294295171617 0.0067153929807587057 0.0033109948299233443 -0.032914427394568201 0.022676791929460441 0.01842648195832142
leaf_weight=3.4649273934774092 2.1981260089669403 8.1154559408314508 1.0833149468526238 2.4469799182843417 1.6234096717089439 3.2306490689516094 1.0410444031003887 5.5257661405485106 9.7382243722677213 3.3276803223416209 2.9150592088699332 1.5975103508681057 7.4351767995394757 2.6777157932519913
leaf_count=163 73 40 14 79 35 39 148 93 53 19 30 33 41 16
internal_value=0.00035706 0.0021033 -0.00128384 -0.0226067 0.00102961 -0.00516779 0.00828347 0.011618 -0.00158199 -0.0129848 0.00417301 -0.0131577 0.0142716 0.00501737
internal_weight=56.421 52.9561 44.8407 3.53029 41.3104 22.4325 18.8778 16.6797 20.8091 6.55833 14.2508 4.51257 15.6387 8.20348
internal_count=876 713 673 93 580 209 371 298 174 58 116 63 150 109
is_linear=0
shrinkage=0.03


Tree=178
num_leaves=15
num_cat=0
split_feature=6 4 6 2 4 4 3 4 7 1 5 7 4 5
split_gain=2.4624 1.9424 2.40746 2.26615 2.09848 2.67822 2.92191 2.43064 2.1717 2.47598 1.97486 2.58917 1.57672 1.3682
threshold=5.3500000000000014 79.348307186312283 5.7500000000000009 18.47000000000001 69.792940583011131 73.271964336400472 3.1816206352315439 67.555038597675278 21.750000000000004 17.870000000000008 233.4106369018555 13.050000000000002 79.072045040032236 93.900505065917983
decision_type=2 2 2 2 2 2 2 2 2 2 2 2 2 2
left_child=12 2 -2 -3 7 -6 -7 8 9 10 11 -4 13 -1
right_child=1 3 4 -5 5 6 -8 -9 -10 -11 -12 -13 -14 -15
leaf_value=-0.0018653010757329579 0.014555241208121543 0.017182239644036822 0.011706482481742841 -0.023037506713942845 -0.031458132755984046 -0.025144148043284898 0.011328453985776856 0.022544624715962597 0.014092794339565014 0.01693644586448061 -0.030765224263870201 -0.023948682276885045 0.0071795491553391108 -0.032941756326758428
leaf_weight=2.087744590593501 15.297271759714929 0.90531389042735 3.6403487939387613 3.7064853336196393 2.6443421323783678 1.8617904917336998 5.3930132389068604 4.6673478302545837 5.1764710261486462 1.9847565796226252 3.0438564571086317 2.0442433627322316 1.6811156179755924 2.8794388372916728
leaf_count=24 137 2 43 84 58 110 27 29 82 8 142 28 50 71
internal_value=0.000955082 0.00330406 0.00524885 -0.0134873 0.000260394 -0.0104759 5.64123e-05 0.00567655 -0.000319645 -0.00789216 -0.0146985 -0.00278004 -0.0149453 -0.0223816
internal_weight=57.0135 50.3652 45.7534 4.6118 30.4562 9.89915 7.2548 20.557 15.8897 10.7132 8.72845 5.68459 6.6483 4.96718
internal_count=895 750 664 86 527 195 137 332 303 221 213 71 145 95
is_linear=0
shrinkage=0.03


Tree=179
num_leaves=15
num_cat=0
split_feature=1 0 0 0 5 2 4 6 0 5 1 2 1 2
split_gain=2.27293 2.71086 2.3285 2.13495 1.61488 2.18925 2.42143 1.42844 1.39876 1.96644 2.20429 1.1047 0.906951 0.879632
threshold=12.440000000000007 22.867916666666673 28.044166666666673 23.111250000000009 2474.693237304688 31.170000000000005 76.964587545673069 7.4500000000000011 24.812083333333341 500.79193115234381 15.610000000000005 34.970000000000006 10.430000000000005 40.860000000000014
decision_type=2 2 2 2 2 2 2 2 2 2 2 2 2 2
left_child=1 4 3 -2 5 6 -1 -7 -5 10 11 -10 13 -3
right_child=2 12 -4 8 -6 7 -8 -9 9 -11 -12 -13 -14 -15
leaf_value=0.009230512235012988 0.015258193131214435 -0.0079204806575709358 0.011950228350936544 -0.032431724924303129 0.017128826536429598 -0.029455365161951894 -0.022608866964678023 0.0031385360856260912 0.0084211036911826399 0.012949676542588986 -0.031536313369431877 -0.012761461457298418 0.018298681792316161 0.013789295231908283
leaf_weight=8.7732990819495189 1.7163231000304282 2.6103410674259093 4.5397009290754786 2.2498436905443659 2.4616216197609893 3.2053685216233125 1.764537846436723 1.4492443532217292 3.1206068620085698 2.190729164518415 3.201403187122196 3.9069302212446928 13.6995079703629 2.1856677276082337
leaf_count=194 8 46 26 29 39 111 123 62 18 13 70 29 69 15
internal_value=0.00238114 0.00686773 -0.00532934 -0.0105286 -0.0015643 -0.00546391 0.00240162 -0.0205467 -0.0143269 -0.00887484 -0.014286 -0.00347797 0.0145836 0.00264535
internal_weight=57.0751 36.1496 20.9255 16.3858 17.6541 15.1924 10.5378 4.65461 14.6695 12.4197 10.2289 7.02754 18.4955 4.79601
internal_count=852 659 193 167 529 490 317 173 159 130 117 47 130 61
is_linear=0
shrinkage=0.03


Tree=180
num_leaves=15
num_cat=0
split_feature=6 0 0 0 7 4 6 5 5 3 2 2 3 6
split_gain=1.59816 1.20131 1.62547 1.80265 2.403 2.28068 2.11364 2.31492 1.74519 2.39886 1.22302 2.42519 0.849737 1.34294
threshold=5.0500000000000016 11.847500000000005 12.422083333333338 22.803750000000004 23.450000000000006 64.999102999124929 7.3500000000000014 21.708230972290043 159.07899475097659 3.1547707694454723 31.170000000000005 34.970000000000006 3.2508857458718872 5.5500000000000016
decision_type=2 2 2 2 2 2 2 2 2 2 2 2 2 2
left_child=-1 -2 -3 4 10 -6 8 -8 9 -5 -4 -12 -11 -14
right_child=1 2 3 6 5 -7 7 -9 -10 12 11 -13 13 -15
leaf_value=-0.020768732500175146 -0.0168785254497247 0.023911137580233041 0.014844664839901801 -0.018037713426504925 0.011911356521337083 -0.029403936883325082 0.015074253645874551 -0.028526625976881905 0.015360752357822043 0.012687644445579984 -0.025184343238435495 0.013348422082582483 0.0095585272735893689 -0.01407174401060386
leaf_weight=1.2594321342185129 1.2272873548790801 3.2100335685536256 4.0540849091485125 3.1289807921275523 0.99711944395676155 3.7379552219063044 0.95287437736988012 1.9793037828058002 19.551635951735079 9.7207680158317107 1.8848092004191133 2.0917054784949869 4.0041518826037636 2.8172190766781569
leaf_count=63 185 26 38 41 14 115 3 55 114 40 77 52 22 23
internal_value=0.00422063 0.00508615 0.00582748 0.00436183 -0.00522187 -0.0201438 0.00731779 -0.0141274 0.00923233 0.00269271 0.00483285 -0.00630615 0.00741863 -0.00075212
internal_weight=60.6174 59.3579 58.1306 54.9206 12.7657 4.73507 42.1549 2.93218 39.2228 19.6711 8.0306 3.97651 16.5421 6.82137
internal_count=868 805 620 594 296 129 298 58 240 126 167 129 85 45
is_linear=0
shrinkage=0.03


Tree=181
num_leaves=15
num_cat=0
split_feature=6 3 4 4 4 5 6 0 0 1 0 5 7 1
split_gain=2.11061 1.96486 4.55794 1.4748 1.39933 1.35235 1.92875 2.10568 2.40487 1.82871 2.6001 1.29469 0.788369 0.642278
threshold=5.3500000000000014 3.057091469495167 63.178055318331765 79.072045040032236 45.5441333723385 909.61682128906261 6.9500000000000011 22.867916666666673 18.881250000000009 11.590000000000005 26.489166666666673 207.83186340332034 23.050000000000004 11.450000000000003
decision_type=2 2 2 2 2 2 2 2 2 2 2 2 2 2
left_child=3 2 4 11 -2 6 7 8 -3 -9 12 -1 -11 -6
right_child=1 5 -4 -5 13 -7 -8 9 -10 10 -12 -13 -14 -15
leaf_value=-0.002709335315416886 -0.016192641966252391 0.010421891555775012 -0.027344679261437042 0.009610584664099352 0.01640522655195583 0.020091651926555706 -0.013152381126145895 0.022010945725628325 -0.028455433223081368 0.0014980942753325636 0.013397026481798305 -0.03057098308945563 -0.018632214523945392 -0.0013057389582814048
leaf_weight=3.0581047947052857 1.0311956692021329 2.0675192284397812 4.0662567359395316 1.6962752647232262 5.9688527928665263 6.8388530365191391 3.364097708836197 8.6730529963970202 1.892440930008888 2.8946001417934921 10.966332373209296 2.4207929119002074 2.9549283515661955 2.3157533314079046
leaf_count=35 81 34 294 49 118 29 21 39 27 17 47 57 23 32
internal_value=0.00333356 0.00543554 -0.00427126 -0.0109672 0.00747452 0.00873596 0.00584501 0.00837586 -0.0101485 0.0115283 0.00518968 -0.0178382 -0.00990646 0.0118471
internal_weight=60.2091 53.0339 13.3821 7.17517 9.3158 39.6518 32.813 29.4489 3.95996 25.4889 16.8159 5.4789 5.84953 8.28461
internal_count=903 762 525 141 231 237 208 187 61 126 87 92 40 150
is_linear=0
shrinkage=0.03


Tree=182
num_leaves=15
num_cat=0
split_feature=2 0 1 8 0 0 0 3 5 3 4 2 1 2
split_gain=1.30619 4.3255 1.78834 1.53867 1.48252 1.36026 2.01947 2.02727 1.41352 2.28217 1.66924 1.62013 1.44924 1.44664
threshold=36.600000000000001 27.143333333333342 19.290000000000006 22.250000000000004 11.847500000000005 12.422083333333338 20.900833333333342 2.7024476192268243 320.95518493652349 3.2390340526490213 73.421663090587387 32.480000000000004 13.010000000000007 35.280000000000008
decision_type=2 2 2 2 2 2 2 2 2 2 2 2 2 2
left_child=2 3 4 -2 -1 -6 7 -7 9 10 -8 -10 -11 -13
right_child=1 -3 -4 -5 5 6 8 -9 11 12 -12 13 -14 -15
leaf_value=-0.017811226691085338 0.0067487566351477311 0.0095241808131994263 -0.020547243331709979 -0.02820464825197665 0.023103116781714544 0.011163218008471544 -0.026699765263211519 -0.019292627669531794 0.022753071877425986 0.017695417768253723 0.00096536355254157554 -0.01417710461834642 -0.003415552971727734 0.013841758073851107
leaf_weight=1.387814400717615 0.97088181646540572 6.9795984141528606 1.523736348375677 5.3015025374479592 3.2074406263418487 2.2422581687569609 2.255137147381908 4.5451697695534676 8.0544407553970796 7.2814129553735238 4.7772104209288955 2.1279094088822594 4.0910887494683266 2.5333763817325234
leaf_count=207 21 37 61 92 27 37 36 191 30 34 39 30 22 15
internal_value=0.00175021 -0.00620486 0.00422929 -0.0226103 0.00556942 0.00676279 0.00482196 -0.00908989 0.00804468 0.00246433 -0.0101258 0.0153532 0.0104388 0.000806079
internal_weight=57.279 13.252 44.027 6.27238 42.5033 41.1154 37.908 6.78743 31.1206 18.4048 7.03235 12.7157 11.3725 4.66129
internal_count=879 150 729 113 668 461 434 228 206 131 75 75 56 45
is_linear=0
shrinkage=0.03


Tree=183
num_leaves=15
num_cat=0
split_feature=5 6 4 8 3 3 1 6 1 4 8 8 5 3
split_gain=1.86234 1.37679 1.9293 1.99405 1.72874 4.07336 1.84289 1.466 1.78091 1.69268 1.20177 2.11592 1.82324 1.86839
threshold=2.2758069038391118 5.3500000000000014 79.348307186312283 28.250000000000004 3.2016181948837201 3.1706928221047082 13.310000000000004 5.1500000000000012 12.200000000000006 75.174631366207393 33.350000000000009 29.150000000000006 238.25532531738284 2.5169938541005239
decision_type=2 2 2 2 2 2 2 2 2 2 2 2 2 2
left_child=-1 7 4 -4 5 10 -6 8 -2 -9 11 12 -3 -14
right_child=1 2 3 -5 6 -7 -8 9 -10 -11 -12 -13 13 -15
leaf_value=-0.023968842623370425 -0.019927629909571885 0.013122888940150675 0.0093934631235246605 -0.031456753353310253 0.022476324408891843 -0.024465679823041896 0.0028163833669723284 0.00018031803149058871 0.014333484783774927 -0.038086424704331379 0.014636698547107883 -0.017669421414447127 0.012476396162390586 -0.023630733931220789
leaf_weight=1.4263557428494085 1.0660503285471339 9.5983779730741023 1.2169800967676558 1.5996309372130779 8.7727093175053614 3.5749922515824428 8.2324658557772619 1.8627062239684167 3.0996685847640038 1.3298632260411976 8.6606566812843067 3.1632767950650296 1.3687978708185249 2.1479809943120927
leaf_count=33 42 147 41 24 39 34 38 33 41 24 81 93 46 159
internal_value=0.00182506 0.00289678 0.00476042 -0.0159699 0.00635888 0.00169931 0.0136437 -0.00845016 0.00340534 -0.021042 0.00624863 0.00119708 0.00667696 -0.00992633
internal_weight=57.1205 55.6942 48.3359 2.81661 45.5193 28.5141 17.0052 7.35829 4.16572 3.19257 24.9391 16.2784 13.1152 3.51678
internal_count=875 842 702 65 637 560 77 140 83 57 526 445 352 205
is_linear=0
shrinkage=0.03


Tree=184
num_leaves=15
num_cat=0
split_feature=1 8 8 2 3 7 1 3 3 8 7 7 2 1
split_gain=1.06712 1.91436 1.86523 1.71247 2.00127 2.13804 1.68373 1.63849 1.15324 1.05343 0.884665 1.22297 1.87113 1.17217
threshold=11.520000000000005 27.950000000000006 36.350000000000009 35.500000000000007 3.3015226251633143 16.950000000000006 2.0600000000000041 2.5169938541005239 3.4209294047232266 33.850000000000009 26.950000000000006 12.450000000000001 40.860000000000014 10.950000000000003
decision_type=2 2 2 2 2 2 2 2 2 2 2 2 2 2
left_child=6 8 3 4 5 -3 7 -1 -2 -5 11 12 -8 -12
right_child=1 2 -4 9 -6 -7 10 -9 -10 -11 13 -13 -14 -15
leaf_value=0.011764805350959693 -0.025302084749000534 0.0055547274537175294 -0.014862586989402975 0.0034334447291825966 0.0089869104105059997 -0.031761243976770277 -0.019879399171688586 -0.02159881618957625 0.0050350098106211752 0.023613854120914105 -0.0064627692226484745 0.016688090696206442 0.01434152520039267 0.016164960682137491
leaf_weight=1.3946055397391313 2.7446308354847164 2.0583686241880113 3.1973109021782866 4.3563661221414787 6.0611349632963538 2.0588471656665206 1.6545128568541323 2.2966968785040081 1.2013607355765996 5.2061545960605145 5.1431223498657337 17.630362175405025 2.1464236523024738 2.1066171191632748
leaf_count=42 51 13 34 28 39 35 50 284 17 15 98 140 18 9
internal_value=0.00452952 7.85185e-05 0.00358643 0.00714702 -0.00149455 -0.0156656 0.00811282 -0.00917286 -0.0169153 0.0156158 0.0105716 0.0135195 -0.00159252 0.0012748
internal_weight=59.2565 26.8842 22.9382 19.7409 10.1784 4.11722 32.3723 3.6913 3.94599 9.56252 28.681 21.4313 3.80094 7.24974
internal_count=873 232 164 130 87 48 641 326 68 43 315 208 68 107
is_linear=0
shrinkage=0.03


Tree=185
num_leaves=15
num_cat=0
split_feature=2 6 0 1 0 0 6 0 4 1 2 6 7 7
split_gain=1.25971 1.466 1.37111 1.93055 2.1518 3.91228 1.90987 2.00167 1.66637 1.35198 1.34496 1.12061 1.13109 0.954977
threshold=39.600000000000016 5.0500000000000016 26.984583333333337 12.380000000000004 22.867916666666673 19.458750000000006 5.5500000000000016 11.847500000000005 74.426483059127875 13.820000000000006 36.090000000000003 6.4500000000000011 19.850000000000005 7.4500000000000011
decision_type=2 2 2 2 2 2 2 2 2 2 2 2 2 2
left_child=1 -1 3 4 5 6 -3 -8 -5 -10 -6 -9 -13 -2
right_child=13 2 -4 8 10 -7 7 11 9 -11 -12 12 -14 -15
leaf_value=-0.019951219729320575 0.005143180934770843 -0.018915465144738228 0.014716152605259582 -0.022171003262114273 0.01886214995906341 -0.022715352799038292 -0.0163732710822494 0.022597205114653768 -0.011936077788445694 0.0110725202154878 -0.0011500108259584019 0.011656522187919384 -0.017438324096033582 -0.024768108346395007
leaf_weight=1.1417353474535037 1.113786258734762 1.1955309049226368 10.655948163941501 3.3943465924821776 11.897495376877485 4.297253457363694 1.1453388751251612 6.7706575174815935 3.1094787158071995 4.2251287284307182 3.8033903385512522 2.2388287691865121 0.91539894230663765 1.4225382409058509
leaf_count=61 21 62 56 52 61 91 159 79 22 29 37 62 55 29
internal_value=0.00363059 0.00467626 0.00555586 0.00300254 0.00663522 -0.000970074 0.00778633 0.0119982 -0.0075559 0.00105635 0.0142358 0.0164713 0.00104764 -0.013893
internal_weight=57.3269 54.7905 53.6488 42.9928 32.2639 16.563 12.2658 11.0702 10.729 7.33461 15.7009 9.92489 3.15423 2.53632
internal_count=876 826 765 709 606 508 417 355 103 51 98 196 117 50
is_linear=0
shrinkage=0.03


Tree=186
num_leaves=15
num_cat=0
split_feature=3 5 2 2 2 5 4 7 3 2 4 7 7 1
split_gain=3.38882 2.50616 2.4547 1.41048 1.18141 2.47621 1.17847 0.899213 1.53462 2.15372 1.17177 1.38619 1.07592 0.840552
threshold=3.0784820990345931 8.7914719581604022 41.650000000000013 37.520000000000017 35.500000000000007 10.049254417419435 64.041897412055818 21.150000000000006 3.2016181948837201 18.740000000000006 76.209629725982495 29.250000000000004 34.150000000000013 11.520000000000005
decision_type=2 2 2 2 2 2 2 2 2 2 2 2 2 2
left_child=1 6 -3 4 5 -2 -1 -7 9 -9 -10 -12 -13 -14
right_child=3 2 -4 -5 -6 7 -8 8 10 -11 11 12 13 -15
leaf_value=0.02082990704707333 -0.017237306175921372 -0.027907006415971665 0.010141827704966491 -0.0056357827300422816 0.018110004359679771 0.015593010881221062 -0.0067901581378832449 0.016568193966711546 0.015307033998566718 -0.025161299727325892 -0.021991313002594076 0.017936205895622781 0.0088262000985601472 -0.021213699100799316
leaf_weight=1.6623316518962368 2.9336174363270429 6.2686231760308146 1.376091009005904 6.8968403972685328 7.9961602389812461 8.9400827889330703 2.1573156886734068 0.85528371529653613 7.3774748072028142 2.2871972632128745 1.2018007468432186 2.0872957352548842 0.78216039086692013 0.81863014446571469
leaf_count=4 31 469 17 36 34 57 42 5 39 61 18 7 14 33
internal_value=0.0022189 -0.0116115 -0.0206771 0.00616013 0.0085579 0.00521708 0.00705808 0.00849558 0.00367868 -0.012546 0.00846725 -0.00269891 0.00693763 -0.00878585
internal_weight=53.6409 11.4644 7.64471 42.1765 35.2797 27.2835 3.81965 24.3499 15.4098 3.14248 12.2674 4.88989 3.68809 1.60079
internal_count=867 532 486 335 299 265 46 234 177 66 111 72 54 47
is_linear=0
shrinkage=0.03


Tree=187
num_leaves=15
num_cat=0
split_feature=1 7 1 4 3 0 8 5 5 4 4 3 3 8
split_gain=1.94808 1.28538 1.85873 4.35266 2.32264 2.67979 3.86707 1.57783 2.0333 1.31641 1.03009 0.808231 1.27359 1.32377
threshold=1.4700000000000033 26.550000000000004 14.650000000000002 64.041897412055818 3.2338764589019799 24.177083333333339 25.950000000000006 239.35860443115237 68.76196670532228 76.163366100119546 69.112491173187792 3.26719513714287 3.2016181948837201 19.350000000000005
decision_type=2 2 2 2 2 2 2 2 2 2 2 2 2 2
left_child=-1 2 4 -4 5 6 -2 8 -7 -6 -8 12 13 -3
right_child=1 11 3 -5 9 7 10 -9 -10 -11 -12 -13 -14 -15
leaf_value=-0.020789011364170544 -0.024391405102165011 0.019149264255045921 0.012200423448964682 -0.032033975032762528 0.024103729192200735 -0.022919607088830889 0.02200593163207747 -0.030637936290848346 0.0075478249350008023 0.0016259425584324208 0.0010327983982176729 0.0020907118368884226 0.024742394828576503 -0.0055598110454418755
leaf_weight=2.0813359428429967 1.8334167085122377 2.2231669737957436 2.861793426796793 3.510834158398211 5.1002073884010297 2.1846168152987939 5.9571144063957018 2.347510366467759 4.3035122868604958 4.0596942715346813 3.1704673385247588 8.0381703334860486 4.9215148724615574 4.1378339466173202
leaf_count=291 74 18 17 47 25 20 48 48 37 21 39 79 17 105
internal_value=0.00251441 0.00375954 0.000293239 -0.0132089 0.00360648 -0.00227089 0.00738183 -0.0137786 -0.00440166 0.0152821 0.0155422 0.00977155 0.014628 0.00450426
internal_weight=56.7312 54.6499 35.3292 6.37263 28.9565 19.7966 10.961 8.83564 6.48813 9.1599 9.12758 19.3207 11.2825 6.361
internal_count=886 595 376 64 312 266 161 105 57 46 87 219 140 123
is_linear=0
shrinkage=0.03


Tree=188
num_leaves=15
num_cat=0
split_feature=5 1 5 0 3 3 8 3 5 8 0 3 0 8
split_gain=2.00503 1.51304 2.73838 3.92737 2.16184 2.17708 2.06715 2.01691 3.42986 1.80361 1.44707 2.03396 0.997025 0.961662
threshold=2.2758069038391118 14.910000000000004 250.51386260986331 28.606666666666676 3.2338764589019799 3.0872019983601215 33.95000000000001 3.057091469495167 8.7914719581604022 25.650000000000006 25.331666666666667 3.2016181948837201 27.090000000000007 21.150000000000006
decision_type=2 2 2 2 2 2 2 2 2 2 2 2 2 2
left_child=-1 4 3 -3 5 7 10 8 -2 13 11 -7 -4 -10
right_child=1 2 12 -5 -6 6 -8 -9 9 -11 -12 -13 -14 -15
leaf_value=-0.023640336713327475 0.02021199811193523 -0.035330077745675245 -0.0028881361025525692 0.010124324009668912 0.015089489355571768 -0.021462815790763996 -0.030921149558763423 0.02121783407230006 -0.015245744536611289 -0.024894624724897185 0.011867578915323883 0.0093487938818659286 0.018603067869132184 0.010309531159777846
leaf_weight=1.5774849737063039 3.8682823497802072 3.541309549007563 3.6242819637991488 2.165116798132658 14.501506201690061 3.8424846380949003 1.8546303268522013 5.4646603271830818 0.97615965537261207 3.3454889578279108 3.4831764623522758 2.4578811638057232 2.6873768921941519 3.0910154440207407
leaf_count=40 19 77 37 14 84 77 29 27 130 216 15 11 8 111
internal_value=0.00230652 0.00346157 -0.00561981 -0.0191458 0.00607658 0.00111499 -0.00844033 0.00785732 0.00018458 -0.0114269 -0.00170648 -0.0098086 0.00755519 0.00237774
internal_weight=56.4809 54.9034 12.0181 5.70643 42.8853 28.3838 11.6382 16.7456 11.2809 7.41266 9.78354 6.30037 6.31166 4.06718
internal_count=895 855 136 91 719 635 132 503 476 457 103 88 45 241
is_linear=0
shrinkage=0.03


Tree=189
num_leaves=15
num_cat=0
split_feature=1 5 0 2 1 5 0 4 8 6 6 2 5 6
split_gain=2.24849 2.2855 1.5976 2.58366 1.32756 2.43736 1.55908 3.09547 1.729 1.66986 1.19705 1.10338 0.915683 0.784921
threshold=19.290000000000006 2.8573021888732915 26.363333333333337 37.430000000000007 13.310000000000004 706.39361572265636 24.061250000000008 76.898710819713401 19.250000000000004 5.3500000000000014 6.4500000000000011 32.77000000000001 8.7914719581604022 6.8500000000000014
decision_type=2 2 2 2 2 2 2 2 2 2 2 2 2 2
left_child=1 -1 3 4 6 -6 7 8 -3 -10 11 -11 -12 -5
right_child=-2 2 -4 13 5 -7 -8 -9 9 10 12 -13 -14 -15
leaf_value=-0.022323695860298236 -0.024469047839980003 -0.020441412508657001 0.011232618743500702 0.00080530802450697785 -0.027263794466596297 0.0097488262677283173 0.014040294672753037 -0.027897220598281768 -0.017887829672630324 0.019265381106299811 0.010800107500536976 -0.0018430031355954268 -0.017855235315264305 -0.03302259377398075
leaf_weight=2.2312005739659062 1.9948444506153453 1.2380044348538017 16.094761050306261 0.75016474351286833 2.4319127732887855 2.2682352354750037 9.8853660849854332 2.0934189073741427 1.1322735499124963 9.0521406047046167 0.87705871090292875 2.6526407476048908 1.3639091439545152 1.5800268501043317
leaf_count=40 65 87 81 5 32 11 61 112 38 101 5 36 144 62
internal_value=0.000860562 0.00223286 0.00370395 5.89605e-05 0.00252777 -0.0108252 0.0050397 -0.000267743 0.00468358 0.00788959 0.0110393 0.0147131 -0.00676826 -0.0251606
internal_weight=55.646 53.6511 51.4199 35.3252 32.995 4.70015 28.2948 18.4094 16.316 15.078 13.9457 11.7048 2.24097 2.33019
internal_count=880 815 775 694 627 43 584 523 411 324 286 137 149 67
is_linear=0
shrinkage=0.03


Tree=190
num_leaves=15
num_cat=0
split_feature=0 4 1 1 1 1 0 4 4 0 1 7 0 3
split_gain=2.62551 2.52629 2.28001 2.03314 2.15933 1.84212 2.4857 2.68534 2.49569 1.58821 1.45113 0.685158 1.14121 2.19229
threshold=27.561666666666671 60.49780147805604 2.0600000000000041 11.520000000000005 12.200000000000006 12.380000000000004 27.17250000000001 74.592461682090814 76.163366100119546 25.358333333333338 13.190000000000005 22.450000000000006 12.422083333333338 3.2178519956479041
decision_type=2 2 2 2 2 2 2 2 2 2 2 2 2 2
left_child=2 -2 -1 11 -5 -6 7 10 -9 -10 -7 -4 -13 -14
right_child=1 -3 3 4 5 6 -8 8 9 -11 -12 12 13 -15
leaf_value=-0.021477012219907179 0.0079672331505716929 -0.03482953057225241 0.014163530477998449 -0.025123762429177132 0.022835674601605557 -0.0034898949678603916 0.014894683322795746 0.017634629249268233 0.0029954866052608201 -0.028032472075581898 -0.03616599927243698 0.019936823334659834 -0.01442114572466079 0.013031619288425193
leaf_weight=2.2886344228172666 1.4636050164699548 2.3975228955969214 14.452724809292706 2.1918509472161558 2.0850567519664791 2.2016704259440329 4.5848413622006765 3.7862947732210142 2.8164941603317857 1.7827007819432763 2.6225950694642961 1.9218885500449676 4.5585858230479044 3.9601966943591833
leaf_count=312 9 40 161 26 5 18 21 14 21 43 43 14 105 27
internal_value=0.000764035 -0.0203052 0.0027869 0.00439241 -0.00220683 0.00140215 -0.00219068 -0.00875156 0.00189983 -0.0118899 -0.0244131 0.0101028 0.00373504 -0.00163065
internal_weight=53.1147 3.86113 49.2535 46.9649 22.0715 19.8797 17.7946 13.2098 8.38549 4.59919 4.82427 24.8934 10.4407 8.51878
internal_count=859 49 810 498 191 165 160 139 78 64 61 307 146 132
is_linear=0
shrinkage=0.03


Tree=191
num_leaves=15
num_cat=0
split_feature=1 0 5 4 2 0 2 1 0 0 0 4 2 5
split_gain=1.81302 2.75117 1.77093 1.66392 1.43997 3.00718 2.55797 1.07246 1.20637 1.12798 1.31831 1.42111 1.59676 2.92196
threshold=13.420000000000007 28.044166666666673 133.26056671142581 73.271964336400472 36.810000000000009 26.363333333333337 35.840000000000011 11.520000000000005 11.847500000000005 12.422083333333338 22.867916666666673 71.204038961733403 29.060000000000006 27.666241645812992
decision_type=2 2 2 2 2 2 2 2 2 2 2 2 2 2
left_child=4 2 -2 -4 6 -6 7 8 -1 -10 11 12 -11 -14
right_child=1 -3 3 -5 5 -7 -8 -9 9 10 -12 -13 13 -15
leaf_value=-0.015815255076247172 -0.0014617876936972528 0.012126891530438279 -0.040997939346532834 -0.005478908991955086 -0.028550379063351013 0.007771560271252375 0.024819749200941228 -0.006440979911907797 0.023190411663875064 0.021272241475156745 0.014615345688851441 -0.012066556724379425 0.014212776481567612 -0.024700721851956538
leaf_weight=1.0759406192228258 4.812955557368694 4.0024217125028363 2.2000545058399439 2.4560213785152882 2.298085060203447 4.6228533731773496 5.6357766375876954 6.1201641531661144 3.0367478691041496 2.9453397365286964 7.3261679466813794 4.8901709786150596 2.9201341327279806 2.141862022690475
leaf_count=195 61 22 34 36 86 28 33 49 25 18 45 122 17 115
internal_value=0.0025023 -0.00676949 -0.0151521 -0.0265433 0.00549399 -0.00637087 0.00787957 0.00405554 0.00684526 0.00850214 0.00530783 -0.000650342 0.00688727 -0.00361107
internal_weight=56.4847 13.4715 9.46903 4.65608 43.0132 6.92094 36.0923 30.4565 24.3364 23.2604 20.2237 12.8975 8.00734 5.062
internal_count=886 153 131 70 733 114 619 586 537 342 317 272 150 132
is_linear=0
shrinkage=0.03


Tree=192
num_leaves=15
num_cat=0
split_feature=1 3 3 2 0 3 1 5 5 3 7 8 2 8
split_gain=1.15002 1.88504 2.78571 3.0057 1.83101 1.5135 1.3422 1.14948 1.92313 1.18931 1.1811 1.47202 1.03704 1.00263
threshold=11.520000000000005 3.1354791688768633 3.2508857458718872 32.670000000000009 26.13291666666667 3.1894620129180069 8.480000000000004 2474.693237304688 26.313563346862797 3.4808772233477079 20.350000000000005 20.250000000000004 35.13000000000001 36.70000000000001
decision_type=2 2 2 2 2 2 2 2 2 2 2 2 2 2
left_child=6 -2 5 -4 -5 -3 7 8 10 13 -1 -12 -6 -10
right_child=1 2 3 4 12 -7 -8 -9 9 -11 11 -13 -14 -15
leaf_value=0.020408332028052614 -0.018538832870675561 -0.0020020159078442609 0.0095063863141342485 -0.036827956797652307 0.0082810157664312718 0.018958708357425639 0.013239642244091583 0.016055955030924062 -0.023709803616460173 0.012710932813631658 0.014204500313698824 -0.022032261933828366 -0.016411863910878309 0.0051064425672858148
leaf_weight=2.5145912566222268 3.3976454301737276 4.4109016591683057 4.675779768265782 2.257320299744606 2.0225525572896004 8.1961140595376474 17.167660312727094 2.3349737524986258 4.4565590813290328 0.58676069974899281 1.0001395584549757 1.1179339252412317 2.2720263646915555 0.96773754525929678
leaf_count=12 79 26 33 18 34 28 124 48 381 1 20 35 20 18
internal_value=0.0040376 -0.000449414 0.0027719 -0.00774264 -0.0196812 0.0120169 0.00797519 0.000562617 -0.00392328 -0.0141429 0.00949374 -0.00585358 -0.00541502 -0.0185741
internal_weight=57.3787 27.2323 23.8347 11.2277 6.5519 12.607 30.1464 12.9787 10.6437 6.01106 4.63266 2.11807 4.29458 5.4243
internal_count=877 238 159 105 72 54 639 515 467 400 67 55 54 399
is_linear=0
shrinkage=0.03


Tree=193
num_leaves=15
num_cat=0
split_feature=3 7 4 4 1 1 2 7 7 8 4 7 8 7
split_gain=1.40143 1.03437 1.5331 1.72726 1.57916 1.4353 1.93745 1.21626 2.29574 1.48566 1.4015 2.48498 1.95881 1.17232
threshold=3.4996319603666626 8.8500000000000032 68.471766099244022 73.271964336400472 13.310000000000004 10.620000000000003 29.060000000000006 21.150000000000006 26.550000000000004 25.950000000000006 73.767238764647715 28.050000000000004 29.250000000000004 41.900000000000013
decision_type=2 2 2 2 2 2 2 2 2 2 2 2 2 2
left_child=1 -1 -3 4 5 6 -4 -5 9 -9 -10 -12 -13 -14
right_child=-2 2 3 7 -6 -7 -8 8 10 -11 11 12 13 -15
leaf_value=-0.018015480607766386 -0.015966684190260389 0.011096767722372166 0.0086921664789930322 0.012354502216764471 -0.031573813425696928 0.011102076337913982 -0.025619473763491933 0.0055616386943788242 0.02301420886641687 -0.032413464607397531 0.022223489608311456 -0.028494772981546027 -0.010194547493224765 0.015307567960135679
leaf_weight=0.92000105534680088 2.4399979477748266 19.014136586338282 1.8271159364376197 9.6963304118253308 1.3620447060093281 2.988861545920372 2.6622458205092698 0.9939567928668106 2.0631163825746617 1.8511136353481559 2.0791015874128771 2.0219126761658117 2.4339581842068583 2.0987782228039578
leaf_count=50 24 282 40 69 22 23 56 26 11 38 15 116 50 34
internal_value=0.00268872 0.00384856 0.00458053 0.000499413 -0.0101161 -0.00294477 -0.0126155 0.0047885 -0.00110596 -0.0211504 0.00557773 -0.000545294 -0.00975315 0.00224611
internal_weight=54.4527 52.0127 51.0927 32.0785 8.84027 7.47822 4.48936 23.2383 13.5419 2.84507 10.6969 8.63375 6.55465 4.53274
internal_count=856 832 782 500 141 119 96 359 290 64 226 215 200 84
is_linear=0
shrinkage=0.03


Tree=194
num_leaves=15
num_cat=0
split_feature=5 2 2 8 8 5 0 5 0 1 3 5 5 0
split_gain=1.96177 2.76196 1.94624 1.79478 2.49287 1.82461 1.87147 1.70195 1.40176 1.38146 1.26815 1.95937 1.38363 1.40855
threshold=159.07899475097659 36.410000000000004 38.45000000000001 34.750000000000007 27.850000000000005 591.72079467773449 22.93458333333334 33.113346099853523 23.700833333333339 10.870000000000006 3.1894620129180069 174.15545654296878 2474.693237304688 25.331666666666667
decision_type=2 2 2 2 2 2 2 2 2 2 2 2 2 2
left_child=1 7 -3 4 10 -6 -7 -1 -9 -10 11 -2 13 -13
right_child=3 2 -4 -5 5 6 -8 8 9 -11 -12 12 -14 -15
leaf_value=0.0068114736758889422 0.020908049862278035 -0.038125288386386652 0.00026066342294992336 0.015638690682398163 -0.026198549944822246 -0.020830622813530125 0.011112505110489723 -0.027384045289454342 0.016743346380334118 -0.012015494561762836 0.018542338151325659 -0.027986820214382459 0.011547095227118326 0.0043147435971009679
leaf_weight=11.546771704335702 1.8299516809638641 2.3877499080263069 1.8106090854853389 10.313045460265128 3.084266478661446 1.4959289846010504 3.8753897415008396 1.9484906619181845 1.5379684306681154 2.6880497424863279 5.5045562307350338 2.4192208909662445 1.3591890777461229 1.5183211355470119
leaf_count=128 14 32 22 74 97 60 18 104 9 42 39 182 35 21
internal_value=0.00126608 -0.00547677 -0.0247052 0.00599689 0.000786768 -0.0110851 0.000343106 0.000154944 -0.0115076 -0.000348192 0.00896419 0.000194832 -0.00914529 -0.01718
internal_weight=53.3195 21.9196 4.19836 31.3999 21.0868 8.45559 5.37132 17.7213 6.17451 4.22602 12.6312 7.12668 5.29673 3.93754
internal_count=877 337 54 540 466 175 78 283 155 51 291 252 238 203
is_linear=0
shrinkage=0.03


Tree=195
num_leaves=15
num_cat=0
split_feature=0 2 5 2 0 2 4 4 7 5 2 4 8 0
split_gain=1.19786 1.23246 1.4968 2.13548 1.92661 2.96649 1.85434 1.39484 1.12262 3.53749 2.35396 0.99538 1.69618 0.975635
threshold=12.106666666666671 26.630000000000006 7.7197277545928964 33.070000000000014 20.900833333333342 34.970000000000006 74.592461682090814 71.245642881350577 20.050000000000004 352.02584838867193 38.530000000000015 76.964587545673069 30.350000000000005 26.945833333333344
decision_type=2 2 2 2 2 2 2 2 2 2 2 2 2 2
left_child=-1 -2 3 -3 5 -4 7 8 9 10 -6 -8 -13 -9
right_child=1 2 4 -5 6 -7 11 13 -10 -11 -12 12 -14 -15
leaf_value=-0.01755988699510326 0.018218686867123857 0.0077287346185534612 -0.026507574480896759 -0.024592841507815544 -0.0093251597498518555 0.014849826619272805 0.022706546384902354 -0.016113503445743665 0.0157305866823104 -0.024453265848735768 0.017952359620934624 0.015711670894238871 -0.011039423474878008 0.0055389135642616534
leaf_weight=1.3085523183690373 4.477924375794827 2.7449040627107015 3.029416457982733 2.9691031728871167 3.5687844273634308 1.7286780225113032 7.2171143610030395 4.3170257634483269 6.1973811928182831 2.7530906614847472 7.3015593984164298 4.7499780561774969 2.5155192187521607 2.2646115394309163
leaf_count=206 55 21 165 33 46 45 34 45 34 63 50 39 39 17
internal_value=0.00383013 0.00463157 0.00312154 -0.0102276 0.00497615 -0.0115124 0.00712409 0.00219973 0.00614153 0.001002 0.00896587 0.0153795 0.00623465 -0.00891542
internal_weight=57.1436 55.8351 51.3572 5.71401 45.6432 4.75809 40.8851 26.4025 19.8208 13.6234 10.8703 14.4826 7.2655 6.58164
internal_count=892 686 631 54 577 210 367 255 193 159 96 112 78 62
is_linear=0
shrinkage=0.03


Tree=196
num_leaves=15
num_cat=0
split_feature=8 8 8 7 5 7 5 7 4 8 0 8 1 1
split_gain=1.31402 1.02537 1.81246 2.03168 1.6931 2.35533 1.63649 1.35778 1.33072 1.29606 1.13235 0.836992 1.95852 1.44923
threshold=38.750000000000007 34.150000000000013 29.850000000000005 17.150000000000002 186.06362915039065 20.450000000000006 979.66671752929699 36.150000000000013 73.271964336400472 27.850000000000005 27.17250000000001 27.650000000000006 11.450000000000003 8.9100000000000019
decision_type=2 2 2 2 2 2 2 2 2 2 2 2 2 2
left_child=1 2 4 -4 7 8 -5 11 -6 -7 -9 12 13 -1
right_child=-2 -3 3 6 5 9 -8 10 -10 -11 -12 -13 -14 -15
leaf_value=-0.0065010059046461365 -0.01352666047942875 0.011256165510427806 0.0041013244353140027 -0.033726822632356011 -0.028108632620349648 0.010469803079518504 0.0027493877247261214 -0.021937999164606353 0.0092786683352066249 -0.01755589381903953 0.012470479095905004 0.02073677432786333 -0.016869274225527076 0.018348166815083167
leaf_weight=2.3082648381823763 3.6278504692018023 10.065873404266311 4.0478169783018512 2.7652628237847239 3.0856473478488611 6.3441237774677575 1.367519815219566 1.2894798176130269 0.56386757898144413 0.91097839397843916 0.57292789220809925 5.9387140998151144 1.7315120352432121 6.8403830789029598
leaf_count=90 47 91 44 76 146 150 15 76 7 32 1 38 27 36
internal_value=0.00180592 0.00322201 0.000845548 -0.0108684 0.00433394 -0.00478711 -0.0234729 0.00963078 -0.0215789 0.0052504 -0.0106943 0.0123553 0.00642003 0.0120558
internal_weight=51.4602 47.8324 37.7665 8.1806 29.5859 10.9046 4.13278 18.6813 3.64951 7.2551 1.86241 16.8189 10.8802 9.14865
internal_count=876 829 738 135 603 335 91 268 153 182 77 191 153 126
is_linear=0
shrinkage=0.03


Tree=197
num_leaves=15
num_cat=0
split_feature=5 8 7 1 7 2 7 7 1 6 1 2 8 6
split_gain=1.72932 1.2341 1.18448 1.53562 2.05975 2.32949 2.15769 2.12771 1.5605 1.46275 1.24266 1.05326 1.08836 0.764897
threshold=2.2758069038391118 19.050000000000004 8.8500000000000032 11.160000000000005 27.150000000000006 38.620000000000012 14.450000000000001 33.850000000000009 13.310000000000004 5.3500000000000014 16.050000000000008 35.570000000000007 29.050000000000004 6.7500000000000009
decision_type=2 2 2 2 2 2 2 2 2 2 2 2 2 2
left_child=-1 13 -3 9 5 6 -5 -6 11 -4 -9 12 -8 -2
right_child=1 2 3 4 7 -7 8 10 -10 -11 -12 -13 -14 -15
leaf_value=-0.023285787038690817 -0.024539010581573577 -0.018899746378921733 -0.010836407689510264 -0.03547704614022372 0.021889628444232558 0.01142324864029092 0.0091810461944509501 0.0081849567747006892 -0.016424645640260398 0.013184636813537595 -0.021651030976213719 0.016576371268435145 -0.01746788410537525 0.0048868683139020198
leaf_weight=1.3488621949218202 1.2992364332312711 0.96952460380270977 1.8107975239399845 1.8530555469915331 5.1890727812424284 4.3664760775864115 1.7557230889797195 1.8654876761138441 5.0351320151239634 19.631102471146733 1.3642616160213945 2.4729353673756123 1.9032763605937359 0.7823833911679684
leaf_count=30 100 49 48 26 21 20 19 8 53 376 45 11 21 26
internal_value=0.00195227 0.00306982 0.00416905 0.00502434 3.19484e-05 -0.00581322 -0.0119962 0.011439 -0.0055042 0.0107636 -0.00655708 0.00450859 -0.00545475 -0.0154823
internal_weight=51.6473 50.2985 48.2168 47.2473 25.8054 17.3866 13.0201 8.41882 11.1671 21.4419 3.22975 6.13193 3.659 2.08162
internal_count=853 823 697 648 224 150 130 74 104 424 53 51 40 126
is_linear=0
shrinkage=0.03


Tree=198
num_leaves=15
num_cat=0
split_feature=6 4 5 7 2 2 6 4 4 5 4 7 4 0
split_gain=1.55146 1.67032 1.98824 1.58162 2.14898 2.39664 2.33396 1.32597 1.25717 1.65159 1.25185 0.950701 1.00391 0.86301
threshold=5.3500000000000014 79.348307186312283 706.39361572265636 15.850000000000003 38.530000000000015 36.170000000000009 7.3500000000000014 62.951702854011863 79.072045040032236 121.88932418823244 65.225154327095652 36.150000000000013 75.238409039301516 24.106250000000006
decision_type=2 2 2 2 2 2 2 2 2 2 2 2 2 2
left_child=8 3 -3 4 5 13 -6 -7 9 -1 -8 -5 -13 -2
right_child=1 2 -4 11 6 7 10 -9 -10 -11 -12 12 -14 -15
leaf_value=0.00024995806312227677 -0.01298460390224662 -0.028258121090215353 0.007422421697332122 0.011249772296168111 0.017948952898327871 -0.0025646835208093196 -0.025028272320626953 -0.045190942173919432 0.0086144978629688288 -0.0314080219102717 0.0095415610222941323 -0.019390876100959163 0.0081437343026686242 0.011458081618994561
leaf_weight=2.6435531431343398 1.1676771698985233 2.0346831623464814 2.0036209933459759 26.752228639787067 5.1352694795932621 1.0825472872238608 1.5161799388006332 1.3807417061179874 1.6281737744575364 2.3337093844311312 0.83555822586640704 1.2160228609573089 1.7200728898169471 2.2872971636243165
leaf_count=26 71 68 11 337 20 30 49 16 49 66 9 70 37 18
internal_value=0.00197349 0.0039304 -0.0125956 0.00572958 -0.00268993 -0.0149473 0.00761872 -0.0326075 -0.0106705 -0.0173649 -0.0135636 0.00949505 -0.00528927 0.00213687
internal_weight=53.7373 47.1319 4.0383 43.0936 13.4053 5.91826 7.48701 2.46329 6.60544 4.97726 2.35174 29.6883 2.9361 3.45497
internal_count=877 736 79 657 213 135 78 46 141 92 58 444 107 89
is_linear=0
shrinkage=0.03


Tree=199
num_leaves=15
num_cat=0
split_feature=0 4 8 5 4 6 0 6 8 6 6 5 0 8
split_gain=1.46152 2.09732 1.79529 1.37076 1.83452 1.60905 1.20002 1.49052 1.99784 0.945361 1.1618 1.67798 1.7893 1.45428
threshold=22.803750000000004 70.45438374450201 38.45000000000001 909.61682128906261 68.842299515200878 6.4500000000000011 23.111250000000009 5.4500000000000011 36.95000000000001 5.5500000000000016 6.3500000000000014 500.79193115234381 25.967916666666671 31.650000000000006
decision_type=2 2 2 2 2 2 2 2 2 2 2 2 2 2
left_child=1 3 -3 4 -1 -5 -2 -8 9 -9 11 12 -11 -12
right_child=6 2 -4 5 -6 -7 7 8 -10 10 13 -13 -14 -15
leaf_value=-0.024385903699764108 0.019533797094298276 -0.027658138791902664 0.0080904718969163208 0.022495308974184884 0.0097023758280528304 -0.013445470077638265 -0.0086429720738409564 0.022599315927043097 -0.012785954726774499 -0.027034198264527066 0.0025939210626817061 0.015333678299963873 0.0022323401748502061 0.020794604602923032
leaf_weight=1.8423853572458013 3.5716182347387067 3.9575921637006104 1.1886645569466052 3.2471746071241796 2.0379728337284178 0.77626957814209152 6.9427841224241993 2.9904909338802161 3.5910373870283356 2.2103560515679437 9.1356657072901708 2.4094976997002959 4.2060421910136938 6.4400092815048984
leaf_count=117 15 270 19 26 19 83 87 17 33 30 102 11 30 26
internal_value=0.00220817 -0.00623416 -0.0194282 0.00357377 -0.00816304 0.0142649 0.00494732 0.00310713 0.00592804 0.00874533 0.00622464 -0.00232931 -0.0101353 0.0109198
internal_weight=54.5476 13.0501 5.14626 7.9038 3.88036 4.02344 41.4975 37.9259 30.9831 27.3921 24.4016 8.8259 6.4164 15.5757
internal_count=885 534 289 245 136 109 351 336 249 216 199 71 60 128
is_linear=0
shrinkage=0.03


Tree=200
num_leaves=15
num_cat=0
split_feature=1 1 1 8 8 5 4 1 0 5 0 2 1 1
split_gain=1.96889 1.13332 2.82954 1.68351 1.16852 1.14159 1.83685 1.108 1.6466 2.75023 0.882437 1.45838 0.594212 2.29913
threshold=2.0600000000000041 11.520000000000005 12.200000000000006 27.750000000000004 3.1000000000000005 238.25532531738284 65.382225570547163 15.610000000000005 27.439583333333342 706.39361572265636 20.900833333333342 18.740000000000006 8.9100000000000019 3.2300000000000062
decision_type=2 2 2 2 2 2 2 2 2 2 2 2 2 2
left_child=-1 4 -3 -4 -2 12 -7 -5 9 -9 11 -8 13 -6
right_child=1 2 3 7 5 6 10 8 -10 -11 -12 -13 -14 -15
leaf_value=-0.021361235575952559 -0.020065141159370376 -0.029722474048289645 -0.016057397871289045 0.0098605460295104145 0.020159122276069637 -0.023190993499705239 0.015344067572323069 -0.033496768663503797 0.008816609048429026 0.0080265635867364966 0.012857738252525173 -0.02072091333331676 0.016522431465018365 -0.013411018324666507
leaf_weight=2.2454040603479362 0.43721818178892391 1.8840787839144493 3.1366043863818076 13.35583831369877 2.6504916311241749 1.4624685922171901 0.80355297634378109 2.0956015242263657 4.1744458163157105 2.0954701751470566 4.8203877815976739 1.4494203999638555 11.052175695076583 2.7364607418421656
leaf_count=324 4 26 58 70 20 59 3 46 29 11 33 47 64 86
internal_value=0.00135892 0.00272057 -0.00157934 0.00162069 0.00713397 0.00836428 -0.00056109 0.0047678 -0.00354765 -0.0151889 0.00641079 -0.00709517 0.0127651 0.0036764
internal_weight=54.3996 52.1542 26.742 24.858 25.4122 24.975 8.53583 21.7214 8.36552 4.19107 7.07336 2.25297 16.4391 5.38695
internal_count=880 556 240 214 316 312 142 156 86 57 83 50 170 106
is_linear=0
shrinkage=0.03


Tree=201
num_leaves=15
num_cat=0
split_feature=1 4 3 5 5 1 1 1 3 5 2 0 2 5
split_gain=1.87468 0.983279 0.993489 1.31982 1.59236 1.23465 2.52504 0.83946 1.50114 2.14051 0.773194 0.458338 0.865631 0.450909
threshold=1.4700000000000033 79.751922494143841 3.2016181948837201 400.16333007812506 909.61682128906261 11.590000000000005 16.230000000000008 15.800000000000004 3.2208870241535634 521.62640380859386 32.110000000000007 26.489166666666673 33.850000000000001 27.666241645812992
decision_type=2 2 2 2 2 2 2 2 2 2 2 2 2 2
left_child=-1 2 3 5 -5 13 -7 11 -9 -10 -3 12 -4 -2
right_child=1 10 7 4 -6 6 -8 8 9 -11 -12 -13 -14 -15
leaf_value=-0.019706742516340615 0.016968709924307861 -0.021216233731445086 0.01467549348351025 -0.021263188041641602 0.0076816599122940098 -0.018785567489438583 0.012820588502017111 0.016500706303147934 -0.027176793125665736 0.011774914465350186 0.0044568629547636655 0.022443044739813716 -0.0021791703256818827 0.0055141969276348247
leaf_weight=1.7991664720466349 5.5594274885952535 1.2040974593255662 8.4465933255851322 3.039196584140881 2.2674389961175621 3.7198175741359583 3.4421482887119055 2.1495783478021613 1.8075197264552119 1.5315718147903679 1.4830761044286189 4.551913008093833 3.5347508564591399 8.7660547120030952
leaf_count=296 34 47 45 87 39 53 30 5 33 9 24 13 27 139
internal_value=0.00443133 0.00563383 0.00665428 0.0026141 -0.00963855 0.00593413 -0.00388552 0.0112429 0.000844538 -0.0107143 -0.00968111 0.0144499 0.00991819 0.0107766
internal_weight=53.3024 51.5032 48.816 26.7941 5.30664 21.4874 7.16197 22.0219 5.48867 3.33909 2.68717 16.5333 11.9813 14.3255
internal_count=881 585 514 382 126 256 83 132 47 42 71 85 72 173
is_linear=0
shrinkage=0.03


Tree=202
num_leaves=15
num_cat=0
split_feature=2 2 2 3 3 5 5 8 4 8 8 4 2 8
split_gain=1.27643 1.58015 1.67832 1.1484 1.56741 1.17787 1.45461 1.98867 1.59215 1.56361 1.52769 1.50543 1.44288 1.244
threshold=39.350000000000016 38.530000000000015 37.430000000000007 3.5649924815729093 3.4996319603666626 909.61682128906261 208.27097320556643 35.850000000000009 76.964587545673069 53.850000000000009 29.850000000000005 78.201792962166664 34.150000000000006 28.350000000000005
decision_type=2 2 2 2 2 2 2 2 2 2 2 2 2 2
left_child=1 2 3 4 5 6 7 8 -1 11 13 12 -8 -10
right_child=-2 -3 -4 -5 -6 -7 9 -9 10 -11 -12 -13 -14 -15
leaf_value=0.010103434599919543 -0.015318876180511778 0.018250084482366199 -0.019584515881031973 0.018348985946161921 -0.023940389428940466 0.011406346751039062 -0.031924699262356901 -0.020319803333349477 -0.011796055176843305 0.01597690674456 -0.026110512507773329 0.0092774265205213605 -0.0026881879645735173 0.018051921125018685
leaf_weight=16.637870109407242 3.1665287443902335 3.8448982923291615 2.5630243348423383 2.4852552213706067 1.2580658476799715 7.8637828265782437 3.4264470931375381 1.9681518711149681 1.4892652106937014 0.83264115452766407 1.4941184561466796 1.1946051877457646 2.616492974339053 1.6077589211054144
leaf_count=194 60 22 38 11 15 145 156 29 95 3 32 27 53 11
internal_value=0.000652839 0.00196331 0.000221809 0.00182522 0.000389702 0.00174898 -0.000958087 0.00291272 0.00588384 -0.0111789 -0.00847969 -0.0158633 -0.0214449 0.00432303
internal_weight=52.4489 49.2824 45.4375 42.8745 40.3892 39.1311 31.2674 23.1972 21.229 8.07019 4.59114 7.23755 6.04294 3.09702
internal_count=891 831 809 771 760 745 600 361 332 239 138 236 209 106
is_linear=0
shrinkage=0.03


Tree=203
num_leaves=15
num_cat=0
split_feature=3 5 6 4 6 4 3 4 5 7 5 7 6 7
split_gain=1.38712 2.37511 1.25661 1.36318 1.37525 0.770237 1.60199 1.31283 2.07632 1.1049 2.1913 1.33813 1.98055 1.08915
threshold=2.9449759043833477 8.7914719581604022 7.3500000000000014 60.963211953935577 6.8500000000000014 75.238409039301516 3.2208870241535634 79.348307186312283 706.39361572265636 17.150000000000002 146.02478790283206 21.050000000000004 5.4500000000000011 16.850000000000005
decision_type=2 2 2 2 2 2 2 2 2 2 2 2 2 2
left_child=1 -1 3 -2 5 6 9 -7 13 10 -5 -11 -13 -9
right_child=2 -3 -4 4 -6 7 -8 8 -10 11 -12 12 -14 -15
leaf_value=0.0079522811917720534 0.020852851798063093 -0.024180430168319431 -0.013963090474757765 -0.026845249552934877 -0.014331884951080546 0.014340521161197287 -0.01085397258808529 0.0086125958973172975 0.010068342483759304 0.021755440552943761 0.011346772654727829 -0.021935732695234068 0.010297067719655604 -0.030798660981925789
leaf_weight=3.2596098263747981 3.8390289023518553 3.3185755629092455 2.1850368762388817 1.4652389427647023 2.5211016591638318 13.35181538295001 5.9392368192784479 0.3620997965335836 3.6800818014889956 4.5598484880756569 2.1213750559836626 1.3808710637968031 5.1649088743142784 1.4399462769506497
leaf_count=32 15 348 26 20 37 109 55 1 20 31 30 37 71 70
internal_value=0.00271758 -0.0093098 0.00452185 0.00568261 0.00384269 0.00532919 0.00120799 0.0095552 -0.00251387 0.00646491 -0.006707 0.0109215 0.00149147 -0.022632
internal_weight=54.5888 6.57819 48.0106 45.8256 41.9865 39.4654 20.6315 18.8339 5.48213 14.6922 3.58661 11.1056 6.54578 1.80205
internal_count=902 380 522 496 481 444 244 200 91 189 50 139 108 71
is_linear=0
shrinkage=0.03


Tree=204
num_leaves=15
num_cat=0
split_feature=1 1 2 2 1 7 4 2 2 2 4 2 2 3
split_gain=1.99744 1.7057 1.0939 3.77984 1.72276 1.67525 1.0994 1.80793 1.08334 3.29128 1.32468 2.73548 1.58521 1.72113
threshold=19.290000000000006 1.4700000000000033 36.410000000000004 38.620000000000012 11.590000000000005 19.850000000000005 60.396975986830363 38.850000000000016 33.070000000000014 35.210000000000015 73.421663090587387 26.630000000000006 30.540000000000003 3.0896684793681923
decision_type=2 2 2 2 2 2 2 2 2 2 2 2 2 2
left_child=1 -1 5 4 -4 -3 7 -5 10 -10 11 -7 13 -12
right_child=-2 2 3 6 -6 8 -8 -9 9 -11 12 -13 -14 -15
leaf_value=-0.019183774334932933 -0.022128312109957572 0.016411525457060754 -0.0023245343373297657 0.017644349439419459 -0.036860822715129658 0.018261312216489429 0.0170044877455168 -0.022255416222291068 -0.01918353572845765 0.014839332795588607 0.011404222939676535 -0.025642904111405622 0.018824705277228317 -0.022087031133213763
leaf_weight=1.6653430156875391 1.6972599434666324 12.941989250481127 2.5685579895507527 0.88705208059400353 1.9704196788370607 1.3443045122548967 5.3725931453518569 1.3032450084574518 5.0067317299544793 3.5193069940432906 2.2399934122804548 1.9237716337665913 8.2855855301022512 1.4360488515812901
leaf_count=286 68 122 41 2 26 8 30 46 60 16 58 56 37 31
internal_value=0.0031642 0.00442829 0.00560312 -0.00209043 -0.0212652 0.00812838 0.010557 -0.00563078 0.00313512 -0.00505634 0.00774993 -0.00753593 0.0121854 -0.00360465
internal_weight=52.1622 50.4649 48.7996 12.1019 4.53898 36.6977 7.56289 2.1903 23.7557 8.52604 15.2297 3.26808 11.9616 3.67604
internal_count=887 819 533 145 67 388 78 48 266 76 190 64 126 89
is_linear=0
shrinkage=0.03


Tree=205
num_leaves=15
num_cat=0
split_feature=7 4 4 7 7 4 4 8 8 6 0 7 0 0
split_gain=1.19752 0.981563 1.74531 1.72046 2.41134 1.43872 0.98684 1.31928 2.00061 2.81645 2.64996 1.73664 1.00611 1.08988
threshold=11.350000000000003 59.855759886877358 66.506170407983959 11.950000000000001 28.050000000000004 69.112491173187792 73.271964336400472 32.95000000000001 28.650000000000006 5.1500000000000012 26.818750000000005 36.150000000000013 24.569166666666671 21.147500000000004
decision_type=2 2 2 2 2 2 2 2 2 2 2 2 2 2
left_child=-1 -2 3 -3 -5 -4 12 8 11 -10 -11 -8 13 -7
right_child=1 2 5 4 -6 6 7 -9 9 10 -12 -13 -14 -15
leaf_value=-0.013395210232882041 0.01419669811449498 0.014906478406184115 0.016214561584155251 -0.031266630832980154 0.010700446011976098 -0.00073741230627046158 0.013136044753050562 0.01299155540127547 0.013423671534687452 -0.036178043999238643 0.0053312742178102642 -0.017768982747431092 0.004014495230609913 -0.029371955108053762
leaf_weight=3.0822984001133582 5.7593044629320493 0.84968744218349357 6.2530855049844822 3.2022476128768176 1.1612019699532536 2.2609157917322622 7.8974925905931759 8.6384461952839029 2.0016295260284087 3.1908000644762069 1.7239019256085155 1.0966788335936142 3.3077571270987391 1.6736504477448759
leaf_count=105 106 3 63 65 22 65 108 80 16 60 11 90 31 29
internal_value=0.00230868 0.00354425 0.00183726 -0.0129873 -0.0201856 0.00414924 0.00135398 0.00422875 -0.00101583 -0.0122279 -0.0231784 0.00796684 -0.00772131 -0.0164016
internal_weight=52.0991 49.0168 43.2575 5.21314 4.36345 38.0444 31.7913 24.5489 15.9105 6.91633 4.9147 8.99417 7.24232 3.93457
internal_count=854 749 643 90 87 553 490 365 285 87 71 198 125 94
is_linear=0
shrinkage=0.03


Tree=206
num_leaves=15
num_cat=0
split_feature=8 5 0 5 8 0 8 2 4 8 2 2 7 2
split_gain=0.851234 0.712859 1.11655 1.72824 1.31421 1.24537 1.32169 1.47166 2.08852 1.30201 1.03918 1.4111 1.10598 0.848981
threshold=3.1000000000000005 909.61682128906261 22.803750000000004 26.313563346862797 38.45000000000001 23.111250000000009 37.20000000000001 35.500000000000007 71.483629435779378 28.650000000000006 36.090000000000003 38.150000000000013 18.550000000000004 34.970000000000006
decision_type=2 2 2 2 2 2 2 2 2 2 2 2 2 2
left_child=-1 2 3 13 -5 -4 7 8 -7 -10 -9 12 -12 -2
right_child=1 -3 5 4 -6 6 -8 10 9 -11 11 -13 -14 -15
leaf_value=-0.019755117285340865 -0.0034419439192234749 0.011232788379300642 0.020509106467946066 -0.026689884409810644 0.0046359206264585525 -0.027801083999002819 -0.012501989447126074 0.021824094588656567 0.011527807617120538 -0.0075051951477235783 -0.017675674325009359 0.012738528247499293 0.0065566768923325421 0.019921794423500158
leaf_weight=0.43212244659662147 2.9489261067938042 8.7093642167747003 2.9415605161339036 3.1472191106295213 1.3301273025572298 1.4868413051590348 3.6313007157295933 4.1692546489648548 5.6880788034759444 5.3232911732047796 2.4908764995634538 7.5554460084531456 2.5294787622988224 1.312457203865051
leaf_count=4 72 165 11 293 23 36 37 20 52 62 24 71 16 2
internal_value=0.00329162 0.0038392 0.00217908 -0.00692187 -0.0182363 0.00452731 0.00253406 0.00475281 -0.00292598 0.00246777 0.010326 0.00518731 -0.00640526 0.00617258
internal_weight=53.6963 53.2642 44.5549 8.73873 4.47735 35.8161 32.8746 29.2433 12.4982 11.0114 16.7451 12.5758 5.02036 4.26138
internal_count=888 884 719 390 316 329 318 281 150 114 131 111 40 74
is_linear=0
shrinkage=0.03


Tree=207
num_leaves=15
num_cat=0
split_feature=2 2 0 2 2 0 7 1 2 6 8 5 7 0
split_gain=0.970973 2.32569 3.21623 1.26232 2.51599 1.41122 1.10363 1.96353 1.90317 1.55919 1.01964 0.918377 0.999854 0.987676
threshold=33.110000000000014 34.150000000000006 25.725416666666675 30.460000000000001 26.630000000000006 12.106666666666671 15.850000000000003 13.010000000000007 38.150000000000013 7.3500000000000014 41.45000000000001 320.95518493652349 31.600000000000005 16.665000000000006
decision_type=2 2 2 2 2 2 2 2 2 2 2 2 2 2
left_child=3 2 -2 4 5 -1 8 -8 -3 -10 -11 12 13 -5
right_child=1 6 -4 11 -6 -7 7 -9 9 10 -12 -13 -14 -15
leaf_value=-0.01483435190124084 -0.032623226460756584 -0.01809719162851673 0.0085054451579548041 0.010943217582432231 -0.023742654724277411 0.015991101551729121 0.016992563142671255 -0.0045852167729189116 0.012969296046478644 -0.023454168244021925 0.0083738648325207381 0.018937072396419334 0.012953549391517679 -0.017443333328658103
leaf_weight=0.91914418782107787 3.1720747429644716 3.8948259064927715 2.3302696449682117 0.90370449749752735 2.1700334253255278 4.3386939165648073 8.6906339856795949 5.6657916032709172 5.7368162893690169 1.3751685761380943 0.81099373660981644 7.8337773478124291 3.2640390261076391 2.0259048836305737
leaf_count=177 69 79 29 16 109 51 67 60 28 54 3 64 29 43
internal_value=0.00289623 -0.000472201 -0.0165757 0.00766894 -0.0021788 0.00909297 0.00339848 0.0087328 -0.00325746 0.00524816 -0.0127246 0.0126816 0.00323691 -0.00813038
internal_weight=53.1319 31.6766 5.50234 21.4553 7.42787 5.25784 26.1742 14.3564 11.8178 7.92298 2.18616 14.0274 6.19365 2.92961
internal_count=878 389 98 489 337 228 291 127 164 85 57 152 88 59
is_linear=0
shrinkage=0.03


Tree=208
num_leaves=15
num_cat=0
split_feature=1 0 0 2 2 2 6 2 2 8 7 0 2 1
split_gain=2.12037 0.982664 1.47966 1.19451 2.23708 1.58685 1.08866 1.57035 1.13661 1.04693 0.925708 1.73653 0.89834 0.74137
threshold=19.290000000000006 24.009166666666676 23.749583333333337 36.810000000000009 38.030000000000008 39.350000000000016 6.4500000000000011 33.010000000000012 34.680000000000014 21.250000000000004 40.650000000000013 20.900833333333342 35.370000000000012 12.380000000000004
decision_type=2 2 2 2 2 2 2 2 2 2 2 2 2 2
left_child=1 2 6 13 -5 -6 7 9 -9 -1 11 -11 -8 -3
right_child=-2 3 -4 4 5 -7 12 8 -10 10 -12 -13 -14 -15
leaf_value=0.018583198108615227 -0.023624757816285095 0.017774093627702874 -0.027703885915110516 -0.022593554988869655 0.015082215785266712 -0.0090794858714110978 -0.022436770353420725 -0.027051986178312292 0.0046912787343130567 -0.023237917399094921 0.011842924067727972 0.0054528336621379658 0.0059075745226985733 0.0046995423840061465
leaf_weight=4.0122297678608545 1.9570587195921678 7.1344567183405223 0.88525406876578827 2.3260202230885616 5.2813282841816527 3.1604364088270813 2.0405893361894409 1.3950534085743123 1.3237645253539083 1.9399567020591328 3.8096223919419572 4.5828366447240114 0.98853746172972012 9.4534937343560141
leaf_count=115 75 44 18 24 31 53 193 29 12 85 66 33 47 74
internal_value=0.00107816 0.002537 -0.00229162 0.00619008 -0.00154531 0.00603295 8.83706e-05 0.00322959 -0.014491 0.00731376 0.001684 -0.00503486 -0.0140163 0.0110137
internal_weight=50.2906 48.3336 20.9778 27.3557 10.7678 8.44176 20.0926 17.0635 2.71882 14.3446 10.3324 6.52279 3.02913 16.588
internal_count=899 824 598 226 108 84 580 340 41 299 184 118 240 118
is_linear=0
shrinkage=0.03


Tree=209
num_leaves=15
num_cat=0
split_feature=1 5 3 3 3 2 2 0 5 0 2 2 0 0
split_gain=1.16441 2.62996 1.56166 3.58559 2.31111 1.36872 1.63765 1.36936 1.16978 0.979037 0.795423 1.66145 2.02494 2.56558
threshold=13.010000000000007 12.782201290130617 3.2451076540396682 3.1843677074975862 3.5649924815729093 36.740000000000009 35.840000000000011 26.363333333333337 33.113346099853523 27.864166666666677 30.91 33.010000000000012 25.394583333333337 19.458750000000006
decision_type=2 2 2 2 2 2 2 2 2 2 2 2 2 2
left_child=5 -2 3 9 8 6 10 -7 -4 -3 -1 -12 13 -13
right_child=1 2 4 -5 -6 7 -8 -9 -10 -11 11 12 -14 -15
leaf_value=-0.0044550159524462309 -0.032626002252521269 -0.022730092341119817 0.0028891565706106563 0.022030349444647327 0.013961472848624193 -0.023305017948149445 0.022185189164933044 0.0027648241993838457 -0.030712723738882126 0.0050670181999022115 0.015943803030696872 0.011716642097130914 0.012155634579876902 -0.027226324221291714
leaf_weight=7.5727384737692836 1.7467261031270016 2.2325817320961492 1.0267284661531442 4.9368009716272354 1.4573289896361528 2.0730129093863061 4.0585824521258465 3.9782087770290673 2.7561515939887613 1.2862804569303987 7.8586046838900101 1.6868392425822074 3.9205524474382401 3.1620372696779668
leaf_count=352 28 46 7 12 8 85 23 27 67 12 79 46 25 63
internal_value=0.00077792 -0.00583334 -0.000428735 0.00728638 -0.0120506 0.00383447 0.00660472 -0.00820464 -0.0228954 -0.0136964 0.00321515 0.00676287 -0.00225436 -0.0139918
internal_weight=49.7532 15.4426 13.6959 8.45566 5.24021 34.3106 28.2594 6.05122 3.78288 3.51886 24.2008 16.628 8.76943 4.84888
internal_count=880 180 152 70 82 700 588 112 74 58 565 213 134 109
is_linear=0
shrinkage=0.03


Tree=210
num_leaves=15
num_cat=0
split_feature=5 7 6 8 3 0 3 7 8 6 0 7 4 5
split_gain=1.68679 1.16206 2.1018 1.66652 1.53241 1.40228 1.68117 2.07843 1.38005 2.15657 2.02564 1.31352 1.41885 2.32303
threshold=2.2758069038391118 15.850000000000003 6.3500000000000014 38.45000000000001 3.2338764589019799 14.951250000000003 3.212059671323813 21.050000000000004 28.650000000000006 5.2500000000000009 26.600416666666671 13.850000000000003 60.396975986830363 146.02478790283206
decision_type=2 2 2 2 2 2 2 2 2 2 2 2 2 2
left_child=-1 4 3 5 11 -3 7 -7 -8 -10 -11 12 -2 -14
right_child=1 2 -4 -5 -6 6 8 -9 9 10 -12 -13 13 -15
leaf_value=-0.023412902186003146 -0.018786827323581702 0.01371697934415639 0.016304525095891927 0.01731549142563589 0.013021922377864571 0.00099800151332063046 0.0096518070320427349 -0.032186726819375629 0.010567060582572686 -0.030947233401313484 0.0029574359525101268 -0.024900281031557461 -0.012792150941555976 0.020527253088751189
leaf_weight=1.4690538730937976 2.2881753598339838 3.0169858752051431 9.2360143326222879 3.407005935907363 2.3445855379104605 2.8910278081893948 6.4633688712492576 2.9263476834166795 3.0083429671358299 3.0030016098171473 2.3607993330806494 2.7592561272904277 2.6351837511174381 3.0064550160896033
leaf_count=37 106 150 194 27 11 51 53 70 24 30 18 56 32 23
internal_value=0.000817584 0.00198964 0.00472383 0.000333594 -0.00542184 -0.00271356 -0.00563639 -0.0179678 2.83491e-05 -0.00763817 -0.0179048 -0.0102353 -0.00291548 0.00538116
internal_weight=50.8156 49.3466 36.3129 27.0769 13.0337 23.6699 20.6529 5.81738 14.8355 8.37214 5.3638 10.6891 7.92981 5.64164
internal_count=882 845 617 423 228 396 246 121 125 72 48 217 161 55
is_linear=0
shrinkage=0.03


Tree=211
num_leaves=15
num_cat=0
split_feature=5 1 3 0 0 0 5 2 5 0 2 5 3 2
split_gain=1.77479 1.25671 2.24116 1.11932 0.905381 0.984098 1.26024 1.90577 1.05998 0.958429 1.00551 0.673899 0.862869 1.36116
threshold=2.2758069038391118 11.520000000000005 3.1354791688768633 11.847500000000005 12.422083333333338 22.867916666666673 26.313563346862797 31.170000000000005 116.88344573974611 20.900833333333342 26.43000000000001 238.25532531738284 3.1763535302847541 32.480000000000004
decision_type=2 2 2 2 2 2 2 2 2 2 2 2 2 2
left_child=-1 3 -3 -2 -5 6 -6 9 -7 10 -8 -10 13 -13
right_child=1 2 -4 4 5 8 7 -9 11 -11 -12 12 -14 -15
leaf_value=-0.023019771573418328 -0.015058767097037091 -0.02432147349504889 0.0020525442266271375 0.023220228680359892 0.013247100792850915 -0.0016038942991510922 0.0068901884860016801 -0.025366071764593282 0.024058077297485318 0.015184011021644224 -0.019660218028069398 0.014708710306974222 0.017308056023444068 -0.020945841466694294
leaf_weight=1.4044767646118987 0.97237585787661629 2.4503051587380495 17.438529719598591 2.6614851518534151 3.2928102894220519 3.4605619655922046 1.9226383685600015 2.1455055215628818 4.6805036473087949 2.2809936087578535 1.4437532875454051 0.79161975905299264 1.6078423932194708 1.21136760385707
leaf_count=37 193 75 128 24 30 27 34 125 31 12 88 2 7 44
internal_value=0.0022058 0.00343993 -0.00220551 0.0076074 0.00900741 0.00644643 -8.36011e-05 -0.00658233 0.0121298 0.00329625 -0.00639136 0.0174175 0.00545892 -0.00664889
internal_weight=47.7648 46.3603 19.8888 26.4715 25.4991 22.8376 11.0857 7.79289 11.7519 5.64739 3.36639 8.29133 3.61083 2.00299
internal_count=857 820 203 617 424 400 289 259 111 134 122 84 53 46
is_linear=0
shrinkage=0.03


Tree=212
num_leaves=15
num_cat=0
split_feature=0 4 0 7 8 8 6 7 5 3 8 0 7 7
split_gain=1.54251 2.88935 1.48659 1.08344 1.33187 1.27899 1.58149 1.44952 1.89325 1.47478 1.36567 0.859862 0.63704 0.543704
threshold=27.527083333333334 64.239746182935903 26.363333333333337 42.45000000000001 39.550000000000004 21.250000000000004 5.2500000000000009 22.250000000000004 605.90222167968761 3.4476772264594047 23.950000000000006 22.93458333333334 13.950000000000001 26.650000000000006
decision_type=2 2 2 2 2 2 2 2 2 2 2 2 2 2
left_child=2 -2 3 5 -5 13 -7 12 10 11 -9 -10 -8 -1
right_child=1 -3 -4 4 -6 6 7 8 9 -11 -12 -13 -14 -15
leaf_value=-0.0025374331376812839 0.0057710577976913171 -0.035165664091939733 0.010423694386856206 -0.025673923404034731 0.011278043446560269 0.012962802360556689 -0.011142824775705149 0.0045767328128508084 -0.023608877774979012 0.014802954644015298 -0.035107463765755138 0.004637811539550318 0.0042038221713586212 0.017072892527625557
leaf_weight=1.399707484873949 2.7141934968531123 2.0083470647223294 11.855336560402064 2.1221329525578763 0.56668681139126409 3.7855210364796248 2.1589047436136779 0.70424419431947027 1.5326182339340451 1.9681555330753324 3.0548985004425049 1.1199886240065096 9.6552362988004443 3.9313182190526277
leaf_count=82 20 39 84 147 3 36 97 17 50 7 112 9 129 47
internal_value=-7.45046e-05 -0.014741 0.00179829 -0.00161634 -0.0169399 0.000301878 -0.00276036 -0.00618034 -0.0149874 -0.00107151 -0.0282734 -0.0136779 0.000748673 0.0123365
internal_weight=48.5773 4.72254 43.8547 31.9994 2.68882 29.3106 23.9796 20.194 8.37991 4.62076 3.75914 2.65261 11.8141 5.33103
internal_count=879 59 820 736 150 586 457 421 195 66 129 59 226 129
is_linear=0
shrinkage=0.03


Tree=213
num_leaves=15
num_cat=0
split_feature=5 3 4 4 3 8 8 3 1 5 4 6 0 1
split_gain=2.16171 1.58581 3.41229 2.18042 1.43635 0.949768 0.906623 0.896903 2.79451 3.83322 1.03257 0.615711 1.39221 0.865422
threshold=6.7396569252014169 3.1894620129180069 68.952710263170417 88.28585784289217 3.1670099468621946 21.150000000000006 28.250000000000004 3.2208870241535634 14.910000000000004 500.79193115234381 76.539277900471575 7.2500000000000009 24.85916666666667 5.8300000000000036
decision_type=2 2 2 2 2 2 2 2 2 2 2 2 2 2
left_child=6 2 4 -4 5 -2 -1 -3 10 -10 -9 -7 13 -13
right_child=1 7 3 -5 -6 11 -8 8 9 -11 -12 12 -14 -15
leaf_value=-0.030100634577817809 -0.013864134352425735 0.017128560413354529 -0.026298146561270296 0.014562133473234963 -0.019148078062929716 0.013491596621924654 -0.0046211547968459865 0.018812451873203802 -0.033819521968607637 0.011156962358984248 0.00014703557811365068 -0.01048714238295762 -0.019730198667277512 0.019494606283912794
leaf_weight=1.5804623337462533 0.80375140043907123 6.1988001199206364 5.479964353144168 0.76247041299939144 1.0574681642465282 9.848765336791983 3.3292618242558092 6.6760297585278732 2.4939462512265882 2.6067531816661358 4.1122105377726257 0.5208876059623434 1.1126313961576668 1.7518610577099023
leaf_count=35 84 30 283 2 12 131 34 45 57 15 29 74 29 12
internal_value=0.000528836 0.00278601 -0.00298904 -0.0199858 0.0048447 0.0078052 -0.0165286 0.0082528 0.00398092 -0.0127728 0.0123137 0.0100028 -0.000908919 0.0115184
internal_weight=48.3353 43.4255 21.3378 6.24243 15.0954 14.0379 4.90972 22.0877 15.8889 5.1007 10.7882 13.2341 3.38538 2.27275
internal_count=872 803 627 285 342 330 69 176 146 72 74 246 115 86
is_linear=0
shrinkage=0.03


Tree=214
num_leaves=15
num_cat=0
split_feature=5 7 2 2 7 7 7 6 7 7 1 7 5 6
split_gain=2.24855 0.853318 1.71723 1.12477 1.01296 2.2622 1.32651 1.01189 0.92425 1.78616 1.49096 0.747413 0.724258 0.678171
threshold=2.8573021888732915 12.650000000000004 39.250000000000014 38.850000000000016 34.150000000000013 40.650000000000013 48.650000000000013 5.3500000000000014 26.550000000000004 21.950000000000006 11.920000000000007 23.750000000000004 250.51386260986331 7.3500000000000014
decision_type=2 2 2 2 2 2 2 2 2 2 2 2 2 2
left_child=-1 2 -2 4 7 -6 -7 -3 9 10 -9 -11 -12 -4
right_child=1 3 13 -5 5 6 -8 8 -10 11 12 -13 -14 -15
leaf_value=-0.026675468958494854 -0.02665879843322368 -0.0061616262221999528 0.012197075372060221 -0.015273757040263706 -0.027849338616540622 0.01289096374765843 -0.016141488905513486 0.016797378342042323 0.017222736859566361 -0.023442687543071977 -0.0071534887512081195 0.00020534317863298533 0.0098314002779722152 -0.0081346749935727308
leaf_weight=1.4922494064085174 1.6006747641367827 3.6923566854093215 2.3833856706041843 1.6041755424812425 1.5995184667408455 4.2309874584898353 1.0037482241168616 9.5458757623564541 8.3482348287943733 1.3305629352107637 4.813134614378213 2.4503597610164434 2.6992388921789825 1.711618559900671
leaf_count=36 89 60 12 18 67 56 108 146 95 33 38 56 22 43
internal_value=0.00113938 0.00255943 -0.00748566 0.0040883 0.00522634 -0.00476189 0.00562798 0.00738172 0.00924238 0.0054032 0.00952072 -0.0112794 -0.000612696 0.00377022
internal_weight=48.5061 47.0139 5.69568 41.3182 39.714 6.83425 5.23474 32.8798 29.1874 20.8392 17.0582 3.78092 7.51237 4.095
internal_count=879 843 144 699 681 231 164 450 390 295 206 89 60 55
is_linear=0
shrinkage=0.03


Tree=215
num_leaves=15
num_cat=0
split_feature=2 4 5 7 5 3 4 3 5 2 2 4 7 1
split_gain=1.29117 1.54797 1.49573 1.4806 1.20353 4.26604 2.04362 1.28899 0.840026 2.10595 1.26179 1.59742 1.04874 2.10991
threshold=30.460000000000001 88.28585784289217 979.66671752929699 15.750000000000002 352.02584838867193 3.5649924815729093 76.964587545673069 3.2508857458718872 145.02436065673831 36.090000000000003 35.710000000000001 73.271964336400472 20.050000000000004 11.370000000000003
decision_type=2 2 2 2 2 2 2 2 2 2 2 2 2 2
left_child=1 3 4 -1 6 -6 8 -8 9 12 11 -10 -2 -14
right_child=2 -3 -4 -5 5 -7 7 -9 10 -11 -12 -13 13 -15
leaf_value=0.010537840531042213 0.015183245361352524 0.013388731790599961 0.017070306660304096 -0.026876738526973896 -0.024481860707060932 0.021071188046587665 0.00079258774259928369 -0.027998652570779832 -0.023380602953467305 -0.012859954620473502 0.016604498502612426 0.010431494469947582 -0.022306362957364084 0.012344297336813637
leaf_weight=0.61434761318378051 5.9976070228731349 0.78514527715742577 3.2869754431303582 3.8692102381028235 5.288895786390639 1.7463185489177702 2.3847577043343327 2.212908879853785 1.1602064769249394 6.1437656721100202 7.4305184897966683 2.0859656985849142 1.7649506996385751 2.7266995487734675
leaf_count=11 45 3 59 328 126 4 22 51 42 58 66 18 32 20
internal_value=-0.00164484 -0.01435 0.000235582 -0.0207633 -0.00157716 -0.0119593 0.00100585 -0.0155912 0.00425205 -7.34205e-05 0.0104198 -0.00431346 0.00788335 -0.00285388
internal_weight=47.4983 5.2687 42.2296 4.48356 38.9426 7.03521 31.9074 4.59767 27.3097 16.633 10.6767 3.24617 10.4893 4.49165
internal_count=885 342 543 339 484 130 354 73 281 155 126 60 97 52
is_linear=0
shrinkage=0.03


Tree=216
num_leaves=15
num_cat=0
split_feature=8 6 0 2 2 2 2 7 8 2 6 5 2 5
split_gain=0.758722 2.11621 0.793719 1.15958 1.85509 1.08282 1.04096 1.89322 1.78374 1.68382 1.11576 1.42728 1.02387 1.94221
threshold=38.750000000000007 6.3500000000000014 12.106666666666671 26.630000000000006 30.460000000000001 31.170000000000005 35.370000000000012 17.350000000000005 30.250000000000004 32.290000000000013 5.5500000000000016 71.908641815185561 36.090000000000003 128.10610198974612
decision_type=2 2 2 2 2 2 2 2 2 2 2 2 2 2
left_child=2 -2 -1 -4 -5 -6 7 -7 10 -10 11 -9 -8 -14
right_child=1 -3 3 4 5 6 12 8 9 -11 -12 -13 13 -15
leaf_value=-0.015914060345516675 0.0085479683899931103 -0.029003991112116725 0.016504742694690797 -0.022430832292744108 0.014931734905872764 0.0089799279461765993 0.015451699341093042 0.018172338105024648 0.002332854643848433 -0.037984060917280883 -0.013499722648785205 -0.0096149291177489021 -0.014101371793479011 0.0093242982752067809
leaf_weight=1.0882430146448303 2.1055713170208032 1.5939262928441165 4.1426072739996007 1.7729903673753131 4.8144939525518557 5.736833046423274 5.5631241421215263 2.7453911015763861 1.169355126563459 2.1408978302497417 3.4759184520225972 2.1443075619172305 4.1016727532260102 7.4838826151099056
leaf_count=215 26 26 52 80 38 97 40 14 18 47 51 43 45 113
internal_value=0.001171 -0.0103602 0.00229004 0.00306177 0.00134895 0.00294872 0.000906508 -0.00414607 -0.0107951 -0.026505 -0.00241238 0.00642312 0.00598264 0.000569357
internal_weight=50.0792 3.6995 46.3797 45.2915 41.1489 39.3759 34.5614 17.4127 11.6759 3.31025 8.36562 4.8897 17.1487 11.5856
internal_count=905 52 853 638 586 506 468 270 173 65 108 57 198 158
is_linear=0
shrinkage=0.03


Tree=217
num_leaves=15
num_cat=0
split_feature=1 4 2 1 8 8 8 8 0 0 1 8 5 6
split_gain=2.01476 2.94364 2.75238 1.06647 1.33775 0.783521 0.69092 0.679104 1.80697 3.03403 0.657904 0.876329 0.568349 0.53336
threshold=9.9800000000000058 70.45438374450201 36.090000000000003 11.520000000000005 27.750000000000004 21.150000000000006 29.050000000000004 28.650000000000006 26.600416666666671 25.279583333333338 15.800000000000004 34.850000000000009 706.39361572265636 5.5500000000000016
decision_type=2 2 2 2 2 2 2 2 2 2 2 2 2 2
left_child=1 2 5 13 -5 -1 -7 -6 9 12 -10 -12 -9 -2
right_child=3 -3 -4 4 7 6 -8 8 10 -11 11 -13 -14 -15
leaf_value=-0.011863664982322773 0.018517143305041218 -0.029322777468006551 -0.026780423756575335 -0.013698529166031355 0.015874422230255966 0.016726319757516244 -0.0041785592755293364 -0.0061961344978719189 0.016381397880688917 -0.031310192195056541 -0.010381011827404465 0.0098331692757632917 0.0099627403300990135 0.004357080464174861
leaf_weight=0.61947701976168712 4.6302581257186812 3.4706638038624069 1.5371913852868599 3.7988783440087017 2.5166710340417948 5.1396218845620751 1.4041567100211976 2.4656110093928891 4.8577800588682276 2.3686660404782742 2.2499058630783111 3.8008934669196606 3.7402002019807696 5.5933608198538423
leaf_count=70 34 272 90 62 14 96 43 27 20 42 25 26 23 45
internal_value=0.000552401 -0.00953639 0.000565683 0.00412669 0.000738668 0.00899573 0.0122813 0.00371886 0.00145036 -0.00832647 0.00918912 0.00191052 0.00357378 0.0118486
internal_weight=48.1933 12.1711 8.70045 36.0222 25.7986 7.16326 6.54378 21.9997 19.4831 8.57448 10.9086 6.0508 6.20581 10.2236
internal_count=889 571 299 318 239 209 139 177 163 92 71 51 50 79
is_linear=0
shrinkage=0.03


Tree=218
num_leaves=15
num_cat=0
split_feature=4 4 2 2 5 8 0 7 8 0 4 2 4 0
split_gain=0.569686 1.11791 0.70449 1.93803 1.60671 1.7318 0.960776 0.816936 0.78001 0.676748 0.47291 0.466181 1.64668 0.688624
threshold=79.751922494143841 88.28585784289217 33.070000000000014 33.63000000000001 352.02584838867193 23.350000000000005 11.847500000000005 21.950000000000006 35.95000000000001 25.55125 68.742733740265848 35.070000000000007 63.178055318331765 27.17250000000001
decision_type=2 2 2 2 2 2 2 2 2 2 2 2 2 2
left_child=2 -2 6 -4 5 9 -1 10 11 -5 -6 -7 -13 -14
right_child=1 -3 3 4 7 8 -8 -9 -10 -11 -12 12 13 -15
leaf_value=-0.012575523414439644 -0.015292500248573386 0.015036275754293822 -0.020243299791434667 -0.022385387521666428 -0.024316521396322604 0.020516201751653692 0.012508269236352045 0.0024236714770995188 -0.00083159749145438825 0.0029412503036883009 0.00183301680228123 0.019888604795651084 -0.0095735522645130581 0.0073653504136150568
leaf_weight=0.70161809003912168 2.2429189013782884 0.72214818000793446 1.9126522201113427 1.1538046870846366 1.6895961570553475 6.1148931295611026 16.693729087593965 2.8360725902020931 3.8212353889830402 1.3330891390796749 0.63772872183471907 5.4728124504908902 3.3042379864491522 3.3536192709580064
leaf_count=147 104 1 50 27 90 38 236 19 31 15 9 43 33 17
internal_value=0.00536631 -0.00597661 0.00615809 0.00331416 0.00544003 0.00861731 0.0108679 -0.00861574 0.011339 -0.0118591 -0.0187537 0.0137988 0.00910801 -0.00119366
internal_weight=51.9902 2.96507 49.0251 31.6297 29.7171 24.5537 17.3953 5.1634 22.0668 2.48689 2.32732 18.2456 12.1307 6.65786
internal_count=860 105 755 372 322 204 383 118 162 42 99 131 93 50
is_linear=0
shrinkage=0.03


Tree=219
num_leaves=15
num_cat=0
split_feature=6 5 7 7 5 4 4 6 1 0 5 4 1 6
split_gain=1.82591 1.62569 1.89736 1.94149 3.56392 1.52824 2.98585 1.64074 2.22412 2.37727 1.23843 1.4646 1.20159 0.731566
threshold=5.3500000000000014 909.61682128906261 36.150000000000013 29.450000000000006 352.02584838867193 64.041897412055818 67.24843572139163 5.5500000000000016 3.460000000000004 25.725416666666675 204.7594909667969 76.209629725982495 13.010000000000007 6.3500000000000014
decision_type=2 2 2 2 2 2 2 2 2 2 2 2 2 2
left_child=10 2 3 4 5 -2 -7 -8 -9 13 11 -1 -11 -10
right_child=1 -3 -4 -5 -6 6 7 8 9 12 -12 -13 -14 -15
leaf_value=0.012034410416484283 0.01295097245899258 0.013478517695935284 -0.024661685728819917 0.016588558553386836 -0.026265399341434893 -0.029884251886918206 0.016887420641371793 0.01838814945123823 -0.03753866483592723 0.011395699518485245 -0.028564380432249327 -0.019711092089673945 -0.009996554624723198 -0.0053621518065955368
leaf_weight=2.0704947556369002 7.2013156807515832 7.6436607962241387 1.8149252209695976 4.9530169513309366 3.6772573115304104 2.0351084950380054 4.0411705626174834 2.4101475339848539 1.6341890045441672 3.6685060523450375 2.1960898149991408 1.2871521332999689 3.7885985653847456 1.3469264907762406
leaf_count=26 76 155 116 59 109 33 31 64 29 20 75 44 29 22
internal_value=-0.000378689 0.00177374 -0.000966279 0.000926176 -0.0021308 0.00210922 -0.00245929 0.00233106 -0.00313617 -0.00927916 -0.0151707 -0.00186584 0.000630405 -0.0279993
internal_weight=49.7686 44.2148 36.5712 34.7562 29.8032 26.126 18.9246 16.8895 12.8484 10.4382 5.55374 3.35765 7.4571 2.98112
internal_count=888 743 588 472 413 304 228 195 164 100 145 70 49 51
is_linear=0
shrinkage=0.03


Tree=220
num_leaves=15
num_cat=0
split_feature=1 1 2 8 5 5 8 7 7 7 4 2 3 7
split_gain=1.96009 1.39859 1.9824 1.35834 1.3177 1.3493 1.21667 1.06893 1.97691 1.17436 0.854126 0.678697 0.657831 0.689564
threshold=19.290000000000006 1.4700000000000033 32.290000000000013 37.050000000000004 525.17776489257824 159.07899475097659 31.850000000000005 14.050000000000002 20.350000000000005 30.250000000000004 59.046448644179698 35.280000000000008 2.9449759043833477 20.250000000000004
decision_type=2 2 2 2 2 2 2 2 2 2 2 2 2 2
left_child=1 -1 12 4 5 7 -6 -4 -9 -10 -7 -12 13 -3
right_child=-2 2 3 -5 6 10 -8 8 9 -11 11 -13 -14 -15
leaf_value=-0.018655315233995832 -0.022846513606760467 0.010477853289474761 -0.015517616032175127 -0.018156221047361143 -0.028367148049698459 -0.0061198387878130698 0.0049944268862134912 0.012132392668628963 -0.023362012138991521 0.0031680294216636954 0.0016250996603322744 0.020655079702826495 0.014960687208760808 -0.015825794334004682
leaf_weight=1.5476014876621764 1.7787650350946922 0.84970609331503399 2.7988397493027248 2.4280131990090004 1.3242047752719366 1.3873106935061503 1.2634912738576529 6.9352348446845991 2.1564894067123532 2.4658001745119691 2.4841969884000701 5.8058813188690692 13.136665066704152 0.78707489697262645
leaf_count=285 67 9 38 34 46 34 12 43 22 22 36 44 129 48
internal_value=0.00168032 0.00311386 0.00428169 -0.000355264 0.00186682 0.00424189 -0.015226 -0.00165649 0.00266862 -0.0111631 0.0123278 0.0157413 0.0128439 -0.00337568
internal_weight=47.1493 45.3705 43.8229 29.0495 26.6214 24.0338 2.5877 14.3564 11.5575 4.62229 9.67739 8.29008 14.7734 1.63678
internal_count=869 802 517 331 297 239 58 125 87 44 114 80 186 57
is_linear=0
shrinkage=0.03


Tree=221
num_leaves=15
num_cat=0
split_feature=3 8 8 8 0 2 3 0 2 4 4 8 5 8
split_gain=1.34419 2.79473 1.78344 1.66644 1.48761 1.62532 1.5374 1.42713 1.21831 1.44256 1.7871 1.81526 1.32949 1.22448
threshold=3.2491291463742917 30.250000000000004 29.450000000000006 26.650000000000006 12.202916666666672 38.530000000000015 3.2178519956479041 26.777916666666673 39.350000000000016 69.112491173187792 73.703634847150667 27.750000000000004 12.782201290130617 32.95000000000001
decision_type=2 2 2 2 2 2 2 2 2 2 2 2 2 2
left_child=3 2 -2 4 -1 6 -6 -3 9 -5 11 -11 -12 -14
right_child=1 7 -4 8 5 -7 -8 -9 -10 10 12 -13 13 -15
leaf_value=0.010835265239709728 -0.0062909130762713551 -0.035721340043005707 0.021470054289187468 0.016071792328783547 -0.024939000868283875 0.0076959463429849637 0.0092781229342209243 -0.0019896119845187405 -0.0093705571345427518 0.011812444966702803 -0.010963561633924054 -0.02541792594286655 -0.0042458690699433629 0.022420799460020274
leaf_weight=2.4381139759207135 5.6115491641685349 2.6734359266702086 2.0597111498937011 11.492760103894403 5.4193381001241487 2.0998446951853111 0.90057912468910206 1.8087660800665615 2.9084167224355033 1.0621165947522953 1.558304969454184 2.4968877750216052 1.7985529515426604 4.2743781540775672
leaf_count=147 79 43 9 123 216 31 3 20 34 9 24 65 55 39
internal_value=-0.000324589 -0.00856876 0.00277924 0.00257971 -0.00686033 -0.0125907 -0.0194617 -0.024955 0.00669229 0.00906057 0.00113208 -0.0141533 0.00907464 0.0150395
internal_weight=48.6028 12.1535 7.67126 36.4493 10.8579 8.41976 6.31992 4.4822 25.5914 22.683 11.1902 3.559 7.63124 6.07293
internal_count=897 151 88 746 397 250 219 63 349 315 192 74 118 94
is_linear=0
shrinkage=0.03


Tree=222
num_leaves=15
num_cat=0
split_feature=7 8 7 1 2 0 2 8 0 1 6 7 4 6
split_gain=0.940027 2.24727 1.69878 2.36116 2.22263 1.2205 0.924245 1.28731 0.881235 1.69093 1.12781 1.37773 0.767753 0.724697
threshold=34.150000000000013 34.750000000000007 26.550000000000004 11.590000000000005 33.990000000000009 16.550000000000008 32.010000000000012 21.150000000000006 27.402916666666673 17.870000000000008 6.4500000000000011 16.950000000000006 60.396975986830363 5.1500000000000012
decision_type=2 2 2 2 2 2 2 2 2 2 2 2 2 2
left_child=2 13 3 5 -5 -1 7 -4 10 -10 11 -6 -7 -2
right_child=1 -3 6 4 8 12 -8 -9 9 -11 -12 -13 -14 -15
leaf_value=-0.015714132000396713 0.0011131098976975772 0.0098494090050550587 0.015876037621402168 -0.030939008216822637 0.021795560403968368 -0.005430111944795998 0.018337166473738085 -0.013726930480990078 -0.028616915291503443 0.0048255868539216901 -0.011404227301315208 -0.0044409681501104779 0.012262842903642308 -0.028156075347308525
leaf_weight=1.0010395691497311 0.87490938720293288 2.7805518759414554 1.4319668727694064 2.2666540935169897 2.826793489046393 2.0267752123763776 7.381031658500433 1.8972001725342122 1.7566052526235574 2.2062013894319534 2.4059207439422607 2.8726408928632736 13.034138388698919 2.5540129470755346
leaf_count=137 37 31 23 37 17 86 37 71 20 23 24 26 134 164
internal_value=0.00163268 -0.00842556 0.00331605 -0.000410734 -0.00894134 0.00728042 0.0130249 -0.000267873 -0.00275837 -0.0127778 0.00300559 0.00988275 0.00969202 -0.0221228
internal_weight=47.3164 6.20947 41.107 30.3968 14.3348 16.062 10.7102 3.32917 12.0682 3.96281 8.10536 5.69943 15.0609 3.42892
internal_count=867 232 635 504 147 357 131 94 110 43 67 43 220 201
is_linear=0
shrinkage=0.03


Tree=223
num_leaves=15
num_cat=0
split_feature=1 1 0 1 8 8 3 7 3 3 8 0 3 3
split_gain=1.24485 0.843746 1.38999 1.22833 1.50725 1.19877 1.10787 1.24729 1.08938 1.49245 1.08386 0.999395 1.48524 0.838089
threshold=1.4700000000000033 3.2300000000000062 22.803750000000004 11.590000000000005 27.750000000000004 28.650000000000006 3.3620675849241048 26.550000000000004 3.0872019983601215 3.0813554397222487 25.750000000000004 26.600416666666671 3.1894620129180069 3.4209294047232266
decision_type=2 2 2 2 2 2 2 2 2 2 2 2 2 2
left_child=-1 -2 8 -4 13 -6 7 11 9 -3 -10 -7 -13 -5
right_child=1 2 3 4 5 6 -8 -9 10 -11 -12 12 -14 -15
leaf_value=-0.018533287947122685 0.015644183866020775 -0.011191979113449749 0.01150738850228282 -0.024124626247231051 0.02008072383023184 -0.01360316624210057 -0.012684699718940285 0.015402971036170264 0.00094082979546834691 0.02051862514266925 -0.027506912024835312 -0.0084839869438009842 0.015986707357626022 0.0028379497283215292
leaf_weight=1.5257419672561798 3.4140418028691775 2.0961050578625868 12.547419772017745 2.1527294584084333 2.3080035606399205 3.2301486637443322 3.5225480075459918 4.7059834189712992 1.7501014277804641 1.3744116425514219 2.4643613370135427 3.4505729442462325 3.5981150306761265 1.2610831113997845
leaf_count=284 75 91 114 46 13 40 38 35 20 2 56 27 14 21
internal_value=0.00208357 0.00310636 0.00182068 0.00427274 0.000218563 0.00344508 0.000447453 0.00413491 -0.00905453 0.00314687 -0.0177787 -0.00193223 0.00444173 -0.0157781
internal_weight=49.4014 47.8756 44.4616 36.7766 24.2292 20.8154 18.5074 14.9848 7.68498 3.47052 4.21446 10.2788 7.04869 3.41381
internal_count=876 592 517 348 234 167 154 116 169 93 76 81 41 67
is_linear=0
shrinkage=0.03


Tree=224
num_leaves=15
num_cat=0
split_feature=7 0 1 6 6 4 0 0 4 0 4 8 8 3
split_gain=1.40982 1.92525 2.03608 1.77711 1.12104 1.62811 1.24265 1.30041 1.10452 1.36863 1.00236 0.950519 0.664576 0.552343
threshold=15.850000000000003 28.044166666666673 14.080000000000004 6.3500000000000014 5.4500000000000011 79.348307186312283 22.803750000000004 25.55125 77.077790489491164 27.143333333333342 80.571415799353517 35.150000000000013 30.250000000000004 2.4448084222322017
decision_type=2 2 2 2 2 2 2 2 2 2 2 2 2 2
left_child=1 2 3 -1 6 11 -2 -8 9 13 -7 -6 -9 -5
right_child=4 -3 -4 8 5 10 7 12 -10 -11 -12 -13 -14 -15
leaf_value=0.013009939116560974 -0.021774756171700216 0.014148049721687249 -0.038636134466885963 0.00048075854371262188 0.012533774883571358 -0.025362101445279193 0.0093673799946457324 0.0012631563210679416 0.010974098638911699 0.0066737029697267131 0.0033581798652876074 -0.0044808720937573494 -0.02651528072928911 -0.028470003146604202
leaf_weight=2.4276012238115054 1.6878400110872442 2.1980633847415438 1.2065479671582569 0.64356555091217149 20.15236239833758 1.0778288099681952 5.3367723235860467 1.2307573049329219 0.74233378516510118 1.157112782821059 1.8842448505456557 2.9181633521802715 0.76048589195124794 3.58234711678233
leaf_count=34 92 10 18 50 368 29 34 34 5 9 42 39 23 103
internal_value=0.00145719 -0.00706661 -0.0127155 -0.00539727 0.00448063 0.00756678 -0.0042962 0.00186082 -0.0134945 -0.0180594 -0.010856 0.0102849 -0.0146635 -0.0248128
internal_weight=47.006 11.9576 9.75951 8.55296 35.0485 26.0326 9.01586 7.32802 6.12536 5.38303 2.96207 23.0705 1.99124 4.22591
internal_count=890 229 219 201 661 478 183 91 167 162 71 407 57 153
is_linear=0
shrinkage=0.03


Tree=225
num_leaves=15
num_cat=0
split_feature=5 5 5 3 8 8 3 4 3 2 4 3 3 8
split_gain=1.30471 0.841833 2.01264 2.31404 1.76665 2.41643 1.72958 3.12441 1.37615 1.12883 1.08522 1.0044 0.704533 0.624063
threshold=2.2758069038391118 256.05905151367193 909.61682128906261 3.5931529555168709 53.850000000000009 27.250000000000004 3.2390340526490213 71.245642881350577 3.1763535302847541 33.910000000000011 77.906232716274019 3.212059671323813 3.26719513714287 29.050000000000004
decision_type=2 2 2 2 2 2 2 2 2 2 2 2 2 2
left_child=-1 6 3 4 5 8 7 13 -3 -9 -8 -4 -12 -2
right_child=1 2 11 -5 -6 -7 10 9 -10 -11 12 -13 -14 -15
leaf_value=-0.021358816568231253 0.012860102262783422 -0.017713880591870249 0.012405573679510427 0.015900388710176225 0.014286015493438286 -0.032368324638366197 0.019793407828948482 -0.028390226925810624 0.014712980497188385 -0.0033832915877663079 0.012542336274592643 -0.01139221342567919 -0.011212613343873135 -0.00075820782189167386
leaf_weight=1.2798917258623976 7.6228984508197808 1.0668845638865625 6.5200964484829447 1.5013054609298695 0.72569197136908759 5.0287061753915623 7.3168182317167503 2.6168657233356489 1.7423789027379823 3.5154052479192615 0.93181174248456988 1.18633361835964 1.7087412932887671 4.5041157559026033
leaf_count=39 97 96 151 4 3 138 51 160 10 29 3 17 43 48
internal_value=0.000827528 0.00188641 -0.00312146 -0.0114757 -0.0174358 -0.0216569 0.00503935 -0.000583743 0.000980773 -0.016539 0.0144629 0.00785442 -0.00168728 0.00812965
internal_weight=47.2679 45.9881 17.7714 10.065 8.56366 7.83797 28.2167 18.2593 2.80926 6.13227 9.95737 7.70643 2.64055 12.127
internal_count=889 850 419 251 247 244 431 334 106 189 97 168 46 145
is_linear=0
shrinkage=0.03


Tree=226
num_leaves=15
num_cat=0
split_feature=2 7 2 5 6 2 2 5 2 8 5 7 8 8
split_gain=2.56809 1.6376 1.4628 2.19537 1.10905 0.959675 2.04032 1.3327 2.30555 1.26236 0.944497 0.815721 0.775473 0.635299
threshold=39.350000000000016 42.45000000000001 33.110000000000014 6.7396569252014169 6.4500000000000011 38.530000000000015 36.810000000000009 208.27097320556643 35.210000000000015 29.950000000000006 1597.0859985351565 19.550000000000004 27.150000000000006 24.950000000000006
decision_type=2 2 2 2 2 2 2 2 2 2 2 2 2 2
left_child=1 2 4 -4 -1 6 7 9 12 13 -3 -6 -9 -5
right_child=-2 10 3 5 11 -7 -8 8 -10 -11 -12 -13 -14 -15
leaf_value=0.014582087745344032 -0.02531155173065551 -0.024566984335522141 -0.025510358318034426 0.00096252729313690464 0.0088780698629024896 0.015232795842039093 -0.018133477468700712 -0.00036031300392062036 0.010894123645199177 -0.0024266648777386216 0.0050055249005584394 -0.01810182601102062 -0.031814957428109247 0.02314876570320408
leaf_weight=14.198742890148425 2.0141232878668225 1.8588826777995557 1.6826426591724182 1.5759948584018326 1.0913020273437717 3.7174703087657681 3.3666110837366423 1.0072763758944341 2.7949150528293103 3.7636488792486489 1.034094418864697 1.0979152834624981 1.5492494180798528 4.6346458417829126
leaf_count=204 56 146 18 36 43 20 60 33 38 30 33 91 38 32
internal_value=0.00153033 0.00331912 0.00499833 0.000203758 0.0116299 0.00314176 8.57035e-05 0.0049535 -0.00637418 0.0110581 -0.0154258 -0.00608594 -0.0230077 0.0184331
internal_weight=45.3875 43.3734 40.4804 24.0925 16.388 22.4098 18.6923 15.3257 5.35144 9.97429 2.89298 2.18922 2.55653 6.21064
internal_count=878 822 643 305 338 287 267 207 109 98 179 134 71 68
is_linear=0
shrinkage=0.03


Tree=227
num_leaves=15
num_cat=0
split_feature=0 1 1 5 0 8 7 1 1 8 6 1 3 8
split_gain=2.11605 1.17677 0.821697 2.09808 1.69704 1.32391 1.21391 1.14444 1.01819 0.768259 0.683162 0.88681 0.656601 0.473064
threshold=27.23833333333334 1.4700000000000033 14.910000000000004 706.39361572265636 26.363333333333337 27.250000000000004 12.450000000000001 11.390000000000006 12.710000000000006 29.050000000000004 5.3500000000000014 10.620000000000003 3.2508857458718872 34.250000000000007
decision_type=2 2 2 2 2 2 2 2 2 2 2 2 2 2
left_child=1 -1 4 5 6 -4 -3 10 9 -9 11 -8 -10 -12
right_child=-2 2 3 -5 -6 -7 7 8 12 -11 13 -13 -14 -15
leaf_value=-0.018346739877588465 -0.017991859735729979 -0.018935662506239206 0.0045969607423482486 0.012245416091024796 0.017073114999811415 -0.031316746200703793 -0.019208880521632828 -0.00040144784367709735 0.013005589669819266 -0.025542512466922102 0.005493607049181037 0.0082517719032909262 -0.0060486721591617304 0.017685348334058184
leaf_weight=1.4904288641992014 4.5560469659976652 1.5043033674592177 1.0119192413985723 2.1367804892361164 6.7169015323743215 1.9529942939989267 1.0455162213184004 1.8347098752856239 2.1457299683243036 1.833356346003711 11.026501813787034 1.3499453747645018 2.4981831051409245 3.8209981662221244
leaf_count=292 69 63 20 11 35 52 39 19 25 23 188 12 16 27
internal_value=-0.000619922 0.00172824 0.00293861 -0.00734522 0.00465847 -0.0209915 0.00107815 0.00292498 -0.00577281 -0.0157472 0.00720437 -0.00586102 0.00349983 0.00954913
internal_weight=44.9243 40.3683 38.8778 5.10169 33.7761 2.96491 27.0592 25.5549 8.31198 3.66807 17.243 2.39546 4.64391 14.8475
internal_count=891 822 530 83 447 72 412 349 83 42 266 51 41 215
is_linear=0
shrinkage=0.03


Tree=228
num_leaves=15
num_cat=0
split_feature=7 8 7 8 4 0 1 8 3 7 8 5 0 0
split_gain=0.882105 2.08848 1.91505 1.80205 1.50101 1.34911 1.11196 2.21259 0.910838 0.603654 0.580423 1.48601 1.09022 1.3141
threshold=36.150000000000013 34.750000000000007 26.550000000000004 24.950000000000006 76.964587545673069 27.17250000000001 11.370000000000003 26.550000000000004 3.2727737905361018 28.650000000000006 29.150000000000006 12.782201290130617 27.23833333333334 24.721250000000001
decision_type=2 2 2 2 2 2 2 2 2 2 2 2 2 2
left_child=2 5 3 8 10 -2 7 9 -1 -4 -5 -12 13 -13
right_child=1 -3 6 4 -6 -7 -8 -9 -10 -11 11 12 -14 -15
leaf_value=-0.0209850241888777 -0.028618083711407945 0.0099621308103125025 0.021563664065767135 0.010952061492382969 -0.013369868493474357 0.00978968557859221 0.020995384137087618 -0.022466606301418647 0.0083934507419516722 -0.0018185901829902435 -0.021204071478979895 0.0074834318254325986 0.01533449268529234 -0.014483810143836822
leaf_weight=3.7733729986939606 2.6857893188134763 2.6370995475444943 2.0076254326850163 9.6215849963482523 3.4313947989139697 0.5215934864245354 6.4725861574988812 1.269833149272017 0.60861526150256384 1.2675581867806611 1.248180154711007 4.9975629308028129 4.5997850485146037 3.1595526644960046
leaf_count=165 189 33 19 132 39 5 35 58 12 39 12 88 24 41
internal_value=0.00214035 -0.00794086 0.00367887 -0.000208106 0.00284826 -0.0215298 0.0138652 0.00175585 -0.0161033 0.0142056 0.00565094 0.00152185 0.00512514 -0.0016778
internal_weight=48.3021 5.84448 42.4577 31.44 27.0581 3.20738 11.0176 4.54502 4.38199 3.27518 23.6267 14.0051 12.7569 8.15712
internal_count=891 227 664 513 336 194 151 116 177 58 297 165 153 129
is_linear=0
shrinkage=0.03


Tree=229
num_leaves=15
num_cat=0
split_feature=1 1 4 4 1 8 2 0 8 8 1 4 4 8
split_gain=1.45004 1.35226 1.41822 1.58296 1.60712 1.73477 0.776288 0.700422 0.799256 0.578463 0.557952 0.978191 1.27404 0.583928
threshold=19.290000000000006 17.400000000000006 79.751922494143841 75.492932979406447 11.520000000000005 29.550000000000004 32.630000000000003 20.900833333333342 19.350000000000005 3.1000000000000005 11.370000000000003 70.45438374450201 74.242404663355799 21.150000000000006
decision_type=2 2 2 2 2 2 2 2 2 2 2 2 2 2
left_child=1 2 3 4 9 -6 7 8 -5 -1 11 13 -13 -11
right_child=-2 -3 -4 6 5 -7 -8 -9 -10 10 -12 12 -14 -15
leaf_value=-0.017317963736299253 -0.02193029298537829 0.014784182620330884 -0.02262923409084544 0.013839184399389562 -0.032615002901554675 -0.0035672557221945391 0.0014172841448808883 0.022262444888996275 -0.014661528273233361 -0.012745865107373923 0.015542037056416762 -0.022801960264231383 0.0076797213199549762 0.0062488260411801754
leaf_weight=0.41379919648171082 1.6284095242153842 4.6054615313187233 1.5446779393823806 0.77113746397662708 2.0459524053148916 5.4598283073864877 6.0780589655041695 3.8444626126438379 0.77227922761812806 0.69776905444451287 1.5930331097915758 2.111040056799538 1.3965707943425512 12.394302244065328
leaf_count=4 66 25 88 16 37 55 39 15 73 78 9 92 31 244
internal_value=-0.000280221 0.000998284 -0.000952586 0.00050193 -0.00357935 -0.0143888 0.00933808 0.0166528 -0.00057923 0.00129259 0.00259616 0.000541278 -0.0116542 0.00440383
internal_weight=45.3568 43.7284 39.1229 37.5782 26.1123 7.50578 11.4659 5.38788 1.54342 18.6065 18.1927 16.5997 3.50761 13.0921
internal_count=872 806 781 693 550 92 143 104 89 458 454 445 123 322
is_linear=0
shrinkage=0.03


Tree=230
num_leaves=15
num_cat=0
split_feature=1 5 5 5 4 8 4 4 6 6 4 7 5 7
split_gain=0.813012 1.48072 1.59573 1.48132 1.35194 1.65106 0.63803 0.723357 1.91018 1.67574 1.58978 2.37226 0.964265 0.761839
threshold=13.730000000000006 12.782201290130617 18.491278648376468 203.38523101806643 75.713853294766523 35.70000000000001 45.5441333723385 77.736845075193898 5.1500000000000012 5.3500000000000014 88.28585784289217 16.250000000000004 128.10610198974612 14.450000000000001
decision_type=2 2 2 2 2 2 2 2 2 2 2 2 2 2
left_child=6 -2 -3 -4 5 -5 -1 9 -9 12 11 -10 -8 -11
right_child=1 2 3 4 -6 -7 7 8 10 13 -12 -13 -14 -15
leaf_value=-0.013249382376584023 -0.026255703756576154 0.02010320109944479 -0.019627940762200924 -0.019301722766371005 0.017332964780320835 0.0096216158528768334 0.005009526873804202 0.017150562591543919 0.011890586015391339 -2.7720683951525487e-05 0.013398246845598163 -0.036235361271531055 -0.023776965923477538 0.01287802787388131
leaf_weight=0.71671515924390305 1.163466888014226 1.9837878476828326 2.8972481808159483 2.6973282443359494 2.5360360890626907 2.555983753874898 1.3845734540373116 1.6215734393335868 0.74590781831648278 5.136125537450428 0.68762865848839272 2.0879149689571932 1.323828676366247 19.651667164289393
leaf_count=75 26 5 67 33 23 14 16 22 6 98 2 103 43 353
internal_value=0.00263531 -0.00331506 0.000558011 -0.00447996 0.00274645 -0.00594093 0.00512779 0.0059132 -0.0038351 0.00780717 -0.0151546 -0.0237705 -0.0116783 0.0103065
internal_weight=47.1898 13.8339 12.6704 10.6866 7.78935 5.25331 33.3559 32.6392 5.14302 27.4962 3.52145 2.83382 2.7084 24.7878
internal_count=886 168 142 137 70 47 718 643 133 510 111 109 59 451
is_linear=0
shrinkage=0.03


Tree=231
num_leaves=15
num_cat=0
split_feature=8 5 0 0 0 7 8 5 5 3 7 0 1 0
split_gain=0.969531 1.51179 1.19554 1.72428 1.41529 1.55444 2.29047 1.89343 1.28699 1.20477 1.19138 1.25013 0.908889 0.723955
threshold=32.95000000000001 12.782201290130617 27.402916666666673 26.945833333333344 26.639166666666672 36.150000000000013 30.250000000000004 591.72079467773449 203.38523101806643 3.5931529555168709 20.450000000000006 25.331666666666667 10.620000000000003 18.435416666666672
decision_type=2 2 2 2 2 2 2 2 2 2 2 2 2 2
left_child=2 -2 3 4 5 6 8 -8 12 -7 11 -10 13 -1
right_child=1 -3 -4 -5 -6 9 7 -9 10 -11 -12 -13 -14 -15
leaf_value=0.01192999412022494 -0.011288434997290731 0.011747713607260457 -0.018685638613343183 0.019320673745077351 -0.025496338474963593 -0.02585325528654343 -0.031054675919254156 0.0050515382913390436 -0.028003650296200687 0.010712941438856087 0.0063410780502061951 0.0059938655129909207 0.019743165114198765 -0.007486310900736262
leaf_weight=2.5110588091775039 2.2592925648205009 14.107314280292483 2.0216566543094805 3.0613754519727072 1.0676124012097705 2.132373516913503 1.9164627054706209 1.9329548174282534 1.4555820688838133 0.4738960564136504 4.8862474669003859 1.1246125693432985 6.6794270128011703 2.4670101529918611
leaf_count=83 26 158 36 18 21 179 47 22 118 1 86 18 39 48
internal_value=0.00240078 0.00810084 -0.000697008 0.00109573 -0.00162114 0.000297083 0.00304875 -0.0156212 0.00739629 -0.0180775 -0.00220937 -0.0156502 0.0132371 0.00266504
internal_weight=48.0969 16.3666 31.7303 29.7086 26.6472 25.5796 22.9734 3.84942 19.1239 2.60627 7.46644 2.58019 11.6575 4.97807
internal_count=900 184 716 680 662 641 461 69 392 180 222 136 170 131
is_linear=0
shrinkage=0.03


Tree=232
num_leaves=15
num_cat=0
split_feature=8 8 1 4 8 2 8 6 1 4 3 2 3 0
split_gain=1.15556 1.19937 1.29116 1.29585 0.913356 1.07923 0.832058 1.90995 2.0395 1.23209 1.17894 1.57851 1.07967 1.70804
threshold=41.650000000000013 32.95000000000001 17.080000000000009 64.041897412055818 36.95000000000001 32.080000000000005 30.250000000000004 5.1500000000000012 14.650000000000002 79.348307186312283 3.2016181948837201 31.090000000000003 2.7024476192268243 23.554166666666671
decision_type=2 2 2 2 2 2 2 2 2 2 2 2 2 2
left_child=1 2 6 -4 -3 -6 9 -8 -9 10 11 -1 -13 -14
right_child=-2 4 3 -5 5 -7 7 8 -10 -11 -12 12 13 -15
leaf_value=-0.020708660835042705 -0.020457271785619291 0.013312615401102752 0.0088598155659153077 -0.028970223635055158 0.012244112645553119 -0.014768356605334388 0.016410636817480555 -0.027893562028402888 0.011076919086959182 -0.016088275963060214 0.013231487619605735 0.015863419979922449 -0.023125458189348434 0.0052129511085257495
leaf_weight=1.7960465091164355 1.1090122242458154 10.601907822070642 0.63105727732181494 1.6286515297833828 1.412853230023756 2.0358610693365335 1.1826493153348554 3.1173972365213558 1.0782309295609591 1.6952009577071283 9.0241603786125761 3.5862176982918745 1.5613188936840723 6.6546905287541449
leaf_count=207 28 106 4 56 17 28 5 70 6 73 58 89 72 75
internal_value=0.00131144 0.00226023 -0.000998785 -0.0189286 0.00924615 -0.00343727 0.000937785 -0.00878134 -0.0176742 0.00334929 0.00542523 -0.000306709 0.0041731 -0.00209724
internal_weight=47.1153 46.0062 31.9556 2.25971 14.0506 3.44871 29.6959 5.37828 4.19563 24.3176 22.6224 13.5983 11.8022 8.21601
internal_count=894 866 715 60 151 45 655 81 76 574 501 443 236 147
is_linear=0
shrinkage=0.03


Tree=233
num_leaves=15
num_cat=0
split_feature=1 0 3 4 7 0 6 3 7 6 3 6 2 7
split_gain=1.16747 3.51328 1.28645 1.77825 1.25393 1.39835 0.908127 0.85421 0.704959 0.691415 0.698304 0.683611 0.651366 0.580664
threshold=12.440000000000007 26.945833333333344 3.2727737905361018 71.204038961733403 35.650000000000013 25.917916666666674 6.7500000000000009 3.1670099468621946 19.150000000000006 5.5500000000000016 3.0602141814436252 5.6500000000000012 31.710000000000004 16.250000000000004
decision_type=2 2 2 2 2 2 2 2 2 2 2 2 2 2
left_child=2 8 3 6 5 -5 9 11 -2 10 -1 -6 -10 -8
right_child=1 -3 -4 4 7 -7 13 -9 12 -11 -12 -13 -14 -15
leaf_value=0.010789351831364494 -0.0064431637884680652 0.0051473912387192504 0.015016142740280026 -0.027611857145653746 0.019455189615000004 0.0070506731977731992 -0.0080015365741804741 -0.01445447383505157 -0.0072036688748150007 0.015912337739879226 -0.015499351502143219 -0.0090353237536900475 -0.036735981672582782 0.0070504908104893488
leaf_weight=0.81470913393423472 2.7615477703511742 10.124682573368771 5.9659853304037815 3.2990755877108304 1.6074261916801336 0.92622715234756459 4.4625944616273037 0.63466593332123 1.5921985115855934 6.6466485644923523 0.87651303189340979 0.39187928510364134 2.2854371306020766 3.0309791314648464
leaf_count=13 41 87 48 142 35 6 155 21 25 93 34 72 44 75
internal_value=9.78755e-05 -0.00598632 0.00373891 0.000265145 -0.0115279 -0.0201183 0.00575602 0.00399663 -0.0214163 0.0120125 -0.00353193 0.0127202 -0.0285727 -0.00180004
internal_weight=45.4206 16.7639 28.6567 22.6907 6.85927 4.2253 15.8314 2.63397 6.63918 8.33787 1.69122 1.99931 3.87764 7.49357
internal_count=891 197 694 646 276 148 370 128 110 140 47 107 69 230
is_linear=0
shrinkage=0.03


Tree=234
num_leaves=15
num_cat=0
split_feature=3 3 2 1 3 5 0 2 2 0 8 6 5 1
split_gain=1.3334 1.82792 2.00741 1.27165 1.14446 2.58923 0.91005 1.04267 0.953307 1.91617 2.38099 0.752007 0.646147 0.498731
threshold=3.057091469495167 2.7024476192268243 41.650000000000013 15.610000000000005 3.2208870241535634 500.79193115234381 26.363333333333337 32.420000000000009 34.150000000000006 25.488750000000003 16.050000000000004 7.6500000000000012 320.95518493652349 10.340000000000002
decision_type=2 2 2 2 2 2 2 2 2 2 2 2 2 2
left_child=1 11 -3 6 -5 -6 7 12 9 10 -9 -1 -2 -10
right_child=3 2 -4 4 5 -7 -8 8 13 -11 -12 -13 -14 -15
leaf_value=0.011093184191351151 -0.00015753860843341637 -0.026043278248856608 0.013672233464246938 0.0052201465327267292 -0.030816011793848366 0.01149559646489387 0.017319812943972026 0.0076185996791019893 -0.0024636282377397574 0.011491768089326667 -0.034689174364475363 -0.012634924264797892 0.016584131075639188 0.012570907792650245
leaf_weight=4.0707663786597532 2.8321740901446955 3.9439995202119462 0.80522720143198956 4.6838820669800025 2.2139276545494799 1.4947652956470845 6.9530052728950968 1.4184783156961187 2.9657137952744961 1.9201155565679071 2.2359298272058368 0.67406606802251179 6.5718292555538937 3.6811443101614714
leaf_count=67 45 379 2 32 57 11 28 11 25 12 40 86 64 24
internal_value=0.00298856 -0.00657298 -0.0181027 0.00555238 -0.00433224 -0.0149429 0.00850351 0.00502867 -0.000846571 -0.00916706 -0.0201586 0.00610971 0.0120116 0.00641782
internal_weight=46.465 9.49406 4.74923 36.971 8.39258 3.70869 28.5784 21.6254 12.2214 5.57452 3.65441 4.74483 9.404 6.64686
internal_count=883 534 381 349 100 68 249 221 112 63 51 153 109 49
is_linear=0
shrinkage=0.03


Tree=235
num_leaves=15
num_cat=0
split_feature=2 2 2 3 2 5 5 3 3 5 8 2 8 5
split_gain=1.04258 0.959043 1.31671 0.912963 0.833592 1.67149 1.3546 1.20141 1.58604 0.915833 1.49684 0.896256 0.863096 0.791079
threshold=39.600000000000016 30.540000000000003 26.630000000000006 3.0813554397222487 33.010000000000012 396.98562622070318 979.66671752929699 3.333697093510787 3.1816206352315439 346.58076477050787 29.150000000000006 34.970000000000006 27.850000000000005 706.39361572265636
decision_type=2 2 2 2 2 2 2 2 2 2 2 2 2 2
left_child=1 2 3 -1 13 7 -7 8 9 10 12 -9 -6 -3
right_child=-2 4 -4 -5 5 6 -8 11 -10 -11 -12 -13 -14 -15
leaf_value=-0.014153460041171672 -0.01513251249630807 0.0030206714494132696 -0.023127842776265783 0.012332388895958493 -0.0051326253519172029 -0.02676234457871848 0.0069633352968624844 0.003137743240250537 0.014290358642569754 0.015107559934109723 -0.020298382150591199 -0.023388881467893037 0.016945413828932897 0.018937240866059298
leaf_weight=0.85179760283790473 2.5775006496114647 7.2437344471691159 2.1147364089265466 2.2920577900949866 3.2396913376869723 2.2567785409046333 1.0863938463153315 1.80341918405611 9.8140544416382891 1.2010280648246405 2.9901719193439931 1.3946998431347308 1.6212652935646472 4.1407672094646841
leaf_count=186 55 105 121 37 63 57 42 36 51 10 61 15 12 34
internal_value=0.000440042 0.0017239 -0.00921094 0.00347251 0.00348916 0.000363867 -0.016723 0.00356566 0.00651622 -0.0024954 -0.00659084 -0.0112462 0.00386587 0.0098715
internal_weight=44.6281 42.0506 5.25859 3.14386 36.792 25.4075 3.34317 22.0643 18.8662 9.05216 7.85113 3.19812 4.86096 11.3845
internal_count=885 830 344 223 486 347 99 248 197 146 136 51 75 139
is_linear=0
shrinkage=0.03


Tree=236
num_leaves=15
num_cat=0
split_feature=8 4 4 7 1 4 4 5 5 1 4 2 7 4
split_gain=1.54496 1.48009 2.61975 0.938143 1.21906 1.02759 0.631374 1.68466 1.41546 1.57899 1.19856 0.95968 1.0174 0.929228
threshold=39.750000000000007 64.801358147137861 67.555038597675278 11.650000000000004 9.7300000000000058 60.396975986830363 76.964587545673069 706.39361572265636 334.45248413085943 18.95000000000001 73.271964336400472 35.650000000000013 16.250000000000004 71.204038961733403
decision_type=2 2 2 2 2 2 2 2 2 2 2 2 2 2
left_child=1 3 -3 4 5 -1 8 11 10 -10 13 12 -8 -4
right_child=-2 2 6 -5 -6 -7 7 -9 9 -11 -12 -13 -14 -15
leaf_value=-0.012364152083508341 -0.023461096365597709 -0.02959151922121853 0.0061570772011658248 0.014754329386080903 -0.021079911521623883 0.019386725067763261 0.0040231477634268551 0.0091302755592328894 -0.020496296055787858 0.013999709949177749 0.012254784748672641 0.0050157333406346018 -0.027693676717983947 -0.01447861710592715
leaf_weight=0.61857698683161189 1.5716079508420069 1.991293874336409 3.3645666140364581 7.6066566060762852 1.0145319104194639 1.4755870494991539 0.86383480834774484 3.1340685255709104 3.0924569448106918 0.87956128269433964 10.644955623429267 1.174799937289208 3.2691729043144733 2.6661712104687467
leaf_count=69 40 60 53 153 16 13 8 26 100 5 121 6 174 46
internal_value=-0.000890171 0.000486906 -0.00285724 0.00960283 -0.00352544 0.00904322 -0.000104548 -0.00657467 0.00272229 -0.0115782 0.00659088 -0.0158252 -0.0215723 -0.00372765
internal_weight=43.3678 41.7962 31.0809 10.7154 3.1087 2.09416 29.0896 8.44188 20.6477 3.97202 16.6757 5.30781 4.13301 6.03074
internal_count=890 850 599 251 98 82 539 214 325 105 220 188 182 99
is_linear=0
shrinkage=0.03


Tree=237
num_leaves=15
num_cat=0
split_feature=2 3 3 4 8 8 7 7 2 2 7 4 3 3
split_gain=0.813454 1.09781 1.07215 1.20333 0.903986 1.91063 0.801619 0.748966 0.585362 1.37216 0.788243 0.768122 1.45258 0.743335
threshold=33.810000000000009 3.3384186381835619 3.0714946912363077 59.855759886877358 35.250000000000007 31.650000000000006 15.650000000000004 12.450000000000001 30.460000000000001 26.630000000000006 20.550000000000004 73.421663090587387 3.065803698140932 2.9449759043833477
decision_type=2 2 2 2 2 2 2 2 2 2 2 2 2 2
left_child=8 2 3 7 5 6 -4 -2 9 13 -11 12 -10 -1
right_child=1 -3 4 -5 -6 -7 -8 -9 11 10 -12 -13 -14 -15
leaf_value=-0.011130788259057495 -0.013363580767531864 -0.015458813720570215 -0.010968173679081384 -0.023180661603592289 -0.0062520663301809942 0.021785407960968412 0.0063761078381188918 0.011668899081343326 0.012979867678441791 0.0060106876660030902 -0.022186197575265861 0.014293570332539427 -0.013691811252787983 0.013762225815111545
leaf_weight=0.57545321859652432 0.70232160843443781 3.0144073383416972 3.0043599158525485 1.9628883991390464 4.0026662228628984 4.9063193071633577 4.987043553031981 2.0310648365411907 2.8837340119061983 0.78023825807031277 1.8903358075767753 10.187814198550766 2.4891512370668352 3.9230044858995825
leaf_count=134 61 41 19 72 26 18 44 34 83 20 103 99 42 93
internal_value=0.00274861 -0.0010336 0.00157485 -0.00984181 0.00511989 0.00884498 -0.000639108 0.00338033 0.00671486 -0.000392904 -0.014555 0.00981549 0.000413871 0.00913265
internal_weight=47.3408 24.6111 21.5967 4.69627 16.9004 12.8977 7.9914 2.73339 22.7297 7.16903 2.67057 15.5607 5.37289 4.49846
internal_count=889 315 274 167 107 81 63 95 574 350 123 224 125 227
is_linear=0
shrinkage=0.03


Tree=238
num_leaves=15
num_cat=0
split_feature=2 5 3 8 5 6 8 8 8 3 0 2 2 1
split_gain=0.727532 1.47164 1.6523 1.78299 1.06923 1.06615 0.944796 0.622365 1.28252 1.04701 0.933477 0.667899 0.731343 0.483699
threshold=33.110000000000014 396.98562622070318 3.333697093510787 22.950000000000006 979.66671752929699 6.4500000000000011 29.050000000000004 29.950000000000006 32.95000000000001 3.1894620129180069 28.044166666666673 36.090000000000003 38.030000000000008 10.950000000000003
decision_type=2 2 2 2 2 2 2 2 2 2 2 2 2 2
left_child=5 2 3 13 -3 -1 -4 11 -9 10 -10 -5 -13 -2
right_child=1 4 6 7 -6 -7 -8 8 9 -11 -12 12 -14 -15
leaf_value=0.0097816409347424287 -0.023853804703612591 -0.021353658294375671 0.0027486665248194534 0.020522305956620423 0.0073849633922277768 -0.0097534360752207731 -0.026882716404015516 -0.013439817425474386 -0.0148447544040749 0.017134991384346852 0.010124392724292672 -0.0086551765753116912 0.011805340218541599 0.0014399026536215686
leaf_weight=15.911699739575853 1.183091796352538 3.4140205089934161 1.3139460000675165 4.8652012369129825 1.0154306027106939 2.1275086766690938 1.4738895044429225 2.2779087431263161 1.8037524507381024 4.2593533378094435 1.6487050019204614 1.6961900952737776 2.9814882292412221 0.83181806840002526
leaf_count=312 37 80 30 36 34 164 21 35 36 15 9 20 35 13
internal_value=0.00253663 -0.000458909 0.0025937 0.00558185 -0.0146187 0.00708644 -0.0158784 0.00853736 0.00284448 0.0086451 -0.00332501 0.0136618 0.0041684 -0.0163976
internal_weight=46.804 28.7648 24.3353 21.5475 4.42945 18.0392 2.78784 19.5326 9.98972 7.71181 3.45246 9.54288 4.67768 2.01491
internal_count=877 401 287 236 114 476 51 186 95 60 45 91 55 50
is_linear=0
shrinkage=0.03


Tree=239
num_leaves=15
num_cat=0
split_feature=0 4 0 7 7 3 1 8 0 0 4 6 8 0
split_gain=2.30707 1.41585 1.12138 1.13397 1.41074 2.76726 1.52678 1.32385 1.69097 1.16196 0.929667 0.553076 0.483225 0.117564
threshold=27.527083333333334 80.040694469981972 26.363333333333337 12.450000000000001 22.250000000000004 3.2016181948837201 12.340000000000003 25.950000000000006 24.721250000000001 23.111250000000009 64.239746182935903 6.3500000000000014 12.600000000000003 24.009166666666676
decision_type=2 2 2 2 2 2 2 2 2 2 2 2 2 2
left_child=1 2 3 12 6 13 7 8 -5 -7 -2 -4 -1 -6
right_child=10 -3 11 4 5 9 -8 -9 -10 -11 -12 -13 -14 -15
leaf_value=0.0051808442775228333 -0.0004900695940975178 -0.021155344744308528 0.01780014521763643 -0.019286183122344144 -0.026081497036412726 0.013530578901980698 -0.0095845341172884728 0.018770660830948093 0.016277603977600072 -0.0056543813782630372 -0.032801125293664184 0.0032605862415724341 -0.023963256605175086 -0.00481715756453319
leaf_weight=0.25931575801223772 1.1828420702368014 1.427576946443877 4.2628502319566888 1.6274496804690008 3.1719566741958256 4.4249886781908554 2.7654018430039278 7.6641941018169746 1.2482718415558336 5.1160952411592007 1.7034005895256994 5.2722050421871245 1.4229722865857182 0.80579956271685649
leaf_count=4 12 101 28 76 266 37 40 83 12 34 34 39 107 18
internal_value=-0.00103173 0.00111229 0.00246838 -0.000601941 0.00121394 -0.0054198 0.00786183 0.0128732 -0.0036321 0.00368278 -0.0230928 0.0108334 -0.0192142 -0.023607
internal_weight=42.3553 39.4691 38.0415 28.5064 26.8242 13.5188 13.3053 10.5399 2.87572 9.54108 2.88624 9.53506 1.68229 3.97776
internal_count=891 845 744 677 566 355 211 171 88 71 46 67 111 284
is_linear=0
shrinkage=0.03


Tree=240
num_leaves=15
num_cat=0
split_feature=1 0 6 7 1 7 0 4 6 1 4 6 1 7
split_gain=1.48099 2.0184 3.1261 1.77489 1.46661 0.655273 1.4515 0.576373 1.31239 1.01903 1.54189 0.839469 1.27214 0.75312
threshold=12.930000000000005 27.660416666666674 5.6500000000000012 12.450000000000001 13.730000000000006 24.150000000000006 23.111250000000009 78.099824708760835 5.3500000000000014 12.200000000000006 88.28585784289217 6.4500000000000011 10.650000000000006 13.450000000000001
decision_type=2 2 2 2 2 2 2 2 2 2 2 2 2 2
left_child=3 2 5 -1 -4 -2 -7 8 -5 10 13 -10 -13 -9
right_child=1 -3 4 7 -6 6 -8 9 11 -11 -12 12 -14 -15
leaf_value=-0.021166547026411187 0.011692606148191204 0.0064370529681002271 -0.0019180522634346749 -0.010846029561504425 -0.041363723714028224 0.011850519159515413 -0.02150429102072856 0.0061115178283245699 0.012914539942491046 0.014243735509009103 0.013261936345407524 -0.012637045207381804 0.012495245309532738 -0.031504087723223599
leaf_weight=1.5834279591217661 1.8245244547724704 4.4306001854129127 1.2009157137945292 2.519753246160696 3.0475578752811998 1.2887969668954613 1.5785079738125203 0.24065245687961567 14.213101771718359 0.72676864266395558 0.61864048242568959 2.8224026808748013 2.4509128630161285 1.4605608904967082
leaf_count=112 17 44 12 61 55 8 46 1 221 2 1 161 13 106
internal_value=-0.00140051 -0.00918425 -0.0167946 0.00269774 -0.0327035 0.000825833 -0.00732437 0.0049606 0.00665521 -0.00589961 -0.0145998 0.00933723 -0.000826337 -0.0258904
internal_weight=40.0071 13.3709 8.9403 26.6362 4.24847 4.69183 2.8673 25.0528 22.0062 3.04662 2.31985 19.4864 5.27332 1.70121
internal_count=860 182 138 678 67 71 54 566 456 110 108 395 174 107
is_linear=0
shrinkage=0.03


Tree=241
num_leaves=14
num_cat=0
split_feature=1 0 7 3 3 5 3 0 5 1 4 5 1
split_gain=1.43321 1.00591 1.58645 0.961626 0.916589 1.2559 0.950396 1.24246 1.69489 1.05461 0.825184 0.643539 0.215702
threshold=19.290000000000006 26.945833333333344 12.450000000000001 2.5169938541005239 3.0714946912363077 8.7914719581604022 3.093732703574076 22.803750000000004 1061.218200683594 11.520000000000005 75.713853294766523 170.42290496826175 10.950000000000003
decision_type=2 2 2 2 2 2 2 2 2 2 2 2 2
left_child=1 2 -1 -4 5 -5 -6 8 -8 12 -11 -3 -9
right_child=-2 11 3 4 6 -7 7 9 -10 10 -12 -13 -14
leaf_value=-0.024161789197111233 -0.021630011859762942 0.0016102874914489349 0.0157959932532763 0.0048925802930926566 0.014762996968590092 -0.022812135888628033 -0.026837583450556927 0.0042902405838621104 0.0041186517239862816 -0.013761612348513731 0.0034774924260436296 0.017520944522371368 0.016889780340342501
leaf_weight=1.4970136913470948 1.5898881683824573 4.7185557410120946 2.3905150943901416 1.9968986929161499 3.039243831648494 2.5851940730353817 2.3873732130741727 3.0930191986262789 2.5695510355290025 3.0598106691613776 5.7319934666156769 3.8937708549201488 2.9667468853294849
leaf_count=105 67 33 34 35 22 327 93 26 26 30 35 17 18
internal_value=1.30803e-05 0.00138226 -0.00118749 0.00071238 -0.00111154 -0.0120248 0.00148956 -0.0011586 -0.012793 0.00328664 -0.00331492 0.00987815 0.0119774
internal_weight=41.5196 39.9297 31.3174 29.8203 27.4298 4.58209 22.8477 19.8085 4.95692 14.8516 8.7918 8.61233 6.05977
internal_count=868 801 751 646 612 362 250 228 119 109 65 50 44
is_linear=0
shrinkage=0.03


Tree=242
num_leaves=15
num_cat=0
split_feature=7 7 7 8 0 6 8 4 0 6 4 5 8 0
split_gain=1.45645 1.19012 0.973931 0.977287 1.24998 0.91213 1.45867 1.70632 1.13921 0.903251 1.00845 0.864422 0.763258 0.724969
threshold=34.150000000000013 41.900000000000013 26.550000000000004 25.450000000000006 24.721250000000001 5.5500000000000016 36.350000000000009 64.041897412055818 23.810833333333338 5.5500000000000016 78.201792962166664 33.113346099853523 27.550000000000004 26.639166666666672
decision_type=2 2 2 2 2 2 2 2 2 2 2 2 2 2
left_child=2 -2 3 4 -1 -5 7 -7 -9 10 -4 -10 -3 -13
right_child=1 12 9 5 -6 6 -8 8 11 -11 -12 13 -14 -15
leaf_value=-0.024900129574139403 -0.027100666881918225 -0.016091185173027937 -0.016199083600213771 0.012212889329983543 0.002632797996745631 0.014781524375227629 -0.018200678365921746 0.0089072007094863331 0.0015165996113922372 0.016395877396808964 0.01162868171189378 -0.028848839161894447 0.0074837112407205647 -0.00230125545364002
leaf_weight=1.9462334655690963 1.8580458250944492 0.8843586427974518 1.366508516366592 5.404705353081229 2.6460484494455159 5.5382094274973523 2.5879289866425088 2.7707196020055544 2.5952992215752602 6.2533957842970267 1.3567368313670156 1.8649816541001203 2.5992475383682176 1.6452577086165545
leaf_count=148 81 120 32 55 49 89 35 56 14 84 9 33 58 13
internal_value=0.000549545 -0.0127476 0.00281524 -0.000139288 -0.0114018 0.00255744 -0.00101973 0.00304552 -0.00503223 0.0108249 -0.00293548 -0.0117213 -0.000755159 -0.019675
internal_weight=41.3177 5.34165 35.976 26.9994 4.59228 22.4071 17.0024 14.4145 8.87626 8.97664 2.72325 6.10554 3.48361 3.51024
internal_count=876 259 617 492 197 295 240 205 116 125 41 60 178 46
is_linear=0
shrinkage=0.03


Tree=243
num_leaves=15
num_cat=0
split_feature=5 4 4 0 4 5 7 2 1 1 3 3 5 7
split_gain=1.28492 0.910236 1.62245 1.51003 1.14588 1.44534 1.42488 1.25017 1.04813 1.61871 0.976874 0.895329 0.792795 1.69772
threshold=2.2758069038391118 75.492932979406447 71.130346869126086 25.394583333333337 77.736845075193898 706.39361572265636 15.750000000000002 35.900000000000013 10.770000000000001 9.9800000000000058 3.1816206352315439 2.9559666069439809 238.25532531738284 28.050000000000004
decision_type=2 2 2 2 2 2 2 2 2 2 2 2 2 2
left_child=-1 2 12 8 10 6 -6 -8 9 -4 11 -3 -2 -14
right_child=1 4 3 -5 5 -7 7 -9 -10 -11 -12 -13 13 -15
leaf_value=-0.020832133202279241 0.0094807089048564996 0.012663531928436368 -0.023635994340671013 0.00301652189336068 0.012695822923928284 0.011634617840884215 -0.027971910307661736 0.010174260983060238 -0.03445201903971435 0.0097204342231840424 0.02186014731861663 -0.017469528991985669 -0.010988006656206282 0.012520547000408212
leaf_weight=1.232545138336717 10.602063863771042 0.8246609490015524 1.4561556571861713 4.0914708431810141 0.85679891705513034 3.7538102194666862 2.3434996534488168 0.4444570243358611 1.6618391894735394 1.9568112865090368 5.2349943835288286 0.75356631854083389 6.103595231077632 3.544009160483256
leaf_count=38 131 38 96 37 4 28 123 1 25 18 28 33 216 66
internal_value=0.00142808 0.00250967 -0.000553147 -0.0103931 0.00846877 6.49703e-06 -0.011896 -0.0208101 -0.0199213 -0.00664229 0.0164811 -0.00291957 0.00418053 -0.00198738
internal_weight=44.8603 43.6277 29.4159 9.16628 14.2118 7.39857 3.64476 2.78796 5.07481 3.41297 6.81322 1.57823 20.2497 9.6476
internal_count=882 844 589 176 255 156 128 124 139 114 99 71 413 282
is_linear=0
shrinkage=0.03


Tree=244
num_leaves=15
num_cat=0
split_feature=2 2 4 2 2 6 4 4 5 2 5 2 7 2
split_gain=0.663644 3.70409 1.99541 1.05413 1.3365 0.880683 0.590738 1.37146 1.21103 1.03835 1.29164 1.17546 0.576793 0.805188
threshold=36.600000000000001 38.030000000000008 59.046448644179698 34.150000000000006 33.850000000000001 6.5500000000000016 68.064602184075241 75.713853294766523 -1.149257957935333 33.610000000000014 979.66671752929699 26.630000000000006 42.45000000000001 18.47000000000001
decision_type=2 2 2 2 2 2 2 2 2 2 2 2 2 2
left_child=3 -2 -3 4 5 6 -1 8 -8 10 11 -10 -9 -14
right_child=1 2 -4 -5 -6 -7 7 12 9 -11 -12 -13 13 -15
leaf_value=0.015471708375523634 -0.030139443054057618 -0.019967397262764676 0.012137993345680487 0.011720723663211455 -0.01904372352388406 -0.01162997311963313 0.016220767514356471 0.013578213717365424 0.005770279231768774 0.009133616631836634 0.0043169516091453594 -0.030745748248691383 0.012248962382145555 -0.01715855328091551
leaf_weight=3.2157607943518185 2.4283798071555784 1.233549447148105 7.6502453284338117 11.331181849818675 1.7300503482110787 2.1980640226975074 0.86257788538932789 6.9421599966590275 0.63757894816808347 1.1436752537265418 1.6132725025527177 3.0418959545204416 0.62180733564309754 0.80968564184149727
leaf_count=56 54 53 53 138 25 175 2 96 32 12 30 85 7 74
internal_value=0.00259463 -0.00348687 0.00611086 0.00465115 0.00079554 0.0032118 0.00543687 0.00257342 -0.0064765 -0.0112905 -0.0164539 -0.0245373 0.0103113 -0.00460052
internal_weight=45.4599 11.3122 8.88379 34.1477 22.8165 21.0865 18.8884 15.6727 7.299 6.43642 5.29275 3.67947 8.37365 1.43149
internal_count=892 160 106 732 594 569 394 338 161 159 147 117 177 81
is_linear=0
shrinkage=0.03


Tree=245
num_leaves=15
num_cat=0
split_feature=3 6 6 4 4 6 3 0 5 3 1 5 4 3
split_gain=1.65436 1.92627 1.65161 2.04427 1.04818 1.04411 0.855425 0.732328 1.42546 1.02232 0.96536 0.677797 0.382279 0.482369
threshold=3.1257837022888046 7.0500000000000016 5.3500000000000014 78.281012686622461 79.072045040032236 6.7500000000000009 2.6414535547729767 24.812083333333341 605.90222167968761 3.1831729981695394 13.730000000000006 121.88932418823244 63.178055318331765 2.7024476192268243
decision_type=2 2 2 2 2 2 2 2 2 2 2 2 2 2
left_child=1 -1 4 5 11 7 -3 8 9 -4 -9 -2 -8 -14
right_child=2 6 3 -5 -6 -7 12 10 -10 -11 -12 -13 13 -15
leaf_value=-0.02121468227303323 -0.0031121533329478883 -0.012970244820925443 0.0076185207093545466 -0.01313643462205541 0.0089828424380830451 -0.0057081733385201438 0.013161241160524929 0.024371612275449022 0.015547748404383286 -0.01812378063318288 0.0062847124905051526 -0.027937534480535552 0.0088952149715507394 -0.013779193578042871
leaf_weight=5.7801214685314317 1.9593317937105923 1.4837047501932827 1.655696808360527 3.5286849052645257 1.0218697156524283 3.0694265849888316 3.024749593809247 5.4865609779953939 3.4669013710226864 2.2810214452911168 6.1022149752825499 1.8245018657762555 0.7503970395773647 0.68255948030855507
leaf_count=388 24 113 19 39 34 21 45 34 18 24 31 49 5 50
internal_value=-0.00116962 -0.0102736 0.0025565 0.00564945 -0.0120498 0.00909349 0.00189332 0.0116515 0.00359586 -0.00794699 0.0161035 -0.0184203 0.00831055 -0.00312959
internal_weight=42.1177 11.7215 30.3962 25.5905 4.8057 22.0618 5.94141 18.9924 7.40362 3.93672 11.5888 3.78383 4.45771 1.43296
internal_count=894 601 293 186 107 147 213 126 61 43 65 73 100 55
is_linear=0
shrinkage=0.03


Tree=246
num_leaves=15
num_cat=0
split_feature=0 6 6 8 5 0 2 3 8 6 3 2 0 5
split_gain=1.10918 1.09601 1.13693 2.50237 1.76679 1.25111 0.943645 0.84434 1.34902 0.747938 0.733092 0.795674 0.932423 0.639949
threshold=27.561666666666671 5.3500000000000014 5.5500000000000016 36.95000000000001 69.747497558593764 19.458750000000006 31.140000000000004 3.076487356656846 26.350000000000005 6.7500000000000009 3.3189217089074856 33.810000000000009 24.177083333333339 11.135609626770021
decision_type=2 2 2 2 2 2 2 2 2 2 2 2 2 2
left_child=1 10 6 4 5 -4 -3 8 -6 -2 11 12 -1 -7
right_child=9 2 3 -5 7 13 -8 -9 -10 -11 -12 -13 -14 -15
leaf_value=-0.0093219309934876923 -0.026690556281837547 -0.0049692442282057879 0.0069265228363487733 -0.028302117843506877 0.0083737895731934298 -0.004965659699595483 0.017339534250149058 0.011451618351304741 -0.019497986717992733 -0.0015655412216841189 -0.024844170081689869 -0.017469431882952406 0.017576588913426526 -0.026557075535937103
leaf_weight=1.2985867529641835 1.4514557374641293 1.7989684774656769 2.3870046820957276 1.6763179204426695 3.0306541424361084 3.0599621892906725 5.5703122292179614 12.083892286289482 1.578108125424478 2.123452452942729 1.3145954258507115 1.0153666567057369 1.503965515643358 2.0459074294194579
leaf_count=55 32 45 89 37 166 28 48 88 152 21 47 18 6 26
internal_value=-0.00140785 0.000250723 0.00233697 -0.00074531 0.00221258 -0.00913597 0.0119505 0.00753509 -0.00294469 -0.0153709 -0.0114354 -0.00262009 0.00593914 -0.0165498
internal_weight=41.9386 38.3636 33.2311 25.8618 24.1855 7.49287 7.36928 16.6927 4.60876 3.57491 5.13251 3.81792 2.80255 5.10587
internal_count=858 805 679 586 549 143 93 406 318 53 126 79 61 54
is_linear=0
shrinkage=0.03


Tree=247
num_leaves=15
num_cat=0
split_feature=6 4 3 4 1 4 6 1 4 8 0 4 6 1
split_gain=0.909429 1.01668 1.50195 1.3046 1.16028 0.813047 0.797958 1.22964 1.10092 1.18085 0.818686 0.636589 0.568296 0.985699
threshold=5.3500000000000014 79.348307186312283 3.1992860714962479 80.571415799353517 14.910000000000004 63.178055318331765 5.5500000000000016 4.7300000000000004 76.770342703194729 29.150000000000006 16.550000000000008 65.908679056983772 5.1500000000000012 12.440000000000007
decision_type=2 2 2 2 2 2 2 2 2 2 2 2 2 2
left_child=12 2 5 -3 -4 -2 -7 10 9 11 -8 -9 -1 -14
right_child=1 3 4 -5 -6 6 7 8 -10 -11 -12 -13 13 -15
leaf_value=0.0021199639181074988 0.0068430101269229956 -0.02389237729060395 0.019566792578147304 0.0077480475184977977 0.002071200100510916 0.0077310659654456831 -0.011650768828937199 0.0090543997514375141 0.0071120692531325439 -0.032277599944368796 0.015953858127791834 -0.012741240207172023 0.00074047022521255327 -0.029870043238642525
leaf_weight=2.4562850553193121 9.0473650061758253 1.5537743602180847 8.1933546774089319 1.4818598174024371 5.8397685638628891 2.7706269912887356 0.61638058454263811 1.0911984820850196 1.1883238183800129 2.3718945709988475 1.8022901960648594 2.0858350694179535 1.691437393659726 1.0227905425708739
leaf_count=80 242 34 47 42 33 52 144 13 14 50 19 47 45 16
internal_value=0.00251709 0.00415928 0.00567043 -0.0103543 0.0129082 0.00046075 -0.00453561 -0.0086433 -0.0146894 -0.0197314 0.00756881 -0.00487974 -0.00828144 -0.0157308
internal_weight=43.2132 38.0427 35.007 3.03563 14.0331 20.9739 11.9265 9.15592 6.73725 5.54893 2.41867 3.17703 5.17051 2.71423
internal_count=878 737 661 76 80 581 339 287 124 110 163 60 141 61
is_linear=0
shrinkage=0.03


Tree=248
num_leaves=15
num_cat=0
split_feature=3 0 3 7 0 8 4 4 0 1 1 7 8 4
split_gain=0.994846 1.73871 1.66908 1.20477 1.19442 0.886458 0.802269 1.07929 0.998079 0.685597 0.637918 1.60222 0.568785 0.498075
threshold=3.1257837022888046 12.422083333333338 2.7024476192268243 7.2500000000000009 11.847500000000005 26.250000000000004 62.337339273858539 68.842299515200878 20.900833333333342 2.3300000000000032 13.010000000000007 28.250000000000004 21.150000000000006 77.077790489491164
decision_type=2 2 2 2 2 2 2 2 2 2 2 2 2 2
left_child=1 4 5 -4 -1 -3 -2 -8 12 -5 13 -12 -9 -10
right_child=6 2 3 9 -6 -7 7 8 10 -11 11 -13 -14 -15
leaf_value=-0.011944585383437043 -0.013133033771101579 -0.014172118704927954 0.008448439696261233 0.00072497952794424783 0.021184654424813945 0.012525644341158052 0.015504601800413409 0.0044917902520477202 0.0032745092337386388 -0.025497819256494272 -0.014730530516455691 0.0089178650795179049 -0.021716182904987273 0.015892265984186082
leaf_weight=0.64646886696573291 1.2714832723140741 0.64867364487144952 0.84296976320911188 0.97742801799904544 2.2821186068467796 2.8501254370203242 6.4633169283624765 0.67193260276690381 7.7240483574569243 5.5261807270580903 3.6751699689775688 4.7765340316109359 1.2907412271015344 4.1677984036505222
leaf_count=176 11 57 13 77 24 45 37 19 65 208 37 61 42 18
internal_value=0.00139048 -0.00505452 -0.0105138 -0.0178995 0.0126926 0.00552594 0.00441318 0.00560375 0.00219278 -0.0219854 0.00437329 -0.00183601 -0.0142561 0.00858643
internal_weight=43.815 13.774 10.8454 7.34658 2.92859 3.4988 30.041 28.7695 22.3062 6.50361 20.3436 8.4517 1.96267 11.8918
internal_count=890 600 400 298 200 102 290 279 242 285 181 98 61 83
is_linear=0
shrinkage=0.03


Tree=249
num_leaves=15
num_cat=0
split_feature=5 8 5 0 0 1 0 8 0 5 2 6 2 5
split_gain=1.36991 0.776211 0.920939 0.802692 1.82028 0.938118 1.02424 1.36758 0.953269 1.27374 0.733521 1.07711 1.19488 0.695047
threshold=2.2758069038391118 19.150000000000006 18.491278648376468 27.402916666666673 28.044166666666673 14.650000000000002 26.418750000000006 33.350000000000009 24.009166666666676 1073.302917480469 33.850000000000001 5.7500000000000009 36.740000000000009 44.165283203125007
decision_type=2 2 2 2 2 2 2 2 2 2 2 2 2 2
left_child=-1 -2 -3 5 -5 6 7 8 9 13 -10 -12 -13 -4
right_child=1 2 3 4 -6 -7 -8 -9 10 -11 11 12 -14 -15
leaf_value=-0.020612676032636008 -0.013163692047457718 0.012441680085051492 0.0059116840415114379 -0.026521609427734572 0.0068140355191033579 -0.0086673655557950053 0.017975008550728786 0.014152136708230375 0.016770944345740914 0.0046050069689706511 -0.015109265782272322 0.019265567397781621 -0.010309654122168502 -0.022246187197191267
leaf_weight=1.2376234661787737 1.4406626431155007 8.8442587321624142 0.51281562214718146 1.6971437507309008 2.5636682054027915 3.764278015936724 4.1381806302815667 5.6067470114212474 2.0938978181220591 3.1501745881978422 1.9715407956391571 2.0736425081267957 1.2370338084874672 3.7283740711864084
leaf_count=41 123 62 16 30 22 71 25 82 13 80 26 16 41 220
internal_value=0.00238685 0.00350676 0.00438403 0.00188815 -0.00898143 0.00377684 0.00595268 0.00278412 -0.00215578 -0.009192 0.00515062 -0.00139208 0.00838672 -0.0183632
internal_weight=44.06 42.8224 41.3818 32.5375 4.26081 28.2767 24.5124 20.3742 14.7675 7.39136 7.37611 5.28222 3.31068 4.24119
internal_count=868 827 704 642 52 590 519 494 412 316 96 83 57 236
is_linear=0
shrinkage=0.03


Tree=250
num_leaves=15
num_cat=0
split_feature=6 4 4 1 4 6 0 0 4 4 7 5 7 4
split_gain=0.73259 0.772287 1.27874 0.875614 0.859127 2.45448 2.28131 0.756281 0.962935 2.06911 0.652165 0.580728 1.89799 0.612139
threshold=5.3500000000000014 79.348307186312283 76.770342703194729 11.520000000000005 71.130346869126086 5.5500000000000016 29.207500000000007 28.130416666666672 66.506170407983959 63.770268298734514 20.350000000000005 355.11828613281256 21.950000000000006 59.046448644179698
decision_type=2 2 2 2 2 2 2 2 2 2 2 2 2 2
left_child=-1 2 4 -3 7 -6 -7 8 9 11 -10 13 -13 -2
right_child=1 3 -4 -5 5 6 -8 -9 10 -11 -12 12 -14 -15
leaf_value=-0.0083648516246110326 -0.0017362176415838854 0.0047481787813486312 0.015583346713835437 -0.020128332952906124 0.012218746569320012 -0.023946308097929213 0.01588153897985763 -0.013412633197723048 0.0202846881753262 -0.018969193168542505 0.00015425629262714414 -0.02120022429364234 0.013837394544287757 0.01934777241019062
leaf_weight=5.3374601330142459 1.5015832874924031 1.8166325786150985 5.995163621264509 1.7191397580318151 3.4456440923968312 5.055814606428612 0.89750074595212925 0.95635062456130882 4.4305133151356122 2.4987190495012319 1.996278573060408 1.4022433960344645 2.3113578686024994 3.4694591753650457
leaf_count=142 43 62 83 19 36 154 2 11 39 54 45 111 52 30
internal_value=0.00112044 0.00265285 0.00410413 -0.00911816 0.00119021 -0.00582356 -0.0165215 0.00485697 0.00651654 0.000874584 0.0148945 0.00795313 -0.00108357 0.0137548
internal_weight=42.8339 37.4964 33.9606 3.53577 27.9655 9.39896 5.95332 18.5665 17.6102 11.1834 6.42679 8.68464 3.7136 4.97104
internal_count=883 741 660 81 577 192 156 385 374 290 84 236 163 73
is_linear=0
shrinkage=0.03


Tree=251
num_leaves=15
num_cat=0
split_feature=1 2 8 8 7 7 7 8 6 8 0 1 7 1
split_gain=1.23589 1.25576 1.01991 1.80928 1.39369 1.01127 0.773652 0.764245 0.847973 0.66228 0.643871 0.5769 0.549591 1.11055
threshold=5.8300000000000036 39.600000000000016 32.95000000000001 30.250000000000004 16.950000000000006 19.550000000000004 17.150000000000002 24.950000000000006 5.9500000000000011 35.850000000000009 20.900833333333342 13.190000000000005 21.050000000000004 18.95000000000001
decision_type=2 2 2 2 2 2 2 2 2 2 2 2 2 2
left_child=5 2 3 7 -5 6 -1 8 10 -4 -2 -9 -11 -14
right_child=1 -3 9 4 -6 -7 -8 11 -10 12 -12 -13 13 -15
leaf_value=-0.0136690923358582 0.0036835055033676762 -0.017291733578912893 0.0150649122908396 0.0045519105610094838 -0.027341776713388975 -0.024736419848866337 0.012769598694201505 0.010816300418561152 0.0041465102678984421 0.0081877907263717478 -0.0245506190622416 -0.0029088673386782719 -0.021437744848736756 0.010024880230475481
leaf_weight=0.79586343909613733 0.70609891600907504 2.1984895700588813 6.2499146494083089 1.4834908503107715 2.6469858827767894 2.3877295880229212 1.2468971222406251 8.5179762695915979 3.0614001196809113 3.0580375762656331 1.4311298450920729 3.3752741999924174 1.2256979439407589 1.0376429534517226
leaf_count=124 8 43 51 13 48 310 18 71 41 18 42 50 36 12
internal_value=-0.00134958 0.000697444 0.00237944 -0.00156369 -0.0172324 -0.0146683 0.00136197 0.00296606 -0.00589819 0.00916046 -0.0170218 0.00699763 0.000939596 -0.00836162
internal_weight=39.4226 34.9921 32.7936 21.2224 4.13048 4.43049 2.04276 17.0919 5.19863 11.5713 2.13723 11.8933 5.32138 2.26334
internal_count=885 433 390 273 61 452 142 212 91 117 50 121 66 48
is_linear=0
shrinkage=0.03


Tree=252
num_leaves=15
num_cat=0
split_feature=6 4 4 1 6 4 4 4 1 6 8 8 6 8
split_gain=0.826141 1.62896 0.909275 1.37697 0.609058 1.34833 0.947477 1.79524 1.34173 0.758343 0.954209 0.710117 0.647784 1.33297
threshold=5.3500000000000014 79.072045040032236 79.348307186312283 11.520000000000005 5.5500000000000016 73.271964336400472 69.792940583011131 76.770342703194729 21.890000000000004 5.7500000000000009 20.350000000000005 29.950000000000006 6.4500000000000011 25.550000000000004
decision_type=2 2 2 2 2 2 2 2 2 2 2 2 2 2
left_child=1 -1 4 -4 5 -2 12 8 9 -8 -11 -9 -6 -14
right_child=2 -3 3 -5 6 -7 7 11 -10 10 -12 -13 13 -15
leaf_value=-0.017127544046686215 -0.006081595158115312 0.012830588143301427 0.0076121583848416758 -0.025838592356845047 0.015600934420786047 0.020301720083131275 -0.00035633058272947402 0.019153474494187337 0.012990282515397387 0.004155709762083743 -0.027485181227045009 -0.0015925310989435048 -0.015903006531845249 0.0079348563177285072
leaf_weight=3.4425618200330055 1.8585954974405456 1.694824014091864 1.6086099552921944 1.1192357931286094 6.2128408423159334 5.4838935654843226 2.042655195691621 2.5535269286483526 0.98633148055523623 0.76566688157618035 3.4833126431331038 2.3066610161331482 1.6197168337530445 10.529504110687411
leaf_count=89 44 51 62 17 80 43 30 43 5 27 101 34 125 142
internal_value=0.00367846 -0.00676412 0.00513169 -0.00936222 0.0063906 0.0136949 0.00425327 -0.0021595 -0.0110134 -0.0160418 -0.022078 0.0107158 0.00838499 0.00378909
internal_weight=45.7079 5.13739 40.5706 2.72785 37.8427 7.34249 30.5002 12.1382 7.27797 6.29163 4.24898 4.86019 18.3621 12.1492
internal_count=893 140 753 79 674 87 587 240 163 158 128 77 347 267
is_linear=0
shrinkage=0.03


Tree=253
num_leaves=15
num_cat=0
split_feature=7 5 2 4 3 5 3 2 2 2 0 1 3 4
split_gain=1.20232 1.36633 1.31221 1.30788 1.71574 0.788756 0.719912 0.669087 0.782465 1.60953 2.36131 1.53048 0.716524 0.85544
threshold=15.850000000000003 2.2758069038391118 38.620000000000012 75.832634156087053 2.4597047369412128 250.51386260986331 3.1366698429303415 30.460000000000001 32.77000000000001 34.680000000000014 25.215000000000007 13.420000000000007 3.0813554397222487 71.245642881350577
decision_type=2 2 2 2 2 2 2 2 2 2 2 2 2 2
left_child=2 -2 3 4 -1 -6 -4 12 -9 10 -10 -11 -3 -14
right_child=1 7 6 -5 5 -7 -8 8 9 11 -12 -13 13 -15
leaf_value=0.0081469864597486993 -0.019493963150264526 -0.017149636325652824 0.0093648152241183474 0.0078113659697230768 -0.037946802904741866 -0.0043814699119493553 -0.0099654851947890075 0.014803112170446279 -0.029914709935932461 0.01728760335401627 0.0057289837495767123 -0.0050645709570482081 0.014737942317962665 -0.0087103997723737454
leaf_weight=0.88213731348514368 1.0884373070439348 1.2648802293697397 4.0936707088258117 1.1188233277061952 2.3481272800127049 1.1321063393261281 1.6807066127657888 8.2264676211634669 1.7658498104428897 7.0921771712601167 3.593044517096132 3.6165919052436948 1.8263698075897994 1.8521664020372552
leaf_count=41 38 244 65 8 64 50 13 92 54 59 57 38 21 65
internal_value=0.00118371 0.00427521 -0.00681495 -0.0161248 -0.0225756 -0.0304432 0.00309796 0.0057755 0.00777523 0.00352053 -0.00887357 0.00995094 -0.00370671 0.0035933
internal_weight=41.5816 30.326 11.2556 5.48119 4.36237 3.48023 5.77438 29.2375 24.2941 16.0677 5.35889 10.7088 4.94342 3.67854
internal_count=909 668 241 163 155 114 78 630 300 208 111 97 330 86
is_linear=0
shrinkage=0.03


Tree=254
num_leaves=15
num_cat=0
split_feature=8 8 8 1 6 2 0 0 2 2 4 0 0 0
split_gain=0.813047 0.804041 1.21233 0.971841 0.650293 0.606333 0.569338 1.68819 1.19072 0.662815 1.31458 0.615521 1.30582 0.585174
threshold=19.050000000000004 21.450000000000006 24.950000000000006 4.650000000000003 6.7500000000000009 34.970000000000006 24.902916666666673 26.418750000000006 34.970000000000006 38.530000000000015 73.271964336400472 24.061250000000008 23.111250000000009 20.900833333333342
decision_type=2 2 2 2 2 2 2 2 2 2 2 2 2 2
left_child=4 -2 -3 5 -1 -4 11 8 -8 10 -9 12 13 -5
right_child=1 2 3 6 -6 -7 7 9 -10 -11 -12 -13 -14 -15
leaf_value=-0.021757890008042617 0.016511608158647259 -0.012664538996039214 -0.020402512470245503 -0.0009082330081466325 0.0060606382462799965 0.0058496025464098832 0.00042792780866228572 -0.015345255391521489 -0.02604183574698803 0.013723056909874926 0.0080683747353905225 0.01705217381560337 -0.013986248274898206 0.015368122192094356
leaf_weight=1.1894916206947517 2.7644709330052128 3.6054575208108863 1.3717839475721114 2.9309812078718078 0.61572562507353712 0.64591212512459595 3.2320137426722821 2.1246551307849568 1.8505632715532554 5.85503040626645 5.9925714848795906 4.9334389069117597 1.8487378726713357 4.5530954636633396
leaf_count=121 74 131 162 55 24 27 38 24 39 34 60 41 27 39
internal_value=0.00225653 0.00323806 0.00190606 0.00370023 -0.0134914 -0.012845 0.00504717 0.00150184 -0.0119066 0.0068488 0.000929017 0.00937396 0.00405768 0.0096381
internal_weight=43.5139 41.7087 38.9442 35.3388 1.80522 2.0177 33.3211 19.0548 5.08258 13.9723 8.11723 14.2663 9.33281 7.48408
internal_count=896 751 677 546 145 189 357 195 77 118 84 162 121 94
is_linear=0
shrinkage=0.03


Tree=255
num_leaves=15
num_cat=0
split_feature=4 5 7 1 7 7 7 1 3 0 3 7 4 1
split_gain=0.977301 1.51105 1.21798 1.65519 0.887233 0.82904 0.90802 0.577807 1.69053 0.904155 0.959852 1.70668 1.22017 1.0814
threshold=77.906232716274019 738.96920776367199 14.450000000000001 14.550000000000006 7.2500000000000009 46.350000000000016 16.250000000000004 14.910000000000004 3.2208870241535634 25.331666666666667 3.0872019983601215 20.450000000000006 73.438068931302652 12.380000000000004
decision_type=2 2 2 2 2 2 2 2 2 2 2 2 2 2
left_child=2 5 3 4 -1 6 -2 9 -9 10 -4 -12 -13 -14
right_child=1 -3 7 -5 -6 -7 -8 8 -10 -11 11 12 13 -15
leaf_value=0.0052468468636364682 0.0020266188026424178 0.0073856423893747447 0.011889369033644634 0.009033442029541346 -0.022311455893543799 0.0060381616139315404 -0.032801129663383638 0.0099783839701762453 -0.019282100196379319 0.018281387964742796 -0.023637625209878724 0.011746596257277725 -0.022469723960556309 0.0072199791405620078
leaf_weight=0.93820649932604183 0.72744398552458722 2.4447146822931245 7.7103124394780123 2.9919863026589155 3.568111187138129 0.53062399016926054 1.9750141218537463 3.4209027998149386 1.9839537334628401 5.336084885057061 1.4817198002710927 5.6260023125214484 1.4013835972873496 1.3606154061853883
leaf_count=26 8 22 296 17 130 57 86 37 30 37 29 65 35 6
internal_value=0.00172096 -0.00889505 0.00359961 -0.00655311 -0.016663 -0.0200423 -0.0254109 0.00641948 -0.00209582 0.0084315 0.00461874 -0.00163241 0.00435856 -0.00981256
internal_weight=41.4971 5.6778 35.8193 7.4983 4.50632 3.23308 2.70246 28.321 5.40486 22.9161 17.58 9.86972 8.388 2.762
internal_count=881 173 708 173 156 151 94 535 67 468 431 135 106 41
is_linear=0
shrinkage=0.03


Tree=256
num_leaves=15
num_cat=0
split_feature=0 4 0 2 4 3 2 2 2 8 8 4 5 4
split_gain=1.29148 2.16766 0.868202 0.692841 0.967421 1.43384 0.821487 0.818107 0.802325 0.866822 0.929849 1.01939 0.741498 0.701513
threshold=27.402916666666673 64.239746182935903 26.945833333333344 36.540000000000006 76.07242258744148 3.5649924815729093 18.47000000000001 38.030000000000008 35.650000000000013 30.250000000000004 29.250000000000004 77.613672665537948 238.25532531738284 65.225154327095652
decision_type=2 2 2 2 2 2 2 2 2 2 2 2 2 2
left_child=2 -2 3 4 -1 6 -6 13 9 10 11 -8 -9 -5
right_child=1 -3 -4 7 5 -7 8 12 -10 -11 -12 -13 -14 -15
leaf_value=0.0066470421359498752 0.0060026450389036434 -0.029906096729289833 0.014352868559921066 0.00027823866316332914 0.011376262330690811 0.01729619823534093 0.0057252284737971497 0.011347858341950755 0.0092132273386419678 -0.028071880336586193 0.01290609333773695 -0.024932035199580271 -0.011430357938399511 -0.03008398765847423
leaf_weight=19.537080569134563 2.4942124560475341 2.0066042998805642 4.2583489855751386 1.0340983450296324 0.60325829940847864 1.1552092260681091 1.1409589985851205 1.9938533341046425 0.57972778379917134 2.4033167051384225 0.93451681826263655 1.3606441422016358 1.2719589945045298 0.92778186360374082
leaf_count=448 22 41 26 32 9 5 33 29 3 77 14 91 41 10
internal_value=0.00108939 -0.0125329 0.00302246 0.00117811 0.00311383 -0.00513185 -0.0105174 -0.00793631 -0.013831 -0.0171313 -0.00487614 -0.0133077 0.00187643 -0.0193895
internal_weight=41.7016 4.50082 37.2008 32.9424 27.7147 8.17763 7.02242 5.22769 6.41916 5.83944 3.43612 2.5016 3.26581 1.96188
internal_count=881 63 818 792 680 232 227 112 218 215 138 124 70 42
is_linear=0
shrinkage=0.03


Tree=257
num_leaves=15
num_cat=0
split_feature=8 1 7 1 3 3 4 8 2 2 2 2 7 7
split_gain=0.540257 1.57674 1.21361 0.813381 1.40315 2.13632 1.4785 1.07124 0.951786 0.739893 0.635904 0.407284 0.36994 0.435942
threshold=21.450000000000006 5.8300000000000036 36.650000000000013 11.520000000000005 3.1799508572211601 3.2451076540396682 62.011747472222716 23.350000000000005 32.290000000000013 33.110000000000014 34.970000000000006 34.390000000000008 26.150000000000006 31.350000000000005
decision_type=2 2 2 2 2 2 2 2 2 2 2 2 2 2
left_child=2 10 9 7 6 -6 -5 -3 -7 -1 -2 -10 -9 -14
right_child=1 3 -4 4 5 8 -8 12 11 -11 -12 -13 13 -15
leaf_value=0.020801884699910955 -0.02431743571765763 -0.012731548162623924 -0.014778198324353616 0.0041061500506842721 0.015498394828672943 0.0058159611061975973 -0.026435165553749983 0.012393367010629056 -0.022245010216540094 -0.0048711652165567779 0.0027703599659714925 -0.0052145930834247506 -0.0097151940182581172 0.0083319489608816438
leaf_weight=3.2419376574689514 2.2376079552341248 1.3396815807791416 0.70614872215082858 1.9393215151503707 5.5351843815296879 2.9602528321556729 2.6926604910986498 9.4455545099917781 1.8217652278253806 0.89644020295236249 0.7794220377691089 3.8605651014950126 1.2093613692559295 1.6492320380639283
leaf_count=72 233 19 88 26 23 28 67 96 34 46 52 36 20 23
internal_value=0.000748378 -0.000627061 0.00920325 0.00152245 -0.00249096 0.00238516 -0.0151895 0.00684771 -0.00674958 0.015375 -0.018372 -0.0131864 0.00977624 0.000157801
internal_weight=40.3151 35.4706 4.84453 32.4536 18.8097 14.1778 4.63198 13.6438 8.64258 4.13838 3.01703 5.68233 12.3041 2.85859
internal_count=863 657 206 372 214 121 93 158 98 118 285 70 139 43
is_linear=0
shrinkage=0.03


Tree=258
num_leaves=15
num_cat=0
split_feature=1 1 1 0 0 0 0 5 3 3 5 5 5 1
split_gain=0.962847 0.784528 0.903875 0.720359 0.840412 0.488224 1.08625 1.01229 0.953536 1.33353 0.902491 0.766811 0.988419 0.737984
threshold=19.290000000000006 17.400000000000006 15.610000000000005 27.402916666666673 26.945833333333344 12.422083333333338 11.847500000000005 1147.5913696289065 3.0714946912363077 2.4448084222322017 909.61682128906261 338.81465148925787 6.7396569252014169 9.9800000000000058
decision_type=2 2 2 2 2 2 2 2 2 2 2 2 2 2
left_child=1 2 3 4 5 6 -1 8 9 -7 11 12 -10 -14
right_child=-2 -3 -4 -5 -6 7 -8 -9 10 -11 -12 -13 13 -15
leaf_value=-0.011838221843829912 -0.018313360922829466 0.013592748994601415 -0.013538051545429305 -0.014414800732633124 0.015984233481024575 0.011401018690130819 0.019760266460999574 -0.019444568334110571 -0.0099930267509343255 -0.017666229054839246 0.019515231460645779 -0.0085401007765070532 -0.0022995488821293667 0.013110269721680621
leaf_weight=0.63783823425183372 1.1614527811761934 3.8415933207143089 2.6373800477012983 1.2348778620362271 3.0961083471775046 1.2684617398190372 2.1923595797270536 1.2316635423339892 2.3302460992708864 3.494152509374544 2.0881585013121358 3.9480335320113218 3.6289457748644045 8.252895668614654
leaf_count=187 64 25 27 17 14 29 27 58 24 231 8 56 50 60
internal_value=0.00124637 0.00225 0.000706662 0.00219216 0.00324503 0.00140196 0.0114074 -5.62367e-05 0.00160939 -0.00928953 0.00448948 0.00183337 0.00508702 0.00859066
internal_weight=41.0442 39.8827 36.0411 33.4037 32.1689 29.0728 2.8302 26.2426 25.0109 4.76261 20.2483 18.1601 14.2121 11.8818
internal_count=877 813 788 761 744 730 214 516 458 260 198 190 134 110
is_linear=0
shrinkage=0.03


Tree=259
num_leaves=15
num_cat=0
split_feature=1 8 8 0 1 2 2 5 2 0 5 4 8 7
split_gain=1.36144 0.886488 0.763715 0.746489 2.6076 0.923822 1.84064 0.808163 1.29532 0.708627 0.619355 0.613418 1.28279 0.474093
threshold=19.290000000000006 36.95000000000001 41.45000000000001 22.803750000000004 5.9300000000000033 33.810000000000009 34.290000000000013 86.384025573730483 36.090000000000003 11.847500000000005 2.2758069038391118 60.396975986830363 33.350000000000009 24.150000000000006
decision_type=2 2 2 2 2 2 2 2 2 2 2 2 2 2
left_child=1 3 -3 4 9 13 -7 8 -8 -1 -11 12 -9 -5
right_child=-2 2 -4 5 -6 6 7 11 -10 10 -12 -13 -14 -15
leaf_value=-0.012011249161523697 -0.019800540114370234 -0.018477370177627087 0.0043319940929576898 0.0034812646209023547 -0.024934982157146585 -0.017316933896197526 0.010559431195140159 -0.018340010970148507 -0.014857461769896359 -0.010661383192425536 0.01303562506397128 0.014985599089638453 0.014811010009445244 0.019805952753802664
leaf_weight=0.65223937877453675 1.3169717516284425 1.8633296901825809 1.8820391288027165 2.7439820817671734 2.1335275003220886 2.2408051257953074 2.7352915182709721 1.0546304521849372 2.5120804430916905 0.38711515627801407 6.239589708740823 8.7628130309749377 1.1587887853384016 5.8021578639745712
leaf_count=192 70 38 28 24 67 27 18 43 26 12 218 78 5 32
internal_value=0.00270203 0.00390285 -0.00851816 0.00537358 -0.00176672 0.00783604 0.00368543 0.00742327 -0.00203894 0.00721572 0.0104349 0.0117394 -0.00177633 0.0154782
internal_weight=41.4854 40.1684 3.74537 36.423 9.41247 27.0105 18.4644 16.2236 5.24737 7.27894 6.6267 10.9762 2.21342 8.54614
internal_count=878 808 66 742 489 253 197 170 44 422 230 126 48 56
is_linear=0
shrinkage=0.03


Tree=260
num_leaves=15
num_cat=0
split_feature=2 2 8 1 5 5 4 2 2 6 2 5 8 8
split_gain=1.5119 0.753424 0.859652 0.746951 1.5606 1.3632 1.01376 0.708034 0.822903 1.07487 0.892997 1.29682 0.875164 0.591133
threshold=40.210000000000015 38.530000000000015 38.750000000000007 14.910000000000004 18.491278648376468 250.51386260986331 80.040694469981972 36.810000000000009 35.370000000000012 6.4500000000000011 33.110000000000014 146.02478790283206 29.450000000000006 25.850000000000005
decision_type=2 2 2 2 2 2 2 2 2 2 2 2 2 2
left_child=1 2 3 6 -5 -6 7 8 9 10 -1 12 -12 -13
right_child=-2 -3 -4 4 5 -7 -8 -9 -10 -11 11 13 -14 -15
leaf_value=0.011920608415417099 -0.022050384192339689 0.012989606452433199 -0.015347926194252114 0.012281156174357393 -0.02986553134489393 0.00072513983429693793 -0.017184135659462682 -0.0096748517802485948 0.018433082448777515 -0.014387191917092848 -0.0062289436980407197 0.0031322468495323043 0.016044493218576702 -0.02433148752491715
leaf_weight=10.102480325906091 1.3733448701677833 4.4354967223480335 1.7151004269253451 1.8683231384493399 1.7983026276342569 2.3799405330792069 0.86626620445167546 1.5448920468916174 3.9502830239944151 1.5384099828661408 2.0543663339922196 0.70721017825417254 2.6932534594088793 1.4016994519624857
leaf_count=213 43 39 41 19 61 32 67 41 41 180 25 19 18 29
internal_value=0.00122324 0.00264254 0.000891115 0.0022451 -0.00651318 -0.0156659 0.00454492 0.00598564 0.00743007 0.00425539 0.00665347 -0.00163668 0.00699958 -0.0170766
internal_weight=38.4294 37.056 32.6205 30.9054 6.04657 4.17824 24.8589 23.9926 22.4477 18.4974 16.959 6.85653 4.74762 2.10891
internal_count=868 825 786 745 112 93 633 566 525 484 304 91 43 48
is_linear=0
shrinkage=0.03


Tree=261
num_leaves=15
num_cat=0
split_feature=5 7 7 7 7 5 5 2 5 2 3 4 3 3
split_gain=0.931408 0.684988 1.77704 1.17974 0.88142 1.25181 1.05071 1.01893 0.96955 1.67691 0.824604 0.82282 0.815316 0.745966
threshold=2.2758069038391118 33.45000000000001 45.550000000000004 48.650000000000013 26.550000000000004 352.02584838867193 591.72079467773449 32.010000000000012 68.76196670532228 35.710000000000001 2.9466585300336257 76.874082845919162 3.5590012676816687 3.0784820990345931
decision_type=2 2 2 2 2 2 2 2 2 2 2 2 2 2
left_child=-1 4 12 -4 5 8 -7 11 9 -2 -10 -6 -3 -8
right_child=1 2 3 -5 7 6 13 -9 10 -11 -12 -13 -14 -15
leaf_value=-0.017821203401931721 0.0063675252820686676 -0.027116695693583506 0.018896317609077385 -0.013217424284440418 -0.017264026210765986 -0.024714332223802996 -0.015143443242761538 0.018970667047947365 -0.0077453357074908392 -0.020808980625164682 0.013110389257510553 0.009397949992594674 0.005261355917961336 0.0077171678516548192
leaf_weight=0.93297054478898545 5.3234513821080389 1.9348121374205214 2.0814383471733895 0.70510888681747008 0.87723362026735996 1.5027846536249843 0.91490787395741824 5.8858730127103627 1.3127177500282403 2.0390433920547366 11.108468096004797 1.3915056101395746 0.54532331787049759 2.9039814891293645
leaf_count=37 67 105 17 103 53 64 116 34 89 25 116 25 3 21
internal_value=0.00265997 0.00359426 -0.00570656 0.00942566 0.00519061 0.00218859 -0.00960588 0.0131842 0.00567076 -0.00274735 0.0104934 -0.0030389 -0.0205314 0.000234366
internal_weight=39.4596 38.5266 5.26668 2.78655 33.26 25.1054 5.32167 8.15461 19.7837 7.36249 12.4212 2.26874 2.48014 3.81889
internal_count=875 838 228 120 610 498 201 112 297 92 205 78 108 137
is_linear=0
shrinkage=0.03


Tree=262
num_leaves=15
num_cat=0
split_feature=0 4 0 2 4 2 2 2 2 4 2 6 4 4
split_gain=1.3288 0.833472 1.284 1.01598 2.05592 0.859293 1.13363 1.01647 1.1039 0.840542 0.855448 0.96807 0.725386 0.63019
threshold=16.550000000000008 60.396975986830363 24.85916666666667 38.530000000000015 66.506170407983959 33.070000000000014 33.750000000000007 30.460000000000001 26.630000000000006 77.785706711804053 36.410000000000004 5.4500000000000011 73.421663090587387 63.541786969414048
decision_type=2 2 2 2 2 2 2 2 2 2 2 2 2 2
left_child=-1 2 -2 4 13 7 -7 8 -6 10 11 -8 -9 -3
right_child=1 3 -4 -5 5 6 9 12 -10 -11 -12 -13 -14 -15
leaf_value=-0.019439056146977895 0.0076750034846960226 -0.0003729622857339871 -0.023015385527052106 0.014967562580347189 0.011559814757497018 -0.018063489996571518 -0.0034536801078476039 -0.00059633028538006957 -0.019334644709151333 -0.011716149635272894 -0.0064960221598877122 0.017237764949329569 0.018312257621790826 -0.026774387773003727
leaf_weight=1.7084303299488954 1.5256828491110348 1.1955054998397856 1.7562892813002688 5.0586004010401657 1.0465622516348987 1.7850938362535078 2.5501339260954392 2.2775188961531949 1.2408887280616907 1.9274914988782246 2.739440637640655 5.4408166324719787 7.1029716118937358 1.7541489390423519
leaf_count=349 72 23 47 36 8 49 36 32 41 27 23 42 61 34
internal_value=0.00089871 0.00230973 -0.0102879 0.00377995 0.00139938 0.0043018 -0.000656264 0.0100064 -0.00598303 0.00294144 0.0063487 0.0109849 0.0141062 -0.0188775
internal_weight=39.1096 37.4011 3.28197 34.1192 29.0606 26.1109 14.443 11.6679 2.28745 12.6579 10.7304 7.99095 9.38049 2.94965
internal_count=880 531 119 412 376 319 177 142 49 128 101 78 93 57
is_linear=0
shrinkage=0.03


Tree=263
num_leaves=15
num_cat=0
split_feature=1 3 3 3 2 0 0 2 2 1 3 3 3 1
split_gain=1.29887 0.721622 1.74553 0.810852 0.43102 1.96391 1.12881 1.11548 3.56039 0.454821 0.365411 0.336649 0.271067 0.196558
threshold=19.290000000000006 2.9449759043833477 2.5169938541005239 3.4996319603666626 36.810000000000009 27.143333333333342 25.142500000000002 33.010000000000012 34.920000000000009 12.540000000000004 3.2338764589019799 2.4356632402816483 3.2284846486846579 10.770000000000001
decision_type=2 2 2 2 2 2 2 2 2 2 2 2 2 2
left_child=1 2 11 4 6 -6 7 9 -9 12 -8 13 -3 -1
right_child=-2 3 -4 -5 5 -7 10 8 -10 -11 -12 -13 -14 -15
leaf_value=-0.009690837020336001 -0.018496334348918918 0.015074805427073807 -0.021581648981455908 -0.0082383669680118083 -0.012221819107766055 0.014400798575969336 0.0064732512948688621 -0.028215903099638482 0.016861635277747249 -0.0013030342852812897 0.023506712436160489 0.016008897492550703 0.0022942385042739673 0.0059410353108360434
leaf_weight=0.45446170272771214 1.1799773056991387 7.1170622318750336 1.9090979311731642 2.1535621285438529 3.7825237838551384 4.2305685300379992 2.6231878036633125 2.1956676462432361 2.1881064733024687 2.5069732456468037 4.974997628480196 1.5209308105986563 2.3259778786450624 0.51518902741372585
leaf_count=62 69 165 261 14 36 22 24 61 20 24 33 22 31 4
internal_value=0.00432592 0.00547599 -0.00509641 0.00694647 0.00818914 0.00187208 0.0101443 0.00513518 -0.00676328 0.00968524 0.0190629 0.0101027 0.0124479 -0.00258582
internal_weight=39.6783 38.4983 4.39968 34.0986 31.9451 8.01309 23.932 16.3338 4.38377 11.95 7.59819 2.49058 9.44304 0.969651
internal_count=848 779 349 430 416 58 358 301 81 220 57 88 196 66
is_linear=0
shrinkage=0.03


Tree=264
num_leaves=15
num_cat=0
split_feature=4 6 1 5 6 5 4 6 5 8 7 7 4 4
split_gain=0.89699 1.39167 1.31066 0.956205 0.936766 1.29914 1.23479 1.17856 2.16471 0.797818 0.658282 1.57005 1.47048 0.956253
threshold=77.736845075193898 5.1500000000000012 16.700000000000006 33.113346099853523 6.8500000000000014 211.42034149169925 64.041897412055818 5.3500000000000014 207.83186340332034 3.1000000000000005 26.550000000000004 21.050000000000004 66.506170407983959 75.238409039301516
decision_type=2 2 2 2 2 2 2 2 2 2 2 2 2 2
left_child=4 -2 3 -3 7 6 -6 8 -1 -9 11 12 -11 -13
right_child=1 2 -4 -5 5 -7 -8 9 -10 10 -12 13 -14 -15
leaf_value=0.010794437220834912 0.013015468007002358 -0.0045341844866391961 0.0076067765210639949 -0.033816652593028608 0.013579937433472323 -0.018798290083217633 -0.010404657761410266 -0.014510388486364295 -0.025456551856518728 -0.0084382087630576457 0.017240298286365894 -0.020477667329823587 0.016167650846448792 0.0083239083521851314
leaf_weight=2.3935201365966376 1.551216012216172 2.2107329106656839 1.3836795849492771 1.6284466448705641 3.634268213179892 2.3874287336366251 2.3833245998830535 0.33152417093515651 1.7148885971400885 2.1210728484438759 8.3638823655201104 1.8770144689478905 8.9379409857792762 0.93720489577390242
leaf_count=29 48 51 20 63 48 167 45 3 58 52 153 52 74 18
internal_value=0.00263974 -0.00670253 -0.0137093 -0.0213762 0.00457942 -0.00382212 0.0039516 0.00726891 -0.00635825 0.00991413 0.010887 0.00615518 0.01114 -0.0112184
internal_weight=41.8561 6.77408 5.22286 3.83918 35.0821 8.40502 6.01759 26.677 4.10841 22.5686 22.2371 13.8732 11.059 2.81422
internal_count=881 182 134 114 699 260 93 439 87 352 349 196 126 70
is_linear=0
shrinkage=0.03


Tree=265
num_leaves=15
num_cat=0
split_feature=2 5 5 2 2 2 8 0 5 1 8 8 3 3
split_gain=1.22852 1.8605 1.46733 0.815375 1.23268 1.05927 0.783297 1.19695 0.886181 0.793445 0.715337 1.13546 0.893524 0.568501
threshold=33.110000000000014 7.7197277545928964 396.98562622070318 38.530000000000015 39.350000000000016 37.430000000000007 30.250000000000004 26.705416666666668 28.288969039916996 10.050000000000004 21.250000000000004 27.550000000000004 3.414876448682215 3.212059671323813
decision_type=2 2 2 2 2 2 2 2 2 2 2 2 2 2
left_child=10 -2 3 5 -5 6 7 9 -8 -3 -1 12 -12 -13
right_child=1 2 -4 4 -6 -7 8 -9 -10 -11 11 13 -14 -15
leaf_value=0.015090399394125882 -0.027742355004012034 -0.004946366351011487 -0.017068229271022591 0.021183116662661969 -0.0040742907777149701 -0.019187844802817537 0.0039848780591717238 -0.011983708200914569 -0.020546592092450855 0.017983374050447934 -0.022384916123173646 0.010792641083940223 0.0095010068318306835 -0.0020029616238732575
leaf_weight=3.526807670074052 1.9961952273733938 1.3246150873601488 3.8633119520382015 2.8159445202909401 2.6966013897908852 1.8266797666437913 2.1733419080264871 1.5058492680545894 1.5852854060940442 4.4287528961431235 1.7392347134300501 6.1162810383248125 0.46581612201407541 5.0947044474305585
leaf_count=155 30 36 120 17 45 25 15 28 41 41 127 152 4 62
internal_value=-0.00126786 -0.00551101 -0.0024051 0.00140315 0.0100994 -0.00278896 0.00130024 0.00679235 -0.00850527 0.0127535 0.00476605 0.00119348 -0.0147863 0.00528999
internal_weight=41.1594 24.2166 22.2204 18.3571 5.51255 12.8445 11.0178 7.25922 3.75863 5.75337 16.9428 13.416 2.20505 11.211
internal_count=898 398 368 248 62 186 161 105 56 77 500 345 131 214
is_linear=0
shrinkage=0.03


Tree=266
num_leaves=15
num_cat=0
split_feature=7 7 0 0 2 0 2 2 4 5 7 3 2 5
split_gain=1.12376 1.03474 1.32483 0.901212 2.50185 1.94082 1.26236 1.6963 1.20695 0.808191 0.745088 0.540766 1.09952 1.19863
threshold=24.050000000000004 36.150000000000013 23.111250000000009 26.945833333333344 36.410000000000004 27.402916666666673 33.910000000000011 32.250000000000014 63.770268298734514 320.95518493652349 40.650000000000013 3.333697093510787 32.010000000000012 18.491278648376468
decision_type=2 2 2 2 2 2 2 2 2 2 2 2 2 2
left_child=3 11 10 4 6 -5 7 9 -7 -1 -3 12 13 -2
right_child=1 2 -4 5 -6 8 -8 -9 -10 -11 -12 -13 -14 -15
leaf_value=-0.013469784194768847 0.013586464615956841 -0.013490302453593487 -0.022092980761738136 0.019709271771720629 -0.027129863213533729 0.0062065340438408759 0.0088200595600530715 -0.024798329084244172 -0.021791956542774219 0.012211064396942519 0.011923867402476971 0.00016776264700070094 0.020077715508891779 -0.017737148150708811
leaf_weight=0.6772169198957293 1.2523149166954701 0.49957583186915089 1.3573964730603618 3.1321370927616945 3.2232163263251996 2.098208282142878 5.9229478996712714 2.3010018723434769 1.7646178891882298 2.4699951227521524 2.9021448032581247 3.1326626460067919 6.6616713749244809 1.1637087470735421
leaf_count=48 14 31 56 13 103 19 107 68 26 58 138 31 39 112
internal_value=0.00115759 0.00673154 -0.0044769 -0.00332764 -0.00741249 0.0050562 -8.22828e-05 -0.00962728 -0.00843487 0.00476961 0.00597469 0.0111083 0.0144926 -0.00227663
internal_weight=38.5588 16.9695 4.75912 21.5893 14.5944 6.99496 11.3712 5.44821 3.86283 3.14721 3.40172 12.2104 9.0777 2.41602
internal_count=863 421 225 442 384 58 281 174 45 106 169 196 165 126
is_linear=0
shrinkage=0.03


Tree=267
num_leaves=15
num_cat=0
split_feature=7 5 1 6 8 8 8 6 2 0 5 7 6 2
split_gain=0.907681 1.55974 0.88043 0.548023 0.709092 0.617149 1.0099 1.52763 1.92374 1.43557 1.74701 0.633541 1.71047 0.820962
threshold=34.150000000000013 822.93087768554699 2.0600000000000041 5.3500000000000014 30.250000000000004 26.350000000000005 30.950000000000006 5.5500000000000016 31.530000000000005 27.17250000000001 33.113346099853523 20.350000000000005 6.4500000000000011 36.410000000000004
decision_type=2 2 2 2 2 2 2 2 2 2 2 2 2 2
left_child=2 -2 -1 4 -4 -5 7 -7 -9 10 -10 13 -13 -8
right_child=1 -3 3 5 -6 6 11 8 9 -11 -12 12 -14 -15
leaf_value=-0.015829287112123915 -0.024836277915623334 0.00438677716639821 0.0056987913369268397 0.012426863292242563 -0.015918949466030372 0.015247201842505284 0.02069452256571809 0.013554622199526706 8.5693991964924665e-05 0.0033669065556896946 -0.037931077256528216 -0.014373054370212083 0.016029287776397391 0.0022144521947440937
leaf_weight=1.0628080227761518 1.961716203164541 3.1407346605556086 2.0189691567793484 8.1538958908640797 1.6702307476662097 1.8258246239274756 4.1396059710532409 1.5529130683280525 1.5761865703389046 1.8205959331244228 2.4796181909041479 2.6799958692863575 2.0440452640177682 4.2000632903072983
leaf_count=205 190 70 33 133 27 22 27 13 13 16 59 37 17 30
internal_value=0.00168423 -0.00907726 0.00345063 0.00448357 -0.00539597 0.00581309 0.00296754 -0.00434695 -0.0104 -0.0177808 -0.0260621 0.00809019 -0.000716086 0.0126211
internal_weight=40.3272 5.10245 35.2248 34.1619 3.6892 30.4727 22.3188 9.25514 7.42931 5.8764 4.0558 13.0637 4.72404 8.33967
internal_count=892 260 632 427 60 367 234 123 101 88 72 111 54 57
is_linear=0
shrinkage=0.03


Tree=268
num_leaves=15
num_cat=0
split_feature=1 2 7 7 3 1 8 3 5 3 2 1 2 0
split_gain=0.537176 1.02074 1.70663 1.68551 0.888848 0.868827 1.06663 0.8679 1.44591 1.11619 0.828909 0.838323 0.744183 0.737629
threshold=10.950000000000003 26.43000000000001 20.550000000000004 16.050000000000004 3.26719513714287 11.520000000000005 29.250000000000004 3.1894620129180069 129.1579284667969 3.2508857458718872 41.650000000000013 10.620000000000003 34.970000000000006 12.106666666666671
decision_type=2 2 2 2 2 2 2 2 2 2 2 2 2 2
left_child=1 13 3 10 -4 -2 -7 8 -8 -9 11 -3 -11 -1
right_child=5 2 4 -5 -6 6 7 9 -10 12 -12 -13 -14 -15
leaf_value=-0.010797528432971028 0.014473925760186015 -0.025594089356265726 -0.027005916534813341 0.013542313449924929 -3.2681993491899514e-05 -0.0098549720644497095 -0.025093709618335059 0.016793413237845747 0.0049258732188636597 0.0069536021843528981 0.008120962275383517 0.0037200720046436848 -0.011480642790069953 0.015166281165163855
leaf_weight=0.54609181854175348 3.752329503651711 2.0303471770021124 3.3223087780061178 3.8880026731058024 1.4779015802778301 5.7133637520018992 1.2080377675592924 5.7171878181397897 3.4598362944088876 3.7549909931840375 0.86825918778777111 0.91584290750324715 2.3709376368205994 2.6583673247369006
leaf_count=178 34 145 153 57 22 96 28 21 40 40 15 6 21 46
internal_value=0.000217175 -0.00401529 -0.00784096 0.00125655 -0.0201387 0.00283037 0.000325908 0.00421044 -0.00589979 0.00834442 -0.0114779 -0.0178481 -0.000790945 0.00922589
internal_weight=41.6838 15.7071 12.5027 7.70245 4.80021 25.9767 22.2244 16.511 4.66787 11.8431 3.81445 2.94619 6.12593 3.20446
internal_count=902 622 398 223 175 280 246 150 68 82 166 151 61 224
is_linear=0
shrinkage=0.03


Tree=269
num_leaves=15
num_cat=0
split_feature=0 5 0 2 7 1 3 2 2 3 8 1 3 8
split_gain=0.90463 1.51158 1.15729 0.741304 1.03126 1.15472 1.42508 1.35741 1.01129 0.964701 0.845873 0.595385 0.594131 0.689916
threshold=22.803750000000004 1597.0859985351565 23.111250000000009 38.530000000000015 14.650000000000004 13.310000000000004 3.5649924815729093 35.650000000000013 39.350000000000016 3.2208870241535634 29.050000000000004 9.7300000000000058 3.4808772233477079 34.250000000000007
decision_type=2 2 2 2 2 2 2 2 2 2 2 2 2 2
left_child=1 12 -2 4 -4 7 9 10 -5 -7 -6 -10 13 -1
right_child=2 -3 3 8 5 6 -8 -9 11 -11 -12 -13 -14 -15
leaf_value=-0.022480353233823885 0.018867221653846619 0.0095868255830659308 -0.017974112227230572 0.019867778715740806 0.0057337724063886656 0.00079061442969764935 0.01249494484053384 0.018929413415750884 0.0085906702498848228 -0.022860813213559993 -0.014571460549955754 -0.010543435724584157 0.0083970430461338934 -0.00095648105084089662
leaf_weight=4.1816105849575234 2.6881451304070678 2.6153989506419748 2.1479105420876357 2.7684107273817053 3.9358299309387821 2.3232122794724992 1.5465202617924658 3.838027005083859 1.8396313362754884 3.3132982924580574 1.9757263995707033 2.0444928389042616 0.35110941529273976 1.9319896479719316
leaf_count=395 16 85 34 15 41 45 10 26 43 70 25 23 1 60
internal_value=0.000499918 -0.00727009 0.00314504 0.000858328 -0.00220209 0.000689345 -0.00784055 0.00711853 0.00877681 -0.0144621 -0.00217892 -0.00157758 -0.0144605 -0.0167691
internal_weight=37.5013 9.08011 28.4212 25.7331 19.0805 16.9326 7.18303 9.74958 6.65253 5.63651 5.91156 3.88412 6.46471 6.1136
internal_count=889 541 348 332 251 217 125 92 81 115 66 66 456 455
is_linear=0
shrinkage=0.03


Tree=270
num_leaves=15
num_cat=0
split_feature=5 8 8 0 4 8 5 7 4 4 4 3 7 8
split_gain=1.2318 1.4748 1.94956 1.30386 0.838524 0.816564 0.6179 0.881069 1.06506 0.640051 1.04946 0.597111 0.592666 0.591442
threshold=159.07899475097659 29.850000000000005 27.650000000000006 29.022500000000004 75.238409039301516 26.650000000000006 211.42034149169925 12.850000000000003 65.742344928622103 68.842299515200878 74.734951723723057 3.0037835415629695 17.150000000000002 27.750000000000004
decision_type=2 2 2 2 2 2 2 2 2 2 2 2 2 2
left_child=1 2 4 12 5 -1 -2 8 -8 11 13 -9 -3 -11
right_child=6 3 -4 -5 -6 -7 7 9 -10 10 -12 -13 -14 -15
leaf_value=-0.024456334985067989 0.014771939684606295 -0.0061689729603178417 0.014516065291388075 0.0084768233212032043 0.0036472955778769347 0.0052433978615273949 -0.022510131140569031 -0.0028019535894473588 0.011154751759330296 0.00080737265005220032 0.0072634640498502384 0.015595105214079176 -0.029013288802133271 -0.022182088975491444
leaf_weight=2.2902403046609856 4.4091728415223796 2.3602686892263582 4.9230118853156455 1.1328189102932809 2.2583332035865169 0.70622955262660969 1.403858626086733 1.7392629332607601 0.56193652004003514 1.6594573211041264 5.3297942942590453 5.5267846278147772 2.6647400809451938 1.3216416670475153
leaf_count=78 72 29 40 7 102 8 89 114 6 42 95 51 72 59
internal_value=0.00130619 -0.0047667 0.00235665 -0.0152247 -0.00953454 -0.017896 0.00583616 0.00291473 -0.0123704 0.00547358 -0.000362528 0.0113852 -0.021088 -0.0123965
internal_weight=38.2876 16.3356 10.1778 6.15783 5.2548 2.99647 21.9519 17.5427 1.9658 15.5769 8.31089 7.26605 5.02501 2.9811
internal_count=864 336 228 108 188 86 528 456 95 361 196 165 101 101
is_linear=0
shrinkage=0.03


Tree=271
num_leaves=15
num_cat=0
split_feature=0 8 3 3 5 4 7 4 4 4 5 8 3 3
split_gain=0.720541 0.987606 0.759055 0.996907 0.750461 0.800937 1.05442 0.729826 0.658049 1.1076 0.892921 1.31634 0.845647 0.72334
threshold=28.044166666666673 34.350000000000009 3.5649924815729093 3.4946943035642217 224.06324768066409 65.742344928622103 21.150000000000006 79.751922494143841 78.736265874118359 76.964587545673069 256.05905151367193 27.650000000000006 3.2016181948837201 2.5169938541005239
decision_type=2 2 2 2 2 2 2 2 2 2 2 2 2 2
left_child=1 2 3 7 -3 -6 -7 8 9 10 -1 12 13 -12
right_child=-2 4 -4 -5 5 6 -8 -9 -10 -11 11 -13 -14 -15
leaf_value=0.0070807883649422077 0.01238856462929766 -0.023498184301067815 0.018163757298083189 -0.021280887989717747 -0.015642778055517233 0.018361483130229343 -0.0095638803838862824 -0.016288571218771548 0.015597486473830881 -0.017640334017986127 0.010246895546827589 -0.018881371443980867 0.017685416976443661 -0.014591826412122621
leaf_weight=14.83162285311848 3.0908659100532523 1.6805726212915022 1.2864767760038365 0.83025651564821501 1.5197073789313433 1.5871860198676588 1.4341816970845682 0.93243995343800534 2.2055034143268122 1.5786936897493422 0.87686075409874265 2.5911822141497396 1.535922899842262 1.6117190741351803
leaf_count=242 25 43 4 16 29 5 46 94 25 45 42 97 8 141
internal_value=0.000476227 -0.000909823 0.00156686 0.000155305 -0.0108257 -0.0027415 0.00602391 0.00159392 0.00285053 0.00103122 0.00313022 -0.00549331 0.00516889 -0.0054113
internal_weight=37.5932 34.5023 28.2807 26.9942 6.22165 4.54108 3.02137 26.1639 25.2315 23.026 21.4473 6.61568 4.0245 2.48858
internal_count=862 837 714 710 123 80 51 694 600 575 530 288 191 183
is_linear=0
shrinkage=0.03


Tree=272
num_leaves=15
num_cat=0
split_feature=7 7 4 1 8 4 2 6 1 6 6 4 4 4
split_gain=0.683882 1.96683 1.21136 1.08177 1.18709 1.17197 1.38993 1.16537 1.10008 0.797125 0.736025 1.0589 0.740994 0.811047
threshold=26.550000000000004 21.050000000000004 59.046448644179698 11.590000000000005 23.450000000000006 76.770342703194729 38.620000000000012 5.7500000000000009 10.050000000000004 6.3500000000000014 5.4500000000000011 73.767238764647715 79.348307186312283 88.28585784289217
decision_type=2 2 2 2 2 2 2 2 2 2 2 2 2 2
left_child=1 2 -1 4 8 6 7 -5 -4 -3 11 -2 -12 -14
right_child=10 9 3 5 -6 -7 -8 -9 -10 -11 12 -13 13 -15
leaf_value=-0.015813786892417782 -0.020092829012544687 -0.023077815107416046 -0.023809030294573465 0.003630224674987967 0.016561432651292354 0.014165936137828581 0.0067675802841004112 -0.024631017394486292 0.0098633530896166874 0.0047108000171153536 0.014251009645616992 0.005430700488868072 -0.018435553829640815 0.011878556467539976
leaf_weight=1.81501149613178 1.0462846910813812 3.3030723357805973 0.67918434645980752 1.5881024012342075 7.8517979554017074 2.2081999368965617 3.3345369324088097 3.1296962660271674 0.98924289178103209 0.80447274714242656 8.7113973009109014 4.2011096571222879 0.77239624192588852 0.53913033008575439
leaf_count=131 36 82 34 24 104 11 17 47 13 46 199 92 56 1
internal_value=0.00201344 -0.000997008 0.00284042 0.00523068 0.0119997 -0.00155781 -0.0069583 -0.0161466 -0.00762964 -0.0177786 0.00683052 -0.00206006 0.0112497 -0.00622639
internal_weight=40.9736 25.7033 21.5958 19.7808 9.52023 10.2605 8.05234 4.7178 1.66843 4.10755 15.2703 5.24739 10.0229 1.31153
internal_count=893 509 381 250 151 99 88 71 47 128 384 128 256 57
is_linear=0
shrinkage=0.03


Tree=273
num_leaves=15
num_cat=0
split_feature=2 7 2 2 2 4 3 4 4 2 4 3 2 4
split_gain=1.14338 1.09107 0.654836 2.22774 1.38863 0.938435 1.1372 1.10663 0.917844 0.651218 0.774674 1.05041 0.829941 0.61725
threshold=33.110000000000014 31.600000000000005 36.810000000000009 38.530000000000015 39.350000000000016 77.906232716274019 3.1763535302847541 59.855759886877358 63.541786969414048 30.660000000000004 71.204038961733403 3.1547707694454723 18.47000000000001 60.773934429534073
decision_type=2 2 2 2 2 2 2 2 2 2 2 2 2 2
left_child=9 2 5 8 -5 6 7 -2 -4 10 11 -1 -12 -6
right_child=1 -3 3 4 13 -7 -8 -9 -10 -11 12 -13 -14 -15
leaf_value=-0.012604450722571638 0.01215759604442963 -0.023067617592355746 -0.0010969294324424796 0.01561517940395581 -0.019852150837377638 -0.013740511913057335 0.014073064043999831 -0.013813498100823732 -0.033245671911709455 0.011429900316719368 0.010547905927504358 0.017977786003541826 -0.017429561331043814 0.0020130562296110099
leaf_weight=0.68497847882099394 1.4356182365445471 1.3557538975728665 1.1945575165445901 3.1324968291446567 1.2306757763144562 1.527465438004582 6.0885891243815422 2.9247397559229285 1.9374109348282216 8.8964856537058932 0.58048694476019624 1.9779753233306108 2.2699936317512766 2.0831725131720304
leaf_count=88 43 48 40 22 44 20 50 86 23 127 14 10 226 19
internal_value=0.000458375 -0.00366058 -0.00147129 -0.00695866 0.00355242 0.00311537 0.00656436 -0.00458983 -0.0242169 0.00681972 -0.001232 0.00881779 -0.0104724 -0.00882672
internal_weight=37.3204 22.9105 21.5547 9.57831 6.44635 11.9764 10.4489 4.36036 3.13197 14.4099 5.51343 2.66295 2.85048 3.31385
internal_count=860 395 347 148 85 199 179 129 63 465 338 98 240 63
is_linear=0
shrinkage=0.03


Tree=274
num_leaves=15
num_cat=0
split_feature=3 3 3 8 2 7 5 5 0 1 5 0 1 1
split_gain=0.649109 1.31761 1.32932 1.29241 1.86526 0.925018 0.888321 0.857409 1.03998 0.76054 1.44616 1.14477 1.14826 0.342357
threshold=3.057091469495167 3.0872019983601215 3.146726263835673 30.250000000000004 35.500000000000007 19.550000000000004 706.39361572265636 8.7914719581604022 27.143333333333342 14.550000000000006 327.95318603515631 24.569166666666671 9.4600000000000026 16.230000000000008
decision_type=2 2 2 2 2 2 2 2 2 2 2 2 2 2
left_child=5 -2 13 9 6 7 -5 -1 -9 11 -11 12 -4 -3
right_child=1 2 3 4 -6 -7 -8 8 -10 10 -12 -13 -14 -15
leaf_value=0.012084518299337743 0.016632511179458215 -0.023617325732994722 0.011719076390716798 -0.026694072995845284 0.0060377229619738206 -0.021197924261126228 -0.0017408934155469424 -0.020347830299005047 0.0056729933610344934 -0.020805170097257523 0.012521856905866732 0.01969324510718409 -0.012070611602260318 -0.00035135230938062521
leaf_weight=2.048970364034175 3.6398636494996053 1.5871097448980465 2.9066331901703979 2.7100937049835903 5.2351698407437652 1.9049898848752489 2.1907443692907691 1.8149673369480299 2.0542350159958005 1.3606520582688966 1.4000912904739378 5.3184864772483706 2.4311303161084652 0.76900166086852539
leaf_count=12 34 58 40 57 27 292 24 202 22 35 6 44 24 8
internal_value=-0.00016794 0.00190651 -0.0007035 0.00174283 -0.00601167 -0.00733141 -0.017725 -0.000449033 -0.008205 0.00761169 -0.00506819 0.0110497 0.000688933 -0.018391
internal_weight=37.3721 29.549 25.9091 23.553 10.136 7.82316 4.90084 5.91817 3.8692 13.417 2.76074 10.6562 5.33776 2.35611
internal_count=885 357 323 257 108 528 81 236 224 149 41 108 64 66
is_linear=0
shrinkage=0.03


Tree=275
num_leaves=15
num_cat=0
split_feature=4 1 7 7 4 7 6 8 0 6 7 1 4 0
split_gain=0.730493 1.23893 1.58258 1.62937 0.9566 0.909333 1.20374 0.783195 0.571487 0.659013 0.563048 1.21949 0.965787 0.965881
threshold=66.71888253051111 17.870000000000008 21.750000000000004 10.800000000000002 60.396975986830363 36.150000000000013 5.1500000000000012 39.550000000000004 23.554166666666671 5.7500000000000009 31.600000000000005 15.610000000000005 78.099824708760835 24.843333333333337
decision_type=2 2 2 2 2 2 2 2 2 2 2 2 2 2
left_child=1 2 3 4 -1 10 -7 -8 9 -4 11 12 13 -2
right_child=5 -3 8 -5 -6 6 7 -9 -10 -11 -12 -13 -14 -15
leaf_value=-0.016389329579824211 0.0013192080359132423 0.016285466148832979 0.01076104187486113 -0.029081793169062325 0.011307194992891938 0.0098690262987656228 -0.024926097311154888 0.0062974221905661969 0.015449550634642768 -0.016611389215476856 0.014573500865149743 -0.011138206534422036 -0.0086352070390972799 0.016807527436233347
leaf_weight=0.86619800043990514 7.4035401862347623 0.94116105139255601 0.51770951785147212 3.4903733988758177 1.8164576142444273 1.272139604610856 2.1244031522073787 0.49411364411935199 1.528600178658962 0.80089833843521774 3.4131706171319811 3.7212641306687138 2.5233262411784372 6.4647633875720203
leaf_count=69 185 3 4 137 24 41 157 9 8 69 42 49 36 50
internal_value=-1.10543e-05 -0.00658971 -0.0103635 -0.0180297 0.000342281 0.00252697 -0.00941516 -0.0189221 0.00662362 -0.00585838 0.00480528 0.00253585 0.00610211 0.00918398
internal_weight=37.3781 9.9614 9.02024 6.17303 2.68266 27.4167 3.89066 2.61852 2.84721 1.31861 23.5261 20.1129 16.3916 13.8683
internal_count=883 314 311 230 93 569 207 166 81 73 362 320 271 235
is_linear=0
shrinkage=0.03


Tree=276
num_leaves=15
num_cat=0
split_feature=1 8 8 3 6 3 0 3 4 0 6 4 0 8
split_gain=0.523982 1.02782 1.38111 1.10508 1.72003 0.573208 0.554271 0.808878 1.25597 0.772703 1.1834 1.1168 0.841496 0.725203
threshold=13.310000000000004 34.850000000000009 35.850000000000009 3.2056044845911438 5.7500000000000009 3.1799508572211601 24.009166666666676 3.1763535302847541 60.963211953935577 19.458750000000006 5.5500000000000016 73.421663090587387 11.847500000000005 26.350000000000005
decision_type=2 2 2 2 2 2 2 2 2 2 2 2 2 2
left_child=6 3 -3 5 -5 -2 9 8 -8 10 -1 -11 -12 -10
right_child=1 2 -4 4 -6 -7 7 -9 13 11 12 -13 -14 -15
leaf_value=-0.015264514078030542 -0.0077337437630891695 0.021052619976462003 -0.0060424770261767275 -0.0014352192360677731 -0.035570908088658322 0.014800299651114037 0.012190684185111577 0.015702781233974186 0.0047102279301030874 -0.016229137830563598 -0.011020913030546057 0.004654419143295261 0.015148560973625545 -0.019633068474452377
leaf_weight=0.89866291850921864 0.96674876532051568 2.1538520092144608 2.9339682953432202 3.0672758897999302 1.4696056749671695 1.3369697863236067 3.3758454641792905 6.6924657449126244 1.2795431525446477 3.4277544796350412 0.56928987323772151 4.0997097566723824 6.0743185794563033 1.8323859930969773
leaf_count=85 39 11 40 57 14 9 45 41 21 95 166 36 204 29
internal_value=0.00267986 -0.00245042 0.00700184 -0.00947708 -0.0169199 0.00586537 0.00485582 0.00911595 0.00113162 0.00079442 0.00712791 -0.00564323 0.0117576 -0.0109125
internal_weight=40.1784 11.9284 5.08782 6.8406 4.53688 2.30372 28.25 13.1802 6.48777 15.0697 7.54227 7.52746 6.64361 3.11193
internal_count=892 170 51 119 71 48 722 136 95 586 455 131 370 50
is_linear=0
shrinkage=0.03


Tree=277
num_leaves=15
num_cat=0
split_feature=1 1 8 5 7 5 5 8 7 7 4 8 4 8
split_gain=0.922226 0.734147 0.913503 1.7798 1.17947 1.40284 1.05056 0.974681 0.913521 0.711395 1.11209 0.615754 0.579126 0.548377
threshold=19.290000000000006 1.4700000000000033 29.950000000000006 190.60962677001956 34.550000000000004 202.00041961669925 500.79193115234381 34.750000000000007 45.550000000000004 17.150000000000002 76.163366100119546 27.050000000000004 78.201792962166664 24.950000000000006
decision_type=2 2 2 2 2 2 2 2 2 2 2 2 2 2
left_child=1 -1 4 9 5 13 11 12 -6 -4 -11 -7 -5 -3
right_child=-2 2 3 7 8 6 -8 -9 -10 10 -12 -13 -14 -15
leaf_value=-0.015919129792379569 -0.018615326755351182 0.0041234615607545905 -0.0020659819516941763 -0.013354131893239292 -0.022862238784419207 -0.00053405417373107635 0.0087170448175404452 0.011857390837227427 0.0058113445803420396 -0.0021648593839575466 -0.034960736022643643 -0.025260300040530065 0.0059776433016564328 0.01946503469548615
leaf_weight=1.0884087212907605 1.1844292212044809 3.636562185478402 2.8566114045679596 2.3183388002216803 1.0973123927833506 1.7804303648881608 2.9245970215415582 5.9766124146990478 1.3012065654620526 1.6991985731292518 1.5194719643332062 0.94514636567328114 1.6349276984110472 7.5611023344099522
leaf_count=288 70 66 28 51 35 55 55 64 31 22 28 22 12 63
internal_value=0.000340929 0.00144076 0.0024011 -0.00280692 0.00665679 0.00948865 -0.00246745 0.00495537 -0.0101739 -0.0144014 -0.0222644 -0.0135871 -0.00576647 0.0152292
internal_weight=37.5244 36.3399 35.2515 16.0052 19.2464 16.8478 5.65017 9.92988 2.39852 6.07528 3.21867 2.72558 3.95327 11.1977
internal_count=890 820 532 205 327 261 132 127 66 78 50 77 63 129
is_linear=0
shrinkage=0.03


Tree=278
num_leaves=15
num_cat=0
split_feature=4 2 7 8 8 8 4 8 0 0 7 7 7 4
split_gain=1.29001 1.02038 0.801006 0.745616 1.86054 0.852113 0.66281 1.24276 0.781249 1.70747 0.501465 0.520707 0.42007 0.956528
threshold=78.228560088089111 18.47000000000001 16.250000000000004 21.450000000000006 24.950000000000006 39.750000000000007 76.163366100119546 30.250000000000004 24.061250000000008 21.841666666666672 23.450000000000006 45.550000000000004 24.050000000000004 60.963211953935577
decision_type=2 2 2 2 2 2 2 2 2 2 2 2 2 2
left_child=3 -2 -3 -1 -5 6 8 -8 9 10 -6 -12 13 -10
right_child=1 2 -4 4 5 -7 7 -9 12 -11 11 -13 -14 -15
leaf_value=0.012579152853519758 0.010338002003759865 0.0038352251811895046 -0.026943732447984689 -0.019769873647160277 0.013254739878334552 -0.012452613253472087 0.011056971449234169 -0.019005211822682638 0.016476053914485228 -0.020604024438230655 -0.014779507080527521 0.0094646654380298283 0.019254551559325105 -0.0016293384044178546
leaf_weight=4.1796355622354922 0.5681660101981828 0.69009380706120316 2.3868264679622371 2.6854559155181077 3.384990685386593 1.9101087588351209 1.355601133720483 1.7792794024280736 3.7237796185072494 1.7650419865967704 0.78001454385230296 0.54569007724057883 3.3181267753243437 5.5523502486757934
leaf_count=155 10 7 145 113 84 37 21 46 43 37 55 15 21 64
internal_value=1.37629e-05 -0.0147597 -0.0207931 0.00215917 0.000140107 0.00305618 0.00486943 -0.00647539 0.0069641 -0.00140821 0.00813274 -0.0050214 0.0110559 0.00653488
internal_weight=34.6252 3.64509 3.07692 30.9801 26.8004 24.115 22.2049 3.13488 19.07 6.47574 4.7107 1.3257 12.5943 9.27613
internal_count=853 162 152 691 536 423 386 67 319 191 154 70 128 107
is_linear=0
shrinkage=0.03


Tree=279
num_leaves=15
num_cat=0
split_feature=5 3 3 4 4 0 3 0 4 0 4 6 4 4
split_gain=0.832478 2.06479 0.884416 0.601779 0.890167 0.815136 0.7187 0.547016 0.832727 0.721684 0.912643 1.17648 0.511632 0.481561
threshold=21.708230972290043 3.0037835415629695 3.2451076540396682 71.130346869126086 74.592461682090814 27.561666666666671 3.2390340526490213 22.803750000000004 88.28585784289217 24.902916666666673 76.264899364018717 5.9500000000000011 65.742344928622103 73.883665766350347
decision_type=2 2 2 2 2 2 2 2 2 2 2 2 2 2
left_child=2 -2 13 5 6 12 -5 8 -6 -9 -11 -12 -3 -1
right_child=1 3 -4 4 7 -7 -8 9 -10 10 11 -13 -14 -15
leaf_value=0.019108309540751319 -0.022707773966767625 0.00042312211897005457 -0.0047920819068183072 -0.022452206173328042 -0.018959734278480599 -0.0079286808154330896 -0.000202234697901239 0.012979601248810958 0.010884183616353908 0.012598719951085585 -0.026589018100540113 0.0074573688768838986 0.01477272488172535 0.0025507613465060304
leaf_weight=4.0954628456383926 2.6103177365439505 3.409149002167398 2.7710448892321438 1.9325103873852629 1.2333515647915172 2.10819172207266 2.3895937651395798 4.4004359293030575 0.54041398316621769 1.0123132783919575 1.1498009873321282 0.98713539913296688 5.8527896520681679 2.7987514990963973
leaf_count=26 395 40 27 58 66 19 30 24 2 12 47 9 67 62
internal_value=0.00121332 -0.00148553 0.00834337 0.00151668 -0.00266283 0.00634238 -0.0125001 0.00266657 -0.00922126 0.00621143 -0.00409465 -0.013498 0.0100468 0.0135612
internal_weight=37.2913 27.626 9.66526 25.0157 13.6456 11.3701 4.3221 9.32345 1.77377 7.54969 3.14925 2.13694 9.26194 6.89421
internal_count=884 769 115 374 248 126 88 160 68 92 68 56 107 88
is_linear=0
shrinkage=0.03


Tree=280
num_leaves=15
num_cat=0
split_feature=6 2 0 5 2 7 5 2 5 4 4 6 5 8
split_gain=1.02236 1.08764 0.921329 1.0488 1.15167 1.07626 1.04512 1.41463 0.918344 0.75284 0.506952 0.50421 0.395714 0.368055
threshold=5.3500000000000014 33.810000000000009 22.867916666666673 2474.693237304688 31.170000000000005 23.450000000000006 146.02478790283206 37.610000000000007 224.06324768066409 78.099824708760835 79.685427652029958 7.2500000000000009 18.491278648376468 28.950000000000006
decision_type=2 2 2 2 2 2 2 2 2 2 2 2 2 2
left_child=1 8 3 4 5 13 7 9 -1 12 -10 -8 -4 -2
right_child=2 -3 6 -5 -6 -7 11 -9 10 -11 -12 -13 -14 -15
leaf_value=0.011544511373721852 -0.0027995248735073323 -0.026093896871482961 0.015240335576192258 0.013191190592352223 -0.024114356432043949 -0.012966380644961377 0.015947811050562741 -0.015148411938236702 -0.020207175471676372 -0.0066421326806924393 0.0056110351963170584 -0.00020536640590131542 0.0003632788664724304 0.01767275963521257
leaf_weight=2.0921219186275262 0.79715730890166314 1.1388842866290358 4.772940417518841 1.5147412861697374 1.8935272424132561 1.9382855116273274 9.8923869878053647 2.646307112183421 1.0220883717411196 2.2019757905509323 0.50209287647157896 2.0395898766582823 2.2999932398088276 1.5368967679096384
leaf_count=46 43 37 30 47 150 202 98 33 45 25 19 44 30 15
internal_value=0.00263659 -0.0091304 0.00463711 -0.00402037 -0.00949944 0.000323168 0.00747438 0.000981073 0.000707198 0.00660954 -0.0128487 0.0133843 0.0110468 0.0119383
internal_weight=36.289 4.75519 31.5338 7.68061 6.16587 4.27234 23.8532 11.9212 3.6163 9.27491 1.52418 11.932 7.07293 2.33405
internal_count=864 147 717 457 410 260 260 118 110 85 64 142 60 58
is_linear=0
shrinkage=0.03


Tree=281
num_leaves=15
num_cat=0
split_feature=1 1 5 0 0 0 6 3 8 3 5 0 8 8
split_gain=0.736299 0.801464 0.872985 0.667065 1.03971 0.826401 0.695534 0.830899 0.646468 1.13236 0.505662 1.09253 0.900409 0.460279
threshold=11.520000000000005 12.200000000000006 500.79193115234381 22.867916666666673 14.951250000000003 11.847500000000005 6.8500000000000014 2.953348854607067 27.650000000000006 3.1905641925249002 82.57599258422853 27.17250000000001 29.850000000000005 29.250000000000004
decision_type=2 2 2 2 2 2 2 2 2 2 2 2 2 2
left_child=3 -2 10 4 5 -1 -5 -8 -6 13 12 -12 -3 -10
right_child=1 2 -4 6 8 -7 7 -9 9 -11 11 -13 -14 -15
leaf_value=-0.010881225195082054 -0.019855077042578884 0.010765187738875911 0.0086362326210037525 0.014429350539478657 -0.017540162864353028 0.016549628516421801 0.0099567486206906704 -0.012635877596758277 0.016923842508448295 -0.018956143772027038 -0.024266286700555435 9.6379816391691195e-05 -0.0099886227318222547 -0.0016988133279268105
leaf_weight=0.55868992488831493 1.4137488892301942 2.9087020314764214 4.6376190085429689 6.872890920378266 2.350484992202837 2.8668109638965689 2.1013890131725934 1.7812608093954621 1.4915072014555337 0.97921675723046053 2.095294808736071 3.5472965086810291 2.6333507440285757 1.9791634064167736
leaf_count=197 27 24 41 56 107 116 47 23 14 27 67 39 38 72
internal_value=0.000741109 -0.00373572 -0.00120076 0.00442142 -0.00108212 0.0106279 0.00930087 -0.00087328 -0.00758701 -7.58703e-05 -0.00565362 -0.0112416 0.000884392 0.00829961
internal_weight=38.2174 17.236 15.8223 20.9814 10.2259 3.4255 10.7555 3.88265 6.80037 4.44989 11.1846 5.64259 5.54205 3.47067
internal_count=895 236 209 659 533 313 126 70 220 113 168 106 62 86
is_linear=0
shrinkage=0.03


Tree=282
num_leaves=15
num_cat=0
split_feature=0 1 7 7 3 1 6 0 7 2 2 7 7 0
split_gain=0.938752 1.52846 1.27657 1.8478 1.38695 1.36681 1.21944 0.732419 0.714964 0.685835 1.00183 0.591198 0.530815 0.503853
threshold=22.803750000000004 11.520000000000005 26.550000000000004 16.850000000000005 3.2338764589019799 15.170000000000005 7.1500000000000012 24.267500000000009 26.950000000000006 31.170000000000005 34.970000000000006 33.45000000000001 45.550000000000004 23.111250000000009
decision_type=2 2 2 2 2 2 2 2 2 2 2 2 2 2
left_child=8 6 3 4 5 -3 -2 -8 9 -1 -11 -4 -10 -13
right_child=1 2 11 -5 -6 -7 7 -9 12 10 -12 13 -14 -15
leaf_value=0.0086875687175111873 0.017374170492081713 -0.019442838493000318 0.014084458973443995 -0.01917197630430565 0.018568373882422419 0.0076996943060601694 0.010182282629171722 -0.017746808789936952 -0.023101721238397311 -0.021318949748549171 0.0081742042400743328 0.010240995648958235 0.0014486446513740717 -0.011349106736781965
leaf_weight=2.7945244397269544 7.7736542008351552 2.2526981360279041 4.224587970878928 5.1068072897614911 2.2108773291110992 2.6143238949589431 0.60810410307021801 1.0252475052839143 2.0483074036019393 1.4033391756238418 1.101152552757412 0.66987467557191882 0.91933646734105412 1.4419600969413293
leaf_count=110 63 33 26 76 11 22 12 48 168 90 56 2 114 56
internal_value=0.000920339 0.00355947 -0.00153161 -0.00704386 0.00299685 -0.00603586 0.0127671 -0.00743065 -0.00741766 -0.000174031 -0.00971936 0.00858356 -0.0170481 -0.00341049
internal_weight=36.1948 27.9281 18.5211 12.1847 7.0779 4.86702 9.40701 1.63335 8.26666 5.29902 2.50449 6.33642 2.96764 2.11183
internal_count=887 349 226 142 66 55 123 60 538 256 146 84 282 58
is_linear=0
shrinkage=0.03


Tree=283
num_leaves=15
num_cat=0
split_feature=2 2 2 4 5 3 2 7 3 3 6 7 2 4
split_gain=0.815605 1.21041 1.60031 1.30583 1.29235 1.0104 1.39144 0.886986 0.556694 1.1687 1.09128 1.06398 0.848322 0.49856
threshold=30.460000000000001 33.070000000000014 34.720000000000006 73.421663090587387 416.18601989746099 3.2727737905361018 33.850000000000001 26.950000000000006 3.2903523141951179 3.2338764589019799 6.4500000000000011 11.650000000000004 41.650000000000013 64.041897412055818
decision_type=2 2 2 2 2 2 2 2 2 2 2 2 2 2
left_child=7 3 5 4 -2 -3 -7 -1 9 10 -4 12 -12 -13
right_child=1 2 8 -5 -6 6 -8 -9 -10 -11 11 13 -14 -15
leaf_value=0.003580560661679505 -0.021856086400350402 -0.025366059335191305 -0.014684170762925637 0.017369647495379805 0.0096167430663558692 0.016042235765349501 -0.017244710180475863 -0.021716288009001126 -0.0090211169996764068 0.019161616721205414 -0.021568835222590784 0.015433521746950422 0.0079670268509788485 0.00017724639996447155
leaf_weight=1.7187857028911815 1.1232991955475902 2.6543778969207805 2.4138572933152345 6.0781254419125617 1.7380411603371611 1.29159694199916 1.2307291493052614 1.9938117683341259 2.2551124310120931 2.8019598424434653 1.1951960746664534 4.3807146619074047 0.77726238558534522 3.0407022309955209
leaf_count=90 39 92 40 60 39 17 25 250 24 17 61 58 12 32
internal_value=-8.08465e-05 0.00163829 -0.00219059 0.0103495 -0.00519922 -0.0152837 -0.000484322 -0.0117302 0.00245894 0.00469537 3.44782e-05 0.00486549 -0.0111653 0.00994602
internal_weight=34.6936 30.981 22.0415 8.93947 2.86134 5.1767 2.52233 3.7126 16.8648 14.6097 11.8077 9.39388 1.97246 7.42142
internal_count=856 516 378 138 78 134 42 340 244 220 203 163 73 90
is_linear=0
shrinkage=0.03


Tree=284
num_leaves=15
num_cat=0
split_feature=1 7 2 6 3 4 5 4 2 1 3 4 5 6
split_gain=0.690466 1.27844 1.50231 1.19282 0.948894 0.925612 1.19525 1.07091 0.900097 0.7184 0.531726 0.514612 0.361984 0.357619
threshold=12.440000000000007 29.250000000000004 38.620000000000012 6.2500000000000009 3.2727737905361018 71.204038961733403 5.4549217224121103 59.523730020147617 33.910000000000011 9.7300000000000058 3.2632768589153707 76.264899364018717 6.7396569252014169 5.5500000000000016
decision_type=2 2 2 2 2 2 2 2 2 2 2 2 2 2
left_child=4 2 3 11 5 7 -7 12 -8 -9 -3 13 -1 -2
right_child=1 10 -4 -5 -6 6 8 9 -10 -11 -12 -13 -14 -15
leaf_value=0.0058597911066676552 0.010678898536024425 0.014611393989945329 0.0071278811354346704 -0.030516897679822384 0.013733578247902608 0.0064512104170543726 -0.026320288470874469 0.013189947142213686 0.0020702839794793154 -0.0042869313195613452 -0.0027732233377291884 -0.014657274998817166 -0.018061596578764414 -0.006406181409932714
leaf_weight=0.22918173670769348 1.3402917291969045 2.1909014633856705 2.3459449075162411 2.7145625740522519 4.4629976642318061 2.1788669212255618 2.3876196380006154 6.63295910367742 1.2341779104899613 2.3702991465106606 2.6176584102213383 1.7565686353482304 1.2750252941623328 1.180481109768152
leaf_count=1 18 29 13 39 45 34 234 151 16 37 50 26 154 24
internal_value=-0.000527835 -0.00543344 -0.0115003 -0.0178603 0.00290929 -0.000675287 -0.00941529 0.00454855 -0.0182911 0.0086202 0.00629949 -0.00556731 -0.0135324 0.0031309
internal_weight=34.9175 14.1464 9.33785 6.9919 20.7711 16.3081 5.80066 10.5075 3.6218 9.00326 4.80856 4.27734 1.50421 2.52077
internal_count=871 199 120 107 672 627 284 343 250 188 79 68 155 42
is_linear=0
shrinkage=0.03


Tree=285
num_leaves=15
num_cat=0
split_feature=1 6 2 8 3 5 6 3 6 8 3 1 4 8
split_gain=0.743759 1.19564 1.97135 2.51142 1.7352 0.830094 0.621505 0.980328 0.623573 0.6048 0.935435 0.577676 0.525435 0.416272
threshold=10.870000000000006 5.1500000000000012 35.500000000000007 29.950000000000006 3.3077568695761825 96.05206680297853 7.5500000000000016 3.0872019983601215 5.4500000000000011 27.750000000000004 3.2016181948837201 10.620000000000003 75.09846144934474 19.250000000000004
decision_type=2 2 2 2 2 2 2 2 2 2 2 2 2 2
left_child=6 -2 3 4 12 -4 7 13 11 10 -10 -9 -3 -1
right_child=1 2 5 -5 -6 -7 -8 8 9 -11 -12 -13 -14 -15
leaf_value=-0.0067724980747531048 0.013591700927951754 -0.02719854041849477 -0.0059077079695345636 -0.034237797518065993 0.011362234422350809 0.010517969632130281 -0.012614474144924951 -0.020419687257237078 -0.0026218931430887077 -0.0083763506466153267 0.020325384600028133 0.0055476756827839363 -0.00042252961392312842 0.015345707412305346
leaf_weight=0.28634594185860507 2.4531646044924882 1.0667287327814876 4.0494305896572751 2.8252983356360346 3.0637162141501904 5.3441458707675338 0.68264149589231138 1.1551695975358578 2.8328379572485574 1.6659994655055923 2.1591436509042978 0.661074774339795 1.0158310728147624 7.6764661335328128
leaf_count=93 47 31 31 73 24 44 103 62 43 29 14 7 11 262
internal_value=0.00111279 -0.00278742 -0.00571537 -0.0158122 -0.00177194 0.00354998 0.00553246 0.00696633 -0.000312702 0.00415647 0.009039 -0.0123543 -0.0185118 0.0138834
internal_weight=36.938 19.8183 17.3652 7.97157 5.14628 9.39358 17.1197 16.437 8.47423 6.65798 4.99198 1.81624 2.08256 7.96281
internal_count=874 261 214 139 66 75 613 510 155 86 57 69 42 355
is_linear=0
shrinkage=0.03


Tree=286
num_leaves=15
num_cat=0
split_feature=5 1 1 5 6 1 7 3 3 7 4 4 5 3
split_gain=0.925898 0.76849 1.43758 2.0999 1.49831 0.672821 0.542492 0.484535 1.11471 0.941311 1.13566 0.664888 0.756814 0.356997
threshold=1264.7280273437502 13.420000000000007 16.700000000000006 327.95318603515631 6.5500000000000016 2.0600000000000041 13.650000000000004 3.2178519956479041 3.1799508572211601 16.250000000000004 60.963211953935577 60.396975986830363 46.50227355957032 3.2508857458718872
decision_type=2 2 2 2 2 2 2 2 2 2 2 2 2 2
left_child=1 5 6 4 -4 -1 -3 8 9 10 11 12 -7 -9
right_child=-2 2 3 -5 -6 7 -8 13 -10 -11 -12 -13 -14 -15
leaf_value=-0.014111779043872419 -0.018783215082949431 -0.0019065941050530628 -0.026143395495016136 0.018386611086618775 0.00751516606562431 0.011936529784109412 -0.025698274193744396 0.01799282776114285 -0.015640749493236628 0.010458899929492742 -0.017389751956530988 0.018252636929315686 -0.016242412390085389 0.0047307001344899608
leaf_weight=0.85242741988622839 1.3019877712940786 1.4241120107471927 1.6679371024947616 2.9668112089857459 1.5177865405566988 0.59387555718422225 2.1502984242979437 2.541166032664476 1.9040040131658305 8.3654745210660604 2.239533995045349 1.1698386278003452 0.96962374896975234 6.0314801917411387
leaf_count=251 108 11 68 20 20 2 38 14 26 163 46 3 66 54
internal_value=-0.000355193 0.000853369 -0.00591689 0.00309105 -0.012143 0.00364955 -0.0187082 0.00482836 0.00140597 0.00476045 -0.00497173 0.00713549 -0.00505797 0.0101309
internal_weight=35.6964 34.3944 9.72695 6.15253 3.18572 24.6674 3.57441 23.815 15.2424 13.3383 4.97287 2.73334 1.5635 8.57265
internal_count=890 782 157 108 88 625 49 374 306 280 117 71 68 68
is_linear=0
shrinkage=0.03


Tree=287
num_leaves=15
num_cat=0
split_feature=0 6 7 6 2 2 0 4 2 4 4 4 6 3
split_gain=1.26277 0.909984 1.48473 1.40025 0.980263 1.17694 0.97805 0.880533 0.766343 0.45501 0.399718 0.826575 1.69707 0.328473
threshold=27.561666666666671 6.5500000000000016 10.050000000000002 5.3500000000000014 36.090000000000003 33.910000000000011 24.177083333333339 79.348307186312283 33.850000000000001 80.571415799353517 75.238409039301516 71.204038961733403 5.5500000000000016 3.1562340127413782
decision_type=2 2 2 2 2 2 2 2 2 2 2 2 2 2
left_child=1 3 -3 6 5 -4 -1 10 -8 -9 11 13 -13 -5
right_child=-2 2 4 7 -6 -7 8 9 -10 -11 -12 12 -14 -15
leaf_value=-0.022546397320324436 -0.016701113123262615 0.011223535861318881 -0.017194822729818728 0.0028402557206019322 -0.025765279579791134 0.011675658196959888 0.014172046262162437 -0.0149173005079233 -0.010894884790829323 0.004527582749745471 0.016174655956690889 0.011481202292727078 -0.019797677516278488 0.016190313164124077
leaf_weight=1.5805788491561568 2.4682280491106203 2.2172169415280214 1.3168226671696177 3.0926402935292625 2.2203880838351324 1.8277036431245504 1.3326560569694268 1.2598755412327585 1.1110772234387694 1.4002592769975306 6.4920255867473307 2.3739911887096241 1.9461768031469544 4.5184891745448112
leaf_count=86 46 71 149 97 66 35 26 25 20 37 94 26 64 28
internal_value=0.000552632 0.00231243 -0.00625575 0.00504038 -0.014108 -0.00164604 -0.00957826 0.0081381 0.00292083 -0.00624126 0.0104288 0.00629328 -0.00368221 0.0117255
internal_weight=35.1581 32.6899 7.58213 25.1078 5.36491 3.14453 4.02431 21.0835 2.44373 2.66013 18.4233 11.9313 4.32017 7.61113
internal_count=870 824 321 503 250 184 132 371 46 62 309 215 90 125
is_linear=0
shrinkage=0.03


Tree=288
num_leaves=15
num_cat=0
split_feature=8 1 1 0 2 2 3 3 1 1 6 7 0 2
split_gain=1.31061 0.849598 1.04591 0.825695 0.705909 0.881073 1.24931 1.79795 1.35957 0.691816 0.584815 0.584332 0.778124 0.40551
threshold=39.750000000000007 19.290000000000006 17.400000000000006 27.402916666666673 38.030000000000008 31.170000000000005 3.2727737905361018 2.661772263390878 12.440000000000007 1.4700000000000033 7.1500000000000012 23.750000000000004 24.009166666666676 40.860000000000014
decision_type=2 2 2 2 2 2 2 2 2 2 2 2 2 2
left_child=1 2 3 4 5 9 7 -7 -8 -1 -6 -9 -13 -12
right_child=-2 -3 -4 -5 10 6 8 11 -10 -11 13 12 -14 -15
leaf_value=-0.012269146260305572 -0.022310242715472058 -0.01805139162399063 0.015026161962266422 -0.016891676401774115 0.018421146371510155 0.012897322179815172 0.017775751490317244 -0.021213561316062939 -0.0073723243706326535 0.009467409416800892 -0.013142643002811321 -0.014634141854579098 0.0098051104868088438 0.0079544485314045725
leaf_weight=0.67661935763318037 1.4478043790440995 1.114727968466467 3.4963015944231293 1.5369889242574561 2.3525658098515119 1.5604354735696677 2.7835993170738211 5.7556608801241946 3.1274121589958668 7.4315170664922334 0.60286198632093124 1.4212836918886753 1.3300289600156245 0.74233391956659034
leaf_count=223 39 63 24 20 17 61 25 145 25 144 35 32 16 17
internal_value=-0.00110829 0.000409119 0.00155142 -0.000497897 0.000964314 -0.00106808 -0.0050681 -0.0111025 0.00532884 0.0065056 0.0116122 -0.0163984 -0.00335542 -0.00307289
internal_weight=35.3801 33.9323 32.8176 29.3213 27.7843 24.0866 15.9784 10.0674 5.91101 8.10814 3.69776 8.50697 2.75131 1.3452
internal_count=886 847 784 760 740 671 304 254 50 367 69 193 48 52
is_linear=0
shrinkage=0.03


Tree=289
num_leaves=15
num_cat=0
split_feature=5 4 3 4 8 8 8 8 0 8 4 5 4 8
split_gain=0.880415 1.16283 0.894528 0.722833 1.03165 1.07152 0.960716 0.678663 0.841946 0.593347 0.29573 0.286456 0.354556 0.25439
threshold=21.708230972290043 77.736845075193898 3.0037835415629695 68.471766099244022 30.150000000000006 38.45000000000001 29.450000000000006 28.650000000000006 24.478750000000002 27.550000000000004 76.770342703194729 909.61682128906261 74.242404663355799 28.050000000000004
decision_type=2 2 2 2 2 2 2 2 2 2 2 2 2 2
left_child=1 10 -2 9 6 -6 7 8 11 -4 13 12 -5 -1
right_child=2 -3 3 4 5 -7 -8 -9 -10 -11 -12 -13 -14 -15
leaf_value=-0.0031866177379953151 -0.01771300067844455 -0.012039274298475143 -0.0077712028430379316 -0.020025566399222157 -0.022567439671296194 0.0047461826356233767 0.015692259363885887 -0.018928713410623153 0.0089089726744344382 0.009127423617010225 0.018750435935731478 0.0033909612774218169 0.0016908213686928643 0.0094542176755340913
leaf_weight=1.6090819935779999 2.7097694703843471 1.5428933975636026 1.6628337764996128 1.3544801025418554 3.5490135918953447 1.3845919726882128 1.8152526576886883 1.1883356570033354 3.6253859010757878 6.3297813753597438 2.4297605096362531 0.68285340990405519 0.74579876702046011 3.0060656918212771
leaf_count=24 392 49 42 37 86 28 16 15 55 45 13 14 33 28
internal_value=-0.00121603 0.00659744 -0.00404533 -0.00169944 -0.00559574 -0.015394 0.000525471 -0.00450239 0.0003666 0.00513851 0.0116682 -0.0101745 -0.0142561 0.00526434
internal_weight=33.6359 8.5878 25.0481 22.3383 14.3457 4.93361 9.41211 7.59685 6.40852 7.99262 7.04491 2.78313 2.10028 4.61515
internal_count=877 114 763 371 284 114 170 154 139 87 65 84 70 52
is_linear=0
shrinkage=0.03


Tree=290
num_leaves=15
num_cat=0
split_feature=4 0 0 2 6 6 2 4 4 7 5 4 5 0
split_gain=0.918668 0.931129 1.11222 0.956128 0.831395 0.81953 0.701911 0.45197 0.759989 0.797873 2.07577 0.365007 0.338392 0.459317
threshold=69.112491173187792 27.23833333333334 24.177083333333339 33.010000000000012 5.4500000000000011 5.7500000000000009 34.970000000000006 66.506170407983959 64.801358147137861 21.750000000000004 352.02584838867193 76.898710819713401 170.42290496826175 24.85916666666667
decision_type=2 2 2 2 2 2 2 2 2 2 2 2 2 2
left_child=7 2 3 4 11 -6 -4 8 9 10 12 -2 13 -1
right_child=1 -3 6 -5 5 -7 -8 -9 -10 -11 -12 -13 -14 -15
leaf_value=0.01024944283548544 -0.021784973269900323 -0.022606832914220994 0.010260853461927722 -0.025831248520608127 0.0099751042232592811 -0.012834519131798871 -0.0044713850920139525 0.01419285867324443 -0.010445681864775786 0.018033327034038201 -0.02206757282510691 -0.00086264052329163617 0.014822299501840218 -0.0089198687859891723
leaf_weight=1.2048931561876073 1.2002372459974195 0.96063361852429707 7.2664886257844028 1.2056866660714147 4.1064630302716978 1.0159426373720633 3.7798969307914376 3.9283845587051465 2.077096165274269 2.6279861871153116 1.6064036113675682 1.2692977120459543 3.124679179629311 1.2999949320219455
leaf_count=22 46 32 93 33 70 180 33 64 38 55 126 36 40 24
internal_value=0.00122782 -0.00287447 -0.000880494 -0.00834911 -0.00288943 0.00409379 0.00526701 0.00645746 0.00301257 0.00654717 0.000692511 -0.0143794 0.00953614 0.000594391
internal_weight=36.6741 20.8046 19.844 8.79763 7.59194 5.12241 11.0464 15.8694 11.9411 9.86396 7.23597 2.46953 5.62957 2.50489
internal_count=892 523 491 365 332 250 126 369 305 267 212 82 86 46
is_linear=0
shrinkage=0.03


Tree=291
num_leaves=15
num_cat=0
split_feature=1 8 7 5 0 3 3 1 7 0 5 1 7 3
split_gain=0.820143 0.471442 1.08232 0.952935 1.01879 1.18481 0.816637 0.537348 0.514472 0.443853 1.3194 0.496427 0.362012 0.275687
threshold=19.290000000000006 21.250000000000004 36.650000000000013 12.782201290130617 26.945833333333344 3.057091469495167 3.0872019983601215 12.750000000000004 26.650000000000006 22.803750000000004 909.61682128906261 12.440000000000007 18.450000000000006 2.4448084222322017
decision_type=2 2 2 2 2 2 2 2 2 2 2 2 2 2
left_child=1 2 8 7 5 13 -7 -3 -1 10 -8 12 -11 -5
right_child=-2 3 -4 4 -6 6 9 -9 -10 11 -12 -13 -14 -15
leaf_value=-0.0012478031166207092 -0.016725482338985759 -0.0012216977264691736 -0.012860962946698851 0.0010143377465112249 0.013694188476850699 0.01580264986334725 -0.023122464389257694 -0.020260497117258532 0.022522875333673906 -0.0013874521792193062 0.0060673774692363847 -0.0039747461778495505 0.012253894197228525 -0.020103894523223045
leaf_weight=0.92973828868707586 1.0315941883018229 3.1813541310839382 0.5999843273020814 0.58080546674319267 5.9164050389081231 2.7351609064498943 1.4984302148222917 1.4854197439271954 2.6099310892168432 2.3248688271269184 2.4440025105141103 4.5255945567041636 4.3513093153014779 1.7641825487953608
leaf_count=83 71 43 86 47 38 22 60 21 31 23 26 36 33 248
internal_value=0.00191392 0.0029141 0.0113472 0.00145981 0.0037544 0.000338419 0.00323899 -0.00978761 0.0173797 0.000131604 -0.00746066 0.00319613 0.00794162 -0.0161338
internal_weight=35.9788 34.9472 4.13965 30.8075 26.1408 20.2244 17.8794 4.66677 3.53967 15.1442 3.94243 11.2018 6.67618 2.34499
internal_count=868 797 200 597 533 495 200 64 114 178 86 92 56 295
is_linear=0
shrinkage=0.03


Tree=292
num_leaves=15
num_cat=0
split_feature=2 8 2 2 8 3 3 0 4 4 3 3 0 1
split_gain=0.857089 1.02613 0.888773 1.00113 0.672925 0.594016 1.20787 0.881706 0.882042 1.04088 0.772387 0.758503 0.45754 0.419045
threshold=39.350000000000016 27.850000000000005 38.530000000000015 37.430000000000007 17.650000000000002 2.5169938541005239 3.1894620129180069 12.422083333333338 69.495837717070586 68.017055839447892 3.2508857458718872 3.0784820990345931 12.106666666666671 12.440000000000007
decision_type=2 2 2 2 2 2 2 2 2 2 2 2 2 2
left_child=2 -2 3 4 -1 -6 7 12 9 11 -8 -9 -7 -12
right_child=1 -3 -4 -5 5 6 10 8 -10 -11 13 -13 -14 -15
leaf_value=-0.014951470437426589 0.0055668417997488031 -0.025168407207539368 0.015752231734295376 -0.015032718715708949 0.016703889209933973 -0.0076884067348573486 0.013881362685575984 -0.021188341180815393 -0.021031799918620645 0.01196223441289391 0.0070500443441688446 0.0048979777413666681 0.016622857288627883 -0.0038710151667885697
leaf_weight=0.9188388945767717 1.1798511455417604 1.3040072431322185 3.0082939101848742 2.2836020003887816 1.7847799911396602 0.33450440829619932 6.569484070409092 1.56400076916907 2.9103462539496832 1.9940567512530831 4.8750872358214092 1.1372312820749355 1.152575423242524 5.9042388495290652
leaf_count=100 27 28 23 42 43 120 42 106 156 25 48 19 12 80
internal_value=0.00107479 -0.0131616 0.00244406 0.000723759 0.00241605 0.00347364 0.00200444 -0.00641681 -0.0104914 -0.00141226 0.00652729 -0.0118498 0.0102617 0.00124737
internal_weight=36.9209 2.48386 34.437 31.4287 29.1451 28.2263 26.4415 9.09271 7.60564 4.69529 17.3488 2.70123 1.48708 10.7793
internal_count=871 55 816 793 751 651 608 438 306 150 170 125 132 128
is_linear=0
shrinkage=0.03


Tree=293
num_leaves=15
num_cat=0
split_feature=7 4 1 0 1 0 6 7 7 3 6 6 5 7
split_gain=0.418534 0.785827 0.559947 0.868094 0.671256 0.653866 0.558345 0.544326 0.894576 1.25605 0.785794 2.00364 1.14233 0.840826
threshold=36.150000000000013 75.713853294766523 17.400000000000006 27.402916666666673 15.610000000000005 26.945833333333344 6.4500000000000011 18.450000000000006 16.750000000000004 3.1816206352315439 6.3500000000000014 5.5500000000000016 129.1579284667969 23.650000000000006
decision_type=2 2 2 2 2 2 2 2 2 2 2 2 2 2
left_child=2 -2 3 4 5 7 -4 8 9 -1 11 12 -9 -14
right_child=1 -3 6 -5 -6 -7 -8 10 -10 -11 -12 -13 13 -15
leaf_value=-0.0077470666207469932 -0.019683072250072878 0.0026585948434221284 -0.0011754067417365959 -0.013577846524093259 -0.013273273745228856 0.016054825632734401 0.018592044991003628 0.021272364646609913 -0.022818815218600651 0.015561759528349752 0.01559151087320201 -0.016158367311736213 0.010288189968642775 -0.012841546774363137
leaf_weight=4.7440760717145336 1.2869594924268302 3.2043985137424897 1.8359145610593248 2.271934511139988 1.1959334083367128 2.5750829093158236 2.5638850248651579 2.8351528312778083 0.80024819343816478 2.2649894766509533 3.7236743044049936 3.1597822009352967 1.8063330014701935 1.8704182949149979
leaf_count=191 100 138 37 26 17 11 13 19 34 15 115 88 20 39
internal_value=0.00156634 -0.00616179 0.00281825 0.00102954 0.00282988 0.0041427 0.0116535 0.00203821 -0.00394699 0.000787762 0.0055593 0.000597746 0.00979702 -0.00170814
internal_weight=36.1388 4.49136 31.6474 27.2476 24.9757 23.7798 4.3998 21.2047 7.80931 7.00907 13.3954 9.67169 6.5119 3.67675
internal_count=863 238 625 575 549 532 50 521 240 206 281 166 78 59
is_linear=0
shrinkage=0.03


Tree=294
num_leaves=15
num_cat=0
split_feature=6 4 3 1 4 6 5 7 3 7 7 7 4 4
split_gain=0.587895 0.97803 1.87975 1.06502 0.664516 1.16638 1.18998 0.841532 0.635956 0.54243 0.954306 1.30957 1.21942 0.849118
threshold=6.8500000000000014 60.963211953935577 3.1992860714962479 9.4600000000000026 78.228560088089111 5.3500000000000014 207.83186340332034 32.45000000000001 2.661772263390878 36.150000000000013 25.150000000000006 21.050000000000004 75.492932979406447 65.784873437389209
decision_type=2 2 2 2 2 2 2 2 2 2 2 2 2 2
left_child=4 3 8 -2 5 6 -1 -6 -3 10 11 13 -13 -7
right_child=1 2 -4 -5 7 9 -8 -9 -10 -11 -12 12 -14 -15
leaf_value=0.0059759302505226807 -0.014836815825316704 0.0015900388233022508 0.014968074622236876 0.011789469264412704 -0.013945057627673632 -0.0050785037520369039 -0.022545878798166878 0.0067150190532584818 -0.02922692895091045 -0.0036082978557917841 0.020484685920382915 -0.022702361776672831 0.0097209592679747912 0.014153294366299972
leaf_weight=2.3865167868789352 0.89810635522007753 0.62632206850685257 0.84901852160692204 4.1523857992142439 2.3982750994910011 2.0265055925701807 1.2769870537449604 2.8226421597646549 2.0748825478949584 1.8908936977095425 6.4470448562933589 1.4917894717073061 1.0464507375145329 9.5039435781654884
leaf_count=36 148 12 3 27 42 55 49 120 97 83 90 50 17 92
internal_value=0.00388572 -0.00281491 -0.0130998 0.00538502 0.00575761 0.00767042 -0.00666861 -0.00349145 -0.0235824 0.0101996 0.0115808 0.00641192 -0.0103656 0.0106377
internal_weight=39.8918 8.60072 3.55022 5.05049 31.291 26.0701 3.6635 5.22092 2.7012 22.4066 20.5157 14.0687 2.53824 11.5304
internal_count=921 287 112 175 634 472 85 162 109 387 304 214 67 147
is_linear=0
shrinkage=0.03


Tree=295
num_leaves=15
num_cat=0
split_feature=4 5 7 2 2 7 5 5 5 2 7 0 0 0
split_gain=0.76924 1.35294 0.701903 1.435 0.993175 0.641958 0.758748 0.628892 1.50417 0.757205 0.521919 0.492934 0.378002 0.591883
threshold=77.906232716274019 706.39361572265636 14.450000000000001 38.530000000000015 39.350000000000016 36.150000000000013 979.66671752929699 208.27097320556643 320.95518493652349 30.540000000000003 16.250000000000004 27.042083333333341 24.106250000000006 19.458750000000006
decision_type=2 2 2 2 2 2 2 2 2 2 2 2 2 2
left_child=2 10 3 -1 -5 7 -7 11 -9 -10 -2 12 13 -4
right_child=1 -3 5 4 -6 6 -8 8 9 -11 -12 -13 -14 -15
leaf_value=-0.017810786797455624 0.0022701682162784317 0.0069637476068449711 0.014387956131072051 0.017019813258006892 -0.0063736928082671063 -0.018327582473433263 0.0076044748648785758 -0.021223955433221812 -0.012755315328198282 0.010346278745040054 -0.0238807715802462 1.7982645883234522e-05 0.019545569895231273 -0.0031911412872764936
leaf_weight=2.8272546737571274 0.66236195649253149 2.6102743351366371 2.7785807778709621 2.3226806027814746 2.4378574956790544 1.1254707790794776 1.1528646702645344 1.1768012621905635 0.65911010117270041 6.4203516822308302 2.3018224524275865 2.7207035864703348 5.330068884184584 2.6209417085628957
leaf_count=115 8 26 66 14 53 87 43 52 80 98 151 22 45 36
internal_value=0.00183415 -0.00759533 0.00368109 -0.00390401 0.00601325 0.0061409 -0.00688866 0.00775164 0.00101663 0.00688295 -0.0189386 0.0115294 0.0141979 0.00668974
internal_weight=37.1471 5.57446 31.5727 7.58779 4.76054 23.9849 2.27834 21.7066 8.25626 7.07946 2.96418 13.4503 10.7296 5.39952
internal_count=896 185 711 182 67 529 130 399 230 178 159 169 147 102
is_linear=0
shrinkage=0.03


Tree=296
num_leaves=15
num_cat=0
split_feature=4 4 4 4 7 0 3 7 5 7 3 3 2 7
split_gain=0.992895 1.24208 0.976284 0.710935 0.902184 0.962315 0.794135 0.831945 1.05505 0.643044 0.849454 0.533542 0.530103 0.980636
threshold=73.421663090587387 79.348307186312283 69.792940583011131 67.963219820662104 28.050000000000004 28.044166666666673 2.4448084222322017 7.2500000000000009 909.61682128906261 15.750000000000002 3.7620346078953282 3.2390340526490213 34.970000000000006 36.150000000000013
decision_type=2 2 2 2 2 2 2 2 2 2 2 2 2 2
left_child=2 12 3 4 5 6 -1 -8 -9 -3 -11 -4 13 -2
right_child=1 9 11 -5 -6 -7 7 8 -10 10 -12 -13 -14 -15
leaf_value=0.0061370582278240399 0.017767961711777414 0.0086513974170605457 -0.021108122660879653 0.010918724776184307 0.012032759736600295 0.0095450036803407037 0.0068067778449063688 -0.024377773360374496 0.006014340092912681 -0.024880779239032712 0.0086368021862686765 0.00084261395840399341 0.00053879387972419776 -0.0053857295631456878
leaf_weight=1.2920328758191333 7.3712742723873799 0.5107829794287676 2.682321581349242 3.1054276694776481 1.7650846711476322 1.6353248734958468 0.77513777709100384 4.6647300547338091 0.83573795470874745 1.4547771319921592 0.37169835669919837 1.2643779306672511 4.0181673343759021 1.5581577236007431
leaf_count=71 143 3 97 46 56 11 14 150 34 112 2 18 35 70
internal_value=0.000817282 0.00623324 -0.00386277 0.000155795 -0.00354926 -0.00742424 -0.0117773 -0.0158021 -0.0195452 -0.010835 -0.0174173 -0.0153272 0.00987028 0.0135922
internal_weight=33.305 15.2849 18.0202 14.0735 10.968 9.20296 7.56764 6.27561 5.50047 2.33726 1.82648 3.9467 12.9476 8.92943
internal_count=862 365 497 382 336 280 269 198 184 117 114 115 248 213
is_linear=0
shrinkage=0.03


Tree=297
num_leaves=15
num_cat=0
split_feature=2 8 7 8 2 3 1 3 3 3 8 6 0 3
split_gain=1.52305 0.939957 1.46941 1.11219 0.969587 0.936085 0.82324 0.548485 0.514338 0.290854 0.470294 1.07516 0.512851 0.275355
threshold=39.600000000000016 32.95000000000001 33.850000000000009 31.350000000000005 35.900000000000013 3.1257837022888046 6.3100000000000032 2.6414535547729767 3.2451076540396682 3.2143826866127108 34.95000000000001 5.4500000000000011 17.975416666666671 3.2143826866127108
decision_type=2 2 2 2 2 2 2 2 2 2 2 2 2 2
left_child=1 2 3 5 -4 6 7 -1 9 10 -3 -12 -13 -7
right_child=-2 8 4 -5 -6 13 -8 -9 -10 -11 11 12 -14 -15
leaf_value=-0.011013859852595257 -0.022334159246875492 0.013182012812862473 -0.026449690256930131 -0.019639298931933131 0.0088692042436662576 0.013087670999578045 -0.015543981371449554 0.012108627032942127 -0.0042136056519909331 0.020563522239399227 0.012382131935246433 0.0051868600716438208 -0.021178881123008763 0.0036161447477036971
leaf_weight=0.46326310507721702 1.5275628597591993 3.5973368647682928 2.0387616562948092 1.0477484972216178 0.37530696392059315 4.7359903200995159 2.6591980081284419 1.8588961675413882 1.7644866540795181 1.7717480156570671 1.6915345499292018 0.48104723345022637 1.1925323007162658 7.4996150163933635
leaf_count=78 54 52 204 34 1 46 87 125 37 6 18 18 35 73
internal_value=9.22591e-05 0.001851 -0.00188957 0.00141258 -0.0199693 0.00370145 -0.00641616 0.00556901 0.00874223 0.0115236 0.00692949 -0.00124314 -0.0144949 0.00799409
internal_weight=32.705 31.1775 20.6788 18.2647 2.41407 17.217 4.98136 2.32216 10.4987 8.7342 6.96245 3.36511 1.67358 12.2356
internal_count=868 814 648 443 205 409 290 203 166 129 123 71 53 119
is_linear=0
shrinkage=0.03


Tree=298
num_leaves=15
num_cat=0
split_feature=7 8 8 6 5 4 4 4 4 0 8 4 4 8
split_gain=1.83669 1.11057 0.661372 0.60921 0.657985 0.429262 0.379686 0.511821 0.972408 1.54199 0.390703 0.349093 1.349 0.321856
threshold=34.150000000000013 34.750000000000007 38.750000000000007 5.3500000000000014 2.2758069038391118 76.898710819713401 77.906232716274019 74.592461682090814 71.204038961733403 27.17250000000001 29.750000000000004 66.506170407983959 64.041897412055818 25.550000000000004
decision_type=2 2 2 2 2 2 2 2 2 2 2 2 2 2
left_child=2 -2 3 5 -5 -1 7 8 11 -10 -8 12 13 -6
right_child=1 -3 -4 4 6 -7 10 -9 9 -11 -12 -13 -14 -15
leaf_value=-0.013193440393984054 -0.026537382330142145 0.0031289662514302 -0.0088780623772606437 -0.01335236356845982 -0.00052632044277308235 0.0045427281526110291 0.006991591846386409 0.016695705129368937 -0.017507869491472813 0.014644878383250851 -0.010391109703215645 0.014705638755054434 -0.0126005968376557 0.013479581918705465
leaf_weight=1.7569436961784988 2.1289241883496284 1.482970193843357 2.4472543554147697 0.5452334769070174 1.778325637686075 1.5172798801213501 1.3022621441050426 4.8524763059685929 2.6329329452128145 1.2138978214934466 1.4167829238576812 5.5951236440450876 2.1159199775429443 6.0055766243604012
leaf_count=45 210 38 41 10 110 16 27 81 72 6 21 77 38 108
internal_value=0.00150204 -0.0163196 0.00386276 0.00512512 0.00659108 -0.00583457 0.00745899 0.00862187 0.00587512 -0.00643362 -0.00242443 0.00913571 0.00492737 0.0105841
internal_weight=36.7919 3.61189 33.18 30.7328 27.4585 3.27422 26.9133 24.1943 19.3418 3.84683 2.71905 15.4949 9.89982 7.7839
internal_count=900 248 652 611 550 61 540 492 411 78 48 333 256 218
is_linear=0
shrinkage=0.03


Tree=299
num_leaves=15
num_cat=0
split_feature=3 0 6 7 0 7 3 0 5 3 2 5 0 3
split_gain=0.534519 0.782203 1.0258 0.823659 0.710812 0.889194 0.705315 0.550895 0.362313 0.53833 0.490443 0.392958 0.285347 0.335016
threshold=3.0714946912363077 12.202916666666672 7.1500000000000012 12.450000000000001 22.803750000000004 21.050000000000004 3.4996319603666626 11.847500000000005 6.7396569252014169 3.1816206352315439 38.030000000000008 106.69149780273439 24.721250000000001 3.2390340526490213
decision_type=2 2 2 2 2 2 2 2 2 2 2 2 2 2
left_child=1 7 -3 -4 5 -2 8 -1 -6 10 -10 -11 -13 -14
right_child=4 2 3 -5 6 -7 -8 -9 9 11 -12 12 13 -15
leaf_value=-0.008341963829079594 0.0078234983463844436 -0.021525252804886912 -0.015006809219911941 0.009742490991767043 -0.00013394410170759383 -0.013636508799464687 -0.0065378977925888053 0.017669727189317089 -0.0067432352723211407 0.019423633398629979 0.0088835252633697893 0.012588693990953116 0.0077513776813013342 -0.007326490582411401
leaf_weight=0.38008394671487522 2.3278902024030712 2.0294647541595623 0.81823725689901072 2.6612124864477664 3.1468799915164771 2.7824901387793943 2.1741688937181598 1.2622813249472526 2.2404631886165616 5.9475967574398947 3.1930675711482763 2.8834100492531434 1.7108682431280615 1.5994737204164264
leaf_count=168 27 189 91 59 27 107 27 16 30 48 21 17 9 36
internal_value=0.00348428 -0.00347986 -0.00873058 0.00187152 0.00532121 -0.00418046 0.00752818 0.0107711 0.00923706 0.0108319 0.0023934 0.0141388 0.00706933 0.000456563
internal_weight=35.1576 7.15128 5.50891 3.47945 28.0063 5.11038 22.8959 1.64237 20.7218 17.5749 5.43353 12.1413 6.19375 3.31034
internal_count=872 523 339 150 349 134 215 184 188 161 51 110 62 45
is_linear=0
shrinkage=0.03


Tree=300
num_leaves=15
num_cat=0
split_feature=2 4 8 6 0 5 0 5 2 0 0 2 4 0
split_gain=0.830002 0.912021 0.714301 0.756977 0.69399 1.49461 0.965967 0.506263 1.04029 0.385456 0.828733 0.530439 0.446625 0.436209
threshold=33.850000000000001 76.163366100119546 19.050000000000004 6.5500000000000016 27.402916666666673 257.44918823242193 28.044166666666673 146.02478790283206 36.170000000000009 14.951250000000003 20.900833333333342 26.630000000000006 75.492932979406447 23.191250000000007
decision_type=2 2 2 2 2 2 2 2 2 2 2 2 2 2
left_child=2 4 -1 9 5 7 -6 8 -2 -4 11 -11 13 -12
right_child=1 -3 3 -5 6 -7 -8 -9 -10 10 12 -13 -14 -15
leaf_value=-0.013366960744036652 0.011716940715819165 -0.017487107070772733 0.018247484805960293 -0.0091219724982989844 -0.023167369844058566 -0.011369636302258306 0.00329651154182928 0.016097471226937523 -0.012957277230202603 0.0048640559994746835 0.0088686692112834847 -0.01745347800952787 0.0148415987182542 -0.0074987200192428325
leaf_weight=0.81605346183642069 2.6822406295104901 2.6547477135900399 2.5206192278710651 1.5498326246452041 1.5494147208519273 3.6219469924690193 1.9996908544562755 3.9845897984923795 1.6517719293478874 1.1367789721116417 2.133305320749058 1.1018432633718473 5.0384633850189857 1.7753370658028869
leaf_count=121 32 39 108 149 25 128 23 54 26 14 23 61 63 30
internal_value=0.000295389 -0.00400176 0.00509681 0.00684596 -0.000770206 0.0028186 -0.0108098 0.00955338 0.00164695 0.00914902 0.00576955 -0.00811798 0.00971109 0.00142132
internal_weight=34.2166 18.1444 16.0722 15.2562 15.4897 11.9405 3.54911 8.3186 4.33401 13.7063 11.1857 2.23862 8.94711 3.90864
internal_count=896 327 569 448 288 240 48 112 58 299 191 75 116 53
is_linear=0
shrinkage=0.03


Tree=301
num_leaves=15
num_cat=0
split_feature=2 2 3 2 1 5 3 3 2 2 6 6 8 8
split_gain=0.486133 0.551482 0.984099 1.16183 1.03447 0.698906 0.58736 0.575015 0.517834 0.693138 1.49004 1.01611 0.472949 1.06734
threshold=24.810000000000006 33.110000000000014 3.333697093510787 33.70000000000001 12.660000000000005 53.593681335449226 3.1799508572211601 3.2632768589153707 40.860000000000014 36.810000000000009 6.3500000000000014 6.4500000000000011 21.250000000000004 25.950000000000006
decision_type=2 2 2 2 2 2 2 2 2 2 2 2 2 2
left_child=-1 12 3 -3 7 -4 -6 8 9 10 -5 -11 -2 -14
right_child=1 2 5 4 6 -7 -8 -9 -10 11 -12 -13 13 -15
leaf_value=-0.012652501785939503 0.018086858488776229 -0.01694107395890625 -0.024670316105961952 -0.015309955902606419 0.0020427952996245231 0.00047535471551478066 0.018447658630316513 0.012291195393824287 0.0083146741582570682 0.0075438572949401523 0.013626694043630006 -0.025188998841117805 -0.016617721456849619 0.008305937698231106
leaf_weight=0.66599647435941633 2.8352431365055955 1.2567069238866739 1.0624518692493432 1.9496836459729836 3.2646652392577362 1.8503206855384631 5.2546563982032239 1.4751715604215849 1.5826634753611868 0.66833573020994697 2.5052986515802331 1.9602415057306641 0.86962497542844985 9.2556757077982166
leaf_count=166 63 46 14 44 53 41 27 13 26 5 53 77 62 193
internal_value=0.00350441 0.00414079 0.00121112 0.00374748 0.00593156 -0.0126576 0.0130362 -0.000671092 -0.00392084 -0.007345 0.000477748 -0.017081 0.00884504 0.00486406
internal_weight=36.4567 35.7907 22.8302 19.9174 18.6607 2.91277 8.51932 10.1414 8.66622 7.08356 4.45498 2.62858 12.9605 10.1253
internal_count=883 717 399 344 298 55 80 218 205 179 97 82 318 255
is_linear=0
shrinkage=0.03


Tree=302
num_leaves=15
num_cat=0
split_feature=6 4 4 2 2 5 2 6 4 4 0 3 4 3
split_gain=1.01207 1.47272 0.872938 0.989581 1.15014 0.880398 0.72694 0.728031 0.584022 1.65007 0.824735 0.754364 0.569272 0.562328
threshold=5.3500000000000014 79.685427652029958 79.348307186312283 36.600000000000001 38.030000000000008 2.2758069038391118 39.350000000000016 7.1500000000000012 75.238409039301516 71.204038961733403 25.488750000000003 3.0907692559589224 65.225154327095652 3.1547707694454723
decision_type=2 2 2 2 2 2 2 2 2 2 2 2 2 2
left_child=1 -1 3 5 12 -2 -6 -8 9 13 11 -11 -5 -7
right_child=2 -3 -4 4 6 8 7 -9 -10 10 -12 -13 -14 -15
leaf_value=-0.023098064541595475 -0.014583520794979741 0.010381317172214593 -0.012785550149032371 -0.00095739378795468377 0.010221374240970338 0.004292930885233393 0.0043544559874383899 -0.01934130735076188 0.015847048608503222 0.0040765311395756865 0.0055846725028405111 -0.025185319151048536 -0.027717870186597823 0.020203381074930343
leaf_weight=2.6068968726904127 0.69638733589091373 1.0614548824087249 2.3893415485363212 1.1650234902335781 3.6558976065716706 5.3890783410170133 1.901605327613652 1.1686757149291223 5.8012569789134423 0.75839037040714119 1.5575946578755973 1.8279727026820181 1.2197281373664735 3.0466935257427394
leaf_count=99 21 45 84 42 40 228 12 52 129 59 18 35 16 17
internal_value=-0.000230162 -0.013262 0.00170372 0.00332784 -0.00448221 0.00709522 0.00236593 -0.007201 0.00862663 0.00437511 -0.00967581 -0.0178608 -0.0187898 0.0115714
internal_weight=34.246 3.66835 30.5776 28.1883 9.11093 19.0774 6.72618 3.07028 18.381 12.5797 4.14396 2.58636 2.38475 8.43577
internal_count=897 144 753 669 162 507 104 64 486 357 112 94 58 245
is_linear=0
shrinkage=0.03


Tree=303
num_leaves=15
num_cat=0
split_feature=0 2 2 6 6 6 3 5 5 4 1 2 2 3
split_gain=0.636363 0.776607 1.07044 1.07553 0.699751 1.01335 0.739537 0.589368 0.615714 0.574419 0.542871 0.528422 0.775584 0.521421
threshold=22.803750000000004 37.430000000000007 38.620000000000012 7.2500000000000009 5.9500000000000011 5.5500000000000016 3.1684325739949211 26.313563346862797 909.61682128906261 65.742344928622103 9.9800000000000058 33.850000000000001 32.190000000000005 2.7298823913536086
decision_type=2 2 2 2 2 2 2 2 2 2 2 2 2 2
left_child=7 4 -3 -4 5 11 13 -1 10 -5 -9 12 -2 -6
right_child=1 2 3 9 6 -7 -8 8 -10 -11 -12 -13 -14 -15
leaf_value=0.0077752368902737398 0.00092033894973616171 -0.017889547180763743 0.013059508627108096 -0.019165114051133178 0.012710566986515456 -0.0079222487555548095 0.021639493988150245 -0.022274578517609011 0.0015260466740870126 0.00671566084725951 0.0025949569600794468 -0.002075070535986392 0.022152408009448024 -0.0081555272323861009
leaf_weight=2.3622459889156726 2.6425541834905797 1.6288145566359151 3.6594257787801325 1.1023485643090678 0.93024948192760293 3.4796796496957541 5.0529980091378093 1.8710415613022635 3.2044198973453604 0.58618878456763912 0.82649323251098383 2.238230093033053 3.0759066365426406 1.4567535456735639
leaf_count=58 33 24 21 51 8 48 33 295 164 10 21 49 28 36
internal_value=0.00411324 0.00637166 -0.001983 0.0049166 0.00940398 0.00413584 0.0160524 -0.00287701 -0.00764934 -0.0110244 -0.0160138 0.00970492 0.0139382 0.00132815
internal_weight=34.1173 25.8531 6.97678 5.34796 18.8764 11.4364 7.44 8.2642 5.90195 1.68854 2.69753 7.95669 5.71846 2.387
internal_count=879 341 106 82 235 158 77 538 480 61 316 110 61 44
is_linear=0
shrinkage=0.03


Tree=304
num_leaves=15
num_cat=0
split_feature=7 2 5 6 4 5 8 6 6 2 5 8 8 8
split_gain=0.829434 1.30286 1.02178 0.833426 0.738899 0.892581 0.574887 0.501814 0.463424 0.902829 1.05597 0.841543 0.772212 0.674784
threshold=15.850000000000003 38.530000000000015 2.2758069038391118 7.3500000000000014 75.832634156087053 250.51386260986331 20.950000000000006 6.4500000000000011 6.2500000000000009 32.630000000000003 121.88932418823244 35.150000000000013 27.150000000000006 30.250000000000004
decision_type=2 2 2 2 2 2 2 2 2 2 2 2 2 2
left_child=1 4 -2 -3 5 -1 -4 -7 9 -8 13 -10 -12 -11
right_child=2 3 6 -5 -6 7 8 -9 11 10 12 -13 -14 -15
leaf_value=-0.029007683680168806 -0.016959043401151067 0.011533413204592216 -0.010682380518184452 -0.010027160081761135 0.0044142157828826181 0.011399103335526579 0.010331194237610737 -0.012295010465316664 0.017961823501249644 0.013501899906305815 0.0010360203233722221 -0.0063536325733865749 -0.025946861483943588 -0.00559771675667586
leaf_weight=2.3083022737991983 0.90757807320915418 3.6856538786087185 0.8733943658880915 1.5519641987630164 0.95118580991402257 0.7248277354519812 8.366759188123984 0.50868013422586955 5.2626476466539307 2.6114157449919722 1.4863357550930234 1.0676129066850988 1.3430638223653657 2.3063246257370338
leaf_count=69 42 21 136 57 8 11 171 70 142 27 27 24 45 28
internal_value=0.00165936 -0.00538537 0.00459036 0.00456146 -0.0157002 -0.0208846 0.00609202 0.000497984 0.00717259 0.00402034 -0.00319718 0.0135536 -0.0152032 0.00511227
internal_weight=33.9557 9.73061 24.2251 5.23762 4.493 3.54181 23.3176 1.23351 22.4442 16.1139 7.74714 6.33026 2.8294 4.91774
internal_count=878 236 642 78 158 150 600 81 464 298 127 166 72 55
is_linear=0
shrinkage=0.03


Tree=305
num_leaves=15
num_cat=0
split_feature=6 5 1 5 4 0 5 1 1 6 4 5 0 1
split_gain=1.10367 1.07214 0.825973 1.52527 0.749086 0.568278 0.482207 0.471374 0.776522 0.430979 0.946546 1.58376 0.286136 1.20995
threshold=5.3500000000000014 2.8573021888732915 13.730000000000006 190.60962677001956 79.072045040032236 27.17250000000001 93.900505065917983 12.660000000000005 11.630000000000006 6.8500000000000014 63.178055318331765 211.42034149169925 25.142500000000002 10.620000000000003
decision_type=2 2 2 2 2 2 2 2 2 2 2 2 2 2
left_child=4 -2 7 -4 6 -5 -1 8 9 12 11 -11 13 -3
right_child=1 2 3 5 -6 -7 -8 -9 -10 10 -12 -13 -14 -15
leaf_value=-0.0016209067186908769 -0.020001735936781048 0.0088072529597281943 -0.018220506193533194 -0.0046807774935758049 0.005904259482408288 0.012329608334176061 -0.026307129878615044 0.01476143262212805 -0.011202218250994022 0.01696700824093627 -0.02062518554122934 -0.016865882818772878 0.01641987781986411 -0.019115844144225114
leaf_weight=1.1272445165086535 1.0209564055549005 8.4826312238001336 3.3295208957279083 2.476588889490813 0.85318932635709632 2.9207366658374667 1.9052411288721485 3.3025195074733338 1.9222250566817809 2.4422622099518771 0.74111837579403061 1.0050738277786875 2.340286459773778 0.67913235444575626
leaf_count=21 38 293 56 37 47 15 74 31 26 35 67 125 21 20
internal_value=-0.000856796 0.0012152 0.00257487 -0.00481328 -0.0141096 0.00501272 -0.0198083 0.00573654 0.00334213 0.00568836 -0.00218241 0.0055286 0.00849981 0.00505994
internal_weight=34.5487 30.6631 29.6421 8.72685 3.88567 5.39733 3.03249 20.9152 17.6127 15.6905 4.18845 3.44734 11.5021 9.16176
internal_count=906 764 726 108 142 52 95 618 587 561 227 160 334 313
is_linear=0
shrinkage=0.03


Tree=306
num_leaves=15
num_cat=0
split_feature=3 2 0 6 1 0 0 1 6 8 2 6 1 5
split_gain=1.37931 0.725489 1.79298 1.31834 0.947221 0.786817 0.672357 0.663215 0.660744 0.882084 0.46234 1.45535 0.651408 0.401773
threshold=2.9449759043833477 33.150000000000013 25.142500000000002 6.3500000000000014 13.730000000000006 27.308750000000003 27.527083333333334 15.170000000000005 5.7500000000000009 19.550000000000004 30.460000000000001 5.5500000000000016 10.430000000000005 2.8573021888732915
decision_type=2 2 2 2 2 2 2 2 2 2 2 2 2 2
left_child=13 8 3 -3 -4 7 -7 -6 10 -10 11 -2 -12 -1
right_child=1 2 4 -5 5 6 -8 -9 9 -11 12 -13 -14 -15
leaf_value=0.0011681224555437335 -0.017770531252424102 -0.027137691087326582 0.010736552172871483 0.0081582498005308788 0.0029111290815884362 0.01406613894904675 -0.0053230963303892501 -0.023351117737429965 0.012233685644309761 -0.017816730557977112 -0.0014554471936265897 0.014373470410038468 0.019773050445550684 -0.021155275807921557
leaf_weight=0.82779926410876159 1.1473070133070016 2.3096211508382143 7.6250698764342797 0.80405489064287383 1.0370909338817003 1.9064385802485047 2.7645840172190219 1.4209867294412104 0.64047706784913216 1.0373152563406618 1.4781751362606881 2.1054656613268889 5.2477426168043166 1.9674004234693709
leaf_count=17 73 63 60 13 9 10 38 41 10 80 29 26 47 337
internal_value=0.00111898 0.0032081 -0.000649434 -0.0182556 0.00398905 -0.00366085 0.00367537 -0.0146331 0.00870529 -0.00606067 0.0115139 0.00152313 0.0155231 -0.0159784
internal_weight=32.3195 29.5243 17.8678 3.11368 14.7542 7.1291 4.67102 2.45808 11.6565 1.67779 9.97869 3.25277 6.72592 2.7952
internal_count=853 499 234 76 158 98 48 50 265 90 175 99 76 354
is_linear=0
shrinkage=0.03


Tree=307
num_leaves=15
num_cat=0
split_feature=3 5 0 1 4 4 3 1 2 3 7 7 0 4
split_gain=0.721118 0.998123 0.590288 0.580998 0.787446 0.782686 0.882288 0.465633 0.683313 0.672111 1.38145 0.749516 0.374931 0.180915
threshold=2.9449759043833477 8.7914719581604022 26.984583333333337 12.380000000000004 75.09846144934474 76.163366100119546 3.414876448682215 11.370000000000003 26.630000000000006 3.2727737905361018 20.550000000000004 16.450000000000006 27.561666666666671 77.265601524154548
decision_type=2 2 2 2 2 2 2 2 2 2 2 2 2 2
left_child=1 -1 3 7 -5 -6 -7 8 13 10 11 -10 -4 -2
right_child=2 -3 12 4 5 6 -8 -9 9 -11 -12 -13 -14 -15
leaf_value=0.0077711448736645077 0.016968825503147208 -0.019412706455063208 0.017796982917193154 -0.014808736749571208 0.014927755542278372 -0.016526796102899002 0.008818751427030978 0.014280319713629745 -0.007351389952625062 0.01005152474546054 -0.021596032315125292 0.013484473937335876 0.0036075598421364836 0.00085446843101304908
leaf_weight=1.4593352694064372 1.8728628430981253 1.6917802670068338 3.9147044586716211 2.4624781773891291 1.876956566236913 1.6899079877184706 1.4254772951826451 3.5410229614935806 2.1415114151313883 2.1182134801056236 2.2012450158945285 2.1813952681841329 3.5027978227008134 0.94379157142247994
leaf_count=25 50 336 31 39 10 29 20 35 38 25 91 29 43 51
internal_value=0.00401031 -0.00798409 0.00549318 0.00280865 -0.00371318 0.00331767 -0.00560479 0.00607941 0.00260242 -0.00186535 -0.00655612 0.00372071 0.0123209 0.0132079
internal_weight=33.0235 3.15112 29.8724 22.4549 7.45482 4.99234 3.11539 15 11.459 8.64237 6.52415 4.32291 7.4175 2.81665
internal_count=852 361 491 417 98 59 49 319 284 183 158 67 74 101
is_linear=0
shrinkage=0.03


Tree=308
num_leaves=15
num_cat=0
split_feature=7 6 4 7 2 4 6 4 4 6 2 8 8 8
split_gain=0.820512 0.921049 1.1097 0.813627 0.836942 0.544516 1.17404 1.00539 0.901255 0.794404 1.30204 0.732795 0.598725 0.487631
threshold=26.650000000000006 5.4500000000000011 75.713853294766523 36.150000000000013 25.820000000000004 69.495837717070586 5.5500000000000016 67.24843572139163 76.874082845919162 6.9500000000000011 38.620000000000012 27.050000000000004 30.250000000000004 25.550000000000004
decision_type=2 2 2 2 2 2 2 2 2 2 2 2 2 2
left_child=5 2 -2 -3 -5 7 12 9 11 10 -1 -8 -7 -11
right_child=1 3 -4 4 -6 6 8 -9 -10 13 -12 -13 -14 -15
leaf_value=-0.024582117588434621 -0.020186330738444922 0.017484779084340565 0.0077476870877607141 0.01053401324533489 -0.016776403426648157 0.012814696662200663 -0.0038099750132451105 0.014600583802982903 0.00040048335594233028 -0.012299625160456656 0.011215205434373047 -0.031311994614006626 -0.0072175098809182095 0.0064102434087238919
leaf_weight=1.8210765060503056 1.2051180912239936 6.231490860518532 2.1758190387045033 1.2173192142217888 0.87848196760751296 2.420409488258882 1.7010402405285279 3.1888164414558551 2.4659449202590622 0.59584059275221068 0.65644578798674036 1.8810258975718168 1.3872351059690116 5.3919217854854651
leaf_count=75 50 103 75 102 52 40 45 46 37 91 7 48 19 93
internal_value=0.00168327 0.00774114 -0.00454423 0.0126815 -0.00263483 -0.00181156 -0.00667964 0.00250781 -0.0140626 -0.00310874 -0.0145997 -0.0219337 0.00553319 0.0030547
internal_weight=33.218 11.7082 3.38094 8.32729 2.0958 21.5098 9.85566 11.6541 6.04801 8.46528 2.47752 3.58207 3.80764 5.98776
internal_count=883 382 125 257 154 501 189 312 130 266 82 93 59 184
is_linear=0
shrinkage=0.03


Tree=309
num_leaves=15
num_cat=0
split_feature=3 3 7 5 5 2 2 7 8 5 5 1 2 6
split_gain=0.56359 0.67687 0.53181 1.02351 1.14102 1.06513 0.945388 0.846926 0.488986 0.700573 0.702157 0.704088 0.521109 0.759278
threshold=2.9449759043833477 2.4448084222322017 23.750000000000004 162.70930480957034 352.02584838867193 31.170000000000005 36.410000000000004 17.650000000000002 3.1000000000000005 48.754953384399421 416.18601989746099 12.020000000000005 30.460000000000001 5.5500000000000016
decision_type=2 2 2 2 2 2 2 2 2 2 2 2 2 2
left_child=1 -1 3 6 -5 -6 7 -2 -4 -10 11 -11 13 -12
right_child=2 -3 8 4 5 -7 -8 -9 9 10 12 -13 -14 -15
leaf_value=0.0062870958303681739 0.0089424219671442751 -0.016018314871766158 -0.011747952320973946 0.013747923007252931 0.011469499067999938 -0.018041354053649487 -0.020649535275395231 -0.010875328735925366 0.016798008907553327 0.0056818403809059696 -0.016300504127664043 -0.020567703524576566 0.013551701098736347 0.0095550186189087942
leaf_weight=1.2661187864723609 3.1272582863457554 2.2895882164448267 0.29834300652146239 5.305834833881816 0.95352818025276098 1.8069280885392798 2.2898818817920983 2.6650111443595961 4.5332139265956339 1.0650072840799114 0.92374354187632013 1.0251739962259305 3.5300655326573178 1.2338982158689757
leaf_count=67 27 295 3 58 12 49 29 39 69 61 47 44 29 37
internal_value=0.00144917 -0.00843916 0.0029143 -0.000724714 0.00644777 -0.00750834 -0.00780487 -0.000434393 0.00728546 0.00859462 0.00244443 -0.00968232 0.00768231 -0.00317105
internal_weight=32.3136 3.55571 28.7579 16.1484 8.06629 2.76046 8.08215 5.79227 12.6094 12.3111 7.77789 2.09018 5.68771 2.15764
internal_count=866 362 504 214 119 61 95 66 290 287 218 105 113 84
is_linear=0
shrinkage=0.03


Tree=310
num_leaves=15
num_cat=0
split_feature=5 5 2 0 2 5 1 0 1 5 7 5 1 2
split_gain=0.805194 0.697861 0.37079 0.91918 1.15288 0.408973 0.856218 1.51254 0.861996 0.557595 0.920426 0.549763 0.408371 0.764618
threshold=2.8573021888732915 1649.325378417969 26.630000000000006 20.900833333333342 34.970000000000006 161.25616455078128 14.910000000000004 28.606666666666676 10.620000000000003 211.42034149169925 12.850000000000003 320.95518493652349 16.700000000000006 32.930000000000007
decision_type=2 2 2 2 2 2 2 2 2 2 2 2 2 2
left_child=-1 2 -2 4 -4 6 8 -8 -5 -7 -11 -12 13 -13
right_child=1 -3 3 5 -6 9 7 -9 -10 10 11 12 -14 -15
leaf_value=-0.015124379116278919 0.014740631798459877 -0.014775181701540036 -0.021693074646389577 -0.010346084173747562 0.010348796509463912 0.017797707568956708 -0.022677066562262278 0.0097367116785447919 0.010184014447443955 -0.016209448975249435 -0.006775967260718792 0.013010800006776447 0.017980652912703718 -0.0067392779505372671
leaf_weight=1.2590796591248352 1.9406375286198514 0.83515911886934091 1.7383419730176712 1.501910872990267 0.85534612540504884 3.2559420648030928 2.0458909799344833 1.4949341081082819 7.1881557635497302 0.78938823158386995 1.3741408583009596 2.6841008712071925 2.7478739537764341 2.512217412237078
leaf_count=43 146 82 183 36 44 40 54 15 57 40 31 21 18 48
internal_value=0.00231443 0.00347453 0.0044388 0.00324884 -0.011187 0.00507737 0.000961681 -0.00986152 0.00593425 0.00851499 0.00419172 0.00732341 0.0102472 0.00391576
internal_weight=32.2231 30.964 30.1289 28.1882 2.59369 25.5946 12.2309 3.54083 8.69007 13.3637 10.1077 9.31833 7.94419 5.19632
internal_count=858 815 733 587 227 360 162 69 93 198 158 118 87 69
is_linear=0
shrinkage=0.03


Tree=311
num_leaves=15
num_cat=0
split_feature=2 4 8 0 0 2 4 8 4 6 4 0 4 2
split_gain=0.74937 0.801228 0.674814 0.725785 1.18792 1.27005 1.26223 1.10948 0.6199 0.615184 0.586882 0.581105 0.530276 0.408545
threshold=38.530000000000015 60.396975986830363 21.450000000000006 24.061250000000008 24.902916666666673 34.970000000000006 78.099824708760835 34.750000000000007 74.734951723723057 5.4500000000000011 64.801358147137861 28.044166666666673 62.951702854011863 33.70000000000001
decision_type=2 2 2 2 2 2 2 2 2 2 2 2 2 2
left_child=2 11 9 7 -5 6 -6 10 -9 -1 12 -2 -4 -8
right_child=1 -3 3 4 5 -7 13 8 -10 -11 -12 -13 -14 -15
leaf_value=-0.0097456295713588721 -0.015441517048561743 0.017503842958869906 -0.011288841635062025 0.015061412840105069 0.017870535897818139 -0.011351547408978192 0.0036207098465289638 -0.0078708919252402591 0.014303508817781654 0.01482726758366284 -0.017688976284136498 0.010135700322227621 0.012432991255491896 -0.017984659918378471
leaf_weight=0.41593108439701909 0.82046823005657532 4.1480549841653556 0.57663550766301497 3.8779495197813949 2.9525936733698455 5.6946978375781327 0.91101219825213753 1.0496821160195398 1.9046162848826496 3.4776294162438717 5.188291002123151 0.52716581709682941 0.86433218733873218 0.79199496400542557
leaf_count=54 46 33 92 35 38 72 28 40 21 142 233 3 14 19
internal_value=0.0027543 0.0119277 0.000582503 -0.00144572 0.00281053 -0.00270208 0.00801432 -0.00743326 0.00642677 0.0107472 -0.0136427 -0.00538069 0.00220439 -0.00936335
internal_weight=33.2011 5.49569 27.7054 23.8118 14.2282 10.3503 4.6556 9.58356 2.9543 3.89356 6.62926 1.34763 1.44097 1.70301
internal_count=870 82 788 592 192 157 85 400 61 196 339 49 106 47
is_linear=0
shrinkage=0.03


Tree=312
num_leaves=15
num_cat=0
split_feature=2 6 5 2 5 3 2 7 5 0 0 6 0 7
split_gain=0.980172 1.21874 1.17015 0.883627 0.841475 1.40418 0.764669 0.758476 0.570367 0.367862 0.487031 0.768908 0.874731 0.719448
threshold=33.110000000000014 6.3500000000000014 352.02584838867193 34.150000000000006 12.782201290130617 3.076487356656846 35.95000000000001 19.550000000000004 257.44918823242193 11.847500000000005 12.422083333333338 5.7500000000000009 20.900833333333342 19.850000000000005
decision_type=2 2 2 2 2 2 2 2 2 2 2 2 2 2
left_child=9 3 4 -2 -3 8 7 -5 -6 -1 -11 12 -12 -13
right_child=1 2 -4 6 5 -7 -8 -9 -10 10 11 13 -14 -15
leaf_value=-0.0095052308981127265 -0.025686399352786524 -0.0079884439473555703 -0.016369424661556643 0.011732683640842182 -0.014120034756639839 0.018139648588071232 -0.019446179804192661 -0.0080196833689872328 0.0096495884404876921 0.018744836031892215 -0.008730896554954003 0.0051603668676497415 0.011853323113358046 -0.019833463490880828
leaf_weight=0.45769746298901637 2.0333213459816779 2.0323152282508072 1.4933652968029481 2.2770101458299905 1.6759413325926291 5.4333372842520475 1.2475906964391468 2.7724686788860708 0.53937967703677703 1.7239240068010975 1.5718856864841635 1.3921250111889087 7.8503248472698033 1.1282664982136337
leaf_count=198 64 24 87 36 74 29 21 45 10 23 80 35 78 94
internal_value=0.000146987 -0.00413066 0.00235988 -0.0121568 0.00651111 0.010842 -0.00486674 0.00135452 -0.00713148 0.0059367 0.00706669 0.00406288 0.00791108 -0.0084839
internal_weight=33.629 19.5047 11.1743 8.33039 9.68097 7.64866 6.29707 5.04948 2.21532 14.1242 13.6665 11.9426 9.42221 2.52039
internal_count=898 390 224 166 137 113 102 81 84 508 310 287 158 129
is_linear=0
shrinkage=0.03


Tree=313
num_leaves=15
num_cat=0
split_feature=5 5 2 6 5 8 8 6 6 3 2 2 0 5
split_gain=0.625391 1.33475 0.999704 0.926209 0.685177 0.952004 1.01416 0.414756 0.572124 1.31172 0.370248 0.555977 0.358665 0.416331
threshold=170.42290496826175 238.25532531738284 38.850000000000016 5.5500000000000016 18.491278648376468 30.250000000000004 27.550000000000004 5.6500000000000012 7.4500000000000011 3.2143826866127108 30.91 31.390000000000004 11.847500000000005 909.61682128906261
decision_type=2 2 2 2 2 2 2 2 2 2 2 2 2 2
left_child=4 -2 3 10 7 6 -6 -1 9 -9 -3 -12 -5 -14
right_child=1 2 -4 12 5 -7 -8 8 -10 -11 11 -13 13 -15
leaf_value=0.011254661808070063 0.017289808281140948 -0.01576026371745743 -0.020096292149860077 -0.0081790442726229571 -0.013889021682321152 -0.024201756393275965 0.0079926476696738462 -0.024179511075011335 0.010101686065007283 0.0063643027948228313 0.012633687235040486 -0.0087988209901853059 0.0023313959811274358 0.016333599749721792
leaf_weight=2.1871479919063876 4.1659232799138435 1.635638782492604 1.052937748027033 0.36867348931264121 2.5082571695820661 1.7378184834378769 3.2184007157629821 1.3381199149298484 1.317349142860621 2.0687017403542995 0.8819727906957272 1.5871210477780548 4.0907326970773283 3.3757635303772986
leaf_count=22 79 74 38 106 149 61 41 55 11 15 5 41 100 71
internal_value=0.000635834 0.00438806 -0.000688646 0.00244363 -0.00383688 -0.00960131 -0.00223143 0.00281558 -0.00237507 -0.00839708 -0.00793885 0.000291904 0.00816578 0.00984356
internal_weight=31.5346 17.1588 12.9928 11.9399 14.3758 7.46448 5.72666 6.91132 4.72417 3.40682 4.10473 2.46909 7.83517 7.4665
internal_count=868 514 435 397 354 251 190 103 81 70 120 46 277 171
is_linear=0
shrinkage=0.03


Tree=314
num_leaves=15
num_cat=0
split_feature=8 3 4 3 3 3 4 8 1 3 8 5 4 4
split_gain=1.1412 1.24721 1.53299 0.843257 0.796984 1.33637 0.646297 0.608577 0.440907 0.39458 0.858543 0.605621 0.284546 0.986674
threshold=27.550000000000004 2.5169938541005239 75.492932979406447 3.2727737905361018 3.3620675849241048 3.5649924815729093 60.773934429534073 26.350000000000005 18.110000000000003 3.057091469495167 29.150000000000006 12.782201290130617 68.952710263170417 73.703634847150667
decision_type=2 2 2 2 2 2 2 2 2 2 2 2 2 2
left_child=1 -1 3 -3 6 -6 8 -4 -2 10 -8 -11 -13 -14
right_child=4 2 7 -5 5 -7 9 -9 -10 11 -12 12 13 -15
leaf_value=0.012948071879653697 -0.012756141237223339 -0.024198600936642705 0.01228063585158389 0.0042689568726250703 -0.01974372640152015 0.0097667045910408822 0.012701554182735487 -0.01161804591726295 0.0083425376261182221 -0.0035147243101815639 -0.015768690980714248 0.019324344772923007 -0.0056303084803359773 0.014760537034184236
leaf_weight=1.5309779300005191 1.4113500923849702 4.3112860446562991 2.1419226203142903 0.80943941557779897 1.829658992646727 1.8329855408519504 0.90619884169427922 0.48139741711202066 0.56903772056102742 1.7228651929181058 0.9241190160100814 4.9346878924407047 2.5448007162194699 5.446113933227025
leaf_count=52 68 257 121 17 37 13 27 22 2 19 105 28 38 58
internal_value=0.00190295 -0.0064872 -0.0113709 -0.0197364 0.00554911 -0.00604787 0.00804272 0.00589897 -0.00592868 0.00996491 -0.00216553 0.0115221 0.0136349 0.00836286
internal_weight=31.3968 9.27502 7.74405 5.12073 22.1218 3.66264 18.4592 2.62332 1.98039 16.4788 1.83032 14.6485 12.9256 7.99091
internal_count=864 469 417 274 395 50 345 143 70 275 132 143 124 96
is_linear=0
shrinkage=0.03


Tree=315
num_leaves=15
num_cat=0
split_feature=2 2 6 7 0 3 6 2 7 7 3 3 3 8
split_gain=0.79545 0.964763 0.91827 0.637091 0.532397 1.09241 0.899471 0.88338 0.7492 0.785722 0.621073 0.572119 0.555703 0.32543
threshold=37.430000000000007 38.620000000000012 6.9500000000000011 10.050000000000002 24.009166666666676 3.1670099468621946 6.4500000000000011 32.080000000000005 24.050000000000004 18.350000000000005 3.1894620129180069 3.3123461309640243 3.6224734757334187 30.250000000000004
decision_type=2 2 2 2 2 2 2 2 2 2 2 2 2 2
left_child=4 -2 -3 -4 5 6 -1 -7 9 10 -6 -10 -13 -11
right_child=1 2 3 -5 8 7 -8 -9 11 13 -12 12 -14 -15
leaf_value=0.01076934075940573 -0.022733524306431489 0.011946945378760529 0.0025940723340366098 -0.020927594804650302 -0.0053986409723893554 -0.00083538599490770289 -0.010620068125060226 -0.023063229337542755 0.019498384267671493 0.00050147085961080382 0.012776037066039114 -0.010106827626484712 0.011956826902710986 -0.01790321696721766
leaf_weight=5.6799568725400622 1.7608233380014997 2.0351542271673679 1.6135087903239766 1.1690900592366231 2.0031277092639339 3.6857658067019656 1.5179282792669253 1.9687133585102854 3.6573394264560184 1.2970027469564231 3.4745020996779203 1.1665811370476151 0.95517088659107674 1.3105774995638055
leaf_count=247 44 14 43 24 41 67 220 29 44 24 25 43 5 18
internal_value=2.1247e-05 -0.0085922 -0.000404518 -0.0102084 0.00237566 -0.00196244 0.00551339 -0.0108773 0.0062586 8.13086e-05 0.00632231 0.0136141 0.000474214 -0.0111473
internal_weight=33.2952 6.57858 4.81775 2.7826 26.7167 12.8524 7.19789 5.65448 13.8643 8.08521 5.47763 5.77909 2.12175 2.60758
internal_count=888 125 81 67 763 563 467 96 200 108 66 92 48 42
is_linear=0
shrinkage=0.03


Tree=316
num_leaves=15
num_cat=0
split_feature=2 7 2 4 0 4 2 0 3 2 3 5 7 3
split_gain=1.31933 0.680569 0.685482 1.15407 0.903237 0.794702 0.728641 1.02762 0.634942 0.78754 0.567113 0.522377 0.518169 0.486587
threshold=36.410000000000004 17.350000000000005 33.070000000000014 73.438068931302652 24.106250000000006 73.421663090587387 30.460000000000001 12.422083333333338 2.5169938541005239 29.060000000000006 3.0907692559589224 33.113346099853523 15.200000000000003 3.414876448682215
decision_type=2 2 2 2 2 2 2 2 2 2 2 2 2 2
left_child=1 11 5 4 -4 8 7 -7 -3 -10 -2 -1 -13 -5
right_child=10 2 3 13 -6 6 -8 -9 9 -11 -12 12 -14 -15
leaf_value=0.017307481623613907 -0.022406708313920366 0.0098303490177640597 -0.010404123889047731 -0.022826804581517476 0.014753905144032591 0.011518422227375192 0.013993981064396144 -0.018006798464887196 0.0039140924978836363 -0.022796978488158027 -0.0047353364693761366 0.0093232846071334158 -0.010452698730794947 -0.00082918511964814054
leaf_weight=2.9792789403582054 1.9612645572051395 0.73525744420476469 1.3081605744082474 2.5074483455391605 2.0519536922220141 1.1566924880025911 5.5006280096713454 1.1489138443139379 1.2340539412107321 1.486965768272057 5.3477872377261519 1.5938132505980322 1.207694267563056 1.3245131252915596
leaf_count=23 115 14 34 50 24 124 62 75 89 69 45 81 50 24
internal_value=-0.00126557 0.00218835 -0.00075838 -0.00744347 0.00481956 0.0037695 0.00875701 -0.00419087 -0.00693243 -0.0128865 -0.0116031 0.01032 0.000291068 -0.0169685
internal_weight=31.5444 24.2354 18.4546 7.19208 3.36011 11.2625 7.80623 2.30561 3.45628 2.72102 7.30905 5.78079 2.80151 3.83196
internal_count=879 719 565 132 58 433 261 199 172 158 160 154 131 74
is_linear=0
shrinkage=0.03


Tree=317
num_leaves=15
num_cat=0
split_feature=5 2 3 3 3 6 5 0 7 6 4 4 4 6
split_gain=1.03093 1.16933 0.750213 0.741923 1.41511 0.731477 0.693056 0.694492 0.76693 0.647836 0.658017 0.564062 0.455942 0.433756
threshold=12.782201290130617 35.840000000000011 3.2903523141951179 3.1894620129180069 3.1706928221047082 5.4500000000000011 128.10610198974612 26.363333333333337 16.450000000000006 5.1500000000000012 75.713853294766523 75.238409039301516 73.271964336400472 5.8500000000000014
decision_type=2 2 2 2 2 2 2 2 2 2 2 2 2 2
left_child=1 2 -1 4 6 9 13 8 -8 10 -5 -11 -7 -2
right_child=3 -3 -4 5 -6 12 7 -9 -10 11 -12 -13 -14 -15
leaf_value=-0.02889808766092666 0.0042863217485661726 0.004727804307665776 0.0014246208067164327 -0.0085786820029695593 -0.021323005290498381 0.0043975548294176159 -0.016336507723795576 0.015404045353031325 0.005099999547584921 0.0036849410543394342 0.016498693083876515 -0.017653471564750667 0.018210644840835722 -0.016417094883462626
leaf_weight=1.7039444354886648 0.91957731315051505 2.3015195056796074 0.88425404019653786 0.68544077710248474 1.6588020848575968 4.6759658027440292 0.99033337301807289 3.4156694258563221 5.1239906373084523 1.4758054033154624 1.7107056995155288 1.5416013065259901 4.9486501088831574 1.4203598538879303
leaf_count=66 36 15 12 19 28 32 144 37 289 20 45 24 33 100
internal_value=0.00134948 -0.010161 -0.0210285 0.00359672 -0.00147739 0.00796902 0.00273732 0.00633775 -0.000180305 -0.000854542 0.00891135 -0.0088975 0.0125453 -0.00943352
internal_weight=33.4566 4.88972 2.5882 28.5669 13.5287 15.0382 11.8699 9.52999 6.11432 5.41355 2.39615 3.01741 9.62462 2.33994
internal_count=900 93 78 807 634 173 606 470 433 108 64 44 65 136
is_linear=0
shrinkage=0.03


Tree=318
num_leaves=15
num_cat=0
split_feature=4 7 2 8 5 5 2 2 7 4 4 8 8 8
split_gain=0.844087 1.14825 0.901065 0.740173 0.684087 0.756943 0.574787 0.435719 1.18407 0.805267 0.885207 0.377143 0.315393 1.69773
threshold=79.348307186312283 40.650000000000013 39.350000000000016 27.950000000000006 517.58602905273449 909.61682128906261 30.460000000000001 38.530000000000015 15.850000000000003 54.987248628242234 73.421663090587387 36.70000000000001 30.250000000000004 33.050000000000004
decision_type=2 2 2 2 2 2 2 2 2 2 2 2 2 2
left_child=2 -2 4 -4 7 -6 11 8 9 -1 -11 -7 -10 -14
right_child=1 -3 3 -5 5 6 -8 -9 12 10 -12 -13 13 -15
leaf_value=0.010272800074536233 -0.025831303275393739 0.0065459690978756776 0.004761784725884074 -0.023109141749306845 -0.014871668241457784 -0.015005631927402771 0.012251345772214772 0.016682365708231343 0.011279672848343277 -0.025737659248271767 0.0045677038996979535 0.0072833530808156764 -0.021394462050626967 0.0097403753872261842
leaf_weight=0.62840309244349457 1.2768955369683674 1.1661269529868148 0.96284437028225456 1.1135693105170501 2.2739130591507992 0.84898418816737853 2.0524973157444037 2.5149774313904336 9.2925702708598674 1.6155348465545105 0.90564341912977386 0.33911077119410038 1.0943150467937801 5.4580388146277983
leaf_count=10 46 76 33 27 105 82 67 16 216 62 10 2 41 73
internal_value=0.00115328 -0.0129641 0.00272978 -0.0128384 0.00434141 -0.00449509 0.00457607 0.00670592 0.00461671 -0.0100938 -0.0166459 -0.00822266 0.00796642 0.0023962
internal_weight=31.5434 2.44302 29.1004 2.07641 27.024 5.51451 3.24059 21.5095 18.9945 3.14958 2.52118 1.18809 15.8449 6.55235
internal_count=866 122 744 60 684 256 151 428 412 82 72 84 330 114
is_linear=0
shrinkage=0.03


Tree=319
num_leaves=15
num_cat=0
split_feature=0 0 5 4 5 3 1 1 1 2 5 6 6 2
split_gain=0.814633 1.68384 0.584884 1.87118 1.42605 0.949372 0.773085 0.719319 1.21443 0.58408 0.528396 1.63594 0.443885 0.551658
threshold=27.561666666666671 28.606666666666676 238.25532531738284 78.099824708760835 500.79193115234381 3.0813554397222487 14.910000000000004 8.9100000000000019 3.460000000000004 32.730000000000011 68.76196670532228 5.7500000000000009 5.5500000000000016 30.91
decision_type=2 2 2 2 2 2 2 2 2 2 2 2 2 2
left_child=2 -2 3 6 -4 -6 7 8 -1 12 11 -9 13 -7
right_child=1 -3 4 -5 5 9 -8 10 -10 -11 -12 -13 -14 -15
leaf_value=0.012240157231340474 -0.028436069794930064 0.0081201633239675174 -0.019222888809348478 -0.016239036477379645 -0.015825419154311151 -0.008462609168725389 -0.0083631817876462563 0.018438694636973774 -0.017954405246601957 -0.0040661529955783515 0.02013343965194498 -0.01107846117656368 0.018972718735383802 0.012236991565720612
leaf_weight=1.6702006463892858 1.4636091988068067 1.4608098068274555 2.6163262041809494 2.1904158587713018 1.0406823094526751 1.413895402569324 1.3272463408065949 2.7250249311327917 1.1838281207019461 2.4237437834963202 5.8710265490226448 2.1984182605519891 2.5607580472715199 1.2544813649728892
leaf_count=80 41 14 141 120 190 39 23 20 72 24 50 28 20 8
internal_value=8.34018e-05 -0.0127594 0.00179045 0.00516291 -0.00333186 0.00294024 0.00911379 0.0112682 -0.0016932 0.0070261 0.0145482 0.00561347 0.0119948 0.00195188
internal_weight=31.4005 2.92442 28.476 17.1662 11.3099 8.69356 14.9757 13.6485 2.85403 7.65288 10.7945 4.92344 5.22913 2.66838
internal_count=870 55 815 393 422 281 273 250 152 91 98 48 67 47
is_linear=0
shrinkage=0.03


Tree=320
num_leaves=15
num_cat=0
split_feature=5 7 5 8 3 2 1 2 8 7 7 8 6 3
split_gain=0.654645 0.772366 0.63023 0.591239 0.670344 0.831137 0.663707 1.11206 0.676957 0.576806 0.723342 0.549888 0.638396 0.516941
threshold=33.113346099853523 14.450000000000001 2474.693237304688 35.550000000000004 3.146726263835673 41.650000000000013 14.080000000000004 34.350000000000009 27.650000000000006 19.850000000000005 26.650000000000006 35.850000000000009 5.4500000000000011 3.4372043803939261
decision_type=2 2 2 2 2 2 2 2 2 2 2 2 2 2
left_child=1 -1 3 4 5 -2 7 8 -6 -3 -11 -5 -13 -8
right_child=2 9 -4 11 6 -7 13 -9 -10 10 -12 12 -14 -15
leaf_value=-0.0098905823738440774 -0.020183832978314699 0.017371330909230154 0.01252076909798208 0.017120045324731464 0.0052003219577223397 0.0077442407441725251 -0.019743198419656844 0.012796359138170203 -0.013671402607156389 -0.012964992464963359 0.0086288050302299468 0.0086133800528085998 -0.012067930457853409 0.0030938493738493929
leaf_weight=1.3342995478305981 3.7894428521103789 3.6400125336367637 1.2898191059939552 1.0533613564912219 2.1595008478616347 0.63466596865328018 1.7996872449293726 3.6384352147579193 3.2579950034851208 1.1049531755852511 3.1910623726726044 1.7189252626849341 1.6863205663394181 0.95736464788205911
leaf_count=19 410 23 47 4 49 13 36 30 37 20 79 34 41 23
internal_value=0.000172285 0.00646413 -0.00264652 -0.00412533 -0.00670973 -0.0154883 -0.00246986 0.0017475 -0.00651069 0.010013 0.00167544 0.00479141 -0.00204284 -0.0131004
internal_weight=31.2558 9.27033 21.9855 20.6957 16.2371 4.42411 11.813 9.05593 5.4175 7.93603 4.29602 4.45861 3.40525 2.75705
internal_count=865 141 724 677 598 423 175 116 86 122 99 79 75 59
is_linear=0
shrinkage=0.03


Tree=321
num_leaves=15
num_cat=0
split_feature=6 0 3 1 6 7 7 4 6 3 5 0 6 7
split_gain=0.915243 1.17738 0.493362 0.899769 0.770039 1.05477 0.619193 1.45458 1.00993 0.71244 1.23357 0.560628 0.562201 0.374305
threshold=6.9500000000000011 27.143333333333342 3.144658103782938 2.3300000000000032 5.4500000000000011 13.250000000000002 17.150000000000002 75.793364857169692 5.1500000000000012 3.414876448682215 5.0833427906036386 24.569166666666671 5.4500000000000011 28.650000000000006
decision_type=2 2 2 2 2 2 2 2 2 2 2 2 2 2
left_child=2 -2 3 13 -5 -6 -4 11 -9 10 -10 12 -8 -1
right_child=1 -3 6 4 5 -7 7 8 9 -11 -12 -13 -14 -15
leaf_value=0.015088130001336606 -0.020606976766639435 0.0054244502812123771 0.013713123967851541 0.0058554358981545204 0.0073931053663531645 -0.02435296379883219 -0.0095629934810787451 0.010135445730337004 0.0020773676828927594 0.0014789193075746864 -0.032493919963324125 0.015688854116042462 0.0077618789925925479 -0.0068961670196313052
leaf_weight=1.6500442257383863 2.5329884896054855 2.2063764752820134 5.2380783911794451 1.3937206135597078 0.7705708934227008 2.4219498535385355 1.6583890289184617 1.2232021102681745 1.2251806580461564 1.5912196482531724 1.7761911545530891 4.5731586283072829 3.6709899567067623 0.29316871188348148
leaf_count=72 218 22 41 37 12 139 39 48 13 14 33 39 26 122
internal_value=0.00132486 -0.00965462 0.0034905 -0.00334181 -0.0100655 -0.0167547 0.00567452 0.00233567 -0.00868886 -0.0146184 -0.0213894 0.0090135 0.00171162 0.0105552
internal_weight=32.2252 4.73936 27.4859 6.52945 4.58624 3.19252 20.9564 15.7183 5.81579 4.59259 3.00137 9.90254 5.32938 1.94321
internal_count=875 240 635 382 188 151 253 212 108 60 46 104 65 194
is_linear=0
shrinkage=0.03


Tree=322
num_leaves=15
num_cat=0
split_feature=1 1 1 3 1 0 4 3 3 8 6 6 8 0
split_gain=0.715572 0.710191 0.885124 0.645971 1.35141 0.599963 0.624014 0.71854 0.43728 0.400443 0.675869 0.380838 0.467502 0.339206
threshold=19.290000000000006 17.400000000000006 14.910000000000004 3.057091469495167 3.2300000000000062 26.363333333333337 76.110596461809564 3.3077568695761825 3.2491291463742917 33.350000000000009 5.4500000000000011 5.7500000000000009 24.750000000000004 11.847500000000005
decision_type=2 2 2 2 2 2 2 2 2 2 2 2 2 2
left_child=1 2 3 4 13 6 9 8 -8 10 -5 -12 -13 -1
right_child=-2 -3 -4 5 -6 -7 7 -9 -10 -11 11 12 -14 -15
leaf_value=-0.0077116216006758234 -0.017549032079722898 0.012914816731829783 -0.01386197668695947 -0.01344424148143197 -0.019375156303185016 0.012027182818991851 -0.0020980410837566914 0.0041873225574436566 -0.026144218754910686 0.011336923785037338 0.011123802183451775 0.0067992708692092268 -0.011525316329269225 0.01158271612189663
leaf_weight=0.34153796407919346 1.0739319239510212 2.7484012719942248 3.1167629857081911 1.4824693840346315 2.6624295758956578 4.5676238276064387 1.3433816133765497 2.017417854629457 0.93946309410966922 3.4906395974103361 2.8709852688480169 1.6617271988652649 1.416909805324394 2.0688789821870159
leaf_count=164 69 23 39 52 179 28 32 21 16 37 33 29 21 138
internal_value=-0.000487732 0.000642847 -0.000966634 0.00112333 -0.00753512 0.00359839 0.000483881 -0.00811042 -0.0169433 0.0042639 -8.62056e-06 0.00479195 -0.00239243 0.00738928
internal_weight=31.8026 30.7286 27.9802 24.8635 5.07285 19.7906 15.223 4.30026 2.28284 10.9227 7.43209 5.94962 3.07864 2.41042
internal_count=881 812 789 750 481 269 241 69 48 172 135 83 50 302
is_linear=0
shrinkage=0.03


Tree=323
num_leaves=15
num_cat=0
split_feature=6 1 8 8 0 3 1 6 5 7 0 1 0 6
split_gain=0.649017 0.694273 1.03043 0.957199 0.761259 0.673848 0.635575 0.595778 0.508235 0.78874 0.416442 1.0759 0.386236 0.332454
threshold=7.4500000000000011 11.520000000000005 33.050000000000004 37.20000000000001 22.867916666666673 3.5431456200606433 2.3300000000000032 6.8500000000000014 320.95518493652349 21.150000000000006 25.358333333333338 15.610000000000005 11.847500000000005 6.4500000000000011
decision_type=2 2 2 2 2 2 2 2 2 2 2 2 2 2
left_child=1 4 5 13 6 10 12 -6 -8 -10 -3 -12 -1 -4
right_child=-2 2 3 -5 7 -7 8 -9 9 -11 11 -13 -14 -15
leaf_value=-0.0074764739474470496 -0.013561449879696246 -0.020363390262984581 0.0018023238396665004 -0.0082995481701362145 0.017776408159003738 0.0074116641845254202 -0.015345086248350114 0.00035772378718840593 0.014349040301523362 -0.010812416517102642 0.0047519313262255137 -0.0206683450475393 0.013599608247653898 0.017468815328681907
leaf_weight=0.32817618502304258 1.3413699718366832 2.2852908540517074 2.0903803106630212 2.1118551229592413 5.5269749071449024 1.326936225639656 1.8751856434391809 2.4806161595624872 1.2665056651458146 1.2456886478466911 3.3632498225197196 1.3561702647712079 2.2799236118153203 3.1231009620241821
leaf_count=174 131 40 35 31 52 11 102 28 15 51 34 53 110 17
internal_value=0.00177164 0.00284961 -0.00155184 0.00621819 0.00725284 -0.00831766 -0.000150524 0.0130192 -0.00665984 0.00234636 -0.011851 -0.00488936 0.00961049 0.0124883
internal_weight=32.0014 30.6601 15.657 7.32534 15.0031 8.33165 6.99548 8.00759 4.38738 2.51219 7.00471 4.71942 2.6081 5.21348
internal_count=884 753 221 83 532 138 452 80 168 66 127 87 284 52
is_linear=0
shrinkage=0.03


Tree=324
num_leaves=15
num_cat=0
split_feature=7 6 4 2 4 7 7 7 2 0 4 4 5 4
split_gain=0.697672 0.738523 0.935184 0.67164 0.476326 0.820979 1.0303 0.7504 0.889282 0.918432 0.507255 0.661534 0.397694 0.380415
threshold=11.650000000000004 5.3500000000000014 79.072045040032236 41.650000000000013 78.228560088089111 47.850000000000016 19.850000000000005 36.150000000000013 36.540000000000006 28.044166666666673 67.24843572139163 62.951702854011863 121.88932418823244 76.770342703194729
decision_type=2 2 2 2 2 2 2 2 2 2 2 2 2 2
left_child=3 2 12 -1 7 6 -6 8 13 10 11 -10 -2 -3
right_child=1 4 -4 -5 5 -7 -8 -9 9 -11 -12 -13 -14 -15
leaf_value=-0.019981311346055568 -0.0019133725369788841 0.0086740730995510332 0.01058724832964643 0.0070412770170641863 0.0069350939638752355 0.012326908125312366 -0.024649502762476773 -0.010095667564505618 0.0018991551105380876 0.011064460593397014 0.0025572799273870946 -0.026329297185388817 -0.022116961616012003 0.021213279062080485
leaf_weight=1.2938985818182143 1.7068652187590516 11.497210733505208 1.1918020934681406 0.66305776481749479 1.0004973810282534 0.91898398927878577 1.22211245415383 1.2561518810107362 0.97326287679607038 2.4707026551477611 1.6883078969549385 1.0670733703300355 1.4080539595743173 3.1588875396118956
leaf_count=101 30 288 47 14 11 35 59 96 32 15 15 12 71 36
internal_value=0.00251697 0.00379481 -0.0066393 -0.0115406 0.00575937 -0.0041639 -0.0126917 0.00728843 0.00874951 -0.000750186 -0.00926318 -0.0166682 -0.0142015 0.012559
internal_weight=31.5169 29.5599 4.30672 1.95696 25.2532 3.14159 2.22261 22.1116 20.8554 6.19935 3.72864 2.04034 3.11492 14.6561
internal_count=862 747 148 115 599 105 70 494 398 74 59 44 101 324
is_linear=0
shrinkage=0.03


Tree=325
num_leaves=15
num_cat=0
split_feature=2 2 8 1 1 1 8 5 8 8 1 5 3 3
split_gain=0.773772 0.322487 0.425942 0.36195 0.938933 0.493326 0.999022 1.08898 0.708227 0.957611 0.353603 0.292822 0.381235 0.230263
threshold=30.460000000000001 39.350000000000016 27.850000000000005 9.9800000000000058 3.4100000000000041 11.520000000000005 33.050000000000004 12.782201290130617 29.950000000000006 27.750000000000004 16.840000000000007 1073.302917480469 3.1894620129180069 3.2284846486846579
decision_type=2 2 2 2 2 2 2 2 2 2 2 2 2 2
left_child=11 3 -3 4 -2 -5 8 -8 9 10 -7 -1 -13 -6
right_child=1 2 -4 5 13 6 7 -9 -10 -11 -12 12 -14 -15
leaf_value=-0.018182548314928795 0.01124546973184447 0.0057876839630491205 -0.013593442740806297 0.012828766037464134 -0.014046029429802648 -0.018653113894032056 -0.0069018935949586892 0.017131080889183577 -0.015715812521920117 0.01011648559152145 0.0012712785256367156 -0.011790037103188074 0.0077825500624124858 0.0019102931992292494
leaf_weight=1.2962402887787932 1.8519503301358842 1.0387530397274525 1.3598200226551851 5.3480322281830039 2.6881734216294721 1.0685866628773495 1.7707955779042084 4.7143570292973891 2.2002284071641043 3.639084352646023 1.1139919317793099 0.58585611358284939 1.067583098541945 0.7644041497260331
leaf_count=251 111 33 29 58 87 28 21 55 40 36 35 79 9 11
internal_value=0.00126786 0.00295205 -0.00596675 0.0039979 -0.0025953 0.00579934 0.00254777 0.0105234 -0.00435176 0.00161737 -0.0112796 -0.0112307 -0.00098221 -0.0108777
internal_weight=30.5079 27.5582 2.39857 25.1596 5.30453 19.8551 14.507 6.48515 8.02189 5.82166 2.18258 2.94968 1.65344 3.45258
internal_count=883 544 62 482 209 273 215 76 139 99 63 339 88 98
is_linear=0
shrinkage=0.03


Tree=326
num_leaves=15
num_cat=0
split_feature=4 3 7 8 3 6 8 2 8 2 8 7 8 8
split_gain=0.779592 1.01985 2.40977 0.646154 0.95088 0.985133 2.16687 0.557193 0.467967 0.582407 0.470068 0.309901 0.29384 0.216422
threshold=64.041897412055818 3.1894620129180069 18.550000000000004 26.550000000000004 3.2451076540396682 5.1500000000000012 30.250000000000004 32.730000000000011 23.750000000000004 31.170000000000005 28.950000000000006 12.150000000000004 35.95000000000001 23.750000000000004
decision_type=2 2 2 2 2 2 2 2 2 2 2 2 2 2
left_child=7 2 11 13 -5 -6 -7 -1 -4 10 -10 -2 -9 -3
right_child=1 3 8 4 5 6 -8 12 9 -11 -12 -13 -14 -15
leaf_value=-0.009813178014768038 -0.0025168740936542828 -0.01605534159625259 0.011458675040564414 0.014165685186023787 0.0133165991283434 0.0080831560816658089 -0.023205953754517675 0.014080501467770574 -0.010475764223713126 -0.015583634842383721 0.011114254018958533 -0.030716709595413089 -0.0024545193073538221 -5.4007875487397096e-05
leaf_weight=0.46572504373034718 0.60406302835326853 0.85197074001189266 2.2110684971266892 5.5373373283073297 2.0689725970732962 3.4793803729116917 2.7318907021544874 5.6782120027346537 0.43416393871302794 1.0880192297045139 1.79750686432817 2.3595870568533428 0.81669300014618773 1.3025569027522577
leaf_count=71 15 32 145 32 34 29 41 165 64 60 72 81 19 24
internal_value=0.00127987 -0.00132282 -0.00915368 0.0031358 0.00560683 -0.00102651 -0.0069883 0.00944524 0.00311203 -0.00381293 0.00497211 -0.027054 0.0119512 -0.00946525
internal_weight=31.4271 24.4665 8.49441 15.9721 13.8176 8.28024 6.21127 6.96063 5.53076 3.31969 2.23167 2.96365 6.49491 2.15453
internal_count=884 629 437 192 136 104 70 255 341 196 136 96 184 56
is_linear=0
shrinkage=0.03


Tree=327
num_leaves=15
num_cat=0
split_feature=8 8 2 2 5 0 8 6 8 4 8 2 4 6
split_gain=0.540099 0.825866 0.843722 1.46895 0.728178 0.817133 0.706225 0.671036 0.489906 0.398756 0.569663 0.504245 0.320429 0.337251
threshold=36.95000000000001 32.95000000000001 38.030000000000008 36.810000000000009 18.491278648376468 22.93458333333334 28.250000000000004 5.5500000000000016 41.45000000000001 73.703634847150667 28.250000000000004 30.010000000000009 74.242404663355799 6.0500000000000016
decision_type=2 2 2 2 2 2 2 2 2 2 2 2 2 2
left_child=1 2 3 4 9 -6 12 -8 -2 -1 11 -11 13 -7
right_child=8 -3 -4 -5 5 6 7 -9 -10 10 -12 -13 -14 -15
leaf_value=0.014388883100439636 -0.017428452376702566 0.010101108321510054 0.01048689442666528 -0.02700781213206466 -0.015436849720003344 -0.010094329275896033 0.0031975845792757817 -0.016914371160613839 0.0029072899182367895 0.0056947915110683641 0.011650577203328578 -0.019276875422272584 0.016292766716111053 0.0085879895456758577
leaf_weight=2.5225136646768211 1.6146125789964565 7.2921473638853049 3.5633623990870538 1.1881455663242366 3.2698081774287839 0.69010072539094858 2.7075811816612259 1.7443545985734088 1.3834994265343992 0.62152579487883508 0.83829507831251238 0.8017057164106518 1.6750155690824611 0.79516058473382145
leaf_count=21 46 114 68 28 365 29 30 28 26 29 14 18 32 16
internal_value=0.000692199 0.00211034 -0.00108194 -0.00397823 -0.000715892 -0.00492646 0.000856466 -0.00633972 -0.00966434 0.00805756 -0.00125089 -0.0105219 0.010081 -0.000661344
internal_weight=30.7078 27.7097 20.4176 16.8542 15.6661 10.882 7.61221 4.45194 2.99811 4.78404 2.26153 1.42323 3.16028 1.48526
internal_count=864 792 678 610 582 500 135 58 72 82 61 47 77 45
is_linear=0
shrinkage=0.03


Tree=328
num_leaves=15
num_cat=0
split_feature=5 8 8 4 2 4 0 4 1 5 0 2 8 2
split_gain=0.429922 0.697345 0.82902 0.746768 0.930759 0.660439 0.650217 0.677853 0.543856 0.601209 1.21432 0.436807 0.377078 0.299775
threshold=5.4549217224121103 22.950000000000006 38.750000000000007 64.999102999124929 37.410000000000011 59.046448644179698 20.900833333333342 69.112491173187792 14.650000000000002 327.95318603515631 29.022500000000004 33.850000000000001 28.850000000000005 35.650000000000013
decision_type=2 2 2 2 2 2 2 2 2 2 2 2 2 2
left_child=13 -2 3 5 6 -3 7 -5 11 10 -10 -8 -13 -1
right_child=1 2 -4 4 -6 -7 8 -9 9 -11 -12 12 -14 -15
leaf_value=0.0016151886393038757 -0.012849273441800393 -0.0045628647508250911 -0.014508639806111714 0.0062950282637496248 -0.016631374823753271 0.015957806344656811 0.014483822382884199 -0.019521802378324495 -0.023780969533030757 0.0073338175633779991 0.011009741308554236 0.0087712354012498741 -0.0064873357038060771 0.016752340446400022
leaf_weight=2.7899245399166857 2.5900731249421396 1.3842835974064716 1.6977651146007691 0.91131598391803281 1.7106992152985174 4.6297837193415035 4.6027181143872422 1.23422300069069 1.3672954230569301 1.7567325815325601 0.71570973098278035 1.8265785835683348 2.026856086216867 1.398418268188834
leaf_count=55 237 103 45 25 26 65 39 142 56 22 3 17 23 7
internal_value=0.00102515 -0.000504931 0.00129776 0.00308244 -0.000440265 0.0112574 0.00243055 -0.010041 0.00519826 -0.00355178 -0.0121333 0.00912688 0.00106241 0.00892396
internal_weight=30.6424 26.454 23.864 22.1662 16.1521 6.01407 14.4414 2.14554 12.2959 3.83974 2.08301 8.45615 3.85343 4.18834
internal_count=865 803 566 521 353 168 327 167 160 81 59 79 40 62
is_linear=0
shrinkage=0.03


Tree=329
num_leaves=15
num_cat=0
split_feature=1 5 5 1 6 7 1 4 7 3 7 5 6 5
split_gain=0.779472 0.429452 1.22249 1.25662 0.740825 1.27189 0.964109 0.62693 0.608897 0.617123 0.502588 1.00526 0.398513 0.34179
threshold=19.290000000000006 909.61682128906261 211.42034149169925 17.730000000000008 5.5500000000000016 16.950000000000006 3.2300000000000062 79.685427652029958 26.950000000000006 3.2178519956479041 15.850000000000003 89.212852478027358 5.4500000000000011 327.95318603515631
decision_type=2 2 2 2 2 2 2 2 2 2 2 2 2 2
left_child=1 2 4 7 -1 10 -7 13 -8 -10 11 -6 -3 -4
right_child=-2 12 3 -5 5 6 8 -9 9 -11 -12 -13 -14 -15
leaf_value=0.014706779157609987 -0.01642641715747226 -0.0043984625384298707 -0.0040652542051935721 0.013933880741770271 -0.0088068712687936774 0.0097702316554018308 -0.021679125319048195 0.0081870646201983484 -0.014168139989036703 0.01078666918171955 0.019059454754828457 0.012669714408206006 0.013944455356936166 -0.021318623763714521
leaf_weight=4.5932919000042736 0.95086904510389914 0.84581908234394987 2.0773603411798822 1.0168715249747036 2.6664801817387325 1.1975890294706912 2.6044094413518906 0.46437182792578813 0.55422762013040472 1.0931099504232404 1.9527942407003136 3.3087794305756688 3.9908031592494808 3.480568653321825
leaf_count=68 69 22 74 6 41 99 44 12 47 8 17 40 145 178
internal_value=0.0020825 0.00318557 0.0014144 -0.00845088 0.00552044 0.00156267 -0.00870048 -0.0136766 -0.0147729 0.000210464 0.00880141 0.00319713 0.0105327 -0.0164732
internal_weight=30.7973 29.8465 25.0099 7.03917 17.9707 13.3774 5.44934 6.0223 4.25175 1.64734 7.92805 5.97526 4.83662 5.55793
internal_count=870 801 634 270 364 296 198 264 99 55 98 81 167 252
is_linear=0
shrinkage=0.03


Tree=330
num_leaves=15
num_cat=0
split_feature=8 7 1 3 5 0 0 5 3 1 3 8 1 8
split_gain=0.731256 1.12166 0.686706 0.804029 0.53142 1.022 1.19471 0.945949 0.457019 0.590288 0.35117 0.392261 0.250824 0.250763
threshold=34.95000000000001 36.150000000000013 18.110000000000003 3.2390340526490213 18.491278648376468 27.402916666666673 22.93458333333334 1061.218200683594 3.5931529555168709 1.5900000000000023 3.076487356656846 26.350000000000005 7.4200000000000044 25.550000000000004
decision_type=2 2 2 2 2 2 2 2 2 2 2 2 2 2
left_child=1 4 3 12 -1 6 7 -6 9 -3 11 -8 -2 -9
right_child=2 8 -4 -5 5 -7 10 13 -10 -11 -12 -13 -14 -15
leaf_value=0.012002837057809168 -0.0016209255670256856 0.0041009139548531083 0.0082114793872791261 0.0020393635495374735 -0.021034521559437212 -0.015791745532597695 0.0071333200787947462 0.011186777934631275 0.0070564494200637071 -0.023271651009332359 0.011162055671093775 -0.012611405769914152 -0.026091439814419529 -0.0043785014815866099
leaf_weight=6.1349098019418404 0.59828072896925677 0.60551975318230677 0.99284148146398354 1.6989768301136789 1.5859861937351554 1.537799207959323 1.0504342928761605 1.0182109979214145 0.3134309232700615 1.6797783059591891 10.102268409449605 0.6540054524084552 1.7545460266992448 0.97601279907394189
leaf_count=50 27 105 19 17 213 34 42 47 4 96 93 51 48 36
internal_value=0.000746977 0.00286116 -0.00870066 -0.0136499 0.00510334 0.00207229 0.00471239 -0.00883577 -0.0129242 -0.0169783 0.00918981 -0.0023047 -0.0222084 0.00465072
internal_weight=30.703 25.6584 5.04465 4.0518 23.0596 16.9247 15.3869 3.58021 2.59873 2.2853 11.8067 1.70444 2.35283 1.99422
internal_count=882 771 111 92 566 516 482 296 205 201 186 93 75 83
is_linear=0
shrinkage=0.03


Tree=331
num_leaves=15
num_cat=0
split_feature=2 2 0 8 7 7 5 8 5 6 2 4 2 7
split_gain=0.422508 0.911825 1.21294 0.611695 0.53895 0.777263 0.765117 0.684413 0.747645 0.699295 1.20156 0.62808 0.543546 0.456833
threshold=39.600000000000016 38.530000000000015 27.527083333333334 25.850000000000005 13.550000000000002 19.550000000000004 208.27097320556643 21.700000000000006 416.18601989746099 5.4500000000000011 35.840000000000011 75.238409039301516 35.210000000000015 28.450000000000006
decision_type=2 2 2 2 2 2 2 2 2 2 2 2 2 2
left_child=1 2 4 -2 -1 6 -6 -7 9 13 -11 12 -10 -9
right_child=3 -3 -4 -5 5 7 -8 8 11 10 -12 -13 -14 -15
leaf_value=-0.013212999435822366 0.0074274742883110138 0.015887398432624572 -0.021800602219102152 -0.018849167336972939 0.014726996955672126 0.010047253276768061 -0.004465200698656472 0.010186202768216964 -0.013799856783065055 -0.026688864356578919 0.0047891057128275558 0.010150591254221053 0.0068652533194467243 -0.0087413198892413776
leaf_weight=0.99246946902714128 0.60169990354915981 2.8107402711175373 1.0939536192454387 1.097061487380415 6.1431803445448185 3.0322195019543861 2.0061026599723846 1.3777986154891535 1.8493259803508411 2.4878023263881919 1.2005006205290554 3.6263466575765051 1.1268866697791962 1.2322958536387885
leaf_count=90 20 27 39 33 68 152 70 17 97 149 14 52 11 34
internal_value=0.00118772 0.00217669 0.000173488 -0.0102385 0.00193147 0.00305749 0.0100308 -0.000890873 -0.00399958 -0.0106653 -0.017607 0.00292553 -0.00621664 0.00130399
internal_weight=30.6784 28.9796 26.1689 1.69876 25.0749 24.0825 8.14928 15.9332 12.901 6.2984 3.6883 6.60256 2.97621 2.61009
internal_count=873 820 793 53 754 664 138 526 374 214 163 160 108 51
is_linear=0
shrinkage=0.03


Tree=332
num_leaves=15
num_cat=0
split_feature=7 1 7 6 4 1 7 1 2 2 8 8 7 6
split_gain=0.753478 0.852847 1.98655 0.727524 0.637393 1.02111 0.755818 0.597423 1.16749 0.530348 0.518778 0.406791 0.400855 0.310191
threshold=26.650000000000006 13.190000000000005 13.550000000000002 5.6500000000000012 78.099824708760835 9.9800000000000058 14.450000000000001 10.950000000000003 26.630000000000006 34.920000000000009 23.350000000000005 25.650000000000006 36.150000000000013 5.1500000000000012
decision_type=2 2 2 2 2 2 2 2 2 2 2 2 2 2
left_child=1 4 -3 -4 5 10 -7 8 -2 -10 -1 -12 -9 -14
right_child=7 2 3 -5 -6 6 -8 12 9 -11 11 -13 13 -15
leaf_value=-0.019535508917408781 0.010570331243476266 0.0084700770924677465 -0.00099041699998641923 -0.029920508449237351 -0.014469976163543235 -0.004516159255066066 0.014393789546705569 0.015942050530479552 -0.022320129871746384 0.0032045073925059593 0.0098070259557259051 -0.0066233927927339849 0.009548587398447354 -0.0061396752568631313
leaf_weight=0.96260255450034105 2.2345306398492522 2.1456817855359978 1.088467692025006 2.6110185150173493 1.1547084167250421 2.1090969755314291 5.6774335561785847 4.0451379378791898 1.3711865451186898 0.73635495919734228 1.2023856420128143 2.5326594549405854 1.042590410623234 1.5680675101466475
leaf_count=109 183 19 28 46 19 28 69 38 96 7 54 134 27 37
internal_value=-5.45751e-05 -0.00354977 -0.0121937 -0.0234306 0.000734621 0.00310976 0.00934071 0.00591735 -0.00246552 -0.0152407 -0.00704497 -0.000380004 0.0109938 0.00103492
internal_weight=30.4819 19.4841 5.84517 3.69949 13.6389 12.4842 7.78653 10.9979 4.34207 2.10754 4.69765 3.73505 6.6558 2.61066
internal_count=894 506 93 74 413 394 97 388 286 103 297 188 102 64
is_linear=0
shrinkage=0.03


Tree=333
num_leaves=15
num_cat=0
split_feature=5 8 8 5 5 7 7 4 7 0 3 4 7 0
split_gain=0.458853 1.26763 1.41224 0.828978 0.740094 0.717858 0.573915 0.954749 1.04208 0.97864 0.838764 0.908806 0.427491 0.400115
threshold=159.07899475097659 30.250000000000004 26.650000000000006 -1.149257957935333 211.42034149169925 30.250000000000004 30.650000000000006 65.742344928622103 28.050000000000004 28.092916666666671 3.5931529555168709 65.672269004475723 17.750000000000004 29.207500000000007
decision_type=2 2 2 2 2 2 2 2 2 2 2 2 2 2
left_child=1 2 3 -1 -2 12 7 8 9 -6 11 -8 -3 -7
right_child=4 5 -4 -5 6 13 10 -9 -10 -11 -12 -13 -14 -15
leaf_value=0.012250726526519255 0.01551069466499899 -0.0047960785750173962 0.012790080711259807 -0.013144025840712194 -0.023630288109208072 -0.0074868456864717941 0.0073573971884286077 0.010451307475621072 0.012764579719466767 0.0099850836388432323 0.011805497152849707 -0.023886562993241538 -0.026675100719454146 0.013413279595268036
leaf_weight=0.66774524375796218 3.4905828148184836 1.8945845604175695 5.877786048251437 3.77739789139014 1.8949208608828474 0.76005136329331413 0.65836704778484989 6.9672793867939617 0.8006498374743386 0.4342370033264159 0.58792355656623829 1.7270881843287496 1.7496644728817043 0.62743324041366577
leaf_count=7 68 29 73 162 166 44 31 137 10 1 2 123 30 1
internal_value=0.00166033 -0.00201618 0.00402761 -0.00777999 0.00498973 -0.0130275 0.00127735 0.00470089 -0.00753117 -0.0162464 -0.00860559 -0.0156373 -0.0187824 0.00362389
internal_weight=31.9157 15.3547 10.3229 4.44514 16.561 5.03173 13.0705 10.0971 3.12981 2.32916 2.97338 2.38546 3.64425 1.38748
internal_count=884 346 242 169 538 104 470 314 177 167 156 154 59 45
is_linear=0
shrinkage=0.03


Tree=334
num_leaves=15
num_cat=0
split_feature=7 5 7 0 7 1 6 6 7 7 0 5 2 4
split_gain=0.860902 1.03684 0.862975 0.956261 0.862101 0.735375 0.524002 0.464814 0.370693 0.353463 0.853169 0.666055 0.466156 0.240446
threshold=31.350000000000005 161.25616455078128 20.150000000000006 26.723750000000006 48.650000000000013 4.650000000000003 5.3500000000000014 5.6500000000000012 18.450000000000006 20.150000000000006 25.331666666666667 211.42034149169925 31.630000000000006 72.180081794737518
decision_type=2 2 2 2 2 2 2 2 2 2 2 2 2 2
left_child=1 2 3 8 -2 -3 -7 -4 13 10 12 -12 -8 -1
right_child=4 5 7 -5 -6 6 9 -9 -10 -11 11 -13 -14 -15
leaf_value=0.0059248772285444944 0.012953866910849978 -0.014109614896335507 -0.0035021258175868528 -0.013865643843067127 -0.012258253999998227 -0.0076590819189725776 0.0060861960886789595 -0.026514065969668828 0.015216749094870733 0.015302415486908715 0.019255580520679685 -0.001707177561484392 -0.020118281014324835 -0.0070894630381417786
leaf_weight=1.6733855435741189 6.4592609413230084 0.8038073658826751 1.5938168101711201 2.4419206683523953 0.64163006166927505 1.1917735885363061 0.36173566803335944 1.7695772642618974 1.3879731219494713 3.75172236666549 1.8453169371932743 2.3352435638080351 0.82521626690868288 1.4496466014534233
leaf_count=40 167 164 35 36 133 33 4 62 12 46 9 42 45 26
internal_value=0.00109063 -0.00197468 -0.00843305 -0.00162386 0.00944375 0.00422101 0.00677109 -0.0189111 0.00631645 0.00922745 0.0032449 0.00947665 -0.0130009 -0.000370407
internal_weight=28.532 21.4311 10.3163 6.95293 7.10089 11.1148 10.311 3.36339 4.51101 9.11923 5.36751 4.18056 1.18695 3.12303
internal_count=854 554 211 114 300 343 179 97 78 146 100 51 49 66
is_linear=0
shrinkage=0.03


Tree=335
num_leaves=15
num_cat=0
split_feature=2 2 3 5 2 7 8 0 8 5 5 7 8 5
split_gain=1.37401 1.4522 0.843484 0.715548 0.693455 0.525279 0.834717 0.505047 0.545912 0.486015 0.714447 0.415896 0.412029 0.303917
threshold=35.840000000000011 32.630000000000003 3.2727737905361018 1264.7280273437502 39.460000000000015 34.150000000000013 35.550000000000004 26.600416666666671 28.650000000000006 416.18601989746099 44.165283203125007 15.050000000000002 25.850000000000005 146.02478790283206
decision_type=2 2 2 2 2 2 2 2 2 2 2 2 2 2
left_child=1 3 11 5 13 9 -7 8 -4 10 -1 -3 -6 -2
right_child=4 2 7 -5 12 6 -8 -9 -10 -11 -12 -13 -14 -15
leaf_value=0.0093556586137059864 0.0038671715083709855 -0.00098031931614008449 0.0040360109789895999 -0.014860835112201294 0.0059369302322584798 -0.018540874171289728 0.0092947138333305986 0.0084823124427093107 -0.01739397073043935 0.016344055570804795 -0.013938931200547447 -0.02510411715536327 -0.016042988339819396 0.015350617422201283
leaf_weight=2.0404167779197491 4.9758225143887085 0.83970204077195187 1.2872988535091283 0.84972948790527958 0.61670313251670339 0.9546754998591499 1.0522580455290151 1.3499361173016948 1.6104646106250582 3.1443900010199286 0.94218009038013395 3.7813293390790932 0.86894586583366618 4.2010655934864189
leaf_count=36 52 55 21 81 22 142 18 37 19 68 99 114 33 76
internal_value=-0.00105228 -0.00602692 -0.0139913 0.00244946 0.00707941 0.00568683 -0.00570889 -0.00309505 -0.00928091 0.00969685 0.000344797 -0.0216748 -0.00820117 0.010116
internal_weight=28.5149 17.8524 8.86873 8.98365 10.6625 8.13392 2.00693 4.2477 2.89776 6.12699 2.9826 4.62103 1.48565 9.17689
internal_count=873 690 246 444 183 363 160 77 40 203 135 169 55 128
is_linear=0
shrinkage=0.03


Tree=336
num_leaves=15
num_cat=0
split_feature=7 2 2 2 3 4 7 8 4 7 7 7 5 7
split_gain=0.681325 0.646024 1.10715 0.60572 0.980207 0.64221 1.07085 0.623861 0.538033 0.48343 0.608387 0.543046 0.571871 0.436716
threshold=26.550000000000004 31.170000000000005 33.63000000000001 33.810000000000009 3.0813554397222487 67.555038597675278 16.750000000000004 25.550000000000004 63.178055318331765 36.150000000000013 40.650000000000013 48.650000000000013 203.38523101806643 21.050000000000004
decision_type=2 2 2 2 2 2 2 2 2 2 2 2 2 2
left_child=1 13 -3 -4 7 -6 -7 -5 -9 -2 -11 12 -12 -1
right_child=9 2 3 4 5 6 -8 8 -10 10 11 -13 -14 -15
leaf_value=0.015163765386023901 0.010492321143074886 -0.019952777299132789 0.014150096799968618 -0.011818678105796942 -0.020509344496823886 0.0087414581924263272 -0.013577116750911052 0.014937359664264693 -0.0054946435284338509 -0.016342742738802294 -0.005781150756407125 -0.011349902451137209 0.017059275327834602 -0.0060783334030955257
leaf_weight=1.7688500731601444 7.1749013092776277 2.529890726174929 1.0715156686783291 0.56077785024535654 2.1056060865521431 2.8473006878048182 2.9543048269115388 3.5282308280584402 0.97594749112613488 0.76705905697599508 0.89774570277950339 0.56713062326889474 1.8508784949081016 0.62548497060197394
leaf_count=42 145 103 11 74 22 23 47 76 29 40 34 122 29 62
internal_value=0.000715548 -0.00272576 -0.00492408 -0.00107038 -0.00325036 -0.0094026 -0.00294887 0.00632096 0.0103163 0.00626308 -0.00177119 0.00460545 0.0100471 0.00945869
internal_weight=30.2256 18.9679 16.5736 14.0437 12.9722 7.90721 5.80161 5.06496 4.50418 11.2577 4.08281 3.31575 2.74862 2.39434
internal_count=859 489 385 282 271 92 70 179 105 370 225 185 63 104
is_linear=0
shrinkage=0.03


Tree=337
num_leaves=15
num_cat=0
split_feature=0 1 4 5 7 4 7 8 8 2 7 2 2 4
split_gain=0.725837 0.692621 0.526359 0.437485 0.770978 0.764579 0.560497 0.525345 0.551665 0.442031 0.649138 0.552923 0.542407 0.338781
threshold=27.561666666666671 1.4700000000000033 64.402767826102078 334.45248413085943 20.150000000000006 79.348307186312283 15.750000000000002 3.1000000000000005 37.050000000000004 32.77000000000001 15.850000000000003 30.730000000000008 38.150000000000013 70.736518334806505
decision_type=2 2 2 2 2 2 2 2 2 2 2 2 2 2
left_child=1 -1 -2 5 -5 7 -7 -3 9 11 12 -9 -11 -6
right_child=2 3 -4 4 13 6 -8 8 -10 10 -12 -13 -14 -15
leaf_value=-0.013823446924204282 0.0033661192962486188 -0.010956064764462873 -0.01837811442955203 -0.014624910017518237 0.010300948616418995 0.0079566085403149044 -0.018883878416294232 0.010711990995059087 -0.0037613108831443015 -0.0042585529841433923 0.020429890469191955 -0.0092530201312655182 0.013058448620434685 -0.0016611045456130138
leaf_weight=0.83357992932724911 1.2788714542984956 0.28161839768291486 1.3746480561094356 1.5064728351717329 3.2362756226211786 0.44741899147629627 0.7465654669504147 1.6704169475124246 1.6633679545484472 2.440723251202142 6.9226619118126109 1.3643179294886065 2.3606079191667959 3.8114297318970785
leaf_count=311 16 3 36 80 37 3 59 53 25 43 86 31 42 67
internal_value=0.00290786 0.00445235 -0.00984547 0.00551085 -0.000105877 0.0080589 -0.00978374 0.00981489 0.0107795 0.012553 0.0150182 0.00166762 0.00503881 0.00442926
internal_weight=29.939 27.2855 2.65352 26.4519 8.55418 17.8977 1.19398 16.7037 16.4221 14.7587 11.724 3.03473 4.80133 7.04771
internal_count=892 840 52 529 184 345 62 283 280 255 171 84 85 104
is_linear=0
shrinkage=0.03


Tree=338
num_leaves=15
num_cat=0
split_feature=5 3 1 4 5 3 4 7 5 1 6 6 5 3
split_gain=0.542768 0.795774 0.738548 0.960767 0.630538 0.518241 0.369176 0.45633 0.58302 0.569701 0.624608 0.568978 0.383588 0.380573
threshold=15.374887466430666 3.2451076540396682 7.4200000000000044 46.251127843733947 69.747497558593764 3.3077568695761825 59.046448644179698 13.250000000000002 320.95518493652349 12.930000000000005 5.1500000000000012 5.3500000000000014 525.17776489257824 3.26719513714287
decision_type=2 2 2 2 2 2 2 2 2 2 2 2 2 2
left_child=1 -1 3 -2 5 -4 -6 -8 9 13 -11 -10 -13 -9
right_child=2 -3 4 -5 6 -7 7 8 11 10 -12 12 -14 -15
leaf_value=0.01332521343497438 0.0082416294113590097 -0.0062620408749263709 -0.018108920781475527 -0.021952032933277806 -0.0091177009457215751 0.0024435536691173659 0.014093894231216226 -0.0045576300953740316 -0.0060390405527497824 0.005786372589441236 -0.01958199867640819 0.017588802379622962 0.0027640504697684352 0.012191105905785406
leaf_weight=5.0791136633488376 0.76614057351253295 1.9913361326325683 1.5644545484101429 1.9690334148326654 1.0505451995413775 1.5712707915809003 2.6018653744831708 1.8362549529410883 1.7147118576103819 0.7107557152048688 1.9404034403851254 2.6821021508658305 3.5250761003699154 1.2590708616189656
leaf_count=75 60 24 38 377 35 16 19 32 37 37 37 28 42 18
internal_value=0.00100364 0.00771625 -0.00127721 -0.0135524 0.000919194 -0.00970965 0.00326837 0.00454976 0.00189599 -0.00490121 -0.0130588 0.00682334 0.0107214 0.00356845
internal_weight=30.2621 7.07045 23.1917 2.73517 20.4565 3.13573 17.3208 16.2702 13.6684 5.74648 2.65116 7.92189 6.20718 3.09533
internal_count=875 99 776 437 339 54 285 250 231 124 74 107 70 50
is_linear=0
shrinkage=0.03


Tree=339
num_leaves=15
num_cat=0
split_feature=1 1 2 0 5 6 5 3 3 4 6 3 5 0
split_gain=0.626423 0.455364 0.483129 0.723646 0.652041 1.01896 0.514136 0.628519 0.503107 0.491295 0.373108 0.347694 0.671996 0.387157
threshold=19.290000000000006 1.4700000000000033 26.630000000000006 22.803750000000004 89.212852478027358 5.5500000000000016 425.98348999023443 3.2056044845911438 3.2143826866127108 76.770342703194729 6.7500000000000009 3.0872019983601215 1061.218200683594 18.729166666666671
decision_type=2 2 2 2 2 2 2 2 2 2 2 2 2 2
left_child=1 -1 -3 11 5 -5 8 -8 -6 10 -7 13 -13 -4
right_child=-2 2 3 4 6 9 7 -9 -10 -11 -12 12 -14 -15
leaf_value=-0.012523738181108824 -0.015247579567353408 0.014319798796861096 -0.011055425515290219 0.011149079883376468 0.016330533427465075 -0.020544826335470393 -0.01250612994156248 0.0069576996331758654 0.00085983922761622127 0.00099201249627925122 -0.00095163508025158743 -0.022076432075722029 0.0042172939029488767 0.0082667367026062286
leaf_weight=0.70226435030054446 0.84486716939136286 2.3788243200397146 0.49547373747919055 2.7364641008898634 6.1711476035416108 1.9761305004358294 1.336929561162832 3.1355679482221603 2.7271388098597527 2.9500681317877024 1.3824067423120139 1.4856958958553153 0.92530113458633412 1.5109542964491991
leaf_count=289 60 65 57 20 91 23 53 20 24 24 27 58 8 53
internal_value=0.00183981 0.00280002 0.00357074 0.00213757 0.00435717 -0.00177546 0.00834064 -8.25775e-05 0.012155 -0.0081401 -0.0145487 -0.00785086 -0.0137074 0.00140509
internal_weight=30.7592 29.9144 29.2121 26.8333 22.4159 9.04507 13.3708 4.4725 8.89829 6.30861 3.35854 4.41743 2.411 2.00643
internal_count=872 812 523 458 282 94 188 73 115 74 50 176 66 110
is_linear=0
shrinkage=0.03


Tree=340
num_leaves=15
num_cat=0
split_feature=3 4 7 4 7 4 3 4 4 6 3 3 5 6
split_gain=0.40284 0.900156 0.863909 0.85527 1.18294 0.725205 0.539007 0.653937 0.684607 0.716651 0.60118 0.88863 0.739823 0.458109
threshold=2.5169938541005239 60.396975986830363 13.050000000000002 66.506170407983959 15.650000000000004 69.112491173187792 3.5649924815729093 78.228560088089111 75.492932979406447 5.4500000000000011 3.2208870241535634 3.212059671323813 -1.149257957935333 5.7500000000000009
decision_type=2 2 2 2 2 2 2 2 2 2 2 2 2 2
left_child=-1 -2 -3 4 -4 -5 7 8 10 -10 11 12 -7 -9
right_child=1 2 3 5 -6 6 -8 13 9 -11 -12 -13 -14 -15
leaf_value=0.011521280077707674 -0.018577599475272179 0.013475961125962613 -0.030784022176863598 0.012352833001289329 0.0013197812892180097 0.01269529020424413 0.012044475345226315 -0.019970823103266987 -0.0064833418576566628 0.013640793532237924 -0.013714970520757836 0.016535653247473886 -0.0117150605911497 0.0008302466115272663
leaf_weight=1.8019526985590371 1.2655077420058685 3.3017291074502308 0.92426608607638927 3.2910353963961851 2.0621200946043245 0.60953118558974617 1.4354319695848961 1.9161081343190738 1.6455787925224274 3.8786019293620484 3.0992258690530434 1.3160319998860357 3.265024009626349 1.3010450427391331
leaf_count=87 110 46 20 62 61 2 13 78 26 98 51 6 167 77
internal_value=0.000651536 -0.000374752 0.00105794 -0.00105817 -0.013846 0.00122833 -0.00128695 -0.00301623 0.000130998 0.00757119 -0.00510831 0.00141595 -0.00605831 -0.0133566
internal_weight=31.1132 29.3112 28.0457 24.744 2.98639 21.7576 18.4666 17.0311 13.814 5.52418 8.28981 5.19059 3.87456 3.21715
internal_count=904 817 707 661 81 580 518 505 350 124 226 175 169 155
is_linear=0
shrinkage=0.03


Tree=341
num_leaves=15
num_cat=0
split_feature=4 4 6 1 6 6 2 3 7 4 4 2 6 2
split_gain=0.721712 0.796949 1.10364 0.742562 0.673358 0.580507 0.765115 1.16064 0.555574 0.45785 1.04039 0.878444 0.800403 0.658905
threshold=77.906232716274019 66.506170407983959 5.3500000000000014 17.870000000000008 7.0500000000000016 5.1500000000000012 35.840000000000011 3.5649924815729093 41.900000000000013 69.792940583011131 73.271964336400472 29.210000000000008 5.5500000000000016 33.750000000000007
decision_type=2 2 2 2 2 2 2 2 2 2 2 2 2 2
left_child=1 3 8 4 -1 -2 7 -7 -3 -4 11 -11 -12 -14
right_child=5 2 9 -5 -6 6 -8 -9 -10 10 12 -13 13 -15
leaf_value=-0.018813323394736296 0.006495645904855552 -0.017325792537187371 0.015976015412721277 0.011873842911748958 -0.00073235636720388382 -0.027431584854805804 0.0070461868415133402 0.0095831673908169865 0.0064723470810639401 0.010539045069334332 0.019116708746207193 -0.016770860425427775 -0.010281831200878366 0.0084299610399530562
leaf_weight=2.7667138738907004 0.83687119078240257 1.7948699373519077 3.7924595767399287 0.86105114896781731 3.8168921521864831 2.4072391499066734 0.62125896662473667 0.4379139095544814 0.66809498774819065 0.7690942497865757 3.2538017666665819 2.2495746570057236 1.7996093689289407 3.3117250760551542
leaf_count=127 50 65 61 6 180 130 3 2 14 28 34 56 107 30
internal_value=-0.000548254 0.0015209 0.00493396 -0.00619259 -0.00980959 -0.0106219 -0.0152835 -0.0207238 -0.0108655 0.00801125 0.00428202 -0.00892176 0.00949065 0.00123747
internal_weight=29.3872 25.0839 17.6392 7.44466 6.58361 4.30328 3.46641 2.84515 2.46296 15.1763 11.3838 3.01867 8.36514 5.11133
internal_count=893 708 395 313 307 185 135 132 79 316 255 84 171 137
is_linear=0
shrinkage=0.03


Tree=342
num_leaves=15
num_cat=0
split_feature=5 2 2 5 4 6 0 5 4 0 4 3 5 5
split_gain=0.347558 0.577402 1.2227 0.505581 0.818927 0.81821 0.662856 0.482012 0.660865 0.549443 0.529493 0.450527 0.439687 0.296451
threshold=1649.325378417969 33.110000000000014 33.910000000000011 106.69149780273439 64.999102999124929 7.3500000000000014 26.248750000000005 706.39361572265636 73.421663090587387 16.665000000000006 77.541550887973884 3.2727737905361018 327.95318603515631 355.11828613281256
decision_type=2 2 2 2 2 2 2 2 2 2 2 2 2 2
left_child=1 7 11 6 5 13 -4 8 9 -1 -10 -3 -6 -5
right_child=-2 2 3 4 12 -7 -8 -9 10 -11 -12 -13 -14 -15
leaf_value=0.0063764555203037173 -0.013528632717400171 -0.02657337919855679 0.014604983514740521 0.015640033545386452 -0.021571869335641265 -0.014132863944102183 -0.0014712478740287209 0.012736901076889956 0.011188656040179773 -0.019035016078671373 -0.0088128830126318579 -0.0011237854459312494 -0.00030297604234580914 -0.0010126514132716201
leaf_weight=0.56297046289546937 0.72008391714189102 1.3367560603073827 3.0222839305642974 1.9781619013519955 1.6727337216725575 0.74920789411407884 5.0366417994955555 3.9489927652175538 3.3912464293243829 1.2430041508050633 0.80099463579244901 0.98069428245071311 1.3433045411948112 1.25119686772814
leaf_count=50 83 55 33 22 53 85 53 92 99 47 126 14 20 35
internal_value=-0.000445978 0.000364429 -0.00289836 0.000689924 -0.00485181 0.00393237 0.0055044 0.00580656 7.58454e-05 -0.0116642 0.00640575 -0.0193888 -0.0145332 0.0104741
internal_weight=28.0383 27.3182 17.371 15.0535 6.9946 3.97857 8.05893 9.94721 5.99822 1.80597 4.19224 2.31745 3.01604 3.22936
internal_count=867 784 370 301 215 142 86 414 322 97 225 69 73 57
is_linear=0
shrinkage=0.03


Tree=343
num_leaves=15
num_cat=0
split_feature=3 1 3 7 2 4 8 8 3 0 7 0 0 0
split_gain=0.581707 1.432 1.19397 0.55766 1.55766 0.666168 0.516757 0.549679 0.502433 0.772953 0.573261 0.545727 0.513338 0.470579
threshold=3.2508857458718872 12.440000000000007 3.5649924815729093 16.250000000000004 38.530000000000015 60.396975986830363 34.95000000000001 41.45000000000001 3.144658103782938 12.422083333333338 17.350000000000005 22.93458333333334 11.847500000000005 24.177083333333339
decision_type=2 2 2 2 2 2 2 2 2 2 2 2 2 2
left_child=3 13 -3 4 -1 -6 8 -8 9 12 -11 -10 -5 -2
right_child=1 2 -4 6 5 -7 7 -9 11 10 -12 -13 -14 -15
leaf_value=-0.015514178887758317 -0.0035135942469186597 -0.02345022551505643 0.0060596844001415563 -0.007375025720398924 -0.0063962186220189524 0.015133968674596926 -0.012675386491154123 0.0085230400416743818 0.00096161972310027739 0.0074491462923236291 -0.015023540314167704 0.020285951678184935 0.018646138301590294 0.013510979080820046
leaf_weight=3.2911846674978795 1.968417172844054 3.1288960470119491 1.26734969089739 0.32211540725256593 1.2314328354550523 3.0312787101138383 1.4128525796113529 1.1021057085599748 1.8986624383833257 0.86230072390753809 1.7568552963202817 4.2022314958740026 1.5809515005676074 2.4225694891065359
leaf_count=149 34 78 13 163 49 25 44 17 37 22 164 31 22 26
internal_value=0.00129176 -0.00482993 -0.0153967 0.00399426 -0.00231914 0.00888069 0.00753151 -0.00360389 0.010251 0.00196098 -0.00761094 0.0152544 0.0132185 0.00664302
internal_weight=29.4792 8.78723 4.39625 20.692 7.5539 4.26271 13.1381 2.51496 10.6231 4.52222 2.61916 6.10089 1.90307 4.39099
internal_count=874 151 91 723 223 74 500 61 439 371 186 68 185 60
is_linear=0
shrinkage=0.03


Tree=344
num_leaves=15
num_cat=0
split_feature=8 4 8 4 4 4 0 6 7 1 2 7 7 7
split_gain=0.663801 1.03445 0.726591 0.897295 0.727776 0.768248 0.631783 1.1477 0.572664 0.555544 0.371464 0.365386 0.345333 0.319768
threshold=32.95000000000001 65.742344928622103 30.150000000000006 79.348307186312283 76.874082845919162 65.672269004475723 23.554166666666671 5.5500000000000016 16.750000000000004 10.900000000000006 26.630000000000006 30.250000000000004 13.450000000000001 15.650000000000004
decision_type=2 2 2 2 2 2 2 2 2 2 2 2 2 2
left_child=2 -2 3 4 5 13 10 -8 -4 -9 -7 -10 -5 -1
right_child=1 -3 8 12 -6 6 7 9 11 -11 -12 -13 -14 -15
leaf_value=-0.0009504382088508026 -0.0077640242209813344 0.012398305238501718 0.0027488585346226841 0.0046864784454670747 0.015526362537897241 0.0031000940910064895 0.013845003796976414 0.003737637326311243 -0.026378875170836077 -0.01791767674900345 -0.019899020168435991 -0.0018926263519633687 -0.021913774222615937 0.013763813860840163
leaf_weight=1.8743356059421836 2.3542254354106245 7.5857007506128866 1.2169120238395401 0.17754735052585491 2.5031056195730335 0.49800721817882765 2.2792265906464309 1.2724866387434306 1.1890137483133005 1.7302749281516296 1.9130709850578567 0.95318059565033753 0.92100875789765269 2.7358126958133653
leaf_count=113 49 131 23 1 50 67 31 24 39 28 102 30 89 92
internal_value=0.00143062 0.00734976 -0.00183555 0.0010737 0.00346246 2.54306e-05 -0.00556177 0.000791859 -0.0126967 -0.0100996 -0.0156324 -0.0195533 -0.0174301 0.00867841
internal_weight=29.2039 9.93993 19.264 15.9049 14.8063 12.3032 7.69307 5.28199 3.35911 3.00276 2.41108 2.14219 1.09856 4.61015
internal_count=869 180 689 597 507 457 252 83 92 52 169 69 90 205
is_linear=0
shrinkage=0.03


Tree=345
num_leaves=15
num_cat=0
split_feature=0 1 1 0 0 7 0 7 2 2 0 1 3 1
split_gain=1.0313 0.631884 0.425443 0.888054 0.734185 0.713565 0.669483 0.761159 0.611116 0.454844 0.401327 0.333135 0.292753 0.257077
threshold=27.527083333333334 17.870000000000008 13.310000000000004 24.009166666666676 16.665000000000006 28.050000000000004 22.867916666666673 20.550000000000004 36.910000000000004 29.060000000000006 11.847500000000005 16.840000000000007 2.953348854607067 2.3300000000000032
decision_type=2 2 2 2 2 2 2 2 2 2 2 2 2 2
left_child=2 -2 3 4 10 11 7 9 -5 -6 -1 -4 -10 -11
right_child=1 -3 5 8 6 -7 -8 -9 12 13 -12 -13 -14 -15
leaf_value=-0.0080600810817708351 -0.025189209865771486 0.0004138825820602377 -0.016759727400938781 0.015488552386193555 0.012678321380980261 0.0060820709163296608 0.0031345033142449893 -0.023140005191840448 0.007434802940452903 0.004512106142030718 0.01232455035210207 0.00022805500105018008 -0.0079555392185282191 -0.014441383342274799
leaf_weight=0.36377830008860668 1.0356138832867139 1.4565638006897641 2.0769838823471214 6.8055399628356081 0.65133035182952914 3.2601779465912841 3.3262135159457102 1.9172526710899545 1.0657242266461255 0.44395221254671902 3.1038500515278429 1.5285179986967703 1.4302713389042763 0.67668394386419095
leaf_count=198 18 36 38 67 2 65 42 90 35 36 160 19 24 55
internal_value=0.00101049 -0.0143918 0.00291923 0.00509029 -0.000968474 -0.0031888 -0.00632617 -0.0137054 0.0113498 0.00116803 0.00886062 -0.0110721 -0.00113726 -0.00834578
internal_weight=29.1425 2.49218 26.6503 19.7846 10.4831 6.86568 7.01543 3.68922 9.30154 1.77197 3.46763 3.6055 2.496 1.12064
internal_count=885 54 831 709 583 122 225 183 126 93 358 57 59 91
is_linear=0
shrinkage=0.03


Tree=346
num_leaves=15
num_cat=0
split_feature=6 6 6 5 5 6 6 7 5 5 0 7 0 7
split_gain=0.508522 0.724543 0.727615 0.402484 0.803676 0.456438 0.423824 0.45938 0.676247 0.46517 0.383786 0.576039 1.14965 0.438563
threshold=5.3500000000000014 5.1500000000000012 5.0500000000000016 161.25616455078128 106.69149780273439 5.5500000000000016 7.4500000000000011 15.200000000000003 320.95518493652349 203.38523101806643 28.606666666666676 16.950000000000006 18.729166666666671 15.850000000000003
decision_type=2 2 2 2 2 2 2 2 2 2 2 2 2 2
left_child=1 2 -1 4 5 -2 7 -5 9 -9 11 13 -13 -7
right_child=3 -3 -4 6 -6 10 -8 8 -10 -11 -12 12 -14 -15
leaf_value=-0.012980061711704847 0.013543461104560115 -0.016946834824259106 0.01343386403174022 0.016247175305162329 -0.015167854426874867 -0.0025212541908647022 -0.0075086019767444372 0.0072756857246452835 0.00794853215031276 -0.0162501531902998 0.012208725672600342 0.0079614715449009572 -0.018599297325461891 0.013451232443365622
leaf_weight=0.53730339676258432 1.9432884683192266 1.7843874428654092 1.5747962316090707 3.9264231529086802 1.5833832299977064 2.9964481303468311 0.86252852671896185 0.44959007023135011 7.6951884728914592 1.2157933485577812 0.97447265731170851 1.662887019178015 2.7940419731894508 1.7214096030220387
leaf_count=59 27 60 19 59 50 49 106 21 209 49 7 103 58 11
internal_value=0.00241752 -0.00664791 0.00470267 0.00387356 0.000132732 0.00314166 0.00724176 0.00865782 0.00421345 -0.00955218 0.000113912 -0.00224435 -0.00904648 0.00463989
internal_weight=31.7219 3.89649 2.1121 27.8255 13.6759 12.0925 14.1495 13.287 9.36057 1.66538 10.1493 9.17479 4.45693 4.71786
internal_count=887 138 78 749 305 255 444 338 279 70 228 221 161 60
is_linear=0
shrinkage=0.03


Tree=347
num_leaves=15
num_cat=0
split_feature=1 4 7 4 2 2 2 8 1 1 3 2 2 5
split_gain=0.84634 0.742531 0.552923 0.47744 0.58706 0.430722 1.41795 0.398119 0.299461 0.672276 0.283898 0.377044 0.616252 0.336818
threshold=11.520000000000005 75.238409039301516 13.450000000000001 76.163366100119546 33.850000000000001 36.170000000000009 34.680000000000014 31.550000000000004 10.950000000000003 10.870000000000006 3.2208870241535634 37.430000000000007 40.860000000000014 2.2758069038391118
decision_type=2 2 2 2 2 2 2 2 2 2 2 2 2 2
left_child=8 2 -2 -3 7 6 -4 -5 9 10 11 13 -13 -1
right_child=1 3 5 4 -6 -7 -8 -9 -10 -11 -12 12 -14 -15
leaf_value=-0.0076143066990138559 0.0034145747939926118 0.013373105787439908 -0.021057937965055892 0.012003439613546494 -0.011719101829051106 -0.023109849587573381 0.01086798679886814 -0.0054844853846601508 0.014283762884425481 -0.016309430486943069 -0.0047016762957050552 -0.013574013799413727 0.0092234368254552751 0.010904992611602935
leaf_weight=0.27884008607361366 1.5897519774734954 1.5908059924840925 1.3758631265955048 1.939491985132918 2.087817806575913 2.002191724954173 1.7345173596404491 1.1905242018401621 2.2258535001892588 0.44755846448242742 1.4795733985956765 1.1593593721627251 1.1569486598018555 8.59236912455526
leaf_count=23 19 11 46 31 36 35 25 33 31 7 41 50 25 470
internal_value=0.00124424 -0.00407406 -0.0104968 0.00278292 -0.0020773 -0.0146734 -0.00494165 0.00563439 0.00589094 0.00355542 0.00539928 0.00701132 -0.00283951 0.0096105
internal_weight=28.8515 13.511 6.70232 6.80864 5.21783 5.11257 3.11038 3.13002 15.3405 13.1146 12.6671 11.1875 2.31631 8.87121
internal_count=883 236 125 111 100 106 71 64 647 616 609 568 75 493
is_linear=0
shrinkage=0.03


Tree=348
num_leaves=15
num_cat=0
split_feature=8 6 6 8 3 8 6 2 6 7 3 8 4 0
split_gain=0.501088 0.809265 0.629565 0.490904 0.368272 0.952688 0.523224 0.925209 0.349554 0.288456 0.566599 0.532763 0.469284 0.270348
threshold=24.950000000000006 5.8500000000000014 6.9500000000000011 38.750000000000007 3.076487356656846 29.050000000000004 6.5500000000000016 36.090000000000003 7.0500000000000016 21.050000000000004 3.2451076540396682 30.450000000000006 76.209629725982495 19.797500000000003
decision_type=2 2 2 2 2 2 2 2 2 2 2 2 2 2
left_child=1 -1 -3 4 5 8 7 9 -2 -6 13 -12 -13 -11
right_child=3 2 -4 -5 6 -7 -8 -9 -10 10 11 12 -14 -15
leaf_value=-0.020715655091545025 -0.0084547089040070359 0.0090970113730656273 -0.013764339817605765 -0.0094077274422590465 0.010389122367735669 -0.01847830615461489 0.014692364425467621 -0.014413531582399514 0.010378712671900388 0.0021703281636260268 0.012441939901293483 0.0070865301977141842 -0.011041509460123344 -0.016135304363101687
leaf_weight=1.4124690867320193 0.37092934883549533 2.3507797121710614 0.61704334858222853 1.9320731579791743 5.0750803523696986 1.3034390524699118 3.3432860437314948 1.5139107685536135 2.3572124185157008 0.80857732467120325 3.4723646139027551 1.5202810869086536 1.7069588857702909 1.0047380195464937
leaf_count=134 65 131 79 51 46 140 23 17 72 20 36 14 39 25
internal_value=0.000578779 -0.00776005 0.00207281 0.00232174 0.00368776 -0.00383794 0.00544544 0.00261302 0.00623708 0.00536804 0.00159721 0.00566471 -0.00284556 -0.0101026
internal_weight=28.7891 4.38029 2.96782 24.4089 22.4768 4.03158 18.4452 15.1019 2.72814 13.588 8.51292 6.6996 3.22724 1.81332
internal_count=892 344 210 548 497 277 220 197 137 180 134 89 53 45
is_linear=0
shrinkage=0.03


Tree=349
num_leaves=15
num_cat=0
split_feature=4 8 8 5 5 1 8 5 3 4 2 0 0 0
split_gain=0.910442 0.913762 0.764774 0.744644 1.24103 0.639924 0.553788 0.469492 0.430937 0.444749 0.38515 0.331003 0.307775 0.276652
threshold=75.793364857169692 28.650000000000006 20.950000000000006 425.98348999023443 909.61682128906261 11.630000000000006 24.950000000000006 13.830234527587892 3.057091469495167 60.49780147805604 31.290000000000003 23.02791666666667 26.723750000000006 25.331666666666667
decision_type=2 2 2 2 2 2 2 2 2 2 2 2 2 2
left_child=2 -2 -1 6 12 11 13 -8 9 -9 -7 -3 -5 -4
right_child=1 5 3 4 -6 10 7 8 -10 -11 -12 -13 -14 -15
leaf_value=-0.014537468834680923 0.0051392635806234033 -0.0089191107468858961 -0.0096217596587046591 -0.021524243671509471 0.0078638174989148352 -0.0014809215812716708 -0.0023351159399459314 0.0080753370057290233 0.015344553853656066 -0.01215046739934671 -0.026396192152078748 0.011427392345001168 -0.00024066876969173871 0.0057597079862546649
leaf_weight=1.1226835148991146 2.0984296142851226 0.37401456126826804 1.5692925315233908 1.756294765917118 2.9427318749949336 0.82342166721355203 1.9354171026498068 1.5049808593466871 8.3726459207246062 0.60590829901047971 2.2691330327070318 0.57291975803673267 0.81515631917864073 0.92993584036594246
leaf_count=137 143 48 54 90 105 14 24 38 74 68 51 4 9 17
internal_value=-0.000100798 -0.00943552 0.0028578 0.0044473 -0.00441484 -0.0165242 0.00779457 0.0102602 0.0125863 0.000230168 -0.0217451 0.00293764 -0.0167338 -0.00388807
internal_weight=27.693 6.13792 21.555 20.4324 5.51418 4.03949 14.9182 12.419 10.4835 2.11089 3.09255 0.946934 2.57145 2.49923
internal_count=876 260 616 479 204 117 275 204 180 106 65 52 99 71
is_linear=0
shrinkage=0.03


Tree=350
num_leaves=15
num_cat=0
split_feature=2 8 4 0 0 4 6 0 0 6 7 2 7 2
split_gain=0.820276 1.01724 0.879561 0.51367 0.715426 0.455858 0.433138 0.912847 0.423844 0.497691 0.356527 0.353779 0.343423 0.686182
threshold=33.110000000000014 37.050000000000004 64.999102999124929 27.495000000000008 26.600416666666671 59.046448644179698 5.7500000000000009 17.522500000000004 22.803750000000004 5.4500000000000011 28.650000000000006 37.430000000000007 18.350000000000005 35.170000000000009
decision_type=2 2 2 2 2 2 2 2 2 2 2 2 2 2
left_child=6 2 5 4 12 11 8 10 9 -1 -8 -2 13 -4
right_child=1 -3 3 -5 -6 -7 7 -9 -10 -11 -12 -13 -14 -15
leaf_value=-0.013347833133338699 0.0065672716981444584 -0.023057307754621826 0.0087562130957911776 -0.019493861339228372 0.0077516961169394639 0.012716641134213547 0.010929387044372943 -0.018857420662239822 0.013689957083857637 0.0068495515384333697 -0.0082669577153225947 -0.013243993530718251 -0.012848645529926284 -0.012785476095932511
leaf_weight=0.70345882297260898 0.72142583332607191 1.3836095061851654 2.148700129066127 1.2318675126880396 2.9354513888829388 3.446260823024204 2.2488482935295915 0.95731189817888651 4.7437354383291677 2.0920102845411748 0.37339247918862373 0.67158603837015107 4.0191951061133295 1.3060784965055061
leaf_count=81 54 39 35 27 40 55 132 39 45 64 137 53 70 29
internal_value=-0.000811766 -0.00469972 -0.00192766 -0.00628138 -0.00314626 0.0078277 0.00530724 -0.00278536 0.00902577 -0.000410648 0.00666829 -0.0045271 -0.00783617 -0.000429566
internal_weight=28.9829 17.8642 16.4806 11.6413 10.4094 4.83927 11.1188 3.57955 7.5392 2.79547 2.62224 1.39301 7.47397 3.45478
internal_count=900 402 363 201 174 162 498 308 190 145 269 107 134 64
is_linear=0
shrinkage=0.03


Tree=351
num_leaves=15
num_cat=0
split_feature=5 4 3 1 4 5 6 4 4 4 4 7 5 4
split_gain=0.502001 0.441105 0.808134 1.15812 0.528423 0.926246 0.572425 0.420211 0.432423 0.334435 0.698378 0.321051 0.999257 0.193577
threshold=2.2758069038391118 69.112491173187792 3.212059671323813 10.900000000000006 78.281012686622461 213.06055450439456 5.1500000000000012 74.242404663355799 71.130346869126086 66.506170407983959 64.999102999124929 21.750000000000004 352.02584838867193 59.046448644179698
decision_type=2 2 2 2 2 2 2 2 2 2 2 2 2 2
left_child=-1 9 3 7 5 -4 -6 8 -3 10 11 12 13 -2
right_child=1 2 4 -5 6 -7 -8 -9 -10 -11 -12 -13 -14 -15
leaf_value=-0.013756161576565168 -0.001144975878657791 0.005178954592594133 0.015869769929520137 -0.022608950580387144 0.0096037170984943111 -0.004014214494755519 -0.012280195719527353 0.0085318636028532853 -0.016323741073996569 0.014246063813925226 -0.0097105172733726493 0.015464049504757339 -0.016196718363141696 0.011907109016480646
leaf_weight=0.66632083052536728 1.1305356572847829 0.88909103814512735 4.6535677040228602 1.8973402105038983 0.7986131475772712 2.827530529932119 1.9548611792852169 2.399358146081795 0.82127353164833039 3.3729802839225149 1.8484402759349903 2.0747042257571593 0.9491672851727343 3.254360351653304
leaf_count=36 45 27 50 63 35 37 31 164 65 64 36 61 123 43
internal_value=0.00244955 0.00327154 -6.41502e-05 -0.00805608 0.00492617 0.0087673 -0.00506541 0.00177238 -0.00735934 0.00725103 0.0035619 0.00763429 0.00262827 0.00895425
internal_weight=29.5381 28.8718 16.2416 6.00706 10.2346 7.4811 2.75347 4.10972 1.71036 12.6302 9.25721 7.40877 5.33406 4.3849
internal_count=880 844 472 319 153 87 66 256 92 372 308 272 211 88
is_linear=0
shrinkage=0.03


Tree=352
num_leaves=15
num_cat=0
split_feature=5 8 8 8 4 5 6 5 2 2 2 8 6 8
split_gain=0.40317 0.330137 0.408074 0.626144 0.692898 0.767061 1.05993 0.683948 1.32626 0.592644 0.567064 0.507196 0.813085 0.335629
threshold=2.2758069038391118 19.050000000000004 21.450000000000006 25.450000000000006 75.937363034599159 228.90184020996097 7.0500000000000016 5.0833427906036386 33.45000000000001 32.010000000000012 19.140000000000004 36.250000000000007 5.4500000000000011 29.150000000000006
decision_type=2 2 2 2 2 2 2 2 2 2 2 2 2 2
left_child=-1 -2 -3 -4 5 13 11 -6 9 10 -9 12 -7 -5
right_child=1 2 3 4 7 6 -8 8 -10 -11 -12 -13 -14 -15
leaf_value=-0.013252033113857567 -0.0097716010772394852 0.01371277610232516 -0.010387558348625901 0.017711540995841654 0.01040074894990406 -0.017958043717964951 -0.019449008548852429 0.010232820430537654 -0.023497023967807354 0.013741431792705094 -0.014171393877513811 0.014112083904740502 0.0061218016988999644 0.005516250979535081
leaf_weight=0.64967121725203725 1.0436588200391295 1.7968052491487494 2.5038732279499554 3.7141769279260242 1.240425411844625 0.87637717986945007 1.1577979454305021 0.46774318255484137 2.0462742813979276 1.3842047477955928 1.4081127033423397 1.9488013824447987 2.9104405287653208 6.0553699820884503
leaf_count=34 139 74 149 56 8 26 71 2 36 22 89 27 84 75
internal_value=0.00125173 0.00201896 0.00279331 0.00154552 0.00320875 0.00635817 -0.00128087 -0.00458754 -0.00918492 0.00320541 -0.00664399 0.00472957 -0.00203833 0.0113667
internal_weight=29.2037 28.5541 27.5104 25.7136 23.2097 16.663 6.89342 6.54676 5.30633 3.26006 1.87586 5.73562 3.78682 9.76955
internal_count=892 858 719 645 496 339 208 157 149 113 91 137 110 131
is_linear=0
shrinkage=0.03


Tree=353
num_leaves=15
num_cat=0
split_feature=0 4 2 2 4 8 7 3 4 4 7 3 0 0
split_gain=0.641161 0.664362 0.579386 1.56825 0.494832 0.887146 0.851963 0.66558 0.491282 0.398217 0.39442 0.436029 0.313992 0.458756
threshold=27.561666666666671 67.24843572139163 38.030000000000008 36.600000000000001 75.793364857169692 29.950000000000006 17.150000000000002 3.4476772264594047 60.773934429534073 79.348307186312283 16.250000000000004 3.2338764589019799 24.569166666666671 23.647500000000008
decision_type=2 2 2 2 2 2 2 2 2 2 2 2 2 2
left_child=2 -2 3 4 10 9 -7 -8 -4 -6 11 -1 13 -12
right_child=1 -3 8 -5 5 6 7 -9 -10 -11 12 -13 -14 -15
leaf_value=-0.013330602060703861 -0.023709287786853026 0.0015049724417120574 -0.0039584475774263311 -0.022322337355211139 0.0115530847700524 0.007187053990468476 -0.025700744755672272 0.003539612074575085 0.016762619489176872 -0.0056846633348600854 0.0071635845588317254 0.00901414459563467 0.015163636052510285 -0.0076930386354782188
leaf_weight=1.0655395684880336 0.93636737694032435 1.6128414317499844 0.9864668365917163 1.5847859196364869 2.4836168775800611 0.90511821396648917 1.9906066546973309 0.62834137695608649 2.600808251532726 1.102833648517844 7.0897477378020977 0.40813559480011452 2.7480816300958386 1.5446203689789397
leaf_count=98 18 34 47 44 69 6 79 8 31 92 261 4 41 25
internal_value=0.000142073 -0.0118273 0.00176189 -0.000285669 0.00244466 -0.00358945 -0.0126888 -0.0196458 0.0114438 0.00616874 0.00580022 -0.00599988 0.00768913 0.00398321
internal_weight=27.6879 2.54921 25.1387 21.5514 19.9666 7.11052 3.52407 2.61895 3.58728 3.58645 12.8561 1.47368 11.3824 8.63437
internal_count=857 52 805 727 683 254 93 87 78 161 429 102 327 286
is_linear=0
shrinkage=0.03


Tree=354
num_leaves=15
num_cat=0
split_feature=1 1 6 8 4 1 6 4 0 6 4 4 4 3
split_gain=0.628835 0.512976 0.374453 0.686062 0.520104 0.684441 0.353339 0.472853 0.262174 0.198123 0.653181 1.18486 0.214617 0.202295
threshold=19.290000000000006 1.4700000000000033 5.4500000000000011 37.050000000000004 79.348307186312283 11.520000000000005 5.1500000000000012 75.238409039301516 24.569166666666671 5.5500000000000016 71.130346869126086 75.238409039301516 77.181713454488587 3.0714946912363077
decision_type=2 2 2 2 2 2 2 2 2 2 2 2 2 2
left_child=1 -1 6 4 9 -6 -3 8 -8 -4 13 -12 -13 -11
right_child=-2 2 3 -5 5 -7 7 -9 -10 10 11 12 -14 -15
leaf_value=-0.013213097851723289 -0.015377598618663117 0.005920816942903152 0.016723614214915999 -0.0084933237426317969 0.008447868340930597 -0.015904107104382132 -0.0057704529497410919 -0.01655768091072202 0.0097074403715889674 0.004311112725993097 -0.015084504178247336 0.01411026877642794 0.00026681953142323371 0.014623131030727392
leaf_weight=0.76786221843213454 0.86128089105477457 1.7382786537054951 2.0609546669293293 2.0449971582274875 1.1477445045020425 1.125650906935334 1.1137453061528511 1.5414386454503981 0.89103943994268764 3.8494453805615176 2.1736695035942821 1.7512810906628149 1.6525907252216709 5.6037301402539015
leaf_count=299 69 30 27 39 33 13 37 25 11 149 60 24 27 41
internal_value=0.00160643 0.00266064 0.00357786 0.00530096 0.0071032 -0.00478485 -0.0031359 -0.00790116 0.00205003 0.00886152 0.00680753 -0.00126858 0.00897598 0.0112381
internal_weight=28.3237 27.4624 26.6946 21.4101 19.3651 2.2734 5.2845 3.54622 2.00478 17.0917 15.0307 5.57754 3.40387 9.45318
internal_count=884 815 516 413 374 46 103 73 48 328 301 111 51 190
is_linear=0
shrinkage=0.03


Tree=355
num_leaves=15
num_cat=0
split_feature=6 6 6 3 0 3 2 3 3 5 0 5 6 6
split_gain=0.763953 0.523218 0.513964 0.403192 1.22808 0.747065 0.679802 0.433081 0.625886 0.34528 0.599181 0.315263 0.280957 0.102368
threshold=5.3500000000000014 5.1500000000000012 5.0500000000000016 3.1706928221047082 25.358333333333338 3.3077568695761825 36.410000000000004 3.057091469495167 2.5169938541005239 5.4549217224121103 27.143333333333342 128.10610198974612 6.0500000000000016 7.5500000000000016
decision_type=2 2 2 2 2 2 2 2 2 2 2 2 2 2
left_child=1 2 -1 7 5 12 -6 8 13 -10 -11 -9 -5 -2
right_child=3 -3 -4 4 6 -7 -8 11 9 10 -12 -13 -14 -15
leaf_value=-0.013234578940200178 0.013994894376300073 -0.021036507397124201 0.009109590901381354 -0.026347329405036739 0.010958764427547736 0.0029128766970590585 -0.0060728411858129898 -0.00014689986386252495 0.0045428004632479769 -0.019417381971438122 0.0030590738805890425 0.013995474252450416 -0.0043509758809990671 -0.00045228522549504703
leaf_weight=0.55873837257968539 1.2155988648883083 1.4637257993163073 1.2842679558089003 1.6027664669090866 4.8671613512560725 1.4976776875555513 2.4963718261569738 1.9052725497167555 1.2284741571638731 1.6660734010947638 1.3847686955705283 4.3285816899151541 1.2400049206335095 0.47507623012643296
leaf_count=63 19 58 24 32 45 15 21 34 31 376 23 62 18 62
internal_value=-0.000336415 -0.0119925 6.31376e-05 0.00169252 -0.00220268 -0.0133035 0.00514901 0.00531207 -0.000575259 -0.00650642 -0.0109787 0.0102503 -0.0203817 0.0112759
internal_weight=27.2146 3.30673 1.84301 23.9078 11.704 4.34045 7.36353 12.2038 5.96999 4.27932 3.05084 6.23385 2.84277 1.69068
internal_count=883 145 87 738 131 65 66 607 511 430 399 96 50 81
is_linear=0
shrinkage=0.03


Tree=356
num_leaves=15
num_cat=0
split_feature=2 6 1 6 6 2 1 7 0 0 6 1 8 0
split_gain=0.746834 0.77887 0.562146 0.510417 0.623666 0.292882 0.609465 0.689517 0.721187 1.17329 0.679558 0.969033 0.869849 0.413401
threshold=39.350000000000016 5.3500000000000014 16.050000000000008 5.1500000000000012 5.0500000000000016 38.150000000000013 11.390000000000006 12.450000000000001 22.867916666666673 19.458750000000006 5.5500000000000016 16.840000000000007 30.750000000000004 11.847500000000005
decision_type=2 2 2 2 2 2 2 2 2 2 2 2 2 2
left_child=1 3 -2 4 -1 6 7 -3 9 13 -8 12 -12 -9
right_child=2 5 -4 -5 -6 -7 10 8 -10 -11 11 -13 -14 -15
leaf_value=-0.01299086305782603 -0.020968717922977855 -0.012663524755127217 0.0056084737433226318 -0.017453874490065257 0.011938655123473137 0.0138158844528756 0.0096852874693049568 -0.0078361231729221093 0.018769372093356201 -0.013754772184774052 -0.024649327578429466 0.0072334124697804141 -0.00046353711197615689 0.012791384914263713
leaf_weight=0.53823274074239358 1.149665358418132 0.48831024023821257 0.55636576749384392 1.5430500189977463 1.2276529488444794 2.2293975490028961 2.2579568256624025 0.34950284320802705 3.9617555444128811 1.6993200032738967 2.0113760164240375 2.2927379103493877 2.479355473536998 4.5262772456626408
leaf_count=65 57 59 5 55 25 32 33 165 37 47 39 39 34 171
internal_value=0.00167052 0.00314382 -0.0134318 -0.0087664 0.00239063 0.00521184 0.00364548 0.00808863 0.0100646 0.00303433 -0.00203848 -0.00668384 -0.0138126 0.0102308
internal_weight=27.311 25.6049 1.70603 3.30894 1.76589 22.296 20.0666 11.0252 10.5369 6.5751 9.04143 6.78347 4.49073 4.87578
internal_count=863 801 62 145 90 656 624 479 420 383 145 112 73 336
is_linear=0
shrinkage=0.03


Tree=357
num_leaves=15
num_cat=0
split_feature=2 4 5 1 7 1 7 7 8 4 8 8 2 0
split_gain=0.490137 0.567536 0.470772 0.407887 0.406557 0.310365 0.603639 0.948706 0.543798 0.522874 0.345069 0.235366 0.285735 0.213522
threshold=30.460000000000001 88.28585784289217 979.66671752929699 8.9100000000000019 20.900000000000002 11.590000000000005 26.550000000000004 16.950000000000006 29.250000000000004 65.742344928622103 29.650000000000006 28.650000000000006 34.970000000000006 25.896666666666672
decision_type=2 2 2 2 2 2 2 2 2 2 2 2 2 2
left_child=1 4 3 11 -1 -5 7 9 -8 -7 13 -2 -13 -9
right_child=2 -3 -4 5 -6 6 8 10 -10 -11 -12 12 -14 -15
leaf_value=0.0039464263535619387 -0.013553458225906737 0.0093306674271870556 0.014535553596380334 0.0077810681340757882 -0.019546768853503246 -0.0056249048474047575 -0.0062118072229391842 -0.009309647957453971 0.014012219421461155 0.010201543152098265 -0.020323813871050419 -0.0088339869410812358 0.0095804811205631151 0.004597767732658734
leaf_weight=0.49950096898828977 1.3024104189535202 0.48807436879724253 1.9857034810120229 7.3014432198833701 1.5880787160422185 2.3776536259101686 1.0147230920265418 0.95973539876286018 3.1535190142458305 3.5170160431880504 1.8503137970110399 0.39358535764040403 0.698674239392858 1.1376359062269328
leaf_count=30 113 3 55 97 309 35 24 15 53 32 30 31 21 25
internal_value=0.00192652 -0.00860994 0.00326579 0.0017717 -0.0144679 0.00318282 0.000427775 -0.00362133 0.00883955 0.0039279 -0.0134094 -0.00802506 0.00189422 -0.00271717
internal_weight=28.2681 2.57565 25.6924 23.7067 2.08758 21.312 14.0106 9.84235 4.16824 5.89467 3.94769 2.39467 1.09226 2.09737
internal_count=873 342 531 476 339 311 214 137 77 67 70 165 52 40
is_linear=0
shrinkage=0.03


Tree=358
num_leaves=15
num_cat=0
split_feature=7 6 4 5 5 6 7 3 1 4 3 8 4 7
split_gain=0.642347 0.910016 0.814178 0.616237 0.842449 0.569691 0.776506 0.463872 0.642947 0.45874 0.419339 0.386288 0.336822 0.326123
threshold=28.050000000000004 5.4500000000000011 77.906232716274019 425.98348999023443 909.61682128906261 5.5500000000000016 19.550000000000004 3.1816206352315439 11.630000000000006 75.453132382907484 3.0784820990345931 35.550000000000004 79.072045040032236 47.850000000000016
decision_type=2 2 2 2 2 2 2 2 2 2 2 2 2 2
left_child=2 11 3 5 -5 -1 7 8 -7 -3 -6 12 -2 -11
right_child=1 9 -4 4 10 6 -8 -9 -10 13 -12 -13 -14 -15
leaf_value=0.012025700079763734 -0.016450012140634213 0.018051511001982528 -0.017818024433460474 -0.01910922336320631 -0.00881857093432197 0.0046648322586749398 -0.016101565830549783 0.010177458159196379 -0.012189366663659176 -0.0055444438482880713 0.013251272417225287 0.0062018428397998242 0.003554130223651062 0.010775212845255323
leaf_weight=3.4163287773262807 1.4508485282713071 3.9916303509380668 1.5945380140619807 2.0097247062367383 0.40257796255173151 4.3649213204334938 1.3830406666966144 3.5565476324409246 2.3166249168571085 1.6404879770416303 1.0052474495023487 1.0582487232750279 0.65873842888686329 0.91627220962254785
leaf_count=60 51 117 36 94 78 116 81 22 40 85 7 27 48 39
internal_value=0.000995604 0.0069482 -0.00208213 0.000123443 -0.00980411 0.00285031 -0.000586137 0.00275607 -0.00200495 0.0127331 0.00589883 -0.00519603 -0.0110694 0.00168923
internal_weight=29.7658 9.71623 20.0496 18.455 3.41755 15.0375 11.6211 10.2381 6.68155 6.54839 1.40783 3.16784 2.10959 2.55676
internal_count=901 367 534 498 179 319 259 178 156 241 85 126 99 124
is_linear=0
shrinkage=0.03


Tree=359
num_leaves=15
num_cat=0
split_feature=2 5 5 2 2 6 7 0 0 1 2 4 1 7
split_gain=0.565884 0.651213 0.56524 0.62452 0.790329 0.569352 0.468425 0.465646 0.474904 0.53835 0.404742 0.383495 0.347716 0.646134
threshold=30.460000000000001 1597.0859985351565 591.72079467773449 33.610000000000014 31.170000000000005 5.5500000000000016 22.550000000000004 27.561666666666671 26.945833333333344 13.420000000000007 36.810000000000009 76.539277900471575 10.770000000000001 7.2500000000000009
decision_type=2 2 2 2 2 2 2 2 2 2 2 2 2 2
left_child=1 -1 3 4 -2 -6 -4 8 9 10 11 -5 13 -12
right_child=2 -3 6 7 5 -7 -8 -9 -10 -11 12 -13 -14 -15
leaf_value=-0.018422301942961725 0.0092371640509508017 0.0051922907078552636 -0.0045501350023975139 0.013956089398812658 -0.00065223617426089016 -0.023493165776785851 0.017016601927137144 -0.0057747992062806997 0.01398333906325439 -0.011443068878830301 0.0080345879513120319 -0.001582387424506397 0.00549596118396519 -0.020334806379559655
leaf_weight=1.367222820263126 1.0994404492667005 1.26965591852786 0.69400662570842486 3.7090065389638784 1.7520720987813549 1.4202550345798952 3.2676367575186305 2.5653343433514229 4.1237535523832767 1.1608282484812651 0.49237116356380306 1.7838502023369072 1.3997253244742749 0.85696591512532905
leaf_count=272 22 61 88 79 51 68 36 45 34 32 9 17 14 49
internal_value=0.0024637 -0.00875063 0.00397687 0.00167587 -0.00744752 -0.014058 0.0130829 0.00439181 0.00658474 0.00230766 0.00527299 0.00944333 -0.00335595 -0.0109692
internal_weight=26.9621 2.63688 24.3252 20.3636 4.27177 3.17233 3.96164 16.0918 13.5265 9.40275 8.24192 5.49286 2.74906 1.34934
internal_count=877 333 544 420 141 119 124 279 234 200 168 96 72 58
is_linear=0
shrinkage=0.03


Tree=360
num_leaves=15
num_cat=0
split_feature=4 3 7 2 2 4 4 4 5 7 5 3 3 4
split_gain=0.63276 0.687998 0.576715 0.559749 0.828154 0.531521 0.468669 0.38617 0.448019 0.817018 0.664938 0.381628 0.313172 0.518784
threshold=60.963211953935577 3.057091469495167 15.200000000000003 33.070000000000014 30.660000000000004 64.999102999124929 74.734951723723057 76.898710819713401 203.38523101806643 17.750000000000004 53.593681335449226 3.1843677074975862 3.0896684793681923 45.5441333723385
decision_type=2 2 2 2 2 2 2 2 2 2 2 2 2 2
left_child=12 -2 11 4 5 -4 -6 8 9 -5 -11 -3 13 -1
right_child=1 2 3 7 6 -7 -8 -9 -10 10 -12 -13 -14 -15
leaf_value=-0.0087408254480945604 -0.016633774105598017 -0.0020986600306195568 0.0084230435263225739 0.014089357290045859 -0.0026572428228665 -0.016537676891613447 0.013773799276394195 -0.018090492623512835 -0.013299698767113196 -0.015897286378967479 0.0067296788159375278 0.013240790294761185 -0.0059553356067170403 0.01422354705762347
leaf_weight=0.39135437022196429 2.2066592358314692 2.1458151818951618 0.36252145050093831 1.6459824349731187 2.0514201985788532 1.7832876843167467 3.1773016659426503 2.0450259050121531 2.0028634641785175 1.8338441764935853 1.2469930085353551 2.3911076188087463 0.61244948254898179 3.478726619418012
leaf_count=81 327 26 2 17 30 99 35 41 37 29 32 15 9 116
internal_value=-0.00161747 -0.00367622 -0.00159072 -0.00424482 0.00177639 -0.0109837 0.00793565 -0.00896926 -0.00421568 0.00128366 -0.00733401 0.00691701 0.00764959 0.0105834
internal_weight=27.3754 22.8928 20.6862 16.1492 7.37453 2.14581 5.22872 8.77471 6.72968 4.72682 3.08084 4.53692 4.48253 3.87008
internal_count=896 690 363 322 166 101 65 156 115 78 61 41 206 197
is_linear=0
shrinkage=0.03


Tree=361
num_leaves=15
num_cat=0
split_feature=0 1 4 5 4 3 7 0 7 5 7 8 4 0
split_gain=0.359232 0.496233 0.798192 0.485993 0.766831 0.321624 0.380246 0.68698 0.413944 0.365883 0.324798 0.42894 0.313487 0.497275
threshold=26.945833333333344 14.650000000000002 78.201792962166664 170.42290496826175 73.271964336400472 3.4996319603666626 14.450000000000001 25.331666666666667 19.150000000000006 8.7914719581604022 7.2500000000000009 24.250000000000004 76.964587545673069 24.177083333333339
decision_type=2 2 2 2 2 2 2 2 2 2 2 2 2 2
left_child=1 5 -3 4 -2 6 10 8 9 -8 -1 -12 -10 -14
right_child=3 2 -4 -5 -6 -7 7 -9 12 -11 11 -13 13 -15
leaf_value=0.0070437974688577808 -0.010782184351307973 -0.021247808267845652 0.0067269293808185863 0.016085043580501258 0.0097518717252356897 -0.010481219878213812 0.0063082495214659435 0.015151013360851924 0.0051002633598165549 -0.016057881295474499 0.0050646293843130269 -0.016851849577461692 -0.015911236617097244 0.0089756275573440042
leaf_weight=0.51807755423943946 1.9179878206923593 1.2709035704610863 0.91230837249895547 2.3377010942203924 2.7359438770217821 0.83513929694890876 0.3262607678771009 3.1289455825462928 9.5932691741327272 1.099679546896368 0.63647317618597332 1.4796121825638691 0.82308149291202315 0.38082319498062134
leaf_count=27 31 39 34 23 38 7 3 35 308 83 44 80 123 1
internal_value=0.0019262 -0.000127461 -0.011117 0.00733983 0.000879063 0.00164383 0.00272922 0.00456349 0.000912396 -0.0104496 -0.00627514 -0.01075 0.0031715 -0.00753831
internal_weight=27.9962 21.0046 2.18321 6.99163 4.65393 18.8214 17.9862 15.3521 12.2231 1.42594 2.63416 2.11609 10.7972 1.2039
internal_count=876 784 73 92 69 711 704 553 518 86 151 124 432 124
is_linear=0
shrinkage=0.03


Tree=362
num_leaves=15
num_cat=0
split_feature=7 4 4 7 1 7 7 8 7 1 8 2 8 4
split_gain=0.693462 0.554096 0.822577 0.541273 0.490366 1.0507 0.457709 0.442171 0.995834 0.403299 0.397221 0.639667 0.251247 0.234942
threshold=11.350000000000003 64.999102999124929 66.506170407983959 36.150000000000013 13.310000000000004 28.250000000000004 17.150000000000002 29.950000000000006 21.150000000000006 12.200000000000006 29.250000000000004 30.660000000000004 36.050000000000004 79.155274028358917
decision_type=2 2 2 2 2 2 2 2 2 2 2 2 2 2
left_child=-1 12 -3 4 7 6 -6 13 -9 -10 -5 -12 -2 -4
right_child=1 2 3 10 5 -7 -8 8 9 -11 11 -13 -14 -15
leaf_value=-0.014969277408734188 0.011637333278042911 -0.017874785184578846 0.013329651768251967 -0.018034400598633961 0.00037502285581282396 0.0098780307785199424 -0.020371967573849448 0.0097654529910166307 -0.020126562798962386 0.00211070708777919 -0.013835828536498444 0.010956779314434169 -0.0032552467979363496 -0.0014140975245827338
leaf_weight=1.3750159906339856 4.9401337240706225 1.2006898226100045 5.7171914946229716 1.0247505652660032 1.4259889081586146 2.2162262049387209 1.7050548949628135 2.9701061575906351 1.1537629648228178 0.85094128921627987 0.61154338384221762 1.2405583511572329 0.7779836666304617 0.92696695662743867
leaf_count=106 156 35 153 133 14 25 43 32 66 7 45 36 16 22
internal_value=0.000614401 0.00192545 -0.00044845 0.001413 0.00354633 -0.00353341 -0.0131196 0.00682637 -0.000112333 -0.0131264 -0.00883781 0.000789686 0.00942817 0.0113568
internal_weight=28.1369 26.7619 21.0438 19.8431 16.9662 5.34727 3.13104 11.619 4.97481 2.0047 2.87685 1.8521 5.71812 6.64416
internal_count=889 783 611 576 362 82 57 280 105 73 214 81 172 175
is_linear=0
shrinkage=0.03


Tree=363
num_leaves=15
num_cat=0
split_feature=8 0 0 3 6 6 4 4 3 8 5 5 2 4
split_gain=0.68898 0.498144 0.89571 0.65152 1.17471 0.496502 1.05241 0.813434 0.674885 0.474736 0.647759 0.420277 0.395211 0.573371
threshold=32.95000000000001 27.402916666666673 26.984583333333337 2.5169938541005239 6.8500000000000014 5.4500000000000011 79.072045040032236 79.60369199535829 3.1641296317314151 34.95000000000001 190.60962677001956 444.84286499023443 38.150000000000013 75.832634156087053
decision_type=2 2 2 2 2 2 2 2 2 2 2 2 2 2
left_child=1 2 3 -1 5 6 -5 8 12 -2 -11 -12 13 -7
right_child=9 -3 -4 4 -6 7 -8 -9 -10 10 11 -13 -14 -15
leaf_value=0.011524427225196449 0.014622446242360886 -0.014599102417106512 0.015804444652080352 -0.01787356597866371 -0.023552703882861369 -0.018754706605916854 0.010773673502520904 -0.014995751862700128 0.011699057671823401 -0.010890591379058071 0.013820780230652328 -0.0029404091034282939 0.008969590572034173 0.0057047727202482832
leaf_weight=1.5364566800999551 3.7501353918923979 1.4538378427969281 1.7228250937769178 2.4842631458159299 1.5545745246927243 1.2313979428727169 0.92973119908128854 0.98267213495273598 5.3858400966273621 1.6073955614119766 2.3673352844780311 1.751937518129125 0.49957687035202969 0.80611306414357375
leaf_count=77 64 37 15 84 135 158 39 60 57 35 27 51 4 52
internal_value=0.00141682 -0.00195695 -0.000138286 -0.00277505 -0.00502694 -0.00109646 -0.00939872 0.00271377 0.00634468 0.00758914 0.00149425 0.00751032 -0.00511584 -0.0103854
internal_weight=28.0641 18.5873 17.1335 15.4106 13.8742 12.3196 3.41399 8.9056 7.92293 9.4768 5.72667 4.11927 2.53709 2.03751
internal_count=895 718 681 666 589 454 123 331 271 177 113 78 214 210
is_linear=0
shrinkage=0.03


Tree=364
num_leaves=15
num_cat=0
split_feature=4 7 7 3 4 4 6 6 0 6 0 4 4 0
split_gain=0.460729 0.502381 0.514274 0.646256 0.575553 0.628805 0.468455 0.411859 0.657213 0.401688 0.371663 0.428365 0.31928 0.288319
threshold=80.040694469981972 18.450000000000006 16.950000000000006 3.1894620129180069 64.041897412055818 59.046448644179698 6.3500000000000014 5.9500000000000011 26.363333333333337 6.2500000000000009 23.810833333333338 78.344146492549697 75.09846144934474 20.900833333333342
decision_type=2 2 2 2 2 2 2 2 2 2 2 2 2 2
left_child=1 2 3 4 5 -1 7 10 -9 -6 13 12 -12 -3
right_child=-2 6 -4 -5 9 -7 -8 8 -10 -11 11 -13 -14 -15
leaf_value=-0.010659352243795349 -0.013923628980670323 -0.00020707426537987684 -0.016121930504767904 0.0094526444627562965 0.001187758620198391 0.010701261914468805 0.013976471250938522 -0.018494785205860929 0.0076944050280229387 -0.019007692073823721 -0.015488573881949774 0.0090133135332255108 0.00067965979600659093 0.012890137575994005
leaf_weight=1.0284328740381226 0.66646948842389875 2.1170105719211261 1.0630677672452282 3.3622530791908503 1.1266743381856943 2.3151479521475267 3.484877411654451 0.97382782853674033 0.77950548683293164 1.8382473426172508 1.0807477216003465 1.3102712748222982 2.1615036760922521 4.0391619668807834
leaf_count=120 95 124 39 25 29 45 168 63 10 47 29 15 27 41
internal_value=0.00148609 0.00236012 -0.0025221 0.000343627 -0.00514032 0.00318965 0.00560124 0.00239495 -0.0082857 -0.0129694 0.00470199 -0.00166697 -0.00709035 0.00898665
internal_weight=27.3472 26.6807 10.7338 9.67076 6.3085 3.34358 15.9469 12.462 1.75333 2.96492 10.7087 4.55252 3.24225 6.15617
internal_count=877 782 305 266 241 165 477 309 73 76 236 71 56 165
is_linear=0
shrinkage=0.03


Tree=365
num_leaves=15
num_cat=0
split_feature=3 5 5 2 5 2 0 4 4 3 8 5 3 2
split_gain=0.288806 0.614748 0.550334 0.87866 0.390698 0.53778 1.02978 0.760505 0.610278 0.584687 0.503582 0.772981 0.524829 0.320676
threshold=2.9449759043833477 8.7914719581604022 12.782201290130617 33.150000000000013 18.491278648376468 38.030000000000008 26.196666666666669 74.592461682090814 64.801358147137861 3.414876448682215 36.70000000000001 203.38523101806643 3.2390340526490213 39.350000000000016
decision_type=2 2 2 2 2 2 2 2 2 2 2 2 2 2
left_child=1 -1 3 -2 -4 6 7 8 -6 -8 11 12 -10 -7
right_child=2 -3 4 -5 5 13 9 -9 10 -11 -12 -13 -14 -15
leaf_value=0.0066587686453136131 0.010125470752832395 -0.014587053056633924 0.015914179705079794 -0.014593354201879679 0.011006737277138148 0.016612854244300722 -0.024500924188888336 0.010184808812565357 -0.0098811467554895376 0.003204784811492908 0.007524273102066918 -0.019893329856630778 0.012403059109706596 0.0016536612772757907
leaf_weight=1.4532226469018525 1.1672805348353024 1.6745513946807475 1.6785273584537233 2.5735000480199233 1.1027965157991291 2.588571884436532 1.0998769117868494 6.397291325731203 0.80512412905227382 0.71037686552153889 0.8479789183475076 2.5647840811870992 1.0596170984208582 2.3955225499812514
leaf_count=29 19 345 10 41 23 20 39 133 35 28 17 110 13 28
internal_value=0.00199837 -0.00549409 0.00311139 -0.00637123 0.00499196 0.0033272 0.000206284 0.00356979 -0.00354416 -0.0163571 -0.00785374 -0.0116413 0.00269094 0.0109008
internal_weight=28.119 3.12777 24.9912 3.74078 21.2505 19.5719 14.5878 12.7776 6.3803 1.81025 5.2775 4.42953 1.86474 4.98409
internal_count=890 374 516 60 456 446 398 331 198 67 175 158 48 48
is_linear=0
shrinkage=0.03


Tree=366
num_leaves=15
num_cat=0
split_feature=6 4 7 0 0 2 4 0 2 6 4 0 2 7
split_gain=0.439356 0.484467 0.476646 0.5886 0.460577 0.601382 0.43033 0.414159 1.02535 0.544283 0.420548 0.376552 0.688444 0.480074
threshold=6.9500000000000011 77.906232716274019 15.750000000000002 24.902916666666673 23.749583333333337 18.47000000000001 75.492932979406447 24.843333333333337 33.010000000000012 5.3500000000000014 67.555038597675278 24.85916666666667 35.370000000000012 10.050000000000002
decision_type=2 2 2 2 2 2 2 2 2 2 2 2 2 2
left_child=1 6 -3 4 5 -4 7 8 9 -1 -9 12 -2 -13
right_child=11 2 3 -5 -6 -7 -8 10 -10 -11 -12 13 -14 -15
leaf_value=-0.01176259505368725 -0.012860230490147227 0.010208550902840429 0.009647240276163295 -0.01993469422018233 0.012105364067567822 -0.016365326387300469 0.012962097554438346 -0.0030049119786912195 -0.01579839057720462 0.009379153926459681 0.011540885047751696 0.0011606406405721551 0.01236889099892715 -0.020576405430647402
leaf_weight=0.4881831366656203 0.65881177078699638 0.59439287334680457 0.48310121783288273 1.3435329949134027 0.84413374704308797 1.0542527950892688 3.8388349060551255 2.1258940701372921 2.273881203494966 4.0946362506656442 4.563851282466203 1.3527279369300234 1.409609767142683 1.2936006147647274
leaf_count=30 120 4 9 49 6 91 90 33 91 157 55 36 55 33
internal_value=0.00119174 0.00302443 -0.0051562 -0.00924957 0.000891095 -0.00761056 0.00522682 0.00229439 -0.00272934 0.00542351 0.00712881 -0.00629807 0.00276087 -0.012194
internal_weight=26.4194 21.7047 4.31941 3.72502 2.38149 1.53735 17.3853 13.5464 6.8567 4.58282 6.68975 4.71475 2.06842 2.64633
internal_count=859 615 159 155 106 100 456 366 278 187 88 244 175 69
is_linear=0
shrinkage=0.03


Tree=367
num_leaves=15
num_cat=0
split_feature=6 4 8 8 5 4 6 6 6 3 5 3 8 4
split_gain=0.370927 0.750302 0.416542 0.307347 0.405681 0.502458 0.667833 0.382912 0.486378 0.72998 0.381843 0.624823 0.340541 0.54952
threshold=5.3500000000000014 79.072045040032236 30.250000000000004 33.850000000000009 106.69149780273439 65.672269004475723 7.3500000000000014 6.0500000000000016 7.3500000000000014 3.1816206352315439 320.95518493652349 3.1992860714962479 27.850000000000005 69.412404660519456
decision_type=2 2 2 2 2 2 2 2 2 2 2 2 2 2
left_child=1 2 -1 4 7 6 -6 -2 9 -9 11 -5 13 -7
right_child=3 -3 -4 10 5 12 -8 8 -10 -11 -12 -13 -14 -15
leaf_value=-0.0013532574549245601 0.0099433250487146567 0.010262558319963687 -0.022423036937307697 -0.0098855792664190208 0.010660959847767638 -0.014864464675939333 -0.012641607339643335 -0.018409782378218276 0.0091048371536669292 0.0067057548872657196 0.013551938794685053 0.0090225587354117957 -0.016363074235891392 0.0053103395524127066
leaf_weight=1.6627666965068817 4.5192503016442114 0.92498695084941562 1.0637090788222847 1.8087201480811916 2.7537161026848467 0.85175241262186352 0.62962253789009981 1.4350270125578397 1.3221883706282822 1.1198761013802139 3.4109040699549951 2.5835904025007039 2.0072740022733342 2.5957697129779262
leaf_count=54 78 46 37 49 108 43 105 88 27 10 53 23 81 92
internal_value=0.00139476 -0.00647597 -0.0133848 0.00274724 0.000394213 -0.00388505 0.00442977 0.00483272 -0.00194169 -0.00861147 0.00730911 0.000847008 -0.00892961 -0.00189556
internal_weight=28.6892 3.65146 2.72648 25.0377 17.2345 8.83813 3.38334 8.39634 3.87709 2.5549 7.80321 4.39231 5.4548 3.44752
internal_count=894 137 91 757 632 429 213 203 125 98 125 72 216 135
is_linear=0
shrinkage=0.03


Tree=368
num_leaves=15
num_cat=0
split_feature=3 3 1 2 4 2 4 3 6 6 8 5 5 5
split_gain=0.530703 0.91784 0.849461 0.818706 0.672529 0.655778 0.557388 0.467752 0.357583 0.301137 0.237571 0.230128 0.256211 0.541441
threshold=3.2508857458718872 3.1843677074975862 11.160000000000005 33.850000000000001 59.523730020147617 35.840000000000011 75.713853294766523 3.093732703574076 6.0500000000000016 7.6500000000000012 30.250000000000004 2.2758069038391118 26.313563346862797 146.02478790283206
decision_type=2 2 2 2 2 2 2 2 2 2 2 2 2 2
left_child=1 2 7 6 -4 -3 -2 9 -9 11 -5 -1 -13 -14
right_child=3 5 4 10 -6 -7 -8 8 -10 -11 -12 12 13 -15
leaf_value=-0.0064049581450387168 -0.0099437519268924576 0.0012200702165247373 0.0054688032139041439 -0.0042034765240805154 -0.018602017400324609 0.01917028846718867 0.0081066031406110024 -0.015768594182935702 0.0027779253654876437 -0.0081371727458396798 -0.023144360057682691 0.016219773521450091 -0.012335025490169998 0.0084918648329185362
leaf_weight=0.217645099910447 1.5227556964382518 3.9505235697142771 0.90277832560241167 1.4959775043535048 2.9911927075590938 2.669487901031971 2.9803105844184756 0.93324101527105119 1.3283828808926044 0.36138309992384154 1.4933305006707085 2.1018813682894688 0.58212281057785764 3.1338765179680195
leaf_count=18 24 55 14 32 107 11 62 63 18 92 25 40 86 237
internal_value=-0.000920407 0.00176251 -0.00301279 -0.00718494 -0.0130443 0.0100243 0.00130493 0.00238208 -0.00736333 0.00635723 -0.0170953 0.00825832 0.00966585 0.00330551
internal_weight=26.6649 19.1725 12.5525 7.49237 3.89397 6.62001 4.50307 8.65853 2.26162 6.39691 2.98931 6.03553 5.81788 3.716
internal_count=884 741 675 143 121 66 86 554 81 473 57 381 363 323
is_linear=0
shrinkage=0.03


Tree=369
num_leaves=15
num_cat=0
split_feature=1 0 5 1 8 6 5 1 5 6 8 2 0 6
split_gain=0.556004 0.487242 0.63406 0.605189 0.581771 0.782093 0.538303 0.453332 0.400443 0.533095 0.337013 0.322533 0.352547 0.236097
threshold=19.290000000000006 26.363333333333337 909.61682128906261 10.570000000000006 30.250000000000004 5.5500000000000016 26.313563346862797 12.830000000000004 96.05206680297853 5.8500000000000014 26.750000000000004 34.970000000000006 12.524583333333338 5.4500000000000011
decision_type=2 2 2 2 2 2 2 2 2 2 2 2 2 2
left_child=1 2 3 6 5 -5 11 -6 9 -3 -7 12 -1 -4
right_child=-2 8 13 4 7 10 -8 -9 -10 -11 -12 -13 -14 -15
leaf_value=0.0069627670473964218 -0.015262759016917041 0.009421182071347298 -0.0037526505595923986 0.015076011515037201 -0.018206785017545107 0.0041878463469725985 -0.017239346502293817 0.002511607122266348 0.012201838187570938 -0.0084796626315597028 -0.011859503984896174 0.011554547223884482 -0.014348974718122551 0.011008012208893239
leaf_weight=0.43008612934500934 0.87226702913176168 1.8069419488310794 0.72790053021162693 2.759030692977829 1.0935094340238722 1.5743650620570409 3.3683617852511816 1.3539917536545543 4.6447703972226009 2.2092946510529146 1.3868077676743267 0.58873743517324317 0.62880726938601583 3.181643649644684
leaf_count=27 74 15 23 37 26 25 363 28 45 28 18 3 34 150
internal_value=0.000566708 0.00165327 -0.00131958 -0.00447153 0.000757235 0.0058251 -0.0116963 -0.00934119 0.00704974 -0.000153307 -0.00442427 0.00186687 -0.00651532 0.0080552
internal_weight=26.6265 25.7542 17.0932 13.1837 8.1677 5.7202 5.01599 2.4475 8.66101 4.01624 2.96117 1.64763 1.05889 3.90954
internal_count=896 822 734 561 134 80 427 54 88 43 43 64 61 173
is_linear=0
shrinkage=0.03


Tree=370
num_leaves=15
num_cat=0
split_feature=8 8 6 5 5 1 7 1 8 8 2 1 3 7
split_gain=0.395406 0.474792 0.877103 0.48039 0.751997 0.63383 0.461522 0.442846 0.404327 0.34265 0.328015 0.324492 0.296422 0.388097
threshold=32.95000000000001 29.950000000000006 5.2500000000000009 186.06362915039065 605.90222167968761 14.470000000000004 36.150000000000013 12.830000000000004 27.050000000000004 22.950000000000006 35.900000000000013 5.8300000000000036 3.2451076540396682 16.450000000000006
decision_type=2 2 2 2 2 2 2 2 2 2 2 2 2 2
left_child=1 3 -3 5 8 6 -1 -4 9 -5 -8 -2 13 -13
right_child=11 2 7 4 -6 -7 10 -9 -10 -11 -12 12 -14 -15
leaf_value=0.01146124464858953 -0.0058673747945203712 0.0093261196103954207 -0.024325177578731736 -0.011992592244845158 0.0057705487173520175 -0.010746980385036384 -0.013675052205751567 -0.0028918066031829808 -0.022933231110130219 0.006115030934754912 0.0074896711097308848 0.0013667672480950175 -0.0011573828087270616 0.016332772729772481
leaf_weight=7.4588199520512752 0.86654593233833921 1.1579598663374771 1.2194908959500028 0.6482977826672135 2.9533199233119376 0.85085394274210635 0.59177647392061761 1.9368156833807004 0.91012819443130855 1.2447027814632745 0.30591043829917908 2.5406503952108306 1.9118410788942126 4.0512302522547543
leaf_count=161 55 12 59 63 166 32 69 32 42 60 1 31 40 57
internal_value=0.00231711 -0.000213019 -0.0079704 0.00238271 -0.00400114 0.00637488 0.00908051 -0.0150331 -0.0131067 -0.00208812 -0.00631652 0.00704109 0.00883546 0.0115044
internal_weight=28.6483 19.2781 4.31427 14.9638 5.75645 9.20736 8.35651 3.15631 2.80313 1.893 0.897687 9.37027 8.50372 6.59188
internal_count=880 697 103 594 331 263 231 91 165 123 70 183 128 88
is_linear=0
shrinkage=0.03


Tree=371
num_leaves=15
num_cat=0
split_feature=2 2 0 0 3 8 8 2 7 2 7 2 7 7
split_gain=0.703353 0.797423 0.641388 0.577129 0.52372 0.40814 0.628866 0.401444 1.29435 0.737778 0.463042 0.313127 0.305773 0.472857
threshold=33.110000000000014 33.990000000000009 27.561666666666671 26.363333333333337 3.3077568695761825 21.250000000000004 25.950000000000006 37.430000000000007 17.850000000000005 35.840000000000011 15.750000000000002 38.150000000000013 21.050000000000004 26.550000000000004
decision_type=2 2 2 2 2 2 2 2 2 2 2 2 2 2
left_child=5 4 3 7 -2 -1 -7 8 -3 -10 -9 -5 -8 -14
right_child=1 2 -4 11 -6 6 12 10 9 -11 -12 -13 13 -15
leaf_value=0.013887014260381251 -0.025503394359351367 0.012891345141571539 -0.014283800940578115 0.00044627811177079367 0.00082622170446937533 -0.015026848628429929 0.012182532431906283 -0.0214706497174319 -0.021018191053936656 0.0051530882369619163 0.0052687289633222122 0.014083510763045405 -0.012717007944444912 0.0044046026863409932
leaf_weight=2.1747623534465701 1.3855310827784699 2.6251707343326398 1.8832178326556448 2.8146929728100076 0.8656210308545268 0.82027657604339577 1.9836693658435249 0.9062109424266962 1.6558230385417121 1.0139012821018694 0.36797593312803656 2.4630074673332274 0.90726375102531154 5.0850247366615804
leaf_count=144 65 81 42 41 20 93 43 60 33 20 6 25 40 159
internal_value=-0.00095899 -0.00485461 -0.00157089 0.00140457 -0.018239 0.00464715 0.00117832 -0.00428448 0.000205014 -0.0123832 -0.0148273 0.00804016 0.00433336 0.00036432
internal_weight=26.9521 15.9812 13.73 11.8468 2.25115 10.971 8.79623 6.56908 5.2949 2.66972 1.27419 5.2777 7.97596 5.99229
internal_count=872 393 308 266 85 479 335 200 134 53 66 66 242 199
is_linear=0
shrinkage=0.03


Tree=372
num_leaves=15
num_cat=0
split_feature=5 6 4 4 4 0 2 3 1 0 5 5 0 3
split_gain=0.674593 0.874894 0.682344 0.425612 0.364798 0.32487 0.908529 0.464665 0.364516 0.528411 0.495689 0.367542 0.408565 0.352311
threshold=12.782201290130617 7.3500000000000014 76.874082845919162 77.736845075193898 64.801358147137861 26.363333333333337 36.600000000000001 3.2284846486846579 12.440000000000007 24.009166666666676 591.72079467773449 2474.693237304688 20.900833333333342 3.1843677074975862
decision_type=2 2 2 2 2 2 2 2 2 2 2 2 2 2
left_child=2 5 4 -4 -1 6 8 13 9 11 -10 12 -2 -7
right_child=1 -3 3 -5 -6 7 -8 -9 10 -11 -12 -13 -14 -15
leaf_value=-0.00031425392445545155 -0.010066035270744449 -0.014560290620148152 0.011834990012443779 -0.0073413159484376636 -0.023701833790319402 0.0044720829426171584 -0.01764942092427197 -0.0036140056624601059 -0.0098750784584548824 0.016468725824387621 0.0069414617621013338 0.01262914818805423 0.0044415986451658207 0.020426776011274159
leaf_weight=0.834100779495205 2.09777058560576 1.4347556107823027 1.074596429243684 1.1543617772695141 1.422506825532764 3.2997539017815134 0.96066262619569975 1.5115434672334229 2.4644093542010532 2.6651468042982742 1.9608823833987115 1.048082056106068 3.1021665001753718 2.1436572968959808
leaf_count=8 326 141 7 46 39 44 28 51 46 36 26 30 48 8
internal_value=0.000520317 0.00269819 -0.00897943 0.00270582 -0.0178082 0.00446514 0.00163413 0.0093485 0.00415702 0.00739055 -0.00251755 0.00178027 -0.00209068 0.0129502
internal_weight=27.1744 22.6888 4.48557 2.22896 2.25661 21.2541 14.2991 6.95495 13.3385 8.91317 4.42529 6.24802 5.19994 5.44341
internal_count=884 784 100 53 47 643 540 103 512 440 72 404 374 52
is_linear=0
shrinkage=0.03


Tree=373
num_leaves=15
num_cat=0
split_feature=3 3 1 4 0 8 1 0 0 3 4 4 7 1
split_gain=0.403083 1.25819 0.791441 0.681236 0.650131 0.448529 0.416146 0.364712 0.293956 0.276588 0.246003 0.206578 0.169968 0.130417
threshold=3.1894620129180069 3.1706928221047082 11.520000000000005 79.348307186312283 28.092916666666671 24.950000000000006 11.520000000000005 24.812083333333341 11.847500000000005 3.3015226251633143 57.102871027605183 45.5441333723385 26.950000000000006 16.050000000000008
decision_type=2 2 2 2 2 2 2 2 2 2 2 2 2 2
left_child=1 2 8 5 10 -2 -5 12 -1 -9 -4 -10 -7 -8
right_child=3 -3 4 6 -6 7 13 9 11 -11 -12 -13 -14 -15
leaf_value=-0.0076331459693350975 -0.003746519457295483 -0.020305496148329501 0.0021237398571041974 0.0053110920093463066 0.0074526211148747586 0.0078215240291623408 -0.019317320361100444 0.018337056632014719 -0.0056430721219802018 0.0038861127254335875 -0.020373292762826394 0.0097343323407179314 -0.0029249641103234183 -0.00061779552533243714
leaf_weight=0.33733482486423128 1.6777206526603539 1.4827255811251223 0.32025742717087213 0.87303858599625428 0.81788486917503167 1.4554536333307608 0.61486003920435883 4.7111246392596513 0.22461903977091324 2.330840713577345 1.4223089499282648 8.0722037255327432 2.0550598976551555 0.50983677385374904
leaf_count=185 35 32 6 16 11 12 11 31 53 37 78 302 32 36
internal_value=0.00299257 -0.000893327 0.00313209 0.00628627 -0.00926807 0.00891193 -0.0073988 0.0110746 0.00738966 0.0146319 -0.0169719 0.00875581 0.00227678 -0.015121
internal_weight=26.9053 12.6773 11.1946 14.2279 2.56045 12.2302 1.99774 10.5525 8.63416 7.04197 1.74257 8.29682 3.51051 1.1247
internal_count=877 667 635 210 95 147 63 112 540 68 84 355 44 47
is_linear=0
shrinkage=0.03


Tree=374
num_leaves=15
num_cat=0
split_feature=1 1 5 2 1 5 6 5 7 2 2 2 5 4
split_gain=0.499885 0.371839 0.513171 1.2166 0.587493 0.49325 0.462547 0.451299 0.423577 0.422285 0.225961 0.317397 0.214295 0.322716
threshold=19.290000000000006 17.730000000000008 211.42034149169925 32.77000000000001 8.9100000000000019 5.4549217224121103 5.3500000000000014 28.288969039916996 29.550000000000004 35.650000000000013 30.460000000000001 26.43000000000001 334.45248413085943 67.963219820662104
decision_type=2 2 2 2 2 2 2 2 2 2 2 2 2 2
left_child=1 2 4 6 5 -1 -4 9 12 -6 11 -8 13 -5
right_child=-2 -3 3 8 7 -7 10 -9 -10 -11 -12 -13 -14 -15
leaf_value=0.0050429845389329533 -0.014462379561342747 0.012949980406159405 -0.008340225529012802 -0.01338289821826069 -0.0082298033970931855 -0.01612166161976741 0.0071525804068591266 0.011089405554938951 0.0036651800749744542 0.0074482423930119302 0.014131427219449252 -0.010434341494798136 -0.021738488908316641 0.0052653131370425862
leaf_weight=1.1457771673449415 0.79472671338589762 1.4922754187136877 0.92822841163433434 0.58847540128044806 2.2061186227947456 1.1884823329673961 1.4899457760329822 7.3728041481226683 0.68267207464668889 1.9943186291493473 2.3053702584875282 0.47227486642077554 2.427058985165786 0.944288982427679
leaf_count=31 71 12 49 34 34 181 104 88 8 15 47 63 128 14
internal_value=0.000900621 0.00191715 0.000728503 -0.00426984 0.00431362 -0.00733622 0.00533829 0.00705992 -0.0140634 -0.000785187 0.00933195 0.000826177 -0.0172426 -0.00435142
internal_weight=26.0328 25.2381 23.7458 9.83831 13.9075 2.33426 5.19582 11.5732 4.6425 4.20044 4.26759 1.96222 3.95982 1.53276
internal_count=879 808 796 447 349 212 263 137 184 49 214 167 176 48
is_linear=0
shrinkage=0.03


Tree=375
num_leaves=15
num_cat=0
split_feature=7 3 0 6 7 7 8 0 0 7 0 8 6 6
split_gain=0.322079 0.60202 0.903652 0.576978 0.298652 0.452163 0.448904 0.366423 0.697414 0.491679 0.428506 0.425402 0.29854 0.698289
threshold=15.850000000000003 3.2338764589019799 28.044166666666673 6.2500000000000009 16.750000000000004 18.450000000000006 33.050000000000004 22.803750000000004 12.422083333333338 21.150000000000006 11.847500000000005 25.550000000000004 5.5500000000000016 5.9500000000000011
decision_type=2 2 2 2 2 2 2 2 2 2 2 2 2 2
left_child=1 2 3 -1 -2 6 -6 8 10 -10 -7 -11 -9 -14
right_child=4 -3 -4 -5 5 7 -8 12 9 11 -12 -13 13 -15
leaf_value=0.0034549951050021838 0.013715651317854885 0.010814161299707317 0.011283064103748987 -0.016890696086873016 -0.017088832952750838 -0.0071639126253385966 0.0041224582695893316 0.011519718671549585 0.0035789711454076801 0.0011793278573984526 0.016683788893217529 -0.020841497971319629 -0.0086038253896922601 0.0098069395987553428
leaf_weight=1.2832982501713583 1.4245807842526144 1.2452045958489177 1.0893237902782855 3.9338703197572613 1.0252295927493862 0.31033390417724405 1.0515509862452743 5.3849061372457054 1.6985833203652871 0.99247523318626951 1.3021183827659113 1.5695940713630987 2.4197039310820401 3.0825247386237606
leaf_count=32 29 10 8 186 43 175 11 96 33 66 17 106 37 47
internal_value=0.00177526 -0.0032267 -0.00709968 -0.0121354 0.00370362 0.0022932 -0.00849959 0.00403382 -0.00182237 -0.00789755 0.0111087 -0.0143749 0.0070805 0.00163245
internal_weight=27.8133 7.5517 6.30649 5.21717 20.2616 18.837 2.07678 16.7602 5.8731 4.26065 1.61245 2.56207 10.8871 5.50223
internal_count=896 236 226 218 660 631 54 577 397 205 192 172 180 84
is_linear=0
shrinkage=0.03


Tree=376
num_leaves=15
num_cat=0
split_feature=2 0 8 7 2 7 6 6 7 2 0 4 8 7
split_gain=0.592429 1.27575 0.646195 0.66082 0.417137 0.342355 0.507884 0.501847 0.430502 0.32897 0.254834 0.445391 0.65813 0.253062
threshold=38.530000000000015 27.23833333333334 30.250000000000004 41.900000000000013 35.840000000000011 36.150000000000013 5.5500000000000016 5.6500000000000012 45.550000000000004 36.810000000000009 24.812083333333341 70.45438374450201 19.550000000000004 16.750000000000004
decision_type=2 2 2 2 2 2 2 2 2 2 2 2 2 2
left_child=1 2 5 4 13 6 -1 -8 -7 10 11 -9 -13 -4
right_child=-2 -3 3 -5 -6 8 7 9 -10 -11 -12 12 -14 -15
leaf_value=0.015893654059968419 0.010354947089399085 -0.020684088204807327 0.0024732386942493425 0.0090909517854476374 0.0026057362002144804 -0.015054213458328337 -0.010932481983617296 0.0089672521260592917 0.0061998145802897872 -0.0045326022087242325 0.016343801421043545 0.0095522801496228001 -0.018168430218093241 -0.015696035795314842
leaf_weight=3.173199933604347 4.3335428435530039 1.5757032150868315 0.51641168666537751 1.4629867252078836 1.6099399164086206 0.69550318397523259 1.0625035302364247 2.9500830434553791 0.92256812531559262 1.5555674078059381 1.5792238309513775 0.52752549108117797 0.79731195923523046 3.7919793541950639
leaf_count=67 82 46 29 42 31 54 15 127 112 37 26 24 67 127
internal_value=0.00137124 -0.000751294 0.00165539 -0.00504371 -0.00934674 0.00547577 0.00725231 0.00267953 -0.00519654 0.00569929 0.00868274 0.00329074 -0.00776957 -0.0134626
internal_weight=26.5541 22.2205 20.6448 7.38132 5.91833 13.2635 11.6454 8.47222 1.61807 7.40971 5.85414 4.27492 1.32484 4.30839
internal_count=886 804 758 229 187 529 363 296 166 281 244 218 91 156
is_linear=0
shrinkage=0.03


Tree=377
num_leaves=15
num_cat=0
split_feature=5 1 1 3 6 8 8 6 8 5 5 8 3 0
split_gain=0.688217 0.265197 0.304169 0.318094 0.388047 0.34755 0.345106 0.667836 0.313433 0.294391 0.238717 0.531574 0.781072 0.20887
threshold=1264.7280273437502 2.0600000000000041 3.2300000000000062 3.057091469495167 7.0500000000000016 29.250000000000004 24.150000000000006 5.7500000000000009 28.050000000000004 170.42290496826175 190.60962677001956 30.250000000000004 3.2451076540396682 21.335833333333337
decision_type=2 2 2 2 2 2 2 2 2 2 2 2 2 2
left_child=1 -1 -3 4 -4 6 -5 8 -8 13 11 -7 -13 -6
right_child=-2 2 3 5 9 10 7 -9 -10 -11 -12 12 -14 -15
leaf_value=-0.010582468490217059 -0.016439962584345325 0.013064208860297542 -0.015965543222513506 0.0049173373887235559 0.0046982035178531984 0.011354004038634943 0.0085506348229471302 -0.017145479352965017 -0.0063270946026545262 0.0086629733300805228 0.0091316390689361419 0.0049383311604957033 -0.017225614026970409 -0.012789969873708737
leaf_weight=0.5320560177860959 1.0306607584934671 1.1917172724206491 0.99695483729010748 3.1495648788986745 0.3396399064222354 1.7881133242044578 1.8674711908097381 1.8069804214756002 1.3559897873783482 1.2554614342225248 6.744426092132926 2.5948736524442211 1.4949402257334439 0.60663879243656993
leaf_count=229 113 39 100 62 6 15 38 24 17 49 87 27 32 36
internal_value=0.000413575 0.0016787 0.00233178 0.00129766 -0.00633493 0.00270802 -0.00197277 -0.00638675 0.00227589 0.00165037 0.00566358 0.000935173 -0.00495582 -0.00732421
internal_weight=26.7555 25.7248 25.1928 24.0011 3.19869 20.8024 8.18001 5.03044 3.22346 2.20174 12.6224 5.87793 4.08981 0.946279
internal_count=874 761 532 493 191 302 141 79 55 91 161 74 59 42
is_linear=0
shrinkage=0.03


Tree=378
num_leaves=15
num_cat=0
split_feature=7 2 4 6 5 2 2 7 5 6 5 2 2 5
split_gain=0.463727 0.545902 0.47939 0.466513 0.503897 0.482341 0.544198 0.645362 0.458863 0.387325 0.361891 0.286552 0.63144 0.506511
threshold=15.850000000000003 30.780000000000001 88.28585784289217 6.3500000000000014 5.0833427906036386 32.630000000000003 34.150000000000006 20.350000000000005 500.79193115234381 5.2500000000000009 7.7197277545928964 36.090000000000003 38.530000000000015 197.38377380371097
decision_type=2 2 2 2 2 2 2 2 2 2 2 2 2 2
left_child=11 2 -2 4 -3 8 9 -8 -6 -7 -5 -1 -13 -14
right_child=1 3 -4 10 5 6 7 -9 -10 -11 -12 12 13 -15
leaf_value=0.0025564159773140056 -0.011777200791901112 0.012532344902062389 0.0097116284401213959 -0.0030702159109774357 -0.005483570637873446 0.0020719124976687881 0.012587916981537463 -0.0078087414736806651 0.014264649154261896 -0.020095135822630495 0.015842876068528383 -0.020143335443526363 0.0077181517583896058 -0.010913426815950178
leaf_weight=2.1590690270240911 2.6890731254170563 1.7988879840122525 0.41957789659500111 0.78119815443642338 1.0722310354467466 0.7240518809994686 1.4901425896678122 2.1969367889687419 1.6349762130994347 1.7418314095702951 3.4871555237914436 1.6622591738705521 2.0319436280988161 1.3179387576237784
leaf_count=108 349 21 1 12 33 23 31 38 19 45 73 58 25 43
internal_value=0.00017821 0.0027378 -0.00721905 0.00513439 0.00138576 -0.00191883 -0.00631119 0.00136154 0.00707373 -0.0148665 0.0124557 -0.00580655 -0.00923505 -0.000435794
internal_weight=25.2073 18.0361 3.10865 14.9274 10.6591 8.86017 6.15296 3.68708 2.70721 2.46588 4.26835 7.17121 5.01214 3.34988
internal_count=879 645 350 295 210 189 137 69 52 68 85 234 126 68
is_linear=0
shrinkage=0.03


Tree=379
num_leaves=15
num_cat=0
split_feature=4 8 2 3 4 3 8 7 0 2 4 3 2 8
split_gain=0.56279 0.867517 0.655476 0.688155 0.392422 0.5487 0.583254 0.734456 0.682367 0.424195 0.303487 0.466124 0.285252 0.240997
threshold=76.07242258744148 31.450000000000006 33.70000000000001 3.3077568695761825 75.492932979406447 3.2451076540396682 27.550000000000004 28.450000000000006 25.55125 39.350000000000016 69.112491173187792 3.1894620129180069 31.630000000000006 19.350000000000005
decision_type=2 2 2 2 2 2 2 2 2 2 2 2 2 2
left_child=4 2 3 13 5 6 7 8 -1 10 -8 12 -12 -2
right_child=1 -3 -4 -5 -6 -7 9 -9 -10 -11 11 -13 -14 -15
leaf_value=-0.020544726487845943 0.0056057555655055127 -0.01992519623728144 -0.01049949177327205 0.017388988316744552 0.015538921310982121 -0.0082659603682083797 0.015195474482512801 0.0079116028584548768 0.0026532537390835465 -0.0031689779313108023 0.0050053578302297281 0.010473998430974227 -0.014482306768885464 -0.011693017786894203
leaf_weight=1.643812386697401 0.43554055357526456 1.7069697140541391 1.6975098698749205 1.7775574726983903 1.1252507740282442 3.0280401103664181 4.8107351871149131 2.3159758521942422 1.6515254499972796 1.867214187281206 0.45445316770928934 1.6060378665570167 0.78257295239018276 0.83758766463870415
leaf_count=189 46 74 31 24 20 51 104 90 31 30 34 16 42 84
internal_value=0.000719967 -0.00635802 0.00113719 0.00860577 0.00328571 0.00175511 0.00414845 -0.00318341 -0.0110076 0.00836143 0.0112155 0.00227941 -0.00828587 -0.00591241
internal_weight=25.7408 6.45517 4.7482 3.05069 19.2856 18.1604 15.1323 5.61131 3.29534 9.52101 7.6538 2.84306 1.23703 1.27313
internal_count=866 259 185 154 607 587 536 310 220 226 196 92 76 130
is_linear=0
shrinkage=0.03


Tree=380
num_leaves=15
num_cat=0
split_feature=5 5 0 1 5 8 5 3 0 8 2 2 8 2
split_gain=0.631132 0.637604 0.660339 0.666329 0.637598 0.476777 0.807593 0.687366 0.342583 0.267492 0.423532 0.250543 0.295982 0.277603
threshold=31.277016639709476 706.39361572265636 25.331666666666667 16.520000000000007 238.25532531738284 26.350000000000005 100.3322105407715 3.2016181948837201 27.439583333333342 28.050000000000004 33.070000000000014 32.77000000000001 33.350000000000009 30.460000000000001
decision_type=2 2 2 2 2 2 2 2 2 2 2 2 2 2
left_child=9 2 5 4 -4 7 -7 -2 -5 10 -1 13 -13 -3
right_child=1 11 3 8 -6 6 -8 -9 -10 -11 -12 12 -14 -15
leaf_value=0.0084067946902315963 -0.011409952376371903 0.0011382373850397627 0.011138570820034995 -0.019080477884157301 -0.0072343865767415215 0.0057329403956265417 -0.026425451215804707 0.012690450194176884 0.0022112009143078863 0.012051970271520249 -0.0097781621099154205 -0.011945869585437457 0.0074644252794161823 0.014866574984551358
leaf_weight=1.6233337057346973 1.5079251769057029 2.5328806095349128 4.2926547529641539 0.87496340530924477 1.6885747585911302 0.52416606256156262 1.8529863748990463 0.86018524505197991 0.77426756976637989 5.2609438840299845 1.0581767900148404 0.57757885311730195 0.39196354220621288 2.2691363877966069
leaf_count=56 177 125 61 41 37 21 137 18 28 68 21 54 8 35
internal_value=0.00212407 -0.00103644 -0.00478567 0.000886452 0.00565838 -0.0124733 -0.0197366 -0.0014871 -0.0120231 0.0086537 0.000523872 0.00652239 -0.00429305 0.00906962
internal_weight=26.0897 18.1473 12.3757 7.63046 5.98123 4.74526 2.37715 2.36811 1.64923 7.94245 2.68151 5.77156 0.969542 4.80202
internal_count=887 742 520 167 98 353 158 195 69 145 77 222 62 160
is_linear=0
shrinkage=0.03


Tree=381
num_leaves=15
num_cat=0
split_feature=5 5 1 6 4 8 4 7 7 4 4 6 0 7
split_gain=0.498206 0.618707 0.302353 0.318859 0.517329 0.894683 0.673031 0.832617 0.514047 0.650242 0.579131 0.480343 0.463578 0.55699
threshold=12.782201290130617 18.491278648376468 19.290000000000006 5.1500000000000012 72.441532688469337 29.950000000000006 66.506170407983959 28.450000000000006 11.550000000000002 60.773934429534073 59.523730020147617 5.5500000000000016 24.569166666666671 20.550000000000004
decision_type=2 2 2 2 2 2 2 2 2 2 2 2 2 2
left_child=-1 -2 3 -3 6 11 7 8 9 -5 -10 -6 13 -8
right_child=1 2 -4 4 5 -7 12 -9 10 -11 -12 -13 -14 -15
leaf_value=-0.010328322270325553 0.014330259226775791 0.0097191393041794576 -0.013269314734397917 -0.012600671067384087 0.010290776994054963 -0.019549255090745944 0.0093409827010070192 0.012126016027339644 0.0019051892517775229 0.012554019482096642 -0.022580593908225775 -0.0063279002577808618 0.018292868039038988 -0.012077227528571235
leaf_weight=3.4657678507792324 1.6363595706061485 1.6403689212456871 0.69051178882364084 0.62221441051224413 1.7839540941204166 2.1955032670666697 1.6311272297753023 1.2915411620633674 1.0366601526329762 1.1917997756972907 1.8829498708946628 2.5951403929866501 1.999183544074185 0.87057445591199201
leaf_count=94 14 39 63 81 44 70 37 42 69 22 73 123 26 75
internal_value=-0.00122157 0.000676678 -0.00111822 -2.10187e-05 -0.00144067 -0.00746843 0.0026456 -0.0037517 -0.00944317 0.00251417 -0.0156185 0.00109672 0.0103346 0.000567142
internal_weight=24.5337 21.0679 19.4315 18.741 17.1006 6.5746 10.5261 6.02517 4.73362 1.81401 2.91961 4.37909 4.50089 2.5017
internal_count=872 778 764 701 662 237 425 287 245 103 142 167 138 112
is_linear=0
shrinkage=0.03


Tree=382
num_leaves=15
num_cat=0
split_feature=1 3 8 2 4 5 2 4 7 2 3 2 2 2
split_gain=0.402613 0.444131 0.348202 0.281217 0.539722 0.519061 0.547637 0.583493 0.573081 1.04739 0.413927 0.398637 0.310744 0.256593
threshold=5.8300000000000036 2.7024476192268243 36.70000000000001 32.290000000000013 78.099824708760835 432.72111511230474 34.970000000000006 63.178055318331765 15.650000000000004 38.530000000000015 3.2557065808703203 33.63000000000001 34.390000000000008 35.210000000000015
decision_type=2 2 2 2 2 2 2 2 2 2 2 2 2 2
left_child=1 -1 -3 -2 5 6 11 -8 9 -9 -10 -5 -6 -7
right_child=3 2 -4 4 12 13 7 8 10 -11 -12 -13 -14 -15
leaf_value=0.0049337330809350764 0.0094698339036345357 -0.018498574648045336 0.0049754369261450146 6.4630953046644244e-05 -0.016110001756060775 -0.014669101436990822 0.010920103483301353 -0.022350185740449686 0.011818757640535424 0.0055111059512894167 -0.0057430391976090369 0.019295137907782423 0.0021226273758736744 0.0011280436794036295
leaf_weight=1.3003206945868471 5.8200462993700084 1.2753539365658069 0.28683833964169014 1.3112044422887326 1.1167212530272075 0.78686889342497979 3.1141463291132805 1.6881232730811464 1.9317345115123319 1.6347011328907681 1.2642864803783593 2.8050027256831527 1.0541198237333445 1.6495082410983739
leaf_count=115 109 335 9 32 32 31 49 27 25 18 24 42 16 28
internal_value=0.00291959 -0.00630135 -0.0139288 0.00421828 0.00215002 0.00415214 0.00641255 0.00197616 -0.00318059 -0.0105394 0.0051586 0.0143793 -0.00937929 -0.00675799
internal_weight=27.039 2.86251 1.56219 24.1765 18.3564 16.1856 13.7492 9.63299 6.51885 3.32282 3.19602 4.11621 2.17084 2.43638
internal_count=892 459 344 433 324 276 217 143 94 45 49 74 48 59
is_linear=0
shrinkage=0.03


Tree=383
num_leaves=15
num_cat=0
split_feature=7 3 1 7 0 7 8 3 0 3 6 6 5 7
split_gain=0.522065 0.660475 0.731309 0.37405 0.428299 0.443693 0.695283 0.379171 0.341778 0.249951 0.222204 0.581262 0.214044 0.548288
threshold=15.850000000000003 3.1816206352315439 17.870000000000008 16.950000000000006 25.55125 27.150000000000006 29.950000000000006 3.2632768589153707 17.430833333333339 3.6224734757334187 5.9500000000000011 6.3500000000000014 120.49271774291994 40.650000000000013
decision_type=2 2 2 2 2 2 2 2 2 2 2 2 2 2
left_child=1 2 8 -2 10 6 -6 -7 -1 -9 12 -12 -5 -14
right_child=3 -3 -4 4 5 7 -8 9 -10 -11 11 -13 13 -15
leaf_value=0.0030280259680479978 0.013036594130867418 0.0045257215423934538 0.0070880190843447015 0.01185599908288589 0.0024427951351857369 0.012367001480413942 -0.023539961745631267 -0.012738669134298018 -0.020811307024007821 0.0051566605819432926 -0.014472185893639182 0.0064144110407482321 -0.0035089595216018241 0.012360885641378471
leaf_weight=0.35974889447971126 1.9534738422953548 2.6900155451148748 0.78583841514773656 2.9789970013953297 1.3664452254306518 0.97369489877019111 1.0808179718442259 0.63624804170103721 2.8412501738930587 0.49990184465423226 1.0038327211950666 2.0489087404203019 4.4966717009374406 2.0979677661234746
leaf_count=51 40 21 8 75 28 17 26 39 143 7 70 163 112 69
internal_value=0.000629274 -0.00605275 -0.0126665 0.00314542 0.00136586 -0.00574077 -0.0125322 0.00363348 -0.0180491 -0.00613681 0.00416385 -0.00233 0.00625906 0.00250256
internal_weight=25.8138 6.67685 3.98684 19.137 17.1835 4.55711 2.44726 2.10984 3.201 1.13615 12.6264 3.05274 9.57364 6.59464
internal_count=869 223 202 646 606 117 54 63 194 46 489 233 256 181
is_linear=0
shrinkage=0.03


Tree=384
num_leaves=15
num_cat=0
split_feature=4 2 4 4 4 5 5 2 4 5 7 5 2 8
split_gain=0.422665 0.522194 0.490561 0.627418 0.90508 0.375013 0.374762 0.298833 0.265676 0.544789 0.994358 0.585912 0.260606 0.205097
threshold=63.770268298734514 26.630000000000006 66.71888253051111 69.112491173187792 73.271964336400472 211.42034149169925 204.7594909667969 38.850000000000016 76.07242258744148 500.79193115234381 17.150000000000002 5.0833427906036386 32.730000000000011 34.550000000000004
decision_type=2 2 2 2 2 2 2 2 2 2 2 2 2 2
left_child=5 -2 6 -4 -5 -1 -3 12 13 10 -10 -12 -7 -6
right_child=1 2 3 4 8 7 -8 -9 9 -11 11 -13 -14 -15
leaf_value=0.013738373948878439 0.010599426752842504 -0.021868267253290417 0.010982877468296995 -0.01475907015061231 0.00080164881458674752 -0.0074640617921269041 -0.00084638434040181312 -0.011525318934543638 0.0079022118598415046 0.0084985403906618715 0.0016857346738048604 -0.022874104920026981 0.0096840584316664393 0.011837931586372915
leaf_weight=2.9794362186221433 2.2508279621688443 0.85865108110010924 2.6156241204589632 3.2456788524868889 3.6992739402630814 0.32177898194640908 1.4379904345259999 0.51874747872352589 1.7245148578658698 1.8412127634510396 1.0471358556533235 2.0283345403731801 1.4706326486775649 1.769520941423252
leaf_count=59 180 20 55 116 76 65 32 30 13 25 17 86 83 17
internal_value=0.00126457 -0.000629091 -0.0023158 -0.000344911 -0.00282797 0.0081434 -0.0129553 -0.00104016 0.00125163 -0.00263619 -0.0076362 -0.0161502 0.00503504 0.0056506
internal_weight=27.8094 22.5188 20.2679 17.9713 15.3557 5.2906 2.29664 2.31116 12.11 6.6412 4.79999 3.07547 1.79241 5.46879
internal_count=874 637 457 405 350 237 52 178 234 141 116 103 148 93
is_linear=0
shrinkage=0.03


Tree=385
num_leaves=15
num_cat=0
split_feature=6 3 4 3 4 4 7 0 8 4 7 2 8 6
split_gain=0.66122 0.413292 0.731665 0.463726 0.431524 0.610296 0.59285 0.402616 0.322309 0.289981 0.216799 0.228361 0.101858 0.0682242
threshold=5.3500000000000014 3.0714946912363077 63.178055318331765 3.0872019983601215 78.281012686622461 75.238409039301516 29.550000000000004 25.331666666666667 27.950000000000006 79.685427652029958 8.8500000000000032 32.730000000000011 28.950000000000006 6.0500000000000016
decision_type=2 2 2 2 2 2 2 2 2 2 2 2 2 2
left_child=9 2 10 -3 5 6 7 13 -9 -1 -2 -12 -13 -5
right_child=1 3 -4 4 -6 -7 -8 8 -10 -11 11 12 -14 -15
leaf_value=-0.015690363724425203 -0.0080177661194649995 0.014996259318155285 -0.018209504052883151 -0.016589607751507481 -0.0080299988411544048 0.013217708156904472 0.010028209523121041 0.0084342921831277607 -0.0044508620967870175 0.0034284898187426915 -0.0066013632382755883 0.012124952665671844 -0.00017467010296466767 -0.0033671526633750151
leaf_weight=2.0446017355716353 0.32699639198836239 1.9220154187642062 1.3492729163845067 1.0349067249335369 2.3471649397979482 3.4624299017013973 2.6820758481626399 1.836439788341522 3.5609725047834218 0.52727035616408091 0.27633053064346347 1.681052203581203 0.74666628998238582 1.2032368164509533
leaf_count=91 49 16 284 30 40 38 34 19 36 43 58 69 37 15
internal_value=0.000119961 0.00194856 -0.00550927 0.00395267 0.00183778 0.00394815 -5.55954e-05 -0.00434875 0.000566339 -0.0119082 0.00325907 0.0064192 0.00939474 -0.0127162
internal_weight=25.0014 22.4296 4.38032 18.0492 16.1272 13.7801 10.3176 7.63556 5.39741 2.57187 3.03105 2.70405 2.42772 2.23814
internal_count=859 725 497 228 212 172 134 100 55 134 213 164 106 45
is_linear=0
shrinkage=0.03


Tree=386
num_leaves=15
num_cat=0
split_feature=6 3 5 3 1 5 3 5 3 3 4 2 3 3
split_gain=0.415419 0.757901 0.565043 0.748366 0.783768 0.521713 0.51668 0.361463 0.380085 0.318774 0.285432 0.465936 0.245708 0.259381
threshold=7.2500000000000009 2.4448084222322017 159.07899475097659 3.1547707694454723 13.730000000000006 208.27097320556643 3.1992860714962479 320.95518493652349 3.093732703574076 3.4808772233477079 73.615527702954253 34.350000000000009 3.0037835415629695 2.5258861101021881
decision_type=2 2 2 2 2 2 2 2 2 2 2 2 2 2
left_child=2 -2 3 -1 10 -4 -6 -7 12 -10 -5 -12 13 -9
right_child=1 -3 5 4 6 7 -8 8 9 -11 11 -13 -14 -15
leaf_value=-0.01981420875959931 0.0061963879639537886 -0.020548295154828023 0.015944282180900965 0.011900080196340899 0.0034472096159243182 -0.010546278631964875 -0.018869146246101597 0.0079555062289196395 -0.0048813830557432854 0.008269922176280857 -0.0098682550714628871 0.0077507471303409348 0.014915987984848996 -0.0098184148299704909
leaf_weight=1.3904087020782814 0.96080646532936897 1.4504181334632447 1.7396868282812636 2.2390386066399497 1.0267422008328142 1.0448183931002848 1.6634667744510805 0.49817890743724857 4.723939324991079 1.3501809658482669 1.4943319749436343 1.9486256595700977 1.9658976516802793 0.47171432955656201
leaf_count=162 64 112 50 24 10 75 48 12 103 10 29 17 42 114
internal_value=-0.00147116 -0.0111989 6.51559e-05 -0.00500349 -0.000692107 0.00432379 -0.0117258 0.00105276 0.00331704 -0.00120226 0.00550497 -0.000396279 0.0105971 -0.00128491
internal_weight=23.9683 2.41122 21.557 9.76261 8.37221 11.7944 2.69021 10.0547 9.00991 6.07412 5.682 3.44296 2.93579 0.969893
internal_count=872 176 696 290 128 406 58 356 281 113 70 46 168 126
is_linear=0
shrinkage=0.03


Tree=387
num_leaves=15
num_cat=0
split_feature=1 7 5 5 2 2 3 3 0 3 3 5 7 1
split_gain=0.649737 0.504853 0.491428 0.46783 0.410412 0.588131 0.658979 0.83185 0.331842 0.296319 0.271281 0.205825 0.341768 0.234127
threshold=12.930000000000005 13.250000000000002 82.57599258422853 706.39361572265636 33.010000000000012 33.990000000000009 3.2284846486846579 3.1799508572211601 11.847500000000005 3.2727737905361018 3.3384186381835619 239.35860443115237 21.950000000000006 9.8100000000000058
decision_type=2 2 2 2 2 2 2 2 2 2 2 2 2 2
left_child=4 -2 10 -4 8 9 7 11 -1 -6 -3 13 -13 -7
right_child=1 2 3 -5 5 6 -8 -9 -10 -11 -12 12 -14 -15
leaf_value=-0.0075338143066766543 0.0070632574977273757 0.0052649285528459802 -0.020311822387520009 0.0011992194924306378 -0.018084946153117749 0.013330766156960779 0.016389318677286116 -0.01824170056423785 0.010373539945872796 0.0015835473304480925 -0.0081807433907834168 -0.0127047766358999 0.0069300363859199883 -8.4151680103868555e-05
leaf_weight=0.33208248485607939 1.5450377722736428 2.3153934261063118 2.5890645972103816 1.0761796074220908 1.0506103985826465 1.6303904349915685 1.6017134189605711 0.97003399580717076 7.3647642844007351 0.81434600986540306 1.2796155037358401 0.63789174065459497 0.66979138366878033 2.0878059128299356
leaf_count=196 16 35 88 16 51 49 17 10 231 10 25 87 9 31
internal_value=0.000785023 -0.0054693 -0.00866853 -0.0150926 0.00411885 -0.000185479 0.00375353 -0.00148213 0.00882349 -0.0119416 -0.000259769 0.00424302 -0.00400286 0.00737682
internal_weight=25.9647 8.80529 7.26025 3.66524 17.1594 9.46258 7.59763 5.99591 7.69685 1.86496 3.59501 5.02588 1.30768 3.7182
internal_count=871 180 164 104 691 264 203 186 427 61 60 176 96 80
is_linear=0
shrinkage=0.03


Tree=388
num_leaves=15
num_cat=0
split_feature=0 6 4 6 0 6 0 8 8 8 0 3 2 3
split_gain=0.471066 0.758308 0.434011 0.655087 0.454176 0.582244 0.524839 1.04256 0.790589 0.47113 0.506912 0.392462 0.28298 0.344701
threshold=27.402916666666673 6.7500000000000009 79.348307186312283 5.1500000000000012 26.363333333333337 6.4500000000000011 23.111250000000009 30.250000000000004 22.950000000000006 27.550000000000004 12.202916666666672 3.3077568695761825 33.610000000000014 3.1366698429303415
decision_type=2 2 2 2 2 2 2 2 2 2 2 2 2 2
left_child=2 -2 4 -4 6 -6 9 8 -8 10 -1 -12 -10 -14
right_child=1 -3 3 -5 5 -7 7 -9 12 -11 11 -13 13 -15
leaf_value=0.0083470439989453277 -0.022930816244709766 0.0022771862825794876 0.0083138831782408589 -0.017346888716969558 0.017590001545044948 -0.0008185987827655694 -0.014919215501560125 -0.018095806317946023 -0.0025283297726483582 0.011196786332937789 -0.017455435050742426 0.0064968722581208111 -0.0015672249222050054 0.017228215487782129
leaf_weight=1.034470678161606 0.96318021346814875 2.0181318363174796 0.67981580909690764 1.3972904924812608 2.6566804682370266 2.5320521290414035 0.76432505174307142 2.3418901581317186 1.2189425206161102 4.1030234691279475 1.1670660791423868 0.26498335599899281 1.0088134241232185 2.0981805846095085
leaf_count=112 33 27 40 84 24 30 35 55 17 173 163 2 42 26
internal_value=-7.93225e-05 -0.00958088 0.00162307 -0.00897588 0.003158 0.00992605 0.000155431 -0.00500215 0.00300402 0.00588023 -0.00364251 -0.0121744 0.00837743 0.0122298
internal_weight=24.2488 2.98131 21.2675 2.07711 19.1904 5.18873 14.0017 7.43215 5.09026 6.56954 2.46652 1.43205 4.32594 3.10699
internal_count=863 60 803 124 679 54 625 175 120 450 277 165 85 68
is_linear=0
shrinkage=0.03


Tree=389
num_leaves=15
num_cat=0
split_feature=8 1 7 8 6 4 7 7 4 5 5 0 1 5
split_gain=0.547572 0.510107 0.481094 0.541284 0.51858 0.834782 0.428778 0.509018 0.507982 0.579542 0.501739 0.369024 0.378834 0.326105
threshold=38.750000000000007 19.290000000000006 11.350000000000003 33.850000000000009 5.4500000000000011 79.072045040032236 28.450000000000006 15.550000000000002 77.181713454488587 174.15545654296878 1061.218200683594 22.93458333333334 1.5900000000000023 6.3634428977966317
decision_type=2 2 2 2 2 2 2 2 2 2 2 2 2 2
left_child=1 2 -1 4 5 -4 7 -6 9 -9 -11 12 -8 -2
right_child=13 -3 3 -5 6 -7 11 8 -10 10 -12 -13 -14 -15
leaf_value=-0.01179327829608012 0.003211881742015438 -0.014364823817467865 -0.016689050684100232 0.011919638054319314 0.0079178689318355772 0.0097224495413449005 0.0082011102555712978 0.0086750775014671228 -0.016897531818122768 -0.017214281392942204 0.0059604416052509972 0.017106116257475896 -0.01157799507563553 -0.019143507216158522
leaf_weight=1.0160923619550981 0.47272618697024782 0.77317852273699728 2.1760178359545566 4.3128075906279255 3.2152499377843906 0.83947637742676295 1.0058829535482794 2.4710626213927753 1.2785956917214205 1.2002505630953235 0.71898801566567261 2.0268528939923272 0.5428729171399026 1.0242421783623283
leaf_count=97 5 67 77 71 85 28 114 60 35 83 31 18 58 48
internal_value=-0.000304993 0.00118164 0.00239174 0.00365239 0.000764745 -0.00874625 0.00354537 -0.000267592 -0.0054013 0.000460444 -0.00946473 0.0110072 -0.000554352 -0.0136249
internal_weight=23.0743 21.5773 20.8041 19.7881 15.4752 3.01549 12.4598 8.88415 5.6689 4.3903 1.91924 3.57561 1.54876 1.49697
internal_count=877 824 757 660 589 105 484 294 209 174 114 190 172 53
is_linear=0
shrinkage=0.03


Tree=390
num_leaves=15
num_cat=0
split_feature=2 2 5 4 5 5 5 6 3 1 0 5 4 4
split_gain=0.279493 0.887195 0.424617 0.270648 0.723643 0.414832 0.798937 0.793203 0.495265 0.359511 0.518035 0.265311 0.264788 0.257734
threshold=37.430000000000007 38.530000000000015 233.4106369018555 77.906232716274019 706.39361572265636 208.27097320556643 320.95518493652349 5.3500000000000014 3.057091469495167 10.050000000000004 19.458750000000006 2474.693237304688 78.736265874118359 79.348307186312283
decision_type=2 2 2 2 2 2 2 2 2 2 2 2 2 2
left_child=3 -2 -3 5 12 9 -7 -8 11 10 -1 -9 -5 -14
right_child=1 2 -4 4 -6 6 7 8 -10 -11 -12 -13 13 -15
leaf_value=0.0086887052930545491 -0.017954279007387414 0.009658125248076686 -0.0066722491765373254 -0.019843992225386926 0.0082378465404627146 -0.01708550338925427 -0.014772509388033339 -0.012285347878254726 0.012542004395819805 0.013163154832879585 -0.011826617526213 0.0055431070227159821 0.0080809863701348083 -0.0086708487653413824
leaf_weight=1.6355565996927999 1.3510831083694927 3.0000770833576098 1.3741398115525951 0.76139866009179913 2.198107202682877 0.88172475853934784 0.65274084400152776 0.66873392317211233 4.7797756413347088 6.5020531779155135 0.91100014990661282 0.57734787708614022 0.56325617886614032 0.76928940980724292
leaf_count=104 42 41 42 25 27 61 36 165 59 91 29 45 21 105
internal_value=0.00262362 -0.00288755 0.00424106 0.00419618 -0.00213835 0.00586161 0.000486788 0.00472967 0.00864413 0.00985704 8.42808e-05 -0.0052347 -0.0121727 -0.00116122
internal_weight=26.6263 5.7253 4.37422 20.901 4.29205 16.6089 7.56032 6.6786 6.02586 9.04861 2.54656 1.24608 2.09394 1.33255
internal_count=893 125 83 768 178 590 366 305 269 224 133 210 151 126
is_linear=0
shrinkage=0.03


Tree=391
num_leaves=15
num_cat=0
split_feature=0 5 4 5 0 0 6 6 4 0 2 6 2 4
split_gain=0.46317 0.60556 0.461259 0.571295 0.40799 0.474865 0.355136 0.374541 0.59087 0.479976 0.803539 0.307774 0.439298 0.409386
threshold=22.803750000000004 2474.693237304688 79.348307186312283 706.39361572265636 27.561666666666671 28.606666666666676 5.3500000000000014 6.3500000000000014 71.329055828651107 25.358333333333338 33.070000000000014 7.4500000000000011 30.610000000000003 71.204038961733403
decision_type=2 2 2 2 2 2 2 2 2 2 2 2 2 2
left_child=1 11 4 -4 6 -6 -2 9 -9 10 -8 12 13 -1
right_child=2 -3 3 -5 5 -7 7 8 -10 -11 -12 -13 -14 -15
leaf_value=0.0076114535983535037 -0.0022421449123002177 0.010260358192873903 -0.018796851883148721 0.0069133798408857559 -0.01133521253081873 0.0077104229678613984 0.012981384753228513 0.0086482021746761579 -0.0081229557733156418 0.020079100996214121 -0.011008867999978711 0.0031985027904627042 -0.021176869078438881 -0.010993423440996826
leaf_weight=1.1815331327088676 2.4981989180669251 1.017386650375556 0.72738752473378443 0.69748462736606598 1.7598750425968313 1.1520279583055524 2.038430945947765 4.696346642129356 1.9105070106743367 3.6223418649751693 1.1962973480112848 1.0229575242556164 1.5125797483779022 1.1131855749190434
leaf_count=60 35 47 38 3 35 16 22 97 36 40 34 76 121 232
internal_value=0.00212787 -0.00477033 0.00424575 -0.00855059 0.00559342 -0.00375539 0.00741974 0.00924355 0.00336818 0.0137554 0.00360455 -0.00915305 -0.0124467 -0.00201125
internal_weight=26.1465 5.84764 20.2989 1.42487 18.874 2.9119 15.9621 13.4639 6.60685 6.85707 3.23473 4.83026 3.8073 2.29472
internal_count=892 536 356 41 315 51 264 229 133 96 56 489 413 292
is_linear=0
shrinkage=0.03


Tree=392
num_leaves=15
num_cat=0
split_feature=7 8 2 4 4 6 6 6 3 6 7 5 8 8
split_gain=0.398924 0.761007 0.546327 0.339854 0.592727 0.567692 0.417831 0.638425 0.619616 0.44684 0.396235 0.581402 0.592854 0.352304
threshold=36.150000000000013 29.250000000000004 30.660000000000004 66.506170407983959 71.204038961733403 6.3500000000000014 5.5500000000000016 5.8500000000000014 3.1816206352315439 5.9500000000000011 21.750000000000004 352.02584838867193 25.550000000000004 30.250000000000004
decision_type=2 2 2 2 2 2 2 2 2 2 2 2 2 2
left_child=3 -2 -3 5 -5 -1 13 -8 9 -9 11 12 -7 -6
right_child=1 2 -4 4 6 10 7 8 -10 -11 -12 -13 -14 -15
leaf_value=-0.014269763238570956 -0.018274192886518284 -0.01020593337648807 0.01408668392524548 0.015412169698721006 0.014768708596961716 -0.011531676008056494 -0.011913802507679521 0.0079758578552652903 0.011535483863053005 -0.016081508723808695 0.01322389053017627 -0.015557356400049268 0.0097051114214937399 -0.00060719704567863836
leaf_weight=1.0727265236200825 1.1213120422034983 0.45213944283023 1.2393155824975108 4.4371803029207504 2.5141397183760983 0.7128807658737063 2.3656044382951222 0.3513801770750431 2.8739823792129755 0.87291470755008049 1.5027604566421358 0.83038669869711146 3.2012769287684932 2.0458859683712944
leaf_count=43 160 44 33 94 46 37 46 6 22 106 44 107 51 36
internal_value=0.00350163 -0.00578089 0.00621377 0.00484263 0.00723517 -0.000473026 0.00293583 -0.00197615 0.00497175 -0.00869529 0.00353811 -0.00129767 0.00427774 0.00900173
internal_weight=25.5939 2.81277 1.69146 22.7811 15.4611 7.32003 11.0239 6.46388 4.09828 1.22429 6.2473 4.74454 3.91416 4.56003
internal_count=875 237 77 638 356 282 262 180 134 112 239 195 88 82
is_linear=0
shrinkage=0.03


Tree=393
num_leaves=15
num_cat=0
split_feature=1 1 8 8 5 8 0 0 5 5 1 0 1 1
split_gain=0.50819 0.465489 0.41259 0.670686 0.578022 0.661067 0.367751 0.548083 0.50507 0.382812 0.388973 0.241084 0.285314 0.201091
threshold=19.290000000000006 2.0600000000000041 37.20000000000001 41.45000000000001 33.113346099853523 35.550000000000004 27.402916666666673 26.363333333333337 591.72079467773449 186.06362915039065 10.050000000000004 24.177083333333339 7.9400000000000057 9.2500000000000053
decision_type=2 2 2 2 2 2 2 2 2 2 2 2 2 2
left_child=1 -1 4 -4 -3 6 7 8 9 10 -6 12 -10 -11
right_child=-2 2 3 -5 5 -7 -8 -9 11 13 -12 -13 -14 -15
leaf_value=-0.013410002123023949 -0.014890573297211102 0.010850157491648464 -0.019226211669146835 0.0049846313303941259 -0.011232987697251087 0.013864598566676534 -0.013557966964199305 0.010461981819561001 0.0060310613911717268 0.00049983998979879433 0.0050746141303737021 0.011637503286746242 -0.0082759706825480082 -0.019032631661570938
leaf_weight=0.78894514137937832 0.82987194453016755 6.2446363939961946 0.97127517987973933 1.4950361519586293 1.1205054278834707 1.8057593260891724 1.1297307587228704 2.4091444121440864 1.6143816813710148 0.51171582317329045 2.5079295088653453 1.2122662099427541 1.4283951324177904 1.7738510649651287
leaf_count=326 74 86 29 25 65 14 19 31 46 52 36 15 33 55
internal_value=0.000408143 0.00146861 0.00246559 -0.00734594 0.00385164 0.000548118 -0.00202947 -7.17666e-05 -0.00328057 -0.00839692 -0.00130027 0.00407521 -0.001071 -0.0158384
internal_weight=25.8434 25.0136 24.2246 2.46631 21.7583 15.5137 13.7079 12.5782 10.169 5.914 3.62843 4.25504 3.04278 2.28557
internal_count=906 832 506 54 452 366 352 333 302 208 101 94 79 107
is_linear=0
shrinkage=0.03


Tree=394
num_leaves=15
num_cat=0
split_feature=6 6 2 1 2 0 8 4 4 4 7 1 4 1
split_gain=0.342806 0.518876 0.591001 1.15029 0.594661 0.830991 0.678461 0.405816 0.333097 0.335179 0.258181 0.250746 0.214012 0.203846
threshold=5.3500000000000014 5.7500000000000009 33.70000000000001 4.7300000000000004 37.350000000000009 26.363333333333337 34.95000000000001 64.239746182935903 66.71888253051111 63.178055318331765 28.650000000000006 13.190000000000005 78.344146492549697 12.440000000000007
decision_type=2 2 2 2 2 2 2 2 2 2 2 2 2 2
left_child=11 12 3 10 6 -6 8 -7 9 -4 -3 13 -2 -1
right_child=1 2 4 -5 5 7 -8 -9 -10 -11 -12 -13 -14 -15
leaf_value=-0.0010871397405563719 0.013357855020614534 0.010246447993445854 0.0096787866869038168 -0.021493867576512362 -0.017709205713590921 0.010954901576217164 -0.00575373805480106 -0.0047055777449430802 0.020051363686056898 -0.0085834137974244423 -0.0069673845461074059 0.0049258654199121499 -0.00025077708272199705 -0.017106682003980477
leaf_weight=1.6636176027532235 5.9236499161343117 1.80592934784363 1.1815858548798113 1.5331945797952355 1.1169210454972924 2.4429437117651105 1.2270116263534872 1.8564863568171857 3.0987046894151717 0.59211849677376438 0.29733064367610484 1.0540805813507175 1.1810445773589888 0.48639450129121531
leaf_count=85 131 136 54 61 77 27 21 20 35 15 123 51 30 6
internal_value=0.00387755 0.00519453 0.00178741 -0.00749201 0.00508215 -0.00205932 0.0108206 0.00458081 0.0152636 0.00268568 0.00635197 -0.00433028 0.0113438 -0.00899139
internal_weight=25.461 22.2569 15.1522 3.63645 11.5158 5.41635 6.09942 4.29943 4.87241 1.7737 2.10326 3.20409 7.10469 2.15001
internal_count=872 730 569 320 249 124 125 47 104 69 259 142 161 91
is_linear=0
shrinkage=0.03


Tree=395
num_leaves=15
num_cat=0
split_feature=1 3 3 1 3 2 0 0 2 0 0 2 8 4
split_gain=0.489555 0.536327 0.762863 0.309248 0.518031 0.323806 0.271158 0.503199 0.379732 0.415582 0.294833 0.274495 0.30258 0.165293
threshold=11.520000000000005 3.1354791688768633 3.2178519956479041 14.910000000000004 3.6224734757334187 34.290000000000013 22.867916666666673 16.665000000000006 37.520000000000017 26.363333333333337 11.847500000000005 29.060000000000006 38.45000000000001 64.801358147137861
decision_type=2 2 2 2 2 2 2 2 2 2 2 2 2 2
left_child=6 -2 -3 5 -5 -4 7 10 -8 -10 -1 -9 13 -13
right_child=1 2 3 4 -6 -7 8 11 9 -11 -12 12 -14 -15
leaf_value=-0.0072913307834665238 -0.017754695007796861 0.0080891417222210237 -0.0081398598204926089 -0.019553382683787562 0.0047158452836007963 0.0054048288115615562 0.012251627900416501 0.0034431828645027467 -0.012518996282253532 0.0067944472556727871 0.010583192431497336 -6.7773803935466392e-05 0.003755816984533325 -0.01953154090361673
leaf_weight=0.31759911257541018 1.230338139052036 3.8356097796931845 2.1183601021766663 1.8531809848500418 0.63993574352934945 2.2768034189939499 4.1106479472946376 0.95504742389312047 0.7773895641730636 1.3448875563917679 2.5380921926989686 0.48171569680562276 0.47992545831948508 1.3055064824293365
leaf_count=198 83 33 21 71 7 21 54 25 44 20 165 57 11 76
internal_value=-0.000194722 -0.00433921 -0.00141695 -0.00706467 -0.0137572 -0.0014221 0.00385337 -0.000706898 0.00778314 -0.00202382 0.00721978 -0.00777809 -0.0121122 -0.0161919
internal_weight=24.265 11.9542 10.7239 6.88828 2.49312 4.39516 12.3108 6.07789 6.23293 2.12228 2.85569 3.2222 2.26715 1.78722
internal_count=886 236 153 120 78 42 650 532 118 64 363 169 144 133
is_linear=0
shrinkage=0.03


Tree=396
num_leaves=15
num_cat=0
split_feature=4 1 4 1 7 0 7 6 1 0 8 5 8 0
split_gain=0.518513 0.466742 0.384501 0.695967 0.341921 0.639982 0.318515 0.280989 0.349693 0.446916 0.275693 0.274757 0.196647 0.182666
threshold=65.382225570547163 17.870000000000008 69.112491173187792 5.8300000000000036 16.450000000000006 24.061250000000008 15.850000000000003 5.3500000000000014 12.440000000000007 23.111250000000009 29.750000000000004 6.7396569252014169 25.550000000000004 25.488750000000003
decision_type=2 2 2 2 2 2 2 2 2 2 2 2 2 2
left_child=1 4 -2 -4 10 -6 -5 8 -8 -10 12 -9 -1 -13
right_child=2 -3 3 6 5 -7 7 11 9 -11 -12 13 -14 -15
leaf_value=-0.0098138457691183036 0.011951498140937959 0.0096025079480862724 -0.015526596342906325 -0.0054011988033917492 -0.013514934830886536 0.011348056456697141 0.0063090124316945813 -0.0010416490289282528 0.0069648193147988698 -0.016492757756973377 -0.021453712622353578 0.004618983052910538 0.0051199807396462675 0.015639587462166715
leaf_weight=0.43255021510413205 3.94149082983495 0.64994004881009448 0.83668204406421764 1.897457408485933 0.63870061334455375 1.1646007213275877 1.6900829633232199 2.0124346846714598 0.45305424463003863 1.0165677492041139 1.1585607550805432 3.8426027375389822 0.84475402848329395 3.1027898852480575
leaf_count=79 89 5 227 30 79 17 39 28 5 51 40 74 36 44
internal_value=0.00240894 -0.00554621 0.00465415 0.00208571 -0.0092583 0.000862226 0.0041012 0.00588748 -0.00148249 -0.00936925 -0.014821 0.00837491 -0.00202596 0.0108911
internal_weight=23.6823 4.88911 18.7932 14.8517 4.23917 1.8033 14.015 12.1175 3.1597 1.46962 2.43586 8.95783 1.2773 6.94539
internal_count=843 256 587 498 251 96 271 241 95 56 155 146 115 118
is_linear=0
shrinkage=0.03


Tree=397
num_leaves=15
num_cat=0
split_feature=7 5 6 7 6 0 0 7 2 7 8 5 3 7
split_gain=0.633807 0.593437 0.595812 0.611121 0.549118 0.539691 0.603218 0.529325 0.455066 0.38361 0.55071 0.369154 0.292373 0.242291
threshold=26.650000000000006 68.76196670532228 5.5500000000000016 16.750000000000004 5.4500000000000011 25.331666666666667 27.402916666666673 14.150000000000004 30.850000000000001 24.150000000000006 53.850000000000009 93.900505065917983 2.4597047369412128 36.150000000000013
decision_type=2 2 2 2 2 2 2 2 2 2 2 2 2 2
left_child=1 2 -1 7 -2 8 -7 -4 -3 10 11 -10 -13 -6
right_child=4 5 3 -5 13 6 -8 -9 9 -11 -12 12 -14 -15
leaf_value=0.0054715961427309169 -0.0042689695745919054 0.006642788510419927 -0.013440799380477916 -0.025240908459314221 0.014129899835805999 0.012133576568775076 -0.0050293929231455823 0.0074907444571755254 0.0039988671469526199 0.0047353808373668893 0.0078391325595205379 0.0021807415415162619 -0.023537114960107755 0.00092848925645337818
leaf_weight=1.1010782127268672 2.4746439378213818 1.231803180417044 1.0705164573737422 1.6500508783792609 4.2518899066053564 4.1185238852922339 2.1818058083299547 1.3596299877390263 0.29294916131766635 0.73486980842426408 0.32311189174652089 0.27140082494588602 2.257009713925072 1.8372275355723102
leaf_count=14 123 87 32 43 98 71 36 14 7 12 1 44 153 146
internal_value=0.000277594 -0.00311202 -0.0106042 -0.0151655 0.00648384 0.00087004 0.00631526 -0.00296023 -0.00577714 -0.010274 -0.0140779 -0.0179825 -0.0209409 0.0108396
internal_weight=25.1565 16.5927 5.18128 4.0802 8.56376 11.4115 6.30033 2.43015 5.11114 3.87934 3.14447 2.82136 2.52841 6.08912
internal_count=881 514 103 89 367 411 107 46 304 217 205 204 197 244
is_linear=0
shrinkage=0.03


Tree=398
num_leaves=15
num_cat=0
split_feature=8 8 6 6 0 0 0 1 2 2 3 7 1 1
split_gain=0.53636 0.450256 0.523586 0.399031 0.356778 0.263326 0.245932 0.200358 0.13666 0.580426 0.166083 0.140803 0.125015 0.130302
threshold=34.95000000000001 36.250000000000007 6.3500000000000014 5.4500000000000011 27.402916666666673 11.847500000000005 24.177083333333339 12.380000000000004 36.810000000000009 38.030000000000008 3.076487356656846 12.450000000000001 13.190000000000005 14.230000000000002
decision_type=2 2 2 2 2 2 2 2 2 2 2 2 2 2
left_child=3 -2 -3 6 5 -5 -1 -8 11 -10 -11 -7 -9 -14
right_child=1 2 -4 4 -6 8 7 12 9 10 -12 -13 13 -15
leaf_value=-0.011072819794018789 -0.019086257971682442 0.0084036971939861274 -0.01108348385563789 -0.0074560986899495051 -0.0043345917653700751 -0.0032050696148026737 0.0094090292392161965 -0.0098538022801132417 -0.009875640808402239 -0.0013050378518247516 0.013645718172927682 0.0099092829095608695 0.0082314548002354691 -0.0049091556143979892
leaf_weight=1.5416996886633634 0.88086429354734663 1.7986169300274926 1.2299791597179135 0.32684905114729446 2.2849741361569604 0.33552836674789333 0.71927985362708602 0.46545249223709084 1.324230066413292 0.69630030341795679 1.4598462767899034 10.775087599817196 0.40757805574685335 0.40801607148023322
leaf_count=85 35 41 35 167 30 42 11 6 31 56 10 295 6 39
internal_value=0.00147502 -0.007556 -0.000297178 0.00344617 0.00531069 0.00696756 -0.00478488 0.00213667 0.00774817 0.0018747 0.00993383 0.0092813 -0.00428138 0.0025745
internal_weight=24.6543 3.90946 3.0286 20.7448 17.2028 14.9178 3.54203 2.00033 14.591 3.48038 2.15615 11.1106 1.28105 0.815594
internal_count=889 111 76 778 631 601 147 62 434 97 66 337 51 45
is_linear=0
shrinkage=0.03


Tree=399
num_leaves=15
num_cat=0
split_feature=4 6 5 5 4 5 4 6 1 6 6 2 5 5
split_gain=0.458531 0.447689 0.567083 0.435618 0.370404 0.559192 0.424672 0.76402 0.767251 0.351534 0.333797 0.538322 1.09308 0.373744
threshold=78.228560088089111 5.3500000000000014 204.7594909667969 2797.2810058593755 76.770342703194729 96.05206680297853 64.041897412055818 5.8500000000000014 15.800000000000004 5.1500000000000012 7.3500000000000014 38.030000000000008 320.95518493652349 239.35860443115237
decision_type=2 2 2 2 2 2 2 2 2 2 2 2 2 2
left_child=1 2 -1 9 5 6 -3 -8 -9 -2 11 12 -7 -12
right_child=3 4 -4 -5 -6 10 7 8 -10 -11 13 -13 -14 -15
leaf_value=0.0042718958127645678 0.0043863655089380216 0.0067728814914083278 -0.018196277839083171 0.0086278326302981091 0.013410867732134488 -0.012788745312327703 0.0045129591458820664 -0.02562084928630138 0.0041190784147453665 -0.016138766536622589 0.00666847047339227 0.016625309401913278 0.0092698789235983684 -0.014090103275426041
leaf_weight=1.4555614691344154 0.50874671226483759 1.2959171752154421 0.97846506821224455 0.41352075245231379 2.4642390806839094 1.9766421625390629 1.798619487963151 1.627745744888671 0.7622376779327168 2.2329365851765033 0.6447773171821598 3.035548931977246 5.420642937082448 0.66810958937276155
leaf_count=34 42 27 52 3 50 106 26 61 12 118 22 27 191 96
internal_value=0.00120633 0.00281337 -0.00742883 -0.00802899 0.004377 0.00242023 -0.00491729 -0.00914239 -0.0177188 -0.0121757 0.00596338 0.00774465 0.00255452 -0.00541993
internal_weight=25.2837 22.1285 2.43403 3.1552 19.6945 17.2302 5.48452 4.1886 2.38998 2.74168 11.7457 10.4328 7.39729 1.31289
internal_count=867 704 86 163 618 568 126 99 73 160 442 324 297 118
is_linear=0
shrinkage=0.03


end of trees

feature_importances:
Column_5=728
Column_4=679
Column_3=656
Column_2=616
Column_8=612
Column_1=610
Column_0=596
Column_7=574
Column_6=523

parameters:
[boosting: gbdt]
[objective: binary]
[metric: binary_logloss]
[tree_learner: serial]
[device_type: cpu]
[data_sample_strategy: bagging]
[data: ]
[valid: ]
[num_iterations: 400]
[learning_rate: 0.03]
[num_leaves: 15]
[num_threads: 4]
[seed: 20261004]
[deterministic: 0]
[force_col_wise: 0]
[force_row_wise: 0]
[histogram_pool_size: -1]
[max_depth: -1]
[min_data_in_leaf: 20]
[min_sum_hessian_in_leaf: 0.001]
[bagging_fraction: 0.8]
[pos_bagging_fraction: 1]
[neg_bagging_fraction: 1]
[bagging_freq: 1]
[bagging_seed: 5966]
[bagging_by_query: 0]
[feature_fraction: 0.8]
[feature_fraction_bynode: 1]
[feature_fraction_seed: 18294]
[extra_trees: 0]
[extra_seed: 9890]
[early_stopping_round: 0]
[early_stopping_min_delta: 0]
[first_metric_only: 0]
[max_delta_step: 0]
[lambda_l1: 0]
[lambda_l2: 1]
[linear_lambda: 0]
[min_gain_to_split: 0]
[drop_rate: 0.1]
[max_drop: 50]
[skip_drop: 0.5]
[xgboost_dart_mode: 0]
[uniform_drop: 0]
[drop_seed: 16051]
[top_rate: 0.2]
[other_rate: 0.1]
[min_data_per_group: 100]
[max_cat_threshold: 32]
[cat_l2: 10]
[cat_smooth: 10]
[max_cat_to_onehot: 4]
[top_k: 20]
[monotone_constraints: ]
[monotone_constraints_method: basic]
[monotone_penalty: 0]
[feature_contri: ]
[forcedsplits_filename: ]
[refit_decay_rate: 0.9]
[cegb_tradeoff: 1]
[cegb_penalty_split: 0]
[cegb_penalty_feature_lazy: ]
[cegb_penalty_feature_coupled: ]
[path_smooth: 0]
[interaction_constraints: ]
[verbosity: -1]
[saved_feature_importance_type: 0]
[use_quantized_grad: 0]
[num_grad_quant_bins: 4]
[quant_train_renew_leaf: 0]
[stochastic_rounding: 1]
[linear_tree: 0]
[max_bin: 255]
[max_bin_by_feature: ]
[min_data_in_bin: 3]
[bin_construct_sample_cnt: 200000]
[data_random_seed: 5360]
[is_enable_sparse: 1]
[enable_bundle: 1]
[use_missing: 1]
[zero_as_missing: 0]
[feature_pre_filter: 1]
[pre_partition: 0]
[two_round: 0]
[header: 0]
[label_column: ]
[weight_column: ]
[group_column: ]
[ignore_column: ]
[categorical_feature: ]
[forcedbins_filename: ]
[precise_float_parser: 0]
[parser_config_file: ]
[objective_seed: 20746]
[num_class: 1]
[is_unbalance: 0]
[scale_pos_weight: 1]
[sigmoid: 1]
[boost_from_average: 1]
[reg_sqrt: 0]
[alpha: 0.9]
[fair_c: 1]
[poisson_max_delta_step: 0.7]
[tweedie_variance_power: 1.5]
[lambdarank_truncation_level: 30]
[lambdarank_norm: 1]
[label_gain: ]
[lambdarank_position_bias_regularization: 0]
[eval_at: ]
[multi_error_top_k: 1]
[auc_mu_weights: ]
[num_machines: 1]
[local_listen_port: 12400]
[time_out: 120]
[machine_list_filename: ]
[machines: ]
[gpu_platform_id: -1]
[gpu_device_id: -1]
[gpu_device_id_list: ]
[gpu_use_dp: 0]
[num_gpu: 1]

end of parameters

pandas_categorical:null
