tree
version=v4
num_class=1
num_tree_per_iteration=1
label_index=0
max_feature_idx=8
objective=binary sigmoid:1
feature_names=Column_0 Column_1 Column_2 Column_3 Column_4 Column_5 Column_6 Column_7 Column_8
feature_infos=[-9.4991666666666656:32.002500000000005] [-31.839999999999996:25.400000000000002] [6.9000000000000004:49.760000000000005] [0.15228834438305647:3.8410765236843449] [14.728267187143638:97.60422994372415] [-5:6030.8134765625] [3.8000000000000003:9] [0.20000000000000001:361.60000000000002] [1.4000000000000001:63.5]
tree_sizes=1713 1719 1714 1716 1716 1718 1722 1727 1713 1722 1717 1712 1715 1722 1712 1718 1717 1718 1713 1726 1724 1716 1726 1722 1717 1720 1717 1712 1729 1725 1721 1725 1728 1723 1728 1722 1719 1727 1735 1723 1735 1721 1725 1722 1721 1730 1724 1724 1717 1727 1725 1732 1730 1734 1733 1732 1721 1731 1734 1729 1732 1737 1731 1727 1739 1729 1732 1734 1738 1737 1740 1739 1734 1734 1737 1731 1725 1734 1743 1734 1727 1737 1738 1722 1733 1727 1720 1731 1737 1738 1741 1737 1731 1734 1738 1733 1736 1737 1728 1730 1732 1728 1736 1740 1721 1741 1741 1747 1746 1736 1736 1737 1737 1740 1742 1727 1729 1731 1736 1740 1730 1733 1741 1739 1738 1731 1743 1733 1735 1729 1744 1738 1722 1739 1741 1726 1740 1735 1738 1743 1740 1733 1744 1730 1725 1742 1728 1735 1740 1729 1727 1712 1730 1733 1719 1731 1730 1727 1704 1731 1736 1733 1715 1731 1720 1718 1721 1724 1734 1736 1737 1735 1718 1720 1742 1732 1729 1730 1727 1706 1742 1723 1724 1735 1731 1749 1717 1715 1727 1743 1727 1734 1717 1731 1740 1738 1736 1742 1731 1728 1715 1717 1728 1728 1730 1735 1737 1731 1746 1740 1743 1730 1729 1742 1728 1718 1724 1722 1740 1712 1734 1724 1741 1712 1722 1713 1737 1740 1731 1739 1715 1713 1734 1719 1716 1737 1734 1718 1740 1719 1720 1733 1728 1714 1724 1725 1709 1717 1746 1738 1739 1733 1720 1728 1745 1723 1727 1742 1732 1730 1738 1728 1734 1725 1730 1728 1737 1737 1735 1709 1720 1729 1732 1724 1717 1737 1732 1722 1729 1725 1733 1725 1733 1715 1713 1715 1722 1730 1726 1733 1731 1737 1734 1721 1726 1718 1732 1710 1726 1708 1708 1715 1716 1729 1716 1711 1719 1730 1723 1731 1726 1730 1730 1723 1740 1721 1732 1720 1712 1698 1720 1736 1706 1736 1710 1728 1745 1714 1706 1725 1729 1725 1701 1711 1733 1722 1721 1716 1723 1720 1722 1729 1712 1725 1719 1720 1726 1710 1730 1709 1713 1732 1723 1719 1714 1727 1715 1732 1735 1708 1732 1727 1727 1728 1729 1723 1726 1714 1714 1704 1735 1713 1706 1742 1725 1731 1717 1723 1725 1731 1718 1727 1727 1731 1735 1734 1729 1719 1734 1733 1719 1717 1731 1729 1718 1719 1727 1721 1717 1715

Tree=0
num_leaves=15
num_cat=0
split_feature=0 4 6 0 5 4 2 0 6 1 4 4 4 6
split_gain=4362.2 1322.36 290.301 163.116 130.027 76.3897 66.4961 58.6458 65.885 58.6189 57.5218 52.0938 39.2452 32.4135
threshold=16.071666666666676 51.52323026148288 4.8500000000000014 12.975000000000003 93.225387573242202 43.609869093628589 30.820000000000004 18.858333333333338 5.9500000000000011 6.6400000000000032 70.43227364384741 59.095324993640006 81.447273021155254 5.6500000000000012
decision_type=2 2 2 2 2 2 2 2 2 2 2 2 2 2
left_child=3 5 12 -1 9 -2 -6 -8 10 13 -9 -10 -3 -4
right_child=1 2 4 -5 6 -7 7 8 11 -11 -12 -13 -14 -15
leaf_value=-0.056398206299820411 -0.046626580295089468 -0.035751090714057236 0.043710114268246031 -0.027659084982401265 0.041815907389686442 -0.012522341628590597 -0.0022171646146684171 -0.0016460230333554698 0.01738781869111557 0.050129791400491598 0.026870379949282399 0.042507622343364387 0.0097746896143166093 0.0065132164449408737
leaf_weight=806.53346157073975 188.70626997947693 54.251759469509125 37.395034611225128 231.904720723629 309.37156265974045 87.217736423015594 64.340070486068726 100.48901838064194 103.80105698108673 623.31890732049942 172.20046496391296 279.89100754261017 24.118455648422241 47.69477766752243
leaf_count=4056 916 253 119 1045 1001 369 260 405 382 1923 604 902 92 185
internal_value=0.000226663 0.0251674 0.0344608 -0.050013 0.0370078 -0.0359306 0.0301455 0.0250849 0.0277604 0.0469298 0.0163942 0.0357748 -0.0217939 0.0231782
internal_weight=3131.23 2092.8 1816.87 1038.44 1738.5 275.924 1030.09 720.722 656.382 708.409 272.689 383.692 78.3702 85.0898
internal_count=12512 7411 6126 5101 5781 1285 3554 2553 2293 2227 1009 1284 345 304
is_linear=0
shrinkage=1


Tree=1
num_leaves=15
num_cat=0
split_feature=0 4 6 1 4 0 4 6 6 0 3 3 7 7
split_gain=4054.02 1225.04 256.679 258.876 88.9905 83.1055 69.9376 58.15 56.6696 40.9757 40.5039 38.7772 34.8484 33.0694
threshold=14.886666666666672 51.52323026148288 4.8500000000000014 6.5100000000000025 67.387608604645877 12.863333333333339 43.609869093628589 5.9500000000000011 5.1500000000000012 16.419166666666673 2.642306202326433 2.7710286338936094 29.550000000000004 35.850000000000009
decision_type=2 2 2 2 2 2 2 2 2 2 2 2 2 2
left_child=5 6 12 9 7 -1 -2 -5 13 -4 -9 -11 -3 -6
right_child=1 2 3 4 8 -7 -8 10 -10 11 -12 -13 -14 -15
leaf_value=-0.05517580882214275 -0.04555663280978358 -0.037295282048053387 -0.0095568377715130933 0.0061755323416150523 0.0029251541282190284 -0.031721209909633841 -0.013730660984262143 0.008044610818519907 0.046057875087858614 -0.0082149390697347034 0.038020935172788414 0.022009012923301537 0.0035089633022194113 0.036443023058288358
leaf_weight=796.52083665132523 189.6344742923975 47.118141114711761 80.477243587374687 93.019063532352448 44.536410197615623 169.84222453832626 93.890601441264153 48.805649250745773 969.94900541007519 48.468546062707901 258.9974998831749 171.85627998411655 30.692969709634781 65.073109328746796
leaf_count=4015 922 222 337 361 175 781 400 187 3044 201 851 616 121 215
internal_value=-0.000111641 0.0228951 0.0317547 0.0340857 0.0392388 -0.0510906 -0.0351026 0.0270434 0.0437375 0.00867903 0.0333093 0.0153531 -0.0213596 0.0229737
internal_weight=3108.88 2142.52 1858.99 1781.18 1480.38 966.363 283.525 400.822 1079.56 300.802 307.803 220.325 77.8111 109.61
internal_count=12448 7652 6330 5987 4833 4796 1322 1399 3434 1154 1038 817 343 390
is_linear=0
shrinkage=0.03


Tree=2
num_leaves=15
num_cat=0
split_feature=0 4 6 0 1 5 4 3 6 4 0 3 7 4
split_gain=3815.69 1230.62 260.73 155.948 119.642 87.7786 75.9844 37.5743 45.9016 51.8747 49.7417 30.1884 28.0751 27.0757
threshold=16.071666666666676 51.52323026148288 4.8500000000000014 12.975000000000003 6.5100000000000025 141.40375518798831 43.609869093628589 2.642306202326433 5.9500000000000011 69.712157324139582 24.363333333333337 2.651404005585706 32.650000000000013 59.731249265989725
decision_type=2 2 2 2 2 2 2 2 2 2 2 2 2 2
left_child=3 6 12 -1 11 -6 -2 13 9 10 -9 -4 -3 -7
right_child=1 2 4 -5 5 7 -8 8 -10 -11 -12 -13 -14 -15
leaf_value=-0.05350110429790203 -0.045255919266240417 -0.033031802919380286 -0.014406678183252926 -0.025504499218610154 0.045643928783076521 -0.031785651225660919 -0.011319261034508242 0.021867237095252338 0.040130947022937728 0.031889010795884999 -0.020293405041397636 0.019096218275693543 0.0040543073300968431 0.02602600101545172
leaf_weight=794.93551363050938 194.7695529460907 52.23040845990181 26.46717657148838 234.78301911056042 724.55243779718876 13.892034113407137 86.417497247457504 72.039505004882812 347.68950283527374 272.63790673017502 37.511142551898956 218.89211128652096 27.747582152485847 13.299162060022352
leaf_count=4014 952 243 113 1056 2265 64 365 258 1123 922 164 795 109 46
internal_value=8.53694e-05 0.0233891 0.0324744 -0.0471486 0.0349276 0.0381424 -0.0349032 0.0309124 0.0322009 0.0249008 0.00737807 0.0154384 -0.020274 -0.00358988
internal_weight=3117.86 2088.15 1806.96 1029.72 1726.98 1481.62 281.187 757.069 729.878 382.189 109.551 245.359 79.978 27.1912
internal_count=12489 7419 6102 5070 5750 4842 1317 2577 2467 1344 422 908 352 110
is_linear=0
shrinkage=0.03


Tree=3
num_leaves=15
num_cat=0
split_feature=0 3 6 5 0 5 0 1 7 6 7 7 0 1
split_gain=3654.42 964.421 252.255 176.613 134.13 118.462 79.7891 52.7996 52.3689 41.2231 48.3523 39.3892 32.661 33.2607
threshold=15.874583333333337 2.651404005585706 4.8500000000000014 71.59177398681642 12.975000000000003 137.14272308349612 17.937500000000007 4.4600000000000053 9.2500000000000018 5.6500000000000012 20.750000000000004 32.150000000000013 24.18458333333334 18.910000000000011
decision_type=2 2 2 2 2 2 2 2 2 2 2 2 2 2
left_child=4 3 11 -2 -1 6 -4 -7 -5 10 -9 -3 -12 -14
right_child=1 2 5 8 -6 7 -8 9 -10 -11 12 -13 13 -15
leaf_value=-0.05213517789309717 0.023379025396562381 -0.036765865563728045 0.0063713606337191921 -0.044355975858317583 -0.025751342708038846 0.0034525168703115668 0.045218570273501214 -0.00081525465101934549 -0.016343225221736552 0.033755188211675884 0.036544943322491093 0.0075420735827960812 -0.012922259233444052 0.025432318643515018
leaf_weight=802.15199206769466 56.237642496824265 50.15120442211628 51.351695626974106 176.03267405927181 225.22017979621887 81.315144062042236 715.5343211889267 76.678491473197937 93.45996381342411 541.20716799795628 128.22125631570816 27.453931510448456 29.661912694573402 60.485023558139801
leaf_count=4066 200 238 198 861 1018 319 2233 306 404 1810 421 106 125 211
internal_value=-8.8182e-05 0.0227036 0.0314687 -0.0246628 -0.046382 0.0339061 0.042629 0.0265773 -0.0347375 0.028819 0.0196812 -0.0211948 0.0268492 0.0128088
internal_weight=3115.16 2087.79 1762.06 325.73 1027.37 1684.46 766.886 917.569 269.493 836.254 295.047 77.6051 218.368 90.1469
internal_count=12516 7432 5967 1465 5084 5623 2431 3192 1265 2873 1063 344 757 336
is_linear=0
shrinkage=0.03


Tree=4
num_leaves=15
num_cat=0
split_feature=0 4 6 0 4 4 5 3 6 0 0 5 0 6
split_gain=3428.34 1073.36 205.6 127.575 118.427 61.0606 58.8604 40.7917 51.9715 40.0924 38.024 37.6545 37.0077 34.1554
threshold=15.874583333333337 51.52323026148288 4.8500000000000014 12.863333333333339 69.333559734644339 43.609869093628589 105.31360626220705 2.651404005585706 5.9500000000000011 17.441666666666674 24.363333333333337 214.89668273925784 18.076250000000005 5.1500000000000012
decision_type=2 2 2 2 2 2 2 2 2 2 2 2 2 2
left_child=3 5 -3 -1 7 -2 12 -4 10 -10 -9 -12 -6 -8
right_child=1 2 4 -5 6 -7 13 8 9 -11 11 -13 -14 -15
leaf_value=-0.050614396983483176 -0.042843454611692137 -0.01737061573595225 0.0028863660646439374 -0.025639828307245396 0.010756489754801618 -0.012336532603267265 0.010199411176254834 0.020651989497934137 0.0022902344329865996 0.034358079985441714 0.025279718327960131 -0.028382249850729468 0.046910070095455149 0.034087017951183463
leaf_weight=786.56673249602318 185.23392234742641 76.281386286020279 81.313024654984474 244.71775239706039 27.388701885938644 88.000546455383301 63.748380422592163 122.648566365242 38.861988097429276 375.16696681082249 16.987796917557716 33.332644164562225 571.60156089067459 388.77712528407574
leaf_count=4004 909 334 320 1111 103 374 240 440 153 1244 59 151 1759 1291
internal_value=-5.85679e-05 0.0222092 0.0306368 -0.0447187 0.0327749 -0.0330989 0.0390615 0.0228401 0.0255946 0.0313609 0.011691 -0.0101268 0.0452776 0.0307518
internal_weight=3100.63 2069.34 1796.11 1031.28 1719.83 273.234 1051.52 668.311 586.998 414.029 172.969 50.3204 598.99 452.526
internal_count=12492 7377 6094 5115 5760 1283 3393 2367 2047 1397 650 210 1862 1531
is_linear=0
shrinkage=0.03


Tree=5
num_leaves=15
num_cat=0
split_feature=0 4 6 0 4 0 4 6 6 3 0 3 2 2
split_gain=3226.21 961.286 183.191 185.128 88.7612 69.2862 60.7636 45.4039 40.7699 46.4902 36.6265 27.1603 29.712 24.3139
threshold=14.886666666666672 51.52323026148288 4.8500000000000014 17.441666666666674 68.519455731800122 12.863333333333339 45.179205572078843 5.1500000000000012 5.9500000000000011 2.651404005585706 23.400000000000009 2.900896697867327 29.060000000000009 29.430000000000003
decision_type=2 2 2 2 2 2 2 2 2 2 2 2 2 2
left_child=5 6 -3 13 8 -1 -2 -6 10 -10 -5 -7 -13 -4
right_child=1 2 3 4 7 11 -8 -9 9 -11 -12 12 -14 -15
leaf_value=-0.049420057002104445 -0.039808199430624268 -0.01762098633054425 0.018068751691957676 0.023424902827869031 0.021025877329406566 -0.04235361941043074 -0.0082846318107507207 0.040931694389389366 0.0054290271632879573 0.032781355125439837 -0.0072909728096740897 -0.036581596303758755 -0.0036981103689193232 -0.0060788607031529839
leaf_weight=773.91820913553238 200.95873822271824 73.664887651801109 52.756105735898018 77.45420815050602 119.52222582697868 69.450657486915588 76.498288467526436 945.3976349234581 66.694846227765083 360.26301124691963 62.320115923881531 42.24529804289341 58.354544043540955 123.33361993730068
leaf_count=3964 981 324 193 273 425 339 320 3010 259 1202 257 202 243 509
internal_value=0.000642566 0.0208699 0.0285581 0.0304486 0.0336006 -0.0455907 -0.0311777 0.0387194 0.0239309 0.0285313 0.00977534 -0.0279761 -0.0177311 0.00121689
internal_weight=3102.83 2158.86 1881.41 1807.74 1631.65 943.969 277.457 1064.92 566.732 426.958 139.774 170.05 100.6 176.09
internal_count=12501 7753 6452 6128 5426 4748 1301 3435 1991 1461 530 784 445 702
is_linear=0
shrinkage=0.03


Tree=6
num_leaves=15
num_cat=0
split_feature=0 4 6 0 1 4 4 6 6 4 7 1 2 7
split_gain=3057.12 935.235 183.746 115.029 113.593 66.7379 65.3097 48.4293 36.9126 34.3549 30.2495 29.4981 26.9449 26.9084
threshold=15.874583333333337 51.52323026148288 4.8500000000000014 14.127500000000005 6.5100000000000025 43.609869093628589 68.519455731800122 5.9500000000000011 5.1500000000000012 59.095324993640006 32.650000000000013 5.4200000000000044 30.820000000000004 29.350000000000005
decision_type=2 2 2 2 2 2 2 2 2 2 2 2 2 2
left_child=3 5 10 11 -4 -2 7 12 13 -9 -3 -1 -6 -8
right_child=1 2 4 -5 6 -7 8 9 -10 -11 -12 -13 -14 -15
leaf_value=-0.04691534273284019 -0.040454582354553507 -0.030278987542629074 0.012819261333133205 -0.016173874961686353 0.032734167870542188 -0.0089915202939825495 -0.00066582282971317376 0.014521873616172297 0.040544554898748246 0.036106134611995938 0.0084382201339480243 0.027486308882549309 -0.0014064867003786548 0.031403556207457016
leaf_weight=872.78772449493408 186.04716137051582 48.895127311348915 264.49230523407459 130.45994831621647 26.779933914542198 90.834012731909752 33.300883769989014 93.542760789394379 897.31654988229275 245.32835695147514 27.988308608531952 4.2174949049949637 82.566974684596062 79.065140560269356
leaf_count=4466 920 229 985 573 89 382 132 344 2859 802 108 15 331 265
internal_value=0.000239837 0.0210464 0.0289452 -0.0426161 0.0309712 -0.0302023 0.0342532 0.0246177 0.038502 0.0302082 -0.0162572 -0.0465266 0.00717571 0.0219774
internal_weight=3083.62 2076.16 1799.28 1007.47 1722.39 276.881 1457.9 448.218 1009.68 338.871 76.8834 877.005 109.347 112.366
internal_count=12500 7446 6144 5054 5807 1302 4822 1566 3256 1146 337 4481 420 397
is_linear=0
shrinkage=0.03


Tree=7
num_leaves=15
num_cat=0
split_feature=2 3 5 5 8 8 5 7 3 6 6 3 2 4
split_gain=1309.92 984.081 225.619 188.227 178.951 110.984 104.419 92.8961 75.9414 54.4642 53.1283 42.2263 37.6611 36.9727
threshold=27.400000000000006 2.7783611081292183 91.324592590332045 73.579509735107436 30.450000000000006 31.950000000000006 615.99639892578136 16.550000000000004 2.4527214424105277 4.7500000000000009 4.7500000000000009 3.0986437255964669 25.390000000000008 69.573421968147827
decision_type=2 2 2 2 2 2 2 2 2 2 2 2 2 2
left_child=4 3 9 -2 12 7 11 -4 -5 -3 -7 -6 -1 -14
right_child=1 2 5 8 6 10 -8 -9 -10 -11 -12 -13 13 -15
leaf_value=-0.046438832181108954 0.016045188883688718 -0.012270295580535098 0.020144753433895872 -0.043084660577375172 -0.04057374481242939 -0.029816354327343739 0.026344125481185952 -0.0028421686718447686 -0.019313598196080146 0.037386581465842714 0.028453994331287622 0.02578164636238672 -0.0020672956976398259 -0.036206683552679822
leaf_weight=422.03108759224415 95.833820074796677 20.050281494855881 260.05040530860424 216.26995848119259 49.103722125291824 13.843026012182234 60.306086719036102 401.17575171589851 279.93387731909752 660.57903185486794 379.69141787290573 9.7101451158523542 34.901781663298607 159.05424249172211
leaf_count=2181 357 87 933 1082 249 65 212 1641 1256 2154 1303 34 147 783
internal_value=3.00598e-05 0.0110582 0.0224496 -0.0223141 -0.0348537 0.0137393 -0.00117978 0.00621501 -0.02974 0.0359079 0.0263339 -0.0293706 -0.0413531 -0.0301055
internal_weight=3062.53 2327.43 1735.39 592.038 735.107 1054.76 119.12 661.226 496.204 680.629 393.534 58.8139 615.987 193.956
internal_count=12484 8878 6183 2695 3606 3942 495 2574 2338 2241 1368 283 3111 930
is_linear=0
shrinkage=0.03


Tree=8
num_leaves=15
num_cat=0
split_feature=0 4 6 0 4 4 5 6 2 6 3 8 5 0
split_gain=2790.37 880.814 156.88 133.184 95.4941 54.935 44.4222 41.496 36.0577 39.7581 56.7971 32.6426 30.7748 28.1379
threshold=16.071666666666676 51.52323026148288 4.8500000000000014 14.002083333333339 69.333559734644339 43.609869093628589 101.40663146972658 5.1500000000000012 30.340000000000003 6.1500000000000012 2.8658557846014054 30.350000000000005 170.41458129882815 16.999583333333341
decision_type=2 2 2 2 2 2 2 2 2 2 2 2 2 2
left_child=3 5 -3 -1 8 -2 13 -8 -4 12 -11 -5 -10 -6
right_child=1 2 4 11 6 -7 7 -9 9 10 -12 -13 -14 -15
leaf_value=-0.045157702722158091 -0.03866759597397023 -0.015011066573803722 0.038071294482123749 -0.023503841286047638 -0.012456336208230837 -0.0098529939295195334 0.0058377912653270114 0.032014396989707851 0.025535083536991514 0.010952594242275729 0.034010648228791789 0.0067268208105747867 -0.0016292739466132935 0.04180365285715798
leaf_weight=857.79585634171963 187.59016664326191 72.5469701141119 94.334214404225349 112.21447092294693 8.3189275711774808 88.278219059109688 63.965349182486534 388.17945592105389 52.015150010585785 179.9574987590313 208.8649926930666 44.368922591209412 128.18117371201515 580.67076471447945
leaf_count=4449 938 318 305 510 35 374 245 1297 180 676 690 176 512 1838
internal_value=0.000168764 0.0202808 0.0280235 -0.040514 0.0298629 -0.0295158 0.035541 0.0283322 0.0209111 0.0180044 0.0233942 -0.0149495 0.00630959 0.0410175
internal_weight=3067.28 2052.9 1777.03 1014.38 1704.49 275.868 1041.13 452.145 663.353 569.019 388.822 156.583 180.196 588.99
internal_count=12543 7408 6096 5135 5778 1312 3415 1542 2363 2058 1366 686 692 1873
is_linear=0
shrinkage=0.03


Tree=9
num_leaves=15
num_cat=0
split_feature=0 4 1 6 0 4 7 6 0 4 4 2 6 7
split_gain=2640.08 808.341 173.913 194.709 63.2635 57.7253 43.3218 39.9436 34.4058 32.1563 31.8548 28.4304 28.1315 39.9204
threshold=14.76041666666667 50.844238806043201 6.5100000000000025 4.9500000000000011 12.975000000000003 68.519455731800122 32.150000000000013 5.7500000000000009 17.156666666666677 59.095324993640006 43.609869093628589 30.690000000000008 5.2500000000000009 21.950000000000006
decision_type=2 2 2 2 2 2 2 2 2 2 2 2 2 2
left_child=4 10 8 6 -1 7 -4 11 -3 -9 -2 -5 13 -7
right_child=1 2 3 5 -6 12 -8 9 -10 -11 -12 -13 -14 -15
leaf_value=-0.045903496251594615 -0.036889700704671347 -0.0060746929871066729 -0.027833806131334925 0.034212934647108333 -0.024287634731137393 -0.017444661312446912 0.011072231430812027 0.013806261646421111 0.013732158177604184 0.033288159842138842 -0.014530648114059927 -0.0055976925309605451 0.038863752623360011 0.030026389193755512
leaf_weight=770.28992134332657 185.66644090414047 135.78771585226059 55.874712780117989 20.765738114714622 149.18200223147869 17.550182357430458 46.311518758535385 108.58792990446091 186.02071967720985 273.02019891142845 85.546007439494133 61.722539335489273 823.51969322562218 126.93260771036148
leaf_count=4072 931 563 260 68 691 75 175 401 687 907 371 252 2654 429
internal_value=2.35676e-05 0.0183828 0.0254526 0.0296562 -0.0424266 0.0325099 -0.0102649 0.0237116 0.00538169 0.0277951 -0.0299165 0.00471405 0.0366993 0.0241799
internal_weight=3046.78 2127.31 1856.09 1534.29 919.472 1432.1 102.186 464.096 321.808 381.608 271.212 82.4883 968.002 144.483
internal_count=12536 7773 6471 5221 4763 4786 435 1628 1250 1308 1302 320 3158 504
is_linear=0
shrinkage=0.03


Tree=10
num_leaves=15
num_cat=0
split_feature=0 7 6 1 0 5 2 6 6 7 6 1 8 7
split_gain=2466.5 569.706 159.848 159.291 123.876 112.401 59.556 57.1417 50.5676 44.8635 37.4113 36.648 27.823 26.897
threshold=16.071666666666676 7.2500000000000009 4.7500000000000009 6.7800000000000056 12.975000000000003 141.40375518798831 30.820000000000004 7.2500000000000009 5.5500000000000016 26.950000000000006 7.6500000000000012 4.700000000000002 31.350000000000005 4.8500000000000014
decision_type=2 2 2 2 2 2 2 2 2 2 2 2 2 2
left_child=4 13 -3 7 -1 -5 -7 -4 9 12 -10 -9 -8 -2
right_child=1 2 3 5 -6 6 8 11 10 -11 -12 -13 -14 -15
leaf_value=-0.044647221922178293 -0.039990831577566527 -0.025781557144853293 0.014445830266782048 0.038696553721987055 -0.019727557986845792 0.034822144375522467 -0.028115869044470047 -0.032236177795307533 0.02433306170602708 0.020279888555358307 -0.01113536269773174 0.0058703495111387264 0.0087723115022265222 -0.016651748152165812
leaf_weight=756.2196643948555 110.537203758955 55.021424263715744 221.30826008319855 694.49878057837486 238.48451781272888 225.36403430998325 48.313394129276276 45.955601051449776 366.34322348237038 57.791473343968391 28.305553987622261 43.489563181996346 28.743531912565231 77.69035030901432
leaf_count=4035 564 255 817 2249 1081 742 218 217 1284 206 121 172 109 350
internal_value=-0.000104542 0.0190677 0.0242215 0.0257983 -0.0386984 0.0299752 0.0219107 0.00628358 0.0163601 0.0004911 0.0217674 -0.0138482 -0.0144199 -0.0304966
internal_weight=2998.07 2003.36 1815.13 1760.11 994.704 1449.36 754.861 310.753 529.497 134.848 394.649 89.4452 77.0569 188.228
internal_count=12420 7304 6390 6135 5116 4929 2680 1206 1938 533 1405 389 327 914
is_linear=0
shrinkage=0.03


Tree=11
num_leaves=15
num_cat=0
split_feature=0 4 0 6 5 3 6 7 4 4 4 7 0 0
split_gain=2395.17 705.036 159.013 160.1 83.8747 59.098 45.9399 39.6924 39.5867 35.7394 28.5753 24.3279 23.7801 20.2031
threshold=14.487916666666672 50.844238806043201 17.441666666666674 4.8500000000000014 93.225387573242202 2.651404005585706 5.6500000000000012 22.750000000000004 43.609869093628589 82.641135806248585 66.710658598283672 8.2500000000000018 12.863333333333339 23.612500000000008
decision_type=2 2 2 2 2 2 2 2 2 2 2 2 2 2
left_child=12 8 -3 9 11 10 7 13 -2 -4 -6 -5 -1 -7
right_child=1 2 3 4 5 6 -8 -9 -10 -11 -12 -13 -14 -15
leaf_value=-0.044172739830053882 -0.035929492375730593 -0.0013770446150521936 -0.026773693357536921 -0.0075289150494049868 -0.01912146659801223 0.013060060460470473 0.03005728731530917 0.023290891902638954 -0.010753880843917915 0.026243171495678119 0.035329021632206851 0.037900431756100826 -0.029836763049066684 -0.012429020932329168
leaf_weight=737.71806132793427 186.09541286528111 202.60114403069019 58.737833946943283 10.481292873620985 41.51132495701313 58.694868832826614 554.30119447410107 212.25998535752296 81.95253124833107 13.30625134706497 9.9324597120285016 631.57835921645164 132.02122996747494 51.69536954164505
leaf_count=3987 946 824 274 43 181 217 1876 745 351 47 32 2059 635 217
internal_value=-0.000158961 0.0170876 0.0236932 0.0267846 0.0287914 0.0229783 0.0248106 0.0157321 -0.0283009 -0.0167565 -0.0081353 0.0371483 -0.0420334 0.00111919
internal_weight=2982.89 2113.15 1845.1 1642.5 1570.45 928.395 876.951 322.65 268.048 72.0441 51.4438 642.06 869.739 110.39
internal_count=12434 7812 6515 5691 5370 3268 3055 1179 1297 321 213 2102 4622 434
is_linear=0
shrinkage=0.03


Tree=12
num_leaves=15
num_cat=0
split_feature=0 4 6 0 1 4 4 6 2 4 6 2 3 2
split_gain=2279.56 728.618 154.707 114.493 91.3924 53.3577 44.1456 36.4101 33.2842 30.0998 27.389 33.3022 29.1155 23.9259
threshold=16.071666666666676 51.52323026148288 4.8500000000000014 12.975000000000003 6.5100000000000025 67.387608604645877 43.609869093628589 5.2500000000000009 35.910000000000011 82.641135806248585 6.1500000000000012 33.210000000000015 2.642306202326433 22.830000000000009
decision_type=2 2 2 2 2 2 2 2 2 2 2 2 2 2
left_child=3 6 9 -1 -4 10 -2 8 -7 -3 11 -6 -12 -5
right_child=1 2 4 13 5 7 -8 -9 -10 -11 12 -13 -14 -15
leaf_value=-0.043446131785688728 -0.036131944258176625 -0.025942273005711475 0.010447605165583792 0.028835769788848158 0.023807414939534557 0.024216624095165836 -0.010066890782082057 0.036534875839871549 -0.035067580009837146 0.022573909016270793 0.0046539714279776453 -0.0069597617522810865 0.030782787847250984 -0.021224236935627916
leaf_weight=739.14829735457897 180.21901094913483 60.227081581950188 247.28645496070385 8.0859580636024457 65.092616766691208 167.6429138481617 87.813455551862717 839.32842451334 8.1193406432867032 13.356089428067206 46.965020895004272 60.099096029996872 219.14767397940159 230.22064088284969
leaf_count=4042 927 282 928 29 228 587 375 2762 38 48 182 246 739 1059
internal_value=-0.000101058 0.0182846 0.0254263 -0.0376124 0.0273211 0.0302784 -0.0276616 0.0339197 0.0212951 -0.0169515 0.0207702 0.00909932 0.0262061 -0.0194123
internal_weight=2972.75 1995.3 1727.26 977.455 1653.68 1406.4 268.032 1015.09 175.762 73.5832 391.304 125.192 266.113 238.307
internal_count=12472 7342 6040 5130 5710 4782 1302 3387 625 330 1395 474 921 1088
is_linear=0
shrinkage=0.03


Tree=13
num_leaves=15
num_cat=0
split_feature=0 4 0 5 2 0 3 2 3 8 5 3 2 5
split_gain=2112.39 665.895 122.206 99.4861 79.7463 51.7878 43.2423 43.175 37.4486 27.3743 24.4755 19.8283 20.5292 36.3738
threshold=14.76041666666667 51.52323026148288 17.441666666666674 45.020414352416999 32.190000000000012 12.863333333333339 2.4527214424105277 38.530000000000015 2.6021685492086104 32.750000000000007 69.518280029296889 2.9144859585750433 29.430000000000003 1520.543395996094
decision_type=2 2 2 2 2 2 2 2 2 2 2 2 2 2
left_child=5 8 -3 -4 -5 -1 -6 9 10 -8 -2 -7 13 -13
right_child=1 2 3 4 6 11 7 -9 -10 -11 -12 12 -14 -15
leaf_value=-0.042558583903259825 0.0040248154147348612 -0.00094495975003556685 0.036974151237082385 0.030531146057548163 -0.029794702319395541 -0.035253354629344952 0.0079487134270279664 0.033365036103138374 -0.0079629573479004546 0.022114449309212102 -0.03670117467045253 -0.040490141964184906 0.00070605835728627866 0.031038343318947288
leaf_weight=719.74758149683475 14.079639032483099 173.76975627243519 481.4914375692606 450.50885194540024 18.564240083098412 68.272859528660774 400.59370847046375 103.24924556910992 67.639131769537926 177.40886031091213 188.68955747783184 35.319489449262619 44.914065465331078 6.9920974671840659
leaf_count=3986 58 704 1593 1529 85 341 1535 344 292 634 974 180 190 25
internal_value=-8.8518e-05 0.0163914 0.0229674 0.0255128 0.0206875 -0.0391513 0.0143161 0.01556 -0.027441 0.0123273 -0.0338674 -0.0232092 -0.0134893 -0.0282262
internal_weight=2951.24 2075.99 1805.59 1631.82 1150.32 875.246 699.816 681.252 270.408 578.003 202.769 155.499 87.2257 42.3116
internal_count=12470 7748 6424 5720 4127 4722 2598 2513 1324 2169 1032 736 395 205
is_linear=0
shrinkage=0.03


Tree=14
num_leaves=15
num_cat=0
split_feature=0 4 6 0 1 5 4 2 6 4 7 7 4 1
split_gain=2090.32 610.195 127.126 103.744 86.182 65.5797 42.085 35.0438 51.3585 29.8247 28.1139 21.8293 20.7347 20.1274
threshold=16.071666666666676 51.52323026148288 4.9500000000000011 14.002083333333339 6.5100000000000025 127.34505844116212 45.179205572078843 32.370000000000012 5.9500000000000011 59.095324993640006 32.650000000000013 12.550000000000002 69.573421968147827 5.5600000000000049
decision_type=2 2 2 2 2 2 2 2 2 2 2 2 2 2
left_child=3 6 10 13 -4 -6 -2 -7 12 -10 -3 -5 -9 -1
right_child=1 2 4 11 5 7 -8 8 9 -11 -12 -13 -14 -15
leaf_value=-0.040880158891538662 -0.031914082553869051 -0.021063312750354425 0.009621496446265634 -0.046596071514435872 0.036445214333032765 0.030273327713372582 -0.0051607099876195411 -0.010303544941300381 0.0084120973845760953 0.031510150918027842 0.01036873124343783 -0.00974366414208141 0.012513406084540667 0.020102931256006637
leaf_weight=798.97808061540127 191.1428160816431 59.737158104777336 235.6849155575037 15.286563619971274 630.44210697710514 340.51598261296749 73.637454405426979 61.71736267209053 70.399711310863495 183.70759692788124 43.468068808317184 140.19547320902348 82.736219927668571 4.3474986702203742
leaf_count=4431 983 274 888 79 2099 1157 309 257 267 620 165 612 307 17
internal_value=0.000131489 0.0177876 0.0243554 -0.0361847 0.0264297 0.0293132 -0.0245212 0.0231884 0.0170747 0.025169 -0.00785228 -0.0136415 0.00276112 -0.0405255
internal_weight=2932 1973.19 1708.41 958.808 1605.2 1369.52 264.78 739.077 398.561 254.107 103.205 155.482 144.454 803.326
internal_count=12465 7326 6034 5139 5595 4707 1292 2608 1451 887 439 691 564 4448
is_linear=0
shrinkage=0.03


Tree=15
num_leaves=15
num_cat=0
split_feature=0 7 1 6 5 0 2 6 7 6 0 7 6 8
split_gain=1922.57 406.138 163.899 143.081 92.1393 46.2412 43.7209 42.9548 37.6 36.9108 32.1239 29.3253 25.5696 25.0712
threshold=14.886666666666672 7.2500000000000009 6.6400000000000032 4.9500000000000011 151.05867767333987 12.863333333333339 30.820000000000004 7.2500000000000009 32.150000000000013 5.8500000000000014 28.88291666666667 4.8500000000000014 7.7500000000000009 31.850000000000005
decision_type=2 2 2 2 2 2 2 2 2 2 2 2 2 2
left_child=5 11 7 8 -5 -1 -6 -3 -4 13 12 -2 -11 -8
right_child=1 2 3 4 6 -7 9 -9 -10 10 -12 -13 -14 -15
leaf_value=-0.04092135518638633 -0.03639139397131947 0.0087190449066211432 -0.026493145813509346 0.035170512568915117 0.03064539763464506 -0.022967295881745762 -0.0064409489316042323 -0.013664189363171587 0.009890093838932924 0.024960664175451102 -0.021937447916149898 -0.012341229259012026 -0.010468094049414331 0.016402747173954259
leaf_weight=707.40973703563213 107.17842601239681 262.14033229649067 54.679067492485046 655.50042955577374 219.38024537265301 163.4735946059227 99.746948435902596 108.19659738242626 46.512503698468208 282.58508703112602 14.479464724659918 81.494705706834793 19.069227516651154 74.819317534565926
leaf_count=4020 568 1005 259 2211 747 783 407 478 177 994 67 370 83 273
internal_value=-0.000330531 0.0156943 0.0200008 0.0245007 0.0270505 -0.0375814 0.0195156 0.00216044 -0.00983653 0.0144876 0.0205869 -0.0261231 0.0226938 0.00338755
internal_weight=2896.67 2025.78 1837.11 1466.77 1365.58 870.883 710.08 370.337 101.192 490.7 316.134 188.673 301.654 174.566
internal_count=12442 7639 6701 5218 4782 4803 2571 1483 436 1824 1144 938 1077 680
is_linear=0
shrinkage=0.03


Tree=16
num_leaves=15
num_cat=0
split_feature=0 4 6 0 4 1 4 2 6 0 4 4 6 7
split_gain=1885.74 577.255 138.683 108.55 77.8014 42.5383 36.425 33.7162 37.1434 55.6332 32.9994 29.5353 27.1819 32.133
threshold=16.071666666666676 51.52323026148288 4.9500000000000011 12.975000000000003 69.333559734644339 6.7800000000000056 43.609869093628589 30.340000000000003 6.1500000000000012 18.858333333333338 58.711631172426486 82.641135806248585 5.2500000000000009 22.150000000000006
decision_type=2 2 2 2 2 2 2 2 2 2 2 2 2 2
left_child=3 6 11 -1 7 -6 -2 -4 -9 -10 -11 -3 13 -7
right_child=1 2 4 -5 5 12 -8 8 9 10 -12 -13 -14 -15
leaf_value=-0.040730497544170269 -0.032548645662076832 -0.017346781933937929 0.034157954454372877 -0.016892266371385942 0.0094520565470833911 -0.018840773195959955 -0.0086667883627309841 0.0027761682084403425 -0.0074987428791992048 0.01013034697112551 0.030929708522087297 0.021480743680001434 0.034990680630937972 0.025469246307679622
leaf_weight=701.81777477264404 173.61260308325291 86.849456548690796 90.984407976269722 230.3496975004673 78.090697601437569 15.965386748313902 87.061159908771515 170.28775672614574 57.25483001768589 101.13049420714378 221.8147112429142 21.154846370220184 745.55653828382492 124.02859011292458
leaf_count=4049 919 390 302 1062 294 69 373 665 235 381 756 76 2523 436
internal_value=0.000279666 0.0168864 0.0232153 -0.0348642 0.0254289 0.0308248 -0.0246361 0.0172877 0.0144426 0.0196468 0.0244678 -0.00961432 0.0326967 0.0203182
internal_weight=2905.96 1973.79 1713.12 932.167 1605.11 963.641 260.674 641.472 550.488 380.2 322.945 108.004 885.551 139.994
internal_count=12530 7419 6127 5111 5661 3322 1292 2339 2037 1372 1137 466 3028 505
is_linear=0
shrinkage=0.03


Tree=17
num_leaves=15
num_cat=0
split_feature=0 4 0 6 4 0 6 3 6 3 1 0 7 0
split_gain=1751.98 550.528 115.67 119.991 62.0617 42.5608 42.0989 30.6597 29.0377 29.1788 27.8825 26.7748 29.1446 23.8156
threshold=14.76041666666667 51.52323026148288 17.441666666666674 4.7500000000000009 68.032235625262828 12.863333333333339 5.1500000000000012 2.4304298270134148 5.9500000000000011 2.651404005585706 3.7500000000000018 24.18458333333334 32.650000000000013 24.363333333333337
decision_type=2 2 2 2 2 2 2 2 2 2 2 2 2 2
left_child=5 7 -3 -4 8 -1 11 -2 13 -10 -8 -6 -13 -5
right_child=1 2 3 4 6 -7 10 -9 9 -11 -12 12 -14 -15
leaf_value=-0.03976024353193585 -0.034185055710101525 -0.0017336443680425681 -0.020909348665023079 0.013000664049781428 0.031582279098701233 -0.022126831935445859 -0.0052184321695991154 -0.012889421642206364 0.0018078414071439576 0.024026266727589719 0.032380029964069745 -0.018114895822375597 0.017118832156684211 -0.014776699285158689
leaf_weight=686.0492877215147 156.87972182035446 182.33690568804741 52.269853696227074 81.000462919473648 46.287753447890282 155.51955482363701 17.855611652135849 101.95316058397293 63.725257143378258 326.27561812102795 874.50616955757141 33.535035982728004 53.496053919196129 41.049983009696007
leaf_count=4015 834 744 243 300 156 754 72 466 251 1152 3013 147 196 175
internal_value=-0.000160116 0.0149202 0.0208897 0.0234836 0.0250051 -0.0365318 0.0292703 -0.0258787 0.0164212 0.0204097 0.0316227 0.0134066 0.00349093 0.00361397
internal_weight=2872.74 2031.17 1772.34 1590 1537.73 841.569 1025.68 258.833 512.051 390.001 892.362 133.319 87.0311 122.05
internal_count=12518 7749 6449 5705 5462 4769 3584 1300 1878 1403 3085 499 343 475
is_linear=0
shrinkage=0.03


Tree=18
num_leaves=15
num_cat=0
split_feature=0 4 5 2 0 0 0 3 3 8 5 2 0 3
split_gain=1656.9 494.268 115.244 63.429 79.7069 48.7222 44.3 39.764 30.6353 24.0768 23.0731 22.1596 22.0962 21.3321
threshold=14.76041666666667 51.52323026148288 91.324592590332045 30.340000000000003 18.858333333333338 19.478750000000005 12.863333333333339 2.642306202326433 2.4527214424105277 31.350000000000005 414.21057128906256 35.370000000000012 16.999583333333341 2.9321895536967912
decision_type=2 2 2 2 2 2 2 2 2 2 2 2 2 2
left_child=6 8 5 12 10 -3 -1 -6 -2 -9 -5 -10 -4 -8
right_child=1 2 3 4 7 -7 13 9 11 -11 -12 -13 -14 -15
leaf_value=-0.039176327720345891 -0.031689612581666596 0.011719774608411023 0.0046846644849147185 -0.0062503579179800694 -0.017689041345091982 0.033376797077595312 -0.032818988609519636 0.0099560443985514564 0.011531531906731476 0.021470008543619995 -0.038489431835595861 -0.019230060351708281 0.02993395199521515 -0.010439703164012026
leaf_weight=677.3225793838501 163.45886532962322 113.537692964077 36.432366490364075 76.310618162155151 34.419317841529846 569.3148585408926 73.547041028738022 377.05289787054062 28.518094390630722 292.25371597707272 26.323609173297882 74.166376262903214 234.38368906080723 81.779296100139618
leaf_count=4025 871 431 145 316 149 1979 378 1440 116 1057 126 350 809 377
internal_value=-0.00024618 0.0143949 0.0201573 0.0140237 0.0097833 0.0297983 -0.0358483 0.0133861 -0.0236454 0.0150082 -0.0148106 -0.010658 0.0265669 -0.0211785
internal_weight=2858.82 2026.17 1760.03 1077.18 806.36 682.853 832.649 703.726 266.143 669.307 102.634 102.684 270.816 155.326
internal_count=12569 7789 6452 4042 3088 2410 4780 2646 1337 2497 442 466 954 755
is_linear=0
shrinkage=0.03


Tree=19
num_leaves=15
num_cat=0
split_feature=0 4 6 1 5 0 2 6 4 4 4 1 0 2
split_gain=1582.75 465.996 117.866 121.022 70.6466 42.7337 32.1545 51.4393 44.6729 29.1166 24.2022 23.3833 21.1219 19.549
threshold=14.886666666666672 49.507068954251373 4.9500000000000011 6.5100000000000025 141.40375518798831 12.863333333333339 32.370000000000012 6.1500000000000012 58.369029096794335 80.696098902871242 43.609869093628589 21.830000000000009 16.419166666666673 30.070000000000004
decision_type=2 2 2 2 2 2 2 2 2 2 2 2 2 2
left_child=5 10 9 12 -5 -1 -6 11 -9 -3 -2 -8 -4 -14
right_child=1 2 3 4 6 -7 7 8 -10 -11 -12 -13 13 -15
leaf_value=-0.038629962616454093 -0.031732498198812326 -0.023685762412765345 -0.007980595171717406 0.032736445760727997 0.025837618743034075 -0.021143484590708105 -0.0035983963732196993 0.0018403820477861561 0.03159263179271047 0.0086986561700655267 -0.010042446122540807 0.032561192203696063 0.027258258953445719 0.0050584616099788506
leaf_weight=659.22152054309845 165.54544192552567 64.073767960071564 85.393997356295586 634.32892742753029 321.98114089667797 160.6162581294775 148.27782680094242 65.382345110177994 148.73317249119282 39.880175590515137 65.82525560259819 17.040640190243721 43.673470288515091 181.31336654722691
leaf_count=3979 903 297 364 2223 1139 784 599 259 510 155 288 57 150 701
internal_value=-0.000202096 0.0143031 0.0195943 0.0215508 0.0254696 -0.0352341 0.0188606 0.0128876 0.0225583 -0.0112975 -0.0256314 0.000302215 0.00465819 0.00946934
internal_weight=2801.29 1981.45 1750.08 1646.12 1335.74 819.838 701.415 379.434 214.116 103.954 231.371 165.318 310.381 224.987
internal_count=12408 7645 6454 6002 4787 4763 2564 1425 769 452 1191 656 1215 851
is_linear=0
shrinkage=0.03


Tree=20
num_leaves=15
num_cat=0
split_feature=1 4 6 4 3 1 5 5 7 3 6 7 4 6
split_gain=1525.84 360.045 105.296 81.6853 107.752 70.7599 65.143 47.1168 46.6782 41.4438 39.1446 34.2273 23.6137 23.5721
threshold=3.7500000000000018 49.507068954251373 4.8500000000000014 71.577755394231332 2.8564811688288203 6.6400000000000032 127.34505844116212 156.51417541503909 38.350000000000016 2.642306202326433 6.1500000000000012 22.750000000000004 34.362118313930857 7.5500000000000016
decision_type=2 2 2 2 2 2 2 2 2 2 2 2 2 2
left_child=3 12 -3 4 -1 8 -7 -6 -4 -8 11 -11 -2 -5
right_child=1 2 5 13 7 6 9 -9 -10 10 -12 -13 -14 -15
leaf_value=-0.033516383914637501 -0.035242449006118594 -0.012963716385903474 0.013183912115242178 -0.039320008258528279 0.014400590034110209 0.032306612450664587 -0.012848633061046243 -0.015271232076547299 -0.022758054203100661 0.0045918931771764399 0.029349137703662872 0.021935846222774901 -0.013474286114306233 0.017023491744563468
leaf_weight=273.40411481261253 80.813291892409325 77.838387876749039 163.64174973964691 487.12359654903412 73.011294037103653 619.83960053324699 34.302759855985641 137.14690811932087 39.569282397627831 174.56396639347076 279.18871948122978 248.97791187465191 103.94562327861786 6.2567407935857764
leaf_count=1524 458 348 618 2940 288 2194 146 695 194 681 973 901 496 25
internal_value=0.000262129 0.0164747 0.0209539 -0.0299715 -0.0211343 0.0226534 0.025125 -0.00494353 0.00610811 0.0190498 0.0206229 0.0148151 -0.0231341 -0.0385725
internal_weight=2799.62 1822.68 1637.92 976.943 483.562 1560.08 1356.87 210.158 203.211 737.033 702.731 423.542 184.759 493.38
internal_count=12481 7009 6055 5472 2507 5707 4895 983 812 2701 2555 1582 954 2965
is_linear=0
shrinkage=0.03


Tree=21
num_leaves=15
num_cat=0
split_feature=0 4 1 6 5 0 5 2 0 6 2 4 4 1
split_gain=1468.2 411.343 100.16 116.547 51.2367 44.0252 34.5879 30.3849 29.0455 27.2396 43.4465 29.705 21.9622 19.5575
threshold=14.76041666666667 51.52323026148288 6.5100000000000025 4.9500000000000011 139.12377929687503 12.863333333333339 53.258100509643562 35.370000000000012 20.674166666666672 5.6500000000000012 33.730000000000011 59.095324993640006 82.641135806248585 21.830000000000009
decision_type=2 2 2 2 2 2 2 2 2 2 2 2 2 2
left_child=5 6 8 12 -5 -1 -2 -8 -3 10 -6 -11 -4 -12
right_child=1 2 3 4 9 -7 7 -9 -10 11 13 -13 -14 -15
leaf_value=-0.03797391678554627 0.025442296938176272 0.00090767085604632699 -0.016473538319187485 0.031485354315206639 0.017942435313023246 -0.019534833758375503 -0.0013330837771609282 -0.028596927154098818 0.02854974083014232 0.0071694990468516772 -0.020040078897871627 0.027750717300927513 0.019102677773270307 0.029148720399974744
leaf_weight=635.23356464505196 12.835489064455031 284.24820694327354 75.655739948153496 611.70722252130508 202.01341405510902 146.95728576183319 45.067801237106323 201.75906175374985 37.904905244708061 77.789135411381721 45.068176880478859 354.01070088148117 18.719337269663811 7.7276813238859168
leaf_count=3960 49 1137 343 2193 745 726 202 1074 130 299 196 1249 68 26
internal_value=0.000220102 0.0140002 0.0193288 0.022814 0.025153 -0.034539 -0.0211296 -0.0236443 0.00423835 0.0194739 0.0116249 0.0240681 -0.00929068 -0.0124324
internal_weight=2756.7 1974.51 1714.84 1392.69 1298.32 782.191 259.662 246.827 322.153 686.609 254.809 431.8 94.3751 52.7959
internal_count=12397 7711 6386 5119 4708 4686 1325 1276 1267 2515 967 1548 411 222
is_linear=0
shrinkage=0.03


Tree=22
num_leaves=15
num_cat=0
split_feature=1 4 2 3 6 4 1 7 6 7 2 2 7 6
split_gain=1344.19 356.262 114.897 108.203 102.598 67.4911 66.9104 36.7965 30.0393 47.0983 29.2646 32.4396 20.6344 20.4333
threshold=3.7500000000000018 46.648516709309284 29.060000000000009 2.762355910283206 4.8500000000000014 63.796234197605152 6.5100000000000025 38.350000000000016 5.5500000000000016 21.750000000000004 32.250000000000014 38.650000000000013 6.9500000000000011 5.9500000000000011
decision_type=2 2 2 2 2 2 2 2 2 2 2 2 2 2
left_child=2 -2 -1 -4 -3 10 7 -7 9 -8 -6 12 -12 -14
right_child=1 4 3 -5 5 6 8 -9 -10 -11 11 -13 13 -15
leaf_value=-0.037458795512254908 -0.02814757702993477 -0.014241588424631605 -0.034919233910703958 -0.002573454463690734 0.026129519812816731 0.013315708939555316 -0.0011049937279213726 -0.022575716521100596 0.030571251008513062 0.025050542396774251 -0.037836969886343261 0.019898476316203697 -0.023070486642891352 0.0048497491452380859
leaf_weight=572.87839224934578 155.68670879304409 77.861890465021133 159.45381271839142 222.07915049791336 71.528695359826088 97.800481200218201 76.325104683637619 33.772471308708191 678.1114404797554 326.36909703910351 12.634145885705946 85.442412570118904 26.985481217503548 149.23845176398754
leaf_count=3590 852 353 905 977 252 371 309 169 2430 1191 62 314 119 587
internal_value=-0.000224869 0.0150919 -0.0289653 -0.0161476 0.0192212 0.0209013 0.0242358 0.00400221 0.026693 0.0201027 0.00917546 0.00467554 -0.0022801 0.000468222
internal_weight=2746.17 1791.76 954.411 381.533 1636.07 1558.21 1212.38 131.573 1080.81 402.694 345.829 274.3 188.858 176.224
internal_count=12481 7009 5472 1882 6157 5804 4470 540 3930 1500 1334 1082 768 706
is_linear=0
shrinkage=0.03


Tree=23
num_leaves=15
num_cat=0
split_feature=0 3 6 0 7 7 6 0 1 1 3 0 8 3
split_gain=1304.96 353.838 89.5909 74.6846 61.0707 51.204 42.1421 40.3334 29.5888 27.8747 26.6135 25.5248 21.3434 19.692
threshold=14.76041666666667 2.651404005585706 4.7500000000000009 17.441666666666674 9.4500000000000011 28.550000000000004 5.5500000000000016 12.975000000000003 3.0200000000000036 14.170000000000005 2.7783611081292183 27.342916666666671 32.350000000000009 3.1402125468190225
decision_type=2 2 2 2 2 2 2 2 2 2 2 2 2 2
left_child=7 4 -3 12 -2 6 9 -1 -6 -5 11 -8 -4 -11
right_child=1 2 3 5 8 -7 10 -9 -10 13 -12 -13 -14 -15
leaf_value=-0.036566476229218943 -0.028773250280081535 -0.02001710318888221 -0.0050451730505011345 0.01410080175580997 -0.038941977948932463 0.029412038319751532 0.01068608789579013 -0.018519720201066174 0.004547733261136791 -0.027833293025986916 0.022949005250211995 -0.040970498057798337 0.020642146925053503 0.0032438845678929551
leaf_weight=630.01374287903309 172.75020278990269 52.384077206254005 131.04198481142521 116.24329319596291 15.182480394840239 511.96691082417965 75.340279892086983 139.42410615086555 107.39890757203102 29.617968708276749 630.13442479074001 8.7146058529615384 36.346408128738403 45.348082557320595
leaf_count=4049 945 246 546 437 80 1857 294 691 444 136 2321 45 133 183
internal_value=-0.000308756 0.0128474 0.0182992 0.0195776 -0.0173338 0.0218142 0.0174901 -0.0333246 -0.00111027 0.00494967 0.020836 0.00491173 0.000621987 -0.00923901
internal_weight=2701.91 1932.47 1637.14 1584.75 295.332 1417.37 905.399 769.438 122.581 191.209 714.189 84.0549 167.388 74.9661
internal_count=12407 7667 6198 5952 1469 5273 3416 4740 524 756 2660 339 679 319
is_linear=0
shrinkage=0.03


Tree=24
num_leaves=15
num_cat=0
split_feature=0 3 6 1 5 5 7 6 0 0 7 6 1 1
split_gain=1254.17 340.501 99.4134 119.232 87.5057 53.7594 30.8124 28.3031 41.0263 27.9737 21.6472 25.687 20.7445 20.3292
threshold=14.127500000000005 2.642306202326433 4.8500000000000014 6.5100000000000025 69.518280029296889 156.51417541503909 9.2500000000000018 6.4500000000000011 23.400000000000009 16.419166666666673 33.250000000000007 5.6500000000000012 3.7500000000000018 21.830000000000009
decision_type=2 2 2 2 2 2 2 2 2 2 2 2 2 2
left_child=-1 4 -3 9 -2 -5 -6 8 -7 -4 11 13 -8 -10
right_child=1 2 3 5 6 7 12 -9 10 -11 -12 -13 -14 -15
leaf_value=-0.034187289879122999 0.018808408945528588 -0.015905304972057582 -0.006888364216662112 0.030106252497808534 -0.03253199871441783 0.023245426897755758 -0.039280860850671305 0.027488394205396716 -0.018072570192465113 0.010397314733054506 0.020241283531224695 0.0093603103636131484 -0.003733649922702348 0.030664121706660961
leaf_weight=701.03043337166309 50.205849871039391 75.259359732270241 134.63366535305977 594.08878037333488 154.6531800031662 220.04095384478569 17.373810335993767 188.99336662888527 69.124943479895592 221.80421222746372 66.797022178769112 117.13783837854862 76.807822525501251 7.739880144596099
leaf_count=4459 192 345 592 2196 878 802 93 681 299 839 247 456 334 26
internal_value=0.000300901 0.012433 0.0176379 0.0192047 -0.0170405 0.0235235 -0.0243199 0.017649 0.0137327 0.00386717 0.00564847 0.000545991 -0.0106349 -0.0128343
internal_weight=2695.69 1994.66 1695.62 1620.36 299.041 1263.92 248.835 669.834 480.841 356.438 260.8 194.003 94.1816 76.8648
internal_count=12439 7980 6483 6138 1497 4707 1305 2511 1830 1431 1028 781 427 325
is_linear=0
shrinkage=0.03


Tree=25
num_leaves=15
num_cat=0
split_feature=1 4 0 5 3 3 0 8 0 0 1 5 4 0
split_gain=1201.56 292.58 139.198 75.7499 63.936 45.5228 35.868 30.471 29.5294 25.8874 36.6981 46.3094 20.7741 20.5169
threshold=3.7500000000000018 46.648516709309284 12.863333333333339 50.175901412963874 2.6721255495700142 2.4527214424105277 19.209166666666672 28.550000000000004 15.874583333333337 18.337083333333339 0.88000000000000267 214.89668273925784 62.531295128432937 25.674583333333334
decision_type=2 2 2 2 2 2 2 2 2 2 2 2 2 2
left_child=2 -2 -1 6 -4 12 -3 8 -7 10 11 -6 -5 -10
right_child=1 3 4 5 9 7 -8 -9 13 -11 -12 -13 -14 -15
leaf_value=-0.0362740813442353 -0.025446756522199809 0.0017547414212785936 -0.036933414806991943 -0.03019914782018918 0.017327171278045842 -0.023671198856445648 0.031470761910220697 0.019588204758003883 0.016099807176423429 0.015590715416361943 -0.02188703163501422 -0.021735977282406064 0.017175025120039482 0.0024290234478383747
leaf_weight=593.98072031140327 148.75964041054249 40.247941255569458 72.189539194107056 28.584779486060143 70.726240143179893 22.16467809677124 411.23557062447071 648.96646805107594 272.85345616936684 43.846656516194344 107.59144954383373 43.121365129947662 10.842889830470083 155.2023463845253
leaf_count=3963 830 174 404 135 282 113 1527 2448 1026 162 515 210 40 632
internal_value=-6.09122e-05 0.0146659 -0.0275394 0.0184322 -0.012104 0.014287 0.0288314 0.0154262 0.00939689 -0.00523408 -0.00940911 0.00247103 -0.0170683 0.0111603
internal_weight=2670.31 1738.86 931.456 1590.1 337.475 1138.61 451.484 1099.19 450.22 265.286 221.439 113.848 39.4277 428.056
internal_count=12461 6925 5536 6095 1573 4394 1701 4219 1771 1169 1007 492 175 1658
is_linear=0
shrinkage=0.03


Tree=26
num_leaves=15
num_cat=0
split_feature=0 3 6 0 5 5 2 0 5 6 3 3 2 7
split_gain=1127.93 297.972 106.267 86.0733 84.7248 59.093 32.8222 31.461 29.4256 27.2298 36.7898 28.7553 26.6564 24.8237
threshold=16.071666666666676 2.642306202326433 4.9500000000000011 12.863333333333339 69.518280029296889 45.020414352416999 30.820000000000004 18.979166666666671 91.324592590332045 6.5500000000000016 3.1839243511612216 2.9533585428104003 32.030000000000008 34.95000000000001
decision_type=2 2 2 2 2 2 2 2 2 2 2 2 2 2
left_child=3 4 13 -1 -2 7 -7 -4 -5 10 -8 -11 -6 -3
right_child=1 2 5 8 12 6 9 -9 -10 11 -12 -13 -14 -15
leaf_value=-0.035371193567805034 0.020955998634921296 -0.022326477181415456 0.0049792964394529161 0.0033241052371377764 0.0070396805892332937 0.0254508491456325 0.0035289684520623354 0.033144257856512885 -0.0203366725373865 0.01159959979655684 0.020188258017199159 0.031555251990443456 -0.026779575036787989 0.0072946884064063224
leaf_weight=584.19052778184414 46.0897576212883 64.316143870353699 40.155651062726974 65.180289894342422 22.966365337371826 278.43388536572456 337.91369678080082 350.90274699032307 169.08462181687355 136.26891165971756 183.8799401819706 126.57174082100391 203.24485836923122 41.087251380085945
leaf_count=3961 174 305 157 287 93 1020 1348 1316 842 530 695 453 1119 160
internal_value=4.65334e-05 0.0131279 0.0181831 -0.0292119 -0.015785 0.0202914 0.0165949 0.0302722 -0.0137673 0.0134239 0.00942708 0.0212925 -0.0233302 -0.0108198
internal_weight=2650.29 1831.83 1559.53 818.455 272.301 1454.13 1063.07 391.058 234.265 784.634 521.794 262.841 226.211 105.403
internal_count=12460 7370 5984 5090 1386 5519 4046 1473 1129 3026 2043 983 1212 465
is_linear=0
shrinkage=0.03


Tree=27
num_leaves=15
num_cat=0
split_feature=0 4 6 0 1 4 6 0 6 4 4 7 3 8
split_gain=1091 340.078 95.1887 75.0258 55.0791 35.7397 38.2662 41.9913 37.0307 28.0277 25.289 24.1283 22.8234 25.0694
threshold=15.874583333333337 51.52323026148288 4.7500000000000009 12.863333333333339 6.7800000000000056 70.79755815093597 6.1500000000000012 24.435833333333338 5.1500000000000012 43.609869093628589 59.422431384792546 11.150000000000004 2.762355910283206 24.450000000000006
decision_type=2 2 2 2 2 2 2 2 2 2 2 2 2 2
left_child=3 9 -3 -1 12 6 7 -6 -7 -2 -8 -11 -4 -14
right_child=1 2 4 -5 5 8 10 -9 -10 11 -12 -13 13 -15
leaf_value=-0.034899671073002368 -0.027768964283942016 -0.021026900552335862 -0.0095447939216740506 -0.014304883902747955 0.016732808433239224 0.0095560460885697977 0.0079788146581655488 -0.011947797240895829 0.028356174285977358 -0.019155461740165025 0.027162388326660302 0.013144140255212398 0.023413918586096663 0.002638725352378901
leaf_weight=576.24466904997826 157.56362424790859 54.279535084962845 59.087744534015656 222.66608063876629 107.168636739254 111.14668868482113 87.0429368019104 78.942374691367149 673.6297353208065 51.177359938621521 222.15614421665668 33.734327524900436 89.464992225170135 124.52384811639786
leaf_count=3978 929 259 247 1086 400 437 338 337 2554 239 820 133 317 488
internal_value=9.1552e-05 0.0127438 0.01774 -0.0291847 0.0191075 0.0217162 0.0153508 0.00456857 0.0257091 -0.0203145 0.0218051 -0.00631961 0.00684421 0.011393
internal_weight=2648.83 1849.92 1607.44 798.911 1553.16 1280.09 495.31 186.111 784.776 242.475 309.199 84.9117 273.077 213.989
internal_count=12562 7498 6197 5064 5938 4886 1895 737 2991 1301 1158 372 1052 805
is_linear=0
shrinkage=0.03


Tree=28
num_leaves=15
num_cat=0
split_feature=3 2 2 5 3 8 6 5 8 6 3 5 5 4
split_gain=496.214 198.297 169.502 118.924 99.925 72.268 66.8109 54.5408 43.6467 31.3768 29.5329 35.1646 28.7596 28.3388
threshold=2.961639372626435 25.700000000000006 27.500000000000007 101.40663146972658 2.4527214424105277 30.250000000000004 5.1500000000000012 50.175901412963874 31.550000000000004 4.7500000000000009 2.7783611081292183 73.579509735107436 233.57169342041018 70.43227364384741
decision_type=2 2 2 2 2 2 2 2 2 2 2 2 2 2
left_child=2 5 13 9 7 -2 -5 -4 12 -3 11 -6 -8 -1
right_child=1 3 4 6 10 -7 8 -9 -10 -11 -12 -13 -14 -15
leaf_value=-0.013673136166944697 -0.030812058226684976 -0.010367695547851231 0.016105727043964648 -0.012809929891907096 0.015892250210312736 0.020459641177783535 0.016654522372891979 -0.029766711844712138 0.021418860713607241 0.027957090641663841 0.005681692848013618 -0.012029302324087467 -0.0015969297822101068 -0.035290541056531129
leaf_weight=69.303264737129211 118.97263793647289 19.463250562548637 25.959727123379707 115.4054648578167 47.782635524868965 30.417825818061829 120.13069586455822 188.59156185388565 254.41772045195103 531.93425120413303 329.72903844714165 243.37028613686562 216.29446245729923 290.76626470685005
leaf_count=417 796 89 104 518 195 131 478 1108 974 2069 1399 1236 944 2021
internal_value=0.000203916 0.0122748 -0.0140011 0.0161579 -0.00656902 -0.0203059 0.00798868 -0.0241674 0.0120659 0.026588 -0.000458668 -0.00740824 0.00495034 -0.0311792
internal_weight=2602.54 1407.04 1195.5 1257.65 835.433 149.39 706.248 214.551 590.843 551.398 620.882 291.153 336.425 360.07
internal_count=12479 5999 6480 5072 4042 927 2914 1212 2396 2158 2830 1431 1422 2438
is_linear=0
shrinkage=0.03


Tree=29
num_leaves=15
num_cat=0
split_feature=1 4 2 6 3 1 5 7 3 6 2 4 1 2
split_gain=975.427 261.254 91.8404 84.7943 77.7588 50.6485 47.5668 34.7449 30.7399 38.2329 40.5978 28.7133 29.9574 27.9467
threshold=3.7500000000000018 48.173184913889607 29.060000000000009 4.9500000000000011 2.7710286338936094 6.5100000000000025 93.225387573242202 38.350000000000016 2.642306202326433 5.7500000000000009 32.090000000000011 70.541047523787213 0.46000000000000091 32.690000000000012
decision_type=2 2 2 2 2 2 2 2 2 2 2 2 2 2
left_child=2 -2 11 -3 -4 7 -7 -5 13 10 -10 12 -1 -8
right_child=1 3 4 5 -6 6 8 -9 9 -11 -12 -13 -14 -15
leaf_value=-0.027512424150197463 -0.023076374608349486 -0.0098192156671119152 -0.030289869882158593 0.010541280694106925 -0.0022827745568961551 0.028427144224361624 0.024437275540887145 -0.022508590237565962 0.019333670766688807 0.023711720680084349 -0.0027327863618828905 -0.037233533400886018 0.010124560666669936 -0.026762308247657771
leaf_weight=95.870208576321602 159.34871183335781 97.49419941008091 150.55403773486614 150.57271982729435 217.35076530277729 493.96755684912205 13.86195634305477 34.32021352648735 170.56960056722164 419.50038333237171 132.97560897469521 404.8360250890255 23.130621790885925 26.31168806552887
leaf_count=657 903 435 915 582 973 1937 49 176 651 1565 543 2891 109 122
internal_value=5.37638e-05 0.0133888 -0.0253383 0.0171755 -0.0137949 0.0190061 0.021161 0.00431841 0.0164272 0.0178466 0.00968967 -0.0334038 -0.0201734 -0.0089314
internal_weight=2590.66 1698.92 891.742 1539.57 367.905 1442.08 1257.19 184.893 763.219 723.046 303.545 523.837 119.001 40.1736
internal_count=12508 6963 5545 6060 1888 5625 4867 758 2930 2759 1194 3657 766 171
is_linear=0
shrinkage=0.03


Tree=30
num_leaves=15
num_cat=0
split_feature=1 4 2 6 6 5 5 4 1 4 6 2 7 1
split_gain=942.006 254.145 101.968 89.0616 75.0544 62.6339 47.4093 38.0382 36.6399 33.0417 31.3713 34.5366 28.0706 20.8964
threshold=4.5900000000000043 46.648516709309284 28.890000000000004 4.9500000000000011 5.5500000000000016 75.77875137329103 302.95762634277349 70.68732401951948 0.46000000000000091 59.095324993640006 6.1500000000000012 32.510000000000012 36.650000000000013 15.540000000000006
decision_type=2 2 2 2 2 2 2 2 2 2 2 2 2 2
left_child=2 -2 7 12 6 -5 -4 8 -1 13 11 -11 -3 -7
right_child=1 3 4 5 -6 9 -8 -9 -10 10 -12 -13 -14 -15
leaf_value=-0.026785310665981964 -0.025610684398243214 -0.022925345720183385 0.026416367918372187 0.028206873231885629 -0.018291981247273804 0.0075523313374170455 -0.037331943684758791 -0.036894258948289835 0.011394710322816005 0.018799668409820031 0.025111207548893604 0.0023290519861095195 0.0099275039542868985 -0.019978333158176344
leaf_weight=91.080607742071152 133.37389609217644 59.403504967689514 58.842756569385529 479.1591579169035 357.10176578164101 112.01310077309608 11.818203642964361 404.48727768659592 29.354905903339386 301.27390152215958 286.5447374433279 185.02982600033283 37.473813638091087 30.798651278018951
leaf_count=631 784 288 217 1890 1903 441 61 2937 133 1162 1075 746 145 138
internal_value=4.8682e-05 0.0139319 -0.0236228 0.0174823 -0.0127065 0.0194141 0.0153822 -0.0324775 -0.0174621 0.0147871 0.017234 0.0125505 -0.0102457 0.00151746
internal_weight=2577.76 1625.07 952.686 1491.7 427.763 1394.82 70.661 524.923 120.436 915.66 772.848 486.304 96.8773 142.812
internal_count=12551 6669 5882 5885 2181 5452 278 3701 764 3562 2983 1908 433 579
is_linear=0
shrinkage=0.03


Tree=31
num_leaves=15
num_cat=0
split_feature=1 4 2 3 6 5 3 5 2 6 2 7 5 1
split_gain=897.53 222.997 88.8802 89.3071 80.1454 59.054 31.9137 29.5734 28.5269 27.5099 40.8243 34.907 33.8074 25.4582
threshold=3.7500000000000018 46.648516709309284 29.060000000000009 2.835652524805155 4.7500000000000009 50.175901412963874 2.4527214424105277 302.95762634277349 25.900000000000006 6.1500000000000012 32.190000000000012 27.950000000000006 256.31317138671881 6.7800000000000056
decision_type=2 2 2 2 2 2 2 2 2 2 2 2 2 2
left_child=2 -2 -1 -4 -3 8 -7 -5 -6 10 13 12 -12 -8
right_child=1 4 3 7 5 6 9 -9 -10 -11 11 -13 -14 -15
leaf_value=-0.033239722351902104 -0.023131561705668349 -0.020632594188792139 -0.029235067828614712 0.0071754010674402336 -0.02072884024676894 -0.012078422283336995 -0.002474266287768697 -0.020496180051478581 0.027957107597830905 0.020275827725685924 0.0081039791391211407 0.019038899589932625 -0.017036517260196584 0.021026575754492294
leaf_weight=498.09563148021698 142.37601071596146 51.115900725126266 171.87078773975372 144.80796992778778 10.437773883342741 41.579759791493416 48.731121644377708 44.640667825937271 415.379145860672 430.11630827188492 90.053556710481644 72.836724266409874 101.33718466758728 270.64464038610458
leaf_count=3615 842 248 1039 611 59 184 215 224 1654 1648 361 279 439 1042
internal_value=-0.000120394 0.0126687 -0.0250262 -0.013643 0.0160082 0.0172858 0.0134582 0.000581634 0.0267179 0.0145165 0.0102444 0.00150888 -0.00522672 0.0174442
internal_weight=2534.02 1674.61 859.415 361.319 1532.23 1481.12 1055.3 189.449 425.817 1013.72 583.603 264.227 191.391 319.376
internal_count=12460 6971 5489 1874 6129 5881 4168 835 1713 3984 2336 1079 800 1257
is_linear=0
shrinkage=0.03


Tree=32
num_leaves=15
num_cat=0
split_feature=1 7 5 2 3 6 3 5 2 8 6 2 2 1
split_gain=872.489 182.41 83.8968 79.3334 77.8075 60.4608 54.7106 35.1787 30.0139 29.6535 34.9486 28.1937 26.0744 24.2864
threshold=3.7500000000000018 6.9500000000000011 85.244823455810561 29.060000000000009 2.9321895536967912 5.1500000000000012 2.7427800898134516 302.95762634277349 25.900000000000006 32.350000000000009 6.5500000000000016 32.190000000000012 33.730000000000011 6.7800000000000056
decision_type=2 2 2 2 2 2 2 2 2 2 2 2 2 2
left_child=3 -2 8 -1 -5 -4 12 -6 -3 10 11 13 -7 -8
right_child=1 2 5 4 7 6 9 -9 -10 -11 -12 -13 -14 -15
leaf_value=-0.032569805502949571 -0.022905854472220027 -0.014975345179230879 -0.0098488450634521049 -0.025786118580891193 0.0093912411815680538 0.010939241974914549 -0.003666363462445605 -0.027528262557794173 0.026188853024008165 0.023629978370455666 0.026935947648136688 -0.00080178900788512605 -0.015517012366002732 0.022749577570506739
leaf_weight=488.88110442459583 119.49695487320423 15.830281317234038 117.71693415939808 207.82075411081314 122.98999851942062 56.592662572860718 41.657190948724747 27.589298859238625 524.80543319880962 291.19891265034676 100.11186102032661 194.52153719961643 79.402698010206223 122.27258156239986
leaf_count=3606 692 87 519 1220 512 223 183 141 2120 1115 370 796 390 467
internal_value=5.10104e-05 0.0126701 0.0154363 -0.0247119 -0.0139323 0.0102866 0.0129707 0.00248983 0.0249581 0.0161428 0.0113473 0.00693066 -0.00450811 0.0160553
internal_weight=2510.89 1663.61 1544.11 847.281 358.4 1003.47 885.757 150.579 540.636 749.762 458.563 358.451 135.995 163.93
internal_count=12441 6962 6270 5479 1873 4063 3544 653 2207 2931 1816 1446 613 650
is_linear=0
shrinkage=0.03


Tree=33
num_leaves=15
num_cat=0
split_feature=0 4 6 1 5 6 4 0 5 4 3 4 3 5
split_gain=872.203 242.524 76.5797 90.5897 52.0511 27.2329 39.2227 26.5962 28.865 26.28 20.4711 18.0833 23.5791 17.562
threshold=14.127500000000005 49.507068954251373 4.7500000000000009 6.5100000000000025 75.77875137329103 5.6500000000000012 59.095324993640006 24.031250000000004 173.05935668945315 72.349571147684969 2.642306202326433 71.483629435779378 2.8853725272803099 69.518280029296889
decision_type=2 2 2 2 2 2 2 2 2 2 2 2 2 2
left_child=11 -2 -3 -4 -5 7 10 -6 -9 -10 -7 12 -1 -14
right_child=1 2 3 4 5 6 -8 8 9 -11 -12 -13 13 -15
leaf_value=-0.031504566031376753 -0.019710439773152968 -0.021831832395007102 0.0019514620156866069 0.02722516325566814 0.016359344163949682 -0.025007238975657382 0.022681735427889298 0.016816464867160225 -0.029835299979147578 0.00098975779602593198 0.0084928767181946842 -0.035113716928202227 0.026723278231846257 -0.016184524240805985
leaf_weight=147.42898651957512 217.07120148837566 51.37727664411068 366.79065804183483 439.99307708442211 149.89944885671139 19.865462809801102 411.41357989609241 52.468054503202438 37.956336915493011 68.777899503707886 76.037761971354485 381.66499629616737 8.7284748107194883 77.619406804442406
leaf_count=1058 1248 252 1505 1805 584 93 1590 205 175 282 296 2927 39 496
internal_value=-3.27205e-05 0.0100617 0.0139305 0.0150752 0.0189018 0.0143883 0.018663 0.00733485 -0.00121139 -0.0101473 0.00136718 -0.0310255 -0.0242299 -0.0115909
internal_weight=2507.09 1891.65 1674.58 1623.2 1256.41 816.419 507.317 309.102 159.202 106.734 95.9032 615.442 233.777 86.3479
internal_count=12555 8035 6787 6535 5030 3225 1979 1246 662 457 389 4520 1593 535
is_linear=0
shrinkage=0.03


Tree=34
num_leaves=15
num_cat=0
split_feature=0 4 5 6 0 2 0 0 0 3 3 6 5 2
split_gain=819.171 239.551 70.2246 53.5932 46.9707 37.2804 31.8176 30.5494 29.8066 25.0375 24.3672 31.4863 25.1433 21.2575
threshold=14.573333333333338 51.52323026148288 79.856250762939467 5.1500000000000012 16.071666666666676 29.610000000000003 11.487083333333336 18.858333333333338 19.32833333333334 2.9957492345452352 2.4910533609488996 5.9500000000000011 220.00251007080081 34.730000000000011
decision_type=2 2 2 2 2 2 2 2 2 2 2 2 2 2
left_child=6 -2 8 -4 -5 -6 -1 -7 -3 -8 -9 12 -12 -14
right_child=1 2 3 4 5 7 9 10 -10 -11 11 -13 13 -15
leaf_value=-0.033867878239024651 -0.0175695699737628 0.0083388049975279266 -0.0085114331460159048 -0.012969192073346974 0.027660971629508639 -0.0063891764852530711 -0.026346720988099304 -0.019246257088813272 0.026677851050323522 -0.004917900406857325 0.019643870958010849 0.020445508950060282 0.0048317912524990783 -0.022614284082013655
leaf_weight=412.90806972980499 237.82515794038773 98.473397821187973 122.35848642885685 59.859901010990143 154.7963452488184 76.833458051085472 160.36901403218508 18.906247034668922 446.59785179793835 71.285484157502651 87.352742552757263 352.68769140541553 141.69791077077389 29.896758586168289
leaf_count=3253 1344 390 537 275 582 317 1057 85 1851 387 340 1364 571 133
internal_value=0.000200843 0.0104589 0.0146611 0.0100895 0.0125645 0.0143503 -0.0288512 0.0114026 0.023386 -0.0198021 0.0135772 0.0146216 0.00664122 -5.3429e-05
internal_weight=2471.85 1827.29 1589.46 1044.39 922.031 862.171 644.563 707.375 545.071 231.654 630.541 611.635 258.947 171.595
internal_count=12486 7789 6445 4204 3667 3392 4697 2810 2241 1444 2493 2408 1044 704
is_linear=0
shrinkage=0.03


Tree=35
num_leaves=15
num_cat=0
split_feature=1 4 2 5 6 6 8 5 4 1 4 7 2 1
split_gain=713.967 190.021 87.1018 62.6433 55.897 55.8478 45.0756 29.6159 25.2711 24.7257 31.9514 23.7733 19.7822 18.4979
threshold=3.7500000000000018 46.648516709309284 28.890000000000004 45.020414352416999 5.1500000000000012 5.5500000000000016 29.450000000000006 306.87657165527349 70.68732401951948 -1.0399999999999963 63.295067884196534 34.650000000000013 26.090000000000007 5.4200000000000044
decision_type=2 2 2 2 2 2 2 2 2 2 2 2 2 2
left_child=2 -2 8 12 11 7 13 -4 9 -1 -11 -5 -3 -6
right_child=1 3 5 4 6 -7 -8 -9 -10 10 -12 -13 -14 -15
leaf_value=-0.028088059877937749 -0.022324700734017402 -0.015753475312022279 0.02274142389050593 -0.017884035837070957 -0.0083408671786477928 -0.017167533546975439 0.019929950264871491 -0.034394286618125901 -0.035445013595376308 0.038667004486363288 -0.020273271041668602 0.0080269360280766366 0.025888114970485727 0.0091132625903246108
leaf_weight=71.47782725840807 136.29123219847679 9.921862065792082 52.190298080444336 78.35711133480072 62.207867413759232 303.45128101110458 471.10438598692417 8.7296727895736677 353.97087006270885 12.759995087981222 19.795050919055939 52.488447904586792 385.05488163232803 410.91882520914078
leaf_count=550 835 57 196 367 279 1700 1867 46 2850 52 127 210 1614 1667
internal_value=-0.00018763 0.0114493 -0.0229044 0.0145936 0.0108225 -0.0119104 0.0133679 0.0141308 -0.0316059 -0.0183303 0.00329232 -0.00750785 0.0248049 0.0068056
internal_weight=2428.72 1606.34 822.375 1470.05 1075.08 364.371 944.231 60.92 458.004 104.033 32.555 130.846 394.977 473.127
internal_count=12417 6896 5521 6061 4390 1942 3813 242 3579 729 179 577 1671 1946
is_linear=0
shrinkage=0.03


Tree=36
num_leaves=15
num_cat=0
split_feature=0 3 5 5 6 0 2 3 2 6 3 0 3 6
split_gain=776.398 197.434 67.8192 60.5141 53.356 47.9072 39.0696 32.0856 29.4157 24.9073 31.0816 23.9762 23.5393 21.7223
threshold=14.127500000000005 2.651404005585706 91.324592590332045 69.518280029296889 5.2500000000000009 16.071666666666676 30.340000000000003 2.2379707788842 32.190000000000012 6.1500000000000012 3.1682528617796386 19.32833333333334 2.9510702529239867 4.7500000000000009
decision_type=2 2 2 2 2 2 2 2 2 2 2 2 2 2
left_child=-1 3 11 -2 8 -6 -7 -5 -4 10 -8 -3 -11 -13
right_child=1 2 4 7 5 6 9 -9 -10 12 -12 13 -14 -15
leaf_value=-0.029979010410581083 0.01656338301500002 0.0093838728276753637 0.0062574089187818708 -0.032281137484938542 -0.010037936294496733 0.027084268599894344 -0.0028146248487816573 -0.0098320124017442709 -0.018645609723391843 0.0088052677427351653 0.01861850791887798 -0.0059695831968320087 0.025047695784492195 0.026527978385700465
leaf_weight=585.77099149674177 49.090291574597359 109.4299041479826 84.242557927966118 102.93691658973694 78.719222664833069 170.43546777963638 186.80924795567989 130.62188094854355 84.76765675842762 173.56937730312347 89.193138524889946 18.990741819143295 151.24554033577442 432.42793947458267
leaf_count=4530 199 437 343 668 368 653 769 668 395 702 349 85 590 1839
internal_value=0.000115466 0.00959153 0.0137227 -0.0134661 0.0090966 0.0121557 0.014431 -0.0198215 -0.00626899 0.0108026 0.00415393 0.0220965 0.016422 0.0251507
internal_weight=2448.25 1862.48 1579.83 282.649 1018.98 849.972 771.253 233.559 169.01 600.817 276.002 560.849 324.815 451.419
internal_count=12595 8065 6530 1535 4169 3431 3063 1336 738 2410 1118 2361 1292 1924
is_linear=0
shrinkage=0.03


Tree=37
num_leaves=15
num_cat=0
split_feature=0 4 5 0 2 6 4 6 0 0 1 1 6 8
split_gain=728.008 217.689 80.6099 42.7059 49.7784 46.7011 30.1154 30.5988 25.2826 21.9117 18.8425 18.3955 17.8183 17.3493
threshold=14.235416666666675 46.648516709309284 51.939153671264656 17.441666666666674 32.190000000000012 5.2500000000000009 59.095324993640006 6.1500000000000012 19.771666666666672 12.189583333333339 20.390000000000008 15.540000000000006 5.6500000000000012 30.150000000000006
decision_type=2 2 2 2 2 2 2 2 2 2 2 2 2 2
left_child=9 -2 8 13 12 -6 11 10 -3 -1 -8 -7 -5 -4
right_child=1 2 3 4 5 6 7 -9 -10 -11 -12 -13 -14 -15
leaf_value=-0.032957872641260849 -0.022754551086435395 0.0084613471133259885 -0.01188169760169039 0.012170815798623237 -0.014408496821839388 0.0024479647047547992 -0.0001031700828431427 0.020918134999803075 0.026341389289510915 -0.019007247918156129 0.022931913027080766 -0.023281315585117895 0.0253068983767471 0.0097957307505834087
leaf_weight=444.89290972054005 176.97751416265965 89.696327120065689 121.48332136869431 183.8202982544899 92.042344778776169 120.86377540230751 161.99113607406616 205.37934355437756 368.10847316682339 137.80325438082218 38.81201483309269 30.486165449023247 194.54357051849365 44.743453189730644
leaf_count=3699 1107 361 549 751 424 496 666 823 1585 863 155 140 758 181
internal_value=-0.000524242 0.0087812 0.0121714 0.00805637 0.0103368 0.0052844 0.00855546 0.0128032 0.0228643 -0.0296969 0.00444071 -0.00285344 0.0189739 -0.00602307
internal_weight=2411.64 1828.95 1651.97 1194.17 1027.94 649.575 557.532 406.182 457.805 582.696 200.803 151.35 378.364 166.227
internal_count=12558 7996 6889 4943 4213 2704 2280 1644 1946 4562 821 636 1509 730
is_linear=0
shrinkage=0.03


Tree=38
num_leaves=15
num_cat=0
split_feature=0 4 5 2 3 0 0 0 0 7 2 0 5 3
split_gain=672.114 193.183 75.4152 48.2688 48.746 40.5325 28.3998 25.9126 23.1919 21.9769 18.9696 19.2855 18.9466 17.6498
threshold=14.235416666666675 45.179205572078843 51.939153671264656 30.340000000000003 2.4910533609488996 18.858333333333338 19.771666666666672 16.071666666666676 12.666666666666673 36.650000000000013 38.650000000000013 25.552083333333336 79.856250762939467 3.0644317808652581
decision_type=2 2 2 2 2 2 2 2 2 2 2 2 2 2
left_child=8 12 6 7 -5 -6 -3 -4 -1 10 11 -7 -2 -10
right_child=1 2 3 4 5 9 -8 -9 13 -11 -12 -13 -14 -15
leaf_value=-0.031476524554660386 0.018070864588199832 0.0064978556055020264 -0.0037955232574722014 -0.024605009319114062 -0.0089198962300065816 0.0098252068379831164 0.026089423476776188 0.022445576980565814 -0.02197156185446764 0.023044238275013187 0.01946760716980328 -0.0014316803800836797 -0.025566841215118409 0.0074013327157844196
leaf_weight=459.79781822115183 8.8448045253753644 82.648415267467499 39.031448289752007 47.688312664628029 133.45001102983952 315.11667008697987 359.70939585566521 242.51941688358784 88.339553773403168 87.465797483921051 94.096395537257195 241.30628006160259 146.91676875948906 22.657164245843887
leaf_count=3879 41 335 176 236 585 1265 1571 952 539 345 373 1062 965 112
internal_value=-0.000158654 0.00884326 0.0118732 0.00796028 0.00462077 0.00624648 0.0224519 0.0188072 -0.028493 0.00899738 0.00707624 0.00494957 -0.0229894 -0.0159633
internal_weight=2369.59 1798.79 1643.03 1200.67 919.123 871.435 442.358 281.551 570.795 737.985 650.519 556.423 155.762 110.997
internal_count=12436 7906 6900 4994 3866 3630 1906 1128 4530 3045 2700 2327 1006 651
is_linear=0
shrinkage=0.03


Tree=39
num_leaves=15
num_cat=0
split_feature=0 4 1 6 4 6 2 1 4 6 5 5 2 0
split_gain=674.89 186.239 62.2352 71.1701 39.7066 28.3618 32.0956 20.4163 20.8446 20.3009 20.0395 19.7596 21.938 18.2846
threshold=14.127500000000005 51.52323026148288 6.6400000000000032 5.0500000000000016 71.172630964416285 6.5500000000000016 33.210000000000015 5.4200000000000044 70.68732401951948 4.4500000000000011 26.566251754760746 53.258100509643562 35.370000000000012 16.709583333333338
decision_type=2 2 2 2 2 2 2 2 2 2 2 2 2 2
left_child=7 11 13 9 5 6 -5 8 -1 -4 -8 -2 -13 -3
right_child=1 2 3 4 -6 -7 10 -9 -10 -11 -12 12 -14 -15
leaf_value=-0.021600912398595504 0.019763267357770998 -0.0059109541033947732 -0.031244561419198152 0.016251450953083165 0.023216018891835413 0.019767585079863304 0.028499811724570962 0.030400246532375434 -0.034058872527702032 6.9049416110414201e-05 -0.0085760787616230346 0.0006153765046481856 -0.023167110092937569 0.0075139037234040959
leaf_weight=197.23044597357512 12.107050552964209 160.49231164157391 21.62497490644455 120.60881952941418 619.15221813321114 211.26335351169109 13.646753460168837 4.3899700045585623 348.69465669989586 105.59126608073711 126.43822526931763 43.509484946727753 174.53994761407375 209.18033085763454
leaf_count=1463 49 718 113 478 2649 855 58 18 3005 455 546 217 1088 813
internal_value=4.53673e-06 0.00881676 0.0124729 0.015742 0.0182163 0.0116221 0.00497081 -0.0290729 -0.0296058 -0.005456 -0.00478783 -0.016354 -0.0184404 0.00168532
internal_weight=2368.47 1818.15 1588 1218.33 1091.11 471.957 260.694 550.315 545.925 127.216 140.085 230.156 218.049 369.673
internal_count=12525 8039 6685 5154 4586 1937 1082 4486 4468 568 604 1354 1305 1531
is_linear=0
shrinkage=0.03


Tree=40
num_leaves=15
num_cat=0
split_feature=1 4 4 6 5 6 2 4 1 1 7 5 2 2
split_gain=598.216 151.749 75.5552 67.2378 54.7936 47.1196 32.4951 32.128 30.8935 25.8808 25.6273 23.0313 22.1282 20.1736
threshold=3.7500000000000018 43.609869093628589 70.68732401951948 6.6500000000000012 45.020414352416999 5.1500000000000012 29.430000000000003 66.078409198906428 5.4200000000000044 -5.2599999999999936 34.650000000000013 263.19540405273443 30.550000000000001 38.890000000000022
decision_type=2 2 2 2 2 2 2 2 2 2 2 2 2 2
left_child=2 -2 3 9 -3 10 -4 12 -9 -1 -6 -8 -7 -14
right_child=1 4 6 -5 5 7 11 8 -10 -11 -12 -13 13 -15
leaf_value=-0.019832332012530623 -0.022144667130171759 0.023256045108599153 -0.034550602057878438 -0.024133211860584706 -0.017552099384856228 0.024249865504077709 0.0010277233271603319 -0.0077521994310901492 0.018956029208696164 0.0069741193054851554 0.0093870892573164992 -0.047437954395366286 -0.0010646901685413064 0.015676620969359165
leaf_weight=40.813300609588623 116.0068547129631 374.95516035705805 327.9552878588438 200.13939514756203 79.077245950698853 49.788076192140579 42.621461249887943 41.656476877629757 511.55944430828094 143.23465836793184 51.874929815530777 10.115438029170035 263.85541476309299 84.813804537057877
leaf_count=307 776 1677 2912 1337 374 189 197 196 2112 705 209 53 1109 345
internal_value=0.000170002 0.0107477 -0.0215772 -0.0121434 0.013379 0.00993989 -0.0310409 0.0122605 0.0169346 0.000954641 -0.00689024 -0.00897824 0.00574501 0.00304082
internal_weight=2338.47 1573.59 764.88 384.187 1457.58 1082.63 380.692 951.673 553.216 184.048 130.952 52.7369 398.457 348.669
internal_count=12498 6987 5511 2349 6211 4534 3162 3951 2308 1012 583 250 1643 1454
is_linear=0
shrinkage=0.03


Tree=41
num_leaves=15
num_cat=0
split_feature=0 4 5 3 6 0 0 2 6 4 0 6 0 0
split_gain=611.052 189.36 61.9631 40.7976 45.8009 39.5138 26.4421 23.2397 24.4917 25.4808 21.2732 21.6497 20.5153 18.9163
threshold=14.127500000000005 46.648516709309284 71.59177398681642 2.651404005585706 5.2500000000000009 16.709583333333338 24.104583333333341 30.740000000000009 6.4500000000000011 66.859289128495604 18.858333333333338 4.7500000000000009 12.863333333333339 20.04750000000001
decision_type=2 2 2 2 2 2 2 2 2 2 2 2 2 2
left_child=12 -2 10 -4 6 -6 -5 -7 9 -9 -3 -12 -1 -10
right_child=1 2 3 4 5 7 -8 8 13 -11 11 -13 -14 -15
leaf_value=-0.030617168092159711 -0.021559256241567615 0.0071849001170060829 -0.011806725122626288 0.010062100079646842 -0.0050575914316632132 0.023944848993257842 -0.013750909493490077 -0.0027649660720997457 -0.0022289104871494022 0.013704564744623561 -0.011296085744199382 0.02461237579589913 -0.01452213245580828 0.022988386729112478
leaf_weight=447.22225297242403 169.63786959648132 91.416667059063911 87.945144265890121 67.525889292359352 103.51999911665916 183.56178227066994 107.525794506073 148.64678083360195 30.98882158100605 194.1884098649025 15.158287793397902 398.58427247405052 88.057904720306396 188.22683966159821
leaf_count=3988 1109 370 402 273 467 743 495 612 127 791 69 1792 514 751
internal_value=8.54027e-05 0.00850987 0.0116752 0.00770588 0.00939128 0.0122694 -0.0045601 0.0146786 0.0116152 0.00657642 0.0203813 0.0232727 -0.0280014 0.0194297
internal_weight=2322.21 1786.93 1617.29 1112.13 1024.18 849.133 175.052 745.613 562.051 342.835 505.159 413.743 535.28 219.216
internal_count=12503 8001 6892 4661 4259 3491 768 3024 2281 1403 2231 1861 4502 878
is_linear=0
shrinkage=0.03


Tree=42
num_leaves=15
num_cat=0
split_feature=0 4 5 2 0 0 2 8 5 3 0 5 8 0
split_gain=591.212 143.849 62.9036 43.5638 32.3887 28.367 21.5461 23.1273 21.4368 20.777 20.1017 20.1014 20.0312 18.2584
threshold=14.127500000000005 48.836669285475992 41.271705627441413 29.240000000000009 18.858333333333338 19.209166666666672 32.190000000000012 35.750000000000007 406.66954040527349 2.2379707788842 12.863333333333339 77.791458129882827 17.550000000000004 15.874583333333337
decision_type=2 2 2 2 2 2 2 2 2 2 2 2 2 2
left_child=10 9 5 13 8 -3 -6 -8 12 11 -1 -2 -5 -4
right_child=1 2 3 4 6 -7 7 -9 -10 -11 -12 -13 -14 -15
leaf_value=-0.030691609319380093 0.015297213400761145 0.004842081065125169 -0.00011468360880809129 -0.035010859602850046 0.015694149112328595 0.025843058490891857 0.0019976407505518882 0.017093363990852206 -0.024943269289034627 -0.0066476118057519238 -0.014209260874996341 -0.030946542858379292 0.0035055388321951265 0.024702372517023865
leaf_weight=437.56267196685076 8.80608221888542 71.924977675080299 31.772477120161057 12.544052317738531 223.87416559457779 307.14219474047422 492.73530102521181 111.2246753051877 41.792014554142952 100.86501628160477 81.590995892882347 83.118754908442497 117.27303551137447 165.20251050591469
leaf_count=3981 40 295 144 61 933 1409 2115 461 206 564 478 605 487 660
internal_value=-1.70183e-05 0.00824903 0.0112435 0.00785749 0.00530451 0.0218815 0.00776248 0.00480131 -0.00652892 -0.0161533 -0.0281335 -0.0263996 -0.000455431 0.020719
internal_weight=2287.43 1768.28 1575.49 1196.42 999.443 379.067 827.834 603.96 171.609 192.79 519.154 91.9248 129.817 196.975
internal_count=12439 7980 6771 5067 4263 1704 3509 2576 754 1209 4459 645 548 804
is_linear=0
shrinkage=0.03


Tree=43
num_leaves=15
num_cat=0
split_feature=0 4 6 5 2 0 6 0 4 0 2 5 3 3
split_gain=560.891 156.663 57.8594 41.533 36.4737 37.176 48.7503 29.8004 29.0938 28.4928 23.4799 23.7032 17.8355 15.4952
threshold=14.76041666666667 51.52323026148288 4.5500000000000016 91.324592590332045 29.340000000000003 18.858333333333338 5.5500000000000016 19.32833333333334 58.711631172426486 12.863333333333339 34.170000000000016 110.33356857299806 3.0113504918859824 2.2379707788842
decision_type=2 2 2 2 2 2 2 2 2 2 2 2 2 2
left_child=9 10 -3 7 -5 -6 -7 -4 -8 -1 -2 -12 -11 -13
right_child=1 2 3 4 5 6 8 -9 -10 12 11 13 -14 -15
leaf_value=-0.029543540116927437 0.009307501200256689 -0.031852041271208165 0.004922348047851805 0.021831718442257224 -0.0094099289563300756 -0.0029992757091504806 9.1598481461450094e-05 0.022945615508204138 0.018448513380717579 -0.020842041987519488 0.0095746492207013627 -0.033350849553051926 0.002879346469062404 -0.014651759230355112
leaf_weight=435.83455803245306 29.85705703496933 25.705223008990288 102.99434445798397 163.23843848705292 115.26433344185352 209.21925979852676 99.223582372069359 428.6969912648201 357.4476235806942 90.450864687561989 22.371656566858292 72.445909157395363 41.137223049998283 93.788468390703201
leaf_count=4040 143 136 418 661 502 897 408 1978 1454 536 106 544 200 532
internal_value=-5.9628e-06 0.00852675 0.0119804 0.0127648 0.00897306 0.0062615 0.00898423 0.0194701 0.0144689 -0.025844 -0.0151612 -0.0190633 -0.0134604 -0.0229516
internal_weight=2287.68 1720.25 1501.79 1476.08 944.393 781.155 665.89 531.691 456.671 567.423 218.463 188.606 131.588 166.234
internal_count=12555 7779 6454 6318 3922 3261 2759 2396 1862 4776 1325 1182 736 1076
is_linear=0
shrinkage=0.03


Tree=44
num_leaves=15
num_cat=0
split_feature=0 3 5 6 0 2 0 5 8 3 6 3 0 5
split_gain=539.044 144.569 58.75 47.7154 35.3046 31.3309 29.5965 25.7203 24.9584 23.1949 30.8857 24.4157 24.449 21.3444
threshold=14.127500000000005 2.4527214424105277 41.271705627441413 5.1500000000000012 16.999583333333341 30.340000000000003 18.979166666666671 71.59177398681642 30.150000000000006 3.1915432195829734 5.9500000000000011 2.8505911015437655 27.600000000000005 364.94590759277349
decision_type=2 2 2 2 2 2 2 2 2 2 2 2 2 2
left_child=-1 7 6 -4 8 -6 -3 -2 -5 10 13 12 -12 -7
right_child=1 2 3 4 5 9 -8 -9 -10 -11 11 -13 -14 -15
leaf_value=-0.026951921312159441 0.0070723523434874751 0.0037629181981635946 -0.0083289548290747945 -0.01108534251107508 0.023192496062527636 0.0070366938707493625 0.025735101274204128 -0.023641426122760292 0.016986182657017439 0.019805271738876244 0.0063212722727093726 0.01703206641675269 -0.029193683560627428 -0.01421724900758381
leaf_weight=507.88086403906345 29.289427325129509 68.483752116560936 145.03227566182613 107.9840354770422 183.36047537624836 79.840291947126389 291.21433994919062 138.64635951817036 37.634711742401123 151.71122449636459 163.44335295259953 248.63398565351963 18.522327348589897 88.894795924425125
leaf_count=4520 128 281 652 504 769 326 1372 925 151 643 710 1035 104 386
internal_value=0.0002314 0.00811924 0.0109259 0.0077845 0.00995401 0.0120936 0.0215738 -0.0182745 -0.00376397 0.00935664 0.00668317 0.0109392 0.0025664 -0.00417832
internal_weight=2260.57 1752.69 1584.76 1225.06 1080.03 934.406 359.698 167.936 145.619 751.046 599.335 430.6 181.966 168.735
internal_count=12506 7986 6933 5280 4628 3973 1653 1053 655 3204 2561 1849 814 712
is_linear=0
shrinkage=0.03


Tree=45
num_leaves=15
num_cat=0
split_feature=0 4 5 8 0 2 0 2 6 3 0 4 6 0
split_gain=549.474 144.535 47.74 36.1523 32.6297 31.4609 25.2308 27.321 23.5283 25.5442 23.2498 23.1795 22.124 20.2181
threshold=14.127500000000005 49.507068954251373 51.939153671264656 30.450000000000006 16.575000000000006 30.340000000000003 11.487083333333336 20.270000000000007 5.5500000000000016 2.4710422112878279 18.858333333333338 68.926590245999705 4.5500000000000016 18.858333333333338
decision_type=2 2 2 2 2 2 2 2 2 2 2 2 2 2
left_child=6 -2 10 4 -4 -6 -1 -8 -7 -10 -3 -9 -5 -11
right_child=1 2 3 12 5 8 7 11 9 13 -12 -13 -14 -15
leaf_value=-0.031871695903206355 -0.016285049171329218 0.0053992981118522292 -0.013602518862543886 -0.02568013283860451 0.02187272860625597 -0.0077929752241291672 0.054872489611473931 -0.0064708474613285891 -0.022797634565978865 -0.011078318407804169 0.023526776416963067 -0.029493498101854285 0.015382679883344078 0.012309636118352047
leaf_weight=336.87357800453901 188.30936376750469 79.149572476744652 85.225499972701073 11.234910666942595 94.881628826260567 130.13347148895264 3.6546055972576132 71.565684840083122 22.804619818925858 37.080495044589043 340.31281977891922 88.412817314267159 480.17051781713963 272.72082510590553
leaf_count=3312 1201 322 410 60 386 574 18 475 109 157 1621 727 2014 1113
internal_value=0.000514685 0.0084764 0.011486 0.00827546 0.00358352 0.00622984 -0.0271579 -0.0173188 0.00298212 0.00720865 0.0201272 -0.0192986 0.0143936 0.00948367
internal_weight=2242.53 1742.02 1553.71 1134.25 642.847 557.621 500.507 163.633 462.739 332.606 419.462 159.979 491.405 309.801
internal_count=12499 7967 6766 4823 2749 2339 4532 1220 1953 1379 1943 1202 2074 1270
is_linear=0
shrinkage=0.03


Tree=46
num_leaves=15
num_cat=0
split_feature=0 4 1 6 5 4 2 6 4 4 6 4 5 1
split_gain=480.707 131.008 62.1638 54.1305 35.9816 24.7612 23.3061 27.7081 33.8681 21.5426 18.723 26.6817 22.7168 17.5705
threshold=14.127500000000005 43.609869093628589 4.700000000000002 4.5500000000000016 85.244823455810561 70.43227364384741 30.340000000000003 6.1500000000000012 59.095324993640006 67.918854662973288 6.8500000000000014 64.771288780721747 241.43788909912112 5.4200000000000044
decision_type=2 2 2 2 2 2 2 2 2 2 2 2 2 2
left_child=5 -2 10 -4 -5 -1 -6 9 -9 -8 11 -3 -13 -7
right_child=1 2 3 4 6 13 7 8 -10 -11 -12 12 -14 -15
leaf_value=-0.016959189274786211 -0.02115094587384491 0.020638810248963673 -0.028789753149785016 0.020607222616413373 0.018886858163210573 -0.03198665132675875 -0.01033420164382348 0.0010009279812024183 0.020992085442404405 0.0062048951958274682 -0.012872469317865801 0.0044005612314521646 -0.02404643177697071 0.03010128153716966
leaf_weight=176.51816425472498 130.47118812799454 52.737884745001793 26.802702993154526 435.57834076136351 201.96326200664043 307.17167004942894 101.57806493341923 122.66470465064049 201.11136336624622 228.40883830189705 105.57840645313263 75.662528321146965 36.75294716656208 3.4164191037416449
leaf_count=1432 937 201 143 2060 854 3035 430 526 838 970 500 309 176 15
internal_value=0.000185935 0.00764132 0.0100175 0.0127052 0.0135881 -0.0260906 0.00999532 0.00722386 0.0134447 0.00109791 -0.00306665 0.00324171 -0.00502987 -0.0312093
internal_weight=2206.42 1719.31 1588.84 1318.11 1291.3 487.106 855.726 653.763 323.776 329.987 270.732 165.153 112.415 310.588
internal_count=12426 7944 7007 5821 5678 4482 3618 2764 1364 1400 1186 686 485 3050
is_linear=0
shrinkage=0.03


Tree=47
num_leaves=15
num_cat=0
split_feature=0 3 5 0 2 6 0 5 2 4 6 2 5 0
split_gain=466.643 120.334 58.251 38.9326 35.3781 28.8682 22.6536 21.7209 21.4367 20.2085 19.836 19.6874 19.4842 21.9959
threshold=13.54916666666667 2.4527214424105277 41.271705627441413 16.575000000000006 29.240000000000009 5.2500000000000009 19.209166666666672 50.175901412963874 30.140000000000004 63.649666149336575 6.1500000000000012 23.61000000000001 230.7206954956055 20.04750000000001
decision_type=2 2 2 2 2 2 2 2 2 2 2 2 2 2
left_child=-1 7 6 11 -5 -6 -3 -2 -9 -7 12 -4 -11 -14
right_child=1 2 3 4 5 9 -8 8 -10 10 -12 -13 13 -15
leaf_value=-0.027441270975644104 0.0092008653102619437 0.0059002962251188465 0.029464528717017109 0.022519546045125429 -0.0055821620316321126 0.0026642370641247553 0.023881144296220378 0.0183613946829825 -0.024953581307303321 0.015533852101806299 0.020523063848688825 -0.011189483152870657 -0.035731678437940666 0.0037497681373509762
leaf_weight=446.4468984156847 23.307054847478867 81.951885163784027 10.663509726524351 135.65927557647228 156.20593984425068 318.04434628784657 284.58593026548624 10.432961672544478 132.67284063249826 144.26682913303375 172.83665280789137 137.91974472999573 12.982654452323912 137.42646877467632
leaf_count=4306 101 343 41 574 702 1397 1406 44 922 623 742 680 63 584
internal_value=-8.52765e-05 0.00686969 0.00940822 0.00626146 0.00824688 0.00616923 0.0198879 -0.0173347 -0.0216903 0.00851009 0.0124728 -0.00809436 0.00769761 0.000128417
internal_weight=2205.4 1758.96 1592.54 1226.01 1077.42 941.763 366.538 166.413 143.106 785.557 467.513 148.583 294.676 150.409
internal_count=12528 8222 7155 5406 4685 4111 1749 1067 966 3409 2012 721 1270 647
is_linear=0
shrinkage=0.03


Tree=48
num_leaves=15
num_cat=0
split_feature=0 3 6 0 5 5 6 7 0 7 7 1 1 1
split_gain=454.015 109.273 40.9399 38.2758 45.3398 37.8588 25.7495 21.8442 33.7617 20.9837 20.4032 20.2812 18.1196 17.3526
threshold=14.127500000000005 2.651404005585706 4.9500000000000011 18.076250000000005 154.09014892578128 71.59177398681642 5.8500000000000014 33.250000000000007 24.363333333333337 20.150000000000006 9.2500000000000018 5.5600000000000049 21.93000000000001 3.6000000000000045
decision_type=2 2 2 2 2 2 2 2 2 2 2 2 2 2
left_child=11 5 -3 -4 9 -2 7 8 -6 -5 -7 -1 -10 -12
right_child=1 2 3 4 6 10 -8 -9 12 -11 13 -13 -14 -15
leaf_value=-0.026755040817015841 0.013992446012697855 -0.0079010089553455294 0.001188759006894532 0.011798696021796371 0.0062263903944028524 -0.02415958508857621 0.014173541281750211 0.014794673423172148 -0.024192635938688596 0.025583833185276461 -0.032587639512065864 0.03979727653604568 0.02666674253038127 0.0012386006284983619
leaf_weight=461.70128487050533 44.458942741155624 101.94113193452358 251.6344131976366 148.1491718813777 119.3411570340395 121.6609186604619 360.95692110061646 82.461173295974731 66.35894812643528 319.18952832370996 15.819372549653052 3.3155515789985648 6.1339793652296057 72.05878421664238
leaf_count=4428 190 469 1079 689 503 878 1524 352 301 1550 99 13 22 336
internal_value=5.53924e-05 0.00720468 0.0103717 0.0117521 0.0141596 -0.0109215 0.00891931 0.00197868 -0.00357851 0.0212484 -0.016249 -0.0261961 -0.0195849 -0.00514877
internal_weight=2175.18 1710.16 1456.17 1354.23 1102.59 253.998 635.252 274.295 191.834 467.339 209.539 465.017 72.4929 87.8782
internal_count=12433 7992 6489 6020 4941 1503 2702 1178 826 2239 1313 4441 323 435
is_linear=0
shrinkage=0.03


Tree=49
num_leaves=15
num_cat=0
split_feature=1 3 2 3 5 5 4 2 5 4 1 4 8 8
split_gain=392.95 93.2022 70.2684 52.3909 37.6702 35.0639 25.4206 25.0642 20.5613 22.1518 20.5296 21.2267 13.4413 13.0853
threshold=3.7500000000000018 2.3929781808550867 29.060000000000009 2.835652524805155 41.271705627441413 69.518280029296889 70.68732401951948 33.730000000000011 137.14272308349612 70.066866376256073 -1.3399999999999961 62.531295128432937 21.150000000000006 22.150000000000006
decision_type=2 2 2 2 2 2 2 2 2 2 2 2 2 2
left_child=2 5 6 -4 -3 -2 10 12 13 -10 -1 -12 -6 -5
right_child=1 4 3 8 7 -7 -8 -9 9 -11 11 -13 -14 -15
leaf_value=-0.024184031270837934 0.014322110013558044 0.020026436608629794 -0.022114142132167728 0.02980230989069171 -0.00068430104055182688 -0.025050169877865656 -0.032603416104960654 0.0028322004111838942 0.00066310758000063586 -0.03337178199955676 0.039207309186225094 -0.011923579269920364 0.013721348557132865 0.0046399788600834223
leaf_weight=57.725495181977749 25.136162012815475 304.21367882937193 144.58619144558907 26.398403733968735 65.417026735842228 94.86238831281662 272.52381539344788 466.23634608089924 70.197502180933952 21.785176120698452 10.230543106794359 20.029815293848515 527.4456418082118 59.413295842707157
leaf_count=569 108 1533 1038 100 302 667 2903 2113 352 127 44 148 2273 251
internal_value=-0.000170796 0.00849831 -0.0189859 -0.00876933 0.0107315 -0.0167526 -0.0280724 0.00804533 0.00214594 -0.00766993 -0.0138297 0.00606419 0.0121333 0.0126348
internal_weight=2166.2 1483.31 682.89 322.381 1363.31 119.999 360.51 1059.1 177.794 91.9827 87.9859 30.2604 592.863 85.8117
internal_count=12528 6996 5532 1868 6221 775 3664 4688 830 479 761 192 2575 351
is_linear=0
shrinkage=0.03


Tree=50
num_leaves=15
num_cat=0
split_feature=0 4 0 6 0 5 7 2 6 0 7 1 2 6
split_gain=419.732 107.775 38.5271 38.537 30.7067 29.7304 27.4901 27.2595 25.696 25.0082 21.2711 20.451 25.4716 18.3851
threshold=14.127500000000005 56.788393231171725 18.46958333333334 5.2500000000000009 24.104583333333341 306.87657165527349 32.650000000000013 33.510000000000012 7.4500000000000011 11.487083333333336 20.550000000000004 -0.52000000000000013 20.270000000000007 6.0500000000000016
decision_type=2 2 2 2 2 2 2 2 2 2 2 2 2 2
left_child=9 7 -3 4 -4 10 -6 8 -2 -1 -5 13 -13 -11
right_child=1 2 3 5 6 -7 -8 -9 -10 11 -12 12 -14 -15
leaf_value=-0.030235799780100825 0.02411328256564375 0.00055514088730063821 0.01935041854879567 0.013426996421561555 -0.017177279102262941 0.0088191913766192034 0.0077758430446137833 -0.013150473610886729 -0.020978296255063637 0.018554119076414841 0.025363968325872462 0.045640262644769607 -0.027860683594144082 -0.014192200896890075
leaf_weight=303.39954400062561 36.516943514347076 270.5597058981657 63.819639593362808 241.81543995440006 81.408089973032475 331.44933544099331 75.891490951180458 250.23483072966337 15.434109434485434 23.265408545732498 314.49835753440857 3.5824913531541815 85.829660549759865 41.418154038488865
leaf_count=3300 139 1164 266 1090 397 1440 335 1497 84 140 1537 18 743 333
internal_value=0.000220736 0.00715425 0.0107081 0.0131826 0.00196578 0.0159711 -0.00516521 -0.00905042 0.0105739 -0.025225 0.0202087 -0.0152278 -0.0244435 -0.00231083
internal_weight=2139.12 1681.63 1379.44 1108.88 221.119 887.763 157.3 302.186 51.9511 457.495 556.314 154.096 89.4122 64.6836
internal_count=12483 7949 6229 5065 998 4067 732 1720 223 4534 2627 1234 761 473
is_linear=0
shrinkage=0.03


Tree=51
num_leaves=15
num_cat=0
split_feature=0 3 6 0 7 6 7 1 3 0 3 8 0 2
split_gain=375.426 97.3163 35.5576 37.6512 27.5366 35.8263 22.7526 24.4026 20.4616 19.7238 19.0435 16.7499 16.145 15.3089
threshold=14.002083333333339 2.651404005585706 4.7500000000000009 18.211250000000003 28.550000000000004 5.7500000000000009 9.4500000000000011 3.6000000000000045 3.4203353837591273 12.124166666666671 2.9852063516083898 30.150000000000006 24.363333333333337 33.670000000000016
decision_type=2 2 2 2 2 2 2 2 2 2 2 2 2 2
left_child=9 6 -3 11 5 12 -2 -8 -6 -1 -11 -4 -5 -7
right_child=1 2 3 4 8 13 7 -9 -10 10 -12 -13 -14 -15
leaf_value=-0.028885985629649502 -0.01958527870709021 -0.01577350668137496 -0.005511477077388467 0.0066793612885882583 0.023133062108937039 0.020455116992131719 -0.035119336422451082 0.0040674703324745784 0.007406290284962729 -0.023338994135334187 0.0021271054566166111 0.010895235112486634 -0.0089602075117361599 0.0094544758856532161
leaf_weight=328.9767092987895 135.7125411555171 49.80020347237587 180.57564648985863 123.02882657200098 272.27153420448303 176.55677787214518 15.662873327732084 100.01863840222359 104.05704612284899 72.314776949584484 41.080379031598568 79.980879351496696 113.02658903598785 328.00824297219515
leaf_count=3621 958 250 810 523 1302 782 100 459 506 602 260 327 522 1484
internal_value=-0.000601258 0.00588044 0.00891212 0.00981536 0.0122089 0.00883104 -0.0112992 -0.0014938 0.0188157 -0.0251556 -0.0141753 -0.000452844 -0.000815289 0.0133367
internal_weight=2121.07 1678.7 1427.31 1377.51 1116.95 740.62 251.394 115.682 376.329 442.372 113.395 260.557 236.055 504.565
internal_count=12506 8023 6506 6256 5119 3311 1517 559 1808 4483 862 1137 1045 2266
is_linear=0
shrinkage=0.03


Tree=52
num_leaves=15
num_cat=0
split_feature=1 4 2 3 6 1 4 4 6 7 3 6 1 3
split_gain=338.114 90.1011 61.2094 53.0988 33.5806 28.6343 31.2294 29.3051 51.8971 23.1671 17.8265 16.6879 18.7999 18.244
threshold=2.8900000000000023 43.609869093628589 29.610000000000003 2.762355910283206 4.4500000000000011 6.7800000000000056 72.591014121078487 67.387608604645877 5.3500000000000014 22.150000000000006 2.2700262822365413 6.1500000000000012 14.420000000000002 2.719306408717221
decision_type=2 2 2 2 2 2 2 2 2 2 2 2 2 2
left_child=2 -2 -1 -4 -3 6 10 11 9 -9 -6 12 -7 -13
right_child=1 4 3 -5 5 7 -8 8 -10 -11 -12 13 -14 -15
leaf_value=-0.027530645910980152 -0.019161486308424108 -0.028040636169945687 -0.025912298445780513 0.0020078508504512171 -0.038245425118922954 0.0048402952163527453 -0.018567207643665092 -0.015472586289762389 0.02074008661073461 0.008323016535075875 0.008293345941067759 -0.0028087202371606399 -0.019875903263467984 0.014748528055542416
leaf_weight=337.58663927018642 105.38701003789902 20.221213534474373 95.586788192391396 167.46778299659491 6.7230377793312064 75.298374727368355 56.304498754441738 44.083573088049889 523.43102937191725 200.81092695891857 192.95528936386108 75.827867656946182 42.551134884357452 175.80204863101244
leaf_count=3633 798 111 757 784 38 307 342 213 2527 917 788 341 194 762
internal_value=-5.47427e-05 0.00747827 -0.0190912 -0.00819727 0.00947588 0.0100399 0.000969648 0.0120779 0.0154146 0.00399406 0.00654364 0.00511626 -0.00417597 0.00946753
internal_weight=2120.04 1519.4 600.641 263.055 1414.01 1393.79 255.983 1137.8 768.326 244.895 199.678 369.479 117.85 251.63
internal_count=12512 7338 5174 1541 6540 6429 1168 5261 3657 1130 826 1604 501 1103
is_linear=0
shrinkage=0.03


Tree=53
num_leaves=15
num_cat=0
split_feature=1 4 2 3 5 6 8 5 4 2 1 3 8 4
split_gain=298.713 79.8235 60.1557 60.6797 38.659 40.0388 29.3994 28.8053 25.3451 24.3395 19.3808 19.3445 17.4636 16.3723
threshold=2.8900000000000023 43.609869093628589 29.610000000000003 2.8979293413037039 42.849155426025398 5.1500000000000012 29.450000000000006 298.27114868164068 70.541047523787213 26.180000000000007 5.8600000000000039 2.8327323890764524 23.750000000000004 59.991276300020935
decision_type=2 2 2 2 2 2 2 2 2 2 2 2 2 2
left_child=2 10 8 -4 9 -6 -7 12 11 -3 -2 -1 -5 -8
right_child=1 4 3 7 5 6 13 -9 -10 -11 -12 -13 -14 -15
leaf_value=-0.026776691708078754 0.0028808755312207165 -0.024524200436606192 -0.021477176021951837 0.028518047010570174 -0.0089878705355646744 0.0036546576922004128 -6.7801345855862514e-05 -0.021931484785198119 -0.031514413184164577 0.019877551512228326 -0.02627965891374414 0.00088898042805161275 0.004023281048592421 0.016669459509617131
leaf_weight=43.424622491002083 28.0967136323452 10.703914523124693 132.90403516590595 42.067082844674587 131.43398390710354 497.88623402267694 61.149419531226158 24.313837327063084 237.74843546748161 311.10389921069145 73.194489806890488 46.487526319921017 67.886191785335541 374.85505986213684
leaf_count=448 200 83 979 162 608 2228 266 133 2761 1600 575 392 307 1676
internal_value=0.000166888 0.00734841 -0.0177853 -0.00718091 0.00922886 0.00646524 0.00864737 0.00702438 -0.0263839 0.0183293 -0.0182419 -0.0126202 0.0135673 0.0143273
internal_weight=2083.26 1488.42 594.832 267.171 1387.13 1065.32 933.891 134.267 327.661 321.808 101.291 89.9121 109.953 436.004
internal_count=12418 7236 5182 1581 6461 4778 4170 602 3601 1683 775 840 469 1942
is_linear=0
shrinkage=0.03


Tree=54
num_leaves=15
num_cat=0
split_feature=0 4 5 1 2 4 3 3 4 2 7 0 2 5
split_gain=342.492 98.6713 44.8024 29.0062 27.9274 20.2442 33.5627 19.9954 28.1057 19.3162 20.7914 16.4719 19.2452 15.7323
threshold=13.54916666666667 51.52323026148288 41.271705627441413 5.4200000000000044 30.340000000000003 71.020066685122245 2.9144859585750433 2.7482888335985396 70.9047187793402 38.650000000000013 22.950000000000006 17.561666666666675 27.500000000000007 173.05935668945315
decision_type=2 2 2 2 2 2 2 2 2 2 2 2 2 2
left_child=5 -2 -3 7 -5 6 -1 -4 11 10 -6 12 -9 -8
right_child=1 2 3 4 9 -7 13 8 -10 -11 -12 -13 -14 -15
leaf_value=-0.02621530484599387 -0.013311565302759716 0.018148387292572128 -0.023404695899733357 0.018011127464361319 -0.0012671856406255928 -0.030559955892580246 0.033848101146640733 0.03375322370988703 -0.019218465945571143 0.019359366333060533 0.010033036863767376 0.020180517222713766 -0.005018282017366627 -0.0053831708790673715
leaf_weight=99.289585553109646 210.37578020244837 339.93670028448105 37.019856572151184 202.56775383651257 347.80257304012775 244.68773195147514 11.108779013156889 12.106915935873984 49.595023132860661 77.12622743844986 251.9888056665659 51.631889373064041 94.309348672628403 37.476327136158943
leaf_count=1021 1391 1731 185 902 1569 2892 64 45 250 329 1128 192 438 333
internal_value=-5.88143e-05 0.00585687 0.00861841 0.00572303 0.00826272 -0.0252427 -0.0162982 -0.00340284 0.000258295 0.00532325 0.00348915 0.00645245 -0.000334107 0.00408862
internal_weight=2067.02 1674.46 1464.09 1124.15 879.485 392.562 147.875 244.663 207.643 676.918 599.791 158.048 106.416 48.5851
internal_count=12470 8160 6769 5038 3928 4310 1418 1110 925 3026 2697 675 483 397
is_linear=0
shrinkage=0.03


Tree=55
num_leaves=15
num_cat=0
split_feature=0 3 5 8 0 2 6 5 6 4 4 3 5 5
split_gain=316.579 91.5983 46.9595 31.9746 25.2199 28.4521 36.5293 21.0525 20.1992 19.0413 18.9124 23.247 22.9986 20.7674
threshold=14.002083333333339 2.4527214424105277 41.271705627441413 30.450000000000006 16.709583333333338 30.820000000000004 6.7500000000000009 50.175901412963874 5.0500000000000016 48.173184913889607 71.483629435779378 2.8853725272803099 69.518280029296889 1681.101013183594
decision_type=2 2 2 2 2 2 2 2 2 2 2 2 2 2
left_child=10 7 -3 4 -4 -6 -7 -2 -5 -10 11 -1 -13 -12
right_child=1 2 3 8 5 6 -8 -9 9 -11 13 12 -14 -15
leaf_value=-0.025172916438924803 0.01046194527293552 0.017965011325956667 -0.012856226324109581 -0.0058452318313909155 0.017716794018044373 -0.0047936617555187615 0.014341853611819057 -0.02048592706713518 -0.019703442101776252 0.014151000890369659 -0.030678544179892218 0.040207609385284664 -0.0094045141950348798 0.032677734400035692
leaf_weight=100.84371060878038 22.469539202749729 320.30546838790178 102.93559851497412 57.550851836800575 99.299739591777325 349.21564093977213 119.73883783072233 136.65190729498863 14.656504668295382 422.87767270207405 234.87310528755188 8.8151119351387006 57.827698856592178 3.9748907312750807
leaf_count=1040 100 1650 506 260 433 1568 536 999 88 1898 2824 42 487 28
internal_value=-0.000368712 0.00548916 0.0078069 0.00500408 0.000734277 0.00321437 0.000112359 -0.0160777 0.0107795 0.0129746 -0.024049 -0.0161574 -0.00234472 -0.0294923
internal_weight=2052.04 1645.7 1486.58 1166.27 671.19 568.254 468.954 159.121 495.085 437.534 406.335 167.487 66.6428 238.848
internal_count=12459 8038 6939 5289 3043 2537 2104 1099 2246 1986 4421 1569 529 2852
is_linear=0
shrinkage=0.03


Tree=56
num_leaves=15
num_cat=0
split_feature=0 3 5 0 2 5 3 0 4 3 4 5 7 5
split_gain=320.226 89.205 38.9065 31.8704 37.562 26.6989 20.2794 18.6489 17.1124 35.6404 15.9467 18.1704 13.2684 13.0188
threshold=13.54916666666667 2.4527214424105277 41.271705627441413 17.441666666666674 32.190000000000012 71.59177398681642 2.9321895536967912 18.979166666666671 71.172630964416285 2.8853725272803099 66.973705096076657 1384.089294433594 55.750000000000007 1681.101013183594
decision_type=2 2 2 2 2 2 2 2 2 2 2 2 2 2
left_child=8 5 7 6 -5 -2 -4 12 9 -1 -8 -12 -3 -10
right_child=1 2 3 4 -6 -7 10 -9 13 -11 11 -13 -14 -15
leaf_value=-0.028078402625114195 0.010818355985775447 0.0071585620301404234 -0.015491585453732852 0.015866218220852612 0.0035680984622040108 -0.021468180276249322 0.02008165357717024 0.021197171842034221 -0.030813203240531873 0.0026163008801204724 -0.010840671765200901 0.029728929576179008 -0.044527815270988647 0.021320330775142251
leaf_weight=88.836930774152279 27.435744285583496 69.334255367517471 92.956397347152233 339.6868462190032 652.31894797086716 127.6050580739975 34.462589487433434 250.42213167995214 226.82043689489365 54.56510453671217 61.433141179382801 10.833046540617941 3.7798554003238669 3.7344835102558127
leaf_count=957 122 290 474 1526 2960 950 140 1374 2826 453 299 40 20 30
internal_value=0.000263475 0.0058847 0.00810445 0.0055908 0.00779101 -0.0157221 -0.00532386 0.0173173 -0.0247923 -0.0164617 0.00359341 -0.00443634 0.00392173 -0.0298803
internal_weight=2044.22 1670.27 1515.23 1191.69 992.006 155.041 199.685 323.536 373.957 143.402 106.729 72.2662 73.1141 230.555
internal_count=12461 8195 7123 5439 4486 1072 953 1684 4266 1410 479 339 310 2856
is_linear=0
shrinkage=0.03


Tree=57
num_leaves=15
num_cat=0
split_feature=0 4 6 4 1 0 2 2 0 0 4 2 3 0
split_gain=289.731 75.7676 30.8125 41.4693 43.8128 30.1329 25.6639 25.1012 23.3374 20.3861 16.5091 18.9757 17.7802 13.9916
threshold=14.76041666666667 43.609869093628589 5.1500000000000012 68.519455731800122 7.9600000000000053 11.487083333333336 29.240000000000009 20.270000000000007 17.561666666666675 24.104583333333341 68.926590245999705 27.330000000000002 2.9458032858921261 21.419583333333339
decision_type=2 2 2 2 2 2 2 2 2 2 2 2 2 2
left_child=5 -2 9 6 13 -1 -4 -7 -8 -3 11 -9 -13 -5
right_child=1 2 3 4 -6 7 8 10 -10 -11 -12 12 -14 -15
leaf_value=-0.027547747183368013 -0.016583621125915462 0.011653116271354329 0.023870412118732511 -0.0034343456656320583 0.018835476839484947 0.052165523899823846 -0.012497906334882113 0.038142764304765243 0.0048680062933383911 -0.0098297667014110527 -0.021930952090298887 -0.019869887795900702 0.0083505531492556496 0.034073862012112266
leaf_weight=258.2069633975625 118.87947988510132 56.499958857893944 54.015989601612091 119.80866309255362 536.4661146774888 4.4137327671051017 80.187148377299309 7.6768350377678862 489.90332408249378 128.05570355057716 98.959671087563038 48.714881345629692 32.977360852062702 8.6672835946083051
leaf_count=3243 947 236 216 521 2720 21 377 42 2141 610 866 389 176 40
internal_value=0.000350298 0.00636321 0.00822438 0.00986493 0.0150733 -0.0208508 0.00430056 -0.0117834 0.00240776 -0.00322563 -0.0135497 -0.00412908 -0.0085147 -0.000660331
internal_weight=2043.43 1592.48 1473.6 1289.05 664.942 450.949 624.106 192.742 570.09 184.556 188.329 89.3691 81.6922 128.476
internal_count=12545 7808 6861 6015 3281 4737 2734 1494 2518 846 1473 607 565 561
is_linear=0
shrinkage=0.03


Tree=58
num_leaves=15
num_cat=0
split_feature=0 3 6 0 4 6 6 0 0 4 3 3 0 1
split_gain=292.745 76.1555 39.6942 38.8496 24.1004 32.6697 27.3905 20.6396 19.8068 17.4169 31.3844 16.9887 24.6948 15.3391
threshold=13.54916666666667 2.4527214424105277 4.6500000000000012 17.824166666666674 68.519455731800122 5.2500000000000009 5.9500000000000011 24.363333333333337 24.031250000000004 71.020066685122245 2.8853725272803099 2.8252053437939293 27.342916666666671 4.700000000000002
decision_type=2 2 2 2 2 2 2 2 2 2 2 2 2 2
left_child=9 -2 -3 13 6 8 7 -5 -6 10 -1 12 -8 -4
right_child=1 2 3 4 5 -7 11 -9 -10 -11 -12 -13 -14 -15
leaf_value=-0.026696795961275471 -0.014120203770490404 -0.022691783572446493 -0.0059371959407882192 0.0020333667942795909 0.017357819453963454 0.018119126246675384 0.0064510688243239649 -0.024542933779982526 -0.0042233209661044369 -0.029390418022027104 0.0025569038194064543 0.01499539834852353 -0.030002721570522344 0.0095549477855970105
leaf_weight=86.375712312757969 159.13937159627676 36.897111654281616 202.72043433785439 77.036182247102261 56.406203553080559 523.21436463296413 132.39523546397686 38.826285883784294 114.01531203091145 223.33262170106173 52.781997330486774 218.22611332684755 18.125909961760044 79.170460924506187
leaf_count=966 1119 196 969 322 246 2671 601 179 533 2882 445 955 106 325
internal_value=0.000203648 0.00555142 0.00765061 0.00843235 0.0108241 0.014409 0.00567393 -0.00700634 0.00297921 -0.0241777 -0.0156619 0.00966632 0.00189223 -0.00156775
internal_weight=2018.66 1656.17 1497.03 1460.14 1178.25 693.636 484.61 115.862 170.422 362.49 139.158 368.747 150.521 281.891
internal_count=12515 8222 7103 6907 5613 3450 2163 501 779 4293 1411 1662 707 1294
is_linear=0
shrinkage=0.03


Tree=59
num_leaves=15
num_cat=0
split_feature=0 3 5 6 0 5 2 0 1 0 2 6 4 1
split_gain=293.978 72.7059 44.7904 29.4683 26.7217 26.3442 23.0145 21.7585 20.9002 19.2853 18.1224 17.5496 31.0724 22.6147
threshold=13.40791666666667 2.3929781808550867 120.33155441284181 5.2500000000000009 16.071666666666676 50.175901412963874 30.340000000000003 19.478750000000005 0.88000000000000267 25.481250000000006 22.830000000000009 6.1500000000000012 61.049956282254527 20.530000000000008
decision_type=2 2 2 2 2 2 2 2 2 2 2 2 2 2
left_child=-1 5 7 -4 10 -2 -6 8 -3 -9 -5 13 -13 -8
right_child=1 2 3 4 6 -7 11 9 -10 -11 -12 12 -14 -15
leaf_value=-0.024842566282372868 0.015566296612866256 0.021403519838108183 -0.0090794166858313152 0.035413392094253038 0.018574556889655227 -0.020978736892077535 -0.0045591895995569544 0.027019360864877752 -0.0034164206903590732 0.013015862921946559 -0.012335211477588204 0.0012860441485161851 0.019537169108420061 0.025024489703920579
leaf_weight=349.94476286321878 20.168579705059528 42.591363325715065 144.37781339883804 6.7754780054092398 138.30304569751024 116.26561426371336 210.80055216699839 132.77389511466026 101.23528755456209 274.90507440268993 94.053511261940002 190.92470575124025 149.05520164966583 25.126581415534019
leaf_count=4268 88 165 670 23 634 904 916 682 468 1497 512 901 656 107
internal_value=8.88062e-05 0.00539679 0.00729297 0.00337045 0.00558427 -0.0155025 0.00762592 0.0140982 0.00403054 0.0176315 -0.00881035 0.00496899 0.0093216 -0.00131616
internal_weight=1997.3 1647.36 1510.92 959.417 815.039 136.434 714.21 551.506 143.827 407.679 100.829 575.907 339.98 235.927
internal_count=12491 8223 7231 4419 3749 992 3214 2812 633 2179 535 2580 1557 1023
is_linear=0
shrinkage=0.03


Tree=60
num_leaves=15
num_cat=0
split_feature=0 3 5 0 2 0 7 2 7 1 1 0 2 1
split_gain=257.685 65.9071 42.4118 23.35 34.7025 23.1345 21.1317 14.5872 14.2992 14.8468 14.1692 13.8155 18.4869 16.0433
threshold=13.54916666666667 2.4527214424105277 41.271705627441413 17.561666666666675 33.670000000000016 18.979166666666671 9.2500000000000018 26.810000000000006 31.250000000000004 6.7800000000000056 0.88000000000000267 10.87708333333334 20.270000000000007 -0.52000000000000013
decision_type=2 2 2 2 2 2 2 2 2 2 2 2 2 2
left_child=11 6 5 7 -5 10 -2 8 -4 -10 -3 -1 -13 -14
right_child=1 2 3 4 -6 -7 -8 -9 9 -11 -12 12 13 -15
leaf_value=-0.028437818760585161 -0.022382646031611279 0.019462618838492051 0.034611929072827882 0.011477701698642198 5.5647995041937631e-05 0.020742785620419125 0.00081802828812634987 -0.0091365830910456209 -0.023575833512573089 0.020039293046800164 -0.0078683840119384493 0.040451325420192231 -0.0060875848429674606 -0.027222226922540879
leaf_weight=214.84338353574276 97.681077182292938 25.009672746062279 13.660868316888807 487.70247216522694 469.28959003090858 242.73434614390135 54.932565622031689 166.1839199885726 13.367555968463423 12.753952980041502 48.705889962613583 4.1264390796422949 58.070628143846989 74.024725846946239
leaf_count=2891 793 95 51 2226 2195 1391 291 813 72 50 223 31 535 860
internal_value=-0.000389416 0.00462948 0.00656781 0.00391096 0.00588246 0.0162887 -0.0140807 -0.00523349 0.0108952 -0.00232685 0.00154066 -0.023668 -0.0159928 -0.0180467
internal_weight=1983.09 1632.02 1479.41 1162.96 956.992 316.45 152.614 205.966 39.7824 26.1215 73.7156 351.065 136.222 132.095
internal_count=12517 8200 7116 5407 4421 1709 1084 986 173 122 318 4317 1426 1395
is_linear=0
shrinkage=0.03


Tree=61
num_leaves=15
num_cat=0
split_feature=0 4 5 2 0 2 0 0 1 6 4 0 6 4
split_gain=252.332 71.402 32.4297 25.3167 22.3759 22.7371 19.8729 19.3754 19.0648 17.6325 30.2901 19.0076 16.2715 18.5317
threshold=14.127500000000005 43.609869093628589 51.939153671264656 30.340000000000003 11.487083333333336 20.270000000000007 17.286250000000006 19.771666666666672 -0.52000000000000013 5.2500000000000009 63.796234197605152 20.674166666666672 6.3500000000000014 71.172630964416285
decision_type=2 2 2 2 2 2 2 2 2 2 2 2 2 2
left_child=4 -2 7 6 -1 -6 -4 -3 -7 -5 -11 -12 13 -13
right_child=1 2 3 9 5 8 -8 -9 -10 10 11 12 -14 -15
leaf_value=-0.027465394890596257 -0.017399904296754372 0.0023910107068564968 -0.0010800831878154268 -0.0079423700014507256 0.049717497523617586 -0.0013655493037552046 0.017920511149952936 0.018707114217988565 -0.024501111767920015 -0.0029638127416534476 -0.0021042257331852789 -0.0023312174644031739 0.023822625655329839 0.015379500892029944
leaf_weight=243.41986157745123 115.71081157028675 86.473942525684834 67.559178858995438 134.01162145286798 4.2074855715036383 56.932486966252327 183.6413417160511 273.30275939404964 72.734351076185703 326.48774271458387 99.839682802557945 86.249813601374626 87.583822883665562 136.66937845945358
leaf_count=3323 961 368 306 620 21 455 862 1551 734 1482 435 374 411 639
internal_value=-1.32451e-05 0.00520084 0.00697621 0.00445566 -0.022046 -0.0120615 0.0128264 0.014803 -0.0144312 0.00202912 0.003851 0.00926721 0.0129186 0.00854723
internal_weight=1974.82 1597.53 1481.82 1122.04 377.294 133.874 251.201 359.777 129.667 870.842 736.83 410.343 310.503 222.919
internal_count=12542 8009 7048 5129 4533 1210 1168 1919 1189 3961 3341 1859 1424 1013
is_linear=0
shrinkage=0.03


Tree=62
num_leaves=15
num_cat=0
split_feature=1 7 3 2 5 8 6 2 1 6 3 3 6 8
split_gain=215.257 55.8936 44.4398 42.7139 34.746 26.6433 24.4322 22.5834 17.4067 17.3727 31.8234 21.0226 17.0212 14.9439
threshold=3.7500000000000018 5.1500000000000012 2.9321895536967912 29.780000000000001 45.020414352416999 24.750000000000004 5.2500000000000009 33.730000000000011 7.9600000000000053 6.7500000000000009 2.6127626690392911 3.2528675874151847 7.7500000000000009 21.050000000000004
decision_type=2 2 2 2 2 2 2 2 2 2 2 2 2 2
left_child=2 -2 -1 -4 -3 -5 -6 8 12 11 13 -9 -8 -11
right_child=1 4 3 5 6 -7 7 9 -10 10 -12 -13 -14 -15
leaf_value=-0.022614205307891693 -0.021170910941709382 0.016570770687013001 -0.019197221115303781 0.020528316015743633 -0.0054454605691768663 -0.0064201353774231565 0.0055192040224258145 -0.0077155613261198812 0.015659317700181526 0.019559175522024342 0.01705218194422926 0.019195460777195465 -0.037202760361040255 -0.017180996169799019
leaf_weight=339.73073843866587 63.415768340229988 291.84526017308235 114.05780301988125 59.315986312925816 172.1153005734086 72.183584436774254 132.29119911789894 186.9385361969471 301.21900325268507 11.69946303218603 124.71878723800182 29.373453631997108 7.9623263552784911 46.742741033434868
leaf_count=3609 531 1667 1351 241 802 340 585 862 1423 65 568 136 44 289
internal_value=-0.000388775 0.00612413 -0.0155995 -0.00584226 0.00746581 0.00579879 0.00482907 0.00693592 0.0116047 0.00176013 0.00853548 -0.00398974 0.00284763 -0.00962072
internal_weight=1953.61 1368.32 585.288 245.557 1304.91 131.5 1013.06 840.946 441.473 399.473 183.161 216.312 140.254 58.4422
internal_count=12513 6972 5541 1932 6441 581 4774 3972 2052 1920 922 998 629 354
is_linear=0
shrinkage=0.03


Tree=63
num_leaves=15
num_cat=0
split_feature=0 4 0 6 4 0 4 1 8 4 8 2 6 1
split_gain=225.527 50.3105 35.5418 32.3337 35.2176 32.0552 17.8665 17.6785 16.4948 15.1212 14.6902 14.4332 15.8077 15.0652
threshold=12.863333333333339 43.609869093628589 18.46958333333334 5.2500000000000009 67.387608604645877 24.031250000000004 78.404889130414645 4.1000000000000059 30.450000000000006 71.483629435779378 12.850000000000003 32.370000000000012 6.5500000000000016 4.3400000000000061
decision_type=2 2 2 2 2 2 2 2 2 2 2 2 2 2
left_child=7 10 8 5 11 -4 -7 9 -3 -1 -2 -5 13 -13
right_child=1 2 3 4 -6 6 -8 -9 -10 -11 -12 12 -14 -15
leaf_value=-0.016517149489488847 0.022253716544498443 -0.0069122343851562018 0.015484817977077641 0.015152215729558343 0.015440139381267438 -0.02156790426169973 -0.00094762389732731844 0.030214337484942282 0.0071279218457610417 -0.0309456592471796 -0.01813061546941901 0.024858116846283546 0.0064477487077911223 -0.0093928905736359435
leaf_weight=108.51874563097954 7.9211871176958075 263.62424314767122 60.766838632524014 81.076996155083179 514.68309964239597 67.132710330188274 85.211212195456028 4.3945968449115744 104.35085854679346 182.006636492908 108.18910536170006 11.700179666280745 208.16169832646847 131.96773357689381
leaf_count=1295 57 1337 270 351 2743 335 407 32 480 2701 920 42 949 585
internal_value=-0.000588466 0.00374725 0.00519607 0.00777009 0.0101427 -0.00277766 -0.0101157 -0.0246999 -0.00292218 -0.0256314 -0.015209 0.00382345 0.00117726 -0.00645097
internal_weight=1939.71 1644.79 1528.68 1160.7 947.59 213.111 152.344 294.92 367.975 290.525 116.11 432.907 351.83 143.668
internal_count=12504 8476 7499 5682 4670 1012 742 4028 1817 3996 977 1927 1576 627
is_linear=0
shrinkage=0.03


Tree=64
num_leaves=15
num_cat=0
split_feature=3 6 2 5 2 3 5 8 5 7 4 5 5 6
split_gain=115.238 43.6881 41.9458 38.4176 41.7407 28.3227 24.0971 18.7348 16.7205 15.4017 14.9018 18.5849 14.6444 14.4081
threshold=2.961639372626435 6.4500000000000011 26.430000000000003 103.22677230834962 25.900000000000006 2.4527214424105277 1061.4548950195315 12.850000000000003 71.59177398681642 68.050000000000026 70.541047523787213 873.44320678710949 1321.1693115234377 7.5500000000000016
decision_type=2 2 2 2 2 2 2 2 2 2 2 2 2 2
left_child=2 3 10 4 -2 8 13 -6 -4 12 11 -1 -5 -7
right_child=1 -3 5 9 7 6 -8 -9 -10 -11 -12 -13 -14 -15
leaf_value=0.034377438369455483 -0.029282979968405055 0.020050419280147024 0.0038542551626787862 -0.0015264953358912509 0.038084288167069005 -0.0075732093143310794 0.01109706142836115 0.012048604768441499 -0.021057240797757521 -0.021261927143429102 -0.027818010750110821 -0.017375008700774422 0.015697731742143756 0.0064381073961841456
leaf_weight=7.4225267842412022 20.137302041053772 176.70941157639027 29.484771728515625 470.41489867120981 26.52952216565609 363.93251611292362 101.43970053642988 293.48131554573774 128.62497846782207 31.275724411010742 115.37532918900251 23.251086883246899 48.048178941011429 79.843323819339275
leaf_count=59 245 936 149 2460 136 2287 543 1615 1098 306 1667 269 246 404
internal_value=-9.5382e-05 0.00646762 -0.00833474 0.00375093 0.0116594 -0.00527952 -0.00202567 0.0143189 -0.0164166 -0.00115465 -0.0229117 -0.00416176 9.68933e-05 -0.00504351
internal_weight=1915.97 1066.6 849.374 889.887 340.148 703.325 545.216 320.011 158.11 549.739 146.049 30.6736 518.463 443.776
internal_count=12420 5944 6476 5008 1996 4481 3234 1751 1247 3012 1995 328 2706 2691
is_linear=0
shrinkage=0.03


Tree=65
num_leaves=15
num_cat=0
split_feature=0 3 0 6 5 6 2 0 1 5 3 4 2 5
split_gain=218.659 54.317 33.4819 34.6182 36.4417 21.9835 23.3546 23.2057 18.7977 18.3728 18.1861 20.1359 16.5889 15.8495
threshold=12.863333333333339 2.4527214424105277 16.858750000000008 4.8500000000000014 249.70282745361331 5.9500000000000011 32.030000000000008 27.082500000000007 4.1000000000000059 71.59177398681642 2.9321895536967912 67.793380662506095 32.750000000000014 464.49450683593756
decision_type=2 2 2 2 2 2 2 2 2 2 2 2 2 2
left_child=8 9 10 -4 12 6 -6 -8 -1 -2 -3 -12 -5 -7
right_child=1 2 3 4 5 13 7 -9 -10 -11 11 -13 -14 -15
leaf_value=-0.024638089715533263 0.008219179894515094 -0.012724670724029363 -0.012784576045552299 0.021836072514647923 0.0053166987709287513 0.00063106728726033045 -0.017920184012017039 0.02440046702889425 0.034722519336236671 -0.017931786734390026 0.019791652223256309 -0.0047277168118186851 0.011144357861886924 0.014476997864490368
leaf_weight=284.8709422647953 29.674183301627636 111.37481014430523 65.506350323557854 194.93306548148394 146.95903223007917 118.65152566879988 96.596270680427551 12.362866416573523 4.0475100576877585 118.59594363719225 44.803287535905838 87.357946887612343 408.0443691983819 198.96742359548807
leaf_count=4041 138 644 324 1023 696 559 430 48 29 963 190 446 2099 914
internal_value=0.000321899 0.00457987 0.00630972 0.00830308 0.00948706 0.00406276 -0.00247639 -0.0129401 -0.0236896 -0.012678 -0.00384868 0.00367067 0.0146313 0.00932285
internal_weight=1922.75 1633.83 1485.56 1242.02 1176.51 573.537 255.918 108.959 288.918 148.27 243.536 132.161 602.977 317.619
internal_count=12544 8474 7373 6093 5769 2647 1174 478 4070 1101 1280 636 3122 1473
is_linear=0
shrinkage=0.03


Tree=66
num_leaves=15
num_cat=0
split_feature=0 4 1 6 5 6 2 4 1 7 6 6 5 5
split_gain=226.205 49.0391 36.457 28.1129 23.1513 19.3895 32.7608 23.907 25.8208 21.1947 18.6875 14.486 27.2644 14.9189
threshold=12.975000000000003 46.648516709309284 4.700000000000002 4.4500000000000011 29.435626983642582 6.1500000000000012 34.730000000000011 59.422431384792546 10.520000000000005 20.950000000000006 5.3500000000000014 5.5500000000000016 302.95762634277349 1097.1582031250002
decision_type=2 2 2 2 2 2 2 2 2 2 2 2 2 2
left_child=-1 -2 11 -4 -5 6 9 8 -7 10 -6 12 -3 -13
right_child=1 2 3 4 5 7 -8 -9 -10 -11 -12 13 -14 -15
leaf_value=-0.024533764715291069 -0.012596405187355227 0.01771235556932876 -0.026529845853245828 0.017897153201214145 -0.025108264309270923 0.013832466626098831 -0.01186516782613865 0.016996547884470452 -0.013449844115552228 0.011068827696990498 0.0026145636457866363 -0.0093089714561098349 -0.029538379169632378 0.013232735480077406
leaf_weight=284.23344598338008 138.23063138127327 57.180369719862938 19.382179453969002 216.23135484009981 27.023447185754776 65.743377774953842 102.75793668627739 272.21754197776318 57.667652398347855 311.91713248938322 99.204509042203426 213.01947394758463 12.603359758853911 29.255733489990234
leaf_count=4058 1114 226 109 1286 136 265 478 1300 270 1494 445 1111 69 126
internal_value=0.000105358 0.00443433 0.00602789 0.0084524 0.00906306 0.00700649 0.00330482 0.0120463 0.00107832 0.00688155 -0.00347116 -0.00307688 0.00888185 -0.00654376
internal_weight=1906.67 1622.43 1484.2 1172.15 1152.76 936.532 540.903 395.629 123.411 438.145 126.228 312.059 69.7837 242.275
internal_count=12487 8429 7315 5783 5674 4388 2553 1835 535 2075 581 1532 295 1237
is_linear=0
shrinkage=0.03


Tree=67
num_leaves=15
num_cat=0
split_feature=0 3 6 0 7 6 4 3 4 2 4 6 7 6
split_gain=208.776 60.8594 22.829 23.6262 31.1727 36.1727 16.6201 17.6808 15.7335 25.5776 15.5782 22.0553 14.6861 14.2273
threshold=13.54916666666667 2.4527214424105277 4.4500000000000011 18.337083333333339 22.550000000000004 5.9500000000000011 70.68732401951948 2.9094383451967798 61.049956282254527 34.170000000000016 70.79755815093597 5.3500000000000014 9.2500000000000018 6.8500000000000014
decision_type=2 2 2 2 2 2 2 2 2 2 2 2 2 2
left_child=6 12 -3 -4 5 -5 7 -1 9 -7 -6 -12 -2 -11
right_child=1 2 3 4 10 8 -8 -9 -10 13 11 -13 -14 -15
leaf_value=-0.022002887617909091 -0.021151849398849194 -0.026572580171569868 -0.00054569518080109503 -0.0060747447696408302 0.0026720416423869861 0.024320107526010611 -0.02802107428596164 0.0020185825379919892 0.015040438900521246 -0.013534368158352714 0.0083768314206285662 0.02256117582634868 -0.0015239384892036935 0.0051800614689357788
leaf_weight=77.404634051024914 92.538337662816048 17.837903261184692 314.50289890915155 204.03405915945768 85.826528154313564 39.198081113398075 190.44841069355607 42.296518556773663 210.65422887355089 61.750565893948078 169.18469236791134 241.78333202749491 54.441890016198158 86.711280524730682
leaf_count=978 809 102 1460 967 407 156 2913 384 1065 296 820 1388 303 419
internal_value=-4.36305e-05 0.00438116 0.00627084 0.00670376 0.00877669 0.00417756 -0.0225047 -0.0135685 0.00943131 0.00308853 0.0143334 0.0167564 -0.013941 -0.00264241
internal_weight=1888.61 1578.46 1431.48 1413.65 1099.14 602.348 310.15 119.701 398.314 187.66 496.795 410.968 146.98 148.462
internal_count=12467 8192 7080 6978 5518 2903 4275 1362 1936 871 2615 2208 1112 715
is_linear=0
shrinkage=0.03


Tree=68
num_leaves=15
num_cat=0
split_feature=1 4 3 4 5 2 4 8 2 5 1 3 2 1
split_gain=170.361 58.792 74.9572 40.2897 27.0111 20.4133 10.4546 10.2984 9.93292 13.5655 9.91622 16.9229 14.7615 10.4432
threshold=3.7500000000000018 71.577755394231332 2.8327323890764524 34.362118313930857 45.020414352416999 33.670000000000016 66.078409198906428 34.550000000000004 28.890000000000004 154.09014892578128 11.640000000000006 2.2379707788842 37.550000000000018 22.210000000000012
decision_type=2 2 2 2 2 2 2 2 2 2 2 2 2 2
left_child=1 2 -1 -2 -5 -6 -4 10 -3 -10 11 -7 -13 -12
right_child=3 8 6 4 5 7 -8 -9 9 -11 13 12 -14 -15
leaf_value=-0.022021254794710204 -0.021735638518698946 -0.029868944463797058 0.014562551031307264 0.014650309238303154 0.008139250299234577 -0.029091347477626112 0.00017270834580669029 0.0089638571103561222 0.0012182173068025453 -0.033784892891157277 -0.0079789380152610837 -0.0021876164514824698 0.017109670130665024 0.017892897626346098
leaf_weight=153.12851743400097 46.396162889897823 171.73404160887003 77.914097748696804 281.11027002334595 538.7687249109149 12.243273697793482 107.18161056563258 85.75488493591547 24.665366731584072 15.643844082951544 219.91428172588348 80.224070377647877 62.964201785624027 14.063370212912558
leaf_count=1485 460 2718 418 1685 2560 94 686 425 119 97 1073 369 293 67
internal_value=-0.000319409 -0.0143608 -0.00656271 0.00544688 0.00643674 0.00414736 0.00627567 -0.000386466 -0.0267102 -0.0128554 -0.00246326 0.00339736 0.00635779 -0.00635437
internal_weight=1891.71 550.267 338.224 1341.44 1295.04 1013.93 185.096 475.164 212.043 40.3092 389.409 155.432 143.188 233.978
internal_count=12549 5523 2589 7026 6566 4881 1104 2321 2934 216 1896 756 662 1140
is_linear=0
shrinkage=0.03


Tree=69
num_leaves=15
num_cat=0
split_feature=0 7 5 6 3 0 0 0 6 2 5 7 6 0
split_gain=192.146 49.5651 34.9403 21.6589 21.4121 19.4426 16.6168 16.4464 16.7142 19.0578 20.6967 14.6191 14.4342 13.7866
threshold=12.863333333333339 4.8500000000000014 91.324592590332045 5.1500000000000012 2.762355910283206 20.449166666666674 25.674583333333334 16.071666666666676 6.1500000000000012 29.240000000000009 220.00251007080081 36.650000000000013 5.3500000000000014 27.924166666666668
decision_type=2 2 2 2 2 2 2 2 2 2 2 2 2 2
left_child=-1 -2 5 11 13 12 -7 -6 9 -9 -11 -4 -3 -5
right_child=1 2 3 4 7 6 -8 8 -10 10 -12 -13 -14 -15
leaf_value=-0.02363866383455716 -0.022000361015510603 0.021894683384425847 -0.018442832775299362 -0.0025811105910983341 -0.0050259126684804199 0.025130159326517243 0.010865552694504094 0.017450422529995267 0.013479146461320025 0.012292015249500006 -0.0049534083350565609 0.0034278655924026022 -0.0020547953148044537 -0.028822857843383971
leaf_weight=265.17623943835497 62.952788405120373 26.915560804307461 72.499571263790131 186.66374921053648 107.08799609541893 110.04916096478701 227.09168523550034 70.375385016202927 259.18610627949238 88.227607935667038 209.13039543479681 43.519333578646183 119.33860740065575 18.978672862052917
leaf_count=4031 585 112 361 1047 602 645 1360 347 1193 390 945 187 578 130
internal_value=-3.42224e-05 0.00388525 0.00495765 0.00189477 0.0034073 0.0116288 0.0155823 0.00580307 0.0076579 0.00352953 0.000187444 -0.0102798 0.00247145 -0.00513071
internal_weight=1867.19 1602.02 1539.06 1055.67 939.65 483.395 337.141 734.007 626.919 367.733 297.358 116.019 146.254 205.642
internal_count=12513 8482 7897 5202 4654 2695 2005 3477 2875 1682 1335 548 690 1177
is_linear=0
shrinkage=0.03


Tree=70
num_leaves=15
num_cat=0
split_feature=1 2 7 3 6 8 5 5 1 2 8 8 6 1
split_gain=157.368 40.8822 39.0994 33.8238 27.1634 22.5452 22.5435 20.5802 20.4915 19.3595 16.1181 15.1916 15.0515 14.5261
threshold=3.7500000000000018 28.890000000000004 6.6500000000000012 2.762355910283206 4.8500000000000014 25.950000000000006 45.020414352416999 837.56378173828136 -4.5799999999999939 26.000000000000007 29.450000000000006 30.150000000000006 6.1500000000000012 5.8600000000000039
decision_type=2 2 2 2 2 2 2 2 2 2 2 2 2 2
left_child=1 7 13 -3 -4 -5 9 -1 -9 -6 12 -7 -8 -2
right_child=2 3 4 5 6 11 10 8 -10 -11 -12 -13 -14 -15
leaf_value=-0.027227940683725981 0.012472408296883664 -0.020347060699110735 -0.011324352105112326 0.011398112688366904 -0.029102251554433165 -0.020538500440209686 -0.0036450078892759953 -0.026433120709123004 0.011200814132546597 0.017381094307613826 0.0098114352210499529 0.0022989830520769822 0.0071714565593692789 -0.019736502507816674
leaf_weight=191.44341901689768 14.615939050912855 99.490815050899982 68.406047120690346 96.050387516617775 7.4600989967584601 49.395365938544273 227.15284109115601 22.481083553284407 28.342863090336323 246.50295644253492 454.16782125085592 54.260567657649517 234.20961114019156 69.697146818041801
leaf_count=3038 112 936 343 461 53 283 1072 336 238 1529 2193 268 1123 571
internal_value=6.33352e-06 -0.0136015 0.00558502 -0.00615097 0.00693415 0.000987458 0.00801089 -0.0227398 -0.00563474 0.0159069 0.00580562 -0.00867607 0.00184958 -0.0140722
internal_weight=1863.68 541.465 1322.21 299.197 1237.9 199.706 1169.49 242.267 50.8239 253.963 915.53 103.656 461.362 84.3131
internal_count=12556 5560 6996 1948 6313 1012 5970 3612 574 1582 4388 551 2195 683
is_linear=0
shrinkage=0.03


Tree=71
num_leaves=15
num_cat=0
split_feature=0 4 1 2 5 4 2 8 1 1 8 4 5 7
split_gain=166.992 44.8092 30.1308 29.0702 25.0831 20.6872 15.8282 13.3131 13.3397 13.1605 16.0179 13.0682 12.9769 11.9735
threshold=13.54916666666667 56.788393231171725 6.5100000000000025 33.470000000000013 26.566251754760746 71.172630964416285 31.500000000000007 32.750000000000007 11.200000000000003 -7.859999999999995 23.350000000000005 71.716007105217741 993.33853149414074 17.350000000000005
decision_type=2 2 2 2 2 2 2 2 2 2 2 2 2 2
left_child=5 3 11 12 -4 9 -6 8 -8 -1 13 -3 -2 -11
right_child=1 2 4 -5 6 -7 7 -9 -10 10 -12 -13 -14 -15
leaf_value=-0.025670301898155463 -0.01107522861107225 0.0010370884550537033 0.018135320232670896 -0.012414314989616303 0.011922171850445331 -0.028425555625438241 0.010171528554934389 0.0093478765852073199 -0.0039210162888951589 -0.023458337676232711 -0.014970350557269179 -0.012850601475006267 0.020886779059481341 0.022134767263996845
leaf_weight=40.436332751065493 15.275419749319552 237.81570541858673 181.53949097543955 228.22557895630598 251.51047323644161 170.23575775697827 77.269397743046284 179.82457382977009 264.60490766912699 5.7061925530433681 49.487003352493048 80.952210612595081 38.991637945175171 23.373297445476055
leaf_count=580 76 1059 1174 1538 1258 2856 366 903 1287 68 555 402 169 221
internal_value=-0.000831411 0.00306343 0.00546123 -0.00772731 0.00812545 -0.0217228 0.00575487 0.00276451 -0.000715486 -0.0119773 -0.00469578 -0.0025189 0.0118523 0.0127057
internal_weight=1845.25 1556.01 1273.52 282.493 954.749 289.239 773.209 521.699 341.874 119.003 78.5665 318.768 54.2671 29.0795
internal_count=12512 8232 6449 1783 4988 4280 3814 2556 1653 1424 844 1461 245 289
is_linear=0
shrinkage=0.03


Tree=72
num_leaves=15
num_cat=0
split_feature=0 3 6 0 7 6 6 4 0 6 4 2 2 7
split_gain=183.783 51.1388 19.6033 20.8229 25.8883 31.8094 16.5931 16.1883 15.6298 14.8912 14.3377 14.2983 13.9705 12.2854
threshold=12.863333333333339 2.651404005585706 4.4500000000000011 18.858333333333338 22.750000000000004 5.5500000000000016 5.3500000000000014 59.095324993640006 24.031250000000004 6.3500000000000014 68.607523589799101 30.140000000000004 33.730000000000011 55.750000000000007
decision_type=2 2 2 2 2 2 2 2 2 2 2 2 2 2
left_child=-1 11 -3 13 5 -5 8 -7 -6 12 -8 -2 -9 -4
right_child=1 2 3 4 6 7 10 9 -10 -11 -12 -13 -14 -15
leaf_value=-0.023756888903233644 0.014791907016443175 -0.023425102674218302 0.0017401438168522451 -0.009515535777580221 0.019335160603598966 -0.0013840759248620533 0.0036332967507392202 0.014100431339812943 0.00030588653437567452 0.018861702868335668 0.021548825539200168 -0.011480283239902436 -0.0036371302998818222 -0.021867707058698747
leaf_weight=248.15979019552469 19.610844530165195 18.922721192240715 334.46248191595078 116.23568863421679 57.385166928172112 114.98193054646254 48.979511342942715 80.872029140591621 116.17866169661283 141.98381409794092 235.65405116230249 208.53755251318216 77.432566374540329 20.08626800775528
leaf_count=4012 93 108 1626 554 279 510 232 401 577 741 1419 1496 376 113
internal_value=0.00020209 0.00395096 0.00615162 0.00658507 0.00881791 0.0043004 0.0140374 0.00818111 0.00667223 0.0118361 0.0184894 -0.00916732 0.00545597 0.000344945
internal_weight=1839.48 1591.32 1363.17 1344.25 989.703 531.506 458.197 415.27 173.564 300.288 284.634 228.148 158.305 354.549
internal_count=12537 8525 6936 6828 5089 2582 2507 2028 856 1518 1651 1589 777 1739
is_linear=0
shrinkage=0.03


Tree=73
num_leaves=15
num_cat=0
split_feature=0 7 5 6 2 0 6 0 2 1 7 2 8 5
split_gain=151.788 35.1531 28.0814 20.4437 18.0203 19.8637 17.4043 16.7659 23.9011 20.3285 13.7944 13.3703 12.9953 12.9105
threshold=14.002083333333339 4.8500000000000014 91.324592590332045 4.4500000000000011 29.240000000000009 18.46958333333334 5.5500000000000016 11.487083333333336 20.270000000000007 -0.52000000000000013 20.750000000000004 35.410000000000011 10.450000000000001 451.38880920410162
decision_type=2 2 2 2 2 2 2 2 2 2 2 2 2 2
left_child=7 -2 12 -4 -5 13 10 -1 -9 -10 -7 -12 -3 -6
right_child=1 2 3 4 5 6 -8 8 9 -11 11 -13 -14 -15
leaf_value=-0.024928439995057956 -0.018639926934137709 0.034304203355717509 -0.038238804714415681 0.012007050421045723 -0.0031168086567856419 -0.015780546297607716 0.0057254909888099555 0.051229291587945529 0.00088659376054718228 -0.025076411741017234 0.004624600367487585 -0.023368866661482399 0.009823544611367729 -0.022259083150845932
leaf_weight=189.29169702902436 59.407821618020535 19.670389354228973 10.277070507407187 147.95572333037853 96.319938480854034 66.49571318924427 503.66302030533552 4.472813516855239 50.03691054880619 58.147185977548361 114.38084772974253 16.714528173208237 426.15692065656185 46.572359941899776
leaf_count=3256 567 113 66 726 447 309 2483 22 447 696 518 80 2425 276
internal_value=-0.000101062 0.00379042 0.00472277 0.00193247 0.00238668 0.000688285 0.00276815 -0.0194794 -0.0101849 -0.01317 -0.00476103 0.000905572 0.010978 -0.00946711
internal_weight=1809.56 1507.61 1448.21 1002.38 992.102 844.146 701.254 301.949 112.657 108.184 197.591 131.095 445.827 142.892
internal_count=12431 8010 7443 4905 4839 4113 3390 4421 1165 1143 907 598 2538 723
is_linear=0
shrinkage=0.03


Tree=74
num_leaves=15
num_cat=0
split_feature=1 4 3 4 6 4 1 6 2 4 2 6 7 2
split_gain=113.062 60.4753 48.0146 33.027 25.8086 28.3748 23.9139 23.4244 22.895 20.3789 18.3316 17.5744 19.1404 16.949
threshold=3.970000000000002 71.577755394231332 2.8471406172378031 34.362118313930857 5.0500000000000016 68.519455731800122 7.9600000000000053 6.6500000000000012 32.190000000000012 64.771288780721747 21.070000000000011 5.6500000000000012 23.150000000000006 31.030000000000001
decision_type=2 2 2 2 2 2 2 2 2 2 2 2 2 2
left_child=1 2 -1 -2 -5 7 10 8 -6 -4 -7 12 -8 -12
right_child=3 -3 9 4 5 6 11 -9 -10 -11 13 -13 -14 -15
leaf_value=-0.016447130503006856 -0.021241841506622151 -0.025304361657162495 0.021975713091730412 -0.0083325601151901553 0.0082995296168349095 0.046337726610548281 -0.0088114529895140237 0.0074728279870780213 -0.011371037736865286 -0.00024520101382258594 -0.017707857336310463 0.018785227253165934 0.011934807883567865 0.0094122362171019641
leaf_weight=156.67154226079583 43.058498695492744 196.96690174937248 51.463377214968204 114.21461852639914 76.560308821499348 5.2713259384036055 49.960799098014832 274.72108890861273 169.64985763281584 127.14151817187667 50.444216601550579 270.24798288196325 188.39096747338772 33.924512602388859
leaf_count=1544 454 3011 272 564 347 28 248 1363 786 792 273 1606 1054 161
internal_value=-0.000551649 -0.0121542 -0.00437659 0.00429205 0.00519995 0.00658719 0.0110392 0.00146315 -0.00524554 0.00624426 -0.00321767 0.0135533 0.00756755 -0.0068204
internal_weight=1808.69 532.243 335.276 1276.44 1233.39 1119.17 598.24 520.931 246.21 178.605 89.6401 508.6 238.352 84.3687
internal_count=12503 5619 2608 6884 6430 5866 3370 2496 1133 1064 462 2908 1302 434
is_linear=0
shrinkage=0.03


Tree=75
num_leaves=15
num_cat=0
split_feature=1 2 3 4 6 1 5 6 1 5 8 4 2 3
split_gain=119.324 44.8049 37.9488 31.4114 22.9138 23.812 30.28 28.2222 20.9076 20.5609 19.156 17.6475 16.8487 16.1699
threshold=2.8900000000000023 29.610000000000003 2.6851951686690381 48.836669285475992 4.4500000000000011 6.5100000000000025 233.57169342041018 5.6500000000000012 5.7300000000000031 302.95762634277349 24.250000000000004 70.68732401951948 30.620000000000005 2.816612446360097
decision_type=2 2 2 2 2 2 2 2 2 2 2 2 2 2
left_child=1 11 -3 8 -5 -6 -7 12 -2 10 -4 13 -8 -1
right_child=3 2 9 4 5 6 7 -9 -10 -11 -12 -13 -14 -15
leaf_value=-0.02652695261619184 0.0097741169218557526 -0.024463074781236088 0.02244386320159529 -0.02636189252743943 -0.0026628740974940284 0.013528655663230561 0.0047198819114739124 0.0091253391809967953 -0.017789024267148384 -0.013605975997131391 -0.00061269064141744991 -0.028479874903962234 -0.012968601694380806 0.0018893656478930236
leaf_weight=30.547700267285109 33.714032486081123 60.973429825156927 53.930097430944443 18.52206152677536 212.41143659502268 503.36623660475016 81.96173682808876 277.92101056873798 87.082100845873356 49.655134908854961 79.052098453044891 153.31430894881487 116.1457204669714 41.751637242734432
leaf_count=464 248 650 224 111 1043 2858 412 1320 703 316 401 2782 531 420
internal_value=-0.000134312 -0.0131265 -0.00417593 0.00445189 0.00590928 0.00643249 0.0084058 0.00297174 -0.0100791 0.00269326 0.00883548 -0.0227301 -0.00566351 -0.0103151
internal_weight=1800.35 469.224 243.611 1331.12 1210.33 1191.81 979.395 476.028 120.796 182.637 132.982 225.614 198.107 72.2993
internal_count=12483 5257 1591 7226 6275 6164 5121 2263 951 941 625 3666 943 884
is_linear=0
shrinkage=0.03


Tree=76
num_leaves=15
num_cat=0
split_feature=0 7 5 1 2 8 0 3 7 5 0 3 1 3
split_gain=141.618 45.479 32.3002 20.09 14.2059 13.9986 13.001 11.1748 23.2683 10.6576 10.5804 11.2744 11.0512 10.5155
threshold=12.544166666666671 5.1500000000000012 41.271705627441413 4.2300000000000031 31.740000000000009 32.750000000000007 18.46958333333334 2.8757151033147443 24.750000000000004 1061.4548950195315 19.90708333333334 3.3253945519341284 2.5800000000000032 2.7810441273795914
decision_type=2 2 2 2 2 2 2 2 2 2 2 2 2 2
left_child=-1 -2 10 6 -5 -6 7 -4 -9 -8 12 -12 -3 -7
right_child=1 2 3 4 5 13 9 8 -10 -11 11 -13 -14 -15
leaf_value=-0.022425426547101272 -0.021542198674001325 0.014492259090247586 -0.017568632193428538 0.0092076163027836021 -0.0014534246335123711 -0.012522188933178432 0.0010834325009167294 0.0086292826969259807 -0.017327916707625915 0.034979012777412354 0.021274527595760599 0.0059883857977541454 -0.0065066552550078144 0.01086692471906745
leaf_weight=221.75192973017693 63.389234967529774 45.250522121787071 79.421651680022478 315.06880997121334 445.9854878038168 18.50955044478178 40.776935070753098 67.581286769360304 55.89016454666853 9.5204103365540487 145.89134598523378 63.075758248567581 43.183846995234489 162.41573311388493
leaf_count=3887 614 193 556 1561 2172 102 198 327 358 41 983 414 225 806
internal_value=-5.19315e-05 0.00314904 0.0042114 0.00200513 0.00402141 0.00140444 -0.00548259 -0.00886189 -0.00316523 0.00805609 0.0130413 0.016711 0.00428007 0.00841842
internal_weight=1777.71 1555.96 1492.57 1195.17 941.98 626.911 253.19 202.893 123.471 50.2973 297.401 208.967 88.4344 180.925
internal_count=12437 8550 7936 6121 4641 3080 1480 1241 685 239 1815 1397 418 908
is_linear=0
shrinkage=0.03


Tree=77
num_leaves=15
num_cat=0
split_feature=0 3 5 6 0 2 6 5 6 3 2 3 1 4
split_gain=138.508 34.8812 24.7499 21.3754 15.7795 22.8301 25.2746 17.7758 20.3453 14.3497 13.6988 15.9455 14.5054 13.134
threshold=12.863333333333339 2.651404005585706 26.566251754760746 4.4500000000000011 16.071666666666676 29.240000000000009 7.3500000000000014 259.42225646972662 5.9500000000000011 2.7783611081292183 33.730000000000011 2.9168065051391481 8.4600000000000026 70.68732401951948
decision_type=2 2 2 2 2 2 2 2 2 2 2 2 2 2
left_child=13 -2 -3 -4 -5 -6 7 -7 10 -10 11 -9 -13 -1
right_child=1 2 3 4 5 6 -8 8 9 -11 -12 12 -14 -15
leaf_value=-0.011880864829988956 -0.0076742366472838429 0.01429130092736104 -0.030506788609180442 -0.0054598534411236235 0.017560354834614114 0.0067793122295688839 0.021450602816377506 0.028105887202704103 -0.012828098252853937 0.0080136316613844145 -0.022080192156466373 -0.028826325809493208 -0.0029271035512696483 -0.027142788153261033
leaf_weight=81.062262825667858 225.1252142265439 218.05746226012707 15.647314593195913 144.05396050214767 116.31535475701094 353.20812099426985 63.393003076314926 11.499766454100607 35.217572040855885 166.36946576088667 52.885754853487015 22.433775745332241 116.63164457678795 146.89920279383659
leaf_count=1157 1585 1372 96 819 580 1782 280 45 173 781 247 109 539 2870
internal_value=-1.86176e-05 0.00321462 0.00508217 0.00324136 0.00375712 0.005177 0.00340474 0.00186975 -0.00241772 0.0043272 -0.00908932 -0.00441073 -0.0072811 -0.0217913
internal_weight=1768.8 1540.84 1315.71 1097.66 1082.01 937.954 821.639 758.246 405.038 201.587 203.451 150.565 139.065 227.961
internal_count=12435 8408 6823 5451 5355 4536 3956 3676 1894 954 940 693 648 4027
is_linear=0
shrinkage=0.03


Tree=78
num_leaves=15
num_cat=0
split_feature=0 7 5 2 0 0 6 0 7 6 5 5 0 1
split_gain=130.76 28.1295 23.0159 18.288 21.2092 15.7226 15.2877 15.1055 16.0723 16.8593 16.6217 13.829 13.2913 13.2492
threshold=13.286666666666671 4.8500000000000014 51.939153671264656 30.340000000000003 17.156666666666677 19.771666666666672 5.1500000000000012 22.209583333333342 26.950000000000006 6.1500000000000012 214.89668273925784 957.72485351562511 24.911250000000003 0.88000000000000267
decision_type=2 2 2 2 2 2 2 2 2 2 2 2 2 2
left_child=-1 11 5 4 -4 13 -5 -8 9 10 -9 -2 -12 -3
right_child=1 2 3 6 -6 -7 7 8 -10 -11 12 -13 -14 -15
leaf_value=-0.020570956072860028 -0.025742911229214915 0.016376423686625789 -0.003935759070929766 -0.011081809733484676 0.014854010280621366 0.014828790527035583 -0.0044178589938154086 0.0072964270498742014 0.015287989001348172 0.0062745788685822637 -0.0027405338067660592 0.0086637013900039087 -0.024910981801184461 -0.0083152591552396252
leaf_weight=246.44943244382739 43.154492400586605 28.256481230258942 78.555649861693382 102.96335698664188 169.95241860300303 235.55954603850842 279.55757296085358 51.561021737754345 95.357554025948048 258.64438975602388 49.884835444390774 13.248291611671446 47.043014205992222 58.001619882881641
leaf_count=4203 456 113 419 503 870 1568 1411 243 488 1348 213 109 220 286
internal_value=-0.000354094 0.00295315 0.00376326 0.00174892 0.00892243 0.0108309 -0.000273175 0.00116221 0.00426925 0.00165734 -0.00637333 -0.0176511 -0.0136453 -0.000131761
internal_weight=1758.19 1511.74 1455.34 1133.52 248.508 321.818 885.012 782.048 502.491 407.133 148.489 56.4028 96.9278 86.2581
internal_count=12450 8247 7682 5715 1289 1967 4426 3923 2512 2024 676 565 433 399
is_linear=0
shrinkage=0.03


Tree=79
num_leaves=15
num_cat=0
split_feature=0 3 0 6 0 7 6 8 1 3 8 1 4 0
split_gain=126.693 37.7696 18.3544 23.6804 23.9329 19.0143 17.5679 16.746 17.5705 21.0158 14.6946 13.3858 17.4196 12.4426
threshold=12.189583333333339 2.4527214424105277 17.441666666666674 5.1500000000000012 22.570000000000007 22.550000000000004 5.6500000000000012 30.250000000000004 0.24000000000000485 2.9321895536967912 25.350000000000005 6.7800000000000056 69.838481174364929 19.209166666666672
decision_type=2 2 2 2 2 2 2 2 2 2 2 2 2 2
left_child=-1 -2 7 4 -4 6 -5 8 9 -3 -11 12 -10 -7
right_child=1 2 3 5 -6 13 -8 -9 11 10 -12 -13 -14 -15
leaf_value=-0.022875945148015251 -0.012289802369319397 -0.019046870631118592 0.017250331682822605 -0.006517767049352946 -0.010748040042553237 -0.0019770641857654956 0.0068007688282951976 0.0090478565109366662 -0.0066027216768108068 0.026003905621362122 -0.0061810186356959437 0.017591421494643142 -0.029335612442210043 0.01494213448095656
leaf_weight=195.17803610861301 136.67776080965996 22.933950491249561 34.09299061447382 108.94778057187796 126.21456044912338 44.07810977101326 472.79911074787378 80.99673219025135 73.546767927706242 34.881388604640961 19.312551323324442 10.749247595667837 51.591105438768864 332.09751861542463
leaf_count=3660 1121 186 151 509 632 225 2369 436 377 148 109 44 433 2015
internal_value=-0.000162093 0.00271297 0.00417262 0.00592524 -0.00472353 0.00771037 0.00429961 -0.0024907 -0.00689989 0.00450079 0.0146303 -0.0133564 -0.0161332 0.0129597
internal_weight=1744.1 1548.92 1412.24 1118.23 160.308 957.923 581.747 294.012 213.015 77.1279 54.1939 135.887 125.138 376.176
internal_count=12415 8755 7634 5901 783 5118 2878 1733 1297 443 257 854 810 2240
is_linear=0
shrinkage=0.03


Tree=80
num_leaves=15
num_cat=0
split_feature=0 3 0 5 7 6 0 7 8 6 4 5 0 0
split_gain=110.449 40.8441 24.6194 24.5928 22.3795 21.161 21.6281 22.7458 17.8954 16.8293 14.002 21.6179 16.4095 11.931
threshold=11.567916666666671 2.651404005585706 16.709583333333338 230.7206954956055 20.750000000000004 6.5500000000000016 24.911250000000003 28.750000000000004 33.350000000000009 4.2500000000000009 67.270715950688938 294.41822814941412 13.191250000000005 25.481250000000006
decision_type=2 2 2 2 2 2 2 2 2 2 2 2 2 2
left_child=-1 -2 8 4 -4 6 -5 -8 10 -6 11 12 -3 -11
right_child=1 2 3 5 9 -7 7 -9 -10 13 -12 -13 -14 -15
leaf_value=-0.023463374759553138 -0.009888092778118876 0.054284296632841143 0.0028195349320599928 0.0027088154626272892 -0.036226403780364264 0.011553384103075645 -0.019846855869681282 0.0070493483601145939 0.014304052681113684 0.023153730862889611 -0.014302381899262201 -0.013868943622546022 0.0071159270548949698 0.011323401964931477
leaf_weight=169.96164653450251 224.69589955732226 7.2442398667335501 216.81873614341021 281.32143916189671 4.7180195152759543 136.5770910307765 94.307924538850784 39.642779096961021 37.271336726844311 129.56392769515514 126.17125806584954 41.695561490952969 36.263681858778 196.27535282820463
leaf_count=3326 1660 43 1142 1350 29 644 461 185 218 736 1023 282 160 1227
internal_value=-0.000562563 0.00192587 0.00390118 0.00582886 0.0103284 0.00135513 -0.00201863 -0.0118937 -0.00460997 0.0152303 -0.00799669 0.00139851 0.0160128 0.016084
internal_weight=1742.53 1572.57 1347.87 1099.23 547.376 551.849 415.272 133.951 248.646 330.557 211.375 85.2035 43.5079 325.839
internal_count=12486 9160 7500 5774 3134 2640 1996 646 1726 1992 1508 485 203 1963
is_linear=0
shrinkage=0.03


Tree=81
num_leaves=15
num_cat=0
split_feature=0 3 5 5 0 2 6 3 0 5 3 8 1 6
split_gain=117.745 35.3834 23.0089 19.2337 16.2329 25.7016 23.7581 18.8334 24.8491 18.7907 15.6063 15.3525 15.0527 14.3468
threshold=11.487083333333336 2.3929781808550867 26.566251754760746 50.175901412963874 16.999583333333341 29.240000000000009 6.1500000000000012 2.9559473827183083 27.600000000000005 211.72058868408206 2.9321895536967912 32.750000000000007 21.830000000000009 4.4500000000000011
decision_type=2 2 2 2 2 2 2 2 2 2 2 2 2 2
left_child=-1 3 -3 -2 10 -6 9 8 -8 13 -4 12 -11 -7
right_child=1 2 4 -5 5 6 7 -9 -10 11 -12 -13 -14 -15
leaf_value=-0.024241909847161972 0.013366582856716302 0.012451613897112654 -0.012655382187300232 -0.018571553702894431 0.017868829210306039 -0.022398582201562628 0.0059030209318560586 0.016091294690723731 -0.024429365524153542 -0.014702540807752427 0.0023818797321906284 0.0019308799055278039 0.034334568616480952 0.0064285250529575915
leaf_weight=162.54493028670549 19.693616859614849 230.99252514541149 116.32373040169477 98.792090021073818 104.53129106760025 15.849160283803938 216.30851376056671 147.68497397750616 26.37764023989439 163.13792626559734 131.44660223275423 95.960389330983162 4.9099537730216971 202.29505048692226
leaf_count=3263 92 1521 963 920 548 98 1033 786 158 766 796 449 18 1038
internal_value=-1.34438e-05 0.00250192 0.00378769 -0.0131956 0.00214491 0.00388382 0.00218983 0.00768195 0.00251946 -0.00226351 -0.00470034 -0.00763414 -0.0130752 0.00424145
internal_weight=1736.85 1574.3 1455.82 118.486 1224.83 977.055 872.524 390.371 242.686 482.152 247.77 264.008 168.048 218.144
internal_count=12449 9186 8174 1012 6653 4894 4346 1977 1191 2369 1759 1233 784 1136
is_linear=0
shrinkage=0.03


Tree=82
num_leaves=15
num_cat=0
split_feature=0 7 1 6 4 4 7 6 1 5 6 0 4 1
split_gain=121.125 31.2035 24.1509 24.8605 34.6852 22.5746 18.3073 16.4486 14.5419 13.6581 11.9733 20.5624 11.4137 11.0447
threshold=11.487083333333336 4.8500000000000014 6.7800000000000056 5.2500000000000009 63.649666149336575 71.577755394231332 20.750000000000004 5.6500000000000012 13.760000000000005 13.122345447540285 6.5500000000000016 24.911250000000003 80.491822696709434 2.1200000000000037
decision_type=2 2 2 2 2 2 2 2 2 2 2 2 2 2
left_child=-1 -2 5 6 10 7 -4 -3 -8 -7 11 -5 -10 -9
right_child=1 2 3 4 -6 9 8 13 12 -11 -12 -13 -14 -15
leaf_value=-0.024414133518661733 -0.019045305738375474 0.014418529989676814 -0.021984135022607924 0.0053151160749659049 0.012756953561363457 0.0060952189497781783 0.01849006203186742 -0.0075229050104687594 -0.012471205099422327 -0.018582624629298636 0.0044466461982770105 -0.02273976261621339 0.0059452971498528727 0.0034752091893003978
leaf_weight=161.66098859906197 55.846242882311344 74.089971471577883 37.111995853483677 44.709719821810722 559.59122375398874 25.331015948206186 33.259999237954617 139.85520864278078 62.178510159254074 90.927199050784111 146.05163604021072 47.87956815212965 57.320089250802994 196.33131095021963
leaf_count=3306 582 327 200 191 3261 160 161 999 321 793 758 233 279 942
internal_value=0.000229855 0.00278056 0.00359733 0.00636051 0.00867929 -0.00159031 -0.00338225 0.00172345 0.00125058 -0.0131995 -0.000895802 -0.00928052 -0.0036613 -0.0011088
internal_weight=1732.14 1570.48 1514.64 988.103 798.232 526.535 189.871 410.276 152.759 116.258 238.641 92.5893 119.499 336.187
internal_count=12513 9207 8625 5404 4443 3221 961 2268 761 953 1182 424 600 1941
is_linear=0
shrinkage=0.03


Tree=83
num_leaves=15
num_cat=0
split_feature=0 5 3 0 4 3 5 3 1 8 0 8 7 1
split_gain=100.237 30.5492 30.0426 22.4695 13.7119 15.0311 13.4166 12.1555 13.3209 11.6842 11.2867 10.8874 10.2453 10.8994
threshold=11.487083333333336 41.271705627441413 2.2379707788842 16.575000000000006 70.541047523787213 2.8327323890764524 1482.9064941406252 3.0205104408930619 -5.4899999999999984 21.250000000000004 19.32833333333334 35.250000000000007 34.650000000000013 7.8200000000000047
decision_type=2 2 2 2 2 2 2 2 2 2 2 2 2 2
left_child=4 9 -3 6 5 -1 11 8 -7 -2 -11 -4 -5 -14
right_child=1 2 3 12 -6 7 -8 -9 -10 10 -12 -13 13 -15
leaf_value=-0.021953476928471154 0.022880059843338286 -0.018523216189404949 -0.01241730505378307 0.0017468139305055082 -0.028943496700546082 -0.0069768030398667863 0.015137464590058195 -0.016247028008258845 0.055241697335197772 -0.0024550416256682406 0.011782677677153536 0.014137867496844946 -0.01839554478751524 0.012492789190976563
leaf_weight=33.855340544134378 56.125355083495378 73.139071557670832 172.39811469614506 837.92573344707489 107.07203248515725 4.9948027916252613 19.79925124719739 8.1805926300585252 6.3684991486370581 69.631937228143215 175.00924417376518 14.283626932650803 10.225862279534338 138.75315970182419
leaf_count=634 338 723 1369 4196 2447 73 115 115 80 378 1246 94 50 722
internal_value=-0.000266249 0.00205117 7.37071e-06 0.00115761 -0.0227725 -0.0100944 -0.0078186 0.0105173 0.029541 0.010629 0.00773672 -0.010321 0.00304164 0.0102641
internal_weight=1727.76 1567.29 1266.52 1193.39 160.471 53.3992 206.481 19.5439 11.3633 300.767 244.641 186.682 986.905 148.979
internal_count=12580 9231 7269 6546 3349 902 1578 268 153 1962 1624 1463 4968 772
is_linear=0
shrinkage=0.03


Tree=84
num_leaves=15
num_cat=0
split_feature=0 3 6 1 6 5 6 2 5 1 5 0 6 1
split_gain=98.7333 33.4679 17.2187 22.0563 19.6994 15.8815 19.0485 26.0484 15.0607 14.68 14.4067 14.1391 12.8348 12.8418
threshold=11.487083333333336 2.651404005585706 4.9500000000000011 6.2400000000000064 5.3500000000000014 25.172574043273929 6.9500000000000011 33.730000000000011 1037.5679321289065 22.450000000000006 65.958995819091811 19.90708333333334 5.5500000000000016 17.450000000000006
decision_type=2 2 2 2 2 2 2 2 2 2 2 2 2 2
left_child=-1 -2 -3 4 10 -5 7 -7 -6 12 -4 -10 -9 -14
right_child=1 2 3 5 8 6 -8 9 11 -11 -12 -13 13 -15
leaf_value=-0.022868181770956706 -0.0084692625594836399 -0.0083221045899405221 0.033608068976585748 0.016840475275132601 -0.0061811445679894605 0.0088523674315385877 0.017671883924762481 -0.018737175331228244 0.016941289029437808 0.025933511610766589 0.0014175714780067334 -0.028886286061186487 -0.0071630232787906834 0.010320953168227396
leaf_weight=153.75900661200285 223.17217626050115 93.08185999840498 22.727661319077015 141.8983019888401 288.17623758688569 363.21728029102087 103.66939484328032 51.285133063793182 46.134082961827517 13.042919524013994 26.668656088411808 6.0302298218011847 121.85253173857927 53.639000430703163
leaf_count=3268 1658 465 96 1072 1886 1923 528 246 223 66 131 29 598 270
internal_value=-1.58702e-05 0.00225761 0.00406065 0.00499738 -0.000909415 0.00770806 0.00585317 0.0037955 -0.00349213 -0.0038683 0.0166017 0.0111999 -0.00568866 -0.00179085
internal_weight=1708.35 1554.6 1331.42 1238.34 389.737 848.605 706.706 603.037 340.341 239.82 49.3963 52.1643 226.777 175.492
internal_count=12459 9191 7533 7068 2365 4703 3631 3103 2138 1180 227 252 1114 868
is_linear=0
shrinkage=0.03


Tree=85
num_leaves=15
num_cat=0
split_feature=0 5 3 6 0 1 5 8 3 6 0 7 3 0
split_gain=100.007 24.9188 24.377 16.9416 13.1989 10.7562 11.3341 10.6073 9.85956 11.47 14.0859 12.7705 12.2158 16.822
threshold=12.544166666666671 45.020414352416999 2.2379707788842 5.1500000000000012 15.874583333333337 20.650000000000009 185.82258605957034 30.150000000000006 3.1915432195829734 6.6500000000000012 25.009583333333339 28.950000000000006 2.9321895536967912 27.82458333333334
decision_type=2 2 2 2 2 2 2 2 2 2 2 2 2 2
left_child=-1 -2 -3 5 7 6 -4 -5 9 10 -6 -12 13 -11
right_child=1 2 3 4 8 -7 -8 -9 -10 12 11 -13 -14 -15
leaf_value=-0.020200855156761673 0.010709053740093684 -0.016198393854018181 0.015843587761243727 -0.0098754838277025202 0.0037886938585435575 -0.019048780521890369 -0.0082679853235669253 0.0088634959781071099 0.011498271164436382 0.0062156988115925774 -0.011289053495291973 0.018343181007614798 0.017754454159488051 -0.028109719610810564
leaf_weight=188.44971255585551 296.20812111720443 68.812374617904425 23.53349444270134 105.10915711522102 287.72684598714113 48.618816621601582 60.647577453404665 35.684611685574055 159.44618514180183 194.56665246188641 117.04683072865009 13.81444528698921 79.845601283013821 12.768483161926268
leaf_count=3867 1891 701 111 731 1358 248 293 208 865 992 571 71 416 87
internal_value=0.000341232 0.00292714 0.00101109 0.00206427 0.00339526 -0.00796847 -0.00142053 -0.00509702 0.00478147 0.0032499 7.86597e-05 -0.00804552 0.00785592 0.00397703
internal_weight=1692.28 1503.83 1207.62 1138.81 1006.01 132.8 84.1811 140.794 865.215 705.769 418.588 130.861 287.181 207.335
internal_count=12410 8543 6652 5951 5299 652 404 939 4360 3495 2000 642 1495 1079
is_linear=0
shrinkage=0.03


Tree=86
num_leaves=15
num_cat=0
split_feature=0 5 3 0 1 0 0 7 5 3 7 1 8 7
split_gain=95.5646 26.5445 24.6639 23.2339 24.9834 20.0876 17.9596 18.324 16.6393 16.2513 14.8887 13.201 12.1671 12.7578
threshold=12.124166666666671 290.21913146972662 2.2379707788842 19.478750000000005 1.0300000000000027 16.709583333333338 25.674583333333334 22.350000000000005 1321.1693115234377 2.8023837067088868 13.550000000000002 4.1000000000000059 23.050000000000004 28.350000000000005
decision_type=2 2 2 2 2 2 2 2 2 2 2 2 2 2
left_child=11 3 -3 4 10 9 7 -5 -4 -6 -2 -1 -12 -14
right_child=1 2 8 6 5 -7 -8 -9 -10 -11 12 -13 13 -15
leaf_value=-0.022117188751108789 -0.015317293298564757 -0.023983726371063874 -0.0024189409827961223 0.0088054120156536506 0.0053957766981617286 0.0011047099725163857 0.0055877417942699417 0.026923159685841632 0.010922295734003318 -0.027182142479843536 0.031811707228392508 0.04120066011985779 0.015050939555820726 -0.017876379293006398
leaf_weight=166.72972562536597 15.911547120660542 41.310279261320829 535.28991330042481 119.0094585865736 17.628554731607437 94.47380518168211 376.96604549139738 87.918962441384792 98.793908569961786 57.644865278154612 27.183095328509808 2.1310233101248732 45.182103622704744 12.829410225152968
leaf_count=3597 95 474 2835 647 79 433 2279 575 517 462 113 17 266 84
internal_value=0.000268951 0.0026372 -0.00180669 0.00614662 -0.00111358 -0.0081296 0.00951059 0.0165957 -0.000326374 -0.0195819 0.0106299 -0.0210803 0.0155975 0.00758944
internal_weight=1699 1530.14 675.394 854.748 270.853 169.747 583.894 206.928 634.084 75.2734 101.106 168.861 85.1946 58.0115
internal_count=12473 8859 3826 5033 1532 974 3501 1222 3352 541 558 3614 463 350
is_linear=0
shrinkage=0.03


Tree=87
num_leaves=15
num_cat=0
split_feature=0 7 6 1 5 6 0 3 8 7 6 3 0 7
split_gain=90.4506 28.2203 19.5635 21.5847 20.144 14.5663 15.3299 21.636 13.1221 12.6444 11.8881 14.002 11.7672 11.0559
threshold=12.544166666666671 4.8500000000000014 4.5500000000000016 6.7800000000000056 214.89668273925784 5.6500000000000012 27.487083333333338 2.95814324005396 28.350000000000005 59.250000000000007 8.0500000000000025 2.4527214424105277 25.674583333333334 22.350000000000005
decision_type=2 2 2 2 2 2 2 2 2 2 2 2 2 2
left_child=-1 -2 -3 9 12 8 -7 -8 -6 10 11 -4 13 -5
right_child=1 2 3 4 5 6 7 -9 -10 -11 -12 -13 -14 -15
leaf_value=-0.019103804119931147 -0.017991488117469406 -0.022392776886380163 -0.019759808460801317 0.0081953080504531019 -0.016553397037409753 0.0094693769385679055 -0.024477605355726698 0.020777003463388257 0.0010533401715450569 -0.03000482144626317 0.024993343809944037 0.00053317770610862775 0.0079410543433422551 0.02444782834247081
leaf_weight=183.37904790788889 53.77264878153801 23.969068169593811 32.085418291389942 63.622956670820713 50.346091456711292 272.59201736748219 28.279200948774815 13.18415381759405 147.23141226172447 12.051819592714308 15.438107259571551 407.01993817463517 292.44593666493893 96.734226115047932
leaf_count=3898 583 142 256 364 242 1359 180 66 712 82 106 2098 1804 631
internal_value=0.00073255 0.00315455 0.00394787 0.00440439 0.00696495 0.00287721 0.00688376 -0.00993752 -0.00349392 -0.000891773 -5.56942e-05 -0.000991159 0.0115673 0.0180903
internal_weight=1692.15 1508.77 1455 1431.03 964.436 511.633 314.055 41.4634 197.578 466.595 454.543 439.105 452.803 160.357
internal_count=12523 8625 8042 7900 5358 2559 1605 246 954 2542 2460 2354 2799 995
is_linear=0
shrinkage=0.03


Tree=88
num_leaves=15
num_cat=0
split_feature=0 4 2 6 0 6 5 0 4 7 7 8 6 6
split_gain=89.2917 24.494 20.8096 18.3167 18.2493 26.5783 25.7252 32.9805 16.6802 15.0718 14.7413 14.3961 14.352 13.6924
threshold=12.863333333333339 59.095324993640006 33.150000000000013 4.4500000000000011 19.32833333333334 5.5500000000000016 214.89668273925784 26.877500000000005 70.541047523787213 20.350000000000005 20.550000000000004 21.050000000000004 6.7500000000000009 6.7500000000000009
decision_type=2 2 2 2 2 2 2 2 2 2 2 2 2 2
left_child=8 2 -2 -3 -5 6 7 -6 12 -8 -7 13 -1 -4
right_child=1 3 11 4 5 10 9 -9 -10 -11 -12 -13 -14 -15
leaf_value=0.0048714028385614611 0.010571258731192915 -0.025404626457995152 -0.014796623775764829 -0.00037164880390179683 0.021153857706686784 0.0074855327672017375 -0.023108856634567035 -0.0050721389907413313 -0.026034955724535517 -0.0019573341662163482 0.01813823308926658 -0.012614937323749343 -0.02174824696243785 0.011983927685312321
leaf_weight=38.658734820783138 65.88514943420887 16.719841688871384 25.039718054234982 348.90632394328713 93.102772489190102 258.58182103186846 40.734382688999176 79.124419413506985 116.09755773097277 111.64613045752048 216.21043503284454 186.79128983616829 33.004112243652344 49.616567023098469
leaf_count=567 312 106 123 1767 514 1381 197 468 2786 547 1404 1248 622 397
internal_value=0.000396422 0.00285357 -0.00438771 0.00489014 0.00535296 0.00784887 0.00122637 0.00914541 -0.0190451 -0.00772536 0.0123645 -0.00818331 -0.00751878 0.00292488
internal_weight=1680.12 1492.36 327.333 1165.03 1148.31 799.4 324.608 172.227 187.76 152.381 474.792 261.448 71.6628 74.6563
internal_count=12439 8464 2080 6384 6278 4511 1726 982 3975 744 2785 1768 1189 520
is_linear=0
shrinkage=0.03


Tree=89
num_leaves=15
num_cat=0
split_feature=0 3 6 1 6 2 7 4 4 3 1 4 1 1
split_gain=81.3021 28.473 14.6459 15.2626 13.3102 21.4732 13.1145 13.0569 12.9527 14.5957 13.5114 11.913 13.5884 11.3036
threshold=12.446250000000003 2.651404005585706 4.5500000000000016 6.2400000000000064 6.5500000000000016 35.670000000000016 20.550000000000004 49.507068954251373 69.958152506272441 2.8853725272803099 4.1000000000000059 72.671569416944962 0.46000000000000091 2.7000000000000046
decision_type=2 2 2 2 2 2 2 2 2 2 2 2 2 2
left_child=8 13 -3 11 5 6 -5 -6 9 -1 -10 -4 -13 -2
right_child=1 2 3 4 7 -7 -8 -9 10 -11 -12 12 -14 -15
leaf_value=-0.018670902050149759 -0.024035059436336305 -0.019212015621729413 0.0015780185045617219 -0.00021203918829671361 -0.014366778292852468 -0.0076763389975652825 0.0095459227933418524 0.015323333804425774 -0.027362386433048336 0.012806846446954104 0.035337506257553317 0.016907712390099323 -0.018566186141969875 -0.0050390101930752893
leaf_weight=37.843229964375496 32.592431545257568 23.526435077190399 297.98421012982726 176.52293325960636 13.604771628975866 111.30416378378868 414.93911807239056 182.39777443557978 109.3663443364203 19.274002514779568 2.3594450131058684 10.959736566990612 54.517169550061226 181.49204605817795
leaf_count=745 321 143 1462 893 71 570 2436 1050 2721 253 20 58 392 1272
internal_value=-0.000149988 0.00207639 0.00376397 0.00420708 0.00630299 0.00436338 0.0066382 0.0132 -0.0198228 -0.00801126 -0.0257365 -0.000978781 -0.0124634 -0.00802929
internal_weight=1668.68 1499.84 1285.76 1262.23 898.769 702.766 591.462 196.003 168.843 57.1172 111.726 363.461 65.4769 214.084
internal_count=12407 8668 7075 6932 5020 3899 3329 1121 3739 998 2741 1912 450 1593
is_linear=0
shrinkage=0.03


Tree=90
num_leaves=15
num_cat=0
split_feature=0 3 8 8 0 5 1 4 4 4 3 5 0 8
split_gain=79.71 19.6746 16.4478 15.7894 17.8325 16.015 19.1043 15.4922 16.3165 14.6169 14.6685 14.0784 13.6938 12.6133
threshold=11.487083333333336 2.4527214424105277 14.050000000000002 31.550000000000004 16.709583333333338 1558.0935668945315 -0.15999999999999798 62.716456961834368 66.859289128495604 71.483629435779378 2.8327323890764524 252.84356689453128 26.429166666666671 21.050000000000004
decision_type=2 2 2 2 2 2 2 2 2 2 2 2 2 2
left_child=9 13 -3 4 5 6 7 -4 -9 10 -1 12 -6 -2
right_child=1 2 3 -5 11 -7 -8 8 -10 -11 -12 -13 -14 -15
leaf_value=-0.021054092194225538 0.0037933414192525042 0.020369453045130312 -0.024771449889009929 0.0069403450361512197 0.011832941028215959 0.024433688494882325 -0.017524257558269137 0.028516848729915889 -0.0041667920086009219 -0.028881949917896565 0.010906271366739309 -0.0018954814939213739 -0.00066364204713380585 -0.015576828459411352
leaf_weight=31.980940829962492 46.299764107912779 48.495878733694553 13.879375159740446 505.04237970709801 200.85365721583366 12.089284688234327 112.95809262990952 22.793651018291712 32.045416608452797 86.282542198896408 20.446190141141415 316.29840935021639 129.41638910025358 84.53830636665225
leaf_count=680 389 283 113 2938 1081 64 939 122 236 2305 311 1512 755 743
internal_value=0.000349381 0.00233523 0.00338087 0.00275382 0.000232453 -0.00772707 -0.00998918 0.00247055 0.00968545 -0.0213398 -0.00861895 0.00262604 0.00694893 -0.00874551
internal_weight=1663.42 1524.71 1393.87 1345.38 840.334 193.766 181.677 68.7184 54.8391 138.71 52.4271 646.568 330.27 130.838
internal_count=12471 9175 8043 7760 4822 1474 1410 471 358 3296 991 3348 1836 1132
is_linear=0
shrinkage=0.03


Tree=91
num_leaves=15
num_cat=0
split_feature=0 3 4 3 5 5 0 2 6 3 0 2 5 2
split_gain=71.8901 20.2879 12.8323 12.7626 12.6502 12.2978 13.9391 12.6498 11.2218 22.2115 14.2431 17.9847 13.7716 20.554
threshold=11.487083333333336 2.4527214424105277 71.483629435779378 2.8327323890764524 9.149848937988283 51.939153671264656 24.031250000000004 30.140000000000004 5.9500000000000011 3.0065986634725728 14.127500000000005 29.430000000000003 214.89668273925784 27.760000000000009
decision_type=2 2 2 2 2 2 2 2 2 2 2 2 2 2
left_child=2 5 3 -1 -3 6 -2 -7 12 10 -10 -12 -6 -14
right_child=1 4 -4 -5 8 7 -8 -9 9 -11 11 -13 13 -15
leaf_value=-0.020785277806927925 -0.019220023417996682 0.011857904126941685 -0.02825245416043521 0.0092147888837030532 0.0038464260684882442 0.016661688048320883 0.027501402686585612 -0.016923393472047125 -0.013420688763961864 0.013305555320369405 0.019404972295039333 0.00064172748062471042 0.011010180878530536 -0.0086132191960084734
leaf_weight=31.317562349140644 8.2956393882632273 125.4221204072237 83.375723876059055 20.335540547966957 281.06517340987921 10.427423935383556 14.379909947514532 99.039589684456587 52.696254171431065 187.95636136457324 51.551520563662052 368.05354238301516 57.378469381481409 272.45244474336505
leaf_count=679 48 898 2286 310 1611 52 60 989 701 1103 243 1844 329 1349
internal_value=-0.000117516 0.00174105 -0.0210172 -0.00902372 0.00280601 -0.00945079 0.0103189 -0.0136023 0.00190426 0.00461261 0.00113237 0.00298758 -0.00102567 -0.00517651
internal_weight=1663.75 1528.72 135.029 51.6531 1396.58 132.143 22.6755 109.467 1271.15 660.258 472.301 419.605 610.896 329.831
internal_count=12502 9227 3275 989 8078 1149 108 1041 7180 3891 2788 2087 3289 1678
is_linear=0
shrinkage=0.03


Tree=92
num_leaves=15
num_cat=0
split_feature=0 5 3 0 6 3 0 0 5 7 5 0 3 0
split_gain=87.8033 21.8675 23.8789 15.1385 15.894 14.8107 17.3483 12.9806 14.7851 13.6956 16.8283 18.926 12.3319 11.9536
threshold=11.487083333333336 85.244823455810561 2.2379707788842 16.071666666666676 5.9500000000000011 2.8626560334663775 27.600000000000005 24.435833333333338 419.73808288574224 36.050000000000004 214.89668273925784 27.04333333333334 2.8951130146149993 19.90708333333334
decision_type=2 2 2 2 2 2 2 2 2 2 2 2 2 2
left_child=-1 13 -3 -4 7 6 -6 8 -5 10 -9 -12 -10 -2
right_child=1 2 3 4 5 -7 -8 9 12 -11 11 -13 -14 -15
leaf_value=-0.022914026194581171 0.0011308560194292874 -0.017589898614728726 -0.0070367581917976504 0.014765807421132352 0.0038752599745540137 0.011950250493010659 -0.024383141437438246 -8.9772262914995812e-05 0.028588953560344531 0.0064896422289095973 -0.027796219771637772 0.011650945633553449 -0.0041038004736457532 0.011863843218980315
leaf_weight=132.04535505920649 139.97013588622212 62.455955199897289 162.00869494304061 69.819460846483707 216.40562801063061 236.21412148326635 20.487497940659523 59.401722826063633 10.18665102124214 47.32074448466301 64.377567417919636 12.564764998853205 144.31277380138636 281.00517155230045
leaf_count=3275 820 692 1333 317 1106 1200 143 297 43 232 324 56 723 1966
internal_value=0.000460793 0.0024964 0.000278562 0.00136426 0.00291521 0.00665111 0.00133913 -0.00142269 0.00341377 -0.0073162 -0.0121201 -0.0212876 -0.00177827 0.00830637
internal_weight=1658.58 1526.53 1105.56 1043.1 881.091 473.107 236.893 407.984 224.319 183.665 136.344 76.9423 154.499 420.975
internal_count=12527 9252 6466 5774 4441 2449 1249 1992 1083 909 677 380 766 2786
is_linear=0
shrinkage=0.03


Tree=93
num_leaves=15
num_cat=0
split_feature=0 7 0 6 8 1 6 5 5 6 5 6 7 7
split_gain=73.4847 21.7091 20.847 18.689 16.0934 29.5168 18.4274 15.9744 14.234 16.9448 13.5686 12.7299 23.3296 12.7047
threshold=10.87708333333334 4.8500000000000014 17.441666666666674 4.4500000000000011 30.250000000000004 0.46000000000000091 5.4500000000000011 1163.5686645507815 249.70282745361331 5.8500000000000014 488.22297668457037 6.4500000000000011 22.150000000000006 20.750000000000004
decision_type=2 2 2 2 2 2 2 2 2 2 2 2 2 2
left_child=-1 -2 4 -4 5 6 -3 11 13 -10 -11 -7 -13 -5
right_child=1 2 3 8 -6 7 -8 -9 9 10 -12 12 -14 -15
leaf_value=-0.023440945752821251 -0.017692169511194036 0.025079475727621453 -0.026876559864341159 0.003181412195767507 0.0063900765612939243 -0.029859217326443387 -0.0034316438393421863 0.011651555049493684 -0.0047852298091597602 -0.0019557244297016755 0.010497140333736046 -0.032032931965843225 0.00353398632417501 0.012165109276225416
leaf_weight=111.79925453662872 49.589890599250793 26.596766777336597 16.161543644964695 264.16157719492912 93.268407613039017 62.970207635313272 77.548840705305338 15.208753786981104 237.5288565158844 127.75533496588469 203.14512117952108 26.906777657568455 40.529699962586164 306.91443751007318
leaf_count=2848 560 121 106 1421 661 606 696 80 1160 678 1066 211 284 2016
internal_value=-6.30697e-05 0.00163905 0.00229006 0.00421718 -0.00419578 -0.00815858 0.00401882 -0.016836 0.00468136 0.00131661 0.00569788 -0.0202217 -0.0109177 0.00802236
internal_weight=1660.09 1548.29 1498.7 1155.67 343.029 249.761 104.146 145.615 1139.51 568.429 330.9 130.407 67.4365 571.076
internal_count=12514 9666 9106 6447 2659 1998 817 1181 6341 2904 1744 1101 495 3437
is_linear=0
shrinkage=0.03


Tree=94
num_leaves=15
num_cat=0
split_feature=0 4 2 6 0 0 5 7 6 4 2 4 3 3
split_gain=70.727 20.7075 16.199 15.4174 28.9136 21.8092 19.6704 15.5631 17.8673 12.7878 12.6487 17.5773 17.2089 17.3442
threshold=11.487083333333336 61.049956282254527 30.340000000000003 5.2500000000000009 19.771666666666672 24.031250000000004 552.03857421875011 29.550000000000004 6.1500000000000012 71.020066685122245 21.830000000000009 69.958152506272441 2.9430293045160512 2.8023837067088868
decision_type=2 2 2 2 2 2 2 2 2 2 2 2 2 2
left_child=9 2 -2 5 10 6 -3 8 -6 -1 -5 12 13 -12
right_child=1 3 -4 4 7 -7 -8 -9 -10 -11 11 -13 -14 -15
leaf_value=-0.0084551509082241988 0.018218600013214924 0.020032536573328309 -0.0055472779005262219 0.032447185874993914 0.0013219247844017837 -0.010078695802280978 -0.0092767102386572056 0.018167454262260973 0.014214688950228744 -0.028453465769109561 0.0065430555889203377 -0.0093470847552383132 0.013462360457452367 -0.018208227438584502
leaf_weight=47.077549505978823 26.92334783822298 53.927004054188728 344.86714053153992 9.1309928856790048 215.91332329064608 137.2048624753952 32.22817400097847 162.62750579416752 174.60908993333578 77.917378075420856 57.823646359145641 147.73736296966672 94.533829413354397 44.041384484618902
leaf_count=932 133 266 2251 56 1150 726 164 1158 1038 2269 337 1164 447 266
internal_value=0.000542089 0.00235215 -0.00378201 0.00437235 0.00611075 -0.00267804 0.00908815 0.0103865 0.00710808 -0.0210483 -0.00059465 -0.00156282 0.00431043 -0.00423115
internal_weight=1626.56 1501.57 371.79 1129.78 906.417 223.36 86.1552 553.15 390.522 124.995 353.267 344.136 196.399 101.865
internal_count=12357 9156 2384 6772 5616 1156 430 3346 2188 3201 2270 2214 1050 603
is_linear=0
shrinkage=0.03


Tree=95
num_leaves=15
num_cat=0
split_feature=0 5 3 6 3 1 0 2 1 4 5 5 0 1
split_gain=63.3044 18.1105 16.8475 10.9902 24.6099 15.2729 17.7396 13.502 13.0534 12.8246 18.5224 12.4945 13.3031 11.686
threshold=11.048750000000004 45.020414352416999 2.2379707788842 5.9500000000000011 2.9902500306566231 2.1200000000000037 27.342916666666671 32.750000000000014 7.9600000000000053 70.329825649452616 1384.089294433594 220.00251007080081 24.18458333333334 22.570000000000011
decision_type=2 2 2 2 2 2 2 2 2 2 2 2 2 2
left_child=-1 -2 -3 7 5 -5 -7 8 9 -4 -11 -10 -13 -9
right_child=1 2 3 4 -6 6 -8 13 11 10 -12 12 -14 -15
leaf_value=-0.021301022662951408 0.0085339078091042214 -0.014418528158529535 0.0031649909219146578 -0.010011632878825207 0.013370566609771425 0.0055159092146318724 -0.014591228965247997 -0.010022701515414966 0.018252541708281153 -0.025941050897396137 0.024280437317027757 0.0071581414336089437 -0.012529443071786465 0.015110221914077741
leaf_weight=113.04001431912184 294.93284514918923 65.523262102156878 53.300162985920906 102.71820278093219 172.91040935367346 318.67107060551643 44.085508942604065 195.54931697249413 55.344198286533356 40.32032772153616 7.0492958948016158 110.21136068552732 41.782838582992554 17.309303373098373
leaf_count=2982 2116 705 279 1025 1006 1639 262 949 322 337 31 557 209 88
internal_value=0.000257077 0.00187358 0.000264081 0.00110568 0.00374159 0.000143706 0.00303891 -0.00212591 0.00188944 -0.00693021 -0.0181199 0.00618439 0.00169955 -0.00791784
internal_weight=1632.75 1519.71 1224.78 1159.25 638.385 465.475 362.757 520.867 308.008 100.67 47.3696 207.338 151.994 212.859
internal_count=12507 9525 7409 6704 3932 2926 1901 2772 1735 647 368 1088 766 1037
is_linear=0
shrinkage=0.03


Tree=96
num_leaves=15
num_cat=0
split_feature=1 4 3 7 6 4 6 4 1 8 5 1 1 3
split_gain=36.1979 38.0162 25.6243 19.1149 19.4226 23.3522 16.3701 13.968 11.9721 14.207 11.958 11.6481 11.2442 15.4162
threshold=4.8600000000000039 72.671569416944962 2.8564811688288203 4.5500000000000016 5.4500000000000011 63.796234197605152 7.5500000000000016 64.771288780721747 7.6600000000000046 18.350000000000005 1681.101013183594 12.130000000000004 14.300000000000006 3.1839243511612216
decision_type=2 2 2 2 2 2 2 2 2 2 2 2 2 2
left_child=1 2 -1 -2 12 11 10 -4 9 -7 -3 -6 -5 -14
right_child=3 6 7 4 5 8 -8 -9 -10 -11 -12 -13 13 -15
leaf_value=-0.0099436202333263394 -0.019527220102808079 -0.023689608888694008 0.019235340308964646 0.0051641918969917563 0.0046915810078197269 -0.037554532001996439 0.03458284583322483 0.0009665852455973407 0.012506609920678058 0.0039449610449490673 0.03927901532450994 -0.0073558995355583632 -0.02467302394904872 -0.002958303996437082
leaf_weight=178.93168988451362 31.890885479748249 125.17504373937845 50.068898677825928 107.25938357412815 170.85904555022717 7.2910533174872389 3.8344800807535639 143.97493149340153 393.66129424422979 70.031094528734684 1.9057551771402348 123.59274034202099 34.838255733251572 166.53268887102604
leaf_count=1846 376 2727 269 555 875 42 17 998 2517 334 18 664 187 949
internal_value=-2.66632e-05 -0.00668348 -0.00178277 0.00300958 0.00369628 0.00625561 -0.0205261 0.0057549 0.0103917 -0.000397738 -0.022446 -0.000372992 -0.00265083 -0.00681842
internal_weight=1609.85 503.891 372.976 1105.96 1074.07 765.435 130.915 194.044 470.983 77.3221 127.081 294.452 308.63 201.371
internal_count=12374 5875 3113 6499 6123 4432 2762 1267 2893 376 2745 1539 1691 1136
is_linear=0
shrinkage=0.03


Tree=97
num_leaves=15
num_cat=0
split_feature=0 3 6 0 2 2 6 4 6 4 1 3 8 8
split_gain=74.5716 18.4716 15.9006 11.9075 15.7478 13.2084 20.018 20.3733 14.8859 14.181 12.7332 19.5501 14.7026 13.9569
threshold=11.487083333333336 2.4527214424105277 4.4500000000000011 17.824166666666674 21.070000000000011 33.670000000000016 6.8500000000000014 63.493113694322425 5.3500000000000014 59.095324993640006 0.24000000000000485 2.903236532548052 25.350000000000005 30.450000000000006
decision_type=2 2 2 2 2 2 2 2 2 2 2 2 2 2
left_child=-1 -2 -3 4 -4 8 7 -7 -5 -8 11 -6 -13 -12
right_child=1 2 3 5 10 6 9 -9 -10 -11 13 12 -14 -15
leaf_value=-0.022928796369835587 -0.0092664426021960688 -0.026256338955511545 0.036874627547020956 0.0006841853754745395 -0.012868034944683913 -0.014250855829693753 0.00048924347193339643 0.0017773209548727019 0.011472257870546594 0.018815439695027626 -0.012235210149805099 0.026409274251279095 0.00018954759252961867 0.0045079531686559081
leaf_weight=120.41541370935738 129.3424504622817 16.030708134174347 8.1397658586502057 172.65998248010874 36.024139933288097 101.2204257696867 73.045568071305752 235.91559033095837 345.19305266067386 78.335570827126503 151.50853944197297 38.638473767787218 37.444978881627321 62.833254236727953
leaf_count=3262 1146 107 43 930 366 499 375 1340 2056 470 1080 183 240 333
internal_value=-0.000322597 0.00152303 0.0025575 0.00292127 -0.00197715 0.0045502 0.00100774 -0.00306283 0.0078836 0.0100338 -0.00305554 0.00510737 0.0136749 -0.00732889
internal_weight=1606.75 1486.33 1356.99 1340.96 334.589 1006.37 488.517 337.136 517.853 151.381 326.449 112.108 76.0835 214.342
internal_count=12430 9168 8022 7915 2245 5670 2684 1839 2986 845 2202 789 423 1413
is_linear=0
shrinkage=0.03


Tree=98
num_leaves=15
num_cat=0
split_feature=0 3 8 2 4 4 2 0 2 6 4 8 7 7
split_gain=58.815 16.1375 15.3767 12.7534 12.0303 12.2304 12.7397 11.8224 15.4697 15.1927 16.5987 16.0681 13.1034 13.2631
threshold=11.487083333333336 2.651404005585706 21.050000000000004 29.610000000000003 70.541047523787213 70.066866376256073 26.430000000000003 16.709583333333338 28.280000000000008 5.8500000000000014 73.390126220153164 10.450000000000001 22.550000000000004 10.950000000000001
decision_type=2 2 2 2 2 2 2 2 2 2 2 2 2 2
left_child=4 2 -2 -4 5 -1 -7 -3 -9 11 -11 -10 13 -13
right_child=1 7 3 -5 -6 6 -8 8 9 10 -12 12 -14 -15
leaf_value=-0.011645713013619502 0.0057440790312235906 -0.0030616906369273318 0.024332697848498577 -0.013627061501973615 -0.027214473117355531 0.089515086425440496 -0.017989533292434915 0.017192982264615547 0.0313895733673491 0.0040877887549570372 0.017534729055410585 0.017639189143341703 0.0026168141935569971 -0.010189353711326355
leaf_weight=40.762881439179182 67.857505612075329 240.06411863490939 7.5567065328359595 136.85664096102118 76.319370644167066 1.2973462603986257 1.2547231428325174 76.720876879990101 12.743938788771628 392.80313143879175 103.97619426622987 16.046205505728722 275.32754476740956 168.62161051481962
leaf_count=855 529 1772 37 1078 2399 20 25 425 89 2042 781 66 1585 846
internal_value=4.6464e-05 0.00166762 -0.00597761 -0.0114871 -0.020106 -0.00724976 0.0464759 0.00293292 0.00431002 0.00327389 0.00693181 -0.00057656 -0.00152834 -0.00768929
internal_weight=1618.21 1498.57 212.271 144.413 119.634 43.315 2.55207 1286.3 1046.24 969.519 496.779 472.739 459.995 184.668
internal_count=12549 9250 1644 1115 3299 900 45 7606 5834 5409 2823 2586 2497 912
is_linear=0
shrinkage=0.03


Tree=99
num_leaves=15
num_cat=0
split_feature=1 4 3 5 6 6 4 5 6 5 4 4 4 6
split_gain=37.5547 32.8986 36.4852 18.9958 15.7926 15.3056 15.8837 13.7969 12.9989 11.5147 19.7165 11.281 10.9457 14.5406
threshold=3.7500000000000018 71.804658103354271 2.8327323890764524 75.77875137329103 7.5500000000000016 4.4500000000000011 34.362118313930857 1681.101013183594 5.4500000000000011 488.22297668457037 63.649666149336575 40.138724113290927 64.771288780721747 6.5500000000000016
decision_type=2 2 2 2 2 2 2 2 2 2 2 2 2 2
left_child=1 2 -1 -2 7 -5 -7 -3 -8 10 -10 -11 13 -4
right_child=3 4 12 5 -6 6 8 -9 9 11 -12 -13 -14 -15
leaf_value=-0.01419868042391117 0.0096827931395195421 -0.023095141187747751 0.029200272947327847 -0.035112900684345451 0.028254572857778826 -0.018142122976353165 -0.0040473526649190596 0.039913346790711318 -0.0070279879366541113 0.039499610515623847 0.0071621039317982648 0.0078850507735231563 0.0021657011251637777 -0.003711904565791002
leaf_weight=119.8402886800468 302.24624192342162 125.16254305653274 35.693864051252604 9.4519575685262662 5.140827987343072 34.877866961061954 217.9114057123661 2.33041988313198 156.28764868527651 9.6697167903184873 199.43572589755058 254.67309060692787 119.53015810623765 17.70379526540637
leaf_count=1489 2114 2900 188 71 23 460 1086 25 843 68 1071 1260 807 105
internal_value=0.00045931 -0.00717634 -0.001541 0.00320519 -0.0195108 0.000977757 0.00140831 -0.0216418 0.00224268 0.00445616 0.000925439 0.00918602 0.00726207 0.0184207
internal_weight=1609.96 425.402 292.768 1184.55 132.634 882.307 872.855 127.493 837.978 620.066 355.723 264.343 172.928 53.3977
internal_count=12510 5537 2589 6973 2948 4859 4788 2925 4328 3242 1914 1328 1100 293
is_linear=0
shrinkage=0.03


Tree=100
num_leaves=15
num_cat=0
split_feature=1 3 4 8 6 6 4 1 4 5 8 2 6 4
split_gain=30.4047 29.9304 26.1466 13.9262 13.6016 13.1413 12.7109 14.269 12.3945 10.3885 12.2275 14.4286 11.4097 10.8481
threshold=2.2300000000000031 2.903236532548052 71.262996793881456 26.450000000000006 6.6500000000000012 4.4500000000000011 64.771288780721747 -3.4899999999999958 26.181921265494363 9.149848937988283 29.450000000000006 27.890000000000004 6.2500000000000009 58.369029096794335
decision_type=2 2 2 2 2 2 2 2 2 2 2 2 2 2
left_child=1 -1 3 -3 -4 -2 7 -5 -7 -10 12 -12 -11 -13
right_child=5 2 4 6 -6 8 -8 -9 9 10 11 13 -14 -15
leaf_value=-0.017213133271377589 -0.025000579000591893 0.017121530448895337 -0.020445068443860511 0.062167514895900694 0.012384527215983106 -0.02506378157654154 -0.012703223454254309 -0.006825121280457448 0.011728644857723087 -0.0049881778028011536 0.020289540201780781 -0.0082199481086746712 0.0032544389211493041 0.0054072706019398257
leaf_weight=163.37925328686833 14.891676476225255 71.922376673668623 56.301801014691591 3.9296265318989754 13.447101781144736 13.561339292675255 34.386727321892977 5.5729271098971349 105.74551417306066 308.68268276564777 51.198630027472973 59.57726851478219 294.28318489901721 401.11589646339417
leaf_count=2999 103 466 1136 16 138 209 230 33 836 1734 272 340 1729 2288
internal_value=-7.50737e-05 -0.00789131 0.000364493 0.00907973 -0.0140302 0.00211306 -0.00418639 0.0249084 0.00246019 0.00278626 0.00192831 0.00533347 -0.000966563 0.003631
internal_weight=1598 348.94 185.561 115.812 69.7489 1249.06 43.8893 9.50255 1234.16 1220.6 1114.86 511.892 602.966 460.693
internal_count=12529 5018 2019 745 1274 7511 279 49 7408 7199 6363 2900 3463 2628
is_linear=0
shrinkage=0.03


Tree=101
num_leaves=15
num_cat=0
split_feature=0 7 3 1 0 4 1 4 8 3 1 6 4 3
split_gain=54.6039 17.7843 12.9245 18.4794 16.708 12.4185 12.2747 14.0978 12.2137 11.7247 10.3999 17.3159 18.1919 15.2292
threshold=12.666666666666673 7.2500000000000009 2.1319713346382998 8.4600000000000026 18.337083333333339 33.507572743979914 4.1000000000000059 70.541047523787213 9.9500000000000011 2.816612446360097 6.7800000000000056 5.3500000000000014 70.43227364384741 1.6247921887823864
decision_type=2 2 2 2 2 2 2 2 2 2 2 2 2 2
left_child=6 2 -2 4 -4 -6 7 9 -3 -1 -10 -12 13 -13
right_child=1 8 3 -5 5 -7 -8 -9 10 -11 11 12 -14 -15
leaf_value=-0.018569278852277694 -0.022070401812187453 0.027475643231403144 -0.032068152107676572 -0.021626731062613713 0.070584570368769375 0.012806192975390169 0.031932070251182137 -0.025821162632919826 -0.00091504622672294422 0.0079132013255187005 -0.002342987364928337 0.049773797736317307 0.012708698162528767 0.0018522787050582596
leaf_weight=32.386338524520397 42.580638010054827 17.445557773113251 5.7973138131201258 23.151512589305639 2.8730450645089141 31.354378636926413 3.6566615700721732 86.43639756552875 434.86290568485856 26.599258076399565 229.1354089230299 5.0738280788063994 296.81596918031573 353.45375328511
leaf_count=755 528 127 60 168 29 186 30 2745 2341 369 1233 21 2066 1822
internal_value=0.000494457 0.00228469 -0.00950219 -0.000819336 0.0114501 0.0195221 -0.0167284 -0.0181617 0.00322359 -0.0066943 0.00288234 0.00474829 0.00722749 0.00266701
internal_weight=1591.62 1442.54 105.757 63.1763 40.0247 34.2274 149.079 145.422 1336.79 58.9856 1319.34 884.479 655.344 358.528
internal_count=12480 8581 971 443 275 215 3899 3869 7610 1124 7483 5142 3909 1843
is_linear=0
shrinkage=0.03


Tree=102
num_leaves=15
num_cat=0
split_feature=3 6 5 2 2 6 8 7 7 4 2 7 8 4
split_gain=23.9462 21.9748 16.3237 19.1075 15.8273 15.2746 13.211 11.3981 9.21805 9.78409 9.015 11.8245 8.73685 8.65296
threshold=2.8757151033147443 5.9500000000000011 214.89668273925784 25.510000000000009 27.890000000000004 4.4500000000000011 11.350000000000003 55.250000000000007 73.350000000000009 82.104902852775595 32.810000000000009 80.250000000000014 32.650000000000013 27.497824398260772
decision_type=2 2 2 2 2 2 2 2 2 2 2 2 2 2
left_child=7 2 3 -2 8 -5 -7 13 9 -4 -8 -12 -3 -1
right_child=1 12 4 5 -6 6 10 -9 -10 -11 11 -13 -14 -15
leaf_value=-0.024553893138693914 -0.023669036435526918 0.0047604200337754039 0.0045534332489845682 -0.024240426647152785 -0.0094101302341221167 0.033282854472644917 0.01099331047259953 -0.027930281829303509 -0.018766647570981568 0.033446100058237234 0.0022554985839076283 -0.035738735358213036 0.01406521708166893 -0.0037919310322350069
leaf_weight=17.837448351085186 20.645959682762623 286.60484309867024 49.056723292917013 13.868772290647028 250.10398787818849 15.251270834356545 134.83982236683369 18.655271770432591 10.166947955265639 12.590199137106536 141.06514618545771 6.7756096720695487 133.21552719175816 471.53189243376255
leaf_count=291 458 2210 500 94 1265 113 852 553 159 78 797 47 933 4064
internal_value=-0.000146825 0.00239109 -0.00104679 0.00361075 -0.00585294 0.00548698 0.00694725 -0.00550724 0.00649468 0.0108939 0.00541407 0.000285791 0.00773938 -0.00459723
internal_weight=1582.21 1074.18 654.364 332.447 321.918 311.801 297.932 508.025 71.8139 61.6469 282.681 147.841 419.82 489.369
internal_count=12414 7506 4363 2361 2002 1903 1809 4908 737 578 1696 844 3143 4355
is_linear=0
shrinkage=0.03


Tree=103
num_leaves=15
num_cat=0
split_feature=0 7 8 2 0 4 2 5 2 1 2 4 1 0
split_gain=51.2264 15.6817 13.3752 11.8978 12.6557 13.5939 28.4674 13.5698 16.3184 19.5453 10.3954 10.144 9.40004 13.9518
threshold=11.048750000000004 4.8500000000000014 9.9500000000000011 20.270000000000007 18.46958333333334 70.209076515177657 27.980000000000008 280.65840148925787 32.810000000000009 20.79000000000001 35.570000000000014 71.483629435779378 0.46000000000000091 12.544166666666671
decision_type=2 2 2 2 2 2 2 2 2 2 2 2 2 2
left_child=11 -2 -3 -4 5 6 -5 8 9 -6 -8 -1 13 -7
right_child=1 2 3 4 7 12 10 -9 -10 -11 -12 -13 -14 -15
leaf_value=-0.0088625177274074107 -0.014984849998886137 0.026674016469278371 0.04495210441202132 0.02449672312535784 0.023145931004724171 -0.024990426452391794 -0.0011110209864703443 -0.00028732372163178441 0.0034300352957964179 0.00067387775242145254 -0.025843185426891763 -0.02854885192705723 -0.014210345110168859 0.017535495748797276
leaf_weight=41.259565025568008 48.553136616945267 18.796898318454623 4.7387655042111865 39.143030639737844 95.777200624346733 9.0949796717613953 201.68686632439494 468.30858056992292 389.54095541313291 54.518307663500309 15.560933273285626 58.069719096645713 112.46360965259373 21.348505355417728
leaf_count=912 578 151 34 218 656 201 1205 2459 2365 363 131 2053 1009 110
internal_value=0.000203928 0.00160961 0.00218273 0.00183809 0.00166112 -0.00285424 0.00128286 0.00345058 0.00668775 0.0150527 -0.00299282 -0.0205413 -0.010234 0.00444017
internal_weight=1578.86 1479.53 1430.98 1412.18 1407.44 399.298 256.391 1008.15 539.836 150.296 217.248 99.3293 142.907 30.4435
internal_count=12445 9480 8902 8751 8717 2874 1554 5843 3384 1019 1336 2965 1320 311
is_linear=0
shrinkage=0.03


Tree=104
num_leaves=15
num_cat=0
split_feature=0 3 2 0 7 6 8 0 4 2 6 7 4 0
split_gain=45.0158 17.7823 14.307 14.3298 14.9898 18.6684 13.149 17.4836 14.3752 26.878 19.7587 12.0202 11.7366 15.0313
threshold=10.87708333333334 2.2379707788842 19.910000000000007 17.441666666666674 29.550000000000004 6.1500000000000012 30.150000000000006 13.191250000000005 66.973705096076657 27.980000000000008 5.5500000000000016 9.4500000000000011 62.128800183209172 27.302083333333336
decision_type=2 2 2 2 2 2 2 2 2 2 2 2 2 2
left_child=-1 11 -3 6 5 -5 8 -8 9 -4 -11 -2 13 -7
right_child=1 2 3 4 -6 12 7 -9 -10 10 -12 -13 -14 -15
leaf_value=-0.019853907787037287 -0.020179071084239088 0.053408298056818376 0.042006530871001084 -0.0032008298341746587 0.0095380639972781362 0.0053103699217239746 -0.02021556118297502 0.012599298892622877 -0.0139879167884719 0.026671570548705593 -0.01047039751518572 0.0044731516148256113 0.011706100292496314 -0.013612220502883739
leaf_weight=93.739673715084791 53.878368698060513 3.9047461152076712 11.661808513104914 381.44438773021102 290.6872154250741 188.36744191497564 17.25150116533041 73.188562169671059 127.14500175788999 14.381595306098459 79.162221416831017 25.882660802453756 180.66835041716695 46.20829539000988
leaf_count=2867 646 24 59 2005 1901 955 314 339 1254 56 541 166 1112 285
internal_value=0.0001999 0.00147074 0.00225123 0.00207183 0.00371896 0.00158645 -0.00347114 0.00618722 -0.00724096 0.00096793 -0.00453841 -0.012223 0.00598118 0.00154091
internal_weight=1587.57 1493.83 1414.07 1410.17 1087.38 796.688 322.791 90.4401 232.351 105.206 93.5438 79.761 415.244 234.576
internal_count=12524 9657 8845 8821 6258 4357 2563 653 1910 656 597 812 2352 1240
is_linear=0
shrinkage=0.03


Tree=105
num_leaves=15
num_cat=0
split_feature=0 4 0 2 0 5 3 6 3 8 2 4 3 5
split_gain=49.5928 14.2602 12.7297 25.1164 11.6158 16.0195 13.6441 11.7644 24.4952 15.2851 11.4295 10.9978 18.8334 16.0736
threshold=10.87708333333334 26.181921265494363 16.999583333333341 30.340000000000003 18.858333333333338 45.020414352416999 3.3114317274014322 6.7500000000000009 2.5910978758323471 26.750000000000004 33.670000000000016 70.066866376256073 2.9665359397096531 1623.4107055664065
decision_type=2 2 2 2 2 2 2 2 2 2 2 2 2 2
left_child=-1 -2 11 -4 -5 6 -6 10 9 -9 -7 12 -3 -13
right_child=1 2 3 4 5 7 -8 8 -10 -11 -12 13 -14 -15
leaf_value=-0.020564470909380884 -0.027621964090896296 -0.0060156541517954977 0.014239520993927902 -0.0088257495572580703 0.015975809321782507 0.0030504784509303262 -0.0018433477673274847 0.0031341181993275744 0.01452943420913637 -0.023082591988816605 -0.0059895648300407013 -0.01405674032142676 0.013788200486988889 0.024590481985409942
leaf_weight=92.529010867699981 13.525672145187853 116.63248387351632 171.41251815110445 83.290821425616741 129.32191673666239 237.07888466864824 54.720391932874918 58.62239707633853 134.72095404565334 29.237029232084751 266.23610104620457 104.07548969425261 67.329735204577446 9.758689131587742
leaf_count=2873 228 895 987 408 1018 1216 432 490 707 239 1344 1222 333 44
internal_value=0.000620816 0.00196196 0.00225426 0.00366916 0.00183242 0.00281663 0.0106964 0.000806842 0.00653395 -0.00575162 -0.00173378 -0.00327296 0.00126787 -0.0105583
internal_weight=1568.49 1475.96 1462.44 1164.64 993.228 909.938 184.042 725.895 222.58 87.8594 503.315 297.796 183.962 113.834
internal_count=12436 9563 9335 6841 5854 5446 1450 3996 1436 729 2560 2494 1228 1266
is_linear=0
shrinkage=0.03


Tree=106
num_leaves=15
num_cat=0
split_feature=0 8 3 8 1 0 2 7 7 2 6 3 7 7
split_gain=44.1841 13.2115 11.2386 12.1136 10.3463 13.9739 11.2005 10.0552 9.75204 9.49101 9.45761 24.8056 11.2816 14.6923
threshold=11.487083333333336 11.350000000000003 2.651404005585706 20.850000000000005 3.0200000000000036 25.735416666666673 41.430000000000014 9.2500000000000018 4.3500000000000005 20.270000000000007 5.8500000000000014 2.9874830361974012 72.350000000000009 33.250000000000007
decision_type=2 2 2 2 2 2 2 2 2 2 2 2 2 2
left_child=-1 -2 3 8 -5 6 7 -6 -3 -4 12 -12 13 -11
right_child=1 2 9 4 5 -7 -8 -9 -10 10 11 -13 -14 -15
leaf_value=-0.018766802540344761 0.021265712347101354 -0.016572732032815601 0.039806004581439673 -0.027696651630877523 -0.02238603613406065 -0.021931077140358211 0.034880725186527566 0.0029254950556481477 0.012614093187444575 -0.0034762247282764452 -0.00053140123414779211 0.011367407341540165 -0.017018966812647581 0.0070051560882750412
leaf_weight=105.05345323309302 28.196037065237761 12.441929847002028 4.933254435658454 24.541961967945099 17.562971632927656 35.739745948463678 6.6663752049207678 58.353334687650204 43.89068253710866 356.21864608302712 394.77864814922214 261.4596597366035 36.243006527423859 180.52950437739491
leaf_count=3273 201 156 23 282 158 347 55 300 294 1856 2457 1733 245 1115
internal_value=-6.90333e-05 0.00128683 0.000879272 -0.00571531 -0.0103408 -0.00653898 0.00030503 -0.00314515 0.00599111 0.00194742 0.00176325 0.00421943 -0.00105222 5.55469e-05
internal_weight=1566.61 1461.56 1433.36 199.197 142.864 118.322 82.5827 75.9163 56.3326 1234.16 1229.23 656.238 572.991 536.748
internal_count=12495 9222 9021 1592 1142 860 513 458 450 7429 7406 4190 3216 2971
is_linear=0
shrinkage=0.03


Tree=107
num_leaves=15
num_cat=0
split_feature=0 3 8 8 6 1 4 1 0 6 4 1 4 2
split_gain=35.9043 13.8488 11.6499 11.0699 11.3311 17.0765 9.96132 9.73883 9.71361 13.9489 13.0941 12.2596 20.9722 19.016
threshold=10.446250000000004 2.4527214424105277 28.150000000000006 11.350000000000003 5.1500000000000012 18.010000000000009 81.60324150877662 18.010000000000009 25.602500000000003 6.5500000000000016 63.649666149336575 9.7400000000000038 69.712157324139582 27.980000000000008
decision_type=2 2 2 2 2 2 2 2 2 2 2 2 2 2
left_child=-1 2 -2 -3 7 8 -7 -5 11 10 -10 12 13 -6
right_child=1 3 -4 4 5 6 -8 -9 9 -11 -12 -13 -14 -15
leaf_value=-0.019676198178851349 -0.0035803632533333049 0.020841827104143704 -0.025438848720176571 0.0031089735174646546 0.024431446759602318 0.012283728313791159 -0.007371759756694264 -0.011875872392789085 -0.031835695356889064 0.0029537824791462555 -0.0060964848229341064 0.0078175250536482842 -0.0083705556452554446 0.0015855890018018921
leaf_weight=79.115450145676732 95.178703173995018 25.944861307740211 27.694214843213558 63.742539303377271 35.208794038742781 194.08100315183401 25.66871752217412 98.318009324371815 26.106991156935692 77.803403858095407 53.612145572900772 234.11079892143607 192.40321058034897 349.33411035686731
leaf_count=2574 884 230 288 326 204 1305 199 517 142 484 302 1369 1853 1905
internal_value=-0.000108591 0.000936448 -0.00867262 0.00179998 0.00141898 0.00243481 0.0099648 -0.00599903 0.000717907 -0.00607575 -0.0148157 0.00204322 -0.000309325 0.0037353
internal_weight=1578.32 1499.21 122.873 1376.33 1350.39 1188.33 219.75 162.061 968.579 157.523 79.7191 811.057 576.946 384.543
internal_count=12582 10008 1172 8836 8606 7763 1504 843 6259 928 444 5331 3962 2109
is_linear=0
shrinkage=0.03


Tree=108
num_leaves=15
num_cat=0
split_feature=0 3 6 3 0 1 7 1 0 2 4 7 7 0
split_gain=37.8562 14.3087 7.0577 27.7931 13.3851 15.7774 10.7195 10.2269 23.4163 14.0839 9.47156 9.46458 9.30382 13.6592
threshold=10.446250000000004 2.4304298270134148 6.1500000000000012 2.9533585428104003 27.302083333333336 2.1200000000000037 20.150000000000006 -0.92999999999999672 15.159583333333339 27.980000000000008 61.049956282254527 80.250000000000014 20.550000000000004 17.937500000000007
decision_type=2 2 2 2 2 2 2 2 2 2 2 2 2 2
left_child=-1 -2 7 4 5 -4 -6 -3 -9 11 -5 -10 -11 -14
right_child=1 2 3 10 6 -7 -8 8 9 12 -12 -13 13 -15
leaf_value=-0.020483345685311963 -0.0093047257466928445 0.012945116122278557 -0.0095878092141447966 -0.00069285587083975191 -0.025798036554509768 0.004679023684919131 0.026343498258270124 -0.02152338689236518 0.016477588148746881 -0.006006970067052593 0.015773038004301253 -0.029147556965569581 -0.018662659667072361 0.0033640332043256295
leaf_weight=77.760115476325154 113.83967664465308 48.61036079749465 92.946128977462649 38.190656125545502 26.82721004635096 270.08511515520513 3.2462490499019614 46.346877506002784 60.482750900089741 220.05249498039484 174.75683039054275 3.4840752929449073 26.341403529047966 345.94194923341274
leaf_count=2590 1121 321 1076 195 165 1426 22 606 325 1101 1275 20 124 2113
internal_value=-0.000219733 0.000864519 0.00172365 0.00412932 -0.000604789 0.00101001 -0.019503 -0.000219951 -0.00114783 0.000321607 0.0128306 0.0135821 -0.00113089 0.00175968
internal_weight=1548.91 1471.15 1357.31 606.052 393.105 363.031 30.0735 751.26 702.65 656.303 212.947 63.9668 592.336 372.283
internal_count=12480 9890 8769 4159 2689 2502 187 4610 4289 3683 1470 345 3338 2237
is_linear=0
shrinkage=0.03


Tree=109
num_leaves=15
num_cat=0
split_feature=0 4 3 3 2 4 0 7 6 3 0 0 7 0
split_gain=35.1221 14.1981 15.7664 11.4824 12.5302 11.3772 11.5716 11.2892 16.0835 14.1706 10.171 17.2531 12.1434 9.50631
threshold=11.487083333333336 71.483629435779378 2.8327323890764524 3.0205104408930619 25.900000000000006 27.497824398260772 18.076250000000005 34.650000000000013 5.9500000000000011 3.4203353837591273 24.435833333333338 27.57125000000001 21.950000000000006 11.665833333333337
decision_type=2 2 2 2 2 2 2 2 2 2 2 2 2 2
left_child=1 2 -1 4 -4 -2 13 8 10 -9 12 -12 -8 -7
right_child=5 -3 3 -5 -6 6 7 9 -10 -11 11 -13 -14 -15
leaf_value=-0.019912603447887561 -0.023335354172490091 -0.026429626099762422 0.063753618480359681 -0.010693831491638935 0.0023705099025084723 0.032063782954722231 -0.0044619314580887429 0.015850083743567823 0.0050081233138989023 -0.00083186254926353141 -0.013010806461379039 0.0086266451752823256 0.011847021588653238 -0.003770465806060122
leaf_weight=23.113984115421772 15.824063014239071 58.792904565110803 5.3323535472154635 8.0023022107779962 5.8278113640844822 5.7960387803614131 102.55103225260973 120.95546774938703 510.32266310602427 73.264097925275564 144.50676530227065 42.192318644374609 67.16181668639183 359.69560244865716
leaf_count=653 274 2292 84 141 102 98 489 887 3099 440 790 248 384 2421
internal_value=-9.46269e-06 -0.0170164 -0.00361734 0.0160509 0.0345304 0.00119329 0.00148155 0.00306691 0.0015969 0.00958524 -0.00328774 -0.00810103 0.00202373 -0.00311626
internal_weight=1543.34 101.069 42.2765 19.1625 11.1602 1442.27 1426.45 1060.95 866.735 194.22 356.412 186.699 169.713 365.492
internal_count=12402 3272 980 327 186 9130 8856 6337 5010 1327 1911 1038 873 2519
is_linear=0
shrinkage=0.03


Tree=110
num_leaves=15
num_cat=0
split_feature=0 5 3 4 3 6 3 2 2 2 3 6 1 3
split_gain=38.8519 14.7018 16.2935 10.4495 11.1351 9.57965 8.71287 12.7774 7.58137 10.117 7.37451 10.6384 13.2804 13.5943
threshold=11.487083333333336 45.020414352416999 2.2379707788842 71.483629435779378 2.8327323890764524 4.5500000000000016 3.0147766701138465 25.900000000000006 41.430000000000014 38.410000000000011 3.2633827548342853 6.1500000000000012 2.3300000000000014 3.0091065528050573
decision_type=2 2 2 2 2 2 2 2 2 2 2 2 2 2
left_child=3 8 -3 4 -1 -4 7 -6 9 -2 11 -7 13 -13
right_child=1 2 5 -5 6 10 -8 -9 -10 -11 -12 12 -14 -15
leaf_value=-0.020032120136547676 0.0075441447907345881 -0.015413549575103679 -0.020619833455506054 -0.026304908248397388 0.055006762094806212 -0.0035968097529623659 -0.014025904703217278 -0.0047664751573993297 0.036586874962334481 -0.027322587989817498 0.0068186633965862751 -0.010266371099558606 0.0051645315976835788 0.026922556391738378
leaf_weight=23.417385686188936 258.26022442802787 59.737308796495199 17.938711829483509 57.575502410531044 5.4814321957528609 429.81855167262256 7.4270031787455073 6.1033186167478561 6.8525263369083396 6.7500202134251586 160.75218384712934 93.719625761732459 415.70314943790436 8.7987265661358816
leaf_count=672 1945 723 125 2301 82 2289 135 108 28 43 883 897 2275 56
internal_value=-7.94659e-05 0.001166 -0.000277795 -0.0180733 -0.00655467 0.000537632 0.0102174 0.0256393 0.00744493 0.00655669 0.000898202 -0.000111814 0.00278004 -0.00684536
internal_weight=1558.34 1458.33 1186.47 100.005 42.4291 1126.73 19.0118 11.5848 271.863 265.01 1108.79 948.04 518.222 102.518
internal_count=12562 9264 7248 3298 997 6525 325 190 2016 1988 6400 5517 3228 953
is_linear=0
shrinkage=0.03


Tree=111
num_leaves=15
num_cat=0
split_feature=1 4 6 2 5 2 4 7 6 3 7 1 2 5
split_gain=21.6423 25.0493 19.8966 15.483 19.6765 12.9802 12.6923 11.5397 13.0128 13.2641 13.2324 15.7277 12.8613 15.0127
threshold=2.2300000000000031 71.804658103354271 5.4500000000000011 26.810000000000006 536.08682250976574 27.680000000000007 76.264434443128394 4.5500000000000016 6.4500000000000011 2.95814324005396 28.550000000000004 6.5100000000000025 30.820000000000004 230.7206954956055
decision_type=2 2 2 2 2 2 2 2 2 2 2 2 2 2
left_child=1 2 -1 4 -4 -3 -7 -2 10 -10 12 -12 -9 -14
right_child=7 5 3 -5 -6 6 -8 8 9 -11 11 -13 13 -15
leaf_value=0.018984547861043876 -0.015335764707880823 -0.028057010310148074 0.077424889588367976 -0.0087548683793341343 0.0046122927987779314 -0.012191933281930191 0.037989999461165457 0.0064855907475873274 0.003008355113326261 0.014786999641013716 -0.010999688988856613 0.0075317337673656082 0.00042630827559835558 -0.01173946608695672
leaf_weight=34.54998037032783 33.99888089299202 61.400641959160566 3.0431838613003519 163.70680431090295 20.084560487419367 28.686898563057184 4.365857806056737 93.064904529601336 303.95376824587584 119.43289087340236 48.047433024272323 259.66093437373638 173.85923584923148 191.06359507888556
leaf_count=177 442 2396 51 1627 393 245 24 535 1714 810 398 1700 1048 908
internal_value=-0.000162695 -0.00715085 -0.00160441 -0.00549257 0.017005 -0.0199979 -0.00464255 0.00164623 0.00214427 0.006358 -0.000190938 0.00461187 -0.00342082 -0.00595803
internal_weight=1538.92 315.838 221.385 186.835 23.1277 94.4534 33.0528 1223.08 1189.08 423.387 765.696 307.708 457.988 364.923
internal_count=12468 4913 2248 2071 444 2665 269 7555 7113 2524 4589 2098 2491 1956
is_linear=0
shrinkage=0.03


Tree=112
num_leaves=15
num_cat=0
split_feature=3 6 5 2 8 2 2 4 5 6 4 6 7 7
split_gain=15.0145 19.2835 16.5209 18.624 15.0275 14.953 13.2611 13.0306 11.8535 7.95759 7.70168 7.68326 8.05809 12.2872
threshold=2.9430293045160512 6.3500000000000014 154.09014892578128 25.810000000000006 11.350000000000003 32.310000000000009 25.310000000000009 82.294151041226712 927.59796142578136 7.8500000000000014 83.960766488144515 4.2500000000000009 20.150000000000006 51.95000000000001
decision_type=2 2 2 2 2 2 2 2 2 2 2 2 2 2
left_child=6 2 3 -2 -5 10 -1 -4 -8 -10 -6 -7 -13 -14
right_child=1 -3 7 4 5 11 8 -9 9 -11 -12 12 13 -15
leaf_value=-0.019120261489307049 -0.024327427506928855 0.011879276029865991 -0.0048901258644288596 0.035922903649947505 0.017384107965195416 -0.026520536972334915 -0.0044106428957503864 0.01301648999070692 0.0089877792710127257 -0.012505639058923363 -0.0080428533354990877 -0.0064594368682240316 0.012092832334770775 -0.011294257091100794
leaf_weight=43.77513624355197 16.632233882322907 165.32921322993934 393.49569317139685 14.816532937809823 96.764434499666095 7.9303213953971854 457.39136699959636 39.351597119122744 108.2151393070817 17.171566776931286 11.457756914198397 63.834440402686596 87.590124346315861 25.337514191865921
leaf_count=1397 390 1191 2469 124 654 56 3829 251 726 230 88 357 620 175
internal_value=0.000196896 0.00262984 0.000597321 0.00570683 0.00740366 0.00584375 -0.00338387 -0.00323593 -0.00217111 0.00596862 0.0146431 0.000636601 0.00199733 0.00679241
internal_weight=1549.09 922.54 757.211 324.363 307.731 292.915 626.553 432.847 582.778 125.387 108.222 184.692 176.762 112.928
internal_count=12557 6375 5184 2464 2074 1950 6182 2720 4785 956 742 1208 1152 795
is_linear=0
shrinkage=0.03


Tree=113
num_leaves=15
num_cat=0
split_feature=0 2 4 8 6 2 0 7 0 6 4 2 4 4
split_gain=34.5207 10.8226 10.3916 10.1707 9.46268 9.48174 12.8678 9.04429 8.53072 16.7516 18.0736 14.972 18.5359 13.2663
threshold=10.87708333333334 19.910000000000007 71.483629435779378 9.9500000000000011 6.7500000000000009 20.550000000000008 3.1141666666666707 4.8500000000000014 20.674166666666672 5.3500000000000014 63.649666149336575 33.350000000000016 71.804658103354271 66.973705096076657
decision_type=2 2 2 2 2 2 2 2 2 2 2 2 2 2
left_child=2 -2 4 -3 5 6 -1 -5 11 -10 -11 13 -13 -9
right_child=1 3 -4 7 -6 -7 -8 8 9 10 -12 12 -14 -15
leaf_value=-0.019814275796222146 0.042415829663629265 0.020582377200279164 -0.028520333999858847 -0.013153086711167704 -0.024145277301457456 -0.0050161715086831865 0.070891962384241378 0.0065816694708666348 -0.0048037942242736649 -0.0012361077424922976 0.0091483910586051785 -0.0089679547477496124 -0.060178431937176272 -0.0039832216144505229
leaf_weight=1.6424542609602237 4.5969327576458445 21.605295961722732 45.870660683140159 42.6019257158041 14.591239452362059 15.38412846252322 2.9066689498722553 176.33853738382459 204.91254926472902 248.78324599936604 381.30861914530396 96.890985082834959 5.8702367693185797 268.58065813966095
leaf_count=41 28 184 1992 569 430 338 48 988 1130 1334 2569 599 32 2176
internal_value=-0.000287037 0.000778539 -0.0192986 0.00061705 -0.00658834 0.00680293 0.0404736 0.000300185 0.000723901 0.00263107 0.00505275 -0.00218331 -0.0124451 0.000209419
internal_weight=1531.88 1451.49 80.3952 1446.89 34.5245 19.9333 4.54912 1425.29 1382.68 835.004 630.092 547.68 102.761 444.919
internal_count=12458 9609 2849 9581 857 427 89 9397 8828 5033 3903 3795 631 3164
is_linear=0
shrinkage=0.03


Tree=114
num_leaves=15
num_cat=0
split_feature=0 5 0 6 1 2 4 6 0 1 7 1 0 0
split_gain=29.1784 11.5583 12.3377 16.6068 14.0248 11.3745 9.5992 20.6219 9.909 14.7252 8.77619 8.26302 7.38472 11.9042
threshold=10.446250000000004 45.020414352416999 19.209166666666672 5.3500000000000014 20.650000000000009 32.990000000000016 61.049956282254527 6.6500000000000012 20.575416666666673 1.9600000000000037 146.25000000000003 7.9600000000000053 26.489166666666673 17.824166666666674
decision_type=2 2 2 2 2 2 2 2 2 2 2 2 2 2
left_child=-1 2 3 -2 -4 -3 12 8 9 -8 -6 -10 13 -7
right_child=1 5 4 -5 10 6 7 -9 11 -11 -12 -13 -14 -15
leaf_value=-0.018775125884407027 0.024083035245620932 0.0024917509503941254 0.017381260017406194 -0.0083783690250813052 0.0032040055903753495 -0.021852820681470635 0.0027992414182468305 0.014074007031286306 0.025286802819072713 -0.037655845643013761 -0.037193444199929974 -0.0029406364818447741 -0.014906426022160267 -0.0009168206475610362
leaf_weight=70.652688302099705 16.348914660513401 587.71205813251436 112.54667740687728 76.921597376465797 64.978783193975687 27.969855964183807 14.524116743355991 72.479102376848459 8.7734443694353086 16.939531542360783 4.2231353819370261 208.04871439933777 83.874114867299795 157.06205695495009
leaf_count=2575 78 4035 936 603 535 273 62 427 36 84 29 1083 665 1001
internal_value=-8.61997e-05 0.000835223 0.00636069 -0.00249327 0.0108932 -0.000459747 -0.00340068 0.000107146 -0.00401013 -0.0194702 0.00024401 -0.0016876 -0.00756988 -0.00418201
internal_weight=1523.05 1452.4 275.019 93.2705 181.749 1177.38 589.671 320.765 248.286 31.4636 69.2019 216.822 268.906 185.032
internal_count=12422 9847 2181 681 1500 7666 3631 1692 1265 146 564 1119 1939 1274
is_linear=0
shrinkage=0.03


Tree=115
num_leaves=15
num_cat=0
split_feature=0 5 7 8 7 6 1 0 6 7 6 8 6 1
split_gain=28.0146 13.584 12.4511 9.72116 9.22984 8.36562 7.8991 14.5161 11.0339 11.3231 11.5286 12.1938 10.6926 10.6141
threshold=10.87708333333334 75.77875137329103 4.3500000000000005 10.450000000000001 146.25000000000003 4.4500000000000011 9.0500000000000043 25.674583333333334 5.2500000000000009 18.550000000000004 6.6500000000000012 32.45000000000001 5.3500000000000014 16.61000000000001
decision_type=2 2 2 2 2 2 2 2 2 2 2 2 2 2
left_child=-1 3 -3 -2 6 -4 12 -8 -9 10 11 13 -5 -10
right_child=1 2 5 4 -6 -7 7 8 9 -11 -12 -13 -14 -15
leaf_value=-0.017917520921032239 0.028870304499947895 -0.020566818942833895 -0.02930326668513741 0.018263579638511641 -0.034348759995424978 -0.0005068576993913043 0.022885924280205427 -0.01002074843296223 -0.061990438399031879 0.015067612364508117 0.012035326421978599 0.018944692878845159 -0.003967826621834078 -0.010467033143091945
leaf_weight=78.334410294890404 14.255323482677339 28.366541065275669 8.1602544337511045 22.169448710978031 4.4720559511333695 1038.5314939282835 48.634384728968143 36.548059895634651 5.7571279704570797 78.76825924217701 18.003409132361412 4.6243261247873297 121.00244908221066 8.7832843139767629
leaf_count=2861 143 426 65 111 33 6338 411 210 42 727 116 40 847 68
internal_value=-0.000562578 0.000394568 -0.00130039 0.00540388 0.00436491 -0.000759116 0.00496579 0.00878478 0.00416747 0.00868764 -0.00487359 -0.020567 -0.000422603 -0.0335435
internal_weight=1516.41 1438.08 1075.06 363.018 348.763 1046.69 344.291 201.119 152.484 115.936 37.1681 19.1647 143.172 14.5404
internal_count=12438 9577 6829 2748 2605 6403 2572 1614 1203 993 266 150 958 110
is_linear=0
shrinkage=0.03


Tree=116
num_leaves=15
num_cat=0
split_feature=0 2 0 1 5 3 5 2 5 2 6 0 1 7
split_gain=28.9879 11.7976 14.2092 11.5423 16.9023 16.9458 11.9806 10.349 10.037 13.1172 12.7763 9.47872 10.9103 10.7436
threshold=11.048750000000004 32.810000000000009 16.999583333333341 0.88000000000000267 473.77992248535162 2.805901663598966 137.14272308349612 24.810000000000009 400.53924560546881 30.420000000000005 5.6500000000000012 18.858333333333338 20.79000000000001 16.150000000000002
decision_type=2 2 2 2 2 2 2 2 2 2 2 2 2 2
left_child=-1 2 3 6 5 -5 -2 -6 9 -4 -10 -11 13 -13
right_child=1 -3 8 4 7 -7 -8 -9 10 11 -12 12 -14 -15
leaf_value=-0.017447683496839055 0.016822237442330933 -0.0017524025954196766 0.024355578949341174 0.0083296674442866828 0.026258751487476258 -0.021175449092215203 -0.0031473196890525832 -0.0029356711001269215 -0.0047510882642291937 -0.010121358225350976 0.0093428746601346129 -0.011030614369090698 0.0003580676746949419 0.022127583923405223
leaf_weight=81.580706913024187 46.039528485387564 761.0723001472652 53.569865074008703 22.069751463830471 15.734145879745482 76.144910143688321 62.988200470805168 31.001035820692778 110.40284910798073 23.38300284743309 119.64864190667868 9.5321096666157228 56.747504130005836 64.770380336791277
leaf_count=3003 279 4908 349 110 75 799 653 183 571 108 642 66 375 444
internal_value=-0.000157759 0.000824269 0.00365644 -0.00198458 -0.00750903 -0.0145282 0.00536155 0.00723729 0.00692409 0.0116847 0.00258782 0.00716098 0.0102979 0.0177838
internal_weight=1534.68 1453.1 692.032 253.978 144.95 98.2147 109.028 46.7352 438.054 208.003 230.051 154.433 131.05 74.3025
internal_count=12565 9562 4654 2099 1167 909 932 258 2555 1342 1213 993 885 510
is_linear=0
shrinkage=0.03


Tree=117
num_leaves=15
num_cat=0
split_feature=1 4 6 2 1 6 1 7 5 6 2 7 4 1
split_gain=18.6215 24.4106 24.8012 12.3967 13.4022 11.7582 11.6156 10.9226 10.2243 8.56928 7.156 17.3159 8.97536 13.8828
threshold=2.2300000000000031 71.804658103354271 5.5500000000000016 26.810000000000006 -11.299999999999997 6.6500000000000012 0.82000000000000328 4.5500000000000016 1384.089294433594 4.4500000000000011 29.240000000000009 67.350000000000009 67.133651967198915 7.9600000000000053
decision_type=2 2 2 2 2 2 2 2 2 2 2 2 2 2
left_child=1 2 -1 4 -4 -3 -7 8 -2 -9 11 12 -11 -14
right_child=7 5 3 -5 -6 6 -8 9 -10 10 -12 -13 13 -15
leaf_value=0.019946336760554455 -0.019004265311028491 -0.025270172655993368 -0.020687767695501295 -0.0084947913419853322 0.030046466091841136 0.022136579563048348 -0.02402378282024014 -0.019111404349807352 0.045348936730735027 0.023841103387505048 0.0018967161968869489 -0.021373599167554217 -0.0035994474303554188 0.016752670695921019
leaf_weight=40.918821318075061 30.853145398199558 67.832245277240872 5.8025772888213423 160.24389252439141 15.040664572268723 10.14863756299019 7.7674018852412692 15.184555260464547 1.4483688324689854 38.673509880900383 998.92346750572324 15.005764840170739 56.082705061882734 63.538356248289347
leaf_count=225 427 2310 183 1636 234 189 171 111 10 182 5881 148 441 414
internal_value=0.000442812 -0.00613953 -0.000862628 -0.00564838 0.015622 -0.0196342 0.00191195 0.00210732 -0.0148436 0.00258055 0.00287759 0.00848813 0.0114353 0.00726012
internal_weight=1527.46 307.754 222.006 181.087 20.8432 85.7483 17.916 1219.71 32.3015 1187.41 1172.22 173.3 158.295 119.621
internal_count=12562 4948 2278 2053 417 2670 360 7614 437 7177 7066 1185 1037 855
is_linear=0
shrinkage=0.03


Tree=118
num_leaves=15
num_cat=0
split_feature=7 5 2 5 1 2 6 7 1 1 4 2 6 2
split_gain=13.3291 14.5875 13.9491 13.0003 11.7888 11.8678 9.4816 9.42165 9.30685 8.2403 17.3824 12.8651 12.9818 12.3455
threshold=73.350000000000009 75.77875137329103 29.150000000000009 1321.1693115234377 -11.299999999999997 20.270000000000007 5.8500000000000014 5.1500000000000012 -4.5799999999999939 2.5800000000000032 71.020066685122245 26.000000000000007 5.5500000000000016 29.240000000000009
decision_type=2 2 2 2 2 2 2 2 2 2 2 2 2 2
left_child=1 -1 -2 7 -5 8 -4 -3 -6 10 11 -9 -13 -11
right_child=2 3 6 4 5 -7 -8 9 -10 13 -12 12 -14 -15
leaf_value=0.0061355074744187943 -0.029346633031242273 -0.015992596763302377 -0.0091500844187573007 -0.027290405418702663 -0.0048148519372552649 0.0086815584422837034 0.028107017108641 0.039176607298102697 0.075082663018832152 0.01061683723957726 -0.020733482649063866 0.015316743018206166 -0.0077474422440177619 -0.001381470162445394
leaf_weight=336.34683424793184 26.776075582951307 40.780864935368299 24.645387127995495 6.7099145371466866 1.7054190300405023 99.29329452291131 7.085998158901929 5.7656961753964415 3.4054536744952193 85.854622380807996 56.873054906725883 26.413576364517212 109.96042132005095 691.99879797548056
leaf_count=2845 809 556 164 215 44 692 77 100 24 516 1582 129 1128 3634
internal_value=9.65961e-05 0.000661473 -0.0138221 -0.00097366 0.00872364 0.0112752 -0.000225599 -0.00204001 0.051997 -0.00144177 -0.00687269 -0.0012206 -0.00320128 -4.52406e-05
internal_weight=1523.62 1465.11 58.5075 1128.76 111.114 104.404 31.7314 1017.65 5.11087 976.866 199.013 142.14 136.374 777.853
internal_count=12515 11465 1050 8620 975 760 241 7645 68 7089 2939 1357 1257 4150
is_linear=0
shrinkage=0.03


Tree=119
num_leaves=15
num_cat=0
split_feature=0 8 2 6 3 6 3 0 0 8 7 8 5 2
split_gain=27.9058 9.27394 8.53364 8.18892 8.57781 12.3235 14.3262 12.9677 11.5458 10.6379 11.4092 10.0502 9.52444 13.4945
threshold=11.487083333333336 12.150000000000004 19.490000000000009 4.4500000000000011 2.651404005585706 5.9500000000000011 2.961639372626435 27.600000000000005 18.734583333333337 23.050000000000004 4.3500000000000005 19.650000000000006 214.89668273925784 30.620000000000005
decision_type=2 2 2 2 2 2 2 2 2 2 2 2 2 2
left_child=-1 -2 -3 -4 9 12 7 8 -7 10 -5 -9 -6 -14
right_child=1 2 3 4 5 6 -8 11 -10 -11 -12 -13 13 -15
leaf_value=-0.015853499781508733 0.016606827919527205 0.043120342427379589 -0.020858672450168689 -0.019696439775670989 0.0030199382426845567 -0.0029365115360100382 0.010492654570442381 0.0098519473284156035 0.0086852659096001133 -0.010463179747315894 0.0099149375021009602 -0.033687258873546941 0.0027567593602890834 -0.0099109947904157461
leaf_weight=88.536754842847586 34.275563858449459 3.3215813040733329 14.403204828500746 13.594242129474877 281.8851427603513 160.19633022509515 255.41406622156501 6.2478403151035335 146.36408852040768 114.61143945530057 58.770966421812773 15.074399448931215 129.93250836618245 179.09464681148529
leaf_count=3268 244 14 106 205 1775 1187 1763 28 766 961 410 89 768 847
internal_value=0.000388725 0.0014168 0.00102746 0.000894569 0.00113989 0.00209089 0.00518043 0.00102299 0.00262238 -0.00481173 0.00415961 -0.0210596 -0.000962426 -0.00459304
internal_weight=1501.72 1413.19 1378.91 1375.59 1361.19 1174.21 583.297 327.883 306.56 186.977 72.3652 21.3222 590.912 309.027
internal_count=12431 9163 8919 8905 8799 7223 3833 2070 1953 1576 615 117 3390 1615
is_linear=0
shrinkage=0.03


Tree=120
num_leaves=15
num_cat=0
split_feature=0 4 5 2 3 2 4 8 1 3 2 0 3 8
split_gain=27.6289 14.5567 10.6059 18.5612 15.83 12.762 10.4549 10.7252 10.3094 10.0193 8.6586 17.7773 13.4265 8.56897
threshold=12.863333333333339 71.483629435779378 227.07013702392581 27.980000000000008 1.9540494038321556 41.650000000000013 59.991276300020935 24.250000000000004 4.1000000000000059 2.7872974944307924 27.760000000000009 16.999583333333341 2.8023837067088868 23.750000000000004
decision_type=2 2 2 2 2 2 2 2 2 2 2 2 2 2
left_child=1 9 5 -4 -5 6 7 -2 -3 -1 11 12 -8 -11
right_child=2 8 3 4 -6 -7 10 -9 -10 13 -12 -13 -14 -15
leaf_value=-0.015956552990540451 0.0067703878494071766 -0.025979217986518789 0.012470040941182387 -0.028307414626301635 -0.0020330090349523766 0.030865738004536618 0.028612923596982007 -0.016875890216336186 0.021314569465328191 0.022493692473030291 0.0056837124465933322 0.019814155508816322 -0.033395132808872435 -0.0067805013907803963
leaf_weight=27.434084644541144 28.054789256304502 61.812278846278787 78.358356196433306 20.35457294434309 624.56282041594386 14.605082489550112 2.9096567034721401 42.138225380331278 3.7102935761213294 17.028722228482366 532.89860116690397 11.382198475301264 19.921748045831919 17.25862549431622
leaf_count=781 140 2666 435 345 3482 102 11 265 33 255 3414 77 167 262
internal_value=3.54975e-05 -0.0132825 0.00127655 -0.00122421 -0.00290481 0.00404869 0.00338673 -0.00746258 -0.023021 -0.00274197 0.00474035 -0.00969725 -0.0246237 0.00798388
internal_weight=1502.43 127.244 1375.19 723.276 644.917 651.91 637.305 70.193 65.5226 61.7214 567.112 34.2136 22.8314 34.2873
internal_count=12435 3997 8438 4262 3827 4176 4074 405 2699 1298 3669 255 178 517
is_linear=0
shrinkage=0.03


Tree=121
num_leaves=15
num_cat=0
split_feature=0 5 6 2 4 7 6 0 6 4 0 4 5 2
split_gain=25.457 9.42001 10.2669 10.7681 10.1458 12.2412 9.63358 11.1283 9.42253 11.5547 9.10692 10.8256 16.5045 15.1792
threshold=10.446250000000004 45.020414352416999 5.1500000000000012 33.730000000000011 63.649666149336575 10.750000000000002 6.3500000000000014 21.315000000000005 6.7500000000000009 61.049956282254527 16.575000000000006 67.793380662506095 457.52059936523443 26.810000000000006
decision_type=2 2 2 2 2 2 2 2 2 2 2 2 2 2
left_child=-1 -2 -3 10 8 -6 -7 -8 -5 -10 11 13 -13 -4
right_child=1 2 3 4 5 6 7 -9 9 -11 -12 12 -14 -15
leaf_value=-0.017451920225893227 0.006716158906823754 -0.0075694776818705529 0.03532941760127057 -0.013184273580516541 0.026795362415325104 -0.0034989611407571148 -0.02716434970866799 0.018750591760044077 -0.004169782941311124 0.01908970295925402 0.0067794568899108548 -0.014821014198986919 0.012458566649679623 0.0012598754208450571
leaf_weight=64.246958976611495 272.8099744040519 124.62212034501135 12.766644280403851 93.173315368592739 17.576425492763519 113.95373675227165 4.5357766896486273 36.989667341113091 172.43228223547339 20.624002616852522 396.98327370733023 76.327850852161646 26.053668299689889 81.706222834065557
leaf_count=2598 2228 653 71 462 89 563 23 243 1452 112 2147 1075 219 604
internal_value=0.000880414 0.00170384 0.000538087 0.00150377 -0.00194334 0.00377751 0.0010208 0.0132145 -0.00540329 -0.00159943 0.00416862 -0.00110415 -0.00782565 0.00618571
internal_weight=1514.8 1450.55 1177.74 1053.12 459.285 173.056 155.479 41.5254 286.23 193.056 593.838 196.854 102.382 94.4729
internal_count=12539 9941 7713 7060 2944 918 829 266 2026 1564 4116 1969 1294 675
is_linear=0
shrinkage=0.03


Tree=122
num_leaves=15
num_cat=0
split_feature=0 3 4 3 2 6 3 2 1 1 2 0 1 6
split_gain=20.6675 11.0481 10.3926 12.9444 9.95013 9.50686 18.1395 9.35759 14.002 9.39577 8.78202 10.6601 9.10494 12.7946
threshold=10.87708333333334 2.651404005585706 71.483629435779378 2.8853725272803099 20.270000000000007 5.9500000000000011 3.0010020627747775 40.790000000000013 5.8600000000000039 3.6000000000000045 34.730000000000011 27.428333333333338 7.9600000000000053 4.9500000000000011
decision_type=2 2 2 2 2 2 2 2 2 2 2 2 2 2
left_child=2 7 3 -1 -3 10 -7 -2 9 -9 12 -12 -6 -14
right_child=1 4 -4 -5 5 6 -8 8 -10 -11 11 -13 13 -15
leaf_value=-0.017586738839722678 -0.0090928884095694395 0.037143197082715566 -0.025892530112597605 0.020760446853993701 -0.0053763142471964301 0.00061790758928604206 0.011617937463570384 -0.013836702167215512 -0.0046428760024052589 0.043533548319021093 -0.015323831507142914 0.0054291475319356531 -0.008935016546848527 0.0058019005558181472
leaf_weight=19.337418586015705 158.09164524637163 6.1547229681164017 38.987280886620283 11.991105882450936 157.07665898650885 398.48494696989655 203.08239151164889 2.7994722202420226 31.506913676857948 10.327862519770859 70.815248046070337 31.679141648113728 63.305877991020679 302.73284978419542
leaf_count=634 1198 43 1999 209 1006 2693 1458 43 400 74 369 168 323 1896
internal_value=1.19623e-05 0.000794242 -0.0157516 -0.00272106 0.001862 0.00165496 0.00434451 -0.00567899 0.00634708 0.0311856 -0.000934044 -0.00891898 0.000644484 0.00323577
internal_weight=1506.37 1436.06 70.3158 31.3285 1233.33 1227.18 601.567 202.726 44.6342 13.1273 625.61 102.494 523.115 366.039
internal_count=12513 9671 2842 843 7956 7913 4151 1715 517 117 3762 537 3225 2219
is_linear=0
shrinkage=0.03


Tree=123
num_leaves=15
num_cat=0
split_feature=0 3 2 8 8 0 2 4 3 1 1 3 8 0
split_gain=22.5615 8.08787 11.1905 10.4396 8.32063 8.16967 8.01864 12.666 11.127 10.8989 16.9526 13.8842 13.148 10.2541
threshold=10.446250000000004 2.7783611081292183 27.590000000000007 26.650000000000006 7.7500000000000009 28.213750000000008 32.510000000000012 64.592214619151449 3.3114317274014322 7.9600000000000053 1.1000000000000043 2.7998503718037204 36.95000000000001 19.32833333333334
decision_type=2 2 2 2 2 2 2 2 2 2 2 2 2 2
left_child=-1 2 -2 -4 -3 6 7 -6 13 10 -9 -12 -11 -8
right_child=1 4 3 -5 5 -7 8 9 -10 12 11 -13 -14 -15
leaf_value=-0.016956115360523306 0.02235737940830216 0.030057995129907762 0.00068363201008561213 -0.010665300255766976 0.015439360432734483 0.013293259566194647 -0.0099162965938815271 0.0079620596033536158 -0.011543320875713898 0.010973438697456081 0.034665943187825024 -0.011106247938216593 -0.0044754591535402875 0.0027990059261137085
leaf_weight=62.05019661411643 14.055904563516377 8.8265544548630697 170.62533490546048 126.28411141596735 77.137344062328339 56.908861450850964 66.316209830343723 84.999103542417288 75.227083798497915 177.97989753261209 5.2928764373064032 129.42599387094378 67.93641147390008 374.58796952664852
leaf_count=2584 101 100 1337 973 387 383 299 879 493 1177 25 1150 425 2154
internal_value=0.000608916 0.00137939 -0.00289642 -0.00416299 0.00256319 0.00231897 0.0017172 0.00425956 -0.000959463 0.00237839 -0.00247223 -0.00906576 0.00670471 0.000868391
internal_weight=1497.65 1435.6 310.965 296.909 1124.64 1115.81 1058.9 542.772 516.131 465.634 219.718 134.719 245.916 440.904
internal_count=12467 9883 2411 2310 7472 7372 6989 4043 2946 3656 2054 1175 1602 2453
is_linear=0
shrinkage=0.03


Tree=124
num_leaves=15
num_cat=0
split_feature=0 4 5 2 0 0 6 0 0 6 3 3 8 2
split_gain=18.1198 15.4176 11.937 21.3319 14.3725 20.5579 12.6655 14.2763 13.5929 11.9093 9.98273 9.56743 9.48635 9.02679
threshold=11.487083333333336 71.483629435779378 322.67636108398443 27.980000000000008 19.478750000000005 25.735416666666673 5.7500000000000009 27.428333333333338 27.428333333333338 5.5500000000000016 2.0008241148528909 2.903236532548052 14.050000000000002 34.570000000000014
decision_type=2 2 2 2 2 2 2 2 2 2 2 2 2 2
left_child=1 -1 4 -4 9 13 8 10 11 -2 -8 -5 -12 -6
right_child=2 -3 3 6 5 -7 7 -9 -10 -11 12 -13 -14 -15
leaf_value=0.00024642911576381216 0.0099989177732925701 -0.02556947174406822 0.011389862808515564 0.017875589194327017 0.018742714751193854 0.0015063627921679532 -0.026693044986382353 -0.021420169169340721 0.036420990909464816 -0.005651418303954229 0.023792526156823705 -0.01491925280363339 1.0079383438949919e-05 0.0051690174766742631
leaf_weight=38.454457411542535 53.500870633870363 44.353241762146354 83.560588907450438 7.6314343586564055 119.43995198979974 351.02762443199754 10.972512058913706 29.074966479092836 4.1783535331487647 221.75304932147264 14.904568452388046 151.20565734803677 296.51145479828119 71.127987045794725
leaf_count=983 257 2284 518 33 902 2405 171 300 16 1573 83 778 1824 408
internal_value=-0.000167163 -0.0137211 0.000635226 -0.00258272 0.00299146 0.00582475 -0.00486981 -0.00165233 -0.0117544 -0.00258429 0.000191181 -0.0132416 0.00122084 0.0137299
internal_weight=1497.7 82.8077 1414.89 598.04 816.849 541.596 514.479 351.464 163.015 275.254 322.389 158.837 311.416 190.568
internal_count=12535 3267 9268 3723 5545 3715 3205 2378 827 1830 2078 811 1907 1310
is_linear=0
shrinkage=0.03


Tree=125
num_leaves=15
num_cat=0
split_feature=1 3 4 6 1 5 1 2 4 6 1 2 5 8
split_gain=15.2667 17.7706 15.6969 11.2693 13.1123 10.2644 10.2746 13.668 8.77702 8.40255 8.07379 11.4576 9.25634 7.67381
threshold=2.2300000000000031 2.9852063516083898 71.804658103354271 5.2500000000000009 13.640000000000006 306.87657165527349 20.650000000000009 35.570000000000014 75.121511969456449 4.5500000000000016 17.29000000000001 18.660000000000011 1321.1693115234377 29.750000000000004
decision_type=2 2 2 2 2 2 2 2 2 2 2 2 2 2
left_child=1 8 -3 4 -2 6 7 9 -1 -6 11 -5 -13 -8
right_child=3 2 -4 10 5 -7 13 -9 -10 -11 -12 12 -14 -15
leaf_value=-0.0088637464548533482 0.0078245638112029257 0.0089295886882347821 -0.015826778741900169 0.057139186825300586 -0.014915091890758719 -0.023145373074473879 -0.026254274958863396 -0.019524145383592977 -0.02632338420051163 0.028569224065591335 0.0078143193946234157 5.0260277989115143e-05 0.011232917490946563 -0.004973314700795194
leaf_weight=145.72607360221446 52.28067671880126 91.740550583228469 29.697225119918585 2.30226314254105 4.2795076295733478 36.431945748627186 20.492099314928055 10.070833452045916 31.175031507387757 19.902793183922768 226.76088749617338 688.46991235017776 72.755762029439211 54.793202877044678
leaf_count=2268 296 557 606 18 34 194 118 58 1487 104 1631 4378 391 295
internal_value=2.52019e-05 -0.00603063 0.00279568 0.00154909 -0.00496324 -0.00956539 -0.00488023 0.00857466 -0.0120713 0.0205872 0.00285651 0.0013758 0.0011324 -0.0110341
internal_weight=1486.88 298.339 121.438 1188.54 198.251 145.97 109.538 34.2531 176.901 24.1823 990.289 763.528 761.226 75.2853
internal_count=12435 4918 1163 7517 1099 803 609 196 3755 138 6418 4787 4769 413
is_linear=0
shrinkage=0.03


Tree=126
num_leaves=15
num_cat=0
split_feature=1 3 7 4 1 6 7 6 4 1 5 7 5 1
split_gain=15.8889 18.1122 13.9666 12.4696 11.9289 13.6327 11.9167 10.3571 13.4709 12.8127 12.6519 8.49293 9.37486 18.3275
threshold=3.7500000000000018 2.8822341504860076 26.950000000000006 64.771288780721747 0.88000000000000267 6.5500000000000016 14.150000000000004 5.4500000000000011 63.649666149336575 13.760000000000005 1292.8607177734377 146.25000000000003 177.88014984130862 20.530000000000008
decision_type=2 2 2 2 2 2 2 2 2 2 2 2 2 2
left_child=1 2 -1 -3 5 -5 -7 11 10 -10 -9 12 13 -2
right_child=7 3 -4 4 -6 6 -8 8 9 -11 -12 -13 -14 -15
leaf_value=-0.0080302525757203428 0.016404382544013756 0.01542225308915727 -0.028582049043638279 -0.0016522422851772316 -0.012495533681308114 -0.032981622251636727 0.036207330215627408 -0.0032091815417237927 0.0015434621038773507 0.011467855504730401 0.015648331934802116 -0.040778811743196149 -0.0071463676719559005 -0.0062105225701912627
leaf_weight=117.80564554594457 55.601055257022381 37.944548845291138 39.454239759594202 85.727097952738404 73.2067258823663 1.8099168241024042 14.874624650925396 305.89979645609856 230.76950006559491 237.39439866691828 34.756048552691936 4.3219157047569743 169.59469070285559 74.103321332484484
leaf_count=1591 387 217 1415 1264 823 9 171 1917 1385 1745 168 34 863 462
internal_value=-0.00027353 -0.00564284 -0.0133344 5.67108e-05 -0.00333173 0.0032763 0.0272612 0.00151975 0.00329237 0.00658959 -0.00124504 -0.00319768 -0.00252101 0.00353526
internal_weight=1483.26 370.823 157.26 213.563 175.618 102.412 16.6845 1112.44 808.82 468.164 340.656 303.621 299.299 129.704
internal_count=12451 5490 3006 2484 2267 1444 180 6961 5215 3130 2085 1746 1712 849
is_linear=0
shrinkage=0.03


Tree=127
num_leaves=15
num_cat=0
split_feature=0 4 2 4 3 0 0 8 2 5 3 6 6 2
split_gain=16.6977 16.2386 13.0268 16.6211 12.3432 13.0819 18.7958 9.14303 10.523 14.0476 10.6211 10.9564 10.4706 14.3865
threshold=14.002083333333339 71.483629435779378 26.000000000000007 55.350428098215367 3.0147766701138465 3.9245833333333366 11.264166666666673 12.150000000000004 29.240000000000009 302.95762634277349 2.961639372626435 6.4500000000000011 5.5500000000000016 38.150000000000013
decision_type=2 2 2 2 2 2 2 2 2 2 2 2 2 2
left_child=1 2 3 -1 5 -5 -7 -2 -9 10 -10 -12 -11 -14
right_child=7 -3 -4 4 -6 6 -8 8 9 12 11 -13 13 -15
leaf_value=-0.025701631437463224 0.016895068143294296 -0.019033819055860903 -0.0059079644169037814 -0.0078146416622606428 0.00033006383416451054 0.097815989241463397 -0.0082885030847309853 0.0082482832519815228 -0.002506244121844939 -0.011671862622813762 0.0033245629030906666 0.015617580806219201 0.0017343317391923855 -0.012962160260126029
leaf_weight=4.4461137130856541 32.664186649024487 73.398375906050205 77.59704240784049 2.0770206507295352 5.637663058936595 5.2475037109106779 1.7843001559376714 159.52215003222227 220.19208583235741 116.1407011449337 363.11200239881873 78.800732988864183 285.67486598715186 74.811240002512932
leaf_count=150 230 2893 1172 65 90 76 20 930 1283 565 2291 572 1539 703
internal_value=0.000325053 -0.00849496 -0.000390117 0.0211067 0.0359555 0.0557911 0.0732125 0.00145842 0.00105733 4.36138e-05 0.002869 0.00554693 -0.00387905 -0.00134303
internal_weight=1501.11 170.188 96.7896 19.1926 14.7465 9.10882 7.0318 1330.92 1298.25 1138.73 662.105 441.913 476.627 360.486
internal_count=12579 4466 1573 401 251 161 96 8113 7883 6953 4146 2863 2807 2242
is_linear=0
shrinkage=0.03


Tree=128
num_leaves=15
num_cat=0
split_feature=0 6 3 5 0 8 0 6 5 2 2 0 3 8
split_gain=15.8133 9.15935 7.04755 12.2649 20.7878 10.1653 6.27595 9.42166 16.5375 16.0151 12.5045 12.13 11.7791 11.7116
threshold=10.446250000000004 4.4500000000000011 2.2379707788842 103.22677230834962 23.226250000000007 12.850000000000003 18.46958333333334 6.1500000000000012 211.72058868408206 36.050000000000018 32.750000000000014 27.600000000000005 2.903236532548052 27.650000000000006
decision_type=2 2 2 2 2 2 2 2 2 2 2 2 2 2
left_child=-1 -2 3 4 -3 -4 -7 8 10 11 -8 12 -10 -14
right_child=1 2 5 -5 -6 6 7 -9 9 -11 -12 -13 13 -15
leaf_value=-0.014937605375060973 -0.021568329727408388 -0.026710070363634177 0.017396894782710053 -0.016899396920427384 0.028216590827521017 -0.0021329732715378155 0.014347740213371214 0.0059937845098891078 0.019513432487533528 -0.027899390387719911 0.00038952907482699411 0.031573127072862875 -0.015925936201571591 -0.0014533138778541263
leaf_weight=59.358210004866123 15.379954762756823 8.7399429380893725 34.208089545369148 47.418005974963307 16.254250850528479 388.71658526174724 90.484904546290636 383.54798617959023 16.899781487882137 24.13639958947897 156.86452888324857 7.9283215701580039 70.44669247418642 171.00223242491484
leaf_count=2623 116 63 299 670 80 3147 700 2431 77 125 972 32 345 881
internal_value=0.000104452 0.00073794 0.000995154 -0.0080577 0.00872124 0.00148845 0.00106008 0.00240814 -0.000155622 -0.00500299 0.00553291 -0.00283095 -0.00400443 -0.00572421
internal_weight=1491.39 1432.03 1416.65 72.4122 24.9942 1344.24 1310.03 921.311 537.763 290.413 247.349 266.277 258.349 241.449
internal_count=12561 9938 9822 813 143 9009 8710 5563 3132 1460 1672 1335 1303 1226
is_linear=0
shrinkage=0.03


Tree=129
num_leaves=15
num_cat=0
split_feature=0 4 3 8 5 0 5 3 8 4 5 8 8 1
split_gain=17.1752 21.9517 11.7124 10.0808 8.43348 7.55982 7.28373 9.86687 7.04154 6.46501 6.56509 6.08752 8.75915 9.01935
threshold=13.54916666666667 70.68732401951948 2.7075957213295352 23.750000000000004 4.1912722587585458 11.332083333333335 91.324592590332045 2.2379707788842 50.150000000000013 75.997438250169736 1520.543395996094 21.250000000000004 30.250000000000004 21.050000000000008
decision_type=2 2 2 2 2 2 2 2 2 2 2 2 2 2
left_child=1 2 -1 -4 5 -3 11 9 -9 10 -8 -2 13 -13
right_child=6 4 3 -5 -6 -7 7 8 -10 -11 -12 12 -14 -15
leaf_value=-0.016482216985111167 0.01257562936417744 -0.021311875196662153 0.021600001246339685 -0.0037152894954992142 -0.024433463032589541 0.042712475829673961 -0.01883127364413708 0.00043580437680405717 -0.036112929517596835 0.028606442895191445 0.02753780197364682 2.0141407840616763e-05 0.0072443907121364694 -0.022692006858171045
leaf_weight=22.581313101574779 67.504899814724922 2.2509567011147729 26.713268676772714 28.431951662525535 66.669126430526376 2.5743317995220423 43.59265510737896 911.39430218562484 3.7690697833895674 2.1945112347602835 2.0644549876451483 117.79589799419045 166.18273175507784 17.162263415753841
leaf_count=640 438 123 349 367 2762 39 629 4908 24 8 18 788 1258 134
internal_value=-0.000165398 -0.00978173 0.00127766 0.00871416 -0.0216569 0.0143142 0.000918703 -0.000454935 0.000246026 -0.0135915 -0.0161893 0.00449859 0.00265238 -0.00301376
internal_weight=1480.88 149.221 77.7265 55.1452 71.4944 4.82529 1331.66 963.015 915.163 47.8516 45.6571 368.646 301.141 134.958
internal_count=12485 4280 1356 716 2924 162 8205 5587 4932 655 647 2618 2180 922
is_linear=0
shrinkage=0.03


Tree=130
num_leaves=15
num_cat=0
split_feature=0 5 8 4 8 4 7 7 1 5 0 1 5 8
split_gain=22.8722 12.7936 10.7669 14.1413 8.34016 10.2014 8.07551 7.99409 7.87254 9.53874 7.15462 10.7821 10.0021 10.588
threshold=11.487083333333336 29.435626983642582 29.450000000000006 59.991276300020935 26.550000000000004 69.450357084219647 134.05000000000004 11.550000000000002 21.050000000000008 194.25510406494143 15.874583333333337 0.88000000000000267 71.59177398681642 25.950000000000006
decision_type=2 2 2 2 2 2 2 2 2 2 2 2 2 2
left_child=-1 4 8 -4 -2 -6 -7 -5 10 -10 11 12 -3 -14
right_child=1 2 3 7 5 6 -8 -9 9 -11 -12 -13 13 -15
leaf_value=-0.016177326606432119 0.015652827798774194 0.029047248428605971 -0.0089458498041147388 0.025530983205606768 -0.012598099294247643 0.0093313170675673272 -0.022833065748171993 0.0039363399157671605 -0.028522775858660407 0.012169581907432295 -0.00099822518803471621 -0.018445474027197213 0.0033611998769204521 -0.023883942577814607
leaf_weight=77.231459453701973 70.489369856193662 7.8562119975686064 79.556401636451483 15.072809889912604 28.816051416099072 102.39827633090317 6.5944912880659095 416.21262094937265 20.270031228661541 6.2230471596121779 545.64849434047937 56.839177841320634 40.708706848323345 17.618546744808555
leaf_count=3257 541 33 529 89 180 900 44 2519 128 34 3214 577 363 181
internal_value=-0.000386809 0.000486291 -0.000701382 0.00260237 0.00733318 0.00299557 0.00719535 0.00474836 -0.00312939 -0.0188694 -0.00247852 -0.00898316 -0.000703215 -0.00513243
internal_weight=1491.54 1414.3 1206.01 510.842 208.298 137.809 108.993 431.285 695.164 26.4931 668.671 123.023 66.1835 58.3273
internal_count=12589 9332 7667 3137 1665 1124 944 2608 4530 162 4368 1154 577 544
is_linear=0
shrinkage=0.03


Tree=131
num_leaves=15
num_cat=0
split_feature=0 2 5 8 4 5 4 4 0 0 7 4 2 2
split_gain=15.7959 10.7188 9.55782 12.4043 13.1328 8.98315 8.23056 10.5755 6.39594 6.38369 10.7384 16.8251 13.8339 10.6231
threshold=10.965833333333338 20.270000000000007 9.9714875221252459 24.250000000000004 69.450357084219647 1321.1693115234377 70.541047523787213 69.040006285024347 10.12541666666667 18.211250000000003 14.350000000000003 69.958152506272441 26.730000000000008 27.890000000000004
decision_type=2 2 2 2 2 2 2 2 2 2 2 2 2 2
left_child=6 -2 3 -3 -5 9 7 -1 -9 10 -4 12 -12 -11
right_child=1 2 5 4 -6 -7 -8 8 -10 13 11 -13 -14 -15
leaf_value=-0.010700449288484494 0.039418608255727558 0.025657319930064704 -0.020139305935695438 -0.020612036094937222 0.0086047844491767903 0.0086692520455925633 -0.023364359079753275 0.0038698743862763713 0.066417108540580055 0.019391932739916878 0.036342599763335572 -0.012365629825007293 0.0010267236241356184 -0.00016101824296042031
leaf_weight=23.990979390218858 5.4315073359757653 28.418869202956557 34.603704689070582 16.080313678830862 72.445136670023203 95.184991396963596 36.84102581627667 3.3445530775934449 1.8287415970116851 24.746218420565128 9.6824989356100541 97.303796201944351 153.47027955204248 870.86996964365244
leaf_count=687 36 246 274 102 650 600 2146 80 32 158 53 1119 922 5363
internal_value=0.000100548 0.000777151 0.000599562 0.00877303 0.0031267 -0.000150024 -0.0141311 -0.00207945 0.0331573 -0.000861737 -0.00468078 -0.00255783 0.00333121 0.000400263
internal_weight=1474.24 1408.24 1402.81 116.944 88.5255 1285.86 66.0053 29.1643 5.17329 1190.68 295.06 260.457 163.153 895.616
internal_count=12468 9523 9487 998 752 8489 2945 799 112 7889 2368 2094 975 5521
is_linear=0
shrinkage=0.03


Tree=132
num_leaves=15
num_cat=0
split_feature=0 4 3 3 4 8 0 6 5 8 8 5 6 8
split_gain=13.3063 12.5057 9.99188 8.43364 7.67498 7.31139 6.88894 6.74432 6.34581 6.04407 6.8256 5.80434 5.55501 4.94123
threshold=11.487083333333336 71.483629435779378 2.8327323890764524 3.0205104408930619 26.181921265494363 12.150000000000004 10.965833333333338 4.4500000000000011 182.64514923095706 26.350000000000005 23.750000000000004 1681.101013183594 8.1500000000000021 30.450000000000006
decision_type=2 2 2 2 2 2 2 2 2 2 2 2 2 2
left_child=1 2 -1 6 -2 12 9 -7 -5 10 -4 -3 -6 -9
right_child=4 11 3 8 5 7 -8 13 -10 -11 -12 -13 -14 -15
leaf_value=-0.014917137781714334 -0.022743871651877173 -0.02564196495544737 0.036877750018540309 0.035832128288709096 0.018217414977037279 -0.019472082453041838 -0.011721401400418328 -0.00053118526576926206 -0.022173659807480199 0.079509229651118937 -0.020871467734669819 0.03358463970198676 -0.018997715242902235 0.0031842986674030533
leaf_weight=18.726361261680722 11.283081315457819 37.799329285509884 5.9857277590781468 1.2588849812746037 32.022276308387518 13.727783888578413 2.440003063529729 812.70589629374444 6.2200242578983307 1.8573123272508381 1.7676397357136009 0.71849356777965923 3.2367298603057852 532.42969068326056
leaf_count=682 241 2251 97 15 230 104 37 5219 121 25 32 19 27 3482
internal_value=0.000200543 -0.011879 0.000338795 0.0149813 0.000868397 0.00107566 0.0296317 0.000720359 -0.00933536 0.0402459 0.0228316 -0.0237153 0.0143714 0.000940745
internal_weight=1482.18 76.7738 38.256 19.5296 1405.41 1394.12 12.0507 1358.86 7.47891 9.61068 7.75337 38.5178 35.259 1345.14
internal_count=12582 3279 1009 327 9303 9062 191 8805 136 154 129 2270 257 8701
is_linear=0
shrinkage=0.03


Tree=133
num_leaves=15
num_cat=0
split_feature=0 2 0 4 6 0 8 1 8 7 4 1 7 0
split_gain=13.6132 8.58106 14.0793 13.2676 8.36183 9.77836 11.4359 16.1823 14.5522 10.7789 9.31732 8.67943 9.35165 11.1602
threshold=10.446250000000004 33.670000000000016 23.226250000000007 71.804658103354271 7.8500000000000014 16.709583333333338 30.350000000000005 -0.92999999999999672 26.150000000000006 12.550000000000002 55.788983529858733 2.1200000000000037 31.250000000000004 12.975000000000003
decision_type=2 2 2 2 2 2 2 2 2 2 2 2 2 2
left_child=-1 4 3 -3 5 6 7 8 9 -2 -7 12 13 -8
right_child=1 2 -4 -5 -6 10 11 -9 -10 -11 -12 -13 -14 -15
leaf_value=-0.014417346522593529 -0.03058314948196195 -0.0078788349084621973 0.00059030761738381289 -0.047594648511985901 -0.016322959032407439 0.021465779333817422 -0.017581075734254284 -0.011604382009756178 -0.014283494613495892 0.021917081854081467 0.0044346528315498974 0.02003255806653851 -0.023870231027872401 0.020514535393266194
leaf_weight=55.056768003851175 3.0069130919873706 140.53572784364223 440.07165160030127 7.0695547312498084 19.421298459172249 29.749978005886078 9.5110495705157536 126.84241041354835 18.325210170820355 37.152863113209605 511.85275517776608 31.247021436691284 10.521986136212943 19.624782994389534
leaf_count=2601 29 958 2940 45 135 127 211 1411 182 292 3157 139 160 100
internal_value=8.03536e-05 0.000658343 -0.00210444 -0.0100885 0.00264516 0.00312675 -0.00169745 -0.00561328 0.00735688 0.0173387 0.005408 0.00847328 -0.000903152 0.00790794
internal_weight=1459.99 1404.93 587.677 147.605 817.256 797.835 256.232 185.327 58.485 40.1598 541.603 70.9048 39.6578 29.1358
internal_count=12487 9886 3943 1003 5943 5808 2524 1914 503 321 3284 610 471 311
is_linear=0
shrinkage=0.03


Tree=134
num_leaves=15
num_cat=0
split_feature=0 3 6 0 1 5 2 2 0 1 6 4 5 0
split_gain=17.1396 7.07008 18.101 11.3661 11.3333 9.46768 16.2523 11.8861 13.344 13.6637 10.5284 17.9916 14.9233 10.5049
threshold=10.446250000000004 2.9533585428104003 6.3500000000000014 27.685416666666672 2.1200000000000037 211.72058868408206 27.680000000000007 25.510000000000009 25.674583333333334 9.7400000000000038 5.5500000000000016 68.762611075382125 32.784822463989265 27.73041666666667
decision_type=2 2 2 2 2 2 2 2 2 2 2 2 2 2
left_child=-1 3 5 4 -2 7 -7 -3 9 10 -9 -12 -13 -8
right_child=1 2 -4 -5 -6 6 13 8 -10 -11 11 12 -14 -15
leaf_value=-0.016426830510787398 -0.0093103011287316937 -0.025197033868811839 0.011688298644783277 -0.015654391990045865 0.0016215029963073944 0.011237938485197965 -0.007337262046999974 0.013524288659019208 -0.00076079945000006991 0.023188374674519029 0.014747407139766633 0.0092491895732073563 -0.035547873275652425 0.023538758507711782
leaf_weight=54.342076317407191 107.15046237315983 11.424938939511774 151.26537961885333 49.13132493570447 403.99127808399498 56.606840249150991 274.20795354805887 56.209881154820323 187.40948789939284 53.803097061812878 22.083424508571625 9.5718935690820235 18.854022648185492 9.3318699300289136
leaf_count=2604 1507 203 1086 459 2416 401 1454 297 1294 469 96 59 137 38
internal_value=-4.94544e-05 0.000592458 0.00231468 -0.00202218 -0.000683832 0.00027387 -0.00330852 0.00366453 0.00468174 0.0110013 0.00469885 -0.00519452 -0.0206616 -0.00624192
internal_weight=1465.38 1411.04 850.769 560.273 511.142 699.503 340.147 359.357 347.932 160.522 106.719 50.5093 28.4259 283.54
internal_count=12520 9916 5534 4382 3923 4448 1893 2555 2352 1058 589 292 196 1492
is_linear=0
shrinkage=0.03


Tree=135
num_leaves=15
num_cat=0
split_feature=0 8 2 1 7 7 3 4 2 0 4 2 7 2
split_gain=15.6859 7.43973 7.7676 7.4278 7.23251 7.2194 5.94526 13.0826 5.01177 9.31358 13.0696 15.021 11.0559 9.73583
threshold=10.446250000000004 11.350000000000003 19.490000000000009 23.61000000000001 146.25000000000003 3.7500000000000004 3.0147766701138465 44.467154840604529 32.630000000000017 17.441666666666674 69.712157324139582 28.370000000000001 14.350000000000003 27.04000000000001
decision_type=2 2 2 2 2 2 2 2 2 2 2 2 2 2
left_child=-1 6 -3 4 5 -4 7 -2 9 10 12 -12 -7 -14
right_child=1 2 3 -5 -6 8 -8 -9 -10 -11 11 -13 13 -15
leaf_value=-0.015748468506833306 0.034869443404004954 0.039633563111389186 -0.020787839073181547 0.021823387309909605 -0.033588065888430371 -0.018833004928042567 0.029825625121049908 -0.02273838825267737 -0.0011381133649552583 0.0056421459510382771 -0.01915352957150223 0.0020018662868790732 0.026946143110425706 0.0037781239226703312
leaf_weight=52.111698936671019 5.0895301029086131 3.5628815330564967 13.402484947815536 13.447655163705347 4.6784473704174152 15.477881399914621 13.20250655710697 7.5037476383149624 720.90921084396541 362.235202729702 62.1085205655545 57.608065096661448 18.308013424277306 108.90410800464451
leaf_count=2569 35 31 234 105 34 119 126 93 4555 2231 1110 386 107 708
internal_value=0.000256058 0.00085983 0.000555557 0.000425765 0.000198912 0.000339842 0.0165166 0.00139606 0.000565568 0.00253049 -0.00177006 -0.00904122 0.00435089 0.00729656
internal_weight=1458.55 1406.44 1380.64 1377.08 1363.63 1358.95 25.7958 12.5933 1345.55 624.642 262.407 119.717 142.69 127.212
internal_count=12443 9874 9620 9589 9484 9450 254 128 9216 4661 2430 1496 934 815
is_linear=0
shrinkage=0.03


Tree=136
num_leaves=15
num_cat=0
split_feature=0 5 4 4 4 5 3 6 0 7 6 5 0 0
split_gain=15.0861 10.7068 9.59423 9.68918 10.1848 8.55172 13.7818 7.45527 7.67954 11.5791 13.7253 12.1032 16.3688 13.8054
threshold=10.446250000000004 1418.458190917969 37.528638607623151 39.296409981974683 43.609869093628589 168.22674560546878 2.0008241148528909 4.2500000000000009 18.858333333333338 20.550000000000004 6.7500000000000009 276.10935974121099 25.813333333333343 27.04333333333334
decision_type=2 2 2 2 2 2 2 2 2 2 2 2 2 2
left_child=-1 2 5 -4 -5 6 -2 -6 -9 10 -10 12 -11 -13
right_child=1 -3 3 4 7 -7 -8 8 9 11 -12 13 -14 -15
leaf_value=-0.015862279740830969 0.044072105340603004 0.010960810542558229 0.029880406442082667 -0.022047128862230432 -0.025996400427528665 -0.019328824990541945 -0.029654155094647042 -0.0030119171450165801 -0.0049941944532681647 0.020857437740805555 0.0057797570631247268 -0.0033167495540079124 0.0044579145119924028 0.030937458078289955
leaf_weight=52.493097053840756 4.4559178948402396 79.959178021177649 8.8295256905257684 17.615425761789083 8.6244660317897779 38.199520289897919 3.0228809602558613 384.71262101363391 297.87791714444757 81.110968500375748 164.28706729784608 143.50795675069094 166.8569022603333 10.42717509716749
leaf_count=2610 38 508 77 168 68 604 28 3191 1597 696 925 772 1246 48
internal_value=-0.000224539 0.000368685 -0.000276095 0.000209495 -1.92323e-05 -0.0136364 0.0142896 0.000306639 0.000508951 0.00207823 -0.00116014 0.0057958 0.00988447 -0.000811752
internal_weight=1461.98 1409.49 1329.53 1283.85 1275.02 45.6783 7.4788 1257.41 1248.78 864.068 462.165 401.903 247.968 153.935
internal_count=12576 9966 9458 8788 8711 670 66 8543 8475 5284 2522 2762 1942 820
is_linear=0
shrinkage=0.03


Tree=137
num_leaves=15
num_cat=0
split_feature=0 2 5 8 8 0 0 1 0 2 5 3 8 8
split_gain=12.2724 12.8084 6.22472 10.2427 9.06425 15.5277 6.96669 6.77501 8.20135 12.1124 13.3012 11.0534 17.6232 9.76356
threshold=10.87708333333334 21.070000000000011 9.149848937988283 26.550000000000004 31.150000000000006 18.979166666666671 28.038333333333338 -3.4899999999999958 17.441666666666674 30.340000000000003 419.73808288574224 3.4203353837591273 36.050000000000004 18.750000000000004
decision_type=2 2 2 2 2 2 2 2 2 2 2 2 2 2
left_child=-1 -2 3 -3 5 -5 -7 -4 13 10 -10 -12 -13 -9
right_child=1 2 7 4 -6 6 -8 8 9 -11 11 12 -14 -15
leaf_value=-0.013476748111555631 0.034754679899680466 0.020136982665796131 0.012031466762307503 -0.04480187545457142 0.0080609776295683406 0.010806196061290116 -0.038264608461746931 -0.019858378964210392 0.022767228948867686 -0.00097362105948718323 0.0061799326426945599 0.0068735284516571937 -0.064456557599355313 -0.0032008893835648818
leaf_weight=59.102739945054054 8.6812869831919652 34.843005461618304 36.896740691736341 8.3066246844828147 49.965849358588457 15.224567726254465 2.1069790422916403 36.342845441773534 40.564125563949347 851.59424785897136 89.000559143722057 6.8788598850369436 4.4542292729020119 212.58594095520675
leaf_count=2879 65 314 363 63 420 146 23 307 290 5240 527 40 32 1771
internal_value=-0.00020289 0.000367742 0.000127933 0.00692785 0.00065687 -0.0135338 0.00307876 -0.000464538 -0.000845321 0.000377445 0.00849268 0.00255386 -0.0241144 -0.00570256
internal_weight=1456.55 1397.45 1388.76 110.447 75.604 25.6382 17.3315 1278.32 1241.42 992.492 140.898 100.334 11.3331 248.929
internal_count=12480 9601 9536 966 652 232 169 8570 8207 6129 889 599 72 2078
is_linear=0
shrinkage=0.03


Tree=138
num_leaves=15
num_cat=0
split_feature=1 5 7 6 2 2 1 6 5 7 2 5 3 6
split_gain=10.2388 11.1787 10.1164 11.0996 9.92886 8.70375 7.74736 14.935 12.6036 11.5627 10.9547 10.8718 8.94886 7.3973
threshold=-11.299999999999997 1321.1693115234377 70.250000000000014 5.9500000000000011 20.550000000000008 19.490000000000009 4.700000000000002 5.3500000000000014 1292.8607177734377 6.9500000000000011 29.240000000000009 302.95762634277349 2.1701149605683909 5.5500000000000016
decision_type=2 2 2 2 2 2 2 2 2 2 2 2 2 2
left_child=-1 2 4 -4 5 -2 7 11 10 12 -8 -6 -9 -12
right_child=1 -3 3 -5 6 -7 8 9 -10 -11 13 -13 -14 -15
leaf_value=-0.025939516463419483 0.075872418056703195 0.0090231826392759944 -0.020388741895963739 0.01514962362649174 0.019472278773725513 -0.0059276354866631192 0.011231690297209801 -0.014206280023541136 -0.050371234285765364 -0.0080942092911469501 -0.0043326721426982613 -0.017229557008313575 0.031064085778826252 0.0018211610666349571
leaf_weight=13.15210419334471 1.8544030254706734 106.20286971051246 42.139754208736122 8.9150915686041099 34.182855595834553 1.7564726164564488 84.63822054117918 5.0560839772224453 3.3162660077214232 295.56874412670732 250.81829791516066 8.3218491682782751 11.363948553800581 581.37914549931884
leaf_count=594 23 804 858 181 197 65 522 88 21 3620 1460 89 83 3893
internal_value=-0.000546937 -0.000296396 -0.00104719 -0.0140113 -0.000518843 0.0434258 -0.000677276 -0.00443882 0.000775123 -0.00671733 0.0010148 0.0120557 0.0171091 -3.65338e-05
internal_weight=1448.67 1435.51 1329.31 51.0548 1278.26 3.61088 1274.65 354.493 920.152 311.989 916.836 42.5047 16.42 832.197
internal_count=12498 11904 11100 1039 10061 88 9973 4077 5896 3791 5875 286 171 5353
is_linear=0
shrinkage=0.03


Tree=139
num_leaves=15
num_cat=0
split_feature=7 1 1 3 4 3 3 0 3 6 8 6 1 0
split_gain=12.3111 10.7907 9.41164 12.8915 8.0875 15.0391 7.85109 10.77 9.47849 9.67237 8.52396 8.27651 8.1579 22.3284
threshold=72.350000000000009 -11.299999999999997 10.670000000000007 3.3486572186520775 80.491822696709434 3.4788016129185264 2.7783611081292183 27.527083333333334 2.1701149605683909 8.0500000000000025 32.350000000000009 5.2500000000000009 0.17000000000000315 16.999583333333341
decision_type=2 2 2 2 2 2 2 2 2 2 2 2 2 2
left_child=1 -1 -2 -4 5 -5 7 -3 9 -9 12 -12 -8 -14
right_child=2 6 3 4 -6 -7 10 8 -10 -11 11 -13 13 -15
leaf_value=-0.025641734372402612 -0.029441951091737716 -0.00063951784041788083 0.023272983018938462 0.0031325243451484539 -0.0025862868173280097 -0.069497609503006513 0.0086285656505699151 0.023684066537774544 -0.030606631760436084 -0.019622668074937538 -0.0018118806312608982 0.0091027484151333677 -0.013048035090769463 0.0020826319337255588
leaf_weight=12.363204125314949 19.22585725132376 279.3083004783839 10.301455434411762 4.6313857808709162 18.377749066799879 4.5322430431842804 102.42575107421726 7.2880824692547348 20.789963327348232 9.5506417192518693 81.371667720377445 264.82993553206325 104.56321292743087 520.02907308936119
leaf_count=559 784 2459 109 30 115 32 1416 83 172 172 425 1869 1255 3052
internal_value=0.00063103 0.00119065 -0.0129058 -0.00396302 -0.0146087 -0.0360931 0.00144754 -0.00269524 -0.0175428 -0.00060185 0.00267233 0.00653953 0.000824341 -0.000467206
internal_weight=1459.59 1402.52 57.0687 37.8428 27.5414 9.16363 1390.16 316.937 37.6287 16.8387 1073.22 346.202 727.018 624.592
internal_count=12532 11462 1070 286 177 62 10903 2886 427 255 8017 2294 5723 4307
is_linear=0
shrinkage=0.03


Tree=140
num_leaves=15
num_cat=0
split_feature=0 5 1 2 1 7 1 5 0 0 7 5 8 8
split_gain=13.4229 9.35717 13.2921 9.26639 8.12117 13.6116 9.83164 9.36101 13.6106 7.75736 7.94819 7.85329 12.3383 7.68503
threshold=11.487083333333336 1349.2225341796877 -11.299999999999997 32.370000000000012 7.9600000000000053 27.550000000000004 5.8600000000000039 400.53924560546881 25.813333333333343 18.858333333333338 17.150000000000002 19.67299842834473 24.450000000000006 39.45000000000001
decision_type=2 2 2 2 2 2 2 2 2 2 2 2 2 2
left_child=1 -1 -3 4 5 6 -2 8 -6 10 -5 12 -11 -9
right_child=3 2 -4 9 7 -7 -8 13 -10 11 -12 -13 -14 -15
leaf_value=-0.017769910696940089 0.0092723011044072382 -0.025674546826735724 0.033179553805295921 -0.001100714498342432 0.020761319152099011 -0.0070889416853593332 -0.0089734892494991291 0.0051248982647534094 -0.00021122284522502772 0.02926038681433462 -0.016895461442835095 -0.0012549196553130481 0.0022079360072989399 -0.014264286249959372
leaf_weight=56.669208005070686 138.85111997462809 4.8196726646274328 7.6678221849724633 61.851534627377987 80.306624174118042 127.31280574575067 31.970737248659134 130.37397460639477 42.328065693378448 18.72278967499733 52.697754546999931 607.83754218742251 66.618338637053967 20.414990112185478
leaf_count=2868 1002 210 189 420 624 965 170 742 305 176 301 3779 618 118
internal_value=0.00016371 -0.0126374 0.0102448 0.000814243 0.00373406 0.000305137 0.0058251 0.00745814 0.0135794 -0.00125392 -0.00845033 -5.4235e-05 0.00841306 0.00242316
internal_weight=1448.44 69.1567 12.4875 1379.29 571.558 298.135 170.822 273.424 122.635 807.728 114.549 693.179 85.3411 150.789
internal_count=12487 3267 399 9220 3926 2137 1172 1789 929 5294 721 4573 794 860
is_linear=0
shrinkage=0.03


Tree=141
num_leaves=15
num_cat=0
split_feature=0 4 3 8 2 3 2 1 1 0 2 1 8 0
split_gain=9.88127 10.4623 11.6173 7.63219 8.92334 6.82558 7.40683 8.03546 6.50007 7.31836 8.99781 9.02203 13.8487 10.6925
threshold=11.487083333333336 71.483629435779378 2.8327323890764524 11.350000000000003 34.790000000000013 3.0205104408930619 24.810000000000009 -7.5599999999999978 -3.0699999999999954 18.337083333333339 28.280000000000008 4.4600000000000053 20.950000000000006 19.771666666666672
decision_type=2 2 2 2 2 2 2 2 2 2 2 2 2 2
left_child=1 2 -1 4 -2 6 7 -4 -5 -10 -11 12 -12 -13
right_child=3 -3 5 8 -6 -7 -8 -9 9 10 11 13 -14 -15
leaf_value=-0.017251493955392619 0.02643494347196881 -0.0226891063227838 -0.0032864474591555539 0.011558583677408987 -0.014266514119867747 -0.006751912527536626 0.006062223119971265 0.073886383362572028 -0.0041352813647964302 0.014960778796869294 0.029944133803050096 -0.016236328251902195 0.0014174292871514576 0.00031532828999477925
leaf_weight=16.224059212952852 18.700743982568387 34.087915938347578 1.5462821349501608 42.319122314453125 5.7188536487519732 6.6748757362365714 6.2397801540791988 3.5318197980523127 326.88593333028257 39.080045513808727 21.924731928855181 35.65316304937005 46.469816390424967 842.75937318429351
leaf_count=659 164 2291 33 353 37 132 115 41 2283 280 125 197 282 5532
internal_value=-0.000124688 -0.0111784 0.000607661 0.000430322 0.0167168 0.0167717 0.0300669 0.0537127 0.000124719 -0.000252385 0.00103793 0.000448081 0.0108618 -0.000374172
internal_weight=1447.82 68.3047 34.2168 1379.51 24.4196 17.9928 11.3179 5.0781 1355.09 1312.77 985.887 946.807 68.3945 878.413
internal_count=12524 3271 980 9253 201 321 189 74 9052 8699 6416 6136 407 5729
is_linear=0
shrinkage=0.03


Tree=142
num_leaves=15
num_cat=0
split_feature=0 8 6 3 7 5 6 8 7 5 6 5 1 0
split_gain=8.87107 10.2071 11.8382 10.7923 10.0847 11.4039 8.03264 7.29878 7.22283 15.8441 10.9546 12.0303 8.48328 8.32101
threshold=16.999583333333341 30.250000000000004 7.2500000000000009 2.7133645205282666 28.950000000000006 665.01629638671886 4.4500000000000011 17.750000000000004 22.550000000000004 259.42225646972662 5.9500000000000011 1061.4548950195315 5.8600000000000039 27.082500000000007
decision_type=2 2 2 2 2 2 2 2 2 2 2 2 2 2
left_child=1 2 4 -3 7 -6 -2 -1 10 -10 -8 -12 -13 -11
right_child=6 3 -4 -5 5 -7 8 -9 9 13 11 12 -14 -15
leaf_value=-0.018030468225086856 -0.021539997341108685 -0.018375418226965465 -0.023059004754252471 0.0089576126088722549 -0.016585958768772172 0.0049170245848860336 -0.0066030950194769077 0.0052809097789594623 0.0089710861086739445 -0.0044943588921312659 -0.00016809772549090788 0.025427689728098279 0.0033557201694068618 0.023965810234770582
leaf_weight=13.058241034857927 13.233236186206339 14.852675234898923 37.650861113332212 71.980308192782104 84.223736443556845 29.492569447495043 202.41401398181915 85.645155246369541 252.04443198814988 160.22708650305867 405.55017242208123 29.116049319505692 33.413581967353821 8.8196824863553029
leaf_count=251 103 295 549 659 2265 474 1027 943 1943 899 2701 174 193 44
internal_value=-0.000446608 -0.0047005 -0.00776971 0.00412635 -0.00496438 -0.0110149 0.000853653 0.00204696 0.0011446 0.00421901 -0.00078964 0.00173302 0.0138717 -0.0028773
internal_weight=1441.72 336.904 250.071 86.833 212.42 113.716 1104.82 98.7034 1091.59 421.091 670.494 468.08 62.5296 169.047
internal_count=12520 5436 4482 954 3933 2739 7084 1194 6981 2886 4095 3068 367 943
is_linear=0
shrinkage=0.03


Tree=143
num_leaves=15
num_cat=0
split_feature=0 2 5 2 7 6 2 5 5 5 6 0 0 7
split_gain=9.36819 12.2449 11.317 12.4323 10.4928 14.1653 10.5543 12.3606 12.865 9.70747 13.1692 12.283 14.4726 17.0582
threshold=17.156666666666677 28.280000000000008 1681.101013183594 27.130000000000006 73.350000000000009 5.3500000000000014 20.850000000000012 3623.920043945313 377.47386169433599 331.20898437500006 5.5500000000000016 19.478750000000005 25.813333333333343 20.950000000000006
decision_type=2 2 2 2 2 2 2 2 2 2 2 2 2 2
left_child=4 2 -2 -4 5 -1 7 8 -7 11 -11 -3 13 -13
right_child=1 9 3 -5 -6 6 -8 -9 -10 10 -12 12 -14 -15
leaf_value=0.015115185915147634 0.018632324762397425 -0.0083745594871656517 -0.051901566767450273 0.016788188192745111 -0.026547523042826763 -0.021195568004134416 -0.0066446724064525755 -0.023851880659900359 0.056423195645271824 -0.012081678586467519 -8.7370296877405795e-05 0.003483213793329774 0.00063442846630871487 0.021972748503873575
leaf_weight=32.556880608201027 54.688025899231434 77.683475226163864 3.7281621098518363 4.0241540595889091 17.629705757834017 1.9655758365988711 284.15474810637534 3.2590931225568047 6.7597246207296848 110.64220140129328 314.44125215709209 110.56405137106776 337.88869927823544 75.162792127579451
leaf_count=276 354 375 30 24 789 99 4060 138 95 548 1979 676 2352 637
internal_value=-0.00034147 0.00102616 0.0138168 -0.0184011 -0.00463176 -0.00337935 -0.00545662 0.0210548 0.0385563 0.000235339 -0.00323032 0.00268665 0.00434053 0.0110434
internal_weight=1435.15 1088.82 62.4403 7.75232 346.326 328.696 296.139 11.9844 8.7253 1026.38 425.083 601.299 523.616 185.727
internal_count=12432 6975 408 54 5457 4668 4392 332 194 6567 2527 4040 3665 1313
is_linear=0
shrinkage=0.03


Tree=144
num_leaves=15
num_cat=0
split_feature=0 5 1 4 4 7 8 1 0 6 5 0 7 7
split_gain=9.17581 9.67871 14.2601 6.84877 7.23041 6.68485 7.53536 10.446 7.23943 7.13623 9.41437 10.0409 9.18196 14.173
threshold=10.446250000000004 1349.2225341796877 -11.299999999999997 54.829749668011154 66.078409198906428 4.8500000000000014 12.150000000000004 -0.73999999999999622 20.970416666666669 5.7500000000000009 148.96746063232425 26.956666666666674 17.350000000000005 22.550000000000004
decision_type=2 2 2 2 2 2 2 2 2 2 2 2 2 2
left_child=1 -1 -3 -4 -5 -2 7 -7 -9 10 11 -8 -13 -14
right_child=5 2 3 4 -6 6 9 8 -10 -11 -12 12 13 -15
leaf_value=-0.019853257296704983 -0.010884438720186393 -0.025584837883622227 -0.007118469615981237 0.080390268150047614 0.0060260623631784973 0.066048266510827874 0.0091090887090854358 -0.0051996069312181797 0.025512791636522807 0.0028159481168847076 -0.0049449917779998296 0.019687791010885435 -0.040239056401330076 -0.0029202857221204701
leaf_weight=35.553798194974661 39.906559592112899 4.7129269540309906 1.9819005187600831 2.5656858086585999 2.0163498353213072 2.4101313557475832 114.26630646921694 13.902005376294257 12.204921782016752 818.44956784322858 310.356738592498 10.773421190679072 9.9910639822483045 56.116196867078543
leaf_count=2175 571 211 65 39 55 14 764 130 121 6051 1683 57 64 406
internal_value=0.000620863 -0.0122992 0.0111944 0.0374933 0.0546079 0.0010652 0.00142664 0.0164191 0.00956987 0.00109055 -0.00172528 0.00350096 -0.00484424 -0.009076
internal_weight=1435.21 46.8307 11.2769 6.56394 4.58204 1388.38 1348.47 28.5171 26.1069 1319.95 501.504 191.147 76.8807 66.1073
internal_count=12406 2545 370 159 94 9861 9290 265 251 9025 2974 1291 527 470
is_linear=0
shrinkage=0.03


Tree=145
num_leaves=15
num_cat=0
split_feature=6 3 8 8 2 8 0 2 6 0 1 5 1 0
split_gain=10.0046 8.39275 12.09 10.0009 10.8614 10.6895 9.01081 9.43429 13.3647 8.84444 11.1436 9.23991 8.3657 8.32744
threshold=4.7500000000000009 2.7564154710712416 33.150000000000013 30.450000000000006 21.670000000000009 9.4500000000000011 16.709583333333338 31.740000000000009 6.8500000000000014 27.527083333333334 3.8700000000000023 777.68719482421886 22.070000000000011 19.088333333333342
decision_type=2 2 2 2 2 2 2 2 2 2 2 2 2 2
left_child=12 2 9 5 -5 -3 -7 -8 -9 10 11 -2 -1 -10
right_child=1 3 -4 4 -6 6 7 8 13 -11 -12 -13 -14 -15
leaf_value=-0.022656066434499501 -0.020735125228942417 0.026289066733311054 -0.020902727158466233 0.042664608126693267 0.0043822268980179798 -0.0068607472631882094 0.0084988932485508505 -0.0039705462785012821 -0.017475315775248995 -0.016357828148258074 0.0044922109573729361 0.0013071030081727971 0.0069479997526902051 0.017682464360571665
leaf_weight=29.703935001045465 33.992324375547469 11.828643533401189 33.248804265633225 5.7875151205807915 449.78470575716347 188.46007316187024 110.73223401606083 292.34825832769275 6.2326877340674391 32.342184651643038 160.0401547588408 33.285002992488444 11.384164065122603 42.187972452491522
leaf_count=314 718 245 351 29 3121 3182 678 1567 29 387 974 614 54 261
internal_value=-7.18597e-05 0.000361056 -0.00414629 0.00155596 0.00496094 -0.000827925 -0.00136937 0.000932868 -0.00154337 -0.0019287 0.00018689 -0.00997046 -0.0144836 0.0128949
internal_weight=1441.36 1400.27 292.908 1107.36 455.572 651.79 639.961 451.501 340.769 259.66 227.317 67.2773 41.0881 48.4207
internal_count=12524 12156 3044 9112 3150 5962 5717 2535 1857 2693 2306 1332 368 290
is_linear=0
shrinkage=0.03


Tree=146
num_leaves=15
num_cat=0
split_feature=0 5 6 3 6 2 5 0 0 7 3 8 5 2
split_gain=12.311 7.54509 8.42622 11.0323 9.53143 8.19621 9.31583 9.80536 8.1648 11.1404 8.38194 10.0535 7.68814 7.32657
threshold=10.87708333333334 103.22677230834962 5.8500000000000014 2.2379707788842 8.2500000000000018 27.04000000000001 214.89668273925784 19.90708333333334 24.435833333333338 27.950000000000006 2.8951130146149993 22.050000000000004 400.53924560546881 20.550000000000008
decision_type=2 2 2 2 2 2 2 2 2 2 2 2 2 2
left_child=13 -2 5 -4 -5 -3 -7 -8 10 -10 -9 -12 -13 -1
right_child=1 2 3 4 -6 6 7 8 9 -11 11 12 -14 -15
leaf_value=0.0084413660277048701 0.0040166923595194772 0.0080636746919253242 -0.01257034916607401 0.0021641081091415821 0.041015095173606117 0.0022633388966219214 -0.021969469265304457 0.028486804948078554 -0.021984319951452693 -0.00095024304834267733 -0.03003228157967168 0.021731166992237514 -0.0031249809228562392 -0.019214879807540053
leaf_weight=10.091161599382756 412.56465564668179 41.58727709017694 45.99544832482934 546.42149625532329 4.7473362050950518 90.359912555664778 42.289675937965512 7.286699913442134 50.417392283678055 40.689608730375767 9.9576821550726873 12.043867565691469 78.215034745633602 43.292061735875905
leaf_count=451 3282 298 686 3608 32 474 266 30 264 196 49 58 391 2385
internal_value=7.33587e-05 0.000623642 -0.000822139 0.00138701 0.00257241 -0.00435462 -0.00593323 -0.00900435 -0.00614749 -0.0127025 -0.00052634 -0.00289647 0.000393529 -0.0139279
internal_weight=1435.96 1382.58 970.011 597.164 551.169 372.847 331.26 240.9 198.61 91.107 107.503 100.217 90.2589 53.3832
internal_count=12470 9634 6352 4326 3640 2026 1728 1254 988 460 528 498 449 2836
is_linear=0
shrinkage=0.03


Tree=147
num_leaves=15
num_cat=0
split_feature=1 7 6 7 5 5 4 0 8 4 7 5 0 0
split_gain=11.0325 8.52111 8.40809 8.85829 10.9283 12.2407 8.73551 10.3776 7.9101 15.6068 8.42758 8.27635 8.33952 7.64804
threshold=-11.299999999999997 4.5500000000000016 6.3500000000000014 72.350000000000009 26.566251754760746 1321.1693115234377 63.796234197605152 20.674166666666672 21.050000000000004 48.173184913889607 21.950000000000006 196.98767089843753 24.522916666666671 18.211250000000003
decision_type=2 2 2 2 2 2 2 2 2 2 2 2 2 2
left_child=-1 -2 3 4 -3 -6 8 -8 9 11 13 -4 -13 -11
right_child=1 2 6 -5 5 -7 7 -9 -10 10 -12 12 -14 -15
leaf_value=-0.02832628248454206 -0.013803007092237331 0.009444549699225353 0.06558628118803686 -0.0133681771339459 -0.0027390142018599013 0.011387052430024077 0.0029648282068349793 0.01549333953362287 -0.0019207480047033637 -0.033546281616525848 0.026539108699681714 0.027448410757521677 -0.015781324645010513 -0.00038019980085866265
leaf_weight=10.957218267023562 34.977050915360451 92.600632874295115 3.4320075772702721 47.632523504085839 621.13445618189871 59.59844636451453 148.62684437353164 98.918386947363615 250.62116029672325 7.5256988070905235 6.2967390082776538 18.373995698988441 4.3601025231182566 23.609505765140057
leaf_count=575 527 963 16 973 4557 379 1579 826 1644 66 42 158 43 109
internal_value=0.000370117 0.000611717 0.000986058 -0.000949078 -0.000167863 -0.00148738 0.00381074 0.00801338 0.000484935 0.009848 -0.00264658 0.0271616 0.0188419 -0.00919123
internal_weight=1428.66 1417.71 1382.73 820.966 773.334 680.733 561.764 247.545 314.219 63.598 37.4319 26.1661 22.7341 31.1352
internal_count=12457 11882 11355 6872 5899 4936 4483 2405 2078 434 217 217 201 175
is_linear=0
shrinkage=0.03


Tree=148
num_leaves=15
num_cat=0
split_feature=5 7 1 4 5 8 6 1 3 4 5 3 3 8
split_gain=10.4856 9.13756 7.73352 7.45833 6.82733 8.50343 6.96392 6.41364 6.25825 6.3936 5.79818 7.63012 7.91541 7.53055
threshold=2.0699175596237187 72.350000000000009 -11.299999999999997 26.181921265494363 1321.1693115234377 11.750000000000002 7.2500000000000009 9.7400000000000038 2.9168065051391481 63.996610695206165 331.20898437500006 1.003012124617636 3.0956191103231823 48.45000000000001
decision_type=2 2 2 2 2 2 2 2 2 2 2 2 2 2
left_child=8 2 -2 -4 10 -6 -7 -3 9 -1 11 -5 -13 -12
right_child=1 7 3 4 5 6 -8 -9 -10 -11 13 12 -14 -15
leaf_value=0.023343395086295019 -0.024616879130804972 -0.028193957987790931 -0.024958042887559741 0.038746500283672464 0.05384386260994261 0.010035731862564018 -0.010725024090743692 -0.0052585866219624338 0.022059003199357188 -0.01969839172424601 -0.0023852428539528577 -0.0014444803332078937 0.0049129812974120094 -0.034636498984063298
leaf_weight=3.9776029512286168 10.471798396669326 15.967939050868152 9.5869357641786319 3.8907552659511557 2.5236483719199887 76.569488614797592 17.02970926463604 32.802918136119843 28.732774714007974 7.3139424761757255 479.12611111439764 432.1686510629952 296.27414790540934 5.6134641207754603
leaf_count=19 553 770 229 31 16 530 182 233 305 103 3294 4029 2055 34
internal_value=-0.00011921 -0.000562491 -9.12801e-05 0.000121326 0.000323268 0.00797778 0.00618502 -0.0131834 0.0148277 -0.00387072 -0.000287328 0.00139677 0.00114443 -0.00282926
internal_weight=1422.05 1382.03 1333.25 1322.78 1313.2 96.1228 93.5992 48.7709 40.0243 11.2915 1217.07 732.334 728.443 484.74
internal_count=12383 11956 10953 10400 10171 728 712 1003 427 122 9443 6115 6084 3328
is_linear=0
shrinkage=0.03


Tree=149
num_leaves=15
num_cat=0
split_feature=0 4 3 3 4 3 5 3 0 6 0 5 0 8
split_gain=8.10842 8.8443 7.77481 11.5485 7.76242 6.25621 8.21603 8.17166 7.53828 7.28484 8.98144 7.0768 11.5209 9.00726
threshold=10.87708333333334 71.483629435779378 2.8853725272803099 3.0147766701138465 30.42286740250719 3.4203353837591273 41.271705627441413 3.2633827548342853 21.315000000000005 5.3500000000000014 17.824166666666674 820.70245361328136 23.94958333333334 34.95000000000001
decision_type=2 2 2 2 2 2 2 2 2 2 2 2 2 2
left_child=1 2 -1 -4 -2 6 8 -8 9 -6 -11 12 -7 -13
right_child=4 -3 3 -5 5 11 7 -9 -10 10 -12 13 -14 -15
leaf_value=-0.013157268439184173 -0.018974886682813566 -0.023290750293755262 0.042374436672499897 -0.013665394926131112 0.017151611581028965 0.026275462719023833 -0.0003817106121271774 0.008852630560326577 0.012352514779059095 0.0029001798148673265 -0.019941866569593892 -0.0037430461891760033 -0.0067647178001610997 -0.058880710851113439
leaf_weight=14.609357189387085 16.858358575031161 26.048336101695895 6.5518840532749874 5.2163584344089031 18.634738584980369 9.619309511035679 948.70065145473927 93.864095872268081 109.44329141452909 56.544089876115322 20.238590225577354 6.1196766495704633 89.891717460006475 3.9356249570846558
leaf_count=645 359 2023 103 116 115 66 6155 571 1085 434 130 36 588 27
internal_value=0.000230796 -0.011236 0.00108415 0.0184096 0.000676222 0.000934148 0.00153926 0.000457361 0.00701625 0.000830954 -0.00329956 -0.00590679 -0.00334122 -0.0286978
internal_weight=1426.28 52.4259 26.3776 11.7682 1373.85 1356.99 1247.43 1042.56 204.861 95.4174 76.7827 109.566 99.511 10.0553
internal_count=12453 2887 864 219 9566 9207 8490 6726 1764 679 564 717 654 63
is_linear=0
shrinkage=0.03


Tree=150
num_leaves=15
num_cat=0
split_feature=0 4 3 2 4 1 2 2 1 7 1 0 7 3
split_gain=9.09005 15.238 8.86501 8.58059 16.2694 11.7122 8.43808 8.22175 10.3773 8.32766 7.94322 8.80042 6.87638 6.56853
threshold=14.127500000000005 71.483629435779378 2.4527214424105277 30.340000000000003 67.270715950688938 7.9600000000000053 24.130000000000006 26.000000000000007 -2.9199999999999968 65.65000000000002 -11.299999999999997 11.567916666666671 21.950000000000006 3.4203353837591273
decision_type=2 2 2 2 2 2 2 2 2 2 2 2 2 2
left_child=1 2 -1 4 -2 6 -6 9 -9 10 -4 -12 -8 -7
right_child=3 -3 7 -5 5 13 12 8 -10 -11 11 -13 -14 -15
leaf_value=-0.02800996500182466 0.018439762345732386 -0.018287128408735791 -0.011549524152273069 -0.00028719920447748494 0.027684040438902147 0.010707287353191586 0.0076468369823948501 0.010116751662121868 -0.012734584374195876 -0.022644722526099493 0.056352596177859683 -0.0023237040713648864 -0.017764922415301629 -0.0091614700869926003
leaf_weight=7.7185885645449153 66.871544525027275 61.474382605403662 2.719009868800641 1055.4929333589971 4.1694703325629225 82.770437814295292 11.48842243850231 36.323471702635288 33.348102873191237 2.3881414234638205 8.0888956971466524 2.9770646989345559 45.039561226963997 17.427704259753227
leaf_count=275 330 2886 126 6718 18 587 60 588 407 58 119 26 251 120
internal_value=2.3431e-05 -0.00681397 0.00083797 0.000854157 0.00612144 0.000919412 -0.00938905 0.00372445 -0.000846401 0.0223177 0.0311119 0.0416827 -0.0125572 0.00719509
internal_weight=1438.3 155.038 93.5633 1283.26 227.767 160.896 60.6975 85.8447 69.6716 16.1731 13.785 11.066 56.528 100.198
internal_count=12569 4485 1599 8084 1366 1036 329 1324 995 329 271 145 311 707
is_linear=0
shrinkage=0.03


Tree=151
num_leaves=15
num_cat=0
split_feature=4 0 2 4 2 3 6 5 3 1 3 0 1 2
split_gain=9.80019 9.60873 10.962 6.2531 5.67777 8.92615 8.10997 6.13446 8.57584 7.60295 5.28317 5.27762 5.2371 9.09
threshold=27.497824398260772 10.87708333333334 21.070000000000011 71.483629435779378 41.430000000000014 2.3929781808550867 7.4500000000000011 1121.6092529296877 1.4586371922466117 8.2900000000000045 3.0147766701138465 18.337083333333339 -8.7599999999999962 20.550000000000008
decision_type=2 2 2 2 2 2 2 2 2 2 2 2 2 2
left_child=-1 3 10 12 5 7 -6 8 9 -4 -3 -9 -2 -14
right_child=1 2 4 -5 6 -7 -8 11 -10 -11 -12 -13 13 -15
leaf_value=-0.026114386745337167 -0.01758560964511293 0.057921251293381028 -0.025955165829456225 -0.022913556958268164 -0.011720555635117386 0.00076067968494529764 0.022535677291247103 -0.0094384580843143388 -0.019848882521126984 0.024993257915439156 0.01073898145101395 0.032357003132973648 0.044303922943903784 -0.0046214377989999807
leaf_weight=11.812244134023784 10.481713760644199 3.2489983830600959 2.9059231877326948 24.773343995213509 7.8643985167145756 1266.5781336622313 21.585540562868118 4.9151168148964626 45.329185495153069 7.428208876401186 5.4730181992053986 4.2629543729126453 3.6748509798198929 12.1334015969187
leaf_count=300 459 14 44 2002 71 8460 183 67 407 40 51 40 58 305
internal_value=5.88828e-06 0.000241285 0.000721643 -0.012409 0.000494509 0.000201417 0.0133033 -0.0105686 -0.0143005 0.00964075 0.0324646 0.0112461 -0.00203349 0.00871114
internal_weight=1432.47 1420.65 1369.59 51.0633 1360.87 1331.42 29.4499 64.8414 55.6633 10.3341 8.72202 9.17807 26.29 15.8083
internal_count=12501 12201 9377 2824 9312 9058 254 598 491 84 65 107 822 363
is_linear=0
shrinkage=0.03


Tree=152
num_leaves=15
num_cat=0
split_feature=1 6 1 5 5 0 6 3 6 3 4 3 0 4
split_gain=7.81813 6.96729 6.84834 6.14634 8.76208 10.697 8.72119 11.4567 9.22091 12.2673 9.67567 8.51456 7.64056 7.95271
threshold=-11.299999999999997 4.4500000000000011 22.570000000000011 1321.1693115234377 227.07013702392581 12.863333333333339 6.1500000000000012 2.1701149605683909 8.0500000000000025 2.4139866875576721 61.049956282254527 3.0544061981349349 26.59 59.095324993640006
decision_type=2 2 2 2 2 2 2 2 2 2 2 2 2 2
left_child=-1 2 -2 4 5 -3 -6 -8 10 -10 12 -12 -9 -14
right_child=1 3 -4 -5 6 -7 7 8 9 -11 11 -13 13 -15
leaf_value=-0.024704557640086177 -0.028647019974496923 -0.011921569366975499 0.021811365817676134 0.0070499740263526428 -0.006439503336917134 0.0030568502924412434 -0.019311359251834123 -0.00015892932319187862 0.064084691977982389 -0.0056801800716611414 0.0030628161676030108 0.021218242448284651 -0.021452480965949098 0.016519756627207224
leaf_weight=10.705401399172841 12.285651268437503 45.179049835540354 2.1863273680210105 105.88174225389957 318.40813982766122 609.03171717002988 23.186822921037674 123.20929168723524 3.9007216542959204 3.9447657447308302 103.10359277855605 29.192057599313557 30.736805487424135 5.1204906478524199
leaf_count=605 123 2115 11 814 2121 4118 433 743 34 25 928 214 211 28
internal_value=-0.000287609 -8.56148e-05 -0.0201071 0.000135412 -0.000434933 0.00200584 -0.00292602 0.000553199 0.00215178 0.0323299 0.00123138 0.00719808 -0.0037451 -0.0157289
internal_weight=1426.07 1415.37 14.472 1400.9 1295.01 654.211 640.803 322.395 299.208 7.84549 291.362 132.296 159.067 35.8573
internal_count=12523 11918 134 11784 10970 6233 4737 2616 2183 59 2124 1142 982 239
is_linear=0
shrinkage=0.03


Tree=153
num_leaves=15
num_cat=0
split_feature=0 6 0 2 8 3 5 0 3 2 0 8 2 6
split_gain=9.28575 7.38752 5.65821 11.8087 11.3254 7.86676 7.04619 10.9534 7.24088 11.661 9.12328 6.69806 8.34951 7.62404
threshold=7.7712500000000047 4.2500000000000009 19.478750000000005 33.350000000000016 26.750000000000004 3.1839243511612216 312.29508972167974 25.735416666666673 2.8699002492143206 42.110000000000014 24.18458333333334 30.150000000000006 20.270000000000007 6.6500000000000012
decision_type=2 2 2 2 2 2 2 2 2 2 2 2 2 2
left_child=-1 -2 3 11 -5 -6 7 8 9 10 -4 -3 -13 -14
right_child=1 2 6 4 5 -7 -8 -9 -10 -11 -12 12 13 -15
leaf_value=-0.020791830209611374 -0.025771875587939117 -0.0024987149194050061 -0.010415028676945078 -0.0013891973551864404 -0.027857243525242104 0.017901836072000452 -0.0010589267812315185 0.001011448182041711 0.015003303268587865 0.045330626483552863 0.01470060415249437 0.045331447426724437 -0.0026804948942218548 0.012843794235760356
leaf_weight=18.120457794517279 8.7457287916913611 295.85340541694313 37.298188060522079 40.304284444078803 36.094429131597281 3.0462930351495734 407.60957117751241 321.41017817333341 109.05519244447351 4.1279565207660189 18.731935553252697 3.6646908037364474 62.917802294716239 50.58605838753283
leaf_count=1113 74 3669 234 279 280 11 2479 2287 898 23 108 17 519 444
internal_value=-2.66605e-05 0.000256868 0.000438956 -0.00214271 -0.0126582 -0.0239386 0.0018552 0.00427348 0.0104272 0.00202178 -0.00190786 -9.4356e-05 0.00594648 0.00429007
internal_weight=1417.57 1399.45 1390.7 492.467 79.445 39.1407 898.233 490.623 169.213 60.1581 56.0301 413.022 117.169 113.504
internal_count=12435 11322 11248 5219 570 291 6029 3550 1263 365 342 4649 980 963
is_linear=0
shrinkage=0.03


Tree=154
num_leaves=15
num_cat=0
split_feature=7 2 1 3 5 3 1 2 7 5 1 3 6 6
split_gain=9.10355 8.89172 16.042 6.75652 8.41425 6.61127 5.63339 10.0475 9.82643 5.47972 8.90228 8.18444 10.2114 6.79337
threshold=4.8500000000000014 41.190000000000019 9.4900000000000055 2.1701149605683909 45.020414352416999 1.7971979990978981 -11.299999999999997 18.660000000000011 70.250000000000014 1321.1693115234377 -7.0499999999999945 2.4910533609488996 6.8500000000000014 7.5500000000000016
decision_type=2 2 2 2 2 2 2 2 2 2 2 2 2 2
left_child=-1 6 3 4 -3 -4 -2 8 -8 -9 11 -11 -13 -12
right_child=1 2 5 -5 -6 -7 7 9 -10 10 13 12 -14 -15
leaf_value=-0.014376831733371238 -0.020966051073610121 0.045380602376981355 0.02681467135158367 0.053228452284515781 -0.019650818941751261 -0.023378079819716714 0.063659064461954434 -0.00057121726927797964 -0.012713964915686988 -0.014747303080275805 0.0075748991007708599 0.0024210307612567059 0.1193989985010163 -0.018960858550989199
leaf_weight=38.174149870872498 10.477477557957171 2.1390065103769329 2.3162398189306241 8.4967682659625989 3.2630089186131954 7.7011476531624794 3.3043126314878455 1243.4610575959086 1.8983257552608845 0.87304472737014238 84.670246099121869 1.1205458575859664 0.85080979205667961 8.7044322248548252
leaf_count=569 614 7 17 40 38 69 44 10276 86 27 545 26 23 87
internal_value=-0.000115912 0.000288916 0.0180479 0.0378673 0.00916561 -0.010392 -3.75271e-05 0.000140976 0.0382352 -3.53717e-05 0.00682413 0.0516326 0.0760995 0.00492652
internal_weight=1417.45 1379.28 23.9162 13.8988 5.40202 10.0174 1355.36 1344.88 5.20264 1339.68 96.2191 2.8444 1.97136 93.3747
internal_count=12468 11899 171 85 45 86 11728 11114 130 10984 708 76 49 632
is_linear=0
shrinkage=0.03


Tree=155
num_leaves=15
num_cat=0
split_feature=5 3 4 8 8 4 4 5 2 2 6 7 8 2
split_gain=6.30201 6.5377 6.42972 6.35137 6.27328 14.9824 8.97849 7.98358 7.08954 8.3011 6.66167 5.98684 5.87265 5.81173
threshold=9.149848937988283 2.9118870329224529 61.304751534324758 50.150000000000013 30.450000000000006 57.192143679783477 75.511421370723511 1520.543395996094 35.750000000000007 25.390000000000008 6.5500000000000016 11.550000000000002 26.750000000000004 34.910000000000011
decision_type=2 2 2 2 2 2 2 2 2 2 2 2 2 2
left_child=1 2 -1 4 6 10 -2 8 9 -8 -6 -7 -3 -11
right_child=3 12 -4 -5 5 11 7 -9 -10 13 -12 -13 -14 -15
leaf_value=0.015867058805188017 -0.00088281018476170164 0.022771490015624528 -0.015014625094184872 -0.029906812132014571 0.013644774722516285 0.019543139841078461 -0.025899717172941226 0.0232991138890579 -0.05391224922526941 -0.0078997885414816473 -0.017053691862367576 0.0032108853862906125 0.0054153548629755728 0.021430243496678814
leaf_weight=7.7544506452977684 719.76301477011293 25.180999271571636 19.14646752923727 5.6707354141399255 6.618504010140895 20.321240276098251 22.764147317968309 5.2792736366391173 2.5258790850639334 77.911065423861146 45.008029274642467 406.30535448063165 56.025910675525665 5.631612353026866
leaf_count=39 5802 311 250 39 31 123 1294 31 21 729 373 2840 543 35
internal_value=-0.000133912 0.00679522 -0.00586304 -0.000707076 -0.000558202 0.00217806 -0.00212826 -0.00990805 -0.0117163 -0.0102207 -0.0129337 0.00403271 0.0110088 -0.00569255
internal_weight=1425.91 108.108 26.9009 1317.8 1312.13 478.253 833.875 114.112 108.833 106.307 51.6265 426.627 81.2069 83.5427
internal_count=12461 1143 289 11318 11279 3367 7912 2110 2079 2058 404 2963 854 764
is_linear=0
shrinkage=0.03


Tree=156
num_leaves=15
num_cat=0
split_feature=0 4 2 4 0 2 4 6 3 8 3 5 5 0
split_gain=6.94194 8.54376 7.65324 7.0678 6.48978 11.418 9.13496 18.6038 9.82275 8.61937 7.11392 6.99246 6.82951 13.8807
threshold=10.446250000000004 71.483629435779378 20.270000000000007 78.497291476493956 25.735416666666673 40.790000000000013 59.095324993640006 6.1500000000000012 2.4304298270134148 26.850000000000005 2.2379707788842 581.31961059570324 561.35559082031261 20.449166666666674
decision_type=2 2 2 2 2 2 2 2 2 2 2 2 2 2
left_child=1 -1 3 -2 5 10 9 -8 -9 -6 -4 -7 13 -12
right_child=2 -3 4 -5 6 11 7 8 -10 -11 12 -13 -14 -15
leaf_value=0.0011442714981126569 0.065751952787107409 -0.025228569769669484 -0.012090534655739683 0.0057836802178812619 -0.0043444957847426262 0.039101804775465848 -0.0052068851826293054 -0.035840007453348394 0.012020313051562717 -0.023433494614405494 0.00011898959439330971 -0.012730323756751127 -0.0016574184946267511 0.0099696207765052058
leaf_weight=22.450538059696555 2.0461068898439398 20.624273830093443 34.189776193350554 4.7423385847359896 60.452456250786781 10.146632712334393 233.84185514971614 3.0671291127800933 96.62990016490221 32.374474827200174 352.31981937028468 2.4437806569039813 343.86591292917728 201.9023938588798
leaf_count=759 8 1817 359 57 511 79 1503 17 796 248 2784 40 2138 1379
internal_value=-4.88233e-05 -0.011769 0.000325799 0.0299802 0.000157251 0.00154341 -0.00291104 -0.000582947 0.0102066 -0.0111808 0.00114419 0.0288448 0.00166092 0.00371905
internal_weight=1421.1 43.0748 1378.02 6.78845 1371.23 944.868 426.366 333.539 99.697 92.8269 932.278 12.5904 898.088 554.222
internal_count=12495 2576 9919 65 9854 6779 3075 2316 813 759 6660 119 6301 4163
is_linear=0
shrinkage=0.03


Tree=157
num_leaves=15
num_cat=0
split_feature=7 2 1 2 7 0 7 2 1 6 7 2 0 4
split_gain=9.27126 7.86516 7.63632 7.5406 8.07461 7.31283 5.41119 11.6917 6.5452 8.36623 7.34803 7.06614 6.94268 12.9588
threshold=4.8500000000000014 41.650000000000013 -11.299999999999997 18.660000000000011 70.250000000000014 26.641250000000007 72.350000000000009 30.070000000000004 -7.0499999999999945 6.3500000000000014 33.95000000000001 33.990000000000016 12.124166666666671 67.270715950688938
decision_type=2 2 2 2 2 2 2 2 2 2 2 2 2 2
left_child=-1 2 -2 4 -4 -3 8 -8 9 -5 11 -11 13 -10
right_child=1 5 3 6 -6 -7 7 -9 12 10 -12 -13 -14 -15
leaf_value=-0.013331600696569771 -0.024099879294992983 0.036957678081326654 0.051452074034781095 -0.00069005956365121536 -0.013594674599213683 -0.0007328005540544085 -0.026801791965806149 0.0026987024840230828 0.014418232446538698 0.069503673259013354 -0.016599384419133192 -0.0030064483304454528 0.0017096931700456639 -0.019716209201656225
leaf_weight=38.65372996404767 9.727399545721708 9.6869834773242491 4.3098751716315737 8.3426870685070735 2.0222337516024709 8.1112136691808683 18.373030688613653 31.73969996906817 13.261187532916663 4.5234285825863472 1.145839352160692 1.4457065556198356 1247.3549884092063 33.530499584972858
leaf_count=585 589 60 54 234 94 71 706 241 228 104 52 25 7788 1671
internal_value=0.000973988 0.00138006 0.00111587 0.00131293 0.0316577 0.0206557 0.00114845 -0.00842994 0.00152113 0.0203236 0.042012 0.0540305 0.00128102 -0.00994293
internal_weight=1432.23 1393.57 1375.78 1366.05 6.33211 17.7982 1359.72 50.1127 1309.6 15.4577 7.11497 5.96914 1294.15 46.7917
internal_count=12502 11917 11786 11197 148 131 11049 947 10102 415 181 129 9687 1899
is_linear=0
shrinkage=0.03


Tree=158
num_leaves=15
num_cat=0
split_feature=7 1 7 7 6 1 3 6 2 2 0 4 2 0
split_gain=7.48659 6.85796 6.68067 6.22663 5.83866 4.78453 15.7206 16.9999 5.2998 7.3019 4.57768 7.17075 6.92752 5.1894
threshold=76.750000000000014 23.050000000000008 49.150000000000013 60.45000000000001 5.9500000000000011 20.090000000000007 2.961639372626435 5.7500000000000009 35.410000000000011 34.570000000000014 6.8895833333333369 67.793380662506095 26.27 9.8437500000000053
decision_type=2 2 2 2 2 2 2 2 2 2 2 2 2 2
left_child=1 2 5 -3 -2 -1 -7 8 9 -8 -4 12 -12 -13
right_child=4 3 10 -5 -6 6 7 -9 -10 -11 11 13 -14 -15
leaf_value=7.7865974476597967e-05 -0.015789978919361174 0.018715055301433251 -0.018646838590300432 -0.018364862682267929 0.014352857609423154 -0.039057523558016866 -0.011941359931608197 0.0156733108494671 -0.033860058129413999 0.013622226433551 0.062697800475471077 -0.024343350497893167 0.0098065212662710351 0.0082670029149022901
leaf_weight=1150.0321654230356 40.583442350849509 28.453533034771681 4.5826677652075878 3.9129992499947539 5.918777626939117 10.845462709665297 56.229204099625349 31.263297997415066 6.8296945169568053 11.325729250907896 3.2814941927790624 3.7172353519126764 5.6040890477597713 71.591739970259368
leaf_count=9301 818 220 195 30 137 73 364 270 44 63 30 255 42 708
internal_value=-2.08145e-05 0.000379806 4.89766e-05 0.0138162 -0.011732 -0.000511201 -0.00627768 -0.00257794 -0.010355 -0.00751938 0.00795733 0.00960726 0.033706 0.00635945
internal_weight=1434.17 1387.67 1355.3 32.3665 46.5022 1266.53 116.493 105.648 74.3846 67.5549 88.7772 84.1946 8.88558 75.309
internal_count=12550 11595 11345 250 955 10115 814 741 471 427 1230 1035 72 963
is_linear=0
shrinkage=0.03


Tree=159
num_leaves=15
num_cat=0
split_feature=3 2 8 8 2 5 4 0 4 8 3 8 7 0
split_gain=7.75265 7.94409 7.90901 7.74002 7.69874 10.5877 6.99532 6.47608 19.8541 10.0468 7.66049 6.63264 9.36751 6.20387
threshold=2.4527214424105277 18.660000000000011 22.850000000000005 17.550000000000004 36.730000000000011 159.15299224853518 55.350428098215367 12.544166666666671 71.483629435779378 21.250000000000004 2.8951130146149993 14.350000000000003 5.1500000000000012 11.264166666666673
decision_type=2 2 2 2 2 2 2 2 2 2 2 2 2 2
left_child=2 3 4 -2 -1 -6 -5 8 9 10 -3 -9 -13 -11
right_child=1 7 -4 6 5 -7 -8 11 -10 13 -12 12 -14 -15
leaf_value=-0.012369763375495219 -0.019720141076816137 -0.0064852253995902887 -0.015441192771962141 -0.016339313644733899 0.030857980298015435 -0.0048209578982415157 0.055235149946168946 0.011817708728377032 -0.023618638730594884 0.009571861081133724 0.044357265879854543 -0.034161924381450617 0.00044679220385481085 -0.017169273445429921
leaf_weight=22.062410100363195 1.7229439392685879 3.5137987118214351 57.966351704671979 1.0496591869741676 12.167777411639692 16.819697085767984 5.203421619720757 45.279008571058512 37.539327326230705 15.657740433700384 7.701242595911026 6.0811883285641661 1174.9292090833187 13.74285142496228
leaf_count=258 103 111 710 39 62 276 74 303 2567 472 95 46 7194 224
internal_value=-0.000307035 0.000333957 -0.00795668 0.0284603 0.000675246 0.0106852 0.0426242 0.000140309 -0.0081768 0.00632003 0.0292009 0.000676614 0.000239836 -0.00308147
internal_weight=1421.44 1312.42 109.016 7.97602 51.0499 28.9875 6.25308 1304.44 78.155 40.6156 11.215 1226.29 1181.01 29.4006
internal_count=12534 11228 1306 216 596 338 113 11012 3469 902 206 7543 7240 696
is_linear=0
shrinkage=0.03


Tree=160
num_leaves=15
num_cat=0
split_feature=1 6 4 6 2 8 2 0 5 8 5 1 6 0
split_gain=11.9135 10.1531 14.6966 7.43731 10.1141 9.00048 8.45146 10.9134 11.548 6.75094 6.7277 20.056 6.70215 6.23223
threshold=3.0200000000000036 5.5500000000000016 67.526105934287202 6.4500000000000011 28.470000000000002 46.150000000000013 33.670000000000016 18.979166666666671 479.58592224121099 36.750000000000007 208.64826202392581 20.950000000000006 5.3500000000000014 27.57125000000001
decision_type=2 2 2 2 2 2 2 2 2 2 2 2 2 2
left_child=1 2 -1 6 -5 9 7 8 12 -6 11 -9 -2 -8
right_child=3 -3 -4 4 5 -7 13 10 -10 -11 -12 -13 -14 -15
leaf_value=0.023432445078847983 0.0055150526435122057 -0.0075331884664497561 -0.0060581591346030427 0.023538941329169706 0.0030520648703347719 -0.028546374727595993 -0.0073049632518804742 0.021513365988653461 0.0032988058820961163 0.01554851693588113 0.0015017473211167375 -0.0011129413921721239 -0.024690867465708276 0.0030478720789551849
leaf_weight=24.747292624786496 7.8772579217329612 243.86217822413892 36.406212905421853 24.259561019018292 326.69201858714223 6.558556154370307 180.92408367991447 67.795811671763659 44.97648973017931 43.320027176290751 217.54012627527118 72.133585173636675 31.774186433292925 72.809309102594852
leaf_count=108 64 4190 914 131 2271 59 1004 660 238 305 1152 529 272 473
internal_value=0.000438035 -0.00479676 0.00606095 0.00189704 0.00514661 0.00390252 2.04407e-05 0.00252367 -0.00710746 0.00455308 0.00481722 0.00992437 -0.018702 -0.00433389
internal_weight=1401.68 305.016 61.1535 1096.66 400.83 376.571 695.831 442.097 84.6279 370.012 357.47 139.929 39.6514 253.733
internal_count=12370 5212 1022 7158 2766 2635 4392 2915 574 2576 2341 1189 336 1477
is_linear=0
shrinkage=0.03


Tree=161
num_leaves=15
num_cat=0
split_feature=3 2 7 1 6 3 4 8 1 4 8 8 3 8
split_gain=7.94163 6.98521 8.44324 8.78548 7.41974 12.152 14.1336 11.0529 7.59417 7.1963 6.96329 7.63012 7.42063 6.92594
threshold=2.4527214424105277 20.270000000000007 72.350000000000009 -7.5599999999999978 6.4500000000000011 3.0065986634725728 61.049956282254527 41.850000000000016 -7.0499999999999945 78.404889130414645 7.2500000000000009 32.350000000000009 3.4203353837591273 21.050000000000004
decision_type=2 2 2 2 2 2 2 2 2 2 2 2 2 2
left_child=13 2 3 -2 10 7 -7 8 -6 -5 -3 -12 -13 -1
right_child=1 4 -4 9 5 6 -8 -9 -10 -11 11 12 -14 -15
leaf_value=0.0023011091827534426 -0.011470321937135543 0.025986261417001489 -0.016046665680006757 0.06747745650838094 0.030057180271087138 -0.0078294414278050652 0.019689103821946007 -0.027481824561568415 0.0011463304603897407 0.0093620380543350725 -0.0035748396200104295 0.0055209694570053118 -0.0056006841112720453 -0.013501881380377223
leaf_weight=38.21325830090791 2.635173342190682 7.3038393771275869 3.6086183972656718 4.8113828329369408 7.3909352347254744 21.474421389400959 69.190526554360986 10.956217444501815 326.51324206031859 3.4110799077898264 576.4912948301062 198.42496520653367 73.136017557233572 69.590954517945647
leaf_count=460 107 158 193 42 274 122 597 81 2479 71 5277 1346 467 864
internal_value=-0.000143439 0.00050525 0.020547 0.0330367 0.000264922 0.0034479 0.0131569 0.000864706 0.00187411 0.0469976 -0.0013579 -0.00162373 0.00251616 -0.00793054
internal_weight=1413.15 1305.35 14.4663 10.8576 1290.88 435.525 90.6649 344.86 333.904 8.22246 855.356 848.052 271.561 107.804
internal_count=12538 11214 413 220 10801 3553 719 2834 2753 113 7248 7090 1813 1324
is_linear=0
shrinkage=0.03


Tree=162
num_leaves=15
num_cat=0
split_feature=0 6 3 2 7 4 2 2 4 2 1 0 0 4
split_gain=7.57696 6.0561 5.47716 6.89725 6.31477 6.7979 6.14393 10.6355 10.2884 5.96321 5.39444 5.27787 5.19724 4.6231
threshold=10.446250000000004 4.2500000000000009 2.4527214424105277 40.790000000000013 4.5500000000000016 42.849604191296926 38.410000000000011 36.650000000000013 52.046784660216893 30.140000000000004 11.050000000000002 10.507916666666672 18.57833333333334 68.762611075382125
decision_type=2 2 2 2 2 2 2 2 2 2 2 2 2 2
left_child=-1 -2 3 6 5 -5 7 9 12 10 -3 -4 -9 -11
right_child=1 2 11 4 -6 -7 -8 8 -10 13 -12 -13 -14 -15
leaf_value=-0.012882317881148547 -0.024482666431668475 -0.01574068103074586 0.043480797780235517 -0.019563180694346424 0.016949538920980094 0.025355129053941699 -0.026833653260724854 -0.01127043688462465 -0.024106108996158664 -0.024891724667780217 0.023148589513380249 0.00065052772124780977 0.032961848719375263 0.010072519617841879
leaf_weight=41.230088637210429 8.0202390402555448 5.3584028445184213 1.5950346440076817 11.437028842046855 17.640176959335804 3.0764942914247504 16.427823975682259 2.4403695352375534 4.3542001731693736 28.139504265040163 5.5296155512332916 1259.1392279388383 11.255536675453184 3.309125378727912
leaf_count=2538 68 39 45 274 157 13 210 42 26 277 26 8684 93 19
internal_value=-0.000365273 1.83876e-05 0.000179609 -0.00624179 0.00530845 -0.00902102 -0.0110827 -0.0064304 0.0123948 -0.0145573 0.00429557 0.000739133 0.0248498 -0.0210156
internal_weight=1418.95 1377.72 1369.7 108.968 32.1537 14.5135 76.8146 60.3868 18.0501 42.3366 10.888 1260.73 13.6959 31.4486
internal_count=12511 9973 9905 1176 444 287 732 522 161 361 65 8729 135 296
is_linear=0
shrinkage=0.03


Tree=163
num_leaves=15
num_cat=0
split_feature=1 2 7 0 1 4 4 2 1 4 5 4 0 4
split_gain=8.94783 10.2175 13.5579 9.04668 7.2866 7.10308 5.99184 6.24832 11.4003 15.7899 7.91606 6.61527 10.4333 8.46864
threshold=-11.299999999999997 20.270000000000007 73.350000000000009 12.124166666666671 -3.4899999999999958 67.387608604645877 26.181921265494363 41.190000000000019 10.370000000000005 34.943192004917158 71.59177398681642 37.528638607623151 21.57125000000001 40.138724113290927
decision_type=2 2 2 2 2 2 2 2 2 2 2 2 2 2
left_child=-1 2 -2 5 -5 -3 -6 11 9 -9 -10 12 -8 -13
right_child=1 3 -4 4 6 -7 7 8 10 -11 -12 13 -14 -15
leaf_value=-0.027722806423913161 0.042996212934936544 0.0056583309912665901 -0.022625654061197372 0.015543684203894468 -0.023684663154634154 -0.017731942773220086 0.010622978858064134 0.064667505487992383 0.026190337809377465 0.0087732547251566477 -0.018651613417222379 0.025307096794338936 -0.029022911578812031 0.0003839779810297805
leaf_weight=9.1129335565492493 9.6082072583958489 15.627988481894134 3.1511181136593214 28.676652189344168 8.1483804099261743 41.023403795436025 8.7084527835249919 5.859760262072089 3.9620660468935958 14.673713613301514 11.625297285616396 11.393950816243885 15.482958540320395 1234.3001850191504
leaf_count=586 147 331 184 213 218 2366 95 64 19 80 156 94 174 7761
internal_value=0.000396309 0.000597244 0.0263233 0.000344067 0.000843059 -0.0112932 0.000510697 0.000679661 0.0128119 0.0269865 -0.00636171 0.00032476 -0.014896 0.000632058
internal_weight=1421.36 1412.24 12.7593 1399.48 1342.83 56.6514 1314.15 1306.01 36.1208 20.5335 15.5874 1269.89 24.1914 1245.69
internal_count=12488 11902 331 11571 8874 2697 8661 8443 319 144 175 8124 269 7855
is_linear=0
shrinkage=0.03


Tree=164
num_leaves=15
num_cat=0
split_feature=7 1 3 2 5 4 4 1 1 1 7 2 8 5
split_gain=7.74897 8.8918 8.1161 7.15912 9.34303 9.86873 6.13021 6.09203 5.38465 5.03097 6.87184 8.22789 5.77586 6.06325
threshold=68.050000000000026 9.4900000000000055 3.3967484037703666 20.850000000000012 3623.920043945313 78.404889130414645 80.390547493627196 -5.4899999999999984 23.250000000000007 20.79000000000001 20.350000000000005 31.090000000000003 29.150000000000006 10.681558132171633
decision_type=2 2 2 2 2 2 2 2 2 2 2 2 2 2
left_child=3 -2 -3 4 5 7 -4 -1 9 -5 -11 -12 13 -13
right_child=1 2 6 8 -6 -7 -8 -9 -10 10 11 12 -14 -15
leaf_value=0.0075175949548828107 -0.026624369576199562 0.015480610439282512 -0.031962880434995566 0.0007430437801161508 -0.017669944708920957 -0.0039949657806258171 -0.0017157096235616456 0.075499030052680674 0.015343912388409046 -0.018984519662093965 -0.035388262887359231 0.024077238808950133 0.0053059691259525563 -0.019440749894343957
leaf_weight=1.881708796136081 19.136147191748023 14.17115309089422 8.126317501068117 1212.9869185322896 3.2128370590507975 3.3567021712660789 18.140826717019081 3.9090537931770069 20.408038262277842 26.275531604886055 5.0737549290060988 2.5431766957044628 62.005415592342615 17.202723376452923
leaf_count=47 904 152 52 10037 132 98 110 25 166 184 43 23 453 112
internal_value=0.00016779 -0.010331 -0.0021643 0.000635334 0.022488 0.036944 -0.0119024 0.0577685 0.000418195 0.000177104 -0.00584583 -0.00169883 0.00079443 -0.0129454
internal_weight=1418.43 59.5744 40.4383 1358.86 12.3603 9.14746 26.2671 5.79076 1346.5 1326.09 113.101 86.8251 81.7513 19.7459
internal_count=12538 1218 314 11320 302 170 162 72 11018 10852 815 631 588 135
is_linear=0
shrinkage=0.03


Tree=165
num_leaves=15
num_cat=0
split_feature=0 3 4 1 8 3 0 7 8 7 1 1 7 1
split_gain=7.16794 7.37673 10.2947 8.38619 6.96679 7.44257 9.76952 9.20896 7.70205 5.05776 5.88485 4.91696 4.4182 5.7432
threshold=12.863333333333339 2.8853725272803099 71.483629435779378 4.1000000000000059 21.250000000000004 3.0065986634725728 10.965833333333338 20.950000000000006 25.550000000000004 38.650000000000013 -7.0499999999999945 -1.3399999999999961 3.7500000000000004 14.580000000000004
decision_type=2 2 2 2 2 2 2 2 2 2 2 2 2 2
left_child=1 3 4 -1 9 6 8 -8 -6 -3 -11 -7 13 -2
right_child=12 2 -4 -5 5 11 7 -9 -10 10 -12 -13 -14 -15
leaf_value=-0.019615576417824753 -0.023091699418663798 -0.0044976342555021155 -0.014573256872435856 0.039433426776518808 0.0019276294245506578 -0.029518641040791112 0.039613475005281285 -0.027888555888655214 0.074833847793098748 -0.0051986194019968688 0.054373525200372454 0.01642235941154499 0.00096000367893373092 0.023751664474107065
leaf_weight=41.125693388283253 12.181187104433773 2.6097603682428616 24.056464963592589 1.3704912960529316 2.2343029771000165 6.9975669495761412 1.6763970106840131 4.7822375353425741 2.3265787288546562 1.7068415079265831 5.7340668309479952 2.1133558861911261 1309.4359322879463 2.0181223861873141
leaf_count=2253 236 34 1369 5 34 119 15 69 25 35 55 26 8274 25
internal_value=0.000195708 -0.00764485 -0.000259187 -0.0168484 0.0112516 0.000709389 0.0166345 -0.00740576 0.0458875 0.0303916 0.0417115 -0.018292 0.000774049 -0.0153093
internal_weight=1420.37 96.7338 54.2376 42.4962 30.1811 20.1304 11.0195 6.45863 4.56088 10.0507 7.44091 9.11092 1323.64 14.1993
internal_count=12574 4039 1781 2258 412 288 143 84 59 124 90 145 8535 261
is_linear=0
shrinkage=0.03


Tree=166
num_leaves=15
num_cat=0
split_feature=0 7 6 0 1 2 7 2 6 0 2 0 4 2
split_gain=6.62012 9.71259 10.5021 8.88712 11.0601 8.58834 8.31468 10.4689 9.47239 8.20752 8.89732 9.48039 7.86194 17.8309
threshold=19.209166666666672 29.550000000000004 5.3500000000000014 25.602500000000003 22.690000000000008 33.030000000000008 68.050000000000026 21.070000000000011 6.6500000000000012 27.127083333333342 30 22.570000000000007 66.973705096076657 29.430000000000003
decision_type=2 2 2 2 2 2 2 2 2 2 2 2 2 2
left_child=6 3 9 -2 5 -5 7 8 -1 10 11 -3 13 -9
right_child=1 2 -4 4 -6 -7 -8 12 -10 -11 -12 -13 -14 -15
leaf_value=0.034164045028707471 0.00292390527367323 0.0048749700447506253 0.013510707142793215 -0.025033965443358907 0.020618201745026685 -0.0038680663950524104 -0.020864173743485818 0.017534652588509551 -0.02272268385709859 -0.010837606400636791 0.012503320123132614 -0.037412704538169035 -0.0064144732206534352 -0.0031265791672308858
leaf_weight=11.419154968112705 386.52905549481511 12.350353661924602 112.28783940523863 17.480787381529808 14.735780540853737 273.28898957557976 20.623332281131297 47.477581347338855 2.5907564647495738 37.038470435887575 53.729458369314671 6.5812171176075926 235.31025556381792 166.53032818622887
leaf_count=208 2305 87 1055 127 106 1909 924 405 132 223 297 48 3280 1272
internal_value=0.000157263 0.00165901 0.007104 -9.53396e-05 -0.0039124 -0.00522198 -0.0026766 -0.00182386 0.0228314 0.000483315 0.00632286 -0.0109651 -0.00264161 0.00151734
internal_weight=1397.97 914.022 221.987 692.035 305.506 290.77 483.951 463.328 14.0099 109.699 72.661 18.9316 449.318 214.008
internal_count=12378 6157 1710 4447 2142 2036 6221 5297 340 655 432 135 4957 1677
is_linear=0
shrinkage=0.03


Tree=167
num_leaves=15
num_cat=0
split_feature=8 3 3 3 5 2 2 6 8 2 5 5 1 1
split_gain=5.87342 12.6019 13.0939 11.2496 6.96582 8.3437 6.92736 6.57088 6.2056 13.2272 10.4931 8.86635 8.69166 7.28122
threshold=33.550000000000004 2.7564154710712416 3.4203353837591273 3.4676746540403949 820.70245361328136 32.810000000000009 31.140000000000004 5.0500000000000016 26.050000000000004 25.390000000000008 1681.101013183594 10.681558132171633 -4.5799999999999939 3.7500000000000018
decision_type=2 2 2 2 2 2 2 2 2 2 2 2 2 2
left_child=8 -2 -3 6 5 -5 -4 -8 9 10 -1 -11 -12 -10
right_child=1 2 3 4 -6 -7 7 -9 13 11 12 -13 -14 -15
leaf_value=-0.023476300954392862 -0.015541258845740378 0.0077769885593503467 -0.053195777250998173 0.013343237850927388 -0.033587278237591549 -0.015251234171359448 -0.031823941030476678 0.0063989103680408121 -0.010750773355394058 0.017181868383555596 -0.018823933487820146 0.00085745196894572548 0.031236343341864588 -0.0020812276137382535
leaf_weight=32.694225867744535 29.516794859431684 249.58711942285299 4.9934240058064487 29.634036961942911 3.7097998932003966 12.173964645713566 7.2807864993810636 7.3738158494234085 112.60354583663866 30.900800890289247 4.6733171446248889 490.65281703043729 6.1166523946449143 378.09287242032588
leaf_count=1691 301 1740 38 173 23 83 40 56 1539 275 185 3829 42 2444
internal_value=-0.000514423 0.00288303 0.00465457 -0.0072412 0.0010673 0.00485512 -0.0256087 -0.013411 -0.001624 0.000519704 -0.0151854 0.00185566 0.00979681 -0.00408851
internal_weight=1400 344.27 314.753 65.1658 45.5178 41.808 19.648 14.6546 1055.73 565.038 43.4842 521.554 10.79 490.696
internal_count=12459 2454 2153 413 279 256 134 96 10005 6022 1918 4104 227 3983
is_linear=0
shrinkage=0.03


Tree=168
num_leaves=15
num_cat=0
split_feature=2 1 0 4 2 5 5 1 4 6 8 8 4 1
split_gain=5.33301 8.47667 8.28586 14.7941 13.3552 12.6571 10.162 13.6338 10.1777 9.63767 11.1856 9.63284 7.98693 10.4871
threshold=33.670000000000016 22.450000000000006 18.211250000000003 70.68732401951948 27.04000000000001 1140.2155761718752 227.07013702392581 20.390000000000008 67.685973018912719 5.3500000000000014 30.350000000000005 16.950000000000006 65.760784373267128 4.700000000000002
decision_type=2 2 2 2 2 2 2 2 2 2 2 2 2 2
left_child=2 -2 3 4 5 -1 7 8 -4 -6 12 -8 13 -11
right_child=1 -3 6 -5 9 -7 11 -9 -10 10 -12 -13 -14 -15
leaf_value=0.038245992076191525 -0.0034318175017016652 0.013444773095401933 -0.0062821939544890322 -0.0096990369845916975 0.01725105196172895 0.0031678050583873311 0.023539176071613259 0.00010241483877629351 0.020529756596838818 -0.0064521447511860838 0.0097651352618526536 -0.0011480126241288533 -0.016285175915654652 0.023039934662364134
leaf_weight=15.84500349499285 545.36612765491009 27.192624159157276 14.447820551693438 142.82048325939104 22.748822074383497 20.996274909004569 14.051474951207636 79.976200524717569 86.252615861594677 57.49584264587611 43.569793820381165 258.09813714027405 54.130155866034329 12.324665322899817
leaf_count=164 3790 200 84 3467 108 354 65 609 814 571 367 1419 443 48
internal_value=-0.00038738 -0.00260825 0.00115942 -0.00216831 0.00258922 0.0188665 0.00387676 0.00937117 0.016659 -0.000644674 -0.00316281 0.000208133 -0.00774889 -0.000994404
internal_weight=1395.32 572.559 822.757 369.931 227.111 36.8413 452.826 180.677 100.7 190.269 167.52 272.15 123.951 69.8205
internal_count=12503 3990 8513 5522 2055 518 2991 1507 898 1537 1429 1484 1062 619
is_linear=0
shrinkage=0.03


Tree=169
num_leaves=15
num_cat=0
split_feature=3 6 3 4 2 8 7 8 7 3 3 3 5 2
split_gain=5.75973 8.2016 12.179 12.463 8.94819 8.44202 8.25509 6.31069 6.3995 6.5083 6.06209 6.02841 5.98145 14.6087
threshold=2.3929781808550867 6.3500000000000014 2.9321895536967912 61.049956282254527 20.270000000000007 9.4500000000000011 13.150000000000004 41.650000000000013 28.350000000000005 2.888864384714497 3.0040460897104149 2.8699002492143206 214.89668273925784 27.400000000000006
decision_type=2 2 2 2 2 2 2 2 2 2 2 2 2 2
left_child=-1 4 7 6 10 -6 -4 8 -3 11 -2 -10 13 -7
right_child=1 2 3 -5 5 12 -8 -9 9 -11 -12 -13 -14 -15
leaf_value=-0.0074401246180025547 0.049990829965028197 0.0027428542528348371 -0.016027122412302929 0.014555829320654207 0.022826947439146511 -0.019411539560748429 0.013113257387609822 -0.021575302927952861 -0.0076160859535116966 -0.030918199255156185 0.0052454574038041058 0.026505923872363377 -0.0046007535062298219 0.0023852360431319618
leaf_weight=89.81584893912077 3.9301307220011932 271.39994482137263 22.736375816166401 125.97699724230915 11.306564603466539 29.139931750483811 12.940748333930967 10.636449085548518 37.45829548034817 8.7246899399906379 6.6953742811456323 4.3160963272675863 432.63101778738201 337.32828516419977
leaf_count=1172 83 2066 129 1097 300 1145 65 73 595 117 225 41 3036 2355
internal_value=-0.000132972 0.000371304 0.00342105 0.0101481 -0.00146631 -0.001839 -0.00538802 0.000130211 0.000912018 -0.00878974 0.0246722 -0.00355338 -0.0022161 0.000603944
internal_weight=1405.04 1315.22 494.19 161.654 821.031 810.406 35.6771 332.535 321.899 50.4991 10.6255 41.7744 799.099 366.468
internal_count=12499 11327 4183 1291 7144 6836 194 2892 2819 753 308 636 6536 3500
is_linear=0
shrinkage=0.03


Tree=170
num_leaves=15
num_cat=0
split_feature=2 8 3 6 7 6 5 4 8 3 5 3 8 7
split_gain=7.49962 7.78161 11.1571 9.30237 7.02802 6.85769 6.82174 6.79188 6.34621 6.25225 6.21492 5.79535 6.20963 5.56359
threshold=33.210000000000015 26.050000000000004 2.7427800898134516 5.9500000000000011 12.050000000000002 6.8500000000000014 214.89668273925784 46.648516709309284 46.750000000000007 2.5226919582954808 54.973009109497077 2.0505730612723059 16.950000000000006 70.250000000000014
decision_type=2 2 2 2 2 2 2 2 2 2 2 2 2 2
left_child=13 10 4 -4 6 -6 -3 -5 -9 -7 11 -2 -13 -1
right_child=1 2 3 7 5 9 -8 8 -10 -11 -12 12 -14 -15
leaf_value=0.0029608925137785741 0.036379574513188587 0.0092820960737372785 -0.0080322486726633179 -0.029625179083988727 -0.055662697652789986 -0.035139733697724364 -0.016032106725111718 0.0048902810999306816 -0.031611747718348002 -0.008099598919564301 -9.8912006592962332e-05 0.02530081594183094 -0.0025759468870725976 -0.0078289081141486323
leaf_weight=707.57324353139848 6.6546286195516577 15.412800408899782 134.21736704558134 4.6568785533308974 4.5926551818847647 11.642560242675243 22.306183367967606 148.78905414417386 3.4248161464929572 21.844023171812296 235.92173400707543 9.831431873142721 20.927418742328882 44.841326080262661
leaf_count=6904 26 119 800 28 31 103 303 1025 33 124 1614 112 160 1058
internal_value=0.000278968 -0.00210589 -0.00495517 -0.00226319 -0.0151291 -0.0240687 -0.00571559 0.00269238 0.00386802 -0.0182472 0.0017227 0.012913 0.00685038 0.00230832
internal_weight=1392.64 640.222 366.886 291.088 75.7982 38.0792 37.719 156.871 152.214 33.4866 273.335 37.4135 30.7589 752.415
internal_count=12440 4478 2566 1886 680 258 422 1086 1058 227 1912 298 272 7962
is_linear=0
shrinkage=0.03


Tree=171
num_leaves=15
num_cat=0
split_feature=7 2 1 2 5 2 1 4 1 2 3 0 5 1
split_gain=6.16809 7.99316 9.16726 6.04367 5.718 5.68682 10.245 11.6515 11.5221 14.0393 10.9955 8.22557 12.392 15.9816
threshold=72.350000000000009 21.070000000000011 -6.4999999999999956 29.150000000000009 1928.2723388671877 32.310000000000009 8.2900000000000045 66.859289128495604 1.1800000000000026 26.530000000000005 2.651404005585706 13.191250000000005 589.43872070312511 -5.2599999999999936
decision_type=2 2 2 2 2 2 2 2 2 2 2 2 2 2
left_child=1 2 -1 4 -2 6 7 10 9 -9 -3 12 13 -12
right_child=3 5 -4 -5 -6 -7 -8 8 -10 -11 11 -13 -14 -15
leaf_value=-0.015986914013659117 -0.031665875073034699 -0.014185455305154684 0.035001619929384553 -0.002233354733717185 0.0092356193089008064 -0.0014235272105950201 0.0074052439647534296 -0.020351527616213397 -0.011405793910550733 0.0092737600303074898 -0.014248865381693116 0.0058042115696586658 0.00068616732041090072 0.063476143343670841
leaf_weight=3.6667780280113211 14.247678752057256 18.592909468337893 10.834170680493115 32.357580373063684 3.3700407659634939 769.72915388364345 228.68064935877919 17.238458283711225 115.99009990878403 67.589728945866227 2.6996857207268468 79.499811545014381 9.5864564264193159 9.0518144480884093
leaf_count=159 786 295 188 263 24 5250 1554 1191 1059 950 59 394 167 53
internal_value=0.000100254 0.000491497 0.0219088 -0.0101416 -0.0237661 0.000239553 0.00256993 -0.000895128 -0.00529913 0.00308645 0.00649255 0.0104071 0.0265288 0.0459032
internal_weight=1383.14 1333.16 14.5009 49.9753 17.6177 1318.66 548.93 320.249 200.818 84.8282 119.431 100.838 21.338 11.7515
internal_count=12392 11319 347 1073 810 10972 5722 4168 3200 2141 968 673 279 112
is_linear=0
shrinkage=0.03


Tree=172
num_leaves=15
num_cat=0
split_feature=0 5 0 2 0 5 7 8 5 1 3 5 1 0
split_gain=7.31858 6.81019 8.99239 6.34007 7.56509 10.5219 9.58691 11.6759 6.90707 9.94625 14.9672 7.79803 6.17745 5.96817
threshold=11.487083333333336 1349.2225341796877 7.8958333333333366 30.340000000000003 16.999583333333341 419.73808288574224 27.550000000000004 36.95000000000001 245.0464782714844 1.0300000000000027 2.835652524805155 71.59177398681642 5.270000000000004 12.863333333333339
decision_type=2 2 2 2 2 2 2 2 2 2 2 2 2 2
left_child=1 -1 -3 4 8 -6 12 -8 9 13 11 -11 -7 -2
right_child=3 2 -4 -5 5 6 7 -9 -10 10 -12 -13 -14 -15
leaf_value=-0.015815443483692831 -0.0069918932503721613 -0.013593632126131319 0.032106640589984553 -0.00040311788924425216 0.02127765173342179 0.031637718540904643 0.0037724283245458463 -0.028469709183428425 0.0060670210591506797 0.035009819963737573 -0.024737016710967698 -0.013946373694058016 0.0070119313842931909 0.028179249140267128
leaf_weight=44.130631915293634 7.6074544023722401 7.5053652916103584 6.2125720381736755 1059.2191292867064 44.393835309892893 10.405557446181772 31.521833173930645 13.749400563538073 62.923131512477994 6.0477337371557933 33.908823903650045 4.2778779752552509 51.96560113132 8.2107173055410367
leaf_count=2931 147 296 126 6926 355 48 201 88 498 28 462 38 317 50
internal_value=0.000195587 -0.0101584 0.00787832 0.00065178 0.0047015 0.00915395 0.00400407 -0.00642353 -0.000832549 -0.00804288 -0.0152629 0.0152868 0.0115547 0.0118544
internal_weight=1392.08 57.8486 13.7179 1334.23 275.012 152.036 107.642 45.2712 122.976 60.0526 44.2344 10.3256 62.3712 15.8182
internal_count=12511 3353 422 9158 2232 1009 654 289 1223 725 528 66 365 197
is_linear=0
shrinkage=0.03


Tree=173
num_leaves=15
num_cat=0
split_feature=4 1 4 8 2 7 7 4 6 6 8 5 2 1
split_gain=6.42751 9.30637 5.99959 5.25756 6.35254 5.46294 7.72626 17.6304 10.6115 6.1778 4.98554 7.27519 6.36345 5.87601
threshold=43.609869093628589 5.8600000000000039 44.467154840604529 26.650000000000006 32.95000000000001 3.7500000000000004 6.2500000000000009 35.859703760232669 7.1500000000000012 8.0500000000000025 19.050000000000004 11.3686580657959 18.660000000000011 13.310000000000004
decision_type=2 2 2 2 2 2 2 2 2 2 2 2 2 2
left_child=1 3 -2 4 -1 -6 7 -7 -8 -10 11 -4 -12 -13
right_child=2 -3 10 -5 5 6 8 -9 9 -11 12 13 -14 -15
leaf_value=-0.020761083186667955 0.02707373461506566 -0.017841530149516723 0.015985799123729359 -0.016147748505501287 -0.016962563187062071 0.080045824135239349 0.043132125588346899 -0.0040897247010133432 -0.025566014344266103 0.02351741367582762 0.032559338399979557 -0.010584502241058093 0.00073298170918550628 0.0039441578179466074
leaf_weight=4.5233030598610666 6.5367847681045523 42.184592932462692 12.641942794434724 9.2072705551981908 3.3379449043422964 3.9403746630996492 3.5625137016177169 3.9339393842965364 6.890979912132023 2.3704948341473937 4.6825958220288149 101.33261632081121 1157.0468718707561 32.58693278208375
leaf_count=143 47 590 251 146 58 40 25 39 79 30 70 1578 9215 159
internal_value=-0.000120832 -0.00832552 0.000384022 0.00248966 0.00884116 0.0150186 0.0207202 0.0422881 0.00537582 -0.0119355 0.000230093 -0.00496464 0.000889157 -0.00704618
internal_weight=1394.78 79.9514 1314.83 37.7668 28.5596 24.0362 20.6983 7.87431 12.824 9.26147 1308.29 146.561 1161.73 133.92
internal_count=12470 1150 11320 560 414 271 213 79 134 109 11273 1988 9285 1737
is_linear=0
shrinkage=0.03


Tree=174
num_leaves=15
num_cat=0
split_feature=4 2 3 7 3 4 0 7 8 3 6 8 3 3
split_gain=6.39994 5.37344 7.20986 8.43761 8.5295 6.87931 6.81433 7.46683 6.10744 8.46855 7.01123 9.09211 9.02209 7.52603
threshold=24.833102595431914 41.650000000000013 2.4527214424105277 9.2500000000000018 1.6247921887823864 55.788983529858733 24.18458333333334 7.6500000000000012 9.9500000000000011 2.9770693765832159 6.1500000000000012 31.450000000000006 2.9533585428104003 3.0091065528050573
decision_type=2 2 2 2 2 2 2 2 2 2 2 2 2 2
left_child=-1 2 3 -2 -5 -6 -3 -8 9 -4 11 -10 -12 -13
right_child=1 6 8 4 5 -7 7 -9 10 -11 12 13 -14 -15
leaf_value=-0.027452397869697887 -0.019866376946666445 0.039483898332118718 -0.00887643058541881 0.029654977549005215 -0.015517616061885444 0.0091018125798792201 -0.0062076084800796938 0.031430089774874222 -0.0047303134990870216 0.03402036135065576 -0.00027302345134240454 0.016576670202698707 0.0077877017740521975 0.00051830456379694503
leaf_weight=6.7490871846675864 35.049243642948568 5.6304093338549164 6.1351066855713752 6.1831276705488554 24.505424330942333 16.187110163737088 16.080750348046426 5.5938722416758528 435.49996747309342 9.877459036651997 370.64682654617354 28.479269194882363 187.48704786598682 241.71118560247123
leaf_count=204 463 46 233 33 305 114 213 33 4050 184 3389 191 1550 1556
internal_value=-0.000264462 -0.00011271 -0.000381346 -0.00895391 -0.000550051 -0.00574082 0.0128249 0.00446382 0.000173963 0.0180291 -6.63354e-05 -0.00205226 0.0024438 0.00226581
internal_weight=1395.82 1389.07 1361.76 81.9249 46.8757 40.6925 27.305 21.6746 1279.84 16.0126 1263.82 705.69 558.134 270.19
internal_count=12564 12360 12068 915 452 419 292 246 11153 417 10736 5797 4939 1747
is_linear=0
shrinkage=0.03


Tree=175
num_leaves=15
num_cat=0
split_feature=8 3 3 7 1 5 1 2 8 3 8 8 2 7
split_gain=6.35807 7.30365 9.89805 5.39639 8.0297 7.0473 7.73954 7.42396 7.99831 7.09473 6.70835 5.91857 5.1021 4.92273
threshold=41.650000000000013 2.888864384714497 3.0386281080567312 146.25000000000003 23.050000000000008 9.149848937988283 20.79000000000001 31.219999999999999 31.550000000000004 2.9168065051391481 21.650000000000006 38.150000000000013 35.670000000000016 24.150000000000006
decision_type=2 2 2 2 2 2 2 2 2 2 2 2 2 2
left_child=3 -2 -3 4 5 9 11 -8 10 -1 -9 -7 -11 -13
right_child=1 2 -4 -5 -6 6 7 8 -10 12 -12 13 -14 -15
leaf_value=-0.0043145204406203445 -0.031788625223443889 0.02505699157872095 -0.01024204113568746 -0.02580957105200056 0.015386079239282237 -3.2421247358431657e-05 -0.038121130811579307 0.0067340135901142071 0.0026014918193563918 0.016740659717079231 -0.021089597159851349 0.017150422791198119 -0.01321590414834504 -6.2952112558461307e-05
leaf_weight=26.341801630333066 9.7696178406476957 7.6161749120801678 41.52178306132555 5.9235824905335894 31.884944919496775 1057.3724893340841 6.0117598660290232 9.4903457686305028 47.393654439598322 55.760883721522987 34.252579148858786 33.082798819988966 4.8902488090097895 26.626879610586911
leaf_count=282 75 59 273 147 245 9643 46 54 326 618 224 190 61 206
internal_value=0.000181547 -0.00938055 -0.0043802 0.000608895 0.000745542 0.000375253 -0.000218674 -0.00829582 -0.00593602 0.00857345 -0.0150375 0.000490556 0.0141501 0.00959971
internal_weight=1397.94 58.9076 49.138 1339.03 1333.11 1301.22 1214.23 97.1483 91.1366 86.9929 43.7429 1117.08 60.6511 59.7097
internal_count=12449 407 332 12042 11895 11650 10689 650 604 961 278 10039 679 396
is_linear=0
shrinkage=0.03


Tree=176
num_leaves=15
num_cat=0
split_feature=0 4 8 0 4 4 7 4 2 7 3 8 3 3
split_gain=5.89481 8.20389 6.61447 8.54751 6.51294 6.47877 7.73083 7.28417 6.37813 11.9589 5.98808 5.62207 6.22351 7.22299
threshold=10.87708333333334 71.483629435779378 22.650000000000006 11.743750000000004 70.066866376256073 48.173184913889607 6.9500000000000011 24.833102595431914 26.730000000000008 46.150000000000013 2.7525631467122511 32.750000000000007 2.7564154710712416 3.4203353837591273
decision_type=2 2 2 2 2 2 2 2 2 2 2 2 2 2
left_child=1 4 3 -2 -1 7 -7 -5 9 -6 -9 -4 -13 -14
right_child=2 -3 11 5 8 6 -8 10 -10 -11 -12 12 13 -15
leaf_value=-0.0061728821232394544 0.035850237070259 -0.024822224948470233 -0.0025050367255209502 -0.024541711064240187 0.099269930009430407 -0.021166511712700946 0.0025375396175706774 0.019430944360348437 -0.0070869559414833798 -0.015572746554166883 -0.01055919085157739 -0.010382649318197709 0.0053372209372916819 -0.0052538571754812075
leaf_weight=22.331807993352417 6.4715761998668304 19.276214364916086 648.71757567301393 3.5196506083011618 1.116988763213157 12.028653994202612 250.21680628694594 44.876677121967077 1.9935732353478668 0.94405746273696411 6.2473717257380477 32.209323288872838 285.2300763875246 71.809357386082411
leaf_count=745 174 2020 4642 103 19 64 1584 407 75 27 34 293 1962 462
internal_value=1.25388e-05 -0.0104722 0.000371655 0.00411129 0.000534542 0.00335237 0.00137401 0.0126516 0.0313898 0.0587639 0.0156339 -0.000796199 0.00205085 0.00319837
internal_weight=1406.99 45.6626 1361.33 323.361 26.3864 316.889 262.245 54.6437 4.05462 2.06105 51.124 1037.97 389.249 357.039
internal_count=12611 2886 9725 2366 866 2192 1648 544 121 46 441 7359 2717 2424
is_linear=0
shrinkage=0.03


Tree=177
num_leaves=15
num_cat=0
split_feature=5 0 4 8 2 5 6 5 2 8 0 4 8 4
split_gain=4.91435 4.07783 7.92759 7.99458 8.21044 10.9031 7.66563 5.68985 5.30461 7.04137 5.13735 6.43729 4.70648 8.34988
threshold=1.0000000180025095e-35 12.189583333333339 71.483629435779378 10.850000000000003 26.000000000000007 942.47848510742199 6.3500000000000014 1082.782653808594 32.190000000000012 15.750000000000002 6.8895833333333369 66.710658598283672 14.350000000000003 38.506959241524221
decision_type=2 2 2 2 2 2 2 2 2 2 2 2 2 2
left_child=-1 2 3 -2 5 6 -5 -4 9 -3 -7 -12 13 -10
right_child=1 8 7 4 -6 10 -8 -9 12 -11 11 -13 -14 -15
leaf_value=0.013360898455012087 0.056926335594544367 -0.01367733437853543 -0.022572800353836703 0.0098783337767436134 -0.012230948178941627 -0.020564577762582126 0.086422225099564459 0.021129348332617304 0.038466898601017881 0.0029965520012948089 0.039046411918190006 -0.020908072595454807 -0.0022259757668106192 0.0017835737859136882
leaf_weight=22.024099709931761 1.190266266465186 22.959546880796552 28.261054886505011 2.6389630176126948 25.04793824441731 5.5213599512353522 1.669682392850518 2.1724484683945766 5.9263009857386342 475.14970114454627 3.2612460590898991 1.7943659797310827 771.51657309196889 29.395052507519722
leaf_count=244 17 145 2414 56 739 225 18 54 58 3132 37 37 5126 227
internal_value=-0.000385195 -0.000614672 -0.00753694 0.00110655 -0.00190728 0.0151407 0.0502325 -0.0188802 -0.000229606 0.00220213 -0.00225857 0.0178283 -0.00173173 0.00882801
internal_weight=1398.53 1376.5 71.5573 41.1238 39.9336 14.8856 4.30865 30.4335 1304.95 498.109 10.577 5.05561 806.838 35.3214
internal_count=12529 12285 3597 1129 1112 373 74 2468 8688 3277 299 74 5411 285
is_linear=0
shrinkage=0.03


Tree=178
num_leaves=15
num_cat=0
split_feature=7 7 2 1 3 1 7 1 5 5 6 7 4 2
split_gain=6.8787 6.0386 6.43456 8.61965 6.56374 5.64667 9.08667 8.81801 6.86086 8.16745 5.62073 5.39883 5.0253 5.91263
threshold=146.25000000000003 3.7500000000000004 41.190000000000019 10.210000000000006 2.3929781808550867 10.870000000000005 9.4500000000000011 13.480000000000004 1121.6092529296877 1199.929138183594 4.2500000000000009 6.9500000000000011 56.788393231171725 44.550000000000011
decision_type=2 2 2 2 2 2 2 2 2 2 2 2 2 2
left_child=1 -1 4 12 5 8 -7 -8 -3 -10 -6 -5 13 -4
right_child=-2 2 3 11 10 6 7 -9 9 -11 -12 -13 -14 -15
leaf_value=-0.019290302198460531 -0.030256463325129806 -0.022177154835879068 0.039603051440536732 -0.018529765200751076 -0.023496733642441529 -0.028333251700728375 0.039449241985691989 -0.0050858754380800741 0.050128268386658147 -0.0097243497125192556 0.00067426484935233808 0.018062754469822334 -0.0088111095361236465 -0.00050803492081311877
leaf_weight=13.179419230669735 5.7118689068593076 31.632600944489241 13.579248884692793 8.8678085785359126 7.7182802408933631 4.9383847676217583 6.2939323149621478 8.4243438020348531 1.8581695258617381 6.4601165670901537 1272.7461022720672 4.789346642792224 3.0009542033076277 4.2454768363386384
leaf_count=258 140 375 98 148 68 45 27 50 25 157 10987 36 17 56
internal_value=4.09942e-05 0.000187395 0.000388038 0.0129975 5.41198e-05 -0.00959307 0.00346403 0.0152567 -0.0159451 0.00759048 0.000510347 -0.00534051 0.024717 0.0305299
internal_weight=1393.45 1387.73 1374.55 34.4828 1340.07 59.6075 19.6567 14.7183 39.9509 8.31829 1280.46 13.6572 20.8257 17.8247
internal_count=12487 12347 12089 355 11734 679 122 77 557 182 11055 184 171 154
is_linear=0
shrinkage=0.03


Tree=179
num_leaves=15
num_cat=0
split_feature=6 5 2 2 8 4 6 1 4 1 2 2 0 0
split_gain=5.77186 5.56132 12.5616 11.705 9.47042 6.88146 6.87543 7.25398 9.53897 9.0249 6.63029 7.60627 6.62707 6.35455
threshold=4.2500000000000009 302.95762634277349 26.27 25.510000000000009 32.850000000000009 55.350428098215367 5.4500000000000011 0.72000000000000319 34.362118313930857 -2.52 32.810000000000009 38.650000000000013 15.874583333333337 27.169583333333339
decision_type=2 2 2 2 2 2 2 2 2 2 2 2 2 2
left_child=-1 3 5 4 12 -3 13 8 -8 -10 -5 -12 -2 -4
right_child=1 2 6 10 -6 -7 7 -9 9 -11 11 -13 -14 -15
leaf_value=-0.023790913879258694 -0.025870065710381609 -0.020970305498617864 -0.010597941163665851 0.0065197037793825584 0.029185820919520971 0.015074119766271675 0.031649361070824653 0.00026625542525094824 0.0011375605675500954 -0.025278626882782811 -0.0011546169080729931 0.0092127756370235497 0.016755858549329501 0.0259642956878611
leaf_weight=7.7479731286875895 25.209206201136119 4.3705720454454413 112.44216625764966 304.66909029148519 2.9706919956952325 51.845486185047776 3.3260148307308546 399.27846595458686 18.738880703225732 29.369168058037758 349.85940209962428 76.823800919577479 3.057832956314086 3.5148483514785758
leaf_count=70 1529 162 612 2823 64 906 69 2512 420 345 2354 545 15 16
internal_value=0.000501831 0.000654744 -0.00144705 0.00237115 -0.0153284 0.0119543 -0.00279524 -0.00111076 -0.0116016 -0.0151754 0.00314703 0.000729196 -0.020844 -0.00927716
internal_weight=1393.22 1385.48 622.886 762.59 31.2377 56.2161 566.67 450.713 51.4341 48.108 731.352 426.683 28.267 115.957
internal_count=12442 12372 5042 7330 1608 1068 3974 3346 834 765 5722 2899 1544 628
is_linear=0
shrinkage=0.03


Tree=180
num_leaves=15
num_cat=0
split_feature=7 0 3 6 5 4 2 0 0 2 2 7 5 2
split_gain=6.07745 10.3449 5.74429 14.344 9.71946 8.19498 7.3217 6.54349 9.75588 8.51503 8.43489 9.60128 7.02477 6.84891
threshold=73.350000000000009 22.009166666666673 2.9353913689559592 6.3500000000000014 9.149848937988283 57.192143679783477 37.390000000000022 27.600000000000005 16.999583333333341 30.420000000000005 40.590000000000011 3.9500000000000006 38.401472091674812 20.550000000000008
decision_type=2 2 2 2 2 2 2 2 2 2 2 2 2 2
left_child=2 -2 7 4 -4 -5 -6 8 13 -10 -11 -12 -9 -1
right_child=1 -3 3 5 6 -7 -8 12 9 10 11 -13 -14 -15
leaf_value=0.022464659152087181 -0.029236426379255956 -7.6136423526174273e-05 0.01297957212681012 -0.0089875252123353764 -0.00066005139104659792 0.012505809381749148 -0.022448694532891878 0.013861469030046553 0.014153207613521158 -0.0017455016406341902 -0.025899155325134399 0.023613084078214799 -0.017285492566776917 -0.0086556612907193169
leaf_weight=5.7084826575592151 16.294573829509318 29.857623882591724 46.071403747424483 17.359499268233776 598.13190748076886 135.40039875917137 13.212346844375132 6.9237379357218733 42.340097416192293 259.1334537807852 3.3261821754276779 21.494454950094223 41.49173790961504 148.47279779333621
leaf_count=191 785 230 503 86 4076 1115 74 39 253 1519 73 158 458 2874
internal_value=-0.000187568 -0.0107732 0.000185043 0.00177181 -0.000157256 0.0100208 -0.00116684 -0.00224439 -0.0011727 0.00176739 -0.000122632 0.0162319 -0.0126409 -0.00736611
internal_weight=1385.22 46.1522 1339.07 810.176 657.416 152.76 611.344 528.891 480.475 326.294 283.954 24.8206 48.4155 154.181
internal_count=12434 1015 11419 5854 4653 1201 4150 5565 5068 2003 1750 231 497 3065
is_linear=0
shrinkage=0.03


Tree=181
num_leaves=15
num_cat=0
split_feature=3 5 0 7 6 4 0 1 1 4 7 4 3 6
split_gain=6.03101 4.17466 6.59582 5.95585 9.83263 8.49238 7.46831 9.62302 5.20005 4.90898 8.67892 5.21048 5.06491 4.67473
threshold=2.4304298270134148 1349.2225341796877 9.5575000000000063 20.150000000000006 5.6500000000000012 54.324133848442266 16.858750000000008 14.050000000000004 -3.0699999999999954 65.114321820261111 24.350000000000005 66.710658598283672 2.920910814343149 7.7500000000000009
decision_type=2 2 2 2 2 2 2 2 2 2 2 2 2 2
left_child=-1 2 -2 4 -3 -5 -7 -8 9 12 -11 -12 13 -4
right_child=1 3 8 5 -6 6 7 -9 -10 10 11 -13 -14 -15
leaf_value=-0.0069054897959141574 -0.017710923048943266 -0.018811996723351591 -0.014062078153390502 -0.030955005705851586 0.022522206023987787 0.016863250709699913 -0.017333884935383136 0.024071440745106053 0.00019871196286558993 -0.013110401806602391 -0.011911339994290452 0.02915009737867116 0.037261420599021711 0.033174966590908891
leaf_weight=97.805357729550451 16.994406455662102 5.3809826076030722 4.4775967188179484 5.7785512562841168 31.274338415823877 22.842531342059374 18.1777538061142 5.9038472697138777 1132.2634888109751 14.072391565889122 3.0753070265054694 10.261165791191159 8.8946681916713697 1.8811112437397239
leaf_count=1279 1530 27 77 127 203 238 128 39 8403 130 32 189 37 19
internal_value=0.000236507 0.000786646 0.000315072 0.00700373 0.0161159 0.000484018 0.00492076 -0.00662794 0.000590644 0.0107498 0.00289053 0.0195112 0.0238254 0.00252142
internal_weight=1379.08 1281.28 1191.92 89.358 36.6553 52.7027 46.9241 24.0816 1174.93 42.6622 27.4089 13.3365 15.2534 6.35871
internal_count=12458 11179 10417 762 230 532 405 167 8887 484 351 221 133 96
is_linear=0
shrinkage=0.03


Tree=182
num_leaves=15
num_cat=0
split_feature=0 2 5 8 3 2 4 5 2 8 2 4 1 3
split_gain=4.29418 6.84054 7.91598 4.92826 4.20504 10.8485 7.96309 5.83494 5.80837 5.64238 4.16771 10.8021 14.3432 8.53746
threshold=10.446250000000004 18.660000000000011 3623.920043945313 17.550000000000004 3.5310060396248937 31.219999999999999 80.491822696709434 101.40663146972658 33.730000000000011 35.750000000000007 30.340000000000003 66.859289128495604 7.9600000000000053 3.4203353837591273
decision_type=2 2 2 2 2 2 2 2 2 2 2 2 2 2
left_child=1 2 3 -1 10 9 8 -8 -7 -6 11 -2 -13 -14
right_child=4 -3 -4 -5 5 6 7 -9 -10 -11 -12 12 13 -15
leaf_value=-0.012814091393878149 0.013744961070417821 -0.014994738964459249 -0.020738288075078468 0.060728319231192318 -0.0060170401330369855 -0.036026441548978896 0.027263874439170249 -0.0094219275768408165 0.0030540134220676347 -0.054951488524812575 -0.00010441270539778328 -0.0061241277231886462 0.012493943586363005 -0.015828178652075617
leaf_weight=0.68359741382300798 74.273413617163897 31.556962944567204 1.9888021592050789 2.367951019667089 3.7174635510891658 5.9489151164889353 9.7379251122474653 5.488566890358924 6.4621401876211166 4.9554019458591938 1035.3444521836936 123.84873140323907 83.806915514171124 9.9361616894602758
leaf_count=54 452 2321 116 53 24 43 56 27 48 34 6874 1736 603 74
internal_value=0.000235184 -0.00976691 0.0200276 0.0451571 0.000510605 -0.009423 0.000142031 0.0142744 -0.0169677 -0.0367671 0.000789263 0.00394896 0.000557586 0.0093566
internal_weight=1400.12 36.5973 5.04035 3.05155 1363.52 36.3104 27.6375 15.2265 12.4111 8.67287 1327.21 291.865 217.592 93.7431
internal_count=12515 2544 223 107 9971 232 174 83 91 58 9739 2865 2413 677
is_linear=0
shrinkage=0.03


Tree=183
num_leaves=15
num_cat=0
split_feature=4 8 3 1 8 3 8 3 4 4 0 4 6 4
split_gain=7.43601 5.4284 8.13864 5.31712 4.52652 8.8476 4.72421 6.85691 5.11963 4.40478 3.96929 8.59301 11.6232 10.8045
threshold=27.497824398260772 41.650000000000013 2.8601702459883378 23.61000000000001 38.150000000000013 3.3967484037703666 9.9500000000000011 2.9770693765832159 44.467154840604529 80.491822696709434 19.771666666666672 71.804658103354271 7.4500000000000011 54.324133848442266
decision_type=2 2 2 2 2 2 2 2 2 2 2 2 2 2
left_child=-1 3 -3 4 6 -6 7 8 -2 -7 11 12 13 -8
right_child=1 2 -4 -5 5 9 10 -9 -10 -11 -12 -13 -14 -15
leaf_value=-0.024727946227611087 0.023742880230446937 -0.032345186994882501 -0.0033152517319049181 0.020318276953659165 0.013122982901284891 -0.026307973735311151 0.019964458692021392 0.030749791519494724 -0.019524119254391889 0.0013773167504475242 0.0012393410208219756 -0.0088004620663319801 -0.01085574795680588 0.00086967424747297307
leaf_weight=9.7477052630856615 2.8407573401927966 9.6134442067705077 49.678381368517876 11.349073268473147 60.273561161477119 7.371122200042012 28.849474417977035 9.7913341135717911 5.9301251252181828 13.29156072437763 729.11027893051505 130.69870660966262 67.817818580195308 251.38289927551523
leaf_count=301 19 76 333 97 411 48 264 183 227 83 4739 3023 726 1923
internal_value=0.00012911 0.000322748 -0.00848051 0.000724687 0.000539197 0.00736608 8.3031e-05 0.0147078 -0.00451484 -0.00925754 -0.000153701 -0.0022734 0.000195819 0.00289945
internal_weight=1387.75 1378 59.2918 1318.71 1307.36 80.9362 1226.42 18.5622 8.77088 20.6627 1207.86 478.749 348.05 280.232
internal_count=12453 12152 409 11743 11646 542 11104 429 246 131 10675 5936 2913 2187
is_linear=0
shrinkage=0.03


Tree=184
num_leaves=15
num_cat=0
split_feature=8 3 6 3 6 4 4 6 2 6 7 4 2 8
split_gain=5.72868 8.91873 5.45063 11.7537 5.99666 6.79728 5.16038 5.14796 5.12583 7.77353 4.92818 10.3627 6.10553 6.72528
threshold=9.9500000000000011 2.9770693765832159 6.1500000000000012 3.0065986634725728 6.9500000000000011 61.049956282254527 51.52323026148288 6.8500000000000014 37.470000000000013 6.3500000000000014 73.350000000000009 79.567109386535236 23.47000000000001 21.650000000000006
decision_type=2 2 2 2 2 2 2 2 2 2 2 2 2 2
left_child=1 7 6 -4 8 -6 -2 -1 -5 -10 12 -12 13 -8
right_child=2 -3 3 4 5 -7 10 -9 9 -11 11 -13 -14 -15
leaf_value=-0.027646532461585171 -0.029000836429622655 0.035696863814648074 -1.909610382662687e-05 0.0092923629375569021 0.0026983082193128556 0.028907423583991981 -0.0090175044599090075 0.014861859604629383 -0.046917054177887198 0.0012930532985725009 -0.030423209887185297 -1.5324096849224267e-07 -0.0014681728857030309 0.027691700394314109
leaf_weight=3.8470602673478442 5.2505832482129327 9.1611570189706963 527.94179034791887 69.068636127747595 13.901946097612379 24.936231788247824 6.1804357636719969 4.5139626488089561 2.7814278788864639 14.512563265860079 15.166812977753578 26.748423937242478 637.87428224692121 12.300238402560352
leaf_count=211 42 182 5119 654 79 215 232 30 19 105 428 399 4500 185
internal_value=0.00020123 0.0167726 -2.49965e-05 0.00194699 0.0101719 0.0198292 -0.00185593 -0.005561 0.00565171 -0.00860145 -0.00161064 -0.011461 -0.000965112 0.0155824
internal_weight=1374.19 17.5222 1356.66 653.143 125.201 38.8382 703.521 8.36102 86.3626 17.294 698.27 41.9152 656.355 18.4807
internal_count=12400 423 11977 6191 1072 294 5786 241 778 124 5744 827 4917 417
is_linear=0
shrinkage=0.03


Tree=185
num_leaves=15
num_cat=0
split_feature=1 4 6 3 2 2 1 4 0 2 0 1 2 0
split_gain=5.66111 4.32322 12.2889 12.9092 12.3869 10.2866 13.8316 8.67519 7.32491 7.03639 6.54395 10.3877 7.88544 8.37587
threshold=-11.299999999999997 63.649666149336575 6.1500000000000012 2.9874830361974012 20.550000000000008 30.340000000000003 -0.43999999999999623 64.178136495144869 14.235416666666675 28.890000000000004 16.071666666666676 -0.92999999999999672 28.280000000000008 20.332500000000003
decision_type=2 2 2 2 2 2 2 2 2 2 2 2 2 2
left_child=-1 5 7 4 -4 6 -2 -3 -6 -5 11 -9 -12 -14
right_child=1 2 3 9 8 -7 -8 10 -10 -11 12 -13 13 -15
leaf_value=-0.023043504398918044 -0.023287127350937624 0.023335483235505151 0.061086087845953124 -0.01000240869880864 -0.0099628075390040868 -0.0035947485732478876 0.019234941180938357 0.001465412257620789 0.0040660967741648121 0.01739658669180635 0.011031486097795765 -0.018367137719885407 -0.011491682551340506 0.00027774039393784421
leaf_weight=8.3798537752591056 7.5522382594645014 12.044550247490404 2.1371791642159215 8.6121221389621478 41.951097429729998 401.86633207648993 36.295616164803505 46.454391207080334 151.26811538636684 94.611576387658715 50.884962052106857 47.379862512927502 61.790201243013144 407.94280958920717
leaf_count=612 130 49 25 152 1300 2803 190 1295 877 822 332 922 308 2642
internal_value=0.000183768 0.000342454 0.00151149 0.00650922 0.00194983 -0.00208183 0.0115551 -0.000876937 0.000984575 0.0150366 -0.0013887 -0.00863675 -6.82816e-05 -0.00129157
internal_weight=1379.17 1370.79 925.077 298.58 195.356 445.714 43.8479 626.497 193.219 103.224 614.452 93.8343 520.618 469.733
internal_count=12459 11847 8724 3176 2202 3123 320 5548 2177 974 5499 2217 3282 2950
is_linear=0
shrinkage=0.03


Tree=186
num_leaves=15
num_cat=0
split_feature=5 7 2 0 2 5 7 1 7 3 7 7 3 0
split_gain=4.64876 5.00746 7.01615 7.23687 5.75292 10.34 4.68034 3.78218 5.43267 4.09474 3.53129 6.0723 3.61285 3.40296
threshold=2.0699175596237187 80.250000000000014 27.980000000000008 27.127083333333342 18.660000000000011 3623.920043945313 21.750000000000004 22.93000000000001 34.150000000000013 3.4298249066972666 62.95000000000001 86.250000000000014 2.7904048067822553 10.326250000000005
decision_type=2 2 2 2 2 2 2 2 2 2 2 2 2 2
left_child=6 4 -3 -4 5 -2 -1 13 -9 -10 12 -12 -8 -6
right_child=1 2 3 -5 7 -7 10 8 9 -11 11 -13 -14 -15
leaf_value=-0.012423043033728227 0.048522573362868242 -0.029723668911195399 0.018140069863697036 -0.014081552582229507 -0.010325470399696741 -0.021354936959623306 -0.0061800425387717271 0.024623560105280086 0.013518663413222205 -0.013433083263410169 -0.028626403792655946 0.023216621000412739 0.024580140283166654 0.00045679796191646987
leaf_weight=5.7501139994710675 4.6338470308110109 10.754421242047099 9.3647912535816449 14.90415048971772 25.913747245445848 2.177225798368454 3.6260430086404147 13.077387206256391 9.0036551691591757 9.2940184287726861 3.2712178644724181 2.9041041694581509 21.953456070274115 1244.0865392335691
leaf_count=43 51 647 75 98 1713 128 33 105 76 67 58 53 257 9088
internal_value=0.000633103 0.000338224 -0.0106964 -0.00142218 0.000641594 0.0263113 0.0109109 0.000487146 0.0106128 -0.000157758 0.0153865 -0.00440809 0.0201512 0.00022884
internal_weight=1380.71 1343.21 35.0234 24.2689 1308.19 6.81107 37.5049 1301.38 31.3751 18.2977 31.7548 6.17532 25.5795 1270
internal_count=12492 12048 820 173 11228 179 444 11049 248 143 401 111 290 10801
is_linear=0
shrinkage=0.03


Tree=187
num_leaves=15
num_cat=0
split_feature=1 8 4 7 4 7 0 3 8 7 0 3 5 7
split_gain=3.43009 3.30704 5.84111 10.6051 7.88175 6.27274 6.3437 4.04003 5.63933 7.65225 4.99528 6.85812 7.21811 5.71213
threshold=-15.889999999999999 12.150000000000004 76.90620353363154 37.45000000000001 40.138724113290927 5.5500000000000016 20.575416666666673 2.651404005585706 28.150000000000006 27.550000000000004 26.59 2.1319713346382998 168.22674560546878 3.7500000000000004
decision_type=2 2 2 2 2 2 2 2 2 2 2 2 2 2
left_child=-1 2 3 4 -2 -6 -7 8 9 10 13 12 -12 -3
right_child=1 7 -4 -5 5 6 -8 -9 -10 -11 11 -13 -14 -15
leaf_value=-0.024710328397207194 0.034853695816177102 -0.027598384191152642 -0.025833656387349597 0.050522436546245962 -0.039665045818371797 -0.012434581938835579 0.021802566120322438 4.9637518692598786e-05 -0.013125580262834401 -0.028080380060247854 0.029251333076363403 -0.025304408349805706 -0.013533195300877692 0.0058078319534669437
leaf_weight=4.2246624496765426 5.014783561229712 3.8809722922742358 2.9789917571470133 4.5874342150054863 2.6940740831196335 9.8128621769137698 7.8901434801518908 1163.237739440985 50.978395826183259 7.9322720840573302 5.1828598640859145 12.885814281180499 7.3994405250996351 85.892069905996323
leaf_count=359 39 87 262 116 19 172 70 9657 534 81 34 114 205 751
internal_value=-0.000448269 -0.000355508 0.00888759 0.0130576 0.00463755 -0.00407304 0.0031746 -0.000589901 -0.00483756 -0.00132928 0.000737784 -0.0107369 0.00494656 0.00407552
internal_weight=1374.59 1370.37 32.9783 29.9993 25.4119 20.3971 17.703 1337.39 174.152 123.173 115.241 25.4681 12.5823 89.773
internal_count=12500 12141 678 416 300 261 242 11463 1806 1272 1191 353 239 838
is_linear=0
shrinkage=0.03


Tree=188
num_leaves=15
num_cat=0
split_feature=6 5 7 8 7 0 0 7 0 3 1 0 7 5
split_gain=5.74374 11.0238 11.2548 9.72895 11.6673 9.55106 15.5858 10.0158 9.53776 9.05335 8.8568 8.56289 9.20677 9.8176
threshold=5.9500000000000011 214.89668273925784 72.350000000000009 23.750000000000004 18.150000000000002 24.435833333333338 26.999583333333337 35.850000000000009 26.788333333333338 2.9874830361974012 18.170000000000005 17.937500000000007 22.550000000000004 41.271705627441413
decision_type=2 2 2 2 2 2 2 2 2 2 2 2 2 2
left_child=1 2 3 -1 -5 -3 7 -7 11 -2 -10 12 -6 -14
right_child=9 5 -4 4 8 6 -8 -9 10 -11 -12 -13 13 -15
leaf_value=0.012627546596904819 -0.00032599414315127504 -0.0026141259771622484 -0.0152449660487711 -0.015616867162217231 0.037279465968502554 -0.024846316286099512 0.01160952620086092 -2.9743405609762408e-05 -0.039569919548495265 0.0070436150852707631 -0.001124465776945882 0.01663152908778158 0.0060832228057293531 -0.035072113207542173
leaf_weight=78.925513986032456 571.28624739684165 219.66775528620929 29.972389813978225 33.625167235732079 2.9493146659806397 63.325817085802555 17.260851912200451 18.951342187821865 4.8596599809825411 202.41419938765466 68.588108796626329 58.614025913178921 10.939150532707574 8.5605145934969169
leaf_count=876 5595 1716 683 191 13 336 82 93 34 1740 510 482 57 113
internal_value=-0.000111606 -0.00227051 0.00188656 0.00385894 0.000133076 -0.00613264 -0.0137943 -0.0191992 0.00363902 0.00160863 -0.00416555 0.010675 -0.00492348 -0.0128138
internal_weight=1389.94 616.24 297.034 267.061 188.136 319.206 99.538 82.2772 154.511 773.7 73.4478 81.063 22.449 19.4997
internal_count=12521 5186 2959 2276 1400 2227 511 429 1209 7335 544 665 183 170
is_linear=0
shrinkage=0.03


Tree=189
num_leaves=15
num_cat=0
split_feature=1 2 4 0 2 5 5 1 0 6 1 4 4 8
split_gain=4.80856 5.68206 16.5688 17.2869 12.0508 10.4931 7.40731 7.52516 7.41175 6.72374 11.1125 8.54984 12.3788 8.58673
threshold=-11.299999999999997 27.980000000000008 67.270715950688938 14.573333333333338 18.660000000000011 957.72485351562511 85.244823455810561 -5.4899999999999984 28.627500000000001 6.3500000000000014 2.1200000000000037 66.710658598283672 47.468212939218752 26.450000000000006
decision_type=2 2 2 2 2 2 2 2 2 2 2 2 2 2
left_child=-1 2 5 4 -4 -2 7 -3 -9 -8 11 12 13 -11
right_child=1 6 3 -5 -6 -7 9 8 -10 10 -12 -13 -14 -15
leaf_value=-0.022463853863533764 0.046387771275019675 0.032049289422055184 0.032788491976247107 0.010515812602154669 -0.015789078566138981 0.011081584904274926 -0.0045830841947108831 0.0011545876919749692 0.02056915044193125 0.018816943737574483 0.0030253054245600822 0.0092560634586622576 -0.025089992581273448 -0.022771789698086867
leaf_weight=7.7485202401876441 10.913277959451078 6.8681911323219529 4.0879641682840875 65.110735263675451 53.647260165307671 23.357643399387598 494.79517582152039 294.82477597054094 17.839594289660454 12.125140123069288 323.56961910426617 15.471083922311662 37.414453795179725 5.8039827886968842
leaf_count=591 71 64 115 405 2743 206 2749 2315 152 155 2234 210 406 101
internal_value=-0.000293328 -0.000151209 0.00519715 -6.42014e-06 -0.0118498 0.023321 -0.000850147 0.00306128 0.00232436 -0.00225761 0.000664157 -0.0100164 -0.0154726 0.00486215
internal_weight=1373.58 1365.83 157.117 122.846 57.7352 34.2709 1208.71 319.533 312.664 889.179 394.384 70.8147 55.3436 17.9291
internal_count=12517 11926 3540 3263 2858 277 8386 2531 2467 5855 3106 872 662 256
is_linear=0
shrinkage=0.03


Tree=190
num_leaves=15
num_cat=0
split_feature=7 2 6 2 6 3 1 1 7 6 0 3 7 1
split_gain=5.08856 8.55184 8.2423 7.70018 5.53977 4.48636 4.10028 3.96775 5.62047 4.11757 3.92927 3.87557 3.57287 8.79029
threshold=72.350000000000009 20.850000000000012 6.5500000000000016 29.150000000000009 5.8500000000000014 2.9168065051391481 -6.4999999999999956 23.050000000000008 53.250000000000007 4.4500000000000011 27.648333333333344 3.5524527740537732 6.9500000000000011 10.210000000000006
decision_type=2 2 2 2 2 2 2 2 2 2 2 2 2 2
left_child=1 2 5 -2 11 -1 -7 9 -9 -3 -10 -5 13 -11
right_child=3 7 -4 4 -6 6 -8 8 10 12 -12 -13 -14 -15
leaf_value=0.060795167973805554 -0.025550037928958162 -0.017260363096933955 -0.021962710243184132 -0.013647407516714354 0.026486508330078068 -0.019188431377705199 0.02701093654186949 0.017398723909007735 0.010837362605054386 0.0007159067981270474 -0.033313302527485024 0.0098250141157580333 0.00059177263825752448 -0.021448115684189716
leaf_weight=2.9304683040827504 16.105462392792106 11.282354740425943 2.3096644403412929 18.175031322985895 4.6806544587016097 1.4118459783494453 7.3770449822768569 23.486375484615568 2.6380506157875052 51.845745259895921 2.9895541071891785 8.5939679481089097 1195.6710713324137 22.321151962503791
leaf_count=57 841 100 139 122 75 31 118 191 16 557 28 50 9751 316
internal_value=0.000188367 0.00053771 0.0230392 -0.00935047 -0.000522899 0.0329376 0.0183874 0.000279394 0.0110432 2.63604e-05 -0.0141044 -0.00602933 0.000193412 -0.00615114
internal_weight=1371.82 1324.26 14.029 47.5551 31.4497 11.7194 8.78889 1310.23 29.114 1281.12 5.6276 26.769 1269.84 74.1669
internal_count=12392 11304 345 1088 247 206 149 10959 235 10724 44 172 10624 873
is_linear=0
shrinkage=0.03


Tree=191
num_leaves=15
num_cat=0
split_feature=6 1 2 5 3 0 4 6 3 3 6 6 1 3
split_gain=6.10715 7.37522 3.41317 5.81267 7.66865 4.3617 7.88643 18.7657 7.71155 9.58004 7.29092 11.7698 8.40837 7.88613
threshold=4.4500000000000011 22.570000000000011 20.270000000000007 3623.920043945313 3.0065986634725728 19.771666666666672 64.771288780721747 7.2500000000000009 2.6021685492086104 2.8471406172378031 5.3500000000000014 6.5500000000000016 0.36000000000000371 2.9321895536967912
decision_type=2 2 2 2 2 2 2 2 2 2 2 2 2 2
left_child=1 -1 3 4 -2 6 7 8 -4 -10 12 -12 -8 -13
right_child=2 -3 5 -5 -6 -7 10 -9 9 -11 11 13 -14 -15
leaf_value=-0.029763216045959044 0.044462254404814015 0.023665445618933002 0.033967988792854086 -0.022649712880184192 -0.00041691927393165256 0.0013076133900006399 0.018881978078369915 -0.009828535498452971 -0.0026393834364905281 0.016192966191867809 -0.012182937822808243 -0.0044547963725096694 -0.0042379406161173975 0.013495340449678875
leaf_weight=10.684220501221715 5.8326307642273587 2.1070594713091841 10.463945489376782 2.3918821066617957 6.8372571654617786 859.838399220258 21.81146587152034 63.674880317412317 43.695199645124376 53.117975417524576 159.95442878082395 75.912443303968757 36.58560603717342 29.871477296575904
leaf_count=121 91 11 100 131 216 5943 456 722 315 277 2748 920 229 221
internal_value=-2.04079e-05 -0.0198843 0.000179425 0.0139276 0.0219846 1.64378e-05 -0.00222411 0.00297822 0.0106003 0.00775318 -0.00496859 -0.007074 0.00456992 0.000692912
internal_weight=1382.78 12.7913 1369.99 15.0618 12.6699 1354.93 495.087 170.952 107.277 96.8132 324.135 265.738 58.3971 105.784
internal_count=12501 132 12369 438 307 11931 5988 1414 692 592 4574 3889 685 1141
is_linear=0
shrinkage=0.03


Tree=192
num_leaves=15
num_cat=0
split_feature=0 8 1 0 5 7 1 0 5 0 7 8 8 7
split_gain=6.85609 5.25693 6.80895 6.26452 4.16817 4.05891 5.84215 4.52025 4.3964 6.43897 4.61057 4.29549 9.92255 5.82417
threshold=10.446250000000004 12.150000000000004 -0.61999999999999733 20.575416666666673 317.27412414550787 129.15000000000003 23.050000000000008 27.73041666666667 9.149848937988283 19.088333333333342 13.150000000000004 31.550000000000004 26.750000000000004 36.050000000000004
decision_type=2 2 2 2 2 2 2 2 2 2 2 2 2 2
left_child=-1 2 -2 4 -4 6 8 -7 9 11 -11 12 13 -3
right_child=1 5 3 -5 -6 7 -8 -9 -10 10 -12 -13 -14 -15
leaf_value=-0.012519887390423623 0.049876192691730992 0.023118653643145366 -0.018876378734716197 0.019030259171864197 0.016528993701269146 -0.0014405779993702382 0.012770326011174416 -0.042396731603616768 -0.00026274907158988008 -0.016666089699626838 0.016236338410648959 0.0092094938765363392 -0.03658568510180811 -0.016217719704525756
leaf_weight=35.374861766584218 2.9163733730092671 6.4006954431533831 8.8656257763505 16.156375782564282 3.4080084282904854 5.9316775109618884 33.183451905846596 3.1908673197031021 1190.0815136861056 3.3786606416106215 45.582336183637381 13.591186035424469 7.6373277655802658 5.3070855694822967
leaf_count=2580 17 51 109 168 21 50 262 20 8469 22 522 83 62 62
internal_value=0.000332484 0.000679402 0.0126276 0.00724169 -0.00854079 0.000385048 0.000531413 -0.0185393 0.000202343 0.00688242 0.0136777 -0.00332439 -0.0121501 0.0054146
internal_weight=1381.01 1345.63 31.3464 28.43 12.2736 1314.28 1305.16 9.12254 1271.98 81.8973 48.961 32.9363 19.3451 11.7078
internal_count=12498 9918 315 298 130 9603 9533 70 9271 802 544 258 175 113
is_linear=0
shrinkage=0.03


Tree=193
num_leaves=15
num_cat=0
split_feature=5 2 2 1 7 3 5 1 5 7 2 2 3 2
split_gain=4.83619 4.58444 7.28299 6.34046 10.341 7.09424 9.53617 12.6756 11.2642 7.66122 6.74681 8.45591 6.47642 7.48681
threshold=1.0000000180025095e-35 33.670000000000016 34.230000000000011 4.700000000000002 28.950000000000006 2.4527214424105277 975.23553466796886 1.1000000000000043 589.43872070312511 12.950000000000001 28.680000000000007 32.810000000000009 2.810870717149752 30.490000000000006
decision_type=2 2 2 2 2 2 2 2 2 2 2 2 2 2
left_child=-1 3 -3 4 5 -2 7 8 9 -7 -11 -12 13 -9
right_child=1 2 -4 -5 -6 6 -8 12 -10 10 11 -13 -14 -15
leaf_value=0.014398429364993769 -0.025387137997464847 -0.010399867253808797 -0.00061288357066382516 0.0035999505714251925 -0.0091534966844515654 -0.021282663677495373 0.01767069216755 0.033022217919109274 -0.029376900148972068 -0.011144004621190355 0.020343222876923063 -0.007998802145394163 -0.017530395955948797 -0.0076392684547994076
leaf_weight=20.53813281096518 6.9511030474677673 78.899767889641225 477.81414713244885 497.60454658884555 110.69033473543823 5.5528616961091748 33.892127905972302 4.6516596954315927 6.0374281024560323 8.7247909833677095 58.110749241895974 10.723984781652687 38.741010698489845 13.721586294472216
leaf_count=239 211 543 3397 3187 3012 38 282 27 116 532 406 57 376 72
internal_value=0.000294588 6.98737e-05 -0.0020161 0.00153057 -0.00192773 0.00237288 0.0035782 0.000214883 0.00725628 0.010235 0.0127337 0.0158764 -0.0107118 0.00382838
internal_weight=1372.65 1352.12 556.714 795.402 297.798 187.107 180.156 146.264 89.1498 83.1124 77.5595 68.8347 57.1143 18.3732
internal_count=12495 12256 3940 8316 5129 2117 1906 1624 1149 1033 995 463 475 99
is_linear=0
shrinkage=0.03


Tree=194
num_leaves=15
num_cat=0
split_feature=8 2 0 2 5 3 8 4 1 4 3 2 4 2
split_gain=6.27666 5.24969 6.17366 5.62552 5.50302 7.28174 5.46358 5.44446 5.01166 11.4688 11.4875 11.6754 7.76921 8.61115
threshold=50.150000000000013 20.270000000000007 10.446250000000004 33.670000000000016 3623.920043945313 3.0040460897104149 9.4500000000000011 81.196429919217067 8.2900000000000045 72.671569416944962 2.4527214424105277 27.980000000000008 52.046784660216893 32.190000000000012
decision_type=2 2 2 2 2 2 2 2 2 2 2 2 2 2
left_child=1 4 6 8 5 -1 -3 -5 9 10 -4 -12 13 -13
right_child=-2 2 3 7 -6 -7 -8 -9 -10 -11 11 12 -14 -15
leaf_value=0.046557618460835934 -0.028513513805594675 0.027873006966744981 -0.026031150373571035 -0.0023984242625446281 -0.021362059500872388 0.0026184830730644564 -0.018553963182504542 -0.033639425464220087 0.0037319544624941662 -0.010853752632843329 0.017200062885842016 -0.0021167528029332867 -0.0010952493185233862 0.039728255829968764
leaf_weight=5.660308947786687 6.2326782331801942 1.6211209804751003 11.99601463973522 556.17677315324545 2.1091329120099536 7.1819431209005415 24.775711141061038 4.0736601240932933 376.50057856366038 84.159061382059008 42.221034911461174 8.3866441957652587 236.65754306782037 8.150482861325143
leaf_count=98 49 152 116 3907 129 232 1986 34 2620 1240 346 50 1464 40
internal_value=-0.000639367 -0.000491816 -0.000692778 -0.000401731 0.0166189 0.0239493 -0.0147894 -0.00268511 0.00126515 -0.00111018 0.00158383 0.00278924 0.000327974 0.0195963
internal_weight=1375.9 1369.67 1354.72 1328.32 14.9514 12.8423 26.3968 560.25 768.071 391.571 307.412 295.416 253.195 16.5371
internal_count=12463 12414 11955 9817 459 330 2138 3941 5876 3256 2016 1900 1554 90
is_linear=0
shrinkage=0.03


Tree=195
num_leaves=15
num_cat=0
split_feature=6 0 5 2 8 7 0 4 2 2 5 6 7 8
split_gain=7.90221 6.64761 10.4213 8.3264 10.8557 7.7726 8.36394 7.48682 17.0805 12.7366 10.2812 7.72698 6.58807 6.47588
threshold=4.4500000000000011 19.209166666666672 312.29508972167974 32.750000000000014 18.150000000000002 16.150000000000002 25.813333333333343 66.859289128495604 29.340000000000003 18.660000000000011 1445.3311157226565 5.6500000000000012 29.350000000000005 30.650000000000006
decision_type=2 2 2 2 2 2 2 2 2 2 2 2 2 2
left_child=-1 7 3 5 -5 -3 -7 8 10 -9 -2 -10 -8 -11
right_child=1 2 -4 4 -6 6 12 9 11 13 -12 -13 -14 -15
leaf_value=-0.023699276211108577 0.027761980226595259 -0.017451414012540408 -0.0015391009939940935 0.017377443368759748 0.00089072229556521785 0.022543442425112935 -0.019690595975159014 0.041106865631585159 0.013473862376118339 -0.0099166400083346446 0.00016705255986914443 -0.005763019014328157 0.0097450013306670125 0.00015324576747911939
leaf_weight=11.368241881951688 29.866578453220427 6.7097465842962256 420.00308647193015 39.435132760554552 324.85509584099054 51.914301339536905 7.0377573370933524 4.1312038651667526 20.853530235588551 178.08562352927402 20.061110398732126 134.49709448032081 46.701597344130278 84.59812226286158
leaf_count=122 258 58 2599 310 2277 517 54 115 85 3563 333 1134 340 778
internal_value=0.000172948 0.000388378 0.00190479 0.00493624 0.00271813 0.0120401 0.0140591 -0.00248972 0.00181316 -0.00579461 0.0168952 -0.00311109 0.00560079 -0.00668532
internal_weight=1380.12 1368.75 896.657 476.654 364.29 112.363 105.654 472.093 205.278 266.815 49.9277 155.351 53.7394 262.684
internal_count=12543 12421 6155 3556 2587 969 911 6266 1810 4456 591 1219 394 4341
is_linear=0
shrinkage=0.03


Tree=196
num_leaves=15
num_cat=0
split_feature=1 1 7 8 8 0 4 0 1 8 8 5 0 7
split_gain=4.89081 7.30473 8.45764 16.8338 6.79732 4.98229 7.62224 7.92134 11.3512 6.90929 6.6087 6.43837 7.17489 16.3471
threshold=-11.299999999999997 -7.0499999999999945 50.150000000000013 26.050000000000004 22.750000000000004 19.209166666666672 67.526105934287202 11.743750000000004 -3.3599999999999977 30.150000000000006 45.050000000000004 317.27412414550787 25.674583333333334 21.150000000000006
decision_type=2 2 2 2 2 2 2 2 2 2 2 2 2 2
left_child=-1 2 3 4 -2 6 7 8 -3 -8 -11 12 13 -7
right_child=1 5 -4 -5 -6 11 9 -9 -10 10 -12 -13 -14 -15
leaf_value=-0.022322265022714196 0.025105363376234261 -0.0060512218340923463 -0.023168743565402789 -9.8108265755875832e-05 0.09313008022509249 0.0012764535888027805 -0.01004354392469093 0.00016577557280528457 0.049731872796988881 0.0026660981151853539 -0.036437919243739944 -0.0013838665895186243 0.0010492962934659431 0.020335631820468471
leaf_weight=7.6074641500599673 3.815871654078367 5.7126342002302408 2.8272191397845736 8.966317705344407 2.5200615753419697 104.96984922513366 150.12248458573595 192.85034132935107 6.148284772410987 78.78644962515682 3.0894673876464358 415.81563788466156 323.95242786034942 65.096550112590194
leaf_count=612 119 114 245 182 65 672 2891 1182 81 722 19 2573 2367 670
internal_value=0.000220923 0.000362845 0.0187709 0.0274655 0.0611685 0.000101258 -0.00252927 0.0016869 0.0244833 -0.00624081 0.000768701 0.00136527 0.00367734 0.00864799
internal_weight=1372.28 1364.67 18.1295 15.3023 6.33593 1346.54 436.71 204.711 11.8609 231.998 81.8759 909.834 494.019 170.066
internal_count=12514 11902 611 366 184 11291 5009 1377 195 3632 741 6282 3709 1342
is_linear=0
shrinkage=0.03


Tree=197
num_leaves=15
num_cat=0
split_feature=6 1 1 7 8 3 5 7 8 5 1 5 3 3
split_gain=5.14075 4.50569 5.70913 7.31552 4.62505 9.52144 8.331 4.11791 4.41986 4.16449 5.90987 5.66536 4.81059 4.14677
threshold=4.4500000000000011 -11.299999999999997 -9.769999999999996 26.950000000000006 11.350000000000003 2.9770693765832159 1321.1693115234377 146.25000000000003 41.150000000000013 45.020414352416999 23.050000000000008 46.758338928222663 3.1023342106830545 3.2689124556537208
decision_type=2 2 2 2 2 2 2 2 2 2 2 2 2 2
left_child=-1 -2 3 -3 5 6 -4 9 -9 -6 11 12 -11 -13
right_child=1 2 4 -5 7 -7 -8 8 -10 10 -12 13 -14 -15
leaf_value=-0.018837931571841084 -0.022088286668871776 0.071085423532610673 -0.016263560608533824 -0.0059913656430736076 0.0034741349078419299 0.030913036383900819 0.034635017639197761 -0.035473971514817529 0.014503674491195766 -0.0010960178652854495 0.016759588918038641 -0.0018343219206686976 -0.054370169566780056 0.0037730591629278067
leaf_weight=12.400676814373581 7.3854185342788687 1.2945738546550267 11.300525123719128 1.8691930440254507 222.07523154187948 11.816211116034536 2.7974694408476344 4.7629353529773644 1.5669050365686414 2.8872615289874366 15.572131283581255 939.97046995721757 2.3374392837285995 134.88153376383707
leaf_count=131 608 30 322 117 2292 204 16 87 8 26 95 7791 19 819
internal_value=-0.000347632 -0.000165386 -2.95075e-05 0.0350453 -0.000137588 0.0121744 -0.00453868 -0.000387562 -0.0228115 -0.000262629 -0.00102251 -0.00129415 -0.0298356 -0.00112781
internal_weight=1372.92 1360.52 1353.13 3.16377 1349.97 25.9142 14.098 1324.05 6.32984 1317.72 1095.65 1080.08 5.2247 1074.85
internal_count=12565 12434 11826 147 11679 542 338 11137 95 11042 8750 8655 45 8610
is_linear=0
shrinkage=0.03


Tree=198
num_leaves=15
num_cat=0
split_feature=6 5 2 8 8 8 7 7 8 0 7 0 7 5
split_gain=5.6191 8.04217 8.86125 10.428 8.48132 9.12058 8.20988 7.96514 6.92684 6.45831 6.35807 9.34768 6.2762 9.31389
threshold=6.1500000000000012 214.89668273925784 27.980000000000008 31.550000000000004 25.250000000000004 18.950000000000006 76.750000000000014 46.150000000000013 37.250000000000007 27.169583333333339 40.750000000000007 15.500416666666672 45.350000000000016 3.7577306032180791
decision_type=2 2 2 2 2 2 2 2 2 2 2 2 2 2
left_child=1 6 7 4 5 -4 -1 10 -8 -6 11 -3 13 -2
right_child=12 2 3 -5 9 -7 8 -9 -10 -11 -12 -13 -14 -15
leaf_value=0.0028456656555444055 -0.018489537403869445 -0.019129771575643651 -0.02048505448772801 -0.00033905797727287734 -0.019988627770194733 0.00091775635939186819 -0.02630016492794067 -0.0085293516366327302 0.0032008528257180132 0.01311966762811274 0.035497819816621839 0.014528963631707519 0.016293821302048907 0.0019612067210099762
leaf_weight=308.02968477318063 19.715500381309539 8.8661471116356534 23.801066116429865 118.77681763470173 87.425475102849305 64.295169463381171 15.862646566238256 26.412610172759742 12.11229202756658 4.9760934188961974 7.4532627929002038 29.625389318913221 25.179241428617388 619.93506699986756
leaf_count=2809 183 327 132 618 505 324 596 500 84 23 89 172 504 5638
internal_value=-8.45752e-05 -0.00194385 -0.00497906 -0.00725282 -0.0117755 -0.00502969 0.00141801 0.00439599 -0.0138575 -0.0180843 0.0118499 0.00648792 0.00189436 0.00130299
internal_weight=1372.47 707.637 371.632 299.275 180.498 88.0962 336.005 72.3574 27.9749 92.4016 45.9448 38.4915 664.83 639.651
internal_count=12504 6179 2690 1602 984 456 3489 1088 680 528 588 499 6325 5821
is_linear=0
shrinkage=0.03


Tree=199
num_leaves=15
num_cat=0
split_feature=0 4 2 2 4 3 3 2 0 5 0 0 6 5
split_gain=5.72484 9.92044 10.7187 10.4702 10.0768 7.64839 10.4595 12.0048 7.58755 7.05351 9.0027 6.6105 6.52722 6.65823
threshold=19.209166666666672 71.172630964416285 27.980000000000008 33.350000000000016 52.676026324039931 2.9430293045160512 2.8136610352683262 29.340000000000003 14.366666666666671 457.52059936523443 18.337083333333339 18.57833333333334 6.4500000000000011 852.39916992187511
decision_type=2 2 2 2 2 2 2 2 2 2 2 2 2 2
left_child=1 2 4 12 -1 6 9 -8 -9 -4 -11 -12 13 -3
right_child=-2 3 5 -5 -6 -7 7 8 -10 10 11 -13 -14 -15
leaf_value=-0.028154618510556579 0.0016475064833348482 -0.01628725831417226 0.0046085309813710526 -0.056006182815161107 0.016435370241449841 0.004548853076751078 0.011955722650886879 0.0025183017742971682 -0.031088183405979637 -0.017020002145462159 0.039309795789895553 -0.0081459408013306468 0.0027311550576790255 0.00078233049219284467
leaf_weight=4.1067934082821003 898.62341604568064 72.750563859008253 73.727655189111829 3.1602210551500312 49.700338228605688 99.945021502673626 9.338199542835353 7.2629558704793444 31.305553361773491 35.825895085930824 4.1089547425508481 4.8910507559776306 39.775530390441418 28.396127069368958
leaf_count=165 6237 2440 627 18 542 521 86 69 170 555 20 28 734 236
internal_value=0.000250402 -0.00245137 0.000495694 -0.00895926 0.0125805 -0.00198304 -0.00590863 -0.0175827 -0.0248559 -0.0010836 -0.010342 0.0152844 -0.00751702 -0.0115344
internal_weight=1362.92 464.295 320.212 144.082 53.8071 266.405 166.46 47.9067 38.5685 118.554 44.8259 9.00001 140.922 101.147
internal_count=12448 6211 2783 3428 707 2076 1555 325 239 1230 603 48 3410 2676
is_linear=0
shrinkage=0.03


Tree=200
num_leaves=15
num_cat=0
split_feature=2 5 0 3 1 4 4 2 2 0 4 4 1 3
split_gain=5.8879 6.73851 6.17663 4.83987 20.1048 4.74354 4.63124 4.48394 4.84686 4.29635 6.34454 5.87241 5.4123 5.2266
threshold=41.650000000000013 589.43872070312511 25.602500000000003 2.2379707788842 9.0500000000000043 23.711878469619144 42.849604191296926 36.650000000000013 31.960000000000008 10.87708333333334 71.483629435779378 67.133651967198915 -3.3599999999999977 2.9638916653942933
decision_type=2 2 2 2 2 2 2 2 2 2 2 2 2 2
left_child=3 2 -2 4 -1 -4 -6 8 -8 10 11 -5 -11 -13
right_child=1 -3 5 9 6 -7 7 -9 -10 12 -12 13 -14 -15
leaf_value=-0.028432071144520742 0.039719965184631445 -0.024944843717278196 -0.022923131244059324 -0.012512093945737213 -0.021895128309138822 0.014269174582128594 0.018404983955503558 0.032266821804123637 -0.024956952791411982 0.011601631285559119 -0.023481128356041461 0.033738033900054504 0.00044503798623767406 -0.0060243537468814001
leaf_weight=22.372517664916813 7.3414161019027295 2.8747230917215338 2.7468148265033987 12.693469787947835 2.1240470595657852 18.287985665723681 4.8464037962257889 8.5719102062284929 2.8485964387655258 39.427849445492029 15.449128804262726 5.7196653643622977 1227.4258467149921 4.8725966392084956
leaf_count=396 56 62 93 470 52 224 26 43 22 345 1981 195 8431 105
internal_value=0.000479439 0.0131469 0.0177237 0.000175867 -0.00987757 0.00859254 0.0129961 0.0185562 0.00132878 0.000497078 -0.00921731 0.000823352 0.000801138 0.0165049
internal_weight=1377.6 31.2509 28.3762 1346.35 40.7635 21.0348 18.391 16.2669 7.695 1305.59 38.7349 23.2857 1266.85 10.5923
internal_count=12501 435 373 12066 539 317 143 91 48 11527 2751 770 8776 300
is_linear=0
shrinkage=0.03


Tree=201
num_leaves=15
num_cat=0
split_feature=2 3 7 1 1 7 2 3 1 5 1 1 5 7
split_gain=5.69295 10.4115 10.1516 10.3968 13.1175 7.05437 6.22971 6.02911 5.53325 7.25507 6.81056 5.52191 4.20692 4.05629
threshold=41.650000000000013 2.4527214424105277 9.2500000000000018 10.870000000000005 18.47000000000001 11.850000000000003 18.660000000000011 2.4710422112878279 5.8600000000000039 168.22674560546878 9.2100000000000044 3.8700000000000023 3623.920043945313 70.250000000000014
decision_type=2 2 2 2 2 2 2 2 2 2 2 2 2 2
left_child=1 2 -1 5 -5 -4 12 -8 11 10 -10 -2 13 -3
right_child=8 6 3 4 -6 -7 7 -9 9 -11 -12 -13 -14 -15
leaf_value=-0.022854978140749091 -0.010326150580142053 0.045930122235471577 0.0090138067743638865 0.029420925104787797 -0.022454170717924452 -0.023275907662190672 0.030103551654605629 0.00017978447153462479 -0.012165847157333791 -0.0097513738707269374 0.040910028085274816 0.040112284730487925 -0.016584151774670264 -0.0058802056990226769
leaf_weight=33.734820114448667 2.0452545825392026 4.9496151423081747 8.2277730489149707 14.186669688671829 5.325057975947856 18.406311907339841 5.0898988936096421 1232.6841005082242 2.6886045262217539 13.640451660379766 5.5791139788925648 7.9763285666704178 1.1464931983500717 1.4924369659274814
leaf_count=500 32 42 92 72 34 272 44 10786 18 291 39 54 73 89
internal_value=0.000133018 -0.00017302 -0.0106033 -0.00135198 0.0148589 -0.0133358 0.000503977 0.000327037 0.0124546 0.00355822 0.0241998 0.0298156 0.0259663 0.0347499
internal_weight=1357.17 1325.24 79.8806 46.1458 19.5117 26.6341 1245.36 1237.77 31.9298 21.9082 8.26772 10.0216 7.58855 6.44205
internal_count=12438 12004 970 470 106 364 11034 10830 434 348 57 86 204 131
is_linear=0
shrinkage=0.03


Tree=202
num_leaves=15
num_cat=0
split_feature=5 6 5 3 3 5 8 1 1 8 1 1 8 5
split_gain=4.99247 5.1093 9.64052 9.72224 12.4682 8.30294 8.37224 7.79152 7.19709 7.20195 6.0204 5.88673 6.68583 5.82407
threshold=2.0699175596237187 6.1500000000000012 3.7577306032180791 2.8538259245807174 2.8440358226410267 112.93912887573244 23.350000000000005 1.840000000000005 20.390000000000008 41.650000000000013 19.070000000000007 1.0300000000000027 33.850000000000009 75.77875137329103
decision_type=2 2 2 2 2 2 2 2 2 2 2 2 2 2
left_child=-1 -2 -3 4 8 6 7 -5 9 13 11 -8 -13 -4
right_child=1 2 3 5 -6 -7 10 -9 -10 -11 -12 12 -14 -15
leaf_value=0.011348037489229707 -0.0020434202401776748 -0.028631818476794559 0.0099109856314489979 0.019783364258440007 -0.033578966080870361 0.0095865570048351157 0.016655492034930781 -0.034334562639061386 -0.028614974156229898 -0.026880609419339424 0.01984613831098438 0.00026766313196309043 -0.026122879075966259 -0.00060516590794526147
leaf_weight=33.185547659639269 696.24177368870005 8.3259763778187317 55.848659812007099 2.3384335855953386 9.3477615113370103 197.70876458613202 10.613925785757599 10.161592346616088 6.8299829363822928 7.457594195380806 13.080486375838516 29.234632971696556 11.25235043466091 284.52283262135461
leaf_count=423 5994 91 437 49 98 1576 73 113 51 60 163 289 118 3014
internal_value=2.65669e-05 -0.00026143 0.0016572 0.00209639 -0.00111842 0.00634974 -0.00201178 -0.023495 -0.000170845 0.000468115 0.00246857 -0.00227517 -0.0075198 0.00114432
internal_weight=1376.15 1342.96 646.723 638.397 364.007 274.39 76.6814 12.5 354.659 347.829 64.1814 51.1009 40.487 340.371
internal_count=12549 12126 6132 6041 3660 2381 805 162 3562 3511 643 480 407 3451
is_linear=0
shrinkage=0.03


Tree=203
num_leaves=15
num_cat=0
split_feature=5 7 3 6 4 0 5 3 7 0 7 6 3 8
split_gain=5.6442 5.97826 7.8304 9.59773 7.25902 5.14511 6.32835 10.4743 4.90463 4.73782 7.36684 7.97115 9.38158 7.65642
threshold=1321.1693115234377 20.150000000000006 2.4527214424105277 5.7500000000000009 54.324133848442266 16.858750000000008 1751.1118164062502 3.2404493979600191 36.350000000000009 18.211250000000003 68.050000000000026 5.3500000000000014 3.1880252168418211 29.350000000000005
decision_type=2 2 2 2 2 2 2 2 2 2 2 2 2 2
left_child=9 2 -2 -4 -3 -6 8 -8 -7 10 11 12 -1 -13
right_child=1 4 3 -5 5 6 7 -9 -10 -11 -12 13 -14 -15
leaf_value=0.017914039404494448 -0.011144135677282877 -0.030919133852884782 -0.011760222685203577 0.025945010483131425 0.012551510012608553 0.016569082783376762 -0.04890035355936926 0.012825061791688011 -0.015089984336561134 0.00016714484448595934 -0.026834826197260703 -0.0082011222343338422 -0.014861793323865958 0.0020927017517957678
leaf_weight=29.087282995693386 8.5757876634597761 5.2643873114138833 6.7809866666793814 33.066101808100939 25.544530630111694 10.632753834128385 5.2623805254697782 3.5262306705117226 6.1432312987744799 917.64532768912613 11.239819546695797 196.06975618936121 9.7896303990855795 96.543193945195526
leaf_count=232 193 153 33 205 254 72 41 21 43 6321 856 2995 58 1004
internal_value=-0.000399994 0.00625616 0.0138726 0.0193977 -0.000413886 0.0032613 -0.00614467 -0.0253543 0.00477908 -0.000957954 -0.00396209 -0.00310816 0.00949501 -0.00480927
internal_weight=1365.17 104.796 48.4229 39.8471 56.3735 51.1091 25.5646 8.78861 16.776 1260.38 342.73 331.49 38.8769 292.613
internal_count=12481 1015 431 238 584 431 177 62 115 11466 5145 4289 290 3999
is_linear=0
shrinkage=0.03


Tree=204
num_leaves=15
num_cat=0
split_feature=2 7 5 3 1 1 2 1 4 2 1 7 8 4
split_gain=4.83344 4.98154 4.60319 4.13633 8.41486 3.85175 3.9206 5.39239 4.73759 4.57268 4.58815 8.87788 3.71108 11.4831
threshold=41.650000000000013 7.6500000000000012 46.758338928222663 2.1319713346382998 5.8600000000000039 -11.299999999999997 20.270000000000007 -6.4999999999999956 77.1588184121496 22.690000000000008 -9.769999999999996 26.950000000000006 25.450000000000006 46.648516709309284
decision_type=2 2 2 2 2 2 2 2 2 2 2 2 2 2
left_child=5 2 -2 -4 -5 -1 7 -7 -9 -8 11 -11 -12 -14
right_child=1 -3 3 4 -6 6 9 8 -10 10 12 -13 13 -15
leaf_value=-0.021377442557233381 0.027650764115169923 0.033529783016656052 -0.012554982021884618 0.046513997782960823 -0.0087173795774764147 -0.021819451197880736 -0.01780419156207546 0.040990402573138317 0.00095947261213882439 0.07008028412037795 0.0018296740694373512 -0.017512511542858704 -0.02104102324132481 -0.00085611765584416575
leaf_weight=6.7796135405078521 5.2238955721259144 6.1297122016549102 12.198680674657227 3.0493878722190839 5.7729347813874483 1.9711818960495282 12.399983222130684 5.6083581033162755 4.5362287838943303 1.311535359360277 474.43704125285149 1.3130650077946482 25.199551058933139 801.58027916168794
leaf_count=602 20 33 285 17 71 55 686 54 213 29 4122 98 291 5936
internal_value=-4.80491e-05 0.0112287 0.00498065 -0.00165289 0.013165 -0.00032969 -0.000206267 0.0161151 0.0247825 -0.000368622 -0.000189286 0.0335169 -0.000282959 -0.00149601
internal_weight=1367.51 32.3746 26.2449 21.021 8.82232 1335.14 1328.36 12.1158 10.1446 1316.24 1303.84 2.6246 1301.22 826.78
internal_count=12512 426 393 373 88 12086 11484 322 267 11162 10476 127 10349 6227
is_linear=0
shrinkage=0.03


Tree=205
num_leaves=15
num_cat=0
split_feature=1 1 6 8 0 6 8 7 6 4 6 3 0 3
split_gain=6.18969 4.86799 5.18114 3.44906 3.43766 8.06633 10.0337 9.83228 8.55352 16.3074 9.70426 13.9312 9.33736 7.55116
threshold=-11.299999999999997 -9.769999999999996 6.2500000000000009 50.150000000000013 18.211250000000003 5.3500000000000014 30.650000000000006 78.750000000000014 7.2500000000000009 67.387608604645877 6.3500000000000014 2.9168065051391481 16.999583333333341 2.9694485285885892
decision_type=2 2 2 2 2 2 2 2 2 2 2 2 2 2
left_child=-1 2 -2 4 5 7 8 -3 9 -7 -11 12 -12 -13
right_child=1 3 -4 -5 -6 6 -8 -9 -10 10 11 13 -14 -15
leaf_value=-0.026696122474953607 -0.015573340283720491 0.014783920620171899 0.050542492541017961 -0.020689188876519861 0.0010950911200919265 0.0047525183135083433 0.0049592577829555406 -0.024835000808028241 -0.018478947078967158 -0.018536582644130693 -0.025935839449270425 0.039601033764186271 0.019853045640777965 0.00063653327743757487
leaf_weight=6.7911801105365148 1.0027938866987818 39.848017941229045 2.3578102262690663 6.2006889171898356 951.34681724384427 96.258314661681652 85.539101788308471 5.6154527063481501 45.787443171255291 71.498150712810457 16.538857715204362 7.8078124453313675 4.3900388181209555 9.1697701122611743
leaf_count=604 85 282 67 42 6510 640 815 371 450 1811 482 125 22 82
internal_value=-3.37539e-05 0.000120792 0.0317667 1.7797e-05 0.000129489 -0.00226903 -0.00387486 0.00946118 -0.00688782 -0.00423032 -0.0121052 0.000190086 -0.0158638 0.0197619
internal_weight=1350.15 1343.36 3.3606 1340 1333.8 382.453 336.989 45.4635 251.45 205.663 109.405 37.9065 20.9289 16.9776
internal_count=12388 11784 152 11632 11590 5080 4427 653 3612 3162 2522 711 504 207
is_linear=0
shrinkage=0.03


Tree=206
num_leaves=15
num_cat=0
split_feature=5 8 3 5 7 4 0 2 5 7 3 2 4 8
split_gain=3.66279 3.53853 4.08005 3.67718 8.55519 3.40781 3.41119 4.89177 4.33045 6.96994 5.43387 3.78923 8.96121 6.90426
threshold=1.0000000180025095e-35 9.9500000000000011 2.9770693765832159 2241.214233398438 42.350000000000016 23.711878469619144 12.124166666666671 18.660000000000011 1384.089294433594 35.250000000000007 2.4910533609488996 30.620000000000005 62.942957607472671 17.350000000000005
decision_type=2 2 2 2 2 2 2 2 2 2 2 2 2 2
left_child=-1 2 -2 5 -5 -3 7 -7 -9 10 -10 12 -8 -14
right_child=1 3 -4 4 -6 6 11 8 9 -11 -12 -13 13 -15
leaf_value=0.012190571655750198 -0.0022098881182168397 -0.025069948062602973 0.026924842509569776 -0.033494938855334874 0.010662758325933367 0.023456460897588349 0.017906246963451538 -0.013226120474156665 -0.014014373196177885 -0.01607213907191421 0.059519135685658489 -0.00074823808521841514 -0.017254971589655381 0.002611033653344893
leaf_weight=20.485102507285774 7.9343548808246878 3.978903839364647 8.1562566324137133 8.2362913521938008 6.2357167759910217 3.3243272551335386 31.995482318103313 44.500975796021521 0.82743418775498812 3.246364576742053 2.0419127075001597 986.31646855548024 15.935772653669117 223.6712456420064
leaf_count=250 247 129 172 184 89 76 171 2751 45 71 50 6366 126 1736
internal_value=-9.87171e-05 -0.000294604 0.0132697 -0.000468513 -0.0150088 -0.000297318 -0.000203144 -0.00752033 -0.0099698 0.0122537 0.0401726 0.00011635 0.0032473 0.00122356
internal_weight=1366.89 1346.4 16.0906 1330.31 14.472 1315.84 1311.86 53.941 50.6167 6.11571 2.86935 1257.92 271.603 239.607
internal_count=12463 12213 419 11794 273 11521 11392 2993 2917 166 95 8399 2033 1862
is_linear=0
shrinkage=0.03


Tree=207
num_leaves=15
num_cat=0
split_feature=6 7 1 2 5 6 0 6 5 0 8 5 6 0
split_gain=7.31666 7.45876 6.5955 4.70572 8.08006 13.741 10.7562 9.40604 8.72979 6.43921 5.5738 4.27466 4.11174 3.95157
threshold=4.2500000000000009 70.250000000000014 6.9000000000000048 27.890000000000004 245.0464782714844 5.3500000000000014 16.999583333333341 6.5500000000000016 1992.388610839844 9.7758333333333383 35.150000000000013 65.958995819091811 6.6500000000000012 20.674166666666672
decision_type=2 2 2 2 2 2 2 2 2 2 2 2 2 2
left_child=-1 3 -3 4 5 -2 7 -7 10 -9 -6 -11 -4 -5
right_child=1 2 12 13 8 6 -8 9 -10 11 -12 -13 -14 -15
leaf_value=-0.030943021340795844 0.03955246703463336 -0.03172044000821031 -0.00831737058875337 -0.0024837026857450553 0.01979820868049351 -0.028435566333589915 0.019941273070952149 0.058630221707352534 -0.008915351404596308 0.012073714352029887 0.00034266726301506557 -0.023523608413452766 0.023702049125538149 0.0011690407604026079
leaf_weight=5.883929922245442 4.6724688103422514 10.091928984737022 36.624677961692214 409.43491420662031 56.310417443979532 22.260772191919386 7.7117769978940478 0.71759974490851064 15.645762204658238 5.967591096647082 17.285667913965881 4.4135252833366394 3.0258390177041283 759.32521639205515
leaf_count=61 74 838 248 2998 1015 1044 64 47 273 133 132 177 51 5284
internal_value=-9.28243e-05 6.40346e-05 -0.0112206 0.000502851 0.00578473 -0.00440416 -0.0102261 -0.0175774 0.0109983 0.00475111 0.0152945 -0.0037976 -0.00535092 -0.000111602
internal_weight=1359.37 1353.49 49.7424 1303.75 134.986 45.7437 41.0713 33.3595 89.2418 11.0987 73.5961 10.3811 39.6505 1168.76
internal_count=12439 12378 1137 11241 2959 1539 1465 1401 1420 357 1147 310 299 8282
is_linear=0
shrinkage=0.03


Tree=208
num_leaves=15
num_cat=0
split_feature=1 2 1 7 0 1 8 0 0 0 6 7 7 2
split_gain=3.54605 4.52544 3.90502 6.43839 3.88022 4.28993 9.15438 7.657 6.23263 5.31536 7.69929 9.18769 8.01349 9.79031
threshold=-11.299999999999997 20.850000000000012 -9.769999999999996 27.350000000000005 8.867500000000005 -3.3599999999999977 28.050000000000004 13.701666666666673 12.975000000000003 18.858333333333338 5.6500000000000012 33.45000000000001 22.550000000000004 35.570000000000014
decision_type=2 2 2 2 2 2 2 2 2 2 2 2 2 2
left_child=-1 -2 3 -3 -4 6 7 -6 -8 -7 12 -12 -11 -14
right_child=1 2 4 -5 5 9 8 -9 -10 10 11 -13 13 -15
leaf_value=-0.020908799160916102 0.015508044800077135 0.057190117004676452 -0.021674154910255702 -0.016669534880312028 0.028840532933224857 -0.0036790383688986416 -0.025138031707997395 -0.004243015531522387 0.0082367121012262845 -0.0088221514594112975 0.0016770823710034058 0.015983972110395515 0.0022938003558765833 -0.021825980145126756
leaf_weight=6.4262749692425123 15.47020760597661 1.6359315495938056 6.6724915928207329 1.1789252250455318 19.794214114081118 361.95316993398592 8.5249519390054065 8.6971669569611532 9.9153181537985784 127.74792728200555 516.322608795017 42.864741232246161 209.55111125297844 15.320368520915506
leaf_count=606 420 32 732 99 349 3528 220 52 78 685 3679 499 1397 84
internal_value=-0.000235282 -0.000121101 -0.000314384 0.0299952 -0.000401192 -0.000277398 0.00853379 0.0189401 -0.00769188 -0.000608485 0.000613104 0.00280036 -0.00285358 0.000561178
internal_weight=1352.08 1345.65 1330.18 2.81486 1327.36 1320.69 46.9317 28.4914 18.4403 1273.76 911.807 559.187 352.619 224.871
internal_count=12460 11854 11434 131 11303 10571 699 401 298 9872 6344 4178 2166 1481
is_linear=0
shrinkage=0.03


Tree=209
num_leaves=15
num_cat=0
split_feature=2 1 6 1 3 3 3 1 1 5 3 6 2 8
split_gain=5.69464 6.32894 9.91699 9.3673 8.71206 5.81065 6.82903 12.0793 11.6734 7.58223 13.9505 11.8526 13.587 11.4767
threshold=33.670000000000016 7.9600000000000053 5.0500000000000016 13.640000000000006 3.4676746540403949 2.3672237357315464 2.8136610352683262 0.46000000000000091 0.46000000000000091 479.58592224121099 3.1233713657016984 6.1500000000000012 27.04000000000001 30.450000000000006
decision_type=2 2 2 2 2 2 2 2 2 2 2 2 2 2
left_child=1 5 3 -3 -5 -1 7 -7 -8 10 13 12 -11 -10
right_child=-2 2 -4 4 -6 6 8 -9 9 11 -12 -13 -14 -15
leaf_value=-0.024375498516345521 -0.002637823922261676 0.023856490117028284 0.0062149111056821402 -0.020868343829323267 0.0029318858432972766 -0.010029211569188151 0.0046342054417439788 0.012270214738733061 -0.026566540613676186 0.011732167348617295 0.0045326650690498578 0.017222646995989903 -0.019547031259543692 -0.001863419622910439
leaf_weight=8.5697262622416002 554.74226580839604 6.9742818735539904 320.94297412037849 32.142146483063698 23.391796819865704 29.913023064378649 110.82281740475446 74.472627878189087 55.424907819833606 18.893512239214033 30.57055543595925 23.033362813293934 33.111978493630886 24.406622499693185
leaf_count=200 3945 35 2368 179 109 1435 1917 393 939 111 267 124 191 196
internal_value=-0.000309054 0.00132198 0.00408629 -0.00676872 -0.0109688 -0.0012719 -0.00071827 0.0058455 -0.00304284 -0.00763102 -0.0125963 -0.000256129 -0.0081764 -0.0191306
internal_weight=1347.41 792.67 383.451 62.5082 55.5339 409.219 400.649 104.386 296.264 185.441 110.402 75.0389 52.0055 79.8315
internal_count=12409 8464 2691 323 288 5773 5573 1828 3745 1828 1402 426 302 1135
is_linear=0
shrinkage=0.03


Tree=210
num_leaves=15
num_cat=0
split_feature=5 7 5 6 0 0 0 5 7 3 0 7 0 6
split_gain=4.84046 5.37059 6.59882 8.29016 8.77638 10.7958 8.34271 8.1284 7.54088 6.41147 7.6888 9.53685 7.59735 6.54274
threshold=1321.1693115234377 68.050000000000026 317.27412414550787 5.5500000000000016 24.435833333333338 27.169583333333339 27.82458333333334 1244.7712402343752 28.350000000000005 2.9559473827183083 26.192500000000006 49.150000000000013 28.038333333333338 5.1500000000000012
decision_type=2 2 2 2 2 2 2 2 2 2 2 2 2 2
left_child=1 2 9 4 -4 8 7 -5 -6 -1 11 -11 -12 -14
right_child=-2 -3 3 6 5 -7 -8 -9 -10 10 12 -13 13 -15
leaf_value=-0.0016921907560690347 0.0063914915895981689 -0.010308221670461751 -0.0034518449573143432 0.0020418693303795687 -0.035490795720166404 0.025508883821690555 -0.018048332568018386 -0.02029529960433776 -0.0088968844269661385 0.0059653607764537288 -0.0033195578700875297 0.028143805204231317 -0.020055626802537637 0.014241858983560887
leaf_weight=274.55647525191307 104.93703378224745 45.351609895238653 87.601834921166301 313.29415654856712 22.571956232190132 3.5138265937566748 21.077357629314065 14.381602014414964 17.651942893862724 224.5149190290831 157.58416741713881 18.055033469572663 4.7859447821974745 41.68164823576808
leaf_count=3066 1026 1130 558 2592 132 17 267 115 87 1705 1160 231 27 369
internal_value=0.000234991 -0.000287953 9.86017e-05 -0.00262343 -0.00901642 -0.0198354 -0.000196956 0.00100273 -0.0243192 0.0019118 0.00412615 0.00772492 -0.000168758 0.0103613
internal_weight=1351.56 1246.62 1201.27 480.093 131.34 43.7377 348.753 327.676 40.2239 721.178 446.622 242.57 204.052 46.4676
internal_count=12482 11456 10326 3768 794 236 2974 2707 219 6558 3492 1936 1556 396
is_linear=0
shrinkage=0.03


Tree=211
num_leaves=15
num_cat=0
split_feature=3 8 2 5 0 1 8 2 2 3 2 6 5 8
split_gain=4.45691 7.62617 12.4762 9.112 6.3874 7.69495 8.14565 10.4891 9.11673 8.40113 8.27624 11.4435 7.50235 9.78334
threshold=3.4203353837591273 34.95000000000001 35.150000000000013 820.70245361328136 20.674166666666672 8.6100000000000048 26.550000000000004 21.070000000000011 37.870000000000012 2.4527214424105277 33.350000000000016 6.6500000000000012 23.941837310791019 31.650000000000006
decision_type=2 2 2 2 2 2 2 2 2 2 2 2 2 2
left_child=4 2 -2 -3 5 6 8 -8 9 -1 11 -9 13 -13
right_child=1 3 -4 -5 -6 -7 7 10 -10 -11 -12 12 -14 -15
leaf_value=-0.019093687364325741 0.0070147484701198895 -0.0092146760969539186 -0.046749964015634297 -0.05202942375127783 0.0026578061283653218 0.010023848592221531 0.034627067537689502 -0.011275907585276414 0.043024239610069848 0.0016414536940075597 -0.018438953029168429 -0.042023286219193608 0.008830434496422325 0.0050025245545770574
leaf_weight=17.983890159521252 47.834827131126076 51.897674180567265 3.223260633647441 3.9976640194654456 701.67261489853263 45.183312989771366 4.3891333132050923 100.74889505770989 3.5354840345680705 237.8255520069506 50.346549849025905 5.6789308926090589 60.39273075805977 9.403758670203386
leaf_count=307 326 333 24 26 4965 321 61 1077 37 3733 366 57 671 62
internal_value=0.000266798 -0.00557957 0.00278778 -0.0131375 0.000776319 -0.00168943 -0.00278706 -0.00687178 0.000863026 0.00011506 -0.00782433 -0.00470484 0.00409934 -0.0142156
internal_weight=1344.11 106.953 51.0581 55.8953 1237.16 535.488 490.305 230.96 259.345 255.809 226.571 176.224 75.4754 15.0827
internal_count=12366 709 350 359 11657 6692 6371 2294 4077 4040 2233 1867 790 119
is_linear=0
shrinkage=0.03


Tree=212
num_leaves=15
num_cat=0
split_feature=6 3 8 8 4 5 6 3 8 5 0 3 8 0
split_gain=5.10292 10.6906 7.89587 10.4349 9.68714 7.50596 8.56626 7.34962 6.1708 8.50137 8.2562 5.92978 6.10845 5.55467
threshold=5.9500000000000011 2.903236532548052 23.750000000000004 29.550000000000004 61.851828284913751 6.4401400089263925 7.8500000000000014 2.8921892274300811 36.550000000000004 561.35559082031261 24.18458333333334 3.0929380882275557 40.350000000000016 9.1775000000000038
decision_type=2 2 2 2 2 2 2 2 2 2 2 2 2 2
left_child=2 5 4 -4 7 6 -2 -1 -5 -10 11 -11 -13 -6
right_child=1 -3 3 8 13 -7 -8 -9 9 10 -12 12 -14 -15
leaf_value=0.006821947580960182 -0.0314961880522708 0.0055812002719138843 -0.010784961433556128 0.0020055059249042512 -0.020456080115167901 -0.00089631076362927742 0.015954027747263497 -0.036938918753001655 -0.00047158504504303598 0.004932506392515335 -0.04209380985697251 -0.005398470956410854 -0.041889273226019569 0.0073100739978959302
leaf_weight=5.2266959454864246 13.303494835738094 307.21581026958302 151.08838157402351 196.29842862021178 5.8721613201778373 418.47696293145418 3.8164996579289427 7.8370181247591972 67.772094477433711 13.380588397383692 8.7541758418083173 10.01275907456875 6.4698903635144225 130.28335900884122
leaf_count=34 155 2750 1190 1286 731 4354 22 44 454 70 48 56 37 1198
internal_value=-0.000358851 0.00130486 -0.00240709 -0.00437365 0.00356254 -0.00171702 -0.0206216 -0.0201904 -0.00114844 -0.00693224 -0.0179724 -0.00976657 -0.0212989 0.00597215
internal_weight=1345.81 742.813 602.996 453.776 149.219 435.597 17.12 13.0637 302.688 106.39 38.6174 29.8632 16.4826 136.156
internal_count=12429 7281 5148 3141 2007 4531 177 78 1951 665 211 163 93 1929
is_linear=0
shrinkage=0.03


Tree=213
num_leaves=15
num_cat=0
split_feature=1 8 4 1 0 4 3 5 5 1 4 1 6 1
split_gain=3.56242 3.34232 8.33635 7.43871 10.4075 9.62569 11.1271 8.7569 6.33857 6.24441 6.65889 7.3301 5.97079 6.33919
threshold=-11.299999999999997 26.150000000000006 46.648516709309284 0.24000000000000485 16.575000000000006 34.362118313930857 2.9118870329224529 26.566251754760746 35.316312789916999 2.2300000000000031 78.138227603378354 0.46000000000000091 5.9500000000000011 14.730000000000004
decision_type=2 2 2 2 2 2 2 2 2 2 2 2 2 2
left_child=-1 3 -3 5 -5 -2 -7 -6 -9 10 -4 -12 -11 -14
right_child=1 2 9 4 7 6 -8 8 -10 12 11 -13 13 -15
leaf_value=-0.020653989774301905 0.064592335720868935 -0.015528633132871948 -0.0084343389162236798 -0.010272892128031969 0.015845991370498629 -0.0056860107585030338 0.0162626482812019 -0.026702279841106926 0.0016225792954568997 -0.0016733551886503029 0.06727430529726372 -0.0081918781196920528 0.0008181346764514003 0.0098992601630115175
leaf_weight=6.2339360788464537 1.8491867017000903 32.072634709998965 100.46500883181579 65.52337616449222 39.091642944142222 32.18320221430622 55.662409249693155 6.2605673968791953 346.16072290949523 360.84828025568277 1.2613867213949554 1.9858333533629773 195.57484772149473 106.22311705350876
leaf_count=595 27 402 1298 1072 390 1248 726 54 2138 2270 67 103 1126 930
internal_value=0.00034296 0.000455537 -0.000781726 0.00226053 0.000701531 0.010109 0.00824802 0.0025597 0.00104527 -0.000145125 -0.0069535 0.0300605 0.000929341 0.00403653
internal_weight=1351.4 1345.16 798.431 546.731 457.036 89.6948 87.8456 391.513 352.421 766.358 103.712 3.24722 662.646 301.798
internal_count=12446 11851 6196 5655 3654 2001 1974 2582 2192 5794 1468 170 4326 2056
is_linear=0
shrinkage=0.03


Tree=214
num_leaves=15
num_cat=0
split_feature=1 5 6 3 3 0 0 6 7 0 5 0 3 1
split_gain=3.10382 5.95778 4.09108 3.62541 6.52212 5.95662 5.81545 5.36604 6.87814 15.3973 5.34204 7.95519 5.05884 4.93209
threshold=23.050000000000008 21.970743179321293 5.1500000000000012 3.4203353837591273 3.1960628240752507 16.071666666666676 25.087083333333343 6.1500000000000012 17.950000000000006 27.082500000000007 519.36660766601574 24.031250000000004 3.2466290414166497 12.890000000000006
decision_type=2 2 2 2 2 2 2 2 2 2 2 2 2 2
left_child=3 2 -2 4 -1 -6 -7 8 9 12 11 -5 -8 -12
right_child=1 -3 -4 10 5 6 7 -9 -10 -11 13 -13 -14 -15
leaf_value=-0.00052889663813544699 -0.023016634506376237 0.018004829991732491 0.0060302568573456445 0.029715117832879449 -0.013739349968678176 0.013199266249850256 -0.0089465981851155636 0.01815362936336164 0.0028576139796670863 0.021317019831223714 0.0019937812404913213 -0.0051887293542818179 -0.059178576947765148 -0.02958519589736289
leaf_weight=1045.3123317216523 5.9952466413378742 23.004233729094267 10.805678773671387 5.525926631409674 12.550586099736391 75.441189739853144 3.1537525653839094 15.000083891674874 73.154697012156248 4.5112537592649451 6.3922301246784654 58.34243443608284 5.0560238659381866 12.804324522614477
leaf_count=10147 35 155 120 52 172 538 20 148 510 27 41 386 42 77
internal_value=0.000241831 0.00839052 -0.00504557 -1.05885e-05 0.000399699 0.00551485 0.00695516 0.0022017 -0.000761546 -0.0202656 -0.00603888 -0.0017573 -0.0429488 -0.0194917
internal_weight=1357.05 39.8052 16.8009 1317.24 1234.18 188.868 176.317 100.876 85.8757 12.721 83.0649 63.8684 8.20978 19.1966
internal_count=12470 310 155 12160 11604 1457 1285 747 599 89 556 438 62 118
is_linear=0
shrinkage=0.03


Tree=215
num_leaves=15
num_cat=0
split_feature=3 1 6 2 1 5 6 2 4 5 3 6 4 2
split_gain=4.87025 10.057 12.1884 9.43502 5.69196 5.28651 4.54226 4.71421 4.84376 4.32768 3.44015 4.55197 6.51385 8.1199
threshold=2.2379707788842 9.4900000000000055 8.1500000000000021 41.650000000000013 15.400000000000006 54.973009109497077 8.0500000000000025 36.730000000000011 50.844238806043201 89.099853515625014 2.3929781808550867 6.6500000000000012 77.587975607541139 27.04000000000001
decision_type=2 2 2 2 2 2 2 2 2 2 2 2 2 2
left_child=1 3 4 -1 -3 -5 10 9 -9 -8 -2 -12 13 -13
right_child=6 2 -4 5 -6 -7 7 8 -10 -11 11 12 -14 -15
leaf_value=-0.030381008105179699 -0.011768899835196089 0.026006696978586635 -0.030084790319279242 0.0305266770953782 -0.007664609358041476 -0.010822299493594522 0.025275951775204131 0.050781729536662178 0.0050684962295840814 -0.012503702804360743 -0.00052372963123124274 0.026078019130156806 0.024957759940139868 0.0017854315957328863
leaf_weight=21.223498016595844 19.582076678983867 14.44660821370781 5.6890808530151835 3.3081488385796529 5.8488078583031884 6.9308641497045755 3.2147540450096148 3.9789927527308455 4.0146306939423084 6.744492182508111 913.40210857661441 11.877758997026829 11.285027032718061 330.27996151940897
leaf_count=392 229 156 126 12 59 119 16 25 24 84 8356 278 255 2396
internal_value=0.000234242 -0.00823835 0.00548397 -0.0193913 0.0163989 0.00406471 0.000613414 0.0151932 0.0309395 0.000884832 0.000398301 0.000595508 0.00348127 0.00270227
internal_weight=1361.83 57.447 25.9845 31.4625 20.2954 10.239 1304.38 17.9529 7.99362 9.95925 1286.43 1266.84 353.443 342.158
internal_count=12527 864 341 523 215 131 11663 149 49 100 11514 11285 2929 2674
is_linear=0
shrinkage=0.03


Tree=216
num_leaves=15
num_cat=0
split_feature=0 7 6 0 3 8 2 7 3 6 8 7 2 5
split_gain=3.63102 5.96173 7.56264 7.32805 7.22514 5.60388 9.21547 6.60592 7.9095 5.84554 5.40441 10.1603 6.6561 7.7804
threshold=18.337083333333339 73.350000000000009 5.3500000000000014 12.279166666666672 3.0569086609037743 19.250000000000004 30.550000000000001 38.050000000000004 2.9118870329224529 5.6500000000000012 18.750000000000004 25.950000000000006 26.340000000000003 306.87657165527349
decision_type=2 2 2 2 2 2 2 2 2 2 2 2 2 2
left_child=1 2 3 4 -1 6 -4 -7 -9 -8 -5 -12 -13 -14
right_child=-2 -3 5 10 -6 7 9 8 -10 -11 11 12 13 -15
leaf_value=-0.0028785089926357376 0.00099585482960460746 -0.022081675439673369 -0.0027422036003578341 -0.014451700248788293 0.062079854695851935 0.00036903417493274425 0.008376353578875468 -0.031038241885177512 -0.0040399443134836819 -0.036546823283752146 0.037322567403391606 0.025067705290777256 0.00555663918840495 -0.037089911957722523
leaf_weight=2.2652263040654352 945.97973021678627 12.404059733264146 32.689903199672699 9.0066035613417608 3.3131659091450274 248.68304637772962 2.7331666871905353 12.714629770722238 35.243225402664393 14.621884478256105 8.1621690094470996 5.3847286663949516 9.3326956406235677 5.3057137094438067
leaf_count=109 6579 805 946 46 49 2725 12 393 561 134 28 25 43 38
internal_value=-1.90083e-05 -0.00240454 -0.00172288 0.0100363 0.0392743 -0.00319829 -0.0123821 -0.00161254 -0.0116855 -0.0294012 0.0047374 0.0111543 -0.000780702 -0.011284
internal_weight=1347.84 401.86 389.456 42.7703 5.57839 346.686 50.045 296.641 47.9579 17.3551 37.1919 28.1853 20.0231 14.6384
internal_count=12493 5914 5109 338 158 4771 1092 3679 954 146 180 134 106 81
is_linear=0
shrinkage=0.03


Tree=217
num_leaves=15
num_cat=0
split_feature=2 0 5 8 4 4 4 2 0 4 4 6 0 2
split_gain=5.58081 7.90877 6.42917 5.11042 4.88899 6.77607 4.88378 4.07298 4.6669 4.96173 6.37607 7.69543 6.91606 5.133
threshold=41.190000000000019 28.102916666666669 46.758338928222663 34.550000000000004 26.181921265494363 39.296409981974683 32.550266602272636 18.660000000000011 11.487083333333336 70.541047523787213 69.333559734644339 6.0500000000000016 10.725833333333339 23.97000000000001
decision_type=2 2 2 2 2 2 2 2 2 2 2 2 2 2
left_child=6 3 -3 4 -2 -6 -1 -8 9 10 13 -12 -13 -9
right_child=1 2 -4 -5 5 -7 7 8 -10 -11 11 12 -14 -15
leaf_value=-0.021878213290187621 -0.010464969989243117 0.029542389524589905 -0.014643528361586736 -0.0088045210396729585 0.049743549646134089 0.013222358940354704 0.021023976270110028 0.013933206336940866 -0.00015770487887705953 -0.020921358937647069 -0.019040216628783531 0.073402797789945504 -0.013675589969625913 -0.018235615999453416
leaf_weight=8.5642809923738223 2.4362565390765729 2.7601519376039532 13.361008040606974 4.0181225575506678 8.5082520917058009 10.767383016645907 6.9667101181112221 5.6580741493962767 1254.7846105927601 19.42772468063049 1.4627466173842538 2.0246865488588814 0.74897839874029148 13.156158659141509
leaf_count=185 68 12 259 27 81 58 214 124 8592 2273 38 55 18 481
internal_value=-0.000171233 0.0104831 -0.0057947 0.0205172 0.0260923 0.0310011 -0.000518608 -0.000361694 -0.000492648 -0.0101555 -0.00058905 0.0288768 0.052496 -0.00834642
internal_weight=1354.65 41.8512 16.1212 25.73 21.7119 19.2756 1312.79 1304.23 1297.26 42.4784 23.0506 4.23641 2.77366 18.8142
internal_count=12485 505 271 234 207 139 11980 11795 11581 2989 716 111 73 605
is_linear=0
shrinkage=0.03


Tree=218
num_leaves=15
num_cat=0
split_feature=7 5 6 0 2 4 7 8 8 4 6 0 8 4
split_gain=5.67514 5.20534 5.03489 3.81147 6.43442 15.1379 7.04221 6.57033 6.23427 5.44318 5.02955 6.76268 6.85161 5.01555
threshold=4.3500000000000005 1321.1693115234377 4.4500000000000011 20.970416666666669 33.350000000000016 71.804658103354271 73.350000000000009 34.050000000000004 18.350000000000005 82.104902852775595 7.5500000000000016 27.527083333333334 10.850000000000003 66.239395956067014
decision_type=2 2 2 2 2 2 2 2 2 2 2 2 2 2
left_child=1 -1 -2 4 6 7 9 -6 10 -4 11 12 -5 -10
right_child=2 -3 3 8 5 -7 -8 -9 13 -11 -12 -13 -14 -15
leaf_value=-0.019258079130222268 -0.018271624486632401 0.016987306871515333 0.00022470123214746727 0.026973162913285182 -0.0017486148074119445 -0.054790347337740804 -0.021110557663212546 -0.022180512554197868 -0.0020995848609735523 0.018703699111251679 0.028549290595784919 0.027098167095914848 -0.0058914649977516295 0.0031106578242137387
leaf_weight=21.561456561088566 11.960442814975975 3.4343447936698785 432.37631060276181 6.0198043063282958 84.459271076135337 4.8889266699552527 12.554848505882545 16.071443351916969 268.02801547572017 13.839614852331577 11.217968346551059 10.077380985021589 29.581876959651709 434.70787163451314
leaf_count=409 134 44 5041 106 581 28 762 102 1577 302 82 53 162 3154
internal_value=6.66228e-05 -0.0138162 0.000336545 0.000518331 -0.00134815 -0.00799425 0.000193108 -0.00520127 0.00190454 0.000838378 0.0113679 0.00662719 0.000250652 0.00112328
internal_weight=1360.78 24.9958 1335.78 1323.82 564.19 105.42 458.771 100.531 759.633 446.216 56.897 45.6791 35.6017 702.736
internal_count=12537 453 12084 11950 6816 711 6105 683 5134 5343 403 321 268 4731
is_linear=0
shrinkage=0.03


Tree=219
num_leaves=15
num_cat=0
split_feature=6 8 6 4 0 8 1 0 8 0 8 0 7 1
split_gain=4.42626 3.91879 5.30542 7.1851 4.49306 5.59935 3.58729 6.30122 3.20249 5.79156 8.96308 9.70647 10.9863 9.6488
threshold=4.2500000000000009 11.350000000000003 5.3500000000000014 44.467154840604529 22.132083333333341 10.850000000000003 -1.0399999999999963 9.8437500000000053 18.950000000000006 17.937500000000007 18.150000000000002 20.176666666666673 15.150000000000004 13.310000000000004
decision_type=2 2 2 2 2 2 2 2 2 2 2 2 2 2
left_child=-1 2 6 -4 5 -5 7 -2 9 -3 11 -11 -13 -12
right_child=1 8 3 4 -6 -7 -8 -9 -10 10 13 12 -14 -15
leaf_value=-0.0220681297520634 -0.011991933620145426 -0.012642017099439098 0.027375430629542775 -0.03836011552219435 0.012423947210353658 0.013983523223330345 0.01208774850056139 0.077687118021915844 0.00031285173236225656 0.023901253271913406 -0.050501244714024555 -0.008438821086799388 0.023557207621768165 0.0013410983483553274
leaf_weight=7.2048948083538553 0.63559969700872931 49.198075017193332 5.5769647024571922 5.3621397421229613 3.9275387767702341 1.9831675898749379 4.6643600612878826 1.65241502225399 1173.0434441880789 16.321006067097187 5.0404002219438535 45.041045991703868 11.226970553398131 6.839270168915391
leaf_count=72 97 1147 37 237 77 34 95 9 10081 84 45 313 75 45
internal_value=-0.000101266 3.41719e-05 0.0118475 0.00218095 -0.0114984 -0.0242456 0.0320551 0.0567043 -0.000189907 -0.00457161 0.00022184 0.00426008 -0.00175489 -0.0228682
internal_weight=1337.72 1330.51 23.8022 16.8498 11.2728 7.34531 6.95237 2.28801 1306.71 133.667 84.4687 72.589 56.268 11.8797
internal_count=12448 12376 586 385 348 271 201 106 11790 1709 562 472 388 90
is_linear=0
shrinkage=0.03


Tree=220
num_leaves=15
num_cat=0
split_feature=4 2 1 3 3 4 1 4 2 5 2 2 4 3
split_gain=3.52852 7.16882 17.7402 8.17415 9.35281 6.33813 6.17677 10.455 8.78372 9.15249 7.97865 11.4993 7.98906 10.8566
threshold=63.649666149336575 30.490000000000006 -1.6699999999999973 2.3929781808550867 2.9694485285885892 64.178136495144869 6.5100000000000025 71.172630964416285 26.000000000000007 736.34197998046886 32.630000000000017 28.890000000000004 78.038076816130456 2.9694485285885892
decision_type=2 2 2 2 2 2 2 2 2 2 2 2 2 2
left_child=1 2 -1 -4 -5 -2 7 8 -7 -10 11 -9 13 -13
right_child=5 -3 3 4 -6 6 -8 10 9 -11 -12 12 -14 -15
leaf_value=-0.027726932289818287 0.014726841712908396 -0.0038573419658279587 -0.017644524817527586 0.029270334498640253 -0.011941260968491661 0.023390502612820191 0.0021288145811053393 -0.015785842885102423 0.0012824022434154967 -0.025678617171438951 -0.02934050519439289 0.018468453935277893 0.043452894555993063 -0.012167960433352573
leaf_weight=8.8716749236918968 27.420475847087801 385.47043538559228 4.5118163153529158 28.116217214614153 5.3978916481137267 13.893274499103425 584.39966342784464 56.095072438940406 158.76604776922613 11.197843408212064 15.82856762036681 16.657961715012789 3.2901697494089595 24.363727593794465
leaf_count=352 155 2847 34 147 35 174 4199 2947 1107 109 94 88 15 153
internal_value=-0.0002767 -0.00250565 0.00845299 0.0173882 0.022479 0.000781708 0.000333247 -0.00315889 0.00129842 -0.000633698 -0.0101602 -0.00687708 0.00450016 0.000416224
internal_weight=1344.28 432.368 46.8976 38.0259 33.5141 911.913 884.492 300.093 183.857 169.964 116.235 100.407 44.3119 41.0217
internal_count=12456 3415 568 216 182 9041 8886 4687 1390 1216 3297 3203 256 241
is_linear=0
shrinkage=0.03


Tree=221
num_leaves=15
num_cat=0
split_feature=8 1 3 2 2 4 0 0 3 5 3 0 4 5
split_gain=3.46529 6.9905 3.87547 4.18956 9.17407 3.74772 3.51916 8.69176 7.65578 7.22783 8.10214 6.43124 6.95803 6.26076
threshold=41.650000000000013 7.9600000000000053 3.0330093691326483 33.410000000000011 34.510000000000012 67.526105934287202 25.087083333333343 20.970416666666669 1.9147660854809825 512.29974365234386 3.0238160591005667 23.704583333333339 70.9047187793402 322.67636108398443
decision_type=2 2 2 2 2 2 2 2 2 2 2 2 2 2
left_child=6 -2 -3 -4 -5 -6 7 -1 -9 -10 11 12 -11 -8
right_child=1 2 3 4 5 -7 13 8 9 10 -12 -13 -14 -15
leaf_value=-0.0005436293800264398 -0.025348007747448886 0.01585041635378092 0.001995907362163111 -0.055923113695090856 -0.014071752867233755 0.022859161951713766 0.00054739363776575662 -0.018543900615085079 0.012371214265838825 0.0058628121171535414 -0.0041197047519492764 0.020145295202687402 -0.033851703938096334 -0.0075450709669942729
leaf_weight=546.92103459802456 13.049721759278325 8.691154493018983 23.806315459311008 3.1554728001356116 6.427500478923319 2.7130835801362991 321.43671161308885 10.224890233948825 119.36705975234509 52.057300455868244 80.353519760072231 29.583861626684666 3.2977902814745894 116.43228825926781
leaf_count=6798 90 71 148 34 40 27 2394 123 956 296 426 142 28 858
internal_value=0.000235364 -0.00688336 -0.00106799 -0.0054583 -0.018955 -0.00193677 0.000562265 0.00169626 0.00583836 0.00677601 0.0026853 0.00909597 0.00293811 -0.00161674
internal_weight=1337.52 57.8432 44.7935 36.1024 12.2961 9.14058 1279.67 841.805 294.884 284.66 165.292 84.939 55.3551 437.869
internal_count=12431 410 320 249 101 67 12021 8769 1971 1848 892 466 324 3252
is_linear=0
shrinkage=0.03


Tree=222
num_leaves=15
num_cat=0
split_feature=4 2 1 6 1 2 8 4 1 4 7 2 6 2
split_gain=4.7315 4.32449 4.44141 4.0483 3.70186 3.53926 3.39131 4.80626 3.69582 14.4163 9.59483 8.2089 7.68799 6.50842
threshold=24.833102595431914 42.110000000000014 15.540000000000006 4.2500000000000009 5.0000000000000044 44.550000000000011 9.9500000000000011 68.170401764328361 6.7800000000000056 71.804658103354271 34.95000000000001 32.870000000000012 6.5500000000000016 23.47000000000001
decision_type=2 2 2 2 2 2 2 2 2 2 2 2 2 2
left_child=-1 3 4 -2 -3 -6 7 -5 9 -8 -10 12 13 -11
right_child=1 2 -4 6 5 -7 8 -9 10 11 -12 -13 -14 -15
leaf_value=-0.026312719550585371 -0.021686314162073478 -0.0064462719097382144 -0.019645216594532285 -0.0089440223010176633 0.03354737456585323 0.001188809704100544 -6.0327395487807176e-05 0.025220958181129294 -0.0010750150100672857 0.00324198084591557 0.0068679821261174367 -0.037904827192375312 0.0039279609754878462 -0.020364452784322338
leaf_weight=5.3389292708598068 7.1076245447620741 3.9615657404065194 2.4525356255471698 5.0870336648076764 10.201750336214898 4.2799048814922562 390.80471815727651 9.4937310884706658 622.12790166400373 13.008001139154656 174.40866585448384 9.6846804022788984 25.698147593764588 48.771613601827994
leaf_count=203 73 43 39 38 100 51 3271 374 3966 902 1352 55 549 1393
internal_value=-0.000455396 -0.000331637 0.0128909 -0.000552864 0.0180054 0.0246786 -0.000420646 0.0134922 -0.000588948 -0.00264215 0.000670605 -0.0129203 -0.00975713 -0.0154215
internal_weight=1332.43 1327.09 20.8958 1306.19 18.4432 14.4817 1299.08 14.5808 1284.5 487.967 796.537 97.1624 87.4778 61.7796
internal_count=12409 12206 233 11973 194 151 11900 412 11488 6170 5318 2899 2844 2295
is_linear=0
shrinkage=0.03


Tree=223
num_leaves=15
num_cat=0
split_feature=3 3 0 5 7 2 8 3 3 1 1 7 7 1
split_gain=3.60149 6.23509 7.2809 5.83318 5.54179 4.33503 5.58485 11.2026 7.48207 6.70863 4.78616 4.15732 7.34025 7.05834
threshold=3.1960628240752507 3.4203353837591273 16.071666666666676 3.7577306032180791 54.050000000000004 35.370000000000012 35.650000000000013 3.4676746540403949 3.5027096762772816 23.350000000000009 22.070000000000011 55.750000000000007 75.550000000000026 21.93000000000001
decision_type=2 2 2 2 2 2 2 2 2 2 2 2 2 2
left_child=-1 2 -2 -3 -4 6 10 9 -9 -8 -5 13 -13 -10
right_child=1 3 4 5 -6 -7 7 8 11 -11 -12 12 -14 -15
leaf_value=-0.00083159202824467464 -0.016365282217314678 0.022149280899982131 0.0056318671155427182 -0.0020986525090832182 0.021779562119077372 -0.029314780372543005 -0.044359725983838243 0.019569281064067814 0.029995898318179816 0.0022129810480650187 0.01796115454279092 -0.043185193991243147 -0.0012528426390546979 -0.019417156552743106
leaf_weight=1034.9688381159212 11.225589825771747 6.843985252082347 159.35982569307089 36.17554375436157 21.004880240187049 5.0791359096765509 9.8392799720168096 10.070550162345169 4.2590611353516596 3.6219979971647254 14.102075081318615 5.7080855630338183 8.681418262422083 4.2014827057719231
leaf_count=10161 183 55 1169 248 179 34 70 65 21 20 96 40 46 27
internal_value=7.88995e-06 0.0028955 0.00613897 -0.0028313 0.00762211 -0.00471098 -0.0031312 -0.0105319 -0.000837966 -0.032542 0.00376835 -0.0102753 -0.019612 0.00599884
internal_weight=1335.14 300.173 191.59 108.583 180.365 101.739 96.6595 46.3819 32.9206 13.4613 50.2776 22.85 14.3895 8.46054
internal_count=12414 2253 1531 722 1348 667 633 289 199 90 344 134 86 48
is_linear=0
shrinkage=0.03


Tree=224
num_leaves=15
num_cat=0
split_feature=7 1 3 4 3 3 1 7 1 7 7 8 0 0
split_gain=5.23754 6.00603 4.90192 5.91954 7.53127 5.78604 5.17356 5.04195 4.63693 5.20511 6.90485 6.25272 6.05866 6.17559
threshold=72.350000000000009 6.9000000000000048 3.3486572186520775 80.390547493627196 3.4788016129185264 3.4788016129185264 22.93000000000001 94.450000000000017 23.050000000000008 54.050000000000004 55.750000000000007 39.050000000000004 18.979166666666671 16.419166666666673
decision_type=2 2 2 2 2 2 2 2 2 2 2 2 2 2
left_child=8 -2 -3 4 -4 6 -5 -7 9 -1 -11 12 13 -12
right_child=1 2 3 5 -6 7 -8 -9 -10 10 11 -13 -14 -15
leaf_value=-0.00019805872709609601 -0.031073863248217717 0.013599722425968663 0.00017657982926298446 0.0031316746811393477 -0.050467832686955233 -0.011927239797743872 -0.046193827367317399 0.024800528857296281 0.012469143503744666 0.03300888037326568 0.0046847364220315782 -0.02002312609573666 0.022097799157422479 -0.040928749942482023
leaf_weight=1227.1228487379849 8.4796840713825059 9.4294561482965928 4.7089996114373225 3.6393660902977016 5.0023891478776932 4.6295543722808343 2.7778784483671188 7.9341323003172874 27.323043972253799 8.2566725471988303 17.273239954374734 6.9232268244959405 16.671365598216653 2.1315042078495017
leaf_count=10453 805 114 28 24 30 30 21 41 232 99 442 55 143 14
internal_value=0.000106814 -0.00966802 -0.00423399 -0.0103555 -0.0281868 -0.000278241 -0.0215694 0.0113853 0.000462817 0.000196657 0.00946953 0.00430205 0.00938435 -0.00208595
internal_weight=1352.3 46.6015 38.1218 28.6923 9.71139 18.9809 6.41724 12.5637 1305.7 1278.38 51.256 42.9993 36.0761 19.4047
internal_count=12531 1093 288 174 58 116 45 71 11438 11206 753 654 599 456
is_linear=0
shrinkage=0.03


Tree=225
num_leaves=15
num_cat=0
split_feature=3 6 5 4 8 7 7 2 2 8 3 3 2 6
split_gain=4.77882 11.2825 10.2408 10.8607 7.99722 5.22005 5.47745 4.80805 4.64206 4.63849 4.0205 6.69824 7.38888 6.47699
threshold=2.2379707788842 8.0500000000000025 110.33356857299806 59.095324993640006 28.250000000000004 12.250000000000002 5.1500000000000012 43.310000000000016 28.590000000000007 22.350000000000005 2.4527214424105277 2.5530451666775833 35.670000000000016 7.3500000000000014
decision_type=2 2 2 2 2 2 2 2 2 2 2 2 2 2
left_child=2 10 3 9 5 6 -3 8 -4 -1 -2 12 -12 -14
right_child=1 4 7 -5 -6 -7 -8 -9 -10 -11 11 -13 13 -15
leaf_value=0.03748940014328387 -0.010054342639987281 0.001379641184959083 0.0058664006627047547 -0.02839017384226248 -0.013750161597984836 -0.0039215193057208064 0.049480659988598172 0.0049056318877517737 -0.02754855360433137 0.006081407828631754 0.025780636451736422 0.00040129355196100592 0.018976309288737253 -0.018331030232117802
leaf_weight=6.2699574790895047 30.634749145945534 2.7216855883598354 4.0078149535693255 4.8229499859735361 3.6704594139009705 2.7668253737501791 9.8887020191177708 6.523378398269414 24.836602519266307 11.295107778161762 18.811390291433781 1204.2247396153398 6.4943550564348689 8.5077318549156171
leaf_count=34 360 22 66 33 24 27 78 174 497 80 177 10800 44 60
internal_value=0.000479557 0.000860687 -0.00788812 0.00778191 0.0231909 0.0323097 0.0399632 -0.0177486 -0.0228647 0.0187081 0.000507423 0.000776673 0.0137498 -0.0020042
internal_weight=1345.48 1287.72 57.7558 22.388 19.0477 15.3772 12.6104 35.3678 28.8444 17.5651 1268.67 1238.04 33.8135 15.0021
internal_count=12476 11592 884 147 151 127 100 737 563 114 11441 11081 281 104
is_linear=0
shrinkage=0.03


Tree=226
num_leaves=15
num_cat=0
split_feature=2 0 8 2 5 6 0 7 0 5 0 8 0 7
split_gain=5.97514 5.7697 6.5715 5.68522 5.32501 7.73277 8.45135 8.68785 7.83 10.9348 8.0344 7.16519 6.45649 6.64742
threshold=20.550000000000008 12.544166666666671 30.550000000000004 30.620000000000005 317.27412414550787 5.9500000000000011 27.217083333333338 10.050000000000002 18.337083333333339 451.38880920410162 18.57833333333334 25.750000000000004 15.332083333333335 35.550000000000004
decision_type=2 2 2 2 2 2 2 2 2 2 2 2 2 2
left_child=-1 2 -2 -3 12 6 7 -6 -7 11 -11 -10 13 -5
right_child=1 3 -4 4 5 8 -8 -9 9 10 -12 -13 -14 -15
leaf_value=0.018138718000734175 -0.0041853111816760281 0.0041086980617359844 -0.029064908677973404 0.016488571654389536 0.021134647507374916 -0.011792241059388517 0.027653405975794645 -0.012511733808676923 0.0012500498496047904 0.040797718226647892 0.004789416640828539 -0.020652063259131971 0.00010407997936533334 -0.018894522647820926
leaf_weight=15.233627457171677 48.034545485628769 270.11446399334818 11.077823556261135 37.010562293231487 6.4199398905038825 43.469799725338817 4.4371313303709021 125.10278824716806 27.055591037496924 4.8288866877555838 145.85940505564213 25.509525276720524 565.20328627154231 4.6185903176665297
leaf_count=501 2835 1900 482 201 25 371 21 614 223 24 1001 196 3962 26
internal_value=4.89966e-05 -0.000173555 -0.00925376 0.000259567 -0.000794243 -0.0035608 -0.00927711 -0.0107223 -0.000386027 0.00209921 0.00620467 -0.00956603 0.000953404 0.0122118
internal_weight=1333.98 1318.74 59.1124 1259.63 989.516 382.683 135.96 131.523 246.723 203.253 150.688 52.5651 606.832 41.6292
internal_count=12382 11881 3317 8564 6664 2475 660 639 1815 1444 1025 419 4189 227
is_linear=0
shrinkage=0.03


Tree=227
num_leaves=15
num_cat=0
split_feature=8 7 5 7 8 3 3 3 6 1 8 5 3 6
split_gain=5.11045 7.14231 4.3725 3.732 3.61507 8.5829 7.54222 9.23162 7.04433 12.2095 8.54655 7.38957 9.12172 8.92291
threshold=11.350000000000003 38.050000000000004 1321.1693115234377 70.250000000000014 32.750000000000007 2.7427800898134516 3.4203353837591273 3.4676746540403949 6.6500000000000012 3.7500000000000018 24.750000000000004 211.72058868408206 3.3114317274014322 5.6500000000000012
decision_type=2 2 2 2 2 2 2 2 2 2 2 2 2 2
left_child=1 2 -1 -3 8 -6 -7 -8 10 -10 -2 -12 13 -13
right_child=4 3 -4 -5 5 6 7 -9 9 -11 11 12 -14 -15
leaf_value=-0.0022455369373844099 0.00045051751367141757 0.054053351746795306 0.033104029170319946 -0.0020031695587632552 -0.013032197334612881 0.0056378406160747232 -0.021223720402929722 0.0018429886605991531 -0.0071275487553576732 0.0056146680582856087 -0.0016892239705628843 -0.022064203485718213 0.0059691084820614236 -0.007446422700242524
leaf_weight=17.188557099085308 282.27756018098444 3.7104462864808729 2.8273399192839852 1.2926409521605817 30.445003726053983 270.97458218177781 21.485090598464012 50.654879830777645 93.377199536189437 238.54611381329596 150.73341859714128 62.449436611495912 25.075778610538691 96.298676557838917
leaf_count=291 3098 132 17 161 353 1987 146 321 1491 1711 1373 420 141 816
internal_value=-0.000257963 0.012909 0.00408535 0.041649 -0.000516657 0.00197975 0.00334578 -0.00522311 -0.00150063 0.00201937 -0.00339497 -0.00663121 -0.0106525 -0.013299
internal_weight=1347.34 25.019 20.0159 5.00309 1322.32 373.56 343.115 72.14 948.758 331.923 616.835 334.557 183.824 158.748
internal_count=12458 601 308 293 11857 2807 2454 467 9050 3202 5848 2750 1377 1236
is_linear=0
shrinkage=0.03


Tree=228
num_leaves=15
num_cat=0
split_feature=5 7 0 1 7 1 1 7 8 3 0 5 0 3
split_gain=5.33594 8.30246 6.50544 8.56457 5.18962 5.32722 5.975 10.3586 7.85605 6.75757 8.97742 6.3773 6.15107 6.0377
threshold=3.7577306032180791 28.550000000000004 22.473750000000003 0.72000000000000319 72.350000000000009 23.050000000000008 20.79000000000001 22.550000000000004 50.150000000000013 3.2689124556537208 26.192500000000006 28.001944541931156 26.365000000000006 3.3253945519341284
decision_type=2 2 2 2 2 2 2 2 2 2 2 2 2 2
left_child=1 2 3 -1 5 6 8 11 9 -2 -11 -8 -9 -12
right_child=4 -3 -4 -5 -6 -7 7 12 -10 10 13 -13 -14 -15
leaf_value=0.0095256819440221133 -0.00024471646905000085 0.017791738433742765 0.010864189224922539 -0.04333195988557325 -0.010887944211686259 0.014076918118844987 0.011615871560714528 -0.023551556706040276 -0.033015941267307787 0.012354014000363263 0.011357457747454277 -0.027734551575366667 0.002626101994045242 -0.022918953636177134
leaf_weight=4.1516937073320168 1027.8561270325445 34.52614739886485 9.4904060252010805 5.7535784812644124 40.101796852424741 22.559052806347609 3.7619763277471092 8.3515486791729909 5.3400253280997267 78.914224884938449 6.5389482900500324 24.706839628517628 58.413767073303461 11.596120461821554
leaf_count=22 9320 479 100 37 972 193 32 57 36 537 45 182 421 87
internal_value=-9.06966e-06 0.00914881 -0.00635442 -0.0223353 -0.00039922 -5.37504e-05 -0.000325138 -0.00750119 0.00028561 0.000472879 0.00799797 -0.0223169 -0.000947637 -0.0106123
internal_weight=1342.06 53.9218 19.3957 9.90527 1288.14 1248.04 1225.48 95.2341 1130.25 1124.91 97.0493 28.4688 66.7653 18.1351
internal_count=12520 638 159 59 11882 10910 10717 692 10025 9989 669 214 478 132
is_linear=0
shrinkage=0.03


Tree=229
num_leaves=15
num_cat=0
split_feature=8 7 4 2 5 4 0 4 1 5 4 7 1 7
split_gain=3.32549 5.73135 5.12621 3.15341 9.97027 6.58477 5.77424 16.1226 10.2095 9.16323 10.4962 7.65509 5.69907 12.0826
threshold=9.9500000000000011 37.250000000000007 75.346292266383713 32.750000000000014 1445.3311157226565 43.609869093628589 23.226250000000007 71.898488982043844 10.210000000000006 942.47848510742199 67.387608604645877 21.950000000000006 4.3400000000000061 10.050000000000002
decision_type=2 2 2 2 2 2 2 2 2 2 2 2 2 2
left_child=1 -1 -3 5 6 -2 7 12 -8 10 -10 -9 -5 -14
right_child=3 2 -4 4 -6 -7 8 11 9 -11 -12 -13 13 -15
leaf_value=0.0023145360121631007 -0.029285672104874583 0.057372353208495798 -0.0094185036528409132 0.001144743279555379 0.023776789344674032 0.0020955116893319136 0.010186861669342542 -0.052526884124670749 -0.0082206982743674422 0.022208648799277669 0.0015623572760950094 -0.0055506568130809309 -0.030527765281685056 -0.0029749776080216115
leaf_weight=12.092552728485318 5.0791512737050644 2.8503470649011429 1.0702049350365994 101.92646822705865 13.187430040910838 630.31818709755316 75.329796213656664 8.4107596576213819 169.71300245448947 12.902704568579791 233.37385489419103 5.0599272400140753 17.878606719896197 60.477489329874516
leaf_count=224 170 68 147 723 112 7040 572 50 1147 65 1713 35 143 309
internal_value=0.00043957 0.0136194 0.0409314 0.000271235 -0.00111961 0.00179904 -0.00163281 -0.00600424 9.97665e-05 -0.00174691 -0.00256679 -0.0364844 -0.00353808 -0.0095672
internal_weight=1349.67 16.0131 3.92055 1333.66 698.26 635.397 685.073 193.753 491.319 415.99 403.087 13.4707 180.283 78.3561
internal_count=12518 439 215 12079 4869 7210 4757 1260 3497 2925 2860 85 1175 452
is_linear=0
shrinkage=0.03


Tree=230
num_leaves=15
num_cat=0
split_feature=8 1 1 1 1 7 7 7 5 1 7 2 2 1
split_gain=4.79141 4.28079 5.04308 6.81121 4.99493 4.70931 4.34622 3.36439 3.32966 2.97692 3.39685 6.79875 6.09704 5.42382
threshold=41.650000000000013 7.9600000000000053 12.890000000000006 18.910000000000011 21.93000000000001 18.750000000000004 30.850000000000005 87.850000000000023 188.93937683105472 23.61000000000001 73.350000000000009 29.150000000000009 21.070000000000011 21.61000000000001
decision_type=2 2 2 2 2 2 2 2 2 2 2 2 2 2
left_child=9 8 -3 5 6 -4 -5 -6 -2 10 12 -12 -1 -13
right_child=1 2 3 4 7 -7 -8 -9 -10 -11 11 13 -14 -15
leaf_value=0.019540272015078786 -0.0029064456048802983 0.012682929515556491 -0.0038366309426003447 -0.0084079745587556133 -0.028566884065588397 -0.037564944665387741 0.030163426211838904 0.006915707965720142 -0.034589577428283898 0.016225093568554994 -0.024260488958453764 0.02119387958888418 0.001050075506505369 -0.0083327887752092482
leaf_weight=15.265933322254567 5.029910125769673 12.165614202618597 6.6994476877152911 3.5392035171389598 4.4080585092306119 8.1684459783136827 6.3325307741761208 3.7577120959758759 7.1319835963658988 10.712432660162447 13.168157134670762 7.6596675338223603 1237.0556249553338 14.884039197117088
leaf_count=381 34 67 43 30 33 75 49 21 52 97 810 86 10687 95
internal_value=0.000789264 -0.00763075 -0.00315932 -0.00921776 0.00322628 -0.0235666 0.0168334 -0.0132655 -0.0227025 0.0011659 0.00102817 -0.00796889 0.00129088 0.00217356
internal_weight=1355.98 57.2329 45.071 32.9054 18.0375 14.8679 9.87173 8.16577 12.1619 1298.75 1288.03 35.7119 1252.32 22.5437
internal_count=12560 404 318 251 133 118 79 54 86 12156 12059 991 11068 181
is_linear=0
shrinkage=0.03


Tree=231
num_leaves=15
num_cat=0
split_feature=7 3 1 5 4 4 1 3 7 3 8 0 7 7
split_gain=4.99036 4.78527 9.72299 9.43875 9.1877 5.28577 4.11343 6.35044 6.86533 5.92254 7.89345 7.69923 5.61108 5.48279
threshold=146.25000000000003 2.2379707788842 9.0500000000000043 168.22674560546878 59.095324993640006 55.788983529858733 -1.8099999999999978 2.8853725272803099 20.350000000000005 2.9234357292132844 12.850000000000003 12.189583333333339 16.950000000000006 21.950000000000006
decision_type=2 2 2 2 2 2 2 2 2 2 2 2 2 2
left_child=1 2 -1 4 -4 -5 7 8 -3 -9 -11 -12 -13 -14
right_child=-2 6 3 5 -6 -7 -8 9 -10 10 11 12 13 -15
leaf_value=-0.018828025927754378 -0.024884541155246392 0.010898751256596379 0.035184568934043009 -0.021227561702620867 -0.014429476519410078 0.018974987300199194 0.00046237703664969801 0.040134307919074894 -0.017283001474463044 0.050323732626973469 -0.010688410521305121 -0.0043803872971524219 0.03443538325429648 0.0073683159069997638
leaf_weight=31.740681923460215 5.9804881073068819 13.486688010394575 10.484915208071472 11.243368083611129 4.0984580256044856 3.021792620420455 1196.0144619001076 5.2991763236932448 15.915769154438747 2.9232944708783171 16.457629445707425 11.149033170193432 12.382777389138939 14.9833592697978
leaf_count=559 151 288 61 274 27 14 9036 149 1290 55 509 55 52 80
internal_value=0.000416495 0.000546992 -0.00762312 0.00492287 0.02121 -0.0120263 0.000936755 0.00699354 -0.00442295 0.0122914 0.00910476 0.00605294 0.013296 0.020398
internal_weight=1355.18 1349.2 60.5892 28.8485 14.5834 14.2652 1288.61 92.5977 29.4025 63.1953 57.8961 54.9728 38.5152 27.3661
internal_count=12600 12449 935 376 88 288 11514 2478 1578 900 751 696 187 132
is_linear=0
shrinkage=0.03


Tree=232
num_leaves=15
num_cat=0
split_feature=2 4 0 2 0 8 8 0 1 8 6 4 3 3
split_gain=4.23766 11.6318 10.6591 10.7643 7.94214 6.46249 4.94261 7.11711 7.8009 6.703 6.31738 12.9321 7.91333 6.28794
threshold=27.590000000000007 66.973705096076657 17.441666666666674 18.660000000000011 4.6491666666666704 35.45000000000001 25.450000000000006 20.332500000000003 4.4600000000000053 31.450000000000006 6.1500000000000012 63.649666149336575 3.0669219718387093 2.5530451666775833
decision_type=2 2 2 2 2 2 2 2 2 2 2 2 2 2
left_child=1 4 3 -3 -1 -4 -2 -8 -9 10 -10 12 -12 -11
right_child=6 2 5 -5 -6 -7 7 8 9 13 11 -13 -14 -15
leaf_value=-0.022539904855615894 0.0021435384759472507 0.033196900164893371 0.022628980530893076 -0.0093474746106925188 0.026095733256441548 -0.0057799110773731465 -0.006515978732217145 0.027439278255299855 -0.0083963300725067164 -0.020820631735358631 -0.0037821794755563197 0.016313917598631007 -0.04724866245750934 0.0030748447048981622
leaf_weight=2.6140597756020751 434.97780462726951 4.83269966719672 23.171586040407419 67.08071545814164 27.506601118016988 9.7735329717397672 212.09886174928397 8.128968255594371 139.36701349169016 9.2510361298918706 54.130085632205009 33.401626545935869 3.0747205056250086 306.54084385558963
leaf_count=196 3137 123 165 2950 230 67 1685 55 892 91 381 289 22 2211
internal_value=0.00016059 0.00518015 0.000396313 -0.00607234 0.0212862 0.0142792 -0.000407408 -0.0018569 -6.43003e-05 -0.000523391 -0.00440908 0.00174866 -0.0068901 0.00231132
internal_weight=1335.95 134.979 104.859 71.9134 30.1207 32.9451 1200.97 765.993 553.894 545.765 229.973 90.6064 57.2048 315.792
internal_count=12494 3731 3305 3073 426 232 8763 5626 3941 3886 1584 692 403 2302
is_linear=0
shrinkage=0.03


Tree=233
num_leaves=15
num_cat=0
split_feature=7 2 4 1 4 4 1 0 7 7 3 0 0 2
split_gain=4.60111 5.57731 9.27938 13.3867 9.91511 5.16304 5.16134 7.2112 6.30106 4.71121 6.36052 5.09729 3.94162 8.06253
threshold=72.350000000000009 27.04000000000001 70.541047523787213 2.2300000000000031 56.788393231171725 71.804658103354271 6.9000000000000048 27.57125000000001 91.050000000000026 46.150000000000013 2.9234357292132844 16.419166666666673 17.441666666666674 23.47000000000001
decision_type=2 2 2 2 2 2 2 2 2 2 2 2 2 2
left_child=1 2 4 -4 -1 -5 -2 8 -8 11 -11 -6 13 -7
right_child=6 -3 3 5 9 12 7 -9 -10 10 -12 -13 -14 -15
leaf_value=-0.018452902531468987 -0.03118522687757257 -0.0002240632968541809 -0.022121248774585801 -0.024801204406813177 0.040025128791179705 0.021893151951892589 -0.011157608480422682 -0.023322900532714488 0.017431820744989036 0.031349042255575055 -0.014239177270210552 0.0098959983730616229 0.023126907826855832 -0.010062848145550429
leaf_weight=4.987345516216009 7.0582199210766694 1196.746754146181 16.997951020719483 2.9564709886908522 16.469556690193716 11.695203375071289 11.994323916733267 11.46481031551957 13.988048540428279 3.7476281719282252 5.6296855770051479 8.2673162966966611 14.953066792339085 15.221642656251786
leaf_count=186 804 8845 1661 27 149 152 94 85 107 54 78 51 109 134
internal_value=2.09676e-05 0.000349505 0.00708617 -0.000200801 0.0183255 0.00841266 -0.00935558 -0.00453693 0.00430961 0.0240747 0.00524532 0.0307314 0.0112817 0.00410871
internal_weight=1342.18 1297.67 100.926 61.8243 39.1015 44.8264 44.5054 37.4472 25.9824 34.1142 9.37731 24.7369 41.8699 26.9168
internal_count=12536 11446 2601 2083 518 422 1090 286 201 332 132 200 395 286
is_linear=0
shrinkage=0.03


Tree=234
num_leaves=15
num_cat=0
split_feature=5 2 6 1 0 0 2 1 1 5 8 6 1 8
split_gain=5.36871 11.3703 8.41966 12.4345 9.61468 8.71319 7.64521 7.14425 8.41526 7.47028 9.31508 6.38153 5.78135 6.65846
threshold=384.41424560546881 26.27 5.6500000000000012 0.72000000000000319 26.695416666666674 27.428333333333338 34.570000000000014 7.9600000000000053 14.300000000000006 695.64688110351574 31.350000000000005 8.0500000000000025 17.29000000000001 14.350000000000003
decision_type=2 2 2 2 2 2 2 2 2 2 2 2 2 2
left_child=-1 -2 4 11 6 12 7 -3 9 -9 -11 -4 13 -5
right_child=1 2 3 5 -6 -7 -8 8 -10 10 -12 -13 -14 -15
leaf_value=0.0013169366099715896 0.010687647185226593 -0.025210248213460015 -0.021000540414882578 0.017836304585867345 0.024353455227066483 -0.020805173482159465 -0.036724530274565001 0.01549851102968447 -0.015497078199175156 -0.023620726014746234 0.0068696120698139062 0.022068624151384667 0.016103068678749961 -0.00075997651928441559
leaf_weight=821.31544233253226 51.384942600037903 21.262556185480207 34.632667259778827 17.698335163295269 5.9987009540200225 15.04979853518307 9.4630287215113622 20.637270174920559 47.28913389891386 15.294502787292002 19.440921664237976 2.5850281198509029 22.692461408674717 235.75605596788228
leaf_count=8142 957 155 626 102 29 215 54 91 266 78 97 89 136 1513
internal_value=-0.000192106 -0.00257725 -0.00405401 -0.00142072 -0.0102041 0.000688518 -0.0119279 -0.00975555 -0.00634237 0.0016121 -0.00684102 -0.0175099 0.00193075 0.000603567
internal_weight=1340.5 519.185 467.8 328.414 139.386 291.197 133.387 123.924 102.662 55.3727 34.7354 37.2177 276.147 253.454
internal_count=12550 4408 3451 2681 770 1966 741 687 532 266 175 715 1751 1615
is_linear=0
shrinkage=0.03


Tree=235
num_leaves=15
num_cat=0
split_feature=8 6 8 3 2 2 0 7 3 6 2 3 0 2
split_gain=4.51413 4.28497 4.16776 8.01166 4.9796 3.93715 3.9147 3.72437 3.76687 6.95912 8.9719 6.39765 8.34955 6.89951
threshold=41.650000000000013 4.2500000000000009 38.150000000000013 3.3967484037703666 31.260000000000009 32.910000000000011 24.18458333333334 146.25000000000003 3.1023342106830545 6.5500000000000016 20.270000000000007 2.9874830361974012 27.527083333333334 41.190000000000019
decision_type=2 2 2 2 2 2 2 2 2 2 2 2 2 2
left_child=1 -1 7 -4 6 -6 -5 8 9 10 -3 12 13 -11
right_child=-2 2 3 4 5 -7 -8 -9 -10 11 -12 -13 -14 -15
leaf_value=-0.023727967388136886 -0.0082950038616243314 0.024481150692665262 0.012704960115815608 -0.0009215108650788117 0.012475500609750341 -0.01974367392539569 -0.044568007441912187 -0.028254924200199705 0.0026491617754630147 0.00093164885273910912 -0.0044632178937909538 0.013349529388277201 -0.013873358195402046 0.0198520992257398
leaf_weight=5.5918825888074926 55.104915616801009 8.8965875445865077 58.886097311042249 3.0712555460631874 9.5084011293947679 4.0647461153566828 3.8187343701720238 3.1607765925582489 378.28887194604613 327.51074038562365 394.76824158104137 37.867519209161401 31.92643366381526 17.324526069685817
leaf_count=62 383 167 412 23 55 32 26 130 2803 3124 4347 300 407 174
internal_value=3.47935e-05 0.000398263 0.000522191 0.00713682 -0.00873182 0.00213412 -0.027695 7.91301e-05 0.000177505 -0.000966955 -0.00376638 0.00176094 0.000563945 0.00193687
internal_weight=1339.79 1284.68 1279.09 79.3492 20.4631 13.5731 6.88999 1199.74 1196.58 818.294 403.665 414.629 376.762 344.835
internal_count=12445 12062 12000 548 136 87 49 11452 11322 8519 4514 4005 3705 3298
is_linear=0
shrinkage=0.03


Tree=236
num_leaves=15
num_cat=0
split_feature=8 6 1 7 1 1 1 2 8 8 6 4 5 1
split_gain=3.96964 6.58664 5.24961 4.96966 7.35867 7.32703 9.14343 6.46221 7.20369 13.0175 5.35061 5.06226 6.89343 4.18187
threshold=41.650000000000013 7.0500000000000016 14.580000000000004 146.25000000000003 23.050000000000008 20.650000000000009 21.710000000000012 31.219999999999999 29.750000000000004 21.650000000000006 5.4500000000000011 73.772815622656822 146.45032501220706 17.29000000000001
decision_type=2 2 2 2 2 2 2 2 2 2 2 2 2 2
left_child=3 -2 -3 4 5 13 10 -8 9 -9 -7 12 -12 -1
right_child=1 2 -4 -5 -6 6 7 8 -10 -11 11 -13 -14 -15
leaf_value=0.00016891438422451295 -0.0012264755257917809 -0.033556782327699444 0.0039142641205032833 -0.026525300106211475 0.014858117274804458 -0.027139315834451616 -0.030722672034000881 0.024682902858743513 0.0091380455505917484 -0.029445136689850958 -0.049209983379975203 0.0057528978619235767 0.00081094781804753619 0.0056948707784054836
leaf_weight=988.53782569337636 41.732498521218076 11.351379775907843 4.359288688749074 5.1555816044565281 30.316039830446243 23.345647774636745 4.6513130366802207 4.8827496394515064 44.136707462370396 12.065273672342299 3.6233114823699015 12.830963112413881 5.2789247632026672 139.82095047831535
leaf_count=9827 286 79 42 145 259 153 36 30 316 84 37 121 34 975
internal_value=1.57326e-05 -0.00762972 -0.0235475 0.000365994 0.000495995 0.000132933 -0.00719265 -1.00033e-05 0.0027858 -0.0133444 -0.0174392 -0.0062839 -0.0224617 0.000858101
internal_weight=1332.09 57.4432 15.7107 1274.65 1269.49 1239.17 110.815 65.736 61.0847 16.948 45.0788 21.7332 8.90224 1128.36
internal_count=12424 407 121 12017 11872 11613 811 466 430 114 345 192 71 10802
is_linear=0
shrinkage=0.03


Tree=237
num_leaves=15
num_cat=0
split_feature=2 5 7 7 7 7 3 7 5 8 1 1 5 3
split_gain=4.06829 5.4824 6.27504 6.21826 4.73934 4.29605 7.14562 5.38574 6.59038 4.75455 4.09994 6.99431 4.52845 5.84537
threshold=32.630000000000017 73.579509735107436 10.750000000000002 57.750000000000007 78.750000000000014 50.150000000000013 2.9481438934949842 22.150000000000006 7.0731675624847421 22.850000000000005 9.0500000000000043 22.210000000000012 11.3686580657959 2.8136610352683262
decision_type=2 2 2 2 2 2 2 2 2 2 2 2 2 2
left_child=1 2 -1 5 -3 7 -7 8 -4 -10 12 -12 -9 -14
right_child=-2 4 3 -5 -6 6 -8 10 9 -11 11 -13 13 -15
leaf_value=-0.03603506158650914 -0.001696756300316683 0.00053650730519967888 -0.008333585734794615 -0.0058973473696308501 -0.019296953898538916 -0.017678449580081034 0.046460361834580431 0.010769324173703552 0.0033051453392111065 0.032550829069508215 0.023618239387098186 -0.018427251333646418 0.016052679587186279 -0.012868599050949314
leaf_weight=2.0467437021434298 719.63375207595527 471.0557643880602 5.9903367678634813 24.444524249993265 10.098298365250228 1.4787803548388172 5.3977902294136584 21.091141567099839 6.947932947427037 19.432977443560958 16.75687246769667 3.6608907654881468 7.1789220944046965 27.185094454325736
leaf_count=14 5140 5064 40 565 454 60 75 205 56 126 232 42 111 363
internal_value=-0.000161488 0.00161246 0.00677852 0.00765828 8.10903e-05 0.0105627 0.0321742 0.00890776 0.0189722 0.0252504 0.00442284 0.0155711 0.000115093 -0.00654363
internal_weight=1342.4 622.766 141.612 139.565 481.154 115.121 6.87657 108.244 32.3712 26.3809 75.8729 20.4178 55.4552 34.364
internal_count=12547 7407 1889 1875 5518 1310 135 1175 222 182 953 274 679 474
is_linear=0
shrinkage=0.03


Tree=238
num_leaves=15
num_cat=0
split_feature=6 3 0 8 5 1 2 8 5 1 1 1 8 6
split_gain=5.58101 9.41756 8.3393 10.032 7.57367 6.99655 6.62716 6.50453 4.76913 6.23486 5.17626 9.62331 4.9571 6.54607
threshold=6.1500000000000012 2.961639372626435 27.527083333333334 20.250000000000004 3.7577306032180791 17.29000000000001 40.790000000000013 18.350000000000005 208.64826202392581 16.330000000000009 0.6400000000000049 -2.0199999999999969 19.650000000000006 7.1500000000000012
decision_type=2 2 2 2 2 2 2 2 2 2 2 2 2 2
left_child=4 2 5 -4 -1 6 8 -3 -2 10 11 12 13 -10
right_child=1 7 3 -5 -6 -7 -8 -9 9 -11 -12 -13 -14 -15
leaf_value=0.013426219124732313 -0.0048073321268775901 -0.018689278675803927 0.0073869964985431615 -0.02255546476408718 -0.0025190977037653959 0.019698055189625235 0.015964067351018768 0.0093757083324424121 0.052540019775118414 -0.02761857321209743 0.0048853931281187361 -0.019441286701495579 -0.00065315513270164046 -0.0086442704666497821
leaf_weight=26.952040344942361 148.35868096956983 6.8834884511306873 14.610825398936866 28.780390150845051 663.05701685044914 16.504664927721024 22.07217600569129 159.99528717808425 3.1415280608925995 5.2497014030814162 194.46068746969104 23.20494621573016 17.741168230539188 2.1391950412653387
leaf_count=324 1601 62 141 332 5849 111 198 1413 85 38 1189 390 578 110
internal_value=-5.07029e-06 0.00200386 -0.000149474 -0.0125339 -0.00187774 0.00111797 0.000336028 0.00811364 -0.000576982 0.00198406 0.00274133 -0.00619047 0.00741903 0.0303245
internal_weight=1333.15 643.143 476.264 43.3912 690.009 432.873 416.368 166.879 394.296 245.937 240.688 46.2268 23.0219 5.28072
internal_count=12421 6248 4773 473 6173 4300 4189 1475 3991 2390 2352 1163 773 195
is_linear=0
shrinkage=0.03


Tree=239
num_leaves=15
num_cat=0
split_feature=6 3 8 0 8 7 7 1 7 4 3 8 7 1
split_gain=5.57756 9.86165 8.51306 6.75599 7.23798 5.97967 9.31827 6.22149 5.80561 7.48325 5.02754 5.15874 5.4043 8.05452
threshold=6.5500000000000016 2.9321895536967912 46.750000000000007 27.527083333333334 20.850000000000005 22.750000000000004 20.550000000000004 13.480000000000004 20.150000000000006 58.369029096794335 2.9189001520381423 41.650000000000013 34.150000000000013 9.2100000000000044
decision_type=2 2 2 2 2 2 2 2 2 2 2 2 2 2
left_child=-1 3 5 10 -5 6 7 -3 9 -6 11 12 -2 -14
right_child=1 2 -4 4 8 -7 -8 -9 -10 -11 -12 -13 13 -15
leaf_value=-0.00094349881857903157 0.0041679467832096426 0.0018515390177143184 -0.032619261843433042 0.0065845503358151142 -0.018311349592412356 0.022186587455401446 -0.031571799628736921 0.01968155923400804 0.020836657295516679 -0.070605709131051006 -0.020124308167954904 -0.018323161572054571 -0.021157066692647657 0.025650354003057107
leaf_weight=872.29895668500103 294.16949721286073 38.974255666136742 3.005017887800931 10.203559167683126 13.896908761933451 35.750717535149306 4.2451519714668384 31.487925972789526 1.6121747344732273 2.3974802047014228 8.110952706076203 9.4037971338257176 15.378592856926845 3.2467090263962737
leaf_count=7999 2686 255 31 130 232 372 35 248 13 17 73 67 313 31
internal_value=0.000477864 0.00310176 0.0107682 0.000651636 -0.0132072 0.0122306 0.00723613 0.00998328 -0.0242368 -0.0296434 0.00186736 0.00248153 0.0031634 -0.0121065
internal_weight=1344.18 471.883 113.463 358.42 28.1101 110.458 74.7073 70.4622 17.9066 16.2944 330.31 322.199 312.795 18.6253
internal_count=12502 4503 941 3562 392 910 538 503 262 249 3170 3097 3030 344
is_linear=0
shrinkage=0.03


Tree=240
num_leaves=15
num_cat=0
split_feature=3 4 7 0 0 3 4 6 4 8 3 4 1 3
split_gain=4.69572 6.12621 9.37351 6.81284 8.91326 5.84101 5.69152 4.33033 4.11493 3.5831 9.58877 8.07746 6.18583 5.99697
threshold=3.5027096762772816 82.641135806248585 48.250000000000007 27.57125000000001 26.251250000000006 3.4907753390849181 80.491822696709434 4.9500000000000011 81.196429919217067 32.750000000000007 2.7810441273795914 81.314829263540929 17.730000000000008 3.4676746540403949
decision_type=2 2 2 2 2 2 2 2 2 2 2 2 2 2
left_child=5 2 3 4 -2 9 -4 -3 -7 -1 -11 -12 -13 -14
right_child=1 7 6 -5 -6 8 -8 -9 -10 10 11 12 13 -15
leaf_value=-0.00074955028208306283 0.008012934954203502 0.021171659576108171 -0.048490242525651574 0.019390912083914205 -0.040589313915653603 -0.00097375663473421548 -0.0076180963812095001 -0.0068414688398949026 0.040755526065748789 -0.010410288359594518 0.0065086101805080657 0.0089612489622584168 -0.025519936720999368 0.01350054866456836
leaf_weight=936.2023175007198 6.5014865286648291 7.4020167887210873 8.4390545827336592 7.0365111380815497 5.5383103974163532 3.4058847369160494 5.1789782196283332 11.310602951794861 4.4677306227385998 41.895164228510112 262.37901993235573 10.475068095605822 17.469400290399793 3.716350980103015
leaf_count=9447 37 31 55 58 38 27 34 85 22 448 1920 89 130 27
internal_value=1.37817e-05 -0.00878802 -0.0164483 -0.00246267 -0.0157423 0.000373858 -0.0345309 0.00475137 0.0246292 0.000204508 0.00285766 0.00477697 -0.00933331 -0.0183751
internal_weight=1331.42 51.407 32.6943 19.0763 12.0398 1280.01 13.618 18.7126 7.87362 1272.14 335.935 294.04 31.6608 21.1858
internal_count=12448 338 222 133 75 12110 89 116 49 12061 2614 2166 246 157
is_linear=0
shrinkage=0.03


Tree=241
num_leaves=15
num_cat=0
split_feature=6 1 3 5 4 0 4 6 4 1 0 1 7 1
split_gain=4.05189 9.23741 8.10976 6.90465 7.16477 5.73418 5.61913 6.51391 8.90768 9.63907 8.53138 10.6052 11.255 9.33803
threshold=6.1500000000000012 17.590000000000007 2.8278859797196869 214.89668273925784 66.389115634423646 27.342916666666671 82.104902852775595 4.9500000000000011 81.60324150877662 19.510000000000009 24.435833333333338 14.420000000000002 28.350000000000005 7.9600000000000053
decision_type=2 2 2 2 2 2 2 2 2 2 2 2 2 2
left_child=3 -2 5 4 -1 -3 7 -5 9 10 13 -12 -13 -9
right_child=1 2 -4 6 -6 -7 -8 8 -10 -11 11 12 -14 -15
leaf_value=0.013706575752440366 0.00058239617392960477 0.014439518458213129 0.018571351990239314 -0.021342013830919875 7.4808713701344124e-05 -0.016451327902399386 0.0081712620434504588 -0.0092979966316000355 -0.050409144544711425 0.012341783124365213 0.0061528517546587157 -0.031799225973528265 0.0020635897113842282 0.0028199327668674448
leaf_weight=38.568926446139812 576.27663884381764 8.299945931881668 49.165481455624104 20.531038565095514 282.14932780130766 12.004058931022881 29.241267300676554 104.64699569926597 2.7260818504728368 29.570184580981731 14.808532088994978 31.980091489851475 11.905958972871302 124.13035113364458
leaf_count=164 5693 54 471 183 3261 91 215 1180 30 141 64 168 58 659
internal_value=0.000130517 0.00183719 0.0120902 -0.00146645 0.00175165 -0.00373861 -0.00425657 -0.00534528 -0.00425487 -0.00370076 -0.005388 -0.0154929 -0.0227712 -0.00273937
internal_weight=1336 645.746 69.4695 690.259 320.718 20.304 369.541 340.299 319.768 317.042 287.472 58.6946 43.8861 228.777
internal_count=12432 6309 616 6123 3425 145 2698 2483 2300 2270 2129 290 226 1839
is_linear=0
shrinkage=0.03


Tree=242
num_leaves=15
num_cat=0
split_feature=7 8 0 2 0 4 2 0 6 2 8 5 8 8
split_gain=3.55196 3.49135 3.62747 3.21236 4.99584 3.84894 4.37912 3.4957 5.24395 7.50032 4.32695 3.47404 3.44792 7.52457
threshold=146.25000000000003 41.150000000000013 28.428333333333345 20.270000000000007 6.8895833333333369 78.404889130414645 18.010000000000009 10.326250000000005 6.5500000000000016 26.730000000000008 21.150000000000006 602.48980712890636 25.150000000000006 30.450000000000006
decision_type=2 2 2 2 2 2 2 2 2 2 2 2 2 2
left_child=3 2 -2 4 11 -6 -7 8 -5 10 -10 -1 -9 -14
right_child=1 -3 -4 7 5 6 -8 12 9 -11 -12 -13 13 -15
leaf_value=0.029759515866121564 -0.0400536208412531 0.013812783549857608 0.016111998079873832 -0.021335256011961016 0.042963075744504357 0.04056633758338192 -0.011628217938939669 0.0022765984254321885 -0.012950625433942967 -0.016354597042244831 0.054961901873668596 -0.019416054962942457 -0.0043402302459247897 0.0014221896809659717
leaf_weight=0.73862475343048473 4.4034247901290646 1.4605091661214826 0.70433250069618214 14.789698253385724 4.545689464081077 1.0986182140186427 3.7437221426516771 455.13565815240145 0.70507949683815185 4.0337124075740576 2.1948172391857952 4.4926365152932703 346.95908656856045 491.92711283359677
leaf_count=13 139 7 3 1579 29 10 137 3595 57 301 102 182 2646 3670
internal_value=1.63746e-05 -0.0204776 -0.0309388 0.000132862 0.0136579 0.0258213 0.00513017 -2.76737e-05 -0.0116924 0.00897285 0.0393629 -0.00881117 0.000177025 -0.000963448
internal_weight=1336.93 6.56827 5.10776 1330.36 14.6193 9.38803 4.84234 1315.75 21.7233 6.93361 2.8999 5.23126 1294.02 838.886
internal_count=12470 149 142 12321 371 176 147 11950 2039 460 159 195 9911 6316
is_linear=0
shrinkage=0.03


Tree=243
num_leaves=15
num_cat=0
split_feature=3 2 5 0 4 4 0 4 7 5 5 4 0 7
split_gain=3.03183 7.14405 4.92389 6.41553 4.72396 11.3652 3.99163 3.78144 7.96102 5.30723 4.85455 10.3065 5.60759 7.25956
threshold=3.4203353837591273 35.490000000000016 543.54306030273449 25.813333333333343 82.479164274488269 76.822736262260207 22.570000000000007 84.41606767578736 48.250000000000007 3.7577306032180791 10.681558132171633 82.641135806248585 27.685416666666672 48.250000000000007
decision_type=2 2 2 2 2 2 2 2 2 2 2 2 2 2
left_child=-1 2 3 -2 5 -4 -6 9 -9 -5 -11 12 -12 -14
right_child=1 -3 4 7 6 -7 -8 8 -10 10 11 -13 13 -15
leaf_value=0.00046318473553290119 0.016125795941144928 -0.03553146126742155 0.0097115455134052283 0.025734751617217222 0.016430561535423684 -0.052054675141638064 -0.021020325080797302 -0.056800281574656976 -0.00025543437683032434 -0.025006252232174214 -0.015686646486380799 0.025053754206995307 0.025881148394088331 -0.015879497819540594
leaf_weight=1220.222291983664 17.20409418689087 5.3863760791718951 3.864377027377488 5.0186869353055945 4.9576454572379571 6.115580125246197 3.4932716861367226 2.5775319747626764 6.0222635045647621 7.3604606725275508 24.918727140873671 10.261728063225744 7.5060244277119619 5.8012851625680923
leaf_count=11755 136 38 20 41 29 40 20 22 37 54 158 53 54 35
internal_value=3.08708e-05 -0.0047049 -0.00280508 0.000252056 -0.0164543 -0.0294317 0.000363714 -0.00385228 -0.0213545 -0.00107423 -0.00389367 -0.000248236 -0.00750607 0.00783828
internal_weight=1330.71 110.488 105.102 86.6708 18.4309 9.97996 8.45092 69.4667 8.5998 60.8669 55.8482 48.4878 38.226 13.3073
internal_count=12492 737 699 590 109 60 49 454 59 395 354 300 247 89
is_linear=0
shrinkage=0.03


Tree=244
num_leaves=15
num_cat=0
split_feature=6 3 4 8 3 5 3 5 4 8 5 6 8 4
split_gain=3.36275 18.2068 4.54564 4.21961 4.01638 7.65209 6.29846 6.49564 4.41491 4.31175 4.72682 3.99869 6.2955 7.48944
threshold=8.2500000000000018 2.1319713346382998 39.296409981974683 17.750000000000004 1.003012124617636 182.64514923095706 2.4527214424105277 71.59177398681642 68.33515481516433 20.150000000000006 28.001944541931156 5.9500000000000011 23.250000000000004 52.676026324039931
decision_type=2 2 2 2 2 2 2 2 2 2 2 2 2 2
left_child=4 2 3 -2 5 -1 7 9 -9 -6 -11 12 13 -8
right_child=1 -3 -4 -5 6 -7 11 8 -10 10 -12 -13 -14 -15
leaf_value=0.044258783979063451 0.032548289596492322 0.047620242335150893 -0.040924110431415556 -0.015718444412375597 0.027960732971784568 -0.015760472007045247 -0.038102578754333018 -0.014388175748598738 0.020757337319532932 -0.016711755716409694 0.013630022853220842 0.0028248998747101438 -0.0022820280568631112 0.0061907914420844768
leaf_weight=4.0471773147582999 1.5774169121868888 6.7522168685682118 2.7437990643084049 3.4498512214049697 5.1060502827167538 2.4182756710797548 2.5405706241726866 56.341759099625051 2.5489843608811489 8.1545317526906747 8.3399128979071957 634.53019581292756 456.85222985828295 131.97637447575107
leaf_count=23 19 58 25 107 27 45 21 941 14 51 52 5909 3201 1896
internal_value=0.000927352 0.0148098 -0.0158779 0.00231378 0.000762624 0.0227057 0.000636742 -0.00744045 -0.0125458 0.00641776 -0.00146818 0.00117271 -0.000601833 0.00507925
internal_weight=1327.38 14.5233 7.77107 5.02727 1312.86 6.46545 1306.39 80.4912 58.8907 21.6005 16.4944 1225.9 591.369 134.517
internal_count=12389 209 151 126 12180 68 12112 1085 955 130 103 11027 5118 1917
is_linear=0
shrinkage=0.03


Tree=245
num_leaves=15
num_cat=0
split_feature=0 4 6 3 7 3 1 7 1 0 6 4 0 1
split_gain=6.54125 9.20455 9.48134 9.32731 10.9591 10.2156 8.44273 5.4394 4.78733 7.52038 7.78143 5.80512 5.78683 5.09166
threshold=25.602500000000003 63.649666149336575 6.7500000000000009 3.2898875944799904 18.150000000000002 3.2754518727204398 17.050000000000008 9.4500000000000011 14.050000000000004 26.365000000000006 6.3500000000000014 78.606078090672582 26.429166666666671 13.310000000000004
decision_type=2 2 2 2 2 2 2 2 2 2 2 2 2 2
left_child=-1 2 6 5 -5 8 -2 -8 13 10 11 -10 -11 -3
right_child=1 3 -4 4 -6 -7 7 -9 9 12 -12 -13 -14 -15
leaf_value=0.0013440999773830209 -0.030552193042335168 0.0028911263181881815 -0.0030907971280233954 -0.039339002509731331 -0.0040802976032934648 0.037166653911941724 0.01810161753331415 -0.014013593339040561 -0.029132960330084647 0.038466899297726856 0.015313465905822174 0.0054593864535119512 0.0027152437249436745 0.032529266478955245
leaf_weight=916.48217690526508 28.039074264466763 12.365231797099115 75.463287783786654 7.5521040856838217 115.66220418736339 7.0841954462230197 5.4826366975903538 17.167678840458393 17.015437528491027 3.2388741150498381 6.1098165251314631 5.3906430937349787 113.26112783327699 8.3079913333058339
leaf_count=9264 161 97 738 62 825 50 29 93 107 20 65 42 896 41
internal_value=-7.90804e-05 -0.00316473 -0.00991555 -0.000263774 -0.00654069 0.00422453 -0.0198195 -0.00580323 0.00260154 0.00063161 -0.0129109 -0.0209328 0.00402811 0.0157532
internal_weight=1338.62 422.14 126.153 295.988 123.214 172.773 50.6894 22.6503 165.689 145.016 28.5159 22.4061 116.5 20.6732
internal_count=12490 3226 1021 2205 887 1318 283 122 1268 1130 214 149 916 138
is_linear=0
shrinkage=0.03


Tree=246
num_leaves=15
num_cat=0
split_feature=5 5 6 2 2 0 2 8 2 2 5 3 2 2
split_gain=3.09999 5.53577 5.54566 5.25701 5.28215 4.0951 4.07554 4.01556 3.91138 5.17514 5.97222 3.9091 3.40078 3.341
threshold=2241.214233398438 1321.1693115234377 7.7500000000000009 32.810000000000009 32.190000000000012 21.058750000000007 33.410000000000011 31.150000000000006 24.990000000000013 26.890000000000004 1681.101013183594 3.1372338090201795 34.730000000000011 40.590000000000011
decision_type=2 2 2 2 2 2 2 2 2 2 2 2 2 2
left_child=1 13 3 4 5 8 -5 -2 -3 10 -10 -11 -8 -1
right_child=7 2 -4 6 -6 -7 12 -9 9 11 -12 -13 -14 -15
leaf_value=-0.00053116534613874473 -0.0036078132825752736 0.01769382746629777 -0.014838842692931361 0.050763699430246834 -0.026688921891905647 0.024923206516999981 -0.0020737541333576454 -0.037434212138235209 0.009909166551273222 0.01006615354013842 -0.039604704741910093 -0.0182550609255712 0.030726302683837012 0.0070623647698820095
leaf_weight=1177.1978223479819 12.300668080337344 13.813988272100685 8.0175514845177513 3.5296244621276847 3.1489707157015792 10.156945057213305 5.5736429560929519 3.3737181616015723 3.0582695668563238 24.639591339044276 4.6013565994799137 4.3419538363814345 4.5706942044198513 53.562861612066627
leaf_count=10860 248 132 133 22 22 61 37 37 31 199 34 31 29 601
internal_value=0.00015746 0.000320062 0.00765813 0.0101469 0.00630625 0.0084258 0.0264056 -0.0126969 0.00468494 -0.000559272 -0.0209739 0.00535577 0.0141359 -0.000195229
internal_weight=1331.89 1316.21 85.4526 77.435 63.7611 60.6121 13.674 15.6744 50.4552 36.6412 7.65963 28.9815 10.1443 1230.76
internal_count=12477 12192 731 598 510 488 88 285 427 295 65 230 66 11461
is_linear=0
shrinkage=0.03


Tree=247
num_leaves=15
num_cat=0
split_feature=8 1 5 3 8 3 4 6 1 3 1 5 1 1
split_gain=4.64173 4.68145 4.60929 9.63404 4.03595 4.09967 4.07586 3.87138 7.09992 9.55575 14.2254 5.19099 4.88818 8.11543
threshold=9.9500000000000011 23.050000000000008 6.4401400089263925 3.4676746540403949 8.8500000000000032 2.8085687975450253 40.138724113290927 5.9500000000000011 17.29000000000001 2.8979293413037039 19.370000000000008 9.149848937988283 0.17000000000000315 -2.52
decision_type=2 2 2 2 2 2 2 2 2 2 2 2 2 2
left_child=4 7 3 -3 5 6 -1 11 -9 10 -10 -2 13 -13
right_child=1 2 -4 -5 -6 -7 -8 8 9 -11 -12 12 -14 -15
leaf_value=0.020976604543226057 0.0086172651851840042 -0.036141133888011122 0.015046096854494999 0.020437171563028107 0.035042675549656802 0.017558756957613816 -0.032584740302798107 -0.00063177857833905204 0.010846852336240607 0.014319637457900221 -0.030818498062965591 -0.0067963186936027013 -0.0045735447028309893 0.016018940514251883
leaf_weight=1.0650781393051127 32.609403361100703 4.4696298427879793 30.00289761275053 4.4508180841803551 5.0075261259917161 6.6047638389281929 3.032229827484116 630.47409140039235 17.313402198255066 66.31151083111763 11.407000333070753 26.710300595732406 457.75658849393949 27.609729826217517
leaf_count=9 367 54 218 34 108 227 96 6375 111 604 83 866 2977 334
internal_value=-0.000393097 -0.000593198 0.00952308 -0.00869712 0.0153193 0.00388473 -0.0172779 -0.000910445 0.000524706 0.0081239 -0.00618169 -0.00281948 -0.00356316 0.00488014
internal_weight=1324.82 1309.12 38.9233 8.92045 15.7096 10.7021 4.09731 1270.19 725.506 95.0319 28.7204 544.686 512.077 54.32
internal_count=12463 12023 306 88 440 332 105 11717 7173 798 194 4544 4177 1200
is_linear=0
shrinkage=0.03


Tree=248
num_leaves=15
num_cat=0
split_feature=3 0 0 0 3 0 8 2 3 8 3 4 2 2
split_gain=3.06406 5.5367 7.34502 7.23124 5.19785 4.57092 5.94032 6.75798 3.99359 6.5358 5.69713 4.87893 10.7873 9.09916
threshold=3.1960628240752507 26.192500000000006 28.428333333333345 17.685000000000006 3.2281204921791433 26.695416666666674 29.850000000000005 31.440000000000008 3.0386281080567312 11.350000000000003 2.9852063516083898 66.078409198906428 29.690000000000008 20.550000000000008
decision_type=2 2 2 2 2 2 2 2 2 2 2 2 2 2
left_child=8 3 5 4 -2 6 -3 -8 10 -10 11 12 -1 -13
right_child=1 2 -4 -5 -6 -7 7 -9 9 -11 -12 13 -14 -15
leaf_value=0.015582100505069552 -0.031598126427861875 -0.03728279291349295 0.021835321298468994 0.0096320217371342696 0.00014643955092766251 -0.00065472533556667708 -0.033256196283879762 0.006822160569823218 0.022971596595236992 -0.0042162784875789654 0.0067199394367640636 0.039522143129482219 -0.00037934244199252197 -0.0054972146222474544
leaf_weight=41.337037205696106 5.4231248926371363 6.4562422186136272 10.512670952826737 126.81199467927217 16.710167971905321 119.29664259403944 4.2936162352561977 12.464778691530226 7.1906872731633475 300.93923545139842 112.99904144671746 3.1397273542825124 381.04589738277718 187.51354913436808
leaf_count=540 65 47 97 905 183 890 30 80 118 2205 939 76 2884 3466
internal_value=0.000122959 0.00277641 -0.00123068 0.00687399 -0.00866134 -0.00307249 -0.0149569 -0.00474067 -0.000653765 -0.00350955 0.000561392 -0.000582889 0.00121586 -0.00455348
internal_weight=1336.13 301.969 153.024 148.945 22.1333 142.511 23.2146 16.7584 1034.17 308.13 726.035 613.036 422.383 190.653
internal_count=12525 2297 1144 1153 248 1047 157 110 10228 2323 7905 6966 3424 3542
is_linear=0
shrinkage=0.03


Tree=249
num_leaves=15
num_cat=0
split_feature=2 1 1 5 0 8 0 6 7 5 7 8 0 1
split_gain=5.65905 6.93475 8.63295 7.36538 6.28369 9.78238 6.10699 7.53465 14.9958 5.99426 4.64746 6.5402 4.60298 7.63966
threshold=30.340000000000003 7.9600000000000053 7.8200000000000047 419.73808288574224 22.209583333333342 38.850000000000016 13.079583333333341 7.3500000000000014 18.550000000000004 245.0464782714844 36.350000000000009 11.750000000000002 20.674166666666672 8.4600000000000026
decision_type=2 2 2 2 2 2 2 2 2 2 2 2 2 2
left_child=1 2 9 -3 -5 -6 7 8 -2 10 -1 -12 -8 -14
right_child=6 3 -4 4 5 -7 12 -9 -10 -11 11 -13 13 -15
leaf_value=0.00024752887720279375 0.078584242137240828 0.021797338603563622 -0.044438794910921439 0.0093961553374479409 0.00039685695804205423 -0.051119707516966685 -0.0046957999631125616 -0.016160499022247046 0.0054338026316924429 0.0052437579364148319 0.024872275351741441 -0.019367047527988374 0.0071675984876591811 -0.0014804211873999239
leaf_weight=48.375227620825171 2.8093013241887075 30.293932508677244 2.8478678390383712 59.648536540567875 16.959685593843464 3.1194823309779158 285.13010125979781 3.7412403137423089 7.959122902713716 115.67647881922312 2.5169719285331693 26.322662072721869 106.83312904648483 622.62330546975136
leaf_count=1048 36 292 20 396 107 19 1613 155 142 1945 215 1262 747 4500
internal_value=-0.000121737 0.00345512 5.77729e-05 0.00944436 0.00453876 -0.00965215 -0.0011868 0.0174996 0.0295735 0.000940531 -0.0054908 -0.0148019 -0.001471 -0.00020579
internal_weight=1334.86 305.761 195.739 110.022 79.7277 20.0792 1029.1 14.5097 10.7684 192.891 77.2149 28.8396 1014.59 729.456
internal_count=12497 5304 4490 814 522 126 7193 333 178 4470 2525 1477 6860 5247
is_linear=0
shrinkage=0.03


Tree=250
num_leaves=15
num_cat=0
split_feature=8 8 1 0 0 1 0 4 0 8 1 4 6 1
split_gain=3.33747 5.97455 5.42657 6.71187 6.6605 9.86686 7.12699 7.10791 6.3811 6.21214 5.91762 8.05483 7.43843 5.6812
threshold=25.450000000000006 19.850000000000005 3.7500000000000018 10.507916666666672 12.124166666666671 -3.3599999999999977 20.449166666666674 76.531642960144794 24.291666666666675 31.350000000000005 9.3700000000000045 63.649666149336575 6.2500000000000009 3.2600000000000042
decision_type=2 2 2 2 2 2 2 2 2 2 2 2 2 2
left_child=1 -1 3 -2 -5 -6 7 13 -4 10 -10 -12 -13 -7
right_child=2 -3 8 4 5 6 -8 -9 9 -11 11 12 -14 -15
leaf_value=-0.0016531436088086855 0.01763008411934645 0.0050932953448198396 0.0038073691217007069 -0.026716038432730922 0.014917696692876625 -0.0095306428115952066 0.02351201001117673 0.024323690600049363 0.012805173210332499 0.0011060337873888379 -0.021103481532891578 -0.0080810265751700087 0.011587833100729406 -0.035909463085825377
leaf_weight=193.29838122916408 9.4921470787376148 301.27037664386444 297.44083316624165 13.370988887734709 18.103001618757844 99.533610953018069 5.0772489216178647 4.2762153875082722 12.081700460985301 229.50405916944146 33.144840350374579 90.036511112004519 20.440800551325083 7.1515451632440081
leaf_count=2678 661 2990 1803 519 153 716 28 43 99 1754 231 599 196 42
internal_value=0.000506031 0.00245849 -0.000645552 -0.0056557 -0.00726272 -0.00514031 -0.00837025 -0.0100261 0.000513337 -0.00203344 -0.00663849 -0.00835136 -0.00437054 -0.011616
internal_weight=1334.22 494.569 839.654 157.005 147.513 134.142 116.039 110.961 682.649 385.208 155.704 143.622 110.477 106.685
internal_count=12512 5668 6844 2162 1501 982 829 801 4682 2879 1125 1026 795 758
is_linear=0
shrinkage=0.03


Tree=251
num_leaves=15
num_cat=0
split_feature=7 2 0 4 8 7 4 0 8 2 1 0 2 6
split_gain=5.75021 5.13877 4.50171 7.63804 7.4697 5.65548 4.91778 5.35042 6.86021 4.52287 4.36702 5.9865 7.82715 12.9983
threshold=67.350000000000009 27.04000000000001 16.999583333333341 70.541047523787213 25.750000000000004 29.750000000000004 70.066866376256073 6.8895833333333369 23.750000000000004 22.170000000000009 -3.4899999999999958 18.858333333333338 33.350000000000016 6.2500000000000009
decision_type=2 2 2 2 2 2 2 2 2 2 2 2 2 2
left_child=1 2 3 6 -5 -6 7 -1 -9 -7 -3 12 -12 -14
right_child=-2 10 -4 4 5 9 -8 8 -10 -11 11 -13 13 -15
leaf_value=-0.018213003820064938 -0.0092738895979221775 0.0090291418667721619 0.017310148367329491 -0.015652433253499531 0.030998486184744326 0.019647220485386852 0.048951257209462765 0.032501976358559864 0.0010063640862237326 -0.017708582414555373 -0.0016552748637070464 0.0010117496528561684 0.007705599126244929 -0.024733031890663226
leaf_weight=4.3079795753583374 53.221517085563391 46.772185086738318 27.55298999324441 24.285505831707269 5.9292066772468415 3.7432386553846282 2.3462362326681605 10.381049736402931 13.882640567608176 6.6374048762954772 224.9221361479722 851.80909250490367 15.616648450493811 34.494108783081174
leaf_count=223 1214 903 195 1281 210 45 28 89 108 292 1501 5959 64 267
internal_value=0.000294487 0.000701589 0.00722749 0.00315765 -0.00536216 0.00997922 0.0141617 0.00974614 0.0152347 -0.00369541 0.000145045 -0.000231388 -0.00407125 -0.0146708
internal_weight=1325.9 1272.68 99.0663 71.5133 40.5954 16.3099 30.9179 28.5717 24.2637 10.3806 1173.61 1126.84 275.033 50.1108
internal_count=12379 11165 2471 2276 1828 547 448 420 197 337 8694 7791 1832 331
is_linear=0
shrinkage=0.03


Tree=252
num_leaves=15
num_cat=0
split_feature=7 1 3 1 3 6 3 4 2 4 2 1 2 3
split_gain=5.07755 5.45702 3.1845 8.36713 6.18382 9.19913 6.89312 3.82563 9.31131 4.81989 6.44265 10.4054 5.93755 3.26337
threshold=3.7500000000000004 14.580000000000004 1.003012124617636 9.5800000000000072 2.2014244298504733 8.2500000000000018 2.4139866875576721 67.793380662506095 36.650000000000013 48.173184913889607 42.110000000000014 6.2400000000000064 38.530000000000015 3.4203353837591273
decision_type=2 2 2 2 2 2 2 2 2 2 2 2 2 2
left_child=1 -1 3 -2 7 13 -7 8 -4 10 -10 -12 -11 -6
right_child=2 -3 4 -5 5 6 -8 -9 9 12 11 -13 -14 -15
leaf_value=-0.027854780305497137 -0.016210928279247503 0.018416518213933201 -0.036885545855816833 0.043228240474405537 0.00080020037204742254 0.0539635326538285 -0.0040132174262795207 0.014740023462502553 -0.031169011744655785 0.037222665732646487 0.02908248989049686 -0.027353506998734255 -0.0094441080905981935 -0.0046116990371115095
leaf_weight=9.7178237615153176 2.9786771126091471 2.1668681856244794 10.427294741384683 4.0403904486447573 1164.3901426664088 4.0289809252135447 2.7101887231692672 3.7727850452065459 7.9724569916725221 3.7742511890828592 5.4512661062180978 4.4154239036142826 4.3952376693487167 108.72446519858204
leaf_count=231 50 26 193 20 10906 34 23 22 152 21 43 115 29 726
internal_value=9.82278e-05 -0.0186438 0.000279984 0.0191281 0.000165361 0.000533255 0.033142 -0.0112735 -0.0142889 -0.0041993 -0.0127487 0.00363386 0.0138238 0.000334765
internal_weight=1338.97 11.8847 1327.08 7.01907 1320.06 1279.85 6.73917 40.2087 36.4359 26.0086 17.8391 9.86669 8.16949 1273.11
internal_count=12591 257 12334 70 12264 11689 57 575 553 360 310 158 50 11632
is_linear=0
shrinkage=0.03


Tree=253
num_leaves=15
num_cat=0
split_feature=1 2 0 1 4 7 0 1 3 0 5 4 0 0
split_gain=3.42054 3.32916 2.98457 4.95114 5.61524 7.09646 5.64086 5.00003 7.77941 4.93938 4.65247 4.58202 3.61378 4.61055
threshold=-13.749999999999998 20.270000000000007 12.124166666666671 -3.3599999999999977 65.628372807849999 13.550000000000002 13.701666666666673 -1.2599999999999951 2.9430293045160512 13.191250000000005 280.65840148925787 71.020066685122245 11.122500000000004 10.326250000000005
decision_type=2 2 2 2 2 2 2 2 2 2 2 2 2 2
left_child=-1 -2 11 4 5 -4 9 8 -5 -6 -10 12 13 -3
right_child=1 2 3 7 6 -7 -8 -9 10 -11 -12 -13 -14 -15
leaf_value=-0.024427099583125549 0.014417953871306495 -0.0040431259615453042 -0.0010130849607095642 -0.031948616135826932 -0.0071074218569638116 0.038215474292778162 -0.025575833042389921 0.00044142546323375236 -0.0085677494706476107 0.03222171607751783 0.022775293116690482 -0.018424775947743686 -0.012170088770675333 0.025842050899851358
leaf_weight=4.046742610866203 13.902661051834 10.410760338418191 6.5823975019156995 10.0471926368773 5.6889218203723413 10.004068270325659 4.7332399338483802 1213.2870056210086 15.965603463351728 4.2703430131077766 4.6933211218565694 18.430617179954425 11.347783416509627 7.0734333540312937
leaf_count=456 344 348 84 133 54 62 25 8434 74 18 25 2142 208 143
internal_value=0.000224888 0.000317743 0.000158738 0.000435546 0.0120354 0.0234751 -0.00155194 0.000134446 -0.0116265 0.0111575 -0.000724412 -0.00716454 0.000409806 0.00879124
internal_weight=1340.48 1336.44 1322.53 1275.27 31.279 16.5865 14.6925 1243.99 30.7061 9.95926 20.6589 47.2626 28.832 17.4842
internal_count=12550 12094 11750 8909 243 146 97 8666 232 72 99 2841 699 491
is_linear=0
shrinkage=0.03


Tree=254
num_leaves=15
num_cat=0
split_feature=4 2 8 4 3 6 8 2 4 8 8 1 4 0
split_gain=3.68016 3.41515 5.37269 8.62608 5.12993 13.8117 6.55636 9.07457 5.09015 4.83717 8.74318 6.99658 7.97616 11.9371
threshold=26.181921265494363 40.790000000000013 26.050000000000004 54.829749668011154 2.651404005585706 7.6500000000000012 27.150000000000006 28.980000000000008 32.550266602272636 30.150000000000006 24.650000000000006 0.24000000000000485 62.716456961834368 11.048750000000004
decision_type=2 2 2 2 2 2 2 2 2 2 2 2 2 2
left_child=-1 4 3 -3 6 9 8 -8 -2 10 11 12 -6 -14
right_child=1 2 -4 -5 5 -7 7 -9 -10 -11 -12 -13 13 -15
leaf_value=-0.02114356883329525 -0.028301362950315285 0.024876878454018519 -0.0046074648342841621 -0.014242503266738041 -0.0085224843202889831 0.018803628085123619 0.027327992630240036 -0.017905418869309152 0.0010981284452088015 0.0024337276152339112 -0.0052433626793632147 -0.00044902342905874312 -0.0061179434982397401 0.024472640569879349
leaf_weight=6.2095443811267605 4.6311993896961203 21.720342386513952 17.188393529504538 5.8158265724778166 15.265540425665675 35.834806936327368 3.4879882300738236 44.811715412419289 89.307100602425635 471.32540389313363 304.07538575027138 265.76602943381295 15.768941748421637 38.091743170283735
leaf_count=246 86 192 158 33 189 222 51 495 882 3569 2611 2191 1377 217
internal_value=0.000232981 0.000348328 0.00840542 0.016405 6.233e-05 0.000730693 -0.00529072 -0.0141508 -0.000634115 0.000130992 -0.00156874 0.00177343 0.0102025 0.0155683
internal_weight=1339.3 1333.09 44.7246 27.5362 1288.37 1146.13 142.238 48.2997 93.9383 1110.29 638.968 334.892 69.1262 53.8607
internal_count=12519 12273 383 225 11890 10376 1514 546 968 10154 6585 3974 1783 1594
is_linear=0
shrinkage=0.03


Tree=255
num_leaves=15
num_cat=0
split_feature=8 4 0 7 1 3 0 7 3 1 3 5 4 8
split_gain=4.20372 5.47256 4.38836 6.5284 5.2159 5.11008 17.1872 8.76168 7.00543 8.27995 5.06234 4.99301 4.7987 5.30816
threshold=41.650000000000013 56.788393231171725 25.602500000000003 28.550000000000004 22.690000000000008 3.3253945519341284 27.527083333333334 27.350000000000005 2.95814324005396 20.090000000000007 1.003012124617636 71.59177398681642 64.771288780721747 38.550000000000004
decision_type=2 2 2 2 2 2 2 2 2 2 2 2 2 2
left_child=2 -2 12 4 5 7 11 8 9 10 -4 -7 13 -1
right_child=1 -3 3 -5 -6 6 -8 -9 -10 -11 -12 -13 -14 -15
leaf_value=0.0040766225038593486 -0.030576579636918993 -0.0036627647749066846 0.02824600876645883 0.0043759325762734924 0.014127376480269817 -0.054541432614459012 0.021950196473586765 -0.0450305566668424 0.0011117512893885312 -0.035791708903722845 -0.0077394339001956398 -0.019210398679074658 0.00025240693185994749 0.024966110228217951
leaf_weight=335.384703414049 6.9250669637694946 50.778652148321271 2.706530610099434 109.96829514950514 12.362506605684755 5.6215986050665441 6.3615470156073561 3.5503557175397864 147.17319605872035 8.6230364069342595 82.191625041887164 12.212235800921915 541.18379590753466 10.37182612903416
leaf_count=2580 52 363 39 888 103 45 44 31 973 60 715 84 6496 53
internal_value=0.000491862 -0.00735855 0.000851878 -0.00179383 -0.00421699 -0.0051111 -0.0179944 -0.00376668 -0.00297423 -0.00934802 -0.00627675 -0.0326521 0.00201824 0.00477345
internal_weight=1335.41 57.7037 1277.71 390.771 280.803 268.44 24.1954 244.245 240.694 93.5212 84.8982 17.8338 886.94 345.757
internal_count=12526 415 12111 2982 2094 1991 173 1818 1787 814 754 129 9129 2633
is_linear=0
shrinkage=0.03


Tree=256
num_leaves=15
num_cat=0
split_feature=2 4 0 2 5 5 4 8 5 3 3 0 0 1
split_gain=2.86667 6.74658 9.31892 9.7429 7.24935 6.75356 5.08302 5.67157 4.1394 6.68305 6.55076 15.243 5.20137 6.67743
threshold=27.980000000000008 66.973705096076657 14.573333333333338 18.660000000000011 942.47848510742199 1418.458190917969 86.356531150077288 35.050000000000004 230.7206954956055 1.9147660854809825 3.0353536794953149 27.127083333333342 18.337083333333339 4.4600000000000053
decision_type=2 2 2 2 2 2 2 2 2 2 2 2 2 2
left_child=1 5 3 -3 -4 -1 8 -8 -2 -10 12 -12 -11 -14
right_child=6 2 4 -5 -6 -7 7 -9 9 10 11 -13 13 -15
leaf_value=0.027832539200941243 0.0018815891233487623 0.030219327509397664 0.017272709290443534 -0.012713002828719682 -0.0037754812402750661 0.0017396383728171356 0.0039138840892050854 -0.047371483033998907 -0.023454905016435511 -0.0047474813882363359 -0.0074521813151268886 0.020522967022632666 0.01563118082675187 0.0015850329174157659
leaf_weight=18.104657107032835 565.82793584698811 4.327147531323134 34.913656033575535 47.169853061903268 24.448688123375177 17.025355007499456 3.2862072810530654 3.2903211154043674 11.437903766985981 93.679460617247969 212.12842600001022 18.140800543129444 34.118540652096272 232.0891381688416
leaf_count=155 4267 124 231 2953 163 306 25 23 323 997 1190 109 226 1372
internal_value=0.000376794 0.00432639 0.000651215 -0.0085986 0.00868497 0.0155851 -0.00011761 -0.0246106 4.1313e-05 -0.0016898 -0.00122901 -0.00516906 0.00129932 0.00343702
internal_weight=1319.99 145.989 110.859 51.497 59.3623 35.13 1174 6.57653 1167.42 601.594 590.156 230.269 359.887 266.208
internal_count=12464 3932 3471 3077 394 461 8532 48 8484 4217 3894 1299 2595 1598
is_linear=0
shrinkage=0.03


Tree=257
num_leaves=15
num_cat=0
split_feature=1 2 6 1 2 3 8 1 3 8 8 4 8 6
split_gain=3.2344 4.12974 3.91236 7.24999 9.04997 7.9482 7.30455 5.84399 5.15285 6.79371 9.06485 7.83415 6.62794 6.50055
threshold=-13.749999999999998 21.070000000000011 6.6500000000000012 -8.019999999999996 32.990000000000016 3.0065986634725728 42.150000000000013 -0.25999999999999507 3.1915432195829734 24.750000000000004 37.45000000000001 74.445640630615983 36.750000000000007 6.2500000000000009
decision_type=2 2 2 2 2 2 2 2 2 2 2 2 2 2
left_child=-1 -2 8 4 -4 6 7 -5 9 -3 12 -12 -11 -10
right_child=1 2 3 5 -6 -7 -8 -9 13 10 11 -13 -14 -15
leaf_value=-0.024235983013438836 0.014363589044480407 0.00088745617211904212 0.057477529375156357 -0.01099514959605441 -0.019274605908988388 0.011834648373758619 -0.025677517732772104 0.0021106736349813921 0.0010623357088371012 -0.0070804838102578836 0.012828759274606066 -0.014399050184563963 -0.038228005262808611 0.02240560045441899
leaf_weight=3.8927938255947074 17.273492315784097 249.46122210519388 3.4259613472968331 32.788921853061765 1.4222696479409931 60.717594776302576 8.5641922010108811 326.15325198695064 288.94710474670865 267.52709285682067 37.058344564400613 11.766947751864789 5.3586109364405266 12.448103245347736
leaf_count=443 484 2837 109 573 44 512 68 2527 2052 2275 216 116 44 132
internal_value=0.00011075 0.000200645 2.42137e-06 0.00233032 0.0355159 0.00187273 0.000199223 0.000886252 -0.0011543 -0.00282729 -0.0057016 0.00610954 -0.00782947 0.00201503
internal_weight=1326.81 1322.91 1305.64 433.072 4.84823 428.224 367.506 358.942 872.567 571.172 321.711 48.8253 272.886 301.395
internal_count=12432 11989 11505 3833 153 3680 3168 3100 7672 5488 2651 332 2319 2184
is_linear=0
shrinkage=0.03


Tree=258
num_leaves=15
num_cat=0
split_feature=3 1 5 0 0 5 3 0 1 3 2 1 4 0
split_gain=5.40381 11.7429 7.67807 4.87917 5.05022 10.7839 9.00059 9.62235 9.42157 7.95334 6.72096 5.06097 7.86567 5.98452
threshold=2.2379707788842 9.0500000000000043 173.05935668945315 19.209166666666672 25.087083333333343 636.58038330078136 2.8327323890764524 28.213750000000008 6.9000000000000048 2.3929781808550867 34.910000000000011 8.7700000000000049 63.649666149336575 26.788333333333338
decision_type=2 2 2 2 2 2 2 2 2 2 2 2 2 2
left_child=1 -1 -3 -2 5 -5 8 11 -6 -7 -10 -8 13 -13
right_child=3 2 -4 4 6 9 7 -9 10 -11 -12 12 -14 -15
leaf_value=-0.021613897403243404 -0.002196671232241459 0.0195215627493916 -0.012249643271515009 0.0090862084040673093 0.022900868106106215 0.034487703003982878 0.022853125283907167 0.013565741126583814 0.0069794077544303341 -0.002064454332547309 -0.022285106714459966 -0.022926345774068595 0.00079371668775329938 -0.0030395284420058101
leaf_weight=29.887604325544089 439.10163332847878 14.484608493745329 11.367981333285568 197.66354277543724 5.1975795328617087 4.5220307707786551 7.0311012789607039 47.605416730046272 8.2064357399940473 179.68264839798212 36.40694347396493 22.780473202466965 283.12847751379013 32.718885086476803
leaf_count=522 5973 92 269 1415 21 34 41 374 53 988 274 134 2055 180
internal_value=-5.1295e-05 -0.00910855 0.00561512 0.000354985 0.0017142 0.00423783 -0.00046546 0.00106713 -0.0123484 -0.000985768 -0.016867 -0.000688387 -0.00124304 -0.0114636
internal_weight=1319.79 55.7402 25.8526 1264.05 824.944 381.868 443.075 393.264 49.811 184.205 44.6134 345.659 338.628 55.4994
internal_count=12425 883 361 11542 5569 2437 3132 2784 348 1022 327 2410 2369 314
is_linear=0
shrinkage=0.03


Tree=259
num_leaves=15
num_cat=0
split_feature=8 2 4 2 2 1 4 5 5 8 2 0 5 8
split_gain=3.79714 4.50055 4.05453 3.5001 3.08704 5.61892 3.86912 4.27564 3.61961 3.07551 3.05078 5.4911 8.36606 3.18771
threshold=9.9500000000000011 34.650000000000013 75.121511969456449 30.140000000000004 21.070000000000011 -6.4999999999999956 78.404889130414645 1558.0935668945315 2241.214233398438 54.050000000000004 41.650000000000013 25.940000000000008 473.77992248535162 18.950000000000006
decision_type=2 2 2 2 2 2 2 2 2 2 2 2 2 2
left_child=1 2 3 -1 5 -2 -7 -8 9 10 13 12 -12 -6
right_child=4 -3 -4 -5 8 6 7 -9 -10 -11 11 -13 -14 -15
leaf_value=0.055942339107763209 -0.017254084771710261 -0.011752953033537301 -0.0094749592437572746 0.015265967080493976 -0.0049587234680660199 0.033858612838913615 -0.022726067486474873 0.019265416421627851 -0.019488694579293281 -0.028377741611474813 0.042522203725247301 -0.00030968246664844827 -0.014394265070382911 4.0043184689900718e-05
leaf_weight=2.6767584192566556 3.9325395477935698 3.7789027839899054 2.2496218367014071 6.3838434815406799 126.96960093267262 7.363391090417279 2.5721429230179638 4.6469781938940287 7.9326651892624787 2.5075832121074191 6.8777622915804404 19.197481060400605 2.7130405250936747 1116.718492670916
leaf_count=79 205 25 220 112 1475 89 254 24 94 16 43 330 47 9403
internal_value=-9.94481e-05 0.0143856 0.0233642 0.031649 -0.000278308 0.0115643 0.0199444 0.00335932 -0.000458093 -0.000324508 -0.000246986 0.00924117 0.0265828 -0.000473861
internal_weight=1316.52 15.0891 11.3102 9.0606 1301.43 18.5151 14.5825 7.21912 1282.92 1274.98 1272.48 28.7883 9.5908 1243.69
internal_count=12416 436 411 191 11980 572 367 278 11408 11314 11298 420 90 10878
is_linear=0
shrinkage=0.03


Tree=260
num_leaves=15
num_cat=0
split_feature=6 4 2 1 1 4 5 2 7 1 8 5 6 1
split_gain=7.05744 3.14825 3.65372 5.2007 6.66744 4.92786 4.72251 3.77982 3.04975 2.51347 2.53505 5.31256 4.15174 7.09352
threshold=4.2500000000000009 26.181921265494363 41.190000000000019 10.520000000000005 5.0000000000000044 32.550266602272636 156.51417541503909 42.730000000000011 3.7500000000000004 23.750000000000011 24.750000000000004 11.3686580657959 5.7500000000000009 7.9600000000000053
decision_type=2 2 2 2 2 2 2 2 2 2 2 2 2 2
left_child=-1 -2 8 4 -4 -6 -5 -7 -3 10 11 -10 13 -12
right_child=1 2 3 6 5 7 -8 -9 9 -11 12 -13 -14 -15
leaf_value=-0.030377558477664227 -0.020516326029928426 -0.02037146728198359 -0.0091793385486310403 0.015208190813029097 0.055148254283475522 0.027888216425286789 -0.018044307904442693 -0.0049622678672599013 0.014896572218971218 0.015527787681522159 -0.013098281339287997 0.00071638571122938208 0.00051098042371005984 -0.0018181684977516921
leaf_weight=5.9977006448898456 5.8085113749839357 5.7974190013483158 5.3835459090769318 5.5502946600317946 3.585907917469739 7.6423681825399381 8.4133021421730501 4.5457363948225975 24.331490628421307 8.0540691241621953 59.622319659683853 390.16794092371128 488.89265929884277 293.86454537510872
leaf_count=68 244 91 54 33 35 36 136 25 445 74 522 4363 4504 1828
internal_value=-0.000329751 -0.000169317 -6.31822e-05 0.00934551 0.018405 0.0278053 -0.00469395 0.0161889 -0.000330369 -0.000222497 -0.000335689 0.00158262 -0.00128037 -0.00375236
internal_weight=1317.66 1311.66 1305.85 35.1212 21.1576 15.774 13.9636 12.1881 1270.73 1264.93 1256.88 414.499 842.38 353.487
internal_count=12458 12390 12146 319 150 96 169 61 11827 11736 11662 4808 6854 2350
is_linear=0
shrinkage=0.03


Tree=261
num_leaves=15
num_cat=0
split_feature=6 3 0 5 3 4 4 5 0 4 3 4 2 2
split_gain=3.39719 4.93322 5.83708 8.20794 6.00836 4.98973 5.58285 4.98888 6.09366 4.96095 4.71486 10.5219 5.47816 5.30901
threshold=7.1500000000000012 2.651404005585706 18.337083333333339 957.72485351562511 2.5226919582954808 56.788393231171725 59.991276300020935 820.70245361328136 18.734583333333337 37.528638607623151 2.5789484842651498 45.839764450736304 36.210000000000015 37.470000000000013
decision_type=2 2 2 2 2 2 2 2 2 2 2 2 2 2
left_child=10 2 5 7 9 -2 -7 8 -4 -5 11 -1 -13 -12
right_child=1 -3 3 4 -6 6 -8 -9 -10 -11 13 12 -14 -15
leaf_value=0.039204058627096784 -0.022253382724773799 0.0073701085798161172 0.035688171542907411 0.010064793464628958 -0.0034620184016722162 0.024616799813592841 -0.013015529828975922 -0.028208982206595214 -0.0009047099046223323 0.053098715106715613 -0.00029364239350384327 0.0059792119342346479 -0.039843687996590299 -0.0088005385700526198
leaf_weight=7.5045343386009362 17.323377353139225 129.49851779872552 3.2980566043406716 4.9386924207210523 5.3170533925294867 4.8688335046172124 7.9882329413667321 4.6613395251333705 86.214724670164287 5.0997150577604771 959.43537376541644 10.033616473199798 1.9948447719216336 69.912133775651455
leaf_count=76 455 920 19 63 31 49 101 55 877 29 9173 107 11 440
internal_value=0.000175924 0.00317566 -0.00073696 0.00250226 0.0221204 -0.0121958 0.00198349 -0.000895358 0.000822931 0.0347567 -0.000596287 0.0136395 -0.00409514 -0.000879402
internal_weight=1318.09 269.209 139.71 109.53 15.3555 30.1804 12.8571 94.1741 89.5128 10.0384 1048.88 19.533 12.0285 1029.35
internal_count=12406 2599 1679 1074 123 605 150 951 896 92 9807 194 118 9613
is_linear=0
shrinkage=0.03


Tree=262
num_leaves=15
num_cat=0
split_feature=7 0 4 2 2 5 4 6 1 1 0 2 6 0
split_gain=3.89222 3.02761 6.23996 7.98655 6.56257 6.44774 9.07365 6.30888 6.48472 6.53159 7.9796 6.48274 5.91338 6.47733
threshold=129.15000000000003 19.771666666666672 70.43227364384741 30.140000000000004 33.670000000000016 1445.3311157226565 62.942957607472671 5.5500000000000016 4.700000000000002 -3.4899999999999958 18.858333333333338 30.740000000000009 6.6500000000000012 18.076250000000005
decision_type=2 2 2 2 2 2 2 2 2 2 2 2 2 2
left_child=1 2 3 5 -4 6 -1 -5 9 -9 11 -11 -10 -14
right_child=-2 -3 4 7 -6 -7 -8 8 12 10 -12 -13 13 -15
leaf_value=0.030721364511580959 -0.017560310843287782 0.0017706048713223516 -0.0047722720180710405 0.0097225635301484304 -0.036779421676647987 -0.0045149057923104677 0.006545393877083216 0.0058859416723564808 -0.012221506998581086 -0.037688710136941417 0.0075742245000232494 -0.011182646449019354 0.025542272419331109 -0.0010178156779422989
leaf_weight=17.542105889413506 9.6272583606187236 828.12512452527881 157.92655671085231 33.456079408526421 5.0196518599987021 27.063346549402922 60.162171843927354 26.425655590835959 11.185292169451712 8.4957783389836532 17.905021449550986 87.56934997998178 15.561967179179193 16.346372999250889
leaf_count=159 238 5949 3505 140 25 403 655 394 54 70 103 627 59 86
internal_value=0.00052335 0.000669231 -0.00121243 0.00121164 -0.00597659 0.00797282 0.0123242 -0.00207507 -0.00426721 -0.00738145 -0.0104821 -0.0138909 0.00581608 0.0123183
internal_weight=1322.41 1312.78 484.659 321.713 162.946 104.768 77.7043 216.946 183.489 140.396 113.97 96.0651 43.0936 31.9083
internal_count=12467 12229 6280 2750 3530 1217 814 1533 1393 1194 800 697 199 145
is_linear=0
shrinkage=0.03


Tree=263
num_leaves=15
num_cat=0
split_feature=0 1 7 3 3 7 5 5 7 0 3 8 2 1
split_gain=4.35157 7.53322 7.39986 5.98506 4.64432 10.1214 4.54716 17.4028 9.07529 6.0502 6.06288 6.09223 5.86984 5.44284
threshold=25.087083333333343 17.29000000000001 72.350000000000009 2.0505730612723059 2.0008241148528909 7.6500000000000012 110.33356857299806 154.09014892578128 22.150000000000006 25.602500000000003 3.3047403475524466 22.450000000000006 37.270000000000017 6.9000000000000048
decision_type=2 2 2 2 2 2 2 2 2 2 2 2 2 2
left_child=2 4 3 -1 5 -2 9 12 13 -6 11 -11 -8 -9
right_child=1 -3 -4 -5 6 -7 7 8 -10 10 -12 -13 -14 -15
leaf_value=-0.013969174318773146 -0.0087375290680459933 0.00050478380363940033 -0.018585702117298843 0.0017675447889696255 0.0088386840350966958 0.041108021398524409 0.034231286196687041 0.022027536700555957 -0.032856339788041283 -0.04039601302836595 -0.055662264718333257 -0.0086781230308940142 0.00015002769322178163 -0.0086134154188181357
leaf_weight=21.352600478567183 9.9577262150123698 276.09056537970901 16.099100480787456 817.70801084977575 6.0471830442547789 4.573035590350627 10.493236668407919 4.5645340830087653 13.113029666244982 6.5361718125641373 3.540564388036727 22.791173204779625 7.5413228757679454 98.596137937158346
leaf_count=328 278 2049 849 7721 65 25 49 20 73 42 32 206 49 636
internal_value=-0.000314655 -0.00265121 0.000954328 0.00135092 -0.00727017 0.00858638 -0.00864194 -0.00594408 -0.0102239 -0.0175709 -0.0225474 -0.016846 0.0207365 -0.00705919
internal_weight=1319 463.845 855.16 839.061 187.754 14.5308 173.223 134.308 116.274 38.9151 32.8679 29.3273 18.0346 103.161
internal_count=12422 3524 8898 8049 1475 303 1172 827 729 345 280 248 98 656
is_linear=0
shrinkage=0.03


Tree=264
num_leaves=15
num_cat=0
split_feature=6 4 1 2 4 5 6 7 1 5 6 5 8 5
split_gain=4.08326 4.32423 8.82397 7.34104 7.27884 6.94789 7.20872 6.53469 8.7472 6.30965 5.96425 9.94286 7.59746 9.14093
threshold=4.2500000000000009 63.649666149336575 8.7700000000000049 33.210000000000015 64.771288780721747 10.681558132171633 7.2500000000000009 5.9500000000000011 4.4600000000000053 1082.782653808594 7.8500000000000014 168.22674560546878 32.350000000000009 479.58592224121099
decision_type=2 2 2 2 2 2 2 2 2 2 2 2 2 2
left_child=-1 2 5 -4 -3 -2 -7 9 -9 -8 12 -12 -5 -14
right_child=1 4 3 10 -6 6 7 8 -10 -11 11 -13 13 -15
leaf_value=-0.023604636078885962 0.03363078939181826 0.012470873770935665 0.0051046221275291466 -0.017340225896993796 0.00067328144493505263 0.0055610101912996115 -0.0031961190018730415 -0.01838902327213526 6.7145321178647543e-05 0.02537104378815068 0.022559926732885292 -0.014805991805183811 -0.014536685369566486 0.01563915834546253
leaf_weight=5.5499925501644602 4.8568755853921166 48.848538771271706 34.14836523681879 90.126821007579565 846.64341765851714 125.75294003030285 17.664103497751061 42.25561519828625 49.612029038369656 10.280570422764866 11.478809610009195 12.212184539064763 18.777626916766167 15.634962059557436
leaf_count=62 26 292 175 525 8717 835 268 650 287 104 68 279 137 89
internal_value=2.39179e-05 0.000140328 -0.00231862 -0.00731919 0.00133003 0.00133784 0.000565333 -0.00468067 -0.00852859 0.0078269 -0.0101963 0.00347906 -0.0128048 -0.000772164
internal_weight=1333.84 1328.29 432.801 182.379 895.492 250.422 245.565 119.812 91.8676 27.9447 148.23 23.691 124.539 34.4126
internal_count=12514 12452 3443 1273 9009 2170 2144 1309 937 372 1098 347 751 226
is_linear=0
shrinkage=0.03


Tree=265
num_leaves=15
num_cat=0
split_feature=1 1 5 3 1 8 4 1 4 3 0 3 4 2
split_gain=5.11231 4.63116 4.09622 3.08305 8.42779 5.98804 7.79021 5.93757 9.00928 7.94567 5.30227 8.40376 7.13208 6.56199
threshold=-11.299999999999997 -9.769999999999996 1384.089294433594 2.961639372626435 0.24000000000000485 23.750000000000004 74.368933105673619 7.9600000000000053 72.591014121078487 3.119028111412717 27.527083333333334 2.1701149605683909 70.79755815093597 36.450000000000017
decision_type=2 2 2 2 2 2 2 2 2 2 2 2 2 2
left_child=-1 2 -2 10 5 -5 -7 8 -6 -10 13 -12 -13 -3
right_child=1 3 -4 4 7 6 -8 -9 9 -11 11 12 -14 -15
leaf_value=-0.02599671901103608 -0.0047478953219942934 -0.0025642026810164639 0.053070709493870806 0.019445729716854446 9.9370723649791314e-05 -0.0017313529073512534 0.035377087563279536 0.0017805508744740519 -0.02905947051511033 -0.0041088882885189464 0.010966786659040318 -0.021922750031557799 0.02413973586156383 0.0054159938021251224
leaf_weight=5.6918526741210362 1.5729475689586245 378.9231102403719 1.791298168711364 36.094882518751547 98.557653758209199 39.384526048786938 4.834498571464791 539.2160582114011 20.940375754144043 24.925931854872033 11.105899438261984 33.01337805762887 2.5026606991887084 121.6929738894105
leaf_count=612 108 4411 42 354 533 330 132 3900 355 276 248 247 21 927
internal_value=0.000158491 0.000291414 0.031144 0.000188579 0.00141904 0.0105495 0.00301837 0.000332544 -0.00504875 -0.0158771 -0.00152862 -0.0110947 -0.0181047 -0.000617395
internal_weight=1320.25 1314.56 3.36425 1311.19 763.954 80.3139 44.219 683.64 144.424 45.8663 547.238 46.6219 35.516 500.616
internal_count=12496 11884 150 11734 5880 816 462 5064 1164 631 5854 516 268 5338
is_linear=0
shrinkage=0.03


Tree=266
num_leaves=15
num_cat=0
split_feature=2 7 7 4 7 3 3 0 2 0 2 6 7 5
split_gain=4.2836 6.31293 6.09107 8.24898 6.25223 6.09753 5.46673 4.93908 5.72095 5.34262 5.77612 4.89969 4.7188 4.63121
threshold=31.740000000000009 8.9500000000000011 27.550000000000004 70.066866376256073 26.150000000000006 3.2281204921791433 2.9118870329224529 20.04750000000001 29.150000000000009 14.127500000000005 20.550000000000008 6.4500000000000011 28.750000000000004 18.473134994506839
decision_type=2 2 2 2 2 2 2 2 2 2 2 2 2 2
left_child=1 -1 3 4 13 -5 7 8 9 10 -4 12 -8 -3
right_child=-2 2 6 5 -6 -7 11 -9 -10 -11 -12 -13 -14 -15
leaf_value=-0.023750400514247212 -0.0017502650593655092 -0.023545572218593318 0.018181933418087975 -0.0041600994035780178 0.034350940326610409 0.019139682710659529 -0.020286590015471475 0.024805711838612927 -0.026879696318225527 0.0079924186741673481 -0.024036190715651707 0.015764719243953281 0.00088479131562993138 0.0096604893007629315
leaf_weight=7.5614958885125807 843.27852775575593 2.9721373282372943 2.8645271244458916 78.573448497802019 8.360522526316343 10.583189934492109 9.0121687105856818 2.5592979602515689 14.972191746812312 15.078440248966215 13.543272497830911 17.950103433802724 175.62424924015068 122.19268571119756
leaf_count=82 6025 16 109 1112 62 70 97 22 166 83 1296 219 2220 935
internal_value=-0.00046164 0.00179253 0.00224887 0.00585109 0.0105416 -0.00121272 -0.000949808 -0.00983314 -0.0122238 -0.0046418 -0.0160445 0.00123734 -0.000252306 0.00869161
internal_weight=1325.13 481.848 474.286 222.682 133.525 89.1566 251.604 49.0177 46.4584 31.4862 16.4078 202.587 184.636 125.165
internal_count=12514 6489 6407 2195 1013 1182 4212 1676 1654 1488 1405 2536 2317 951
is_linear=0
shrinkage=0.03


Tree=267
num_leaves=15
num_cat=0
split_feature=1 2 6 0 7 1 8 8 1 7 0 0 8 7
split_gain=2.70277 3.49363 3.38019 10.6158 8.91579 6.64494 6.55958 6.15309 5.12558 5.08574 4.87177 4.96579 5.26176 4.61259
threshold=-11.299999999999997 21.070000000000011 6.6500000000000012 9.8437500000000053 29.750000000000004 -0.92999999999999672 25.950000000000006 46.150000000000013 -7.5599999999999978 6.9500000000000011 10.326250000000005 10.653333333333338 23.650000000000006 14.150000000000004
decision_type=2 2 2 2 2 2 2 2 2 2 2 2 2 2
left_child=-1 -2 9 4 -4 6 8 13 -5 -3 -11 12 -12 -7
right_child=1 2 3 5 -6 7 -8 -9 -10 10 11 -13 -14 -15
leaf_value=-0.019348748917535047 0.013211471548518651 -0.022353759521984859 0.078829233641535115 0.034807686313023944 -0.014889833562370803 -0.00020615468046611689 -0.027065844167661949 -0.026214833944990933 -0.0071669966606783819 -0.019190989382874092 -0.0057893013984803409 -0.00073180661411723709 0.058516321818933549 0.0062203248909374507
leaf_weight=5.4177263374440363 17.22433105064556 9.0120548941194993 1.880539420526474 2.3697254694998255 0.93435256229713548 194.61561684124172 12.919359548948703 5.5521447844803324 10.797722808551045 11.83554642787203 1.7498782025650137 846.9978458408732 1.608945603482425 206.7544024172239
leaf_count=593 479 60 58 27 61 1662 300 51 148 1336 85 6050 73 1545
internal_value=7.29811e-05 0.000166979 -1.48938e-05 0.00213925 0.0519723 0.0016963 -0.0127 0.00264808 0.0023108 -0.00109373 -0.000845873 -0.000568298 0.0313722 0.0031115
internal_weight=1329.67 1324.25 1307.03 435.824 2.81489 433.009 26.0868 406.922 13.1674 871.204 862.192 850.357 3.35882 401.37
internal_count=12528 11935 11456 3852 119 3733 475 3258 175 7604 7544 6208 158 3207
is_linear=0
shrinkage=0.03


Tree=268
num_leaves=15
num_cat=0
split_feature=5 0 2 7 0 5 0 1 5 2 7 8 3 1
split_gain=3.24321 6.48989 5.9362 7.2426 6.51023 5.86803 6.96547 6.52595 5.78149 4.78887 11.1916 5.49951 8.99558 7.60415
threshold=419.73808288574224 12.124166666666671 26.27 19.950000000000006 26.912083333333339 1321.1693115234377 16.858750000000008 1.4500000000000017 364.94590759277349 32.690000000000012 9.7500000000000018 30.150000000000006 2.8440358226410267 1.1800000000000026
decision_type=2 2 2 2 2 2 2 2 2 2 2 2 2 2
left_child=1 8 -2 5 -5 6 -4 -8 -1 10 -3 13 -13 -12
right_child=2 9 3 4 -6 -7 7 -9 -10 -11 11 12 -14 -15
leaf_value=-0.016305963788854676 0.007410631481280185 -0.042958929448657875 -0.024015208810206586 -0.0089254138518355501 0.025187242372966004 0.0095535770139513875 0.024551734647932488 -0.0021137848533717791 0.027376070003735334 -0.00060440001891620893 0.010691015211359662 0.029151594239709457 0.0062656934729865572 -0.0025841953066747243
leaf_weight=28.867910607485104 48.755742161069065 3.4795310609042636 11.536434269510208 180.60196486394852 4.236742563545703 44.607858989853412 7.648089298978447 183.72057788260281 2.0986434116493902 499.80610415153205 55.167967049404979 17.411814507097006 102.84295500069857 124.97029785299674
leaf_count=2399 874 24 213 1287 21 373 60 1221 104 3552 328 112 783 1090
internal_value=-0.000454687 0.000676152 -0.00241385 -0.00353628 -0.00801218 -0.000174964 -0.00235011 -0.000926003 -0.0125818 0.00120199 0.00416537 0.00485195 0.00979245 0.00151796
internal_weight=1315.75 834.645 481.107 432.352 184.839 247.513 202.905 191.369 30.9666 803.679 303.873 300.393 120.255 180.138
internal_count=12441 8392 4049 3175 1308 1867 1494 1281 2503 5889 2337 2313 895 1418
is_linear=0
shrinkage=0.03


Tree=269
num_leaves=15
num_cat=0
split_feature=1 2 3 1 7 8 3 0 1 2 8 0 0 8
split_gain=4.65651 3.89139 5.24913 8.18905 6.40502 4.44318 7.70108 4.36072 4.47 4.30747 5.28205 3.2232 3.78049 3.1492
threshold=-11.299999999999997 40.590000000000011 2.2379707788842 9.4900000000000055 9.4500000000000011 11.350000000000003 2.9770693765832159 26.000000000000007 3.6000000000000045 38.530000000000015 10.850000000000003 16.273750000000003 14.886666666666672 32.550000000000004
decision_type=2 2 2 2 2 2 2 2 2 2 2 2 2 2
left_child=-1 2 3 11 -5 6 9 8 -3 10 -4 12 -2 -9
right_child=1 7 5 4 -6 -7 -8 13 -10 -11 -12 -13 -14 -15
leaf_value=-0.025630189406616787 -0.02154203867444987 -0.012755202269474604 -0.024550956825744537 -0.021307128069694366 0.018571097980136283 7.0020257470324002e-05 0.030960295903721638 0.0065230363516444075 0.027083883907158046 0.032388152485274942 0.019860271940643902 -0.029861480059038322 0.028407270654665133 -0.014494327057524133
leaf_weight=5.2447793858591458 1.9956522779539256 2.4407458174973753 7.0385589592624473 4.5166464634239665 9.7152647562324983 1208.8147421064787 10.33074024459347 31.495268824510276 13.7332546133548 1.4399834722280491 2.5777324915397912 15.179610159248112 1.5057945586740968 7.0151139423251143
leaf_count=593 68 39 288 52 57 10305 217 398 103 5 35 219 23 67
internal_value=0.000214555 0.000336773 -5.38309e-06 -0.0116488 0.00534735 0.000315335 0.0135583 0.00809815 0.0206793 -0.00392103 -0.0118968 -0.0242109 0.00147738 0.00242453
internal_weight=1323.04 1317.8 1263.11 32.913 14.2319 1230.2 21.387 54.6844 16.174 11.0563 9.61629 18.6811 3.50145 38.5104
internal_count=12469 11876 11269 419 109 10850 545 607 142 328 323 310 91 465
is_linear=0
shrinkage=0.03


Tree=270
num_leaves=15
num_cat=0
split_feature=3 3 8 4 8 4 5 4 0 5 1 8 4 8
split_gain=3.18705 3.77827 7.74089 6.58628 5.80917 5.60115 6.62606 6.79586 5.40742 5.02163 4.53763 4.8425 4.34022 5.62344
threshold=3.5310060396248937 3.1023342106830545 23.750000000000004 66.078409198906428 30.650000000000006 72.507460235279638 10.681558132171633 74.368933105673619 28.428333333333345 400.53924560546881 14.420000000000002 26.950000000000006 72.940002573808442 22.850000000000005
decision_type=2 2 2 2 2 2 2 2 2 2 2 2 2 2
left_child=1 -1 3 -3 5 9 -7 -8 -6 -4 11 -11 13 -5
right_child=-2 2 4 12 8 6 7 -9 -10 10 -12 -13 -14 -15
leaf_value=-0.0014532990710686246 -0.0091515615226159218 -0.015708957266789243 0.007852787466352016 0.014573222167505418 0.0021816692260849088 0.01194367427705333 -0.030614017358852247 -0.0078830774515204014 0.023294816103405083 0.0041184476371457892 0.018360504568898282 -0.028672550760448497 0.0043672584597464108 0.045388819840919713
leaf_weight=850.8993594229687 36.634938772767782 6.5044083036482325 43.46207252307795 30.050786558073014 211.43220996018499 10.296121336519716 14.526444767601786 55.072472526924685 10.535846047103403 6.0837706676684382 3.251081369817256 9.9317293995991331 24.507069805637002 6.0953378668054929
leaf_count=9011 237 39 246 215 1525 114 103 424 109 43 13 73 373 30
internal_value=-0.000546647 -0.000293936 0.00198904 0.011269 0.000253522 -0.00445258 -0.0096722 -0.0129938 0.0032838 0.0022429 -0.0101751 -0.0167063 0.01437 0.0208517
internal_weight=1319.28 1282.65 431.749 67.1576 364.592 142.624 79.895 69.5989 221.968 62.7287 19.2666 16.0155 60.6532 36.1461
internal_count=12555 12318 3307 657 2650 1016 641 527 1634 375 129 116 618 245
is_linear=0
shrinkage=0.03


Tree=271
num_leaves=15
num_cat=0
split_feature=5 0 3 4 3 4 5 7 8 1 5 1 1 5
split_gain=4.81957 3.75495 5.60143 7.27725 4.47015 4.87131 6.36034 8.61718 6.02717 10.4742 10.2113 7.79128 6.99883 5.45519
threshold=2.0699175596237187 25.602500000000003 0.68657742276788303 43.609869093628589 2.0953761306903842 67.793380662506095 107.88288879394533 7.9500000000000011 32.750000000000007 18.61000000000001 384.41424560546881 13.480000000000004 15.290000000000004 227.07013702392581
decision_type=2 2 2 2 2 2 2 2 2 2 2 2 2 2
left_child=-1 -2 -3 -4 -5 6 -6 -8 9 12 -11 -10 13 -9
right_child=1 2 3 4 5 -7 7 8 11 10 -12 -13 -14 -15
leaf_value=0.011499412320278858 0.00093118355140767552 0.041919418296894752 -0.019757884758331897 0.02114705363995124 -0.02136931751896962 0.00015589881739900953 0.013387358649723024 0.0061875676384728125 -0.030278669205023326 0.021528472129043106 -0.021684488686760144 0.010775495401421259 -0.033724504744601994 -0.024371089436919055
leaf_weight=31.678096057614312 877.12684336327948 1.534963198006152 20.670361772179604 6.4531738236546508 22.005365867167711 244.64067393168807 20.008064053952694 10.531655803322794 4.0597968399524715 11.689005710184576 7.07323133945465 22.651917181909084 20.527314975857735 8.9047255218029004
leaf_count=419 9002 19 421 32 149 1810 101 51 29 54 49 148 114 45
internal_value=0.000122738 -0.000168057 -0.00257031 -0.00284568 -0.00187257 -0.00232741 -0.00705819 -0.00389892 -0.00805512 -0.0133597 0.00496457 0.00366838 -0.0218739 -0.00832026
internal_weight=1309.56 1277.88 400.75 399.215 378.545 372.092 127.451 105.446 85.4376 58.7259 18.7622 26.7117 39.9637 19.4364
internal_count=12443 12024 3022 3003 2582 2550 740 591 490 313 103 177 210 96
is_linear=0
shrinkage=0.03


Tree=272
num_leaves=15
num_cat=0
split_feature=2 6 3 3 2 7 7 4 3 2 8 4 8 2
split_gain=4.2065 7.44929 6.4748 8.39936 5.55832 7.20536 6.73074 5.77993 9.70635 7.47375 15.6071 5.65862 9.09162 6.42317
threshold=33.670000000000016 7.9500000000000011 2.5910978758323471 2.651404005585706 33.930000000000014 28.550000000000004 17.350000000000005 72.349571147684969 3.133522941074284 35.570000000000014 31.450000000000006 47.468212939218752 21.750000000000004 34.790000000000013
decision_type=2 2 2 2 2 2 2 2 2 2 2 2 2 2
left_child=1 2 -1 -4 -2 6 11 -8 -9 -10 -11 12 13 -6
right_child=4 -3 3 -5 5 -7 7 8 9 10 -12 -13 -14 -15
leaf_value=0.015357127899217889 -0.012958174948603159 -0.021134560780559877 -0.022029208582601052 0.0018203853262148911 0.044566402638319853 0.009851724714471901 -0.012314172840061763 0.022857682999475187 0.0014787714606869292 -0.05778138204180823 0.016413314671599014 0.0023544295059791712 -0.014997841288363054 0.00093641163514483305
leaf_weight=30.130208709277213 36.778539199382067 11.791604362893848 12.541650003287939 724.19133958290331 2.3830820340663186 48.503620803821832 87.637286019511521 12.035927608609198 23.875185366719961 5.4180340990424138 3.6411525793373585 248.42956421105191 47.597060929518193 30.137507421895862
leaf_count=412 266 175 174 7715 19 399 534 77 160 40 41 1433 665 370
internal_value=0.000161855 0.00157703 0.00195333 0.00138508 -0.00185393 -0.0010288 -0.00219204 -0.00786935 0.000872077 -0.00759942 -0.0292932 0.000116349 -0.00676698 0.00536773
internal_weight=1325.09 778.655 766.863 736.733 546.437 509.658 461.155 132.608 44.9703 32.9344 9.05919 328.547 80.1177 32.5206
internal_count=12480 8476 8301 7889 4004 3738 3339 852 318 241 81 2487 1054 389
is_linear=0
shrinkage=0.03


Tree=273
num_leaves=15
num_cat=0
split_feature=0 2 4 1 3 1 7 1 7 8 0 2 3 8
split_gain=3.15531 4.45124 3.23816 3.41356 3.21381 9.69023 7.9267 3.48375 7.84859 5.35632 8.144 5.81343 5.70297 5.2726
threshold=29.837916666666676 42.110000000000014 26.181921265494363 5.0000000000000044 2.2014244298504733 9.4900000000000055 9.4500000000000011 -3.3599999999999977 28.350000000000005 31.750000000000004 13.701666666666673 32.030000000000008 2.4527214424105277 11.750000000000002
decision_type=2 2 2 2 2 2 2 2 2 2 2 2 2 2
left_child=1 4 -3 -4 5 -1 -7 8 9 10 12 -12 -6 -10
right_child=-2 2 3 -5 7 6 -8 -9 13 -11 11 -13 -14 -15
leaf_value=-0.022324718947043892 -0.019272648046803117 -0.012128167583226138 -0.0026879342091810964 0.027651394040374113 -0.01844148095700017 -0.018375520617211788 0.022290887472206398 3.1629640339612699e-05 0.028547384422217152 -0.014665650426293182 -0.024485731250327488 0.017350424398980255 0.033401905104762958 -0.010737754786735573
leaf_weight=19.684480141382664 6.4175276197493067 2.7728738160803941 4.3305553290992966 11.471827255561946 1.4640354178845907 5.8227834161371019 11.004350658506153 1194.318203849718 2.5755019299685982 3.8597628343850365 4.6601485759019834 5.3507631458342075 21.313683071406558 22.019204764859751
leaf_count=389 124 103 36 101 98 88 64 9589 120 85 26 30 386 1228
internal_value=0.000239115 0.000349274 0.0145478 0.0196719 0.000134058 -0.00851896 0.00797747 0.000392267 0.00731165 0.0159423 0.0198728 -0.00257966 0.0294342 -0.00566927
internal_weight=1317.07 1310.65 18.5753 15.8024 1292.07 36.5116 16.8271 1255.56 61.2431 36.6484 32.7886 10.0109 22.7777 24.5947
internal_count=12467 12343 240 137 12103 541 152 11562 1973 625 540 56 484 1348
is_linear=0
shrinkage=0.03


Tree=274
num_leaves=15
num_cat=0
split_feature=5 2 5 5 7 7 2 2 3 0 7 7 2 0
split_gain=2.54601 6.83343 4.64958 4.378 5.26429 9.89866 5.58767 4.00123 3.18509 4.03804 3.14153 3.07643 5.49725 6.4399
threshold=1321.1693115234377 32.810000000000009 1445.3311157226565 1219.8198242187502 11.350000000000003 19.150000000000006 32.910000000000011 34.990000000000016 2.5789484842651498 16.709583333333338 22.550000000000004 18.150000000000002 35.230000000000011 25.338750000000008
decision_type=2 2 2 2 2 2 2 2 2 2 2 2 2 2
left_child=3 2 -2 11 6 -6 -5 8 9 -3 -7 12 13 -1
right_child=1 7 -4 4 5 10 -8 -9 -10 -11 -12 -13 -14 -15
leaf_value=-0.0029203839328554525 0.014515168931946792 0.071158483670904035 -0.0025858302770250339 0.01965587959208882 -0.050414476321221487 0.022311447099505617 -0.022259788828047508 -0.0020124598068007615 0.015228611711526967 0.01309645510558451 -0.011884811182691612 0.0013303298286673924 0.0011214767349017724 -0.016488957499854406
leaf_weight=188.1571274488233 17.071099907625467 2.0713719129562405 67.811032601865008 6.9505472257733363 5.735131427645686 2.1435735165141514 3.5031852265819907 4.9603057522326699 8.6636314988136274 2.5244689807295799 9.7794891973026079 696.17985077295452 270.68675959249958 36.978514477610588
leaf_count=1195 146 38 723 29 42 16 27 68 44 15 84 7730 2100 254
internal_value=0.000148236 0.00465172 0.000982409 -0.000235814 -0.0117302 -0.0213055 0.0048923 0.0208057 0.0288844 0.0473052 -0.00448613 4.48717e-05 -0.00175907 -0.00521208
internal_weight=1323.22 103.102 84.8821 1220.11 28.1119 17.6582 10.4537 18.2198 13.2595 4.59584 11.9231 1192 495.822 225.136
internal_count=12511 1034 869 11477 198 142 56 165 97 53 100 11279 3549 1449
is_linear=0
shrinkage=0.03


Tree=275
num_leaves=15
num_cat=0
split_feature=0 1 7 1 5 0 8 0 8 7 6 1 5 6
split_gain=4.16633 8.92955 5.86637 5.82558 8.03068 4.7983 14.3292 8.99632 6.11968 5.21129 10.7595 10.8253 6.03462 7.79719
threshold=20.674166666666672 4.4600000000000053 68.050000000000026 8.6100000000000048 1199.929138183594 18.57833333333334 27.450000000000006 20.332500000000003 18.750000000000004 27.350000000000005 5.5500000000000016 4.4600000000000053 46.758338928222663 6.6500000000000012
decision_type=2 2 2 2 2 2 2 2 2 2 2 2 2 2
left_child=2 -2 3 5 -5 8 7 -7 -1 10 -10 -12 -13 -14
right_child=1 -3 -4 4 -6 6 -8 -9 9 -11 11 12 13 -15
leaf_value=-0.010345515774044347 0.022096185488783282 0.00076218660686118108 -0.019823682301592222 0.019235721172877342 -0.0076118118115014394 0.0097273474825625827 -0.019935969634067765 -0.023319990851960567 0.023930123669804071 -0.0041773428750671599 -0.0028115811920158009 -0.0074161733074016075 0.00022513694766501956 0.030471975226970704
leaf_weight=53.957608234602958 17.07676019705832 766.65986432228237 15.431804744061081 25.386151477694511 15.469728849828241 37.378160567954183 47.679747683927417 8.2047014459967595 19.755822558421642 131.80562078114599 142.47462909668684 8.5261866599321348 11.695610009133814 21.370631568133831
leaf_count=1123 135 5566 912 187 125 212 266 54 87 1998 1703 39 64 84
internal_value=-0.000141242 0.0012546 -0.00216892 -0.00161191 0.00913115 -0.00253791 -0.00861226 0.00340606 -0.00106546 0.00045276 0.00345267 0.00113741 0.0144131 0.0200943
internal_weight=1322.87 783.737 539.136 523.705 40.8559 482.849 93.2626 45.5829 389.586 335.629 203.823 184.067 41.5924 33.0662
internal_count=12555 5701 6854 5942 312 5630 532 266 5098 3975 1977 1890 187 148
is_linear=0
shrinkage=0.03


Tree=276
num_leaves=15
num_cat=0
split_feature=0 1 0 6 5 6 4 0 3 1 3 1 3 4
split_gain=4.20606 3.77034 4.88588 5.12438 10.0818 6.50501 12.3509 7.44224 9.7843 8.80961 10.1955 7.19523 6.32183 6.6725
threshold=9.6387500000000053 -3.4899999999999958 19.209166666666672 5.5500000000000016 384.41424560546881 6.4500000000000011 57.967006533908609 15.500416666666672 2.8136610352683262 4.3400000000000061 3.0644317808652581 8.4600000000000026 2.9353913689559592 66.859289128495604
decision_type=2 2 2 2 2 2 2 2 2 2 2 2 2 2
left_child=-1 -2 3 4 -3 6 -5 9 -9 10 -7 12 -8 -14
right_child=1 2 -4 5 -6 7 11 8 -10 -11 -12 -13 13 -15
leaf_value=-0.012980429149930341 0.0085563535864666626 0.012110335561335676 0.0010365800470348758 0.01954505486347172 -0.01056509407400699 -0.00040909562407988786 -0.027360718731060281 -0.0001219640011696909 -0.018717059503285217 0.036190014886346461 0.047551926595170366 0.017876091954613434 0.0035279530501674825 -0.016636074625795593
leaf_weight=21.475215884624049 44.877558158710599 47.925181864760816 871.64690917450935 10.262870192527769 26.677086980314925 69.790427122730762 28.398759012576193 76.34775648266077 37.22346194088459 6.6588018797338 3.2299331519752732 5.3165591843426219 21.042302832007408 46.2510073822923
leaf_count=1943 606 365 6247 50 196 1012 612 459 191 25 17 41 107 640
internal_value=-0.000113552 0.000109561 -0.000200103 -0.00303862 0.00396932 -0.0047628 -0.0105069 -0.00141833 -0.00632676 0.00556964 0.00232614 -0.013722 -0.0156443 -0.0103715
internal_weight=1317.12 1295.65 1250.77 379.124 74.6023 304.522 111.271 193.25 113.571 79.6792 73.0204 101.009 95.6921 67.2933
internal_count=12511 10568 9962 3715 561 3154 1450 1704 650 1054 1029 1400 1359 747
is_linear=0
shrinkage=0.03


Tree=277
num_leaves=15
num_cat=0
split_feature=2 4 1 5 7 5 1 0 2 8 5 5 4 0
split_gain=3.13234 7.49705 10.6712 8.93999 8.53032 6.58445 6.93796 6.62099 6.22537 5.65419 5.5425 5.29471 5.17894 6.97661
threshold=28.200000000000006 70.68732401951948 6.7800000000000056 1445.3311157226565 38.95000000000001 302.95762634277349 1.0300000000000027 14.366666666666671 25.590000000000007 35.050000000000004 1681.101013183594 820.70245361328136 55.788983529858733 27.302083333333336
decision_type=2 2 2 2 2 2 2 2 2 2 2 2 2 2
left_child=1 3 10 4 -1 -2 -7 -8 -6 -4 -3 -11 13 -9
right_child=5 2 9 -5 8 6 7 12 -10 11 -12 -13 -14 -15
leaf_value=0.030419086379063608 0.0014805112395053354 -0.013970028677330095 0.015975513925233078 -0.0034424924517713336 0.024579165789525369 -0.014018192965379232 0.029007708870935147 0.0064168726327724834 -0.014684500284371745 0.01887365993511975 0.01664210232964505 -0.01938682790791646 -0.0042313861988407435 -0.013417601730578699
leaf_weight=25.573577982839197 654.23360500088893 45.281001557130367 31.864349503070116 20.95631092810072 5.0027006678283206 46.346825840882957 5.1423802301287642 95.437577990815043 8.2142810868099314 3.9327533952891818 5.1647080280818036 8.8555809482932073 335.73590746894479 18.161865121684968
leaf_count=246 4869 2894 228 360 76 716 40 678 86 32 42 64 1822 289
internal_value=3.77587e-05 0.00403025 -0.00121644 0.0122639 0.0206224 -0.000500492 -0.0030861 -0.00194293 0.000860539 0.00935445 -0.0105733 -0.00710523 -0.00236077 0.0031564
internal_weight=1309.9 154.845 95.0984 59.7469 38.7906 1155.06 500.825 454.478 13.217 44.6527 50.4457 12.7883 449.335 113.599
internal_count=12442 4028 3260 768 408 8414 3545 2829 162 324 2936 96 2789 967
is_linear=0
shrinkage=0.03


Tree=278
num_leaves=15
num_cat=0
split_feature=1 7 1 0 0 7 7 3 2 8 4 0 2 0
split_gain=4.23559 2.99935 10.3646 4.70011 4.87136 4.28745 4.80939 4.44475 4.39449 6.14122 6.09919 5.67796 5.10163 4.84538
threshold=-11.299999999999997 68.050000000000026 9.4900000000000055 27.57125000000001 28.154166666666679 50.150000000000013 46.550000000000004 3.5946344915547748 27.04000000000001 25.750000000000004 69.333559734644339 16.709583333333338 24.230000000000008 10.507916666666672
decision_type=2 2 2 2 2 2 2 2 2 2 2 2 2 2
left_child=-1 5 -3 -4 -5 6 8 -7 9 10 12 -12 -2 -11
right_child=1 2 3 4 -6 7 -8 -9 -10 13 11 -13 -14 -15
leaf_value=-0.025427601717073044 -0.014790888255992311 -0.031995514800936528 0.0068860643807684618 -0.026400693048808505 0.0099686236780255778 0.0090293117239291093 -0.014832912265765739 -0.031967536926137977 -0.00048298510411457412 0.047992055331970082 -0.02065802224177762 0.014570826415085678 0.026270479350443264 0.011584065926914616
leaf_weight=4.9987457969691595 3.1220984989777234 10.759992964332922 27.86814034357667 8.6257173120975477 4.3980310633778563 63.100084229372442 19.08765212027356 1.5083747878670681 1102.4030249053612 2.8745690681971601 15.267270433250816 4.7149339802563182 8.1325825713574869 32.484976738225669
leaf_count=593 47 852 228 62 28 846 274 11 7982 159 861 29 57 430
internal_value=-0.000276728 -0.000160935 -0.00717531 -3.64461e-05 -0.014284 0.000133779 -0.00027826 0.00759952 -2.81342e-05 0.00739699 -0.00229025 -0.0120473 0.0146024 0.0157824
internal_weight=1309.35 1304.35 51.6519 40.8919 13.0237 1252.7 1188.09 64.6085 1169 66.5964 31.2369 19.9822 11.2547 35.3595
internal_count=12459 11866 1170 318 90 10696 9839 857 9565 1583 994 890 104 589
is_linear=0
shrinkage=0.03


Tree=279
num_leaves=15
num_cat=0
split_feature=8 8 6 1 0 3 5 1 0 5 0 0 1 6
split_gain=4.16154 6.46636 5.36183 6.50877 7.12983 8.77928 11.0728 8.83875 5.63128 4.97132 4.89354 8.2741 7.42006 4.25254
threshold=24.250000000000004 29.550000000000004 5.8500000000000014 8.4600000000000026 23.133333333333344 3.3183534552449836 205.34626770019534 20.650000000000009 27.82458333333334 54.973009109497077 27.527083333333334 28.213750000000008 17.170000000000009 5.1500000000000012
decision_type=2 2 2 2 2 2 2 2 2 2 2 2 2 2
left_child=-1 2 3 -2 -5 6 7 13 9 -7 12 -12 -4 -6
right_child=1 -3 10 4 5 8 -8 -9 -10 -11 11 -13 -14 -15
leaf_value=0.002030757474744742 -0.020132552327999514 0.00038679387500210687 -0.0019768358092296348 0.011300277399255543 0.042226149628156046 -0.05736062603270136 -0.016535229126921451 -0.017827234933429428 0.0095834659801201909 -0.019730911699799368 -0.036828417622260745 0.00074079598436809196 0.022354419745399048 0.010879434471929282
leaf_weight=413.12134673481341 37.286448480561376 557.76610864140093 185.61888462374918 17.811263751238585 5.2687468975782457 4.4575160853564801 24.484822146594524 6.1191159635782233 2.9543376788496962 12.231888327747582 8.3331685643643159 12.048049730248747 11.006514273583887 13.155649740248917
leaf_count=4951 444 4414 1847 110 26 37 131 41 20 75 78 133 93 90
internal_value=-0.00045825 -0.0016036 -0.00485299 -0.00981055 -0.00518106 -0.0095566 -0.00259055 0.0114235 -0.0259753 -0.0324558 -0.00199341 -0.015624 -0.00050862 0.0215559
internal_weight=1311.66 898.543 340.776 123.77 86.4833 68.6721 49.0283 24.5435 19.6437 16.6894 217.007 20.3812 196.625 18.4244
internal_count=12490 7539 3125 974 530 420 288 157 132 112 2151 211 1940 116
is_linear=0
shrinkage=0.03


Tree=280
num_leaves=15
num_cat=0
split_feature=8 2 8 8 7 7 2 6 0 6 8 2 4 7
split_gain=2.96779 3.1266 3.301 5.3208 5.08246 8.72872 5.94673 5.66096 5.2455 4.93742 7.79009 7.80687 6.723 5.8159
threshold=41.650000000000013 40.590000000000011 30.750000000000004 24.750000000000004 8.6500000000000021 11.850000000000003 37.750000000000014 7.5500000000000016 27.169583333333339 5.7500000000000009 27.350000000000005 35.570000000000014 72.507460235279638 48.650000000000013
decision_type=2 2 2 2 2 2 2 2 2 2 2 2 2 2
left_child=1 2 3 -1 -4 7 -7 -6 -8 10 -5 13 -13 -12
right_child=-2 -3 4 9 5 6 8 -9 -10 -11 11 12 -14 -15
leaf_value=0.0014412436410903219 -0.0062781904635128213 0.0076183399656327318 -0.022732737775571617 -0.018434788044919753 0.029587913212955619 0.0025834302369920114 -0.031980567471050658 -0.0071483147979358322 0.0016843716526051035 -0.00095628046188888044 0.0032601902771640118 -0.0056714659713703016 -0.053883587893751701 -0.022213114964042921
leaf_weight=415.37021074595395 59.089939550962299 52.856574788689613 6.1260430668480685 43.173545822734013 15.786763837561013 370.07727394415997 7.6332364566624147 4.4331645700149229 7.8658711165189743 246.4361513373442 70.166058886796236 6.4631554745137674 3.6878716945648193 8.0980646503157896
leaf_count=4887 419 606 75 377 100 2942 53 38 61 2334 435 36 26 116
internal_value=0.000235552 0.000546211 0.00023002 -0.000901145 0.00240564 0.00284009 0.00180427 0.0215763 -0.0158289 -0.00347195 -0.0081405 -0.00296379 -0.0264484 0.000377454
internal_weight=1317.26 1258.17 1205.32 793.395 411.922 405.796 385.576 20.2199 15.4991 378.025 131.589 88.4152 10.151 78.2641
internal_count=12505 12086 11480 8211 3269 3194 3056 138 114 3324 990 613 62 551
is_linear=0
shrinkage=0.03


Tree=281
num_leaves=15
num_cat=0
split_feature=8 1 1 8 8 0 3 4 5 0 0 8 8 6
split_gain=3.56129 2.27719 3.16817 9.45557 10.3005 5.39428 3.4468 6.41884 2.60074 2.60037 2.42597 3.93167 4.45642 2.24279
threshold=54.050000000000004 -11.299999999999997 -7.0499999999999945 26.050000000000004 25.150000000000006 12.863333333333339 2.6851951686690381 69.17111646435869 439.71591186523443 7.9945833333333365 10.87708333333334 26.350000000000005 26.650000000000006 4.4500000000000011
decision_type=2 2 2 2 2 2 2 2 2 2 2 2 2 2
left_child=1 -1 3 4 6 -5 -3 9 -9 -8 11 -4 -13 -12
right_child=-2 2 10 5 -6 -7 7 8 -10 -11 13 12 -14 -15
leaf_value=-0.018360518179427663 -0.030646107959966876 -0.019301896515978054 -0.016838336475851604 -0.027390195595018599 0.08853789530542347 0.017806810210403975 0.0099304911054257095 -0.022294050484112142 0.020935252254701976 0.06484533138622281 -0.013418950682634724 0.049836857216022296 -0.0033208230594584708 0.00041250961304877649
leaf_weight=4.9146676538512102 2.3744765780866137 1.4483027691021577 16.472399292164486 5.1411055119242501 1.2828323380090285 3.0101474970579147 1.6694478252902629 2.2797298270743345 1.0793835329823194 1.7712584333494303 9.6405785232782346 0.85712218517437477 5.5666344198398292 1259.5495103900321
leaf_count=590 16 48 1411 187 30 28 27 238 30 16 99 19 362 9399
internal_value=0.000133849 0.000212692 0.000296339 0.0125621 0.0314773 -0.0105776 0.0139887 0.0226449 -0.00678717 0.0464368 0.000118897 -0.00935128 0.00952974 0.000296966
internal_weight=1317.06 1314.68 1309.77 17.6822 9.53095 8.15125 8.24812 6.79982 3.35911 3.44071 1292.09 22.8962 6.42376 1269.19
internal_count=12500 12484 11894 604 389 215 359 311 268 43 11290 1792 381 9498
is_linear=0
shrinkage=0.03


Tree=282
num_leaves=15
num_cat=0
split_feature=2 3 2 2 3 6 3 7 1 1 1 0 0 3
split_gain=5.4065 4.73215 5.83886 12.1808 8.00905 4.59712 7.14971 7.99312 7.35818 11.9755 9.967 7.78384 7.10701 6.79556
threshold=41.190000000000019 2.4527214424105277 38.150000000000013 36.650000000000013 2.2944220525245678 6.5500000000000016 2.9874830361974012 30.650000000000006 9.0500000000000043 4.8600000000000039 14.420000000000002 20.449166666666674 11.665833333333337 2.5226919582954808
decision_type=2 2 2 2 2 2 2 2 2 2 2 2 2 2
left_child=1 2 3 -1 -5 -3 7 8 9 11 -10 12 -7 -14
right_child=-2 5 -4 4 -6 6 -8 -9 10 -11 -12 -13 13 -15
leaf_value=-0.012141665906313213 0.010928582081834597 -0.0010797599363570204 -0.022063343966106586 0.032525329282518008 -0.010394800167169812 0.023222339538569201 0.011199404827768645 -0.013622235707068647 -0.018764477221020169 0.013984635850313303 0.0071874326561483688 0.024545056424311693 0.021957787623553684 -0.0073640975772387854
leaf_weight=36.282232390716672 38.636861935257912 848.49408391141333 18.041433461010456 10.677677788771687 5.2920551113784304 7.5369409029372028 74.13856949377805 29.909917305689305 29.220124695450068 80.935610320419073 23.070749748498201 8.9515116512775403 6.7094588801264754 96.680588866584003
leaf_count=516 506 7933 264 105 47 366 651 503 190 397 154 41 41 759
internal_value=1.69073e-05 -0.00032181 -0.00783201 -0.0025962 0.018528 0.000122189 0.00297272 0.000785807 0.00253534 0.00514484 -0.00739447 -0.000889642 -0.00314311 -0.00526915
internal_weight=1314.58 1275.94 70.2934 52.252 15.9697 1205.65 357.153 283.015 253.105 200.814 52.2909 119.879 110.927 103.39
internal_count=12473 11967 932 668 152 11035 3102 2451 1948 1604 344 1207 1166 800
is_linear=0
shrinkage=0.03


Tree=283
num_leaves=15
num_cat=0
split_feature=7 2 7 2 1 4 3 3 6 7 4 7 6 7
split_gain=2.84858 3.21355 4.83601 3.637 4.16714 6.4505 2.85624 7.02861 7.78774 9.76008 7.25448 10.4555 9.68247 8.86024
threshold=3.7500000000000004 41.850000000000016 7.6500000000000012 44.070000000000014 14.730000000000004 53.791580552066456 2.651404005585706 2.5530451666775833 7.3500000000000014 3.9500000000000006 55.788983529858733 9.4500000000000011 8.0500000000000025 4.8500000000000014
decision_type=2 2 2 2 2 2 2 2 2 2 2 2 2 2
left_child=-1 6 3 4 5 -3 7 8 -2 -10 12 -12 -11 -14
right_child=1 2 -4 -5 -6 -7 -8 -9 9 10 11 -13 13 -15
leaf_value=-0.014427616742746919 0.015881080756920581 0.036385894868441154 0.037712259442958633 -0.015679871342321034 -0.017850770084840213 -0.014229243942769327 0.00038336824897603719 -0.01410222100108002 0.052339228034761168 -0.02084202734944595 -0.02426206967314061 0.018151137302106823 -0.02838841189341243 0.016553647839857071
leaf_weight=11.321343909483401 21.464331618975848 6.3716476168483549 3.9285152666270724 5.071582216769456 2.3322287453338495 2.630364716053009 1132.1131941525964 42.975576367229223 1.6845018994063128 35.989094253396615 6.1319132740609374 19.031756012234837 4.3188119698315885 14.523535880725829
leaf_count=257 202 78 23 90 48 14 10345 439 20 481 36 141 85 185
internal_value=-7.0865e-05 6.53076e-05 0.0116126 0.00355526 0.0127356 0.0216523 -0.000127323 -0.0040598 0.000219673 -0.00403824 -0.00585696 0.00728354 -0.0119099 0.00534103
internal_weight=1309.89 1298.57 20.3343 16.4058 11.3342 9.00201 1278.23 146.12 103.144 81.6796 79.9951 25.1637 54.8314 18.8423
internal_count=12444 12187 253 230 140 92 11934 1589 1150 948 928 177 751 270
is_linear=0
shrinkage=0.03


Tree=284
num_leaves=15
num_cat=0
split_feature=2 6 6 3 3 1 5 4 6 1 1 2 2 4
split_gain=3.06932 4.63321 3.31931 6.23974 6.26846 5.7803 4.60956 5.86883 6.66163 5.8237 5.25689 4.6652 7.87364 4.42313
threshold=20.270000000000007 6.4500000000000011 6.3500000000000014 3.0065986634725728 3.0238160591005667 0.6400000000000049 512.29974365234386 59.095324993640006 6.9500000000000011 11.330000000000004 10.670000000000007 32.870000000000012 37.270000000000017 76.420431563824835
decision_type=2 2 2 2 2 2 2 2 2 2 2 2 2 2
left_child=1 -1 -2 -4 -5 -6 7 9 10 -7 11 -9 -13 -12
right_child=2 -3 3 4 5 6 -8 8 -10 -11 13 12 -14 -15
leaf_value=0.020593017514714634 -0.0014306603516348762 -0.021605673915693804 0.00024644479478026213 0.028721676759175824 -0.031575958777657252 0.0073454611250162649 0.024243894148080258 0.0076787062600545044 0.020184464826753859 -0.038537192294175106 0.012104835093049708 -0.063509522411780928 0.0040314779984162892 -0.022454147503015259
leaf_weight=11.978792906971647 753.51791827345733 2.0015751700848332 454.38202770636417 11.536232274956999 2.6145578869618467 4.1284162551164609 11.212594110518692 3.0423638299107569 21.358136970549822 4.3845612406730652 18.488685121759776 2.6838270984590054 2.4916322380304337 3.068789914250373
leaf_count=329 6806 139 4429 83 35 21 77 19 207 26 208 23 20 51
internal_value=1.09755e-05 0.0135124 -0.000145348 0.00164953 0.00905903 0.00562755 0.0074206 0.00391048 0.00780673 -0.017853 -0.00143932 -0.0204866 -0.0356057 0.0064079
internal_weight=1306.89 13.9804 1292.91 539.392 85.0098 73.4736 70.859 59.6464 51.1334 8.51298 29.7753 8.21782 5.17546 21.5575
internal_count=12473 468 12005 5199 770 687 652 575 528 47 321 62 43 259
is_linear=0
shrinkage=0.03


Tree=285
num_leaves=15
num_cat=0
split_feature=2 8 2 4 2 5 2 8 8 4 1 5 4 4
split_gain=3.21804 6.25777 7.5406 4.40714 4.05725 4.33192 4.57267 6.87629 4.79095 5.672 5.03619 4.71701 3.96785 5.94688
threshold=40.590000000000011 26.150000000000006 44.550000000000011 54.829749668011154 32.370000000000012 1061.4548950195315 32.690000000000012 24.350000000000005 17.550000000000004 38.506959241524221 -2.52 1183.6627197265627 63.649666149336575 62.942957607472671
decision_type=2 2 2 2 2 2 2 2 2 2 2 2 2 2
left_child=4 2 3 -2 -1 12 -7 8 9 -8 -10 -12 13 -6
right_child=1 -3 -4 -5 5 6 7 -9 10 -11 11 -13 -14 -15
leaf_value=0.001638599965634266 0.025393814196303668 -0.0056430717111836592 -0.025484056626966026 -0.002246085719815875 -0.0041257131400976518 -0.018546456962164691 0.036950892817992534 0.019908917840839278 0.024649137517661901 -0.0044168027935351812 -0.00013033398873592311 -0.037949307356916588 -0.00066915475310546074 -0.021656551208278908
leaf_weight=564.79794701305218 23.769883817061785 20.551196238957345 2.8648011106997719 6.3739550635218611 218.31877103820443 5.0522744236513963 3.8031307421624678 24.939406760502607 1.6810046052560199 7.3910675793886185 5.2063286285847408 5.9258942268788815 408.18202880956233 18.035035962238908
leaf_count=7055 277 221 74 34 1457 35 28 171 32 40 33 60 2854 103
internal_value=5.73663e-05 0.00719089 0.0151123 0.0196649 -0.000250512 -0.00177811 0.00630989 0.00919551 -0.00228488 0.0115152 -0.014302 -0.0217307 -0.00246444 -0.00554901
internal_weight=1316.89 53.5598 33.0086 30.1438 1263.33 698.535 53.9991 48.9468 24.0074 11.1942 12.8132 11.1322 644.536 236.354
internal_count=12474 606 385 311 11868 4813 399 364 193 68 125 93 4414 1560
is_linear=0
shrinkage=0.03


Tree=286
num_leaves=15
num_cat=0
split_feature=7 7 7 1 3 5 1 8 1 3 8 8 6 3
split_gain=3.00711 4.29721 6.52175 5.05034 8.62484 4.12413 3.99957 6.31101 3.62418 5.29889 7.51445 7.44861 7.95239 7.66004
threshold=76.750000000000014 54.050000000000004 55.750000000000007 7.8200000000000047 3.5310060396248937 134.21414947509768 22.93000000000001 37.45000000000001 20.650000000000009 2.95814324005396 21.650000000000006 29.450000000000006 5.2500000000000009 3.0795502394969922
decision_type=2 2 2 2 2 2 2 2 2 2 2 2 2 2
left_child=1 6 -3 -4 -5 -6 8 -8 -1 -10 -11 12 -12 -13
right_child=-2 2 3 4 5 -7 7 -9 9 10 11 13 -14 -15
leaf_value=0.00039525573831957086 -0.0078757543259537766 0.031817297118982422 -0.0078582534787864124 0.018112122359166274 0.0051337085827927315 -0.039685535656621446 0.020677721859010661 -0.015516237391741034 -0.030651459456464854 0.021133186655043334 -0.037121099839969147 -0.037422029820516879 0.00028162292398241086 0.002636758276582679
leaf_weight=1103.2118768086657 38.188058880972676 8.0635488799307478 19.218917568447068 27.60267592407763 3.0968622639775267 2.9424968212842941 17.467360589653257 4.8620425611734381 6.1810465157032004 8.7504218593239766 11.59004867449403 3.7028546296060076 8.5928231962025148 48.733075015246868
leaf_count=9717 931 104 531 243 22 18 162 42 47 53 82 37 63 388
internal_value=0.000310137 0.00056149 0.00827006 0.00415406 0.0110452 -0.0192387 0.000167853 0.0124695 -7.30994e-05 -0.00591261 -0.00368407 -0.00692094 -0.0219354 -0.00083944
internal_weight=1312.2 1274.02 60.9245 52.861 33.642 6.03936 1213.09 22.3294 1190.76 87.5503 81.3692 72.6188 20.1829 52.4359
internal_count=12440 11509 918 814 283 40 10591 204 10387 670 623 570 145 425
is_linear=0
shrinkage=0.03


Tree=287
num_leaves=15
num_cat=0
split_feature=0 4 3 7 3 1 3 7 2 2 4 0 2 7
split_gain=4.86266 4.94459 6.83982 8.3825 7.02531 6.63641 5.37434 5.29036 6.17583 5.11439 8.09564 6.89822 5.10108 7.98942
threshold=25.674583333333334 63.649666149336575 3.2898875944799904 20.750000000000004 3.2754518727204398 14.050000000000004 1.003012124617636 33.45000000000001 33.270000000000017 38.650000000000013 45.179205572078843 29.041250000000005 37.750000000000014 8.9500000000000011
decision_type=2 2 2 2 2 2 2 2 2 2 2 2 2 2
left_child=-1 6 4 -4 5 -3 -2 8 -7 12 -11 -12 13 -8
right_child=1 2 3 -5 -6 7 9 -9 -10 10 11 -13 -14 -15
leaf_value=0.00098363294555477176 0.02643054831395562 0.017124253319130051 -0.026995433076782753 -0.0031255982577907296 0.030498067324505582 -0.02084321868667657 0.017047755530235183 0.012861944848551261 -0.00046663910008692283 -0.019906099492951704 -0.0029689041388297963 0.025024241711955362 -0.032987195748282586 -0.018306387578680989
leaf_weight=928.63236431218684 3.0035665072500697 20.980148185044527 14.074890650808809 112.18796126544476 7.1447526551783076 14.591476574540136 6.6923856846988228 20.68856942653656 95.019691742956638 20.482188856229186 45.506182074546814 8.5557597652077657 12.331477422267197 23.103174425661564
leaf_count=9460 37 140 107 809 49 116 35 256 677 406 259 40 77 124
internal_value=-0.000212129 -0.00295389 -0.000793757 -0.00597765 0.00334934 0.00187528 -0.00804335 -0.000691745 -0.00334309 -0.00914791 -0.00432295 0.00183526 -0.0173875 -0.0100698
internal_weight=1332.99 404.362 284.687 126.263 158.425 151.28 119.675 130.3 109.611 116.671 74.5441 54.0619 42.127 29.7956
internal_count=12592 3132 2154 916 1238 1189 978 1049 793 941 705 299 236 159
is_linear=0
shrinkage=0.03


Tree=288
num_leaves=15
num_cat=0
split_feature=0 0 7 3 1 3 2 7 0 2 7 8 3 2
split_gain=3.45384 4.13364 6.17477 6.09202 5.01701 6.91277 8.29519 6.75581 6.26255 4.83853 4.69875 4.24606 4.32437 4.19631
threshold=25.602500000000003 20.674166666666672 76.750000000000014 3.2633827548342853 5.8600000000000039 2.642306202326433 38.150000000000013 3.7500000000000004 24.600416666666671 31.260000000000009 9.2500000000000018 40.95000000000001 3.1128361586977369 32.090000000000011
decision_type=2 2 2 2 2 2 2 2 2 2 2 2 2 2
left_child=1 2 3 -1 7 8 11 -3 13 -5 -10 -7 -13 -6
right_child=-2 4 -4 9 5 6 -8 -9 10 -11 -12 12 -14 -15
leaf_value=-0.0010677463485816168 -0.0025002546618019946 -0.025847347361223273 -0.023979425879246143 0.022918117711465666 0.0089179288121668584 0.0033960370340178569 0.02557301080847799 0.016973243208858058 -0.017794680727832364 -0.012772503537071522 0.020231527101457102 0.004453677426136702 -0.024909007826539327 -0.022062266285954816
leaf_weight=504.80720978789032 410.00308140926063 2.7585335951298466 9.2141555427806434 15.377286161296071 4.1251478046178844 263.69972028024495 13.721221923828123 35.847088085487485 3.4142429213970891 3.6234372854232779 8.0763283371925336 7.7820235863328007 8.9573574885725957 23.386782640591264
leaf_count=5932 3177 47 729 113 24 1766 75 244 40 18 44 43 57 195
internal_value=-0.00021951 0.000815623 -0.000877716 -0.000426423 0.00323928 0.00203265 0.00361322 0.0133382 -0.0096805 0.0158136 0.00841258 0.00245174 -0.0117769 -0.0172672
internal_weight=1314.79 904.791 533.022 523.808 371.768 333.163 294.16 38.6056 39.0025 19.0007 11.4906 280.439 16.7394 27.5119
internal_count=12504 9327 6792 6063 2535 2244 1941 291 303 131 84 1866 100 219
is_linear=0
shrinkage=0.03


Tree=289
num_leaves=15
num_cat=0
split_feature=8 3 6 6 6 3 8 5 4 6 5 3 3 6
split_gain=2.97704 5.49234 3.47807 3.09288 2.0599 8.71537 6.55462 6.49667 4.56414 5.58184 4.17292 8.33512 7.28377 5.87824
threshold=9.9500000000000011 2.9770693765832159 6.8500000000000014 5.4500000000000011 5.9500000000000011 3.0065986634725728 20.350000000000005 3.7577306032180791 63.649666149336575 6.4500000000000011 146.45032501220706 2.0505730612723059 2.0953761306903842 8.0500000000000025
decision_type=2 2 2 2 2 2 2 2 2 2 2 2 2 2
left_child=1 2 3 -1 7 10 -7 -2 9 -8 12 -12 -6 -13
right_child=4 -3 -4 -5 5 6 8 -9 -10 -11 11 13 -14 -15
leaf_value=0.022878044180461861 0.01486705469088237 0.03007329169202539 0.013001942914373779 -0.034044408668587496 0.012678520646460618 -0.013851663896297708 -0.022106768928055576 -0.0016384530577750478 0.012120021911472939 0.0057573021780384925 -0.017250055547861718 0.0015207222635780422 -0.0067953900754339916 0.020560222782736219
leaf_weight=0.34642633807379608 21.328502037795261 7.3806490381248295 3.8307496514171362 2.9735894554760307 18.735379040241241 11.17500238958746 7.1048232577741137 554.67361980490386 113.64499376295134 31.086074590682983 19.71413546637632 356.04508213419467 141.72618744685315 14.232008996186776
leaf_count=72 234 185 28 148 128 95 40 4554 1158 201 515 3282 1619 163
internal_value=0.000488469 0.0135447 -0.00511188 -0.0241839 0.000330952 0.00140745 0.00747763 -0.00100257 0.00912781 0.000141813 -0.000400478 0.00127578 -0.00445719 0.00230593
internal_weight=1304 14.5314 7.15077 3.32002 1289.47 713.464 163.011 576.002 151.836 38.1909 550.453 389.991 160.462 370.277
internal_count=12422 433 248 220 11989 7201 1494 4788 1399 241 5707 3960 1747 3445
is_linear=0
shrinkage=0.03


Tree=290
num_leaves=15
num_cat=0
split_feature=0 6 0 7 5 2 0 5 0 0 7 1 5 5
split_gain=3.9808 8.10687 7.11557 6.38375 5.12153 4.58948 5.03004 4.43892 4.53213 4.56447 3.99803 4.73121 4.09053 3.71851
threshold=12.863333333333339 5.3500000000000014 9.1775000000000038 38.650000000000013 245.0464782714844 26.340000000000003 13.079583333333341 256.31317138671881 11.743750000000004 11.487083333333336 42.95000000000001 5.4200000000000044 2105.472534179688 331.20898437500006
decision_type=2 2 2 2 2 2 2 2 2 2 2 2 2 2
left_child=1 2 -1 -4 -3 10 -7 -6 9 -9 12 -12 -2 -8
right_child=5 4 3 -5 7 6 13 8 -10 -11 11 -13 -14 -15
leaf_value=-0.021596484702337514 0.022972412475563111 -0.020175382838126792 -0.0059944229646150468 0.05162829802069302 0.038365905249952932 0.023246730821039292 0.0012695262967706126 -0.0035721792648989161 -0.021215537815881619 0.031151991467763235 -0.02334004079342409 0.007725444700183895 -0.0074820107459206107 -0.0021235375727556155
leaf_weight=2.1368470261804742 20.385188093408946 26.635489170439541 2.2847258248366416 4.3070236053317785 1.1896937105339009 7.3288699332624665 694.72922783531249 26.467845590552319 10.821655835956333 2.8900015577673903 4.8640384627506164 16.821685500442982 4.3634134903550139 498.31407176237553
leaf_count=416 136 1870 39 91 43 76 4917 1239 212 51 58 104 22 3237
internal_value=-3.48979e-05 -0.00662176 0.0191762 0.0334972 -0.0101629 0.000375465 1.37787e-05 -0.00339237 -0.00553046 0.000759646 0.00952799 3.58617e-05 0.017521 -0.000148291
internal_weight=1323.54 76.7333 8.7286 6.59175 68.0047 1246.81 1200.37 41.3692 40.1795 29.3578 46.4343 21.6857 24.7486 1193.04
internal_count=12511 3961 546 130 3415 8550 8230 1545 1502 1290 320 162 158 8154
is_linear=0
shrinkage=0.03


Tree=291
num_leaves=15
num_cat=0
split_feature=6 1 0 8 5 0 1 3 0 0 0 8 0 3
split_gain=3.51167 4.41722 7.71653 5.19622 4.81368 11.2921 5.21362 8.83635 5.80744 10.1688 6.42199 5.70567 5.18257 9.4838
threshold=6.6500000000000012 14.420000000000002 27.868750000000009 41.650000000000013 28.001944541931156 17.441666666666674 3.0200000000000036 3.0091065528050573 18.337083333333339 15.332083333333335 14.886666666666672 29.850000000000005 9.8437500000000053 2.6127626690392911
decision_type=2 2 2 2 2 2 2 2 2 2 2 2 2 2
left_child=-1 2 3 4 5 -2 7 8 9 10 12 -12 13 -6
right_child=1 -3 -4 -5 6 -7 -8 -9 -10 -11 11 -13 -14 -15
leaf_value=-0.0010771300534751121 0.0081968701271747848 0.009434278725228883 -0.025850308951947256 -0.016162271457993833 -0.021292090051861046 -0.022409354060454093 0.0062900111934466813 0.030319379214175577 0.011890677418687672 -0.025951506472180842 -0.0042505263683797773 0.043705702482049018 -0.0097112622104024091 0.048924547970031831
leaf_weight=874.21304331126157 21.081795036327094 64.081328658387065 8.4259829754009825 13.171995654935015 2.2940979935228816 20.530703181400895 210.46190344542265 5.9475946202874175 14.499780073761938 20.026943488046527 3.7800923641771069 3.9386230632662773 37.927060880698264 2.9672476286068559
leaf_count=8230 192 615 177 93 248 144 1370 36 120 191 32 17 746 171
internal_value=1.37192e-05 0.00223328 0.000946903 0.00165055 0.00237863 -0.0070751 0.00370099 -0.00226535 -0.00485832 -0.00839972 -0.00112788 0.0224262 -0.00574977 0.0197973
internal_weight=1303.35 429.135 365.054 356.628 343.456 41.6125 301.843 91.3814 85.4338 70.9341 50.9071 7.71872 43.1884 5.26135
internal_count=12382 4152 3537 3360 3267 336 2931 1561 1525 1405 1214 49 1165 419
is_linear=0
shrinkage=0.03


Tree=292
num_leaves=15
num_cat=0
split_feature=6 2 8 1 8 3 8 0 1 0 3 0 4 4
split_gain=5.23524 4.70787 8.59096 6.6357 8.19255 10.5435 8.02091 8.93685 8.82117 7.74719 6.46043 6.30008 5.46193 8.1518
threshold=5.9500000000000011 32.690000000000012 46.750000000000007 14.580000000000004 29.550000000000004 2.5226919582954808 30.950000000000006 20.449166666666674 6.0000000000000044 27.868750000000009 3.1056498147972653 22.009166666666673 70.066866376256073 56.444964479140516
decision_type=2 2 2 2 2 2 2 2 2 2 2 2 2 2
left_child=-1 10 3 6 12 -6 9 -8 -9 -3 -2 -10 13 -5
right_child=1 2 -4 4 5 -7 7 8 11 -11 -12 -13 -14 -15
leaf_value=-0.0023064572766465733 0.0032340488039650718 0.001568842727161147 -0.03556434141160901 0.0061729921227472208 -0.029563465334134897 0.017149039974821707 -0.023446880592271079 0.023158172614983489 0.025500677579003674 -0.028140815542127509 0.02071258316297089 -0.012667206274339956 0.012757512543616057 -0.016885816962636906
leaf_weight=587.65680936106946 263.72036966541782 215.07133435411379 5.1823931802064171 25.474745992571115 3.8075162619352332 56.043085826560855 29.283386953640729 8.7158480398356897 3.4231990799307814 7.1993867056444278 19.583856005221605 35.347919311374426 17.755297338590026 28.109901905059814
leaf_count=5199 3612 1576 49 185 47 550 231 53 17 181 206 263 159 158
internal_value=-0.000208277 0.00150811 -0.000451516 5.29298e-05 0.00565292 0.0137403 -0.00241446 -0.0107069 -0.00252915 0.000484813 0.00451088 -0.00874082 -0.00122816 -0.00601114
internal_weight=1306.38 718.718 435.414 430.232 131.191 59.8506 299.041 76.7704 47.487 222.271 283.304 38.7711 71.3399 53.5846
internal_count=12486 7287 3469 3420 1099 597 2321 564 333 1757 3818 280 502 343
is_linear=0
shrinkage=0.03


Tree=293
num_leaves=15
num_cat=0
split_feature=7 1 7 7 3 3 0 3 1 6 6 3 5 3
split_gain=3.05463 3.398 4.57169 4.44748 4.29083 3.57707 3.09007 2.75869 7.83776 10.2957 6.29454 8.5337 6.83762 2.85615
threshold=146.25000000000003 23.050000000000008 43.250000000000007 74.350000000000009 3.4298249066972666 3.3486572186520775 27.82458333333334 2.2379707788842 9.2100000000000044 8.1500000000000021 8.0500000000000025 2.4139866875576721 259.42225646972662 2.651404005585706
decision_type=2 2 2 2 2 2 2 2 2 2 2 2 2 2
left_child=1 7 -3 4 5 -4 -2 8 -1 -10 13 -12 -13 -9
right_child=6 2 3 -5 -6 -7 -8 10 9 -11 11 12 -14 -15
leaf_value=-0.016573752815347283 -5.6132409830362068e-05 0.021061162057671626 -0.017454436125633056 0.014849917167011071 -0.029134445349153625 0.027756973534681408 -0.038136167613437515 -0.0046735304206626587 0.015697175775564415 -0.027633483368997017 0.037555057262545516 0.015506323640540401 -0.030431089864354707 0.00051971706926605562
leaf_weight=30.068869576556608 3.9261223651701576 15.393854063004254 2.0166221074759978 8.0221494361758214 5.5545831695199013 2.4053282998502254 2.7548918575048447 103.48876640223898 20.024199689738456 5.4775752341374746 8.5437566209584492 6.9556636940687877 3.6059763659723103 1084.1905764384428
leaf_count=538 129 149 27 52 43 17 16 1061 225 134 71 42 38 9867
internal_value=0.00018417 0.00029576 0.00959964 -0.000795729 -0.0135832 0.00772198 -0.018679 4.22446e-05 -0.00643276 0.00569858 0.000345488 0.0169912 -0.00145324 6.3651e-05
internal_weight=1302.43 1295.75 33.3925 17.9987 9.97653 4.42195 6.68101 1262.36 55.5706 25.5018 1206.78 19.1054 10.5616 1187.68
internal_count=12409 12264 288 139 87 44 145 11976 897 359 11079 151 80 10928
is_linear=0
shrinkage=0.03


Tree=294
num_leaves=15
num_cat=0
split_feature=1 7 3 7 7 0 5 4 1 5 0 0 1 3
split_gain=2.88627 5.30872 4.76058 4.16785 6.03038 4.13802 3.89821 3.74863 3.64538 3.62481 3.60252 3.45487 4.11198 8.04085
threshold=-3.4899999999999958 20.350000000000005 2.5530451666775833 24.150000000000006 28.350000000000005 12.975000000000003 284.80680847167974 65.628372807849999 -6.2999999999999945 1681.101013183594 7.9945833333333365 13.701666666666673 -6.1099999999999968 2.7133645205282666
decision_type=2 2 2 2 2 2 2 2 2 2 2 2 2 2
left_child=1 2 8 -3 6 9 -5 -6 -1 10 -2 12 13 -4
right_child=5 3 11 4 7 -7 -8 -9 -10 -11 -12 -13 -14 -15
leaf_value=-0.02380572729730179 0.030877106195552242 -0.019733029132339659 0.052839449540191298 0.04000893277090703 -0.020570787716947793 0.00053335145774253848 -0.0032368356323447577 0.0049680036144736043 0.019936232296236714 0.014203837463578872 -0.013437814986105899 0.0070207195185326742 0.05715113442623028 -0.0085590117279243996
leaf_weight=3.1095268165227052 0.79885236220434208 6.8053658357821396 2.1902056781109431 4.849280622322115 6.6085892994888153 1216.2967164246365 2.5545376723166555 15.313147051143458 1.9944223547354338 4.6389633147045961 38.222461490193382 6.5809700340032569 3.9263945035636434 4.2492295233532786
leaf_count=193 80 160 51 80 220 8305 90 1097 53 41 2031 34 30 46
internal_value=0.00050876 0.00698365 0.0182328 -0.000187886 0.00484895 0.000204465 0.0264782 -0.00329255 -0.00624723 -0.00876452 -0.0117817 0.0255429 0.0356498 0.0166196
internal_weight=1318.14 58.1817 22.0507 36.1309 29.3256 1259.96 7.40382 21.9217 5.10395 43.6603 39.0213 16.9468 10.3658 6.43944
internal_count=12511 2054 407 1647 1487 10457 170 1317 246 2152 2111 161 127 97
is_linear=0
shrinkage=0.03


Tree=295
num_leaves=15
num_cat=0
split_feature=2 4 7 8 2 5 8 3 3 4 7 2 0 4
split_gain=3.50853 6.6388 5.52793 3.93922 3.06937 7.55667 4.68018 3.24708 3.03313 2.78524 7.20682 2.76089 6.43317 13.4028
threshold=41.650000000000013 37.528638607623151 7.6500000000000012 17.750000000000004 36.910000000000018 820.70245361328136 13.450000000000001 2.5069512637253246 1.6247921887823864 39.296409981974683 10.050000000000002 33.210000000000015 23.226250000000007 71.990580049065414
decision_type=2 2 2 2 2 2 2 2 2 2 2 2 2 2
left_child=1 4 3 8 5 -1 -6 -7 -2 10 -3 -11 13 -13
right_child=2 9 -4 -5 6 7 -8 -9 -10 11 -12 12 -14 -15
leaf_value=0.047371349608972511 -0.0056592406196282787 0.037495908913235128 0.035396705119820203 -0.0031049075343304961 0.028518222398168116 -0.027174455975900257 -0.024564153294686229 0.013512835431865136 0.038746401363320956 0.0013860386567736726 -0.023422213025870248 -0.0041614653533982209 0.00056736221412147529 -0.038612847232285398
leaf_weight=1.3936308063566709 1.725320540368563 4.344476797617971 5.271762538701295 18.631411526352167 0.79978325404227035 4.191450742771849 17.894819647073746 1.9298435621894894 3.1974875330924988 702.93562695360743 1.7887904974631963 145.1286859321408 401.68617266789079 9.9649588875472528
leaf_count=10 38 36 31 341 7 139 274 17 26 7910 33 896 2716 74
internal_value=0.000162712 -7.2057e-05 0.0103353 0.00351307 -0.0147339 0.00139815 -0.0209605 -0.0142508 0.0248555 0.000242909 0.0189361 0.000136949 -0.00143969 -0.0066082
internal_weight=1320.88 1292.06 28.826 23.5542 26.2095 7.51493 18.6946 6.12129 4.92281 1265.85 6.13327 1259.72 556.78 155.094
internal_count=12548 12112 436 405 447 166 281 156 64 11665 69 11596 3686 970
is_linear=0
shrinkage=0.03


Tree=296
num_leaves=15
num_cat=0
split_feature=8 2 8 5 7 2 3 4 5 4 7 2 7 3
split_gain=4.4663 3.19957 5.22498 5.07125 8.83454 7.22947 8.76439 7.05176 6.08727 5.49759 7.23384 8.48883 7.22005 7.17759
threshold=11.350000000000003 33.210000000000015 41.650000000000013 103.22677230834962 13.550000000000002 27.500000000000007 2.7998503718037204 84.70901406341271 54.973009109497077 67.270715950688938 28.550000000000004 29.240000000000009 16.950000000000006 3.0492412875458865
decision_type=2 2 2 2 2 2 2 2 2 2 2 2 2 2
left_child=-1 3 -3 4 -2 6 -6 8 -7 10 12 -12 13 -5
right_child=1 2 -4 9 5 7 -8 -9 -10 -11 11 -13 -14 -15
leaf_value=0.012786089741019364 -0.022838973496310994 -0.0011721632356469257 -0.015773696529851278 0.0040360908410226595 0.024040829504642987 0.006619463669413829 -0.017562365312708769 -0.020771530757821993 0.019994296715450176 -0.0028780405649248813 0.004693094394972978 -0.023055614045937721 0.012590369899943738 -0.019222110356291785
leaf_weight=23.576053526951 8.4855794385075551 570.43913680640981 21.956999422982335 66.465950187761337 4.9837435996159938 106.26857196725905 18.796926847542636 5.8391511030495158 43.09262436022982 299.83316220738925 21.18311947863549 17.219906058628112 80.883057430386543 13.510153010487555
leaf_count=587 55 4158 186 528 182 852 849 54 346 3523 295 144 614 64
internal_value=0.000118122 -0.000125204 -0.00173904 0.00126779 0.00546057 0.0069217 -0.00822523 0.0092804 0.0105856 -0.000314845 0.00353715 -0.00801877 0.00632847 -8.17162e-05
internal_weight=1302.53 1278.96 592.396 686.562 187.467 178.981 23.7807 155.2 149.361 499.095 199.262 38.403 160.859 79.9761
internal_count=12437 11850 4344 7506 2338 2283 1031 1252 1198 5168 1645 439 1206 592
is_linear=0
shrinkage=0.03


Tree=297
num_leaves=15
num_cat=0
split_feature=3 1 8 6 3 0 6 7 7 2 0 1 7 6
split_gain=2.35377 7.62575 8.98379 7.2935 6.71549 8.02839 6.68586 9.255 6.59477 6.28158 5.94088 4.37373 6.5051 7.53281
threshold=2.651404005585706 2.8900000000000023 23.050000000000004 8.0500000000000025 2.6127626690392911 21.57125000000001 7.5500000000000016 22.350000000000005 4.3500000000000005 32.910000000000011 18.734583333333337 5.8600000000000039 5.9500000000000011 7.3500000000000014
decision_type=2 2 2 2 2 2 2 2 2 2 2 2 2 2
left_child=1 3 8 -1 5 9 -2 -8 -3 -4 -11 12 -10 -14
right_child=6 2 4 -5 -6 -7 7 -9 11 10 -12 -13 13 -15
leaf_value=-0.025280525098226484 -0.0013669621191141825 -0.01219449375055987 -0.011795317937832304 0.016163188657698987 -0.031641381527087738 -0.012169388822043299 0.01408675203694164 -0.026281662032377463 0.046251751887621123 0.044095685807636988 0.0058718404236357616 0.0042538646486976915 0.032992139298495329 -0.0097717315644330841
leaf_weight=23.046999580925334 1090.6698259633267 12.747279013507066 8.0633107647299784 3.8336903620511285 8.9299514144659025 48.05556560959667 45.13196665700525 4.8207257241010657 5.8176281824708012 4.7858439870178691 10.991053842008112 32.376142827793956 5.5844032540917379 7.7156227305531502
leaf_count=701 10141 215 51 120 55 522 264 42 28 20 71 237 23 54
internal_value=-0.00136727 -0.00462915 -0.001854 -0.0190021 -0.00846357 -0.00519016 -0.000871917 0.00975162 0.00646419 0.00880168 0.0194041 0.0112275 0.0222389 0.00923543
internal_weight=1312.57 171.947 145.067 26.8807 80.8257 71.8958 1140.62 49.9527 64.2411 23.8402 15.7769 51.4938 19.1177 13.3
internal_count=12544 2097 1276 821 719 664 10447 306 557 142 91 342 105 77
is_linear=0
shrinkage=0.03


Tree=298
num_leaves=15
num_cat=0
split_feature=6 5 7 8 8 7 5 4 2 7 6 2 0 4
split_gain=3.46125 4.31246 4.83243 4.23365 2.92323 2.78905 3.60703 7.34515 5.11472 12.6201 5.79705 6.94283 5.01031 4.84788
threshold=6.1500000000000012 3.7577306032180791 134.05000000000004 46.150000000000013 7.2500000000000009 54.050000000000004 107.88288879394533 78.138227603378354 41.650000000000013 12.950000000000001 7.1500000000000012 33.930000000000014 22.815833333333341 54.324133848442266
decision_type=2 2 2 2 2 2 2 2 2 2 2 2 2 2
left_child=1 -1 4 5 -3 6 8 -8 9 10 -2 -12 -9 -13
right_child=3 2 -4 -5 -6 -7 7 12 -10 -11 11 13 -14 -15
leaf_value=0.010307281652650747 -0.037177472322919979 0.0220195648948696 -0.025050866038448399 -0.019528131993048963 -0.0019534743954004825 0.015453444064483873 0.002312627255942854 0.045517233164593114 0.017839381359701721 0.00060333226436465467 -0.039292749614739317 -0.0207221449564708 0.00026212476606387003 0.012676144731595109
leaf_weight=25.33919594809413 11.044169791042806 3.6162650943733743 7.1441997967194757 7.514665830647572 641.95252375013661 12.146772337146102 432.82277085143141 5.032215479295699 9.6566234938800317 125.12041589524597 4.319270025938752 5.1406963714398435 3.4857037551701069 9.7772981747984868
leaf_count=330 77 132 180 74 5517 313 4174 103 53 1335 30 39 30 55
internal_value=-0.000116609 -0.00160058 -0.00207792 0.00149059 -0.00178534 0.00177705 0.00147811 0.00289147 -0.00229566 -0.00365291 -0.0206964 -0.0098651 0.0289712 0.000588403
internal_weight=1304.11 678.052 652.713 626.061 645.569 618.546 606.399 441.341 165.058 155.402 30.2814 19.2373 8.51792 14.918
internal_count=12442 6159 5829 6283 5649 6209 5896 4307 1589 1536 201 124 133 94
is_linear=0
shrinkage=0.03


Tree=299
num_leaves=15
num_cat=0
split_feature=7 7 0 3 3 1 6 2 7 7 2 5 5 2
split_gain=3.82093 2.99837 5.44699 2.81477 6.83729 4.68087 3.15438 3.30519 5.89885 5.14359 4.99415 5.2358 3.50817 6.34749
threshold=3.7500000000000004 3.9500000000000006 23.03166666666667 3.5027096762772816 3.4907753390849181 23.350000000000009 4.7500000000000009 33.150000000000013 48.250000000000007 32.850000000000009 31.260000000000009 110.33356857299806 156.51417541503909 29.500000000000007
decision_type=2 2 2 2 2 2 2 2 2 2 2 2 2 2
left_child=-1 2 -2 4 -3 6 -5 10 9 -9 12 -12 -8 -14
right_child=1 3 -4 5 -6 -7 7 8 -10 -11 11 -13 13 -15
leaf_value=-0.01682704167302761 0.047525301889384655 6.3823122042193194e-05 -0.0105920039086333 0.0087684928402061071 0.026947917040959592 0.014054308871081051 -0.043924790476304015 -0.02987066893524282 -0.059481193291291617 0.014188089627008021 0.022841837079339317 -0.012765146140454271 -0.029051401017626124 0.012463735300788297
leaf_weight=11.177796394098548 2.2121368423104277 1243.6788135801908 2.1019663587212563 5.8487952873110762 7.5727679552510372 7.3083484619855872 2.9890148732811239 4.4303259104490262 2.6218672320246696 3.4397988095879555 6.5677699670195562 6.3939757198095322 6.0189872086048108 5.4709697216749191
leaf_count=262 16 11847 47 27 49 56 28 35 17 25 47 32 40 26
internal_value=-0.000100454 5.53921e-05 0.0225441 -3.63435e-05 0.000247919 -0.00686939 -0.010598 -0.0137326 -0.0273798 -0.0111853 -0.00773535 0.00562083 -0.0192827 -0.00986865
internal_weight=1317.83 1306.66 4.3141 1302.34 1251.25 51.0899 43.7815 37.9327 10.492 7.87012 27.4407 12.9617 14.479 11.49
internal_count=12554 12292 63 12229 11896 333 277 250 77 60 173 79 94 66
is_linear=0
shrinkage=0.03


Tree=300
num_leaves=15
num_cat=0
split_feature=2 0 8 4 8 4 4 2 0 2 8 3 0 0
split_gain=2.51417 3.4035 6.49469 4.09037 3.18085 2.98478 6.04779 4.36809 3.58425 5.7417 5.80756 4.56198 3.43413 4.41286
threshold=18.660000000000011 12.124166666666671 9.4500000000000011 75.121511969456449 17.550000000000004 67.270715950688938 65.628372807849999 26.27 10.507916666666672 26.530000000000005 28.450000000000006 2.888864384714497 10.87708333333334 11.332083333333335
decision_type=2 2 2 2 2 2 2 2 2 2 2 2 2 2
left_child=4 2 3 -2 -1 6 12 -8 9 10 -7 -11 -4 -14
right_child=1 -3 5 -5 -6 8 7 -9 -10 11 -12 -13 13 -15
leaf_value=-0.017668563455225321 0.050340551485887744 0.00019469904975326062 -0.024142247867280409 -0.013622760033552469 0.024782565677377112 -0.027547915548926903 0.041738017885007028 -0.0032210385241383506 -0.026697003721628546 -0.0085609659903558184 0.023001217886519796 0.044252343075643873 0.034873412010330007 -0.014677863861205785
leaf_weight=1.2644391311332572 1.7379134315997355 1246.510428307578 7.8536372957751173 0.81822332506999362 6.1657629748806357 8.3616962482919934 3.0472945943474761 3.489138079341501 14.048832970438523 2.2709780079312614 1.7970610012998793 2.1259449364151806 1.7443980374373493 3.0235394183546305
leaf_count=115 63 8856 370 147 135 1285 32 66 745 237 155 97 35 67
internal_value=-1.07999e-05 -0.000116867 -0.00768848 0.0317926 0.0163195 -0.0104101 -0.00112267 0.020496 -0.0163823 -0.00535057 -0.017346 0.0204427 -0.0130012 0.00635401
internal_weight=1304.26 1296.83 50.3187 2.55614 7.4302 47.7625 19.158 6.53643 28.6045 14.5557 10.1588 4.39692 12.6216 4.76794
internal_count=12405 12155 3299 210 250 3089 570 98 2519 1774 1440 334 472 102
is_linear=0
shrinkage=0.03


Tree=301
num_leaves=15
num_cat=0
split_feature=3 0 3 8 0 2 5 8 8 3 5 2 3 2
split_gain=3.27186 5.58147 6.22286 5.80924 9.85692 7.42321 4.94243 4.06387 5.59694 5.43451 3.94942 4.15424 3.828 3.81994
threshold=3.1960628240752507 17.685000000000006 3.3851824691250667 34.850000000000009 26.192500000000006 36.130000000000017 241.43788909912112 22.650000000000006 29.950000000000006 3.2466290414166497 159.15299224853518 33.890000000000015 3.2281204921791433 34.110000000000014
decision_type=2 2 2 2 2 2 2 2 2 2 2 2 2 2
left_child=-1 12 3 4 10 6 7 -6 9 13 -3 -12 -2 -9
right_child=1 2 -4 -5 5 -7 -8 8 -10 -11 11 -13 -14 -15
leaf_value=-0.0011592225469317884 -0.034956901887168948 0.022023416548645647 -0.0014125342108635085 0.016884691098052709 0.015913812938046917 0.016640296874608974 0.012247133156013645 0.017943696218160634 -0.0061683449690026438 -0.042415439402400085 0.011146235997194741 -0.012700342113588682 -0.0048874446087442151 -0.026147959267520598
leaf_weight=1000.3943997522583 4.1601981671992716 22.143053457140923 125.2645692974329 42.485524088144302 2.710175108164548 10.020656846463678 6.2294849008321753 2.6278648301959029 17.964512448757887 10.350154731422661 28.126797966659069 7.5902718603610984 16.247194858267903 2.48069242015481
leaf_count=10172 56 246 840 362 19 74 32 24 171 86 153 45 175 19
internal_value=-0.000336772 0.00241517 0.00354052 0.00758566 0.00388244 -0.00549508 -0.010994 -0.0152228 -0.0181365 -0.0308249 0.0123215 0.0058707 -0.0123639 -0.00424252
internal_weight=1298.8 298.401 277.994 152.729 110.244 52.3835 42.3629 36.1334 33.4232 15.4587 57.8601 35.7171 20.4074 5.10856
internal_count=12474 2302 2071 1231 869 425 351 319 300 129 444 198 231 43
is_linear=0
shrinkage=0.03


Tree=302
num_leaves=15
num_cat=0
split_feature=3 3 5 0 2 4 4 6 1 6 3 1 6 5
split_gain=5.55332 10.8941 3.94915 4.77706 3.93946 5.07603 4.9295 7.87073 3.46293 9.29024 7.017 4.97283 6.25912 4.82282
threshold=3.5027096762772816 3.4907753390849181 820.70245361328136 24.031250000000004 34.990000000000016 84.41606767578736 80.491822696709434 5.4500000000000011 20.650000000000009 5.1500000000000012 2.8440358226410267 22.210000000000012 4.6500000000000012 211.72058868408206
decision_type=2 2 2 2 2 2 2 2 2 2 2 2 2 2
left_child=1 8 3 -2 5 6 7 -5 -1 11 -11 -10 -13 -12
right_child=2 -3 -4 4 -6 -7 -8 -9 9 10 13 12 -14 -15
leaf_value=0.0011628184009086799 0.026511247521073276 0.03551730463304726 -0.031026356212700956 -0.023637390780526166 -0.036051360375390785 -0.027754353682533265 0.010482469418364499 0.022068789711627235 -0.025452474692447109 -0.028491492595387 0.0010895803082175142 0.019688824036702534 -0.014340347423274467 0.021226903445455393
leaf_weight=1139.0697879022919 2.8347847471013656 7.1252389617729923 5.5373845170252016 11.941801253706215 3.2649170383810988 6.4659927636384955 17.162313427776098 3.7172059006988993 20.594252370297909 5.0663307383656493 52.189059250056744 5.8090841025114086 16.284409038722515 12.505550697445868
leaf_count=11225 21 45 32 75 23 43 102 32 139 43 546 30 86 74
internal_value=0.000495274 0.000891242 -0.00912014 -0.00583625 -0.00855045 -0.0054269 -0.000337701 -0.012114 0.000665907 -0.00433353 0.00242784 -0.0151857 -0.00492786 0.00524601
internal_weight=1309.57 1258.64 50.9244 45.387 42.5522 39.2873 32.8213 15.659 1251.52 112.449 69.7609 42.6877 22.0935 64.6946
internal_count=12516 12188 328 296 275 252 209 107 12143 918 663 255 116 620
is_linear=0
shrinkage=0.03


Tree=303
num_leaves=15
num_cat=0
split_feature=2 5 2 3 6 6 0 4 1 3 5 4 5 1
split_gain=3.35537 3.66136 2.81744 3.81967 7.40337 5.86233 10.9056 11.4995 6.21366 7.31055 5.55259 5.78012 5.54085 6.99091
threshold=18.660000000000011 3623.920043945313 42.390000000000015 2.642306202326433 7.3500000000000014 7.3500000000000014 21.57125000000001 45.839764450736304 16.490000000000009 2.4710422112878279 159.15299224853518 70.79755815093597 259.42225646972662 6.9000000000000048
decision_type=2 2 2 2 2 2 2 2 2 2 2 2 2 2
left_child=1 -1 3 5 -5 6 7 -2 9 -8 11 -6 13 -7
right_child=2 -3 -4 4 10 12 8 -9 -10 -11 -12 -13 -14 -15
leaf_value=0.027154456704110104 0.049603629663925036 -0.017886977598768738 0.010382929859839699 -0.00049918830481253374 -0.0096288816703060179 -0.013749235794337037 0.012342610013331496 0.0038840542164205456 0.0093557481393565373 -0.039239763034022733 0.014334815803500297 0.014168816912922249 -0.015538625630757367 0.0080397035491815809
leaf_weight=6.5047651452478013 6.2627721973694888 1.3228654258418826 21.340473554097116 1048.0431914798683 23.268691902980208 22.885404447093606 2.8625299036502865 16.167257082648575 6.6731414236128321 8.0004730150103551 54.664397225249559 13.781559464521704 51.822866926202551 28.800591412931681
leaf_count=136 55 119 321 9737 154 219 28 222 50 63 327 107 811 176
internal_value=-5.49453e-05 0.0183785 -0.000179541 -0.000363146 0.000219175 -0.00495857 0.00471666 0.0182218 -0.0126086 -0.0257526 0.00834491 -0.000637135 -0.00870369 -0.0016858
internal_weight=1312.4 7.82763 1304.57 1283.23 1139.76 143.475 39.9662 22.43 17.5361 10.863 91.7146 37.0503 103.509 51.686
internal_count=12525 255 12270 11949 10325 1624 418 277 141 91 588 261 1206 395
is_linear=0
shrinkage=0.03


Tree=304
num_leaves=15
num_cat=0
split_feature=5 2 2 4 8 5 4 8 5 4 5 2 0 2
split_gain=2.84127 4.06496 5.60987 4.17788 6.35456 4.49775 6.72593 5.88739 6.80788 3.84729 3.62422 4.20894 3.29467 5.37304
threshold=1349.2225341796877 32.810000000000009 34.910000000000011 71.898488982043844 32.550000000000004 1482.9064941406252 64.592214619151449 24.450000000000006 1751.1118164062502 56.788393231171725 1751.1118164062502 23.850000000000009 11.487083333333336 26.810000000000006
decision_type=2 2 2 2 2 2 2 2 2 2 2 2 2 2
left_child=12 3 -3 5 -5 -2 9 -8 -9 -7 -11 -12 -1 -14
right_child=1 2 -4 4 -6 6 7 8 -10 10 11 -13 13 -15
leaf_value=-0.009841832721323324 0.012788231547926739 0.027674383107812558 -0.010352433069440404 0.026997489693268394 -0.0041339928294254905 -0.0085384891635953419 0.0039258327719611276 -0.0095475771067193519 -0.066144613720867926 -0.006539433772008137 -0.0059149266656327391 0.036276145846138974 0.010088136300554626 -0.000406215741937935
leaf_weight=30.426808861084282 12.748406229540704 12.440050465054812 4.119602905586361 11.846534094773235 10.48523379024118 18.042938255239282 3.896766806021331 4.1291135735809803 3.3470309739932418 5.4699300657957783 2.7669529253616911 5.6270297253504395 44.679563323501498 1131.7021674290299
leaf_count=2851 114 86 65 86 70 315 48 34 31 46 38 35 595 8051
internal_value=0.00013928 0.00510888 0.0181635 0.00215596 0.0128299 -0.00224884 -0.00686691 -0.0256431 -0.0397 0.000401565 0.0118281 0.0232193 -0.000255502 5.94718e-07
internal_weight=1301.73 94.9196 16.5597 78.3599 22.3318 56.0282 43.2798 11.3729 7.47614 31.9069 13.8639 8.39398 1206.81 1176.38
internal_count=12465 968 151 817 156 661 547 113 65 434 119 73 11497 8646
is_linear=0
shrinkage=0.03


Tree=305
num_leaves=15
num_cat=0
split_feature=2 5 0 4 6 7 5 1 5 7 0 5 2 2
split_gain=2.90493 6.17764 6.7431 7.1091 5.38664 6.97579 5.22273 6.45131 4.70023 5.17229 10.3667 5.4102 5.234 4.834
threshold=26.27 326.25976562500006 16.858750000000008 69.333559734644339 5.3500000000000014 62.150000000000013 1015.6211547851564 -4.5799999999999939 627.22372436523449 26.750000000000004 25.167083333333338 649.84466552734386 26.810000000000006 27.980000000000008
decision_type=2 2 2 2 2 2 2 2 2 2 2 2 2 2
left_child=1 2 3 -1 5 -5 -3 -8 -2 11 12 -10 -11 -13
right_child=8 6 -4 4 -6 -7 7 -9 9 10 -12 13 -14 -15
leaf_value=0.034432296143491893 0.00099854607898907754 0.025658010248830153 0.027386803309705318 0.044743706348570007 -0.022443338333854878 -0.02177821970796142 -0.021625285712532687 0.010614210688761288 -0.024613580928662507 -0.04400439538911452 0.022961751908936602 0.016436220352976327 -0.011307042699364476 -0.0013093086346914955
leaf_weight=1.847306914627558 950.95101521257311 15.757739037042482 3.8461422994732848 1.8989515202119975 19.349887474672869 1.9174092459725214 5.731632169801741 32.793714242056012 7.3919620867818585 3.9405416157096615 6.7523231208324423 13.880302794743328 62.415765536483377 192.09714438626543
leaf_count=10 7465 546 32 40 1440 334 266 242 62 40 35 116 472 1442
internal_value=0.000350056 0.00574386 -0.00535122 -0.0112444 -0.0161608 0.0137394 0.0116327 0.00539199 -1.6699e-05 -0.00337851 -0.0102072 -0.00100203 -0.0138732 -3.98489e-05
internal_weight=1320.57 83.1428 28.8597 25.0136 23.1662 3.81636 54.2831 38.5253 1237.43 286.478 73.1086 213.369 66.3563 205.977
internal_count=12542 2910 1856 1824 1814 374 1054 508 9632 2167 547 1620 512 1558
is_linear=0
shrinkage=0.03


Tree=306
num_leaves=15
num_cat=0
split_feature=1 1 6 3 8 8 8 6 5 2 0 8 2 5
split_gain=3.94443 5.47752 4.10123 5.32384 3.54029 6.96958 3.16166 2.995 3.62734 4.83865 2.80537 5.09158 5.78298 7.47198
threshold=-11.299999999999997 -7.0499999999999945 6.3500000000000014 2.4910533609488996 25.150000000000006 26.050000000000004 29.850000000000005 5.1500000000000012 2105.472534179688 30.940000000000008 18.46958333333334 18.350000000000005 32.310000000000009 561.35559082031261
decision_type=2 2 2 2 2 2 2 2 2 2 2 2 2 2
left_child=-1 2 7 -4 -5 -6 -7 -2 9 -9 -3 -12 13 -13
right_child=1 10 3 4 5 6 -8 8 -10 -11 11 12 -14 -15
leaf_value=-0.025014871845385006 0.038669290516752754 -0.0021635664612879545 -0.017465970153591616 0.012804739969989355 0.098291658023435244 -0.016029616787588952 0.03531011419231149 -0.02765980259492622 0.035036062126696813 0.019220938022366775 0.0079194136698349914 0.0094428288202527012 -0.0013873621214009174 -0.0011272148852305647
leaf_weight=4.5824957734439513 0.60214462270960378 373.8575760028325 1.2725022686645369 3.9072236688807607 1.0988632654771211 1.0113263544626536 1.8075110241770742 5.1739538053516299 0.68350142147392023 2.0814224779605865 83.808401696383953 118.62571659870446 592.50232158135623 120.76081463322043
leaf_count=597 50 4775 54 75 9 39 42 320 10 9 619 987 4174 731
internal_value=0.00014903 0.000256298 0.0164033 0.0293479 0.0380773 0.0555531 0.0175165 0.000984647 -0.00587985 -0.0135115 2.29014e-05 0.000916971 0.000202851 0.00412816
internal_weight=1311.78 1307.19 17.6384 9.09743 7.82492 3.9177 2.81884 8.54102 7.93888 7.25538 1289.55 915.697 831.889 239.387
internal_count=12491 11894 608 219 165 90 81 389 339 329 11286 6511 5892 1718
is_linear=0
shrinkage=0.03


Tree=307
num_leaves=15
num_cat=0
split_feature=7 5 5 2 3 7 3 2 7 4 4 3 0 4
split_gain=4.24498 4.98436 7.78765 3.92962 4.91435 4.89409 4.96825 3.48644 3.42104 4.86618 4.68227 4.00054 3.32917 6.98643
threshold=5.1500000000000012 1037.5679321289065 103.22677230834962 41.650000000000013 2.651404005585706 7.6500000000000012 2.1701149605683909 40.97000000000002 5.9500000000000011 34.943192004917158 31.330149343749234 1.4586371922466117 25.087083333333343 61.049956282254527
decision_type=2 2 2 2 2 2 2 2 2 2 2 2 2 2
left_child=1 2 7 8 5 6 -5 -1 -2 10 -10 -11 -13 -14
right_child=3 -3 -4 4 -6 -7 -8 -9 9 11 -12 12 13 -15
leaf_value=-0.012002827472652085 0.016683421714361876 0.0053946883388838237 -0.027213083781933045 -0.013496330599406189 -0.014009915751344075 0.049578295308943074 0.030136953013306027 0.024433518464039402 0.0072271247509637579 0.023637095802307589 -0.031613893317036144 0.00075733722792458715 -0.010469334435989294 -0.00068443387290708833
leaf_weight=3.6446696743369129 9.5656143296509963 12.292153817135839 18.782082036137581 3.961228968575595 3.3148464187979689 3.4033786021173 3.5786343850195408 3.9785441793501377 3.6808086833916587 5.2662068866193286 7.5252420804463327 794.77905739832204 79.775384329259396 352.13398103415966
leaf_count=19 76 121 476 36 23 19 28 26 84 30 105 8407 450 2613
internal_value=-0.00043456 -0.0100946 -0.0172389 -0.000131785 0.0150012 0.0242262 0.00831719 0.00764149 -0.00031585 -0.000459957 -0.0193091 -0.000272981 -0.000394797 -0.00251175
internal_weight=1305.68 38.6974 26.4053 1266.98 14.2581 10.9432 7.53986 7.62321 1252.73 1243.16 11.2061 1231.95 1226.69 431.909
internal_count=12513 642 521 11871 106 83 64 45 11765 11689 189 11500 11470 3063
is_linear=0
shrinkage=0.03


Tree=308
num_leaves=15
num_cat=0
split_feature=6 4 4 2 2 7 7 4 3 7 8 6 7 8
split_gain=4.54985 5.82665 5.62798 5.16585 3.53891 5.42524 7.05977 5.55985 5.06004 4.72489 5.79563 5.24532 6.18877 4.24008
threshold=6.6500000000000012 45.179205572078843 77.587975607541139 25.390000000000008 27.980000000000008 36.650000000000013 20.350000000000005 75.121511969456449 2.961639372626435 28.950000000000006 41.650000000000013 6.9500000000000011 47.850000000000016 46.750000000000007
decision_type=2 2 2 2 2 2 2 2 2 2 2 2 2 2
left_child=1 -1 4 -4 5 6 -2 -8 9 10 -6 -11 -13 -10
right_child=2 -3 3 -5 8 -7 7 -9 13 11 -12 12 -14 -15
leaf_value=-0.027237399030856466 -0.0037718640996159381 -0.00066225197700396361 -0.013910805777228802 0.030768752646043836 0.0017723640405121852 -0.019293135796933081 0.040244645661816632 -0.01714200623719855 0.010136368688966448 0.0036413608435216277 -0.023654294650009702 -0.030044130701719986 0.019702452554126546 -0.022461587631187978
leaf_weight=6.4904088955372563 6.972247926052666 867.35664586012717 2.3182810824364415 10.10747106047347 282.24275414086878 2.9703187788836649 10.306793733499942 1.188188528176396 71.173110965639353 11.055380562320353 7.3063291227444997 13.309262718306853 1.9554300596937526 2.8552929423749438
leaf_count=75 169 8237 144 133 2494 88 165 63 559 117 58 132 27 26
internal_value=0.000346598 -0.000890544 0.00289383 0.0220176 0.00226413 0.0138544 0.0199031 0.0334157 0.00159306 -7.02285e-05 0.00105156 -0.0119979 -0.022852 0.00859644
internal_weight=1297.61 873.847 423.761 12.4258 411.335 21.4375 18.4672 11.495 389.898 315.869 289.549 26.3201 15.2647 74.0284
internal_count=12487 8312 4175 277 3898 485 397 228 3413 2828 2552 276 159 585
is_linear=0
shrinkage=0.03


Tree=309
num_leaves=15
num_cat=0
split_feature=7 8 3 2 6 1 7 5 6 2 8 2 6 8
split_gain=2.56808 3.54207 5.01717 2.35395 5.4011 3.76663 4.18232 4.45736 3.75075 3.72149 7.15047 6.69546 5.9134 5.31663
threshold=146.25000000000003 41.850000000000016 3.456499641603846 33.830000000000013 4.5500000000000016 22.210000000000012 17.350000000000005 2.4395091533660893 4.6500000000000012 35.910000000000011 18.950000000000006 34.230000000000011 5.9500000000000011 13.150000000000004
decision_type=2 2 2 2 2 2 2 2 2 2 2 2 2 2
left_child=3 2 -2 4 -1 6 9 -8 -7 10 11 -5 -11 -14
right_child=1 -3 -4 5 -6 8 7 -9 -10 12 -12 -13 13 -15
leaf_value=-0.025100716182582167 0.00029923129876828275 0.019883811570316521 -0.050090494252254689 0.012372151722798867 0.0013535758602364594 0.032795234501009712 0.01838803744943851 -0.0069574639580182052 0.0036456350656261854 0.016985858756159287 -0.0012400499066465855 -0.032342333416945597 0.023117337958828053 -0.00058165224244601118
leaf_weight=6.0102383999619624 3.4503859569085753 1.1759195625782011 2.6440657945349813 3.2999181784689418 778.47141554020345 4.1823820024728802 5.5622799117118111 156.71890605892986 18.410757552832365 20.562169037759304 79.948431148659438 12.468750663101671 7.9090017136186352 194.10810375958681
leaf_count=72 130 6 18 21 8472 21 65 1055 173 91 499 90 50 1695
internal_value=-1.45307e-05 -0.0166783 -0.0255413 9.24261e-05 0.0011192 -0.00150744 -0.00207802 -0.00598144 0.010203 -7.5392e-05 -0.00499179 -0.0228051 0.00205171 0.000455466
internal_weight=1294.92 7.27037 6.09445 1287.65 784.482 503.171 480.578 162.281 22.5931 318.296 95.7171 15.7687 222.579 202.017
internal_count=12458 154 148 12304 8544 3760 3566 1120 194 2446 610 111 1836 1745
is_linear=0
shrinkage=0.03


Tree=310
num_leaves=15
num_cat=0
split_feature=4 4 3 5 1 1 7 1 3 3 3 4 0 3
split_gain=2.57725 9.40798 5.30175 6.07197 6.07033 5.95148 4.90345 4.84197 6.86378 6.04513 8.34443 4.76886 5.41487 5.66934
threshold=82.641135806248585 83.466826590011308 3.4203353837591273 820.70245361328136 17.29000000000001 20.650000000000009 22.350000000000005 22.310000000000006 3.1960628240752507 3.041526900821347 2.961639372626435 72.076849499812468 26.695416666666674 2.7239971684514059
decision_type=2 2 2 2 2 2 2 2 2 2 2 2 2 2
left_child=2 -2 4 -4 -1 11 7 9 -9 10 -7 12 -6 -14
right_child=1 -3 3 -5 5 6 -8 8 -10 -11 -12 -13 13 -15
leaf_value=-0.0009754050417259797 0.023833881002727771 -0.001871542666056641 -0.0053372645862630836 -0.034540619204119313 -0.0092844573085044298 -0.023658202054615652 0.0039303566974220943 -0.019435303944227503 0.027945354469471859 -0.032195645292148363 0.029397492320339998 0.014147407935677656 -0.014896978382781407 0.013368744617306456
leaf_weight=958.95414773898665 17.329551293049008 42.160800944082439 67.011472855461761 6.1699533066712311 21.658018868416548 4.9614104256033951 49.449694272130728 4.1857869662344438 4.939350351691246 11.817935422062872 3.8291455954313278 66.135083507746458 6.815114637836813 36.919617429375648
leaf_count=9677 189 489 459 37 123 36 458 37 33 99 27 557 61 210
internal_value=-0.000160548 0.00588668 -0.000454506 -0.00823184 3.87079e-05 0.00463678 -0.00184924 -0.0112764 0.00643842 -0.0190552 9.48381e-05 0.00852603 0.00271338 0.00872959
internal_weight=1302.34 59.4904 1242.85 73.1814 1169.67 210.711 79.1833 29.7336 9.12514 20.6085 8.79056 131.528 65.3928 43.7347
internal_count=12492 678 11814 496 11318 1641 690 232 70 162 63 951 394 271
is_linear=0
shrinkage=0.03


Tree=311
num_leaves=15
num_cat=0
split_feature=0 1 3 2 8 8 1 0 1 0 3 3 3 2
split_gain=3.65574 6.46117 6.07731 6.2423 5.66354 8.82001 6.54771 6.0571 6.38435 6.50229 4.74115 15.7845 9.62488 11.5088
threshold=18.858333333333338 4.4600000000000053 3.1605075463308321 39.850000000000016 18.550000000000004 22.650000000000006 -4.359999999999995 10.87708333333334 1.2300000000000042 15.692916666666671 2.8136610352683262 2.8757151033147443 2.7872974944307924 27.590000000000007
decision_type=2 2 2 2 2 2 2 2 2 2 2 2 2 2
left_child=4 2 3 -2 6 7 -1 -6 -9 -10 12 -12 13 -7
right_child=1 -3 -4 -5 5 10 -8 8 9 -11 11 -13 -14 -15
leaf_value=0.013300511831450392 0.018719125062470882 0.00071203424394079178 -0.016555701437457448 -0.011812605668750345 -0.015213204709368905 0.034292778684634352 -0.015024540702375187 0.019602909032242155 -0.014818233602813997 0.012174779932023979 -0.027271006662223683 -0.0023216108861394019 0.026024066185117368 -0.0051783269383009678
leaf_weight=7.8513493096688753 42.833711935207248 836.2835311293602 5.4883421510457984 6.2927663736045352 7.8639751254813737 6.3550339497160158 47.668543286272325 36.758177471347153 12.53820720757358 18.758751507848501 25.216273839701898 178.22677803132683 12.586951057775876 68.328955177450553
leaf_count=521 229 6045 32 86 573 284 1021 259 224 100 411 1768 132 886
internal_value=0.000282085 0.00137139 0.0112733 0.0146506 -0.00201455 -0.000650018 -0.0108545 0.0083889 0.011297 0.00123684 -0.00303117 -0.00553229 0.00279599 -0.00141091
internal_weight=1313.05 890.898 54.6148 49.1265 422.153 366.633 55.5199 75.9191 68.0551 31.297 290.714 203.443 87.2709 74.684
internal_count=12571 6392 347 315 6179 4637 1542 1156 583 324 3481 2179 1302 1170
is_linear=0
shrinkage=0.03


Tree=312
num_leaves=15
num_cat=0
split_feature=0 6 3 5 0 0 5 7 0 2 3 0 5 1
split_gain=3.80257 5.24716 6.94709 6.92977 9.33457 6.68609 7.60047 7.06988 11.7708 8.00499 6.47803 5.95031 5.68899 5.97901
threshold=19.771666666666672 5.5500000000000016 2.9189001520381423 488.22297668457037 22.473750000000003 26.877500000000005 211.72058868408206 28.350000000000005 26.192500000000006 35.750000000000007 3.1468440304984324 27.389583333333338 263.19540405273443 22.070000000000011
decision_type=2 2 2 2 2 2 2 2 2 2 2 2 2 2
left_child=-1 2 -2 5 -5 6 -4 9 -9 -8 -6 -7 13 -13
right_child=1 -3 3 4 10 11 7 8 -10 -11 -12 12 -14 -15
leaf_value=-0.0027424667835057666 0.030421172572364825 0.0023950062028150359 0.011234503739235027 0.0015282801792226893 -0.031379649153454356 -0.016744449335548625 -0.025075976031967515 0.019016873544778556 -0.03189665926815706 0.012145035513708831 -0.0090458436136839661 -0.020122572188656665 0.031978202231427333 0.0023261863730045448
leaf_weight=468.93073758110404 4.6276058405637732 535.50139472540468 64.836111817508936 34.247465305030346 20.308791309595108 30.755961399525404 18.208921104669574 17.157757878303531 4.311481148004531 6.4384064674377433 28.551536381244659 13.139081232249735 3.4631235823035231 42.953759606927633
leaf_count=6432 20 4225 526 179 107 197 107 82 24 38 147 89 15 285
internal_value=-0.000588571 0.000638284 -0.00261386 -0.00325616 -0.0104879 -0.000232887 0.00468214 -0.00457286 0.00782783 -0.0152586 -0.0187721 -0.00625639 -0.000653072 -0.00319252
internal_weight=1293.43 824.501 289 284.372 83.1078 201.265 110.953 46.1166 21.4692 24.6473 48.8603 90.3119 59.556 56.0928
internal_count=12473 6041 1816 1796 433 1363 777 251 106 145 254 586 389 374
is_linear=0
shrinkage=0.03


Tree=313
num_leaves=15
num_cat=0
split_feature=2 3 3 5 5 3 6 5 8 5 1 2 1 8
split_gain=3.4597 6.32012 4.92373 6.36081 8.50876 4.88186 5.92576 7.62778 8.78833 7.01465 5.16297 5.08541 4.66002 4.06988
threshold=36.910000000000018 2.2379707788842 2.5373782416981601 211.72058868408206 1623.4107055664065 3.2344945035733446 6.9500000000000011 552.03857421875011 18.350000000000005 602.48980712890636 17.050000000000008 37.550000000000018 8.7700000000000049 27.550000000000004
decision_type=2 2 2 2 2 2 2 2 2 2 2 2 2 2
left_child=1 -1 3 -3 13 6 7 8 -2 -8 12 -9 -10 -5
right_child=5 2 -4 4 -6 -7 9 11 10 -11 -12 -13 -14 -15
leaf_value=-0.016349058960682023 0.0085103886955964023 -0.0065814770935731081 0.00059192590445380935 0.032786926014111942 -0.016486979393578894 0.019877655984881046 0.0023037951503842393 -0.0096295782695233721 -0.00033151189182812463 -0.017992377527218117 -0.0065154429519434709 0.03136890855083644 -0.031138664705347804 0.0036629159454645162
leaf_weight=18.234525430947542 11.360647685825823 12.163209955906494 1019.6727245819056 17.645301216514788 4.4463759469799689 6.7585506513714781 110.85419915616512 4.332729456946252 5.2003024592995635 16.759688605554402 18.18737243488431 4.9730155132710934 29.252806790173054 5.975679879076778
leaf_count=286 58 92 9867 161 105 47 1041 26 29 236 120 24 192 63
internal_value=1.13623e-05 0.000695131 0.00100349 0.0111676 0.0188211 -0.00352465 -0.00440639 -0.0111415 -0.0148291 -0.000480896 -0.0199309 0.013198 -0.0266292 0.0258671
internal_weight=1285.82 1078.14 1059.9 40.2306 28.0674 207.679 200.921 73.3069 64.0011 127.614 52.6405 9.30574 34.4531 23.621
internal_count=12347 10574 10288 421 329 1773 1726 449 399 1277 341 50 221 224
is_linear=0
shrinkage=0.03


Tree=314
num_leaves=15
num_cat=0
split_feature=8 8 1 4 1 4 7 4 4 4 5 1 0 3
split_gain=3.59867 6.29449 4.96329 5.18413 5.90456 5.31893 5.13136 4.83052 4.92152 5.20563 4.82922 5.21852 6.29433 5.81884
threshold=29.550000000000004 26.750000000000004 3.4400000000000053 54.324133848442266 5.1200000000000037 76.748594903533984 26.350000000000005 48.173184913889607 40.138724113290927 35.859703760232669 11.3686580657959 0.080000000000005414 16.999583333333341 3.1056498147972653
decision_type=2 2 2 2 2 2 2 2 2 2 2 2 2 2
left_child=1 10 6 4 -4 -5 -3 8 9 -2 -1 -12 13 -13
right_child=7 2 3 5 -6 -7 -8 -9 -10 -11 11 12 -14 -15
leaf_value=0.01141715907187991 -0.019846684582531061 -0.0064722693810671398 0.014112413636691155 0.001496391316206467 -0.027545408591363008 -0.013578674895016388 -0.027865534817265437 0.0023384930058788292 -0.027245048475483345 0.020038708068952575 0.0062204077887203961 -0.013270914178496671 -0.00018519453549497878 0.0099636724738146245
leaf_weight=31.672456080443226 4.3735838334541786 26.783160563092679 3.24246175028384 108.43657220155001 13.0186601113528 25.098683826625347 16.054613574291579 532.37858420005068 9.2259130869060737 5.5302426270209253 86.570661432575434 62.320327022112906 366.15138451568782 10.700369478901846
leaf_count=530 111 317 21 636 141 206 373 4125 109 47 2380 942 2444 154
internal_value=-4.07169e-05 -0.00139264 -0.00605244 -0.00342783 -0.0189025 -0.00141692 -0.0149427 0.00179709 -0.0126378 0.0022203 0.00022567 -0.000468937 -0.00179869 -0.00977754
internal_weight=1301.56 750.049 192.634 149.796 16.2611 133.535 42.8378 551.508 19.1297 9.90383 557.415 525.743 439.172 73.0207
internal_count=12536 8144 1694 1004 162 842 690 4392 267 158 6450 5920 3540 1096
is_linear=0
shrinkage=0.03


Tree=315
num_leaves=15
num_cat=0
split_feature=7 0 5 6 8 0 2 0 5 0 8 3 6 8
split_gain=4.1686 4.63157 4.98946 4.90622 4.52215 3.37966 6.55704 4.95874 5.9718 4.82982 8.52854 5.04507 4.06216 3.73232
threshold=5.1500000000000012 21.419583333333339 69.518280029296889 7.8500000000000014 9.9500000000000011 14.76041666666667 24.810000000000009 15.042083333333339 122.4096031188965 16.575000000000006 33.350000000000009 1.1780970927120766 7.3500000000000014 16.550000000000004
decision_type=2 2 2 2 2 2 2 2 2 2 2 2 2 2
left_child=1 3 -3 -1 -2 13 -7 8 -8 10 12 -11 -9 -6
right_child=4 2 -4 -5 5 6 7 9 -10 11 -12 -13 -14 -15
leaf_value=0.027844713931624278 0.018656420076871776 0.010420276834806933 -0.020616829068410846 -0.013843827398495887 -0.019953508935492349 0.02091393999556131 0.031129814473209949 -0.0077886503834981675 -0.0023204771459739114 0.031437233746538715 0.014000020180508006 0.00096130065976211885 -0.027976623763474151 -0.0022690170328405384
leaf_weight=4.5808343230746669 11.499646726297213 5.0905375853180912 23.720539942383766 3.8222180739976466 10.637565186014397 13.846608430147169 9.5318736582994479 48.174350470304489 8.5929094981402141 3.9144208375364533 13.396832343190907 985.59539812244475 10.479243034496902 145.6217549869325
leaf_count=45 416 24 495 59 687 77 37 242 54 21 57 6402 89 3733
internal_value=0.000405659 -0.00935662 -0.0149674 0.0094266 0.000700878 0.000520881 0.00111135 0.000838273 0.015979 0.00056497 -0.00688013 0.00111348 -0.011804 -0.00359214
internal_weight=1298.5 37.2141 28.8111 8.40305 1261.29 1249.79 1093.53 1079.69 18.1248 1061.56 72.0504 989.51 58.6536 156.259
internal_count=12438 623 519 104 11815 11399 6979 6902 91 6811 388 6423 331 4420
is_linear=0
shrinkage=0.03


Tree=316
num_leaves=15
num_cat=0
split_feature=2 5 0 1 1 7 3 5 7 2 0 7 7 1
split_gain=3.37971 4.62326 4.35032 2.46711 3.3308 6.49156 3.98225 4.36391 4.01179 2.82947 4.02274 5.33715 5.17155 4.54518
threshold=41.430000000000014 589.43872070312511 23.704583333333339 -13.749999999999998 -7.0499999999999945 49.650000000000013 2.5530451666775833 1384.089294433594 28.350000000000005 20.270000000000007 12.189583333333339 25.950000000000006 26.350000000000005 -3.3599999999999977
decision_type=2 2 2 2 2 2 2 2 2 2 2 2 2 2
left_child=3 2 -2 -1 5 6 -5 -8 -9 -6 11 -11 -13 -12
right_child=1 -3 -4 4 9 -7 7 8 -10 10 13 12 -14 -15
leaf_value=-0.023086547519228996 0.038855217744476034 -0.023762932002459262 0.0077878404967354565 -0.011405002283719349 0.015147285640898634 -0.023960572927760826 0.015668972076572776 0.082617591760774642 0.0045041701649279932 -0.028466718566538277 0.01268281462017354 0.055397738784777377 -0.0055458510043632841 -0.0002407002718789299
leaf_weight=3.1580318268388501 3.9732178002595928 2.5150384455919257 26.986753922887146 2.5882897423580351 9.8051927054766548 2.8887331670848644 11.868182546691967 1.0575329218991094 1.0017097597010431 9.2298145268578065 24.01560216024518 0.31569276843220251 26.332222419441678 1170.1268554031849
leaf_count=446 25 67 379 112 267 299 296 17 33 532 159 25 1691 8091
internal_value=0.000236994 0.0095044 0.0128658 -1.60805e-05 6.00515e-05 0.0120824 0.0193947 0.0254991 0.0585127 -0.000137696 -0.000271747 -0.0100305 -0.00284629 2.96012e-05
internal_weight=1295.86 33.475 30.96 1262.39 1259.23 19.4044 16.5157 13.9274 2.05924 1239.83 1230.02 35.8777 26.6479 1194.14
internal_count=12439 471 404 11968 11522 757 458 346 50 10765 10498 2248 1716 8250
is_linear=0
shrinkage=0.03


Tree=317
num_leaves=15
num_cat=0
split_feature=7 0 5 7 2 6 5 5 0 3 6 6 3 5
split_gain=3.97896 6.1559 5.45476 4.35545 4.28037 6.64345 4.22024 5.64275 3.68218 9.24058 4.96752 6.32818 4.7846 4.37362
threshold=72.350000000000009 22.570000000000007 1928.2723388671877 49.150000000000013 33.310000000000009 6.0500000000000016 3.7577306032180791 32.784822463989265 28.213750000000008 2.835652524805155 7.9500000000000011 8.0500000000000025 2.0505730612723059 29.435626983642582
decision_type=2 2 2 2 2 2 2 2 2 2 2 2 2 2
left_child=3 2 -2 8 -5 -6 -3 -8 -1 10 13 -12 -13 -10
right_child=1 6 -4 4 5 -7 7 -9 9 -11 11 12 -14 -15
leaf_value=0.00023062123469266136 -0.03580852895439697 0.021672549288271736 0.0072610067269076855 0.010029721198883051 -0.035129325619439988 0.017701420261208894 -0.017851532871804066 0.0087901294247854315 0.017695320797775284 0.016666581972932477 0.044468515749786421 -0.022464282160534633 0.03354475739365851 -0.023564097254367658
leaf_weight=1110.0359507757239 9.2004863895708677 5.1744700483977786 3.1725274845957747 72.390827480936423 3.993795419111847 2.9292800799012184 14.574456574395301 12.389348477125166 2.0214718803763416 37.701606724411249 2.2685823077335945 4.0097005907446146 0.92476196214556683 12.654228589497505
leaf_count=9533 807 66 22 1086 41 48 120 67 12 315 27 124 8 173
internal_value=0.000771818 -0.00794275 -0.025048 0.00108851 0.00784689 -0.0133628 -0.000800202 -0.00573362 0.000623897 0.00782622 -0.00747018 0.0118706 -0.00808391 -0.0171146
internal_weight=1293.44 44.5113 12.373 1248.93 79.3139 6.92308 32.1383 26.9638 1169.62 59.5804 21.8787 7.20304 4.93446 14.6757
internal_count=12449 1082 829 11367 1175 89 253 187 10192 659 344 159 132 185
is_linear=0
shrinkage=0.03


Tree=318
num_leaves=15
num_cat=0
split_feature=2 7 4 6 4 4 2 5 5 2 8 5 0 7
split_gain=2.29934 7.00198 10.2248 5.55556 5.34011 4.0587 3.63729 3.60098 6.56441 6.7917 3.76516 3.58632 3.66579 5.42525
threshold=38.890000000000022 9.2500000000000018 39.296409981974683 6.4500000000000011 58.711631172426486 32.550266602272636 34.910000000000011 1015.6211547851564 1244.7712402343752 34.430000000000014 16.150000000000002 852.39916992187511 27.57125000000001 3.9500000000000006
decision_type=2 2 2 2 2 2 2 2 2 2 2 2 2 2
left_child=1 2 5 -4 7 -1 -6 10 9 -9 -5 12 13 -2
right_child=11 -3 3 4 6 -7 -8 8 -10 -11 -12 -13 -14 -15
leaf_value=-0.02027705479153968 -0.024915219799212514 0.0010626519022752157 0.0013433340336476121 0.0018308197951301271 -0.054954537107743798 0.022586354258920274 -0.01008388315069394 0.038649709243932212 -0.026056589600162678 -0.013275754931823406 -0.026949086635311668 -0.024669460837761174 -0.0012343131629156557 0.01181061753065734
leaf_weight=1.5987873359117646 2.9038473814725867 1115.610495287925 15.537192657589911 5.1319392239674952 4.7882018019445232 10.293982177041469 3.0048914924263954 4.0827018716372532 4.3829209194518626 3.3892204277217388 17.059441156685352 2.6077971691265693 41.451035730540752 67.252167133614421
leaf_count=50 86 10792 71 39 33 112 21 26 47 26 154 63 464 484
internal_value=0.000878855 0.000485007 -0.00870094 -0.0139406 -0.0195152 0.0156983 -0.0407675 -0.0136261 -0.00016226 0.0163097 -0.0205015 0.00492501 0.00582945 0.0099617
internal_weight=1299.09 1184.88 69.2693 57.3765 41.8393 11.8928 7.79309 34.0462 11.8548 7.47192 22.1914 114.215 111.607 70.156
internal_count=12468 11371 579 417 346 162 54 292 99 52 193 1097 1034 570
is_linear=0
shrinkage=0.03


Tree=319
num_leaves=15
num_cat=0
split_feature=6 4 0 0 1 3 1 1 4 6 4 2 3 2
split_gain=2.93475 2.05374 5.46555 10.7847 6.30705 3.97677 4.39755 6.46315 5.61937 4.99484 4.6955 2.98004 2.89208 5.37345
threshold=4.1500000000000012 40.138724113290927 27.868750000000009 27.487083333333338 9.0500000000000043 1.710114064587952 3.4400000000000053 5.8600000000000039 36.70872255066292 8.0500000000000025 34.362118313930857 40.790000000000013 2.2379707788842 42.110000000000014
decision_type=2 2 2 2 2 2 2 2 2 2 2 2 2 2
left_child=-1 2 3 4 5 -2 9 12 11 -7 -11 -9 13 -8
right_child=1 -3 -4 -5 -6 6 7 8 -10 10 -12 -13 -14 -15
leaf_value=-0.025828312240184975 -0.013898386184741556 0.00048379675288946051 -0.015300116093139847 0.067790902965081626 -0.022982800321510094 -0.01473705526945941 -0.015402312203024878 -0.028834838918646254 0.02136095070410084 0.055007167490991785 -0.0070503457161632463 0.0094082901399196034 0.040702972966252901 0.033194882380357837
leaf_weight=2.7513407692313185 4.7067699271719894 1246.3336189883994 8.254478373564778 1.7470781663432706 4.8917758613824835 8.1276106445584428 2.8576432596892181 4.1557104550302011 6.1269609592854977 1.2103292902465903 1.7858917950652538 2.2354077398777008 9.9661422409117204 3.6445540953427553
leaf_count=33 133 11515 262 26 65 184 37 49 37 29 37 31 59 21
internal_value=0.000671119 0.000746662 0.0061351 0.00979983 0.00646498 0.0101107 0.0131976 0.0191796 0.0025162 -0.00268658 0.0255097 -0.0159955 0.0309768 0.0126308
internal_weight=1308.8 1306.04 59.7104 51.4559 49.7088 44.817 40.1103 28.9864 12.5181 11.1238 2.99622 6.39112 16.4683 6.5022
internal_count=12518 12485 970 708 682 617 484 234 117 250 66 80 117 58
is_linear=0
shrinkage=0.03


Tree=320
num_leaves=15
num_cat=0
split_feature=6 5 3 5 3 1 2 3 7 2 2 2 1 6
split_gain=2.88514 5.72804 5.42656 6.38555 5.2968 5.08043 8.48449 11.5288 8.07014 4.61818 7.05113 4.52267 4.45682 9.83415
threshold=6.3500000000000014 194.25510406494143 2.0953761306903842 2241.214233398438 3.2003141360115053 1.0300000000000027 32.630000000000017 2.810870717149752 13.550000000000002 37.470000000000013 37.750000000000014 30 7.2200000000000051 6.9500000000000011
decision_type=2 2 2 2 2 2 2 2 2 2 2 2 2 2
left_child=9 4 11 -4 5 6 7 -2 -9 -1 -11 -3 -7 -14
right_child=1 2 3 -5 -6 12 -8 8 -10 10 -12 -13 13 -15
leaf_value=-0.00049271070572362672 -0.016906454478039637 0.014290177320089064 0.0060189849894653948 -0.026029256560226633 0.021229098371173497 -0.0099047076125773487 -0.014654725308659659 -0.019557691130426685 0.035743776269609992 -0.044293550532384894 -0.0050614976142144621 -0.019108525340490221 -0.013761506344370521 0.0066972768359985545
leaf_weight=735.56810264685191 6.0214399262331453 4.0334222135134068 298.52449446939863 4.7317036001477382 7.6206916254013768 81.821103060618043 9.973914224188773 2.1093472540378597 16.048056602710858 4.3223576098680523 19.805364966392517 13.795573068782685 31.145301144570112 60.797322047874331
leaf_count=7006 256 53 2557 182 106 663 111 12 194 28 106 447 301 507
internal_value=0.000263698 0.00194573 0.00447971 0.00543503 -0.00183239 -0.00277522 0.00765297 0.0170716 0.0286339 -0.000925426 -0.0135728 -0.0111951 -0.00485692 -0.000306576
internal_weight=1296.32 536.622 321.085 303.256 215.537 207.916 34.1528 24.1788 18.1574 759.696 24.1277 17.829 173.764 91.9426
internal_count=12529 5389 3239 2739 2150 2044 573 462 206 7140 134 500 1471 808
is_linear=0
shrinkage=0.03


Tree=321
num_leaves=15
num_cat=0
split_feature=0 4 0 4 1 1 3 5 5 7 1 5 4 3
split_gain=4.00422 4.56557 4.56011 6.1953 5.74859 8.43284 9.79103 8.21023 7.21899 6.9136 5.73775 5.26776 5.8974 4.70563
threshold=25.602500000000003 84.41606767578736 20.674166666666672 70.68732401951948 7.9600000000000053 0.46000000000000091 2.9168065051391481 1482.9064941406252 5.6269807815551767 28.950000000000006 4.4600000000000053 256.31317138671881 66.710658598283672 2.3929781808550867
decision_type=2 2 2 2 2 2 2 2 2 2 2 2 2 2
left_child=2 -2 3 -1 5 6 -5 8 -7 -8 13 12 -12 -4
right_child=1 -3 10 4 -6 7 9 -9 -10 -11 11 -13 -14 -15
leaf_value=0.0012634673301223855 -0.002207018306844089 -0.021862360545028891 -0.0034569970838307122 -0.021970069183476656 0.0050952486534640087 0.0060793379126949775 0.028545893767337974 0.013683335996165521 -0.019273676671985363 -0.0014310176830592549 -0.0013944997221615101 0.0002603684972428616 0.013901151318833004 0.030528456864621783
leaf_weight=361.88716821582057 397.81187752541155 9.9478178396821004 4.9895479585975435 8.8484006193466467 34.233884446322918 11.170608251122756 12.232729679206388 8.5313564687967283 75.515044129919261 14.334453885327092 35.007370941340923 248.69718050584197 62.585385450161994 11.109252944588659
leaf_count=3036 3118 73 76 1304 269 160 144 39 1215 645 231 1416 737 52
internal_value=-0.000281005 -0.00273885 0.000847969 -0.000933899 -0.00573573 -0.00859126 0.00382875 -0.0132026 -0.0159745 0.0129065 0.00343346 0.00258778 0.00845597 0.0204091
internal_weight=1296.9 407.76 889.142 526.754 164.866 130.633 35.4156 95.217 86.6857 26.5672 362.389 346.29 97.5928 16.0988
internal_count=12515 3191 9324 6812 3776 3507 2093 1414 1375 789 2512 2384 968 128
is_linear=0
shrinkage=0.03


Tree=322
num_leaves=15
num_cat=0
split_feature=8 7 4 0 7 0 8 7 4 4 8 7 3 0
split_gain=3.22838 5.69878 5.02877 3.15823 2.61734 2.81191 2.3412 3.23762 2.0904 3.25621 5.55987 7.58093 7.02189 3.78354
threshold=11.350000000000003 38.050000000000004 75.173555039139345 18.211250000000003 5.5500000000000016 21.419583333333339 8.8500000000000032 13.350000000000003 23.711878469619144 33.507572743979914 26.050000000000004 3.7500000000000004 2.4710422112878279 28.284583333333337
decision_type=2 2 2 2 2 2 2 2 2 2 2 2 2 2
left_child=1 3 -3 -1 5 -5 7 -6 -2 10 11 -10 13 -13
right_child=8 2 -4 4 6 -7 -8 -9 9 -11 -12 12 -14 -15
leaf_value=-0.016152885203371867 -0.022450784259895887 0.052879737870907835 -0.010105749311903096 0.013918703176305681 -0.022544464972449038 -0.021253577088614226 0.034573041362949038 0.022225071601992094 -0.022200317637757219 0.00011638147098608453 -0.013837088901676401 0.048608826391343202 -0.007966852047778394 -0.0020763379370661197
leaf_weight=4.639068423304713 2.6412172799464306 3.4097810136154285 1.1578180022770537 3.1360666751861555 1.6330282688140871 3.0940767116844654 3.9174255467951298 2.2609573788940907 2.3269526083022383 1246.7733446569182 4.849555955734103 8.1255898743402195 3.0492849345318964 1.457383295521139
leaf_count=186 143 72 211 19 13 25 21 47 82 11285 126 110 26 41
internal_value=0.00045526 0.0112987 0.0379664 0.00318043 0.010217 -0.00407255 0.0207827 0.00267978 0.000247902 0.00031291 0.0120825 0.0208257 0.0297986 0.0414328
internal_weight=1292.47 23.2482 4.5676 18.6806 14.0416 6.23014 7.81141 3.89399 1269.22 1266.58 19.8088 14.9592 12.6323 9.58297
internal_count=12407 594 283 311 125 44 81 60 11813 11670 385 259 177 151
is_linear=0
shrinkage=0.03


Tree=323
num_leaves=15
num_cat=0
split_feature=5 6 0 5 8 1 3 1 0 1 3 8 1 8
split_gain=3.76537 6.46829 8.91862 8.37304 7.92351 6.44957 8.05397 6.25812 6.05026 6.10644 7.53652 6.60503 6.08627 5.99165
threshold=302.95762634277349 5.9500000000000011 27.217083333333338 464.49450683593756 37.95000000000001 0.72000000000000319 2.9168065051391481 -3.2099999999999977 25.674583333333334 2.3300000000000014 2.9118870329224529 19.550000000000004 15.400000000000006 24.450000000000006
decision_type=2 2 2 2 2 2 2 2 2 2 2 2 2 2
left_child=-1 2 8 4 -3 7 -7 -5 9 -2 -11 -12 -10 -13
right_child=1 3 -4 5 -6 6 -8 -9 12 10 11 13 -14 -15
leaf_value=0.0014001615160976625 -0.019481580085026227 -0.0040466993442532925 0.027644449365012109 0.007829113016552959 -0.03503565400390285 0.0015424069744558386 0.013971973396467359 -0.015580860871628159 0.011594645448415826 0.018103765151086523 -0.026918915778326884 0.012259915280077105 -0.026088887294658952 -0.0051498229914082481
leaf_weight=704.16317170194816 21.769515747088008 85.033514188835397 6.1438585221767417 15.691453002393244 7.1846385796088716 133.47772658616304 71.594167929142714 26.320957036223263 4.0474707260727909 13.130182556807993 10.268521837657316 19.119693849235773 21.636818952858448 155.24107459187508
leaf_count=7370 566 833 29 604 60 962 442 403 19 65 61 86 131 843
internal_value=-8.06315e-05 -0.00184536 -0.00548278 0.00085745 -0.00681097 0.00373542 0.00592853 -0.0068586 -0.0064217 -0.00475702 -0.00304627 -0.00463981 -0.0199385 -0.00318172
internal_weight=1294.82 590.66 251.357 339.302 92.2182 247.084 205.072 42.0124 245.213 219.529 197.759 184.629 25.6843 174.361
internal_count=12474 5104 1800 3304 893 2411 1404 1007 1771 1621 1055 990 150 929
is_linear=0
shrinkage=0.03


Tree=324
num_leaves=15
num_cat=0
split_feature=3 0 5 2 6 3 6 3 5 3 0 2 3 4
split_gain=3.45559 9.53866 6.66837 5.08266 4.56645 3.82555 3.5896 4.06491 4.12748 3.57421 5.49348 4.32049 3.5267 3.71015
threshold=2.2379707788842 22.473750000000003 353.10523986816412 27.330000000000002 8.1500000000000021 1.8522359222587945 8.0500000000000025 2.4139866875576721 230.7206954956055 2.3929781808550867 21.17583333333334 34.570000000000014 2.0953761306903842 42.849604191296926
decision_type=2 2 2 2 2 2 2 2 2 2 2 2 2 2
left_child=1 3 4 -1 12 -6 9 -8 -9 10 11 -2 13 -3
right_child=6 2 -4 -5 5 -7 7 8 -10 -11 -12 -13 -14 -15
leaf_value=0.005696739771720266 -0.014268435457701791 0.0035888137383676445 -0.020099011307464446 -0.031546025783324556 -0.029299069554990054 0.018018405911647443 0.026267146367121061 0.013917515103706545 -0.02306094536980367 -5.1221533625451858e-06 -0.026962587936625492 0.025808393164424917 -0.0065598304270948447 0.033230568181637651
leaf_weight=3.7948879664763835 4.101362036541107 6.4041726896539393 8.2044656686484796 15.201358376070855 3.4530161786824456 1.5331062395125625 8.8846222264692205 5.6671684235334379 3.5877921050414443 1203.5148622608976 9.9414198584854585 3.6678357366472483 4.4877961724996558 9.4161713197827321
leaf_count=69 88 106 273 310 64 9 68 39 36 11137 109 42 39 47
internal_value=-0.000327768 -0.00779311 0.00193865 -0.0241932 0.00957934 -0.0141706 -5.53499e-06 0.012886 -0.0012685 -0.000207407 -0.0132186 0.00543731 0.0158019 0.0221581
internal_weight=1291.86 52.495 33.4987 18.9962 25.2943 4.98612 1239.37 18.1396 9.25496 1221.23 17.7106 7.7692 20.3081 15.8203
internal_count=12436 917 538 379 265 73 11519 143 75 11376 239 130 192 153
is_linear=0
shrinkage=0.03


Tree=325
num_leaves=15
num_cat=0
split_feature=2 5 1 6 6 3 5 6 1 3 5 2 6 0
split_gain=3.74924 7.49243 8.16427 7.22622 9.72008 4.81582 3.87827 6.11202 8.51866 6.41621 6.28472 5.55936 4.8278 4.73218
threshold=27.980000000000008 317.27412414550787 7.9600000000000053 6.6500000000000012 5.3500000000000014 3.5147017682896773 317.27412414550787 5.3500000000000014 13.760000000000005 2.9718415476418323 1520.543395996094 29.240000000000009 5.7500000000000009 26.695416666666674
decision_type=2 2 2 2 2 2 2 2 2 2 2 2 2 2
left_child=1 2 3 4 -1 -3 -2 13 9 -9 11 12 -11 -8
right_child=6 5 -4 -5 -6 -7 7 8 -10 10 -12 -13 -14 -15
leaf_value=0.018009622100942792 0.00084725102880343981 0.010581213258097674 0.020042398989468822 0.010259888259870722 -0.025367754149634852 -0.026728174813551289 -0.012727491965813921 -0.0011023611749916666 0.0050317640534563368 -0.011111322277592489 -0.040035922909309581 -0.011227650626462183 0.029926575988786005 0.017865089633357541
leaf_weight=4.9011621248209876 673.67185743199661 92.210599116282538 8.6522305272519571 10.354484036797656 25.16199071961455 2.2886941372416905 66.632268272340298 191.11715306621045 130.85523928329349 3.7946811802685243 5.2529471293091765 74.499070666730404 5.026481369510293 4.019475642591714
leaf_count=401 5100 1497 86 329 1610 15 360 1745 853 30 32 401 44 20
internal_value=-5.21945e-05 0.0045026 -0.00494197 -0.0106452 -0.0179439 0.00940719 -0.000621835 -0.00267603 -0.00126173 -0.00421363 -0.0108397 -0.008546 0.0129391 -0.010762
internal_weight=1298.44 143.569 49.0699 40.4176 30.0632 94.4993 1154.87 481.197 410.546 279.69 88.5732 83.3202 8.82116 70.6517
internal_count=12523 3938 2426 2340 2011 1512 8585 3485 3105 2252 507 475 74 380
is_linear=0
shrinkage=0.03


Tree=326
num_leaves=15
num_cat=0
split_feature=0 2 3 8 7 4 3 3 4 8 8 2 0 0
split_gain=3.64866 3.08765 2.54811 4.08129 3.93545 3.49339 4.21879 3.60715 3.72387 3.46885 4.05195 4.35707 3.40219 8.00242
threshold=8.6545833333333366 18.660000000000011 2.7710286338936094 9.4500000000000011 13.350000000000003 46.648516709309284 2.8136610352683262 2.8252053437939293 66.389115634423646 8.8500000000000032 26.550000000000004 28.79000000000001 25.674583333333334 22.209583333333342
decision_type=2 2 2 2 2 2 2 2 2 2 2 2 2 2
left_child=-1 -2 9 4 -4 -5 -7 8 -8 -3 -11 -12 13 -13
right_child=1 2 3 5 -6 6 7 -9 -10 10 11 12 -14 -15
leaf_value=-0.015000302830352714 0.025415558716723723 -0.028698476079306687 -0.025660448686162136 -0.019947737422446425 0.031449435507066914 0.0094076435733586438 -0.0035175711320699324 0.00017447560745114453 -0.035983900145151272 0.00062107778899248077 0.018687194473975269 -0.011890704611912273 -0.020047618060868484 0.0076148338083948846
leaf_weight=14.251609943690708 3.2084506135433903 3.6256249444559208 0.5274968296289434 6.6769271455705157 5.3724975751247257 43.38242106558755 9.5106592364609224 932.79936994565651 3.9754463522694996 156.74572494486347 4.7605791673995546 58.028218677733094 17.382124313153327 27.048006040975451
leaf_count=1482 47 79 5 42 182 371 51 7516 76 1560 87 617 197 193
internal_value=-0.000413912 -0.000238973 -0.000323741 0.000371324 0.0233645 0.000211876 0.000367884 -5.60367e-05 -0.0149114 -0.00291876 -0.0024577 -0.00692277 -0.00828183 -0.00567295
internal_weight=1287.3 1273.04 1269.84 1002.24 5.89999 996.345 989.668 946.285 13.4861 267.59 263.965 107.219 102.458 85.0762
internal_count=12505 11023 10976 8243 187 8056 8014 7643 127 2733 2654 1094 1007 810
is_linear=0
shrinkage=0.03


Tree=327
num_leaves=15
num_cat=0
split_feature=5 4 8 2 5 4 0 8 5 8 5 2 8 5
split_gain=2.90542 3.11987 5.96776 2.54991 7.41416 6.16614 4.56144 4.05837 3.89282 5.5046 3.00431 3.18457 2.999 2.33454
threshold=2241.214233398438 56.788393231171725 31.150000000000006 26.000000000000007 326.25976562500006 68.607523589799101 16.858750000000008 34.550000000000004 1015.6211547851564 26.350000000000005 377.47386169433599 18.660000000000011 30.550000000000004 3.2880442142486577
decision_type=2 2 2 2 2 2 2 2 2 2 2 2 2 2
left_child=3 -2 -3 4 5 -1 7 13 9 10 -6 -12 -11 -7
right_child=1 2 -4 -5 8 6 -8 -9 -10 12 11 -13 -14 -15
leaf_value=0.036678753796772587 -0.030007633764372672 0.012239059331629784 -0.032472305636248665 -0.00032328084634772189 0.034938061974585197 0.0078058522937745605 0.023641325723900639 0.020500215888991268 0.0064002945563825806 0.060243617306925915 0.029742792546017929 -0.017076911519321076 0.016069802792171604 -0.024170054669907858
leaf_weight=1.6549801975488687 4.991552996216341 7.2793609281070513 2.9836033154278994 1206.0113392026396 1.1461281796218807 1.8572851426433867 2.0234993398189536 1.6258262055926014 23.477451340528205 3.5384474457241595 0.75605694670230139 4.3786995307309553 3.4115088586695492 16.259649778832681
leaf_count=7 197 75 19 9606 38 133 16 46 243 107 18 284 76 1569
internal_value=-0.000182366 -0.0127852 -0.00248826 -2.05568e-05 0.00595711 -0.0070501 -0.01184 -0.0164411 0.0142231 0.026679 0.00485656 -0.00645853 0.043309 -0.0206551
internal_weight=1281.4 15.2545 10.263 1266.14 60.1295 23.4212 21.7663 19.7428 36.7083 13.2308 6.28088 5.13476 6.94996 18.1169
internal_count=12434 291 94 12143 2537 1771 1764 1748 766 523 340 302 183 1702
is_linear=0
shrinkage=0.03


Tree=328
num_leaves=15
num_cat=0
split_feature=4 4 1 8 1 8 6 6 2 2 4 1 0 5
split_gain=2.67605 7.54645 5.08957 3.86397 4.24937 3.72514 3.40077 3.39837 3.20872 4.02923 3.20092 6.67032 4.95391 4.14964
threshold=40.138724113290927 37.528638607623151 6.0000000000000044 20.550000000000004 3.970000000000002 26.350000000000005 6.9500000000000011 8.1500000000000021 43.650000000000013 44.550000000000011 34.362118313930857 3.8700000000000023 21.419583333333339 473.77992248535162
decision_type=2 2 2 2 2 2 2 2 2 2 2 2 2 2
left_child=1 2 10 4 -3 -5 -4 -2 -8 -10 12 -12 -1 -14
right_child=7 3 6 5 -6 -7 8 -9 9 -11 11 -13 13 -15
leaf_value=0.042439340053954396 0.0001457476486974046 0.0047181742328419136 0.021033769561585907 -0.016164922886214822 0.053050582411660517 0.022128623476570873 -0.021810956790231432 -0.014638173607468446 0.038178399759936581 -0.012943394726835937 -0.027625793786955507 0.01633244241403355 0.021838403390056636 -0.023335172842600324
leaf_weight=4.2308071022853273 1208.0482618333772 2.595298786647616 1.7812586389482046 2.8604244380258024 4.6853031404316425 4.8279118072241545 13.594161790795626 13.157603414263574 1.2177560124546278 2.8201972516253591 4.1792766184080374 6.7694098688662052 2.9737321939319372 2.3947106404229999
leaf_count=112 11351 32 20 52 26 41 284 127 37 103 95 52 32 55
internal_value=0.00026848 0.00668532 -0.000273932 0.0241176 0.0384721 0.00766087 -0.011002 -2.53849e-05 -0.0151936 0.00699174 0.009902 -0.00135481 0.0216577 0.0011877
internal_weight=1276.14 54.9302 39.9613 14.9689 7.2806 7.68834 19.4134 1221.21 17.6321 4.03795 20.5479 10.9487 9.59925 5.36844
internal_count=12419 941 790 151 58 93 444 11478 424 140 346 147 199 87
is_linear=0
shrinkage=0.03


Tree=329
num_leaves=15
num_cat=0
split_feature=6 2 2 1 1 1 1 5 5 7 5 1 4 4
split_gain=3.03853 3.74472 4.29878 8.1152 5.51292 3.89421 4.5294 3.7505 7.30685 4.83301 3.42851 8.33723 4.02557 6.11112
threshold=6.6500000000000012 23.310000000000006 26.730000000000008 -5.9199999999999937 3.4400000000000053 -1.1199999999999972 -2.3799999999999963 23.105503082275394 799.36187744140636 11.150000000000004 1082.782653808594 10.370000000000005 63.796234197605152 63.295067884196534
decision_type=2 2 2 2 2 2 2 2 2 2 2 2 2 2
left_child=-1 -2 3 -3 -5 6 7 -4 -9 -10 12 -12 13 -7
right_child=1 2 5 4 -6 10 -8 8 9 -11 11 -13 -14 -15
leaf_value=-0.0014128182158675145 -0.026374714444637671 0.078969068559637132 0.026927684104857377 -0.015683177629018684 0.024106120804980088 -0.00046209919992028274 -0.028748158915676354 -0.026247841760838213 -0.014544777646889193 0.028881730673890067 0.019059373780640061 -0.014677192841715987 0.0052779680852148821 -0.03075961721550077
leaf_weight=868.70031686022412 3.2348338775336734 0.77267833962105292 2.4859747886657777 4.3259772011078859 6.8821757957339287 198.72111403848976 6.9012069739401332 7.8422487413045001 3.017373549984768 4.8413779893890023 26.399180267006159 7.8657223545014849 135.20085789356381 5.1791875921189776
leaf_count=8311 245 40 25 180 37 1631 109 273 114 146 187 55 1023 38
internal_value=-0.000405535 0.00170805 0.00199295 0.018987 0.00872208 0.00143571 -0.00977794 -0.00145637 -0.00729373 0.0124484 0.00221332 0.0111183 0.00128345 -0.00137804
internal_weight=1282.37 413.67 410.435 11.9808 11.2082 398.454 25.0882 18.187 15.701 7.85875 373.366 34.2649 339.101 203.9
internal_count=12414 4103 3858 257 217 3601 667 558 533 260 2934 242 2692 1669
is_linear=0
shrinkage=0.03


Tree=330
num_leaves=15
num_cat=0
split_feature=3 3 3 3 8 1 6 1 6 5 3 3 8 3
split_gain=2.96572 5.52683 4.84137 4.55812 5.71329 6.30966 4.32426 3.86201 5.50595 5.90706 5.80206 8.30723 6.28104 5.77825
threshold=3.5310060396248937 3.4788016129185264 3.5027096762772816 3.4203353837591273 34.95000000000001 21.710000000000012 4.7500000000000009 17.29000000000001 5.3500000000000014 139.12377929687503 3.3412504792637057 3.3734195985806985 34.350000000000009 3.223038817163427
decision_type=2 2 2 2 2 2 2 2 2 2 2 2 2 2
left_child=1 3 -3 7 -5 -6 -2 -1 9 10 12 -12 -9 -11
right_child=6 2 -4 4 5 -7 -8 8 -10 13 11 -13 -14 -15
leaf_value=-0.00055575720700541296 0.018666533578133221 0.026323602159603787 0.0015565825055098824 0.0010751713429426643 -0.041236052084076567 -0.0072030370277905214 -0.01155825194774004 0.0049286460086733199 0.0069692504314173226 -0.023677492458821794 -0.035232328233622094 0.010621088369176227 0.043511038848047724 -0.00081561189620315091
leaf_weight=969.7930190844927 3.9256070405244818 12.482808832777664 15.296831708401442 22.138352167559788 7.2786766253411797 13.361865822225807 34.830145632382482 11.52264834195376 153.54876143485308 16.426018014550209 4.8656353913247576 8.2041836418211442 4.8981984332203856 23.365134462714195
leaf_count=10028 16 94 103 158 56 83 230 80 1326 98 42 49 30 127
internal_value=-3.63148e-05 0.000217432 0.0132136 -8.5255e-05 -0.00959255 -0.0205554 -0.00810423 0.000263518 0.00381569 -0.00317325 0.00686948 -0.00774008 0.0182745 -0.0106022
internal_weight=1301.94 1263.18 27.7796 1235.4 42.7789 20.6405 38.7558 1192.62 222.831 69.2818 29.4907 13.0698 16.4208 39.7912
internal_count=12520 12274 197 12077 297 139 246 11780 1752 426 201 91 110 225
is_linear=0
shrinkage=0.03


Tree=331
num_leaves=15
num_cat=0
split_feature=2 4 4 5 2 7 8 0 5 7 0 8 7 0
split_gain=3.03417 10.0801 6.66298 6.45375 7.85284 6.3963 6.39164 5.71486 5.5832 12.3439 4.4161 4.30478 5.75742 4.14841
threshold=30.340000000000003 70.68732401951948 74.891314724107374 1183.6627197265627 27.04000000000001 32.150000000000013 17.150000000000002 14.366666666666671 679.75585937500011 27.750000000000004 12.544166666666671 39.45000000000001 47.850000000000016 13.079583333333341
decision_type=2 2 2 2 2 2 2 2 2 2 2 2 2 2
left_child=1 3 7 4 -1 10 -4 -3 -9 -10 -6 -8 -13 -2
right_child=13 2 6 -5 5 -7 11 8 9 -11 -12 12 -14 -15
leaf_value=0.030573366281437902 0.015072070057099925 -0.024392015317209415 -0.022334854103382266 -0.00019850085592729885 -0.0055780085571813043 -0.0048876496936635554 0.0069040645972984543 0.005806808026276233 0.0041916030296184964 -0.04840905265663617 0.018278574190790157 0.0068858818156443888 -0.034880955740609891 -0.00081153372545699767
leaf_weight=18.264813465066254 14.025676402263342 17.34872651041951 7.7053870699601239 47.134106526151299 7.8473738455213597 21.244537014514208 81.479629651876166 22.039501674473286 9.6367376595735532 5.7124626524746409 42.294053744524717 5.8322173738852126 4.5332203062716872 984.80291249975562
leaf_count=187 337 825 811 601 227 234 1842 162 60 44 240 37 41 6822
internal_value=0.000212323 0.00290213 -0.002351 0.00880151 0.0134833 0.00874865 0.00227799 -0.0106595 -0.00381813 -0.0171482 0.0145088 0.00456122 -0.0128423 -0.000573643
internal_weight=1289.9 291.073 154.288 136.785 89.6508 71.386 99.5505 54.7374 37.3887 15.3492 50.1414 91.8451 10.3654 998.829
internal_count=12470 5311 3822 1489 888 701 2731 1091 266 104 467 1920 78 7159
is_linear=0
shrinkage=0.03


Tree=332
num_leaves=15
num_cat=0
split_feature=2 7 5 6 4 1 4 5 5 4 2 7 1 2
split_gain=2.85044 6.67357 4.86246 8.28455 6.09573 4.707 4.10659 3.14581 2.90334 2.87704 2.51188 2.84385 2.80456 3.22575
threshold=26.27 65.65000000000002 326.25976562500006 5.3500000000000014 55.350428098215367 7.8200000000000047 68.607523589799101 425.47508239746099 2105.472534179688 85.195769528100882 22.950000000000006 38.350000000000016 11.490000000000004 24.810000000000009
decision_type=2 2 2 2 2 2 2 2 2 2 2 2 2 2
left_child=1 2 3 -1 -4 6 -5 -6 9 -3 -9 -12 13 -13
right_child=-2 8 4 5 7 -7 -8 10 -10 -11 11 12 -14 -15
leaf_value=0.043318332774762436 -0.00036579453097774974 -0.02580347593272975 -0.024130096010044046 0.023392678983516962 0.044322448102809449 0.021339539572867487 -0.019890533600016688 0.025856674695876412 0.010937304742100334 0.011471687576249133 0.016993259535803749 0.0060231501147692467 0.018098057123482846 -0.031196186753203934
leaf_weight=2.1809955108910826 1209.3502187712584 9.1688825164455903 2.4065516600385299 1.3991211391985476 3.145784785738214 2.9873089566826811 15.087778684450312 12.193977961316703 2.966611858457326 1.6745855610351998 14.138615322997795 3.5808199509046954 2.7631077207624912 3.2772365224082023
leaf_count=40 9528 871 159 7 129 26 1082 166 29 40 212 75 25 70
internal_value=-7.64041e-06 0.00555209 0.00968232 -0.00180929 0.0155794 -0.00873222 -0.0150897 0.0185643 -0.0127161 -0.0195644 0.0151722 0.00886586 -0.00355305 -0.0134693
internal_weight=1286.32 76.9714 63.1613 21.6552 41.5061 19.4742 16.4869 39.0995 13.8101 10.8435 35.9538 23.7598 9.62116 6.85806
internal_count=12459 2931 1991 1155 836 1115 1089 677 940 911 548 382 170 145
is_linear=0
shrinkage=0.03


Tree=333
num_leaves=15
num_cat=0
split_feature=0 3 3 4 4 4 3 3 7 5 8 7 5 8
split_gain=2.77534 3.29507 6.42395 4.05317 3.49654 3.93764 2.57576 3.77035 2.56203 6.12187 5.38191 4.93995 8.12441 6.78124
threshold=28.213750000000008 2.810870717149752 2.3193143020943969 34.362118313930857 52.676026324039931 54.324133848442266 2.5226919582954808 2.6212074489986308 17.350000000000005 1418.458190917969 19.250000000000004 17.950000000000006 139.12377929687503 29.550000000000004
decision_type=2 2 2 2 2 2 2 2 2 2 2 2 2 2
left_child=8 2 3 -2 -3 -6 -4 -8 9 -1 -11 12 -10 -14
right_child=1 4 6 -5 5 -7 7 -9 11 10 -12 -13 13 -15
leaf_value=0.0007726300068300006 -0.008757591409508006 0.033459846011866516 -0.035785608735544837 0.027602896630028809 -0.027341209228414504 0.0097658821751559766 0.022237942703317744 -0.019933132946154206 -0.036379931260280378 -0.0090494038182916507 0.021520194956005236 -0.00065774050943836668 -0.015845392477561039 0.016729635620063795
leaf_weight=439.48011410236359 4.0409858329221624 4.4677018672227851 3.9082656595855934 5.7089316044002771 1.8011503815650929 37.929627802222967 1.967628728598356 4.4770910181105137 8.284675376024099 6.0489151580259231 22.334137339377776 736.46320190245751 13.194015343673529 8.6890051364898664
leaf_count=3006 176 16 48 41 9 344 23 43 68 74 189 8356 92 50
internal_value=0.00023219 0.00625953 -0.00368612 0.01312 0.0107646 0.00745371 -0.0192748 -0.0058003 -8.65699e-05 0.00166081 0.014919 -0.00115375 -0.0128528 -0.0027451
internal_weight=1298.8 64.3014 20.1029 9.74992 44.1985 39.7308 10.353 6.44472 1234.49 467.863 28.3831 766.631 30.1677 21.883
internal_count=12535 700 331 217 369 353 114 66 11835 3269 263 8566 210 142
is_linear=0
shrinkage=0.03


Tree=334
num_leaves=15
num_cat=0
split_feature=1 2 4 5 1 5 2 0 4 1 7 1 7 6
split_gain=3.59904 2.83106 8.37857 6.37647 5.68902 5.44379 5.36194 5.17361 7.09389 6.81641 6.28188 5.96636 6.49607 5.58996
threshold=-11.299999999999997 27.980000000000008 67.270715950688938 957.72485351562511 7.9600000000000053 1681.101013183594 23.61000000000001 20.674166666666672 34.362118313930857 4.4600000000000053 28.350000000000005 -3.4899999999999958 20.150000000000006 5.3500000000000014
decision_type=2 2 2 2 2 2 2 2 2 2 2 2 2 2
left_child=-1 2 3 -2 -4 -6 -7 8 -3 -9 11 12 -10 -13
right_child=1 7 4 -5 5 6 -8 9 10 -11 -12 13 -14 -15
leaf_value=-0.024792929334060493 0.034567226640862349 0.036869237862203717 -0.0054710918063659427 0.0069011818307050518 0.015521153853405934 0.012089084506484927 -0.032202354211300584 0.019926450959360683 0.020229185046946867 0.00031064300894181326 -0.010871826562008115 0.010099969943912653 -0.007305514788059699 -0.0047286214047056454
leaf_weight=4.3855096350889644 10.883222504518924 2.879773403517901 67.748104640748352 22.165341428946704 27.212179508060217 3.9896033108234388 4.090274766087532 15.29476045258343 20.132237793412063 741.79877958446741 89.00693272985518 24.391976367682219 11.482991517055778 235.40588656719774
leaf_count=611 73 42 2913 209 225 22 35 127 203 5457 748 113 143 1489
internal_value=-0.000319769 -0.000216346 0.00385734 0.0167595 -0.000402159 0.00921101 -0.0114097 -0.000705432 -0.00354051 0.000732683 -0.00394227 -0.00179582 0.0103109 -0.003303
internal_weight=1280.87 1276.48 136.089 33.0486 103.04 35.2921 8.07988 1140.39 383.3 757.094 380.42 291.413 31.6152 259.798
internal_count=12410 11799 3477 282 3195 282 57 8322 2738 5584 2696 1948 346 1602
is_linear=0
shrinkage=0.03


Tree=335
num_leaves=15
num_cat=0
split_feature=8 3 7 1 1 8 8 5 3 3 3 8 7 8
split_gain=2.75755 4.19715 3.54071 4.39181 3.73272 5.59381 6.41542 4.70752 4.85025 5.0889 4.68987 4.04644 4.23663 3.50878
threshold=41.650000000000013 2.7427800898134516 165.15000000000006 23.050000000000008 20.650000000000009 33.550000000000004 21.650000000000006 230.7206954956055 3.0795502394969922 3.3967484037703666 3.456499641603846 38.150000000000013 27.350000000000005 40.95000000000001
decision_type=2 2 2 2 2 2 2 2 2 2 2 2 2 2
left_child=2 -2 3 4 11 6 -6 8 -7 -10 -11 -1 -13 -14
right_child=1 -3 -4 -5 5 7 -8 -9 9 10 -12 12 13 -15
leaf_value=0.00039963229322229342 -0.034949365659685823 -0.0038626321305117103 -0.023763244382967352 0.01189820811277251 0.010756984521959268 -0.02305748703934473 -0.015111095292052993 -0.013235936758523919 0.025844827120986427 -0.019015588836791095 0.0110689334726304 0.014197866885934376 0.0025231217829278828 -0.030991265961223886
leaf_weight=1036.1398883006768 3.2574425307102493 53.367714803665876 4.3955579234752795 29.170871753245592 9.5884428769350034 3.11908034980297 51.245610486716032 11.489961456507443 12.603912610560654 5.7272347323596504 14.244950633496044 38.221097399713472 17.659279373241592 2.3185921404510728
leaf_count=10439 43 367 87 261 61 32 397 64 131 45 89 241 163 23
internal_value=0.000188676 -0.0062264 0.000487386 0.000593151 0.000309215 -0.00498506 -0.0109258 0.00274196 0.00810565 0.0116873 0.00194653 0.000835872 0.00846447 -0.00265841
internal_weight=1292.55 56.6252 1235.92 1231.53 1202.36 108.019 60.8341 47.1851 35.6952 32.5761 19.9722 1094.34 58.199 19.9779
internal_count=12443 410 12033 11946 11685 819 458 361 297 265 134 10866 427 186
is_linear=0
shrinkage=0.03


Tree=336
num_leaves=15
num_cat=0
split_feature=4 2 5 4 3 5 5 2 2 3 6 6 6 8
split_gain=2.24689 3.19402 3.34294 3.85702 2.94159 5.62113 5.46047 6.16151 8.37952 4.03539 4.44001 4.97663 3.97856 4.62472
threshold=23.711878469619144 41.430000000000014 589.43872070312511 57.192143679783477 2.8727679346674657 2105.472534179688 927.59796142578136 38.250000000000014 37.470000000000013 2.8300109290955064 7.8500000000000014 7.6500000000000012 6.1500000000000012 16.750000000000004
decision_type=2 2 2 2 2 2 2 2 2 2 2 2 2 2
left_child=-1 4 3 -3 5 6 12 8 9 10 11 -8 13 -2
right_child=1 2 -4 -5 -6 -7 7 -9 -10 -11 -12 -13 -14 -15
leaf_value=-0.022654615662679425 0.0043734792490330507 0.016514004426283632 -0.021573281570016232 -0.016434541761292488 0.0013109254619889515 -0.026426940120298999 0.0072220984217891632 -0.0312302995897299 0.04224497642879943 -0.012881088999374533 -0.009561687828593804 0.035172940703238148 -0.0022638073758376029 -0.025292036548236523
leaf_weight=2.7449925739783785 6.619328593369576 25.728127125650651 1.8842406477779139 2.8219669312238684 891.07614521577489 7.2118294637184581 46.112332317046821 2.9360755942761889 4.7507318481802931 9.4539622999727708 10.813846722012384 5.7221011677756897 258.24431515356991 13.551308854366651
leaf_count=156 385 295 54 16 7534 251 377 44 27 68 177 67 2524 512
internal_value=0.000551215 0.000618264 0.010064 0.0128113 0.000381653 -0.0018818 -0.00131543 0.0055587 0.00734727 0.00450147 0.00728575 0.010915 -0.00329828 -0.0158101
internal_weight=1289.67 1286.93 30.4343 28.5501 1256.49 365.416 358.204 79.789 76.853 72.1022 62.6483 51.8344 278.415 20.1706
internal_count=12487 12331 365 311 11966 4432 4181 760 716 689 621 444 3421 897
is_linear=0
shrinkage=0.03


Tree=337
num_leaves=15
num_cat=0
split_feature=2 7 5 4 4 1 1 5 1 2 2 2 0 2
split_gain=3.21736 5.83491 8.91728 3.21463 4.75788 4.83779 5.11397 4.4591 4.26953 3.87811 3.61468 4.81749 3.32842 3.00224
threshold=27.04000000000001 57.150000000000013 1928.2723388671877 56.788393231171725 62.942957607472671 -8.019999999999996 4.700000000000002 1681.101013183594 -15.889999999999999 23.730000000000008 26.980000000000008 25.590000000000007 15.159583333333339 25.390000000000008
decision_type=2 2 2 2 2 2 2 2 2 2 2 2 2 2
left_child=1 3 -3 12 -5 8 10 -8 -6 -9 11 13 -1 -7
right_child=-2 2 -4 4 5 6 7 9 -10 -11 -12 -13 -14 -15
leaf_value=-0.02843753168735004 0.00014240477439592412 -0.019561534739885915 0.02002221414232383 0.0310971336312801 -0.01139100252411022 -0.00050828138985594502 0.019052298778887741 0.012425313639500241 0.062531171527215129 -0.027829657548956489 0.03454799943372764 -0.019774495348694823 0.015819709020249626 0.032774539260448675
leaf_weight=3.0552608214784405 1192.1945801529801 15.837341945501977 6.4376110220327964 8.2894617831334454 0.601963346358389 17.658561617601674 28.127131868153811 3.6874468699097624 1.5179611982312042 3.0810050666332245 1.2267376659438003 11.280228408752007 1.646616570651531 1.8247949900105584
leaf_count=175 9144 1098 66 63 112 1005 198 18 114 23 21 456 9 70
internal_value=0.000586447 0.00561383 -0.00775283 0.00929461 0.0107909 0.00794225 0.00613972 0.0139184 0.0446175 -0.00712239 -0.00251008 -0.00502896 -0.0128822 0.00405683
internal_weight=1296.47 104.272 22.275 81.9972 77.2953 69.0058 66.8859 34.8956 2.11992 6.76845 31.9903 30.7636 4.70188 19.4834
internal_count=12572 3428 1164 2264 2080 2017 1791 239 226 41 1552 1531 184 1075
is_linear=0
shrinkage=0.03


Tree=338
num_leaves=15
num_cat=0
split_feature=1 6 3 8 3 8 3 3 1 4 4 6 5 4
split_gain=4.36198 5.32167 7.76591 6.32163 7.62281 5.78643 5.13102 6.12851 8.16046 6.49272 6.40656 5.47299 5.9107 5.21509
threshold=13.310000000000004 5.3500000000000014 3.1158467280904847 30.350000000000005 3.1682528617796386 36.050000000000004 3.1023342106830545 3.0544061981349349 10.520000000000005 64.957671677537761 62.531295128432937 6.1500000000000012 46.758338928222663 69.17111646435869
decision_type=2 2 2 2 2 2 2 2 2 2 2 2 2 2
left_child=1 -1 6 -4 -5 -6 7 -3 10 -10 -9 12 -12 -8
right_child=-2 2 3 4 5 -7 13 8 9 -11 11 -13 -14 -15
leaf_value=0.0052529863550579911 0.0023319922897357855 -0.00048144860606765953 -0.0041892649492846004 -0.038668017522343834 -0.018361705089270621 0.014196211896190289 0.025951384212202729 0.0094860489435627821 -0.013428499812441584 0.029933559789524895 0.0016926868780374699 0.001794940439845717 -0.036498820706986519 -0.0092013494493792449
leaf_weight=98.018327081925236 492.29810910113156 540.36474937805906 60.229784728493541 11.975286333821712 15.74061657022685 6.1025990247726432 11.155546874739231 5.6648950912058345 4.9237501397728902 5.7836934551596642 4.3103581673931393 5.9371652917470774 19.976158077595755 4.9112257715314618
leaf_count=1076 3689 6446 531 87 112 42 54 28 26 36 35 61 208 44
internal_value=0.000115424 -0.00125821 -0.00217999 -0.0101506 -0.0203422 -0.00904235 -0.000922152 -0.00139136 -0.0117116 0.01055 -0.0184594 -0.0238333 -0.0299217 0.0152965
internal_weight=1287.39 795.094 697.076 94.0483 33.8185 21.8432 603.028 586.961 46.596 10.7074 35.8886 30.2237 24.2865 16.0668
internal_count=12475 8786 7710 772 241 154 6938 6840 394 62 332 304 243 98
is_linear=0
shrinkage=0.03


Tree=339
num_leaves=15
num_cat=0
split_feature=3 3 4 6 4 4 6 3 5 5 0 2 5 2
split_gain=4.76054 7.62234 6.67184 9.41013 6.56926 5.33939 4.72292 4.22664 5.22854 5.68275 3.77784 4.29626 8.56978 9.72046
threshold=3.1023342106830545 3.108767917625447 61.049956282254527 6.4500000000000011 69.573421968147827 63.493113694322425 5.6500000000000012 3.0669219718387093 665.01629638671886 975.23553466796886 27.82458333333334 32.810000000000009 256.31317138671881 35.070000000000014
decision_type=2 2 2 2 2 2 2 2 2 2 2 2 2 2
left_child=7 4 -3 5 -2 -4 -6 -1 10 -10 11 -9 13 -13
right_child=1 2 3 -5 6 -7 -8 8 9 -11 -12 12 -14 -15
leaf_value=-0.00092748318531732279 0.036897936013939002 -0.021172034248792333 -0.026681220738148673 0.019997115782555929 -0.025156363106484468 0.0013812163035629137 0.019463077770703503 -0.0059805072397181571 0.022627081065563538 -0.0080347597645357548 0.014100079942912637 -0.066879132837358357 -0.0064271253501563142 -0.01176917535446218
leaf_weight=764.23811465478502 9.336205172352491 10.435757506638764 5.1956694666296235 23.791736426763237 2.9604967469349495 408.5402839356102 3.6353566120378673 21.626544178696349 7.7992482476402101 13.350488674826918 3.2899577170610419 5.7445100545883196 12.546856574714182 5.934825986623764
leaf_count=8476 45 65 31 272 23 3100 34 206 48 84 37 50 73 37
internal_value=-0.000226682 0.00220689 0.00145669 0.00204347 0.0219685 0.000965327 -0.00123928 -0.00158047 -0.00856728 0.00378328 -0.0138521 -0.0161158 -0.0245678 -0.042012
internal_weight=1298.43 463.896 447.963 437.528 15.9321 413.736 6.59585 834.531 70.2924 21.1497 49.1427 45.8527 24.2262 11.6793
internal_count=12581 3570 3468 3403 102 3131 57 9011 535 132 403 366 160 87
is_linear=0
shrinkage=0.03


Tree=340
num_leaves=15
num_cat=0
split_feature=4 8 7 8 5 8 5 4 6 6 6 3 3 0
split_gain=1.89289 1.8274 4.0954 2.60735 2.47834 2.07449 1.91966 4.68234 2.10387 2.75658 1.75288 1.69283 1.78285 4.43825
threshold=26.181921265494363 9.9500000000000011 6.2500000000000009 10.850000000000003 50.175901412963874 11.350000000000003 464.49450683593756 68.170401764328361 4.8500000000000014 5.3500000000000014 6.3500000000000014 0.68657742276788303 3.2466290414166497 23.226250000000007
decision_type=2 2 2 2 2 2 2 2 2 2 2 2 2 2
left_child=-1 2 -2 4 -3 10 7 -4 -9 -10 -5 -7 -13 -14
right_child=1 3 6 5 -6 11 -8 8 9 -11 -12 12 13 -15
leaf_value=-0.017807003813681381 -0.016800931422630467 0.010689924703753476 -0.036484405333420782 -0.0035080872297135971 -0.031106780933265299 0.018728125689282834 0.041630563436426495 -0.019407524204376938 0.038377172998122926 0.0022588259035394237 0.03064205448845694 -0.0008447156495244054 0.010154628427859842 -5.3986927948754716e-05
leaf_weight=4.4796407888643435 2.9089016504585734 1.202046102262101 0.69805969297885706 1.8722194769652549 3.5206704108277336 3.2191091440618029 1.807670744601636 0.43326218402944494 3.6141299004666507 3.4610463159624487 2.5875158468261361 1025.470132799237 47.338830735068768 185.0306948069483
leaf_count=246 23 31 7 41 69 35 20 73 74 236 14 9866 370 1380
internal_value=-0.0002122 -0.000136956 0.0106727 -0.000255239 -0.0204595 -0.000163746 0.019454 0.0105779 0.018727 0.0231765 0.018289 -0.000243443 -0.000306835 0.00206034
internal_weight=1287.64 1283.16 12.9231 1270.24 4.72272 1265.52 10.0142 8.2065 7.50844 7.07518 4.45974 1261.06 1257.84 232.37
internal_count=12485 12239 433 11806 100 11706 410 390 383 310 55 11651 11616 1750
is_linear=0
shrinkage=0.03


Tree=341
num_leaves=15
num_cat=0
split_feature=2 8 3 6 2 4 2 6 6 7 1 3 4 3
split_gain=3.11576 6.76126 3.8967 7.33656 5.78732 7.07533 6.90442 6.28765 6.4424 5.67988 4.92702 4.5573 4.33407 5.15977
threshold=41.190000000000019 35.150000000000013 2.651404005585706 7.3500000000000014 38.150000000000013 48.173184913889607 32.190000000000012 7.3500000000000014 8.0500000000000025 6.9500000000000011 4.5900000000000043 2.5069512637253246 54.829749668011154 2.7239971684514059
decision_type=2 2 2 2 2 2 2 2 2 2 2 2 2 2
left_child=2 -2 4 9 5 6 -1 10 -9 -4 -8 -7 13 -11
right_child=1 -3 3 -5 -6 11 7 8 -10 12 -12 -13 -14 -15
leaf_value=-0.016942492970457766 0.013418277605625637 -0.024915013061065083 -0.020856970751607657 0.0090096729716299846 -0.016549086328079551 2.9290073558713326e-05 0.05529583138024198 -0.0061898779718512417 0.026782080223405037 0.027512721426284709 0.010628051326661416 -0.014818030002316155 -0.00037856164892409054 0.0037815001946225478
leaf_weight=6.7330432129092506 32.104346704669297 3.8003007760271421 10.790091924369333 84.121371278073639 28.577480779960752 39.438663823995739 4.1545078158378619 14.467115572653713 7.2017716774716964 9.2572638681158406 4.9582880735397339 34.216757128247991 967.44798102171626 44.375946139451116
leaf_count=226 465 41 57 560 349 357 27 182 93 65 29 362 9446 237
internal_value=0.000204158 0.00879574 -4.82994e-05 0.000544486 -0.00475239 -0.00159942 0.00886029 0.0148598 0.00546657 -0.000153677 0.0344462 -0.00697416 8.52937e-05 0.0083062
internal_weight=1291.64 35.9046 1255.74 1115.99 139.748 111.17 37.5147 30.7817 21.6689 1031.87 9.1128 73.6554 1021.08 53.6332
internal_count=12496 506 11990 10365 1625 1276 557 331 275 9805 56 719 9748 302
is_linear=0
shrinkage=0.03


Tree=342
num_leaves=15
num_cat=0
split_feature=6 5 3 5 4 4 5 2 1 3 5 0 3 6
split_gain=3.88077 6.27429 4.42158 3.4817 5.62825 4.78341 4.48955 4.10444 3.21483 6.39774 3.82394 4.33691 3.74469 5.05106
threshold=6.1500000000000012 3.2880442142486577 3.2689124556537208 3.7577306032180791 60.384281087417797 67.793380662506095 2.0699175596237187 34.030000000000015 16.770000000000007 2.835652524805155 223.421257019043 26.823750000000004 2.6851951686690381 7.5500000000000016
decision_type=2 2 2 2 2 2 2 2 2 2 2 2 2 2
left_child=1 -1 3 4 -2 -6 -7 -8 -5 12 11 -11 13 -10
right_child=2 -3 -4 8 5 6 7 -9 9 10 -12 -13 -14 -15
leaf_value=0.013561062220463374 0.018133075187956087 -0.0029177005124302676 0.020623382782351544 0.0002023753651926182 -0.047963246629943182 0.0027096744200298781 -0.041377093136019449 0.010998723125824329 0.015519590501862329 -0.021500002170310333 0.020450931483245307 0.0096381451509049282 -0.02638164488490102 -0.017213015985524008
leaf_weight=20.506213982938789 4.0803046375513103 647.59310206607915 9.0800437871366722 505.08874327933881 2.857541378587487 10.058428874006493 4.2009493352379641 1.3365590162575243 8.5818553846329468 3.9966678991913822 26.051686674356461 20.105305602774024 5.2838563397526732 6.618131596595048
leaf_count=285 21 5886 105 5238 21 172 57 17 77 61 168 237 37 54
internal_value=-0.000816229 -0.0023924 0.000918707 0.000585725 -0.0107265 -0.0177118 -0.00961297 -0.0289867 0.00104631 0.00699378 0.0126916 0.00382391 -0.00689835 0.00108491
internal_weight=1275.44 668.099 607.34 598.26 22.5338 18.4535 15.5959 5.53751 575.726 70.6375 50.1537 24.102 20.4838 15.2
internal_count=12436 6171 6265 6160 288 267 246 74 5872 634 466 298 168 131
is_linear=0
shrinkage=0.03


Tree=343
num_leaves=15
num_cat=0
split_feature=1 3 2 4 2 8 0 8 8 2 2 2 2 0
split_gain=3.34914 2.68439 3.17483 6.38783 2.68389 3.52403 8.27 7.04544 4.63901 4.64954 3.75578 4.05972 3.33882 3.00983
threshold=24.010000000000009 3.5946344915547748 32.370000000000012 80.491822696709434 33.670000000000016 35.050000000000004 20.674166666666672 43.050000000000004 33.850000000000009 34.510000000000012 38.530000000000015 34.230000000000011 36.450000000000017 26.823750000000004
decision_type=2 2 2 2 2 2 2 2 2 2 2 2 2 2
left_child=1 4 -3 -4 -1 8 -7 10 -6 -10 11 -8 13 -9
right_child=-2 2 3 -5 5 6 7 12 9 -11 -12 -13 -14 -15
leaf_value=0.0015760972848629516 0.023954015799549134 -0.026330179567144903 -0.022994105132639508 0.024230457196031001 -0.0015777337229684026 -0.021890376188468827 -0.00053481420963131772 -0.049295645113815532 0.0034930978322225662 -0.026783082476954875 0.00044537115022353317 0.022597546147432594 0.0010586416120431099 -0.0044879520552780694
leaf_weight=746.41861240577418 4.3951495438814154 6.4113589376211158 4.1718702204525453 4.1402731835842133 431.78741647675633 8.3761593392118794 8.6218908354639989 2.0050642378628245 6.6683985609561232 12.161308963783084 15.892473934218286 31.006449583917856 8.5306752128526551 2.8536556400358677
leaf_count=8410 38 39 30 20 3178 67 63 17 42 111 132 241 64 32
internal_value=0.00036637 0.000267439 -0.0120529 0.000604441 0.000419127 -0.00121663 0.00466307 0.00815765 -0.00223317 -0.0164256 0.0128385 0.0176754 -0.0107956 -0.0282368
internal_weight=1293.44 1289.05 14.7235 8.31214 1274.32 527.903 77.2864 68.9102 450.617 18.8297 55.5208 39.6283 13.3894 4.85872
internal_count=12484 12446 89 50 12357 3947 616 549 3331 153 436 304 113 49
is_linear=0
shrinkage=0.03


Tree=344
num_leaves=15
num_cat=0
split_feature=8 4 2 7 2 8 0 2 2 7 7 4 1 0
split_gain=2.95334 5.57656 5.22215 7.05867 4.91433 4.3557 3.58415 3.57316 3.58873 4.02202 4.35978 3.40199 5.18936 6.85421
threshold=26.150000000000006 46.648516709309284 24.810000000000009 78.750000000000014 39.710000000000015 26.250000000000004 12.124166666666671 45.070000000000014 37.750000000000014 11.550000000000002 7.9500000000000011 52.046784660216893 3.970000000000002 24.031250000000004
decision_type=2 2 2 2 2 2 2 2 2 2 2 2 2 2
left_child=-1 7 3 -3 5 -4 -7 8 9 10 -2 12 -8 -14
right_child=1 2 4 -5 -6 6 11 -9 -10 -11 -12 -13 13 -15
leaf_value=0.0022092954222480434 -0.018684163895427767 0.021268257663454252 -0.028858220756906066 -0.021379390681434029 0.013112331942603896 -0.016425216846770185 -0.013232238549683554 0.012960535118209129 -0.024573016958949458 -0.02164227095291758 0.035401829841860778 -0.00096331458207132706 0.0310574991825559 -0.0110508929783373
leaf_weight=526.39731423044577 1.2963301916606784 18.376486138673503 4.0462647178210309 3.4142042004968962 21.65450718998909 12.104066303465514 5.1297283116728094 3.2645229371264568 17.379646145738661 3.1668859415221959 2.8226297090295702 667.48224519845098 11.233835425227879 4.2658255770802489
leaf_count=6145 40 354 38 94 136 667 50 53 258 57 29 4597 50 22
internal_value=0.000477085 -0.000699835 -0.000199527 0.0139413 -0.000642603 -0.00108353 -0.000882105 -0.0136236 -0.0175099 0.000270606 0.018055 -0.000585259 0.0111261 0.019501
internal_weight=1302.03 775.637 747.707 21.7907 725.916 704.262 700.216 27.93 24.6655 7.28585 4.11896 688.112 20.6294 15.4997
internal_count=12590 6445 6008 448 5560 5424 5386 437 384 126 69 4719 122 72
is_linear=0
shrinkage=0.03


Tree=345
num_leaves=15
num_cat=0
split_feature=0 1 8 8 0 3 7 0 0 0 8 0 5 0
split_gain=2.72181 4.38483 9.98156 5.02346 5.01383 4.42782 4.25693 3.5829 5.67671 2.60705 2.60619 5.55315 6.74329 4.74896
threshold=8.6545833333333366 -7.0499999999999945 26.050000000000004 25.150000000000006 13.40791666666667 2.6851951686690381 46.150000000000013 5.7966666666666713 3.9245833333333366 11.665833333333337 30.150000000000006 15.500416666666672 2462.449584960938 12.189583333333339
decision_type=2 2 2 2 2 2 2 2 2 2 2 2 2 2
left_child=6 2 3 5 -4 -2 7 8 -1 -7 -3 12 13 -12
right_child=1 10 4 -5 -6 9 -8 -9 -10 -11 11 -13 -14 -15
leaf_value=-0.017048863413964811 -0.018835635148809957 -0.0012200736484381022 -0.02166591401377457 0.077575549851164508 0.025918766216427053 0.047237359951703674 -0.028108890870797529 -0.014983245640668875 0.049992689776450987 -0.002236951658976975 -0.0077488322233161501 0.00047929593554195849 -0.033294042534498469 0.017077542388765465
leaf_weight=1.2785335835069402 1.3268385250121335 765.29001602879725 5.4138555855024606 1.4652773016132412 1.9383699670433996 2.4177979230880742 6.7720230902777985 3.375012144446373 1.7326783617027102 1.2112417519092558 7.6587606198154381 451.68688583001494 2.0334143713116637 42.124536549672484
leaf_count=206 52 6869 169 19 19 51 876 289 68 10 337 3246 12 291
internal_value=-7.30451e-05 7.13074e-05 0.016321 0.0409531 -0.00751933 0.0189181 -0.0131547 0.00436159 0.0243736 0.0338086 -0.000117805 0.00155666 0.0107612 0.0131808
internal_weight=1295.73 1282.57 13.7734 6.42116 7.35223 4.95588 13.1582 6.38622 3.01121 3.62904 1268.79 503.504 51.8167 49.7833
internal_count=12514 11075 320 132 188 113 1439 563 274 61 10755 3886 640 628
is_linear=0
shrinkage=0.03


Tree=346
num_leaves=15
num_cat=0
split_feature=0 0 7 7 4 4 2 0 2 5 1 6 7 1
split_gain=4.17053 3.13003 3.33898 3.37514 3.40507 3.26792 4.22942 3.13173 3.08941 4.09466 7.69406 5.13085 4.54688 3.64568
threshold=25.602500000000003 25.481250000000006 81.950000000000017 4.5500000000000016 30.42286740250719 41.002851199460913 37.990000000000016 15.874583333333337 24.810000000000009 353.10523986816412 -0.25999999999999507 5.3500000000000014 32.650000000000013 5.7300000000000031
decision_type=2 2 2 2 2 2 2 2 2 2 2 2 2 2
left_child=1 2 3 5 -5 6 -1 -4 9 11 -11 -6 -13 -12
right_child=-2 -3 7 4 8 -7 -8 -9 -10 10 13 12 -14 -15
leaf_value=0.013885716259926587 -0.0020851979576577196 0.014536031476509418 -0.032116601553039657 0.026925207076126802 0.034034635204056127 -0.028259716044458798 -0.024210761766745206 0.00078863440780077814 0.0012179228692373622 -0.0034302519168390492 0.042732187660359369 0.016599375686259743 -0.020900240320633496 0.014155627738827366
leaf_weight=5.9493939098902029 403.81645176187158 15.503407560288904 4.1723356725415197 3.8302466261666259 1.7428574153454963 5.6250769365578881 3.2130405269563198 5.1467002704739571 799.42538889113348 11.724762910744177 7.2319872118532684 3.1784848012030116 9.5120331572834385 10.959891125559805
leaf_count=65 3173 101 635 64 52 61 106 50 6701 499 47 185 691 68
internal_value=0.000438934 0.00158885 0.00134219 0.00154346 0.00179747 -0.0122075 -0.000541564 -0.0156284 0.00165167 0.00927078 0.0154422 -0.00369275 -0.0109816 0.0271506
internal_weight=1291.03 887.216 871.712 862.393 847.606 14.7875 9.16243 9.31904 843.775 44.35 29.9166 14.4334 12.6905 18.1919
internal_count=12498 9325 9224 8539 8307 232 171 685 8243 1542 614 928 876 115
is_linear=0
shrinkage=0.03


Tree=347
num_leaves=15
num_cat=0
split_feature=3 3 2 2 8 8 1 7 2 8 8 4 8 4
split_gain=2.64014 5.07049 5.03191 5.53961 4.19559 5.57981 5.8082 9.79273 4.08059 2.91714 2.50498 2.75946 2.24179 2.20885
threshold=3.5027096762772816 3.4907753390849181 29.780000000000001 35.150000000000013 28.850000000000005 33.150000000000013 22.210000000000012 75.550000000000026 32.810000000000009 39.850000000000016 48.45000000000001 75.266908583666819 36.350000000000009 81.60324150877662
decision_type=2 2 2 2 2 2 2 2 2 2 2 2 2 2
left_child=1 10 12 4 -4 -6 -7 9 -9 -8 -1 -12 -2 -3
right_child=2 13 3 -5 5 6 7 8 -10 -11 11 -13 -14 -15
leaf_value=0.0016109845474628229 -0.0056756957244482077 0.0046575444406740853 -0.021292526127879394 -0.033679693733779152 0.022722328152678484 0.014101199536548734 -0.018026059093171867 0.024410865559496644 -0.013100301225287074 -0.061472782450662206 -0.00087165167157954803 -0.032203982857488517 -0.044337663310901956 0.038401570470258016
leaf_weight=1230.4282656471478 2.5636804213281712 3.2335474812425664 5.2034165300428858 3.4131821990013114 10.552042752504347 10.664804320782425 4.8161916472017756 4.7234690859913808 3.9314127191901207 2.1773303672671318 6.6946699109394086 3.1236501557286829 2.9358919709920883 3.8014500103890896
leaf_count=12089 22 26 33 24 69 62 36 26 21 18 49 28 19 21
internal_value=0.00136607 0.00164098 -0.00526206 -0.00169517 0.0016216 0.00533277 -0.00221734 -0.0135178 0.00777967 -0.0375507 0.00148585 -0.0128953 -0.0299611 0.0254015
internal_weight=1298.26 1247.28 50.9814 45.4818 42.0687 36.8653 26.3132 15.6484 8.65488 6.99352 1240.25 9.81832 5.49957 7.035
internal_count=12543 12213 330 289 265 232 163 101 47 54 12166 77 41 47
is_linear=0
shrinkage=0.03


Tree=348
num_leaves=15
num_cat=0
split_feature=0 0 4 2 7 8 4 7 0 8 7 4 6 3
split_gain=4.1024 5.57795 5.10016 5.33565 11.3303 10.1963 8.0932 6.43724 6.11656 6.52204 6.03003 7.59903 5.853 8.8746
threshold=25.602500000000003 20.674166666666672 34.362118313930857 33.350000000000016 17.350000000000005 30.650000000000006 71.804658103354271 31.250000000000004 20.04750000000001 33.650000000000013 17.150000000000002 69.958152506272441 6.6500000000000012 3.1713168221309957
decision_type=2 2 2 2 2 2 2 2 2 2 2 2 2 2
left_child=1 2 -1 7 6 -6 8 10 9 -5 -4 -12 13 -13
right_child=-2 -3 3 4 5 -7 -8 -9 -10 -11 11 12 -14 -15
leaf_value=0.03024059857558619 -0.0018957102382284436 0.0045938743665089486 -0.0032294181937283029 0.01189670241732102 -0.0096386238930959052 -0.046605983746608286 -0.039238732566705847 -0.0041504469955852222 -0.017460966935245303 -0.016883628139590694 0.011337054668768711 -0.011994941376612953 0.010634455457708396 0.018214612573733146
leaf_weight=3.8973890717606983 402.22248186450452 365.01484517753124 81.515180575428531 43.574395414907485 22.701515980530534 9.0053342147730273 3.3241699934005728 146.14272745978087 9.7478630635887367 7.5184807986952356 115.71763387182727 44.369531514821574 26.7558907517232 9.908303324133156
leaf_count=108 3148 2507 617 330 135 68 17 3241 61 55 903 891 345 52
internal_value=0.000615283 0.00175197 -0.000231981 -0.000517823 -0.00687131 -0.021242 0.000446903 0.000930174 0.00321467 0.00741878 0.00360377 0.00643681 -0.000613718 -0.0062505
internal_weight=1291.42 889.193 524.178 520.281 95.8718 31.7069 64.1649 424.409 60.8407 51.0929 278.267 196.751 81.0337 54.2778
internal_count=12478 9330 6823 6715 666 203 463 6049 446 385 2808 2191 1288 943
is_linear=0
shrinkage=0.03


Tree=349
num_leaves=15
num_cat=0
split_feature=3 0 0 5 8 0 0 1 2 1 3 3 3 8
split_gain=3.33453 5.03183 4.94187 9.00154 6.90317 6.46111 5.2726 7.80116 4.54212 4.49274 9.22367 3.80737 4.0174 3.72766
threshold=3.1960628240752507 16.071666666666676 26.192500000000006 519.36660766601574 39.45000000000001 26.695416666666674 23.03166666666667 18.61000000000001 32.570000000000014 19.910000000000014 3.4788016129185264 3.4907753390849181 3.2689124556537208 24.850000000000005
decision_type=2 2 2 2 2 2 2 2 2 2 2 2 2 2
left_child=-1 -2 3 9 6 -4 11 8 -8 13 -11 12 -5 -3
right_child=1 2 5 4 -6 -7 7 -9 -10 10 -12 -13 -14 -15
leaf_value=-0.001041005705720878 -0.016120903345035097 0.0010244192540462636 -0.015587089614150519 -0.00097124234221224171 -0.02740162348248314 0.0022441299685303905 -0.037892323842181316 0.014809901196343072 -0.003342073678016394 -0.0241710455693743 0.023063187283136936 -0.015383993472886987 0.023392041570546598 0.021060232319378213
leaf_weight=993.14523400552571 11.358016192447392 10.081835694611071 20.438342828303576 9.2768195383250767 6.9053743444383135 123.51344460994005 6.518228732049467 7.3822316452860823 6.6792538091540337 6.7246838472783548 6.1819842681288719 3.5293905809521666 16.319904156029224 51.03866702131927
leaf_count=10242 192 121 146 64 41 962 40 37 36 56 28 23 95 412
internal_value=-0.00021888 0.00263017 0.00346147 0.00766253 -0.00134594 -0.000377622 0.00274286 -0.0086381 -0.0218734 0.0144778 -0.00151541 0.0108041 0.0148577 0.017825
internal_weight=1279.09 285.948 274.59 130.638 56.6112 143.952 49.7058 20.5797 13.1975 74.0272 12.9067 29.1261 25.5967 61.1205
internal_count=12495 2253 2061 953 336 1108 295 113 76 617 84 182 159 533
is_linear=0
shrinkage=0.03


Tree=350
num_leaves=15
num_cat=0
split_feature=0 3 3 4 6 6 2 0 7 8 6 3 8 2
split_gain=2.64585 4.16302 5.0647 4.36505 4.32126 3.34628 3.07471 2.97815 3.19571 8.2659 4.20331 3.3909 3.52082 2.78614
threshold=28.213750000000008 2.810870717149752 2.1701149605683909 50.078319905587392 8.1500000000000021 5.1500000000000012 36.550000000000011 27.82458333333334 20.150000000000006 38.150000000000013 6.3500000000000014 2.961639372626435 23.750000000000004 41.430000000000014
decision_type=2 2 2 2 2 2 2 2 2 2 2 2 2 2
left_child=7 2 4 -3 -2 -5 -4 13 10 -10 -9 12 -12 -1
right_child=1 3 6 5 -6 -7 -8 8 9 -11 11 -13 -14 -15
leaf_value=-0.00034450010080368167 0.021288881542128185 0.040426603762628896 0.013416638049294428 -0.016592502707330467 -0.022181234302354504 0.010364568114877803 -0.024335805426235764 -0.031984575577140337 0.0076998438336418938 -0.033880226953673355 0.0042994066228989811 0.013137725305685046 -0.040624061288187283 0.011021062442535022
leaf_weight=1159.3158599371091 7.0443098731338996 3.117737501859664 1.6999986693263043 3.7337747812271109 1.869005376473069 38.104575589299202 9.6207614038139564 8.191449202597143 19.851308416575197 4.4224900957196942 2.756254902109502 4.8641459792852402 2.187856494449079 18.742159494198859
leaf_count=11222 119 11 13 21 86 350 120 55 164 37 28 37 29 191
internal_value=-0.000122043 0.00571987 -0.0053981 0.0107325 0.0108557 0.00762767 -0.0180378 -0.000438546 -0.00816806 -0.000916498 -0.0173843 -0.0033597 -0.01907 -0.000154487
internal_weight=1285.52 65.1902 20.2341 44.9561 8.91332 41.8384 11.3208 1220.33 42.2735 24.2738 17.9997 9.80826 4.94411 1178.06
internal_count=12483 720 338 382 205 371 133 11763 350 201 149 94 57 11413
is_linear=0
shrinkage=0.03


Tree=351
num_leaves=15
num_cat=0
split_feature=6 1 1 5 5 1 4 7 1 5 1 6 4 0
split_gain=4.14655 9.16321 5.23539 6.61269 5.29232 4.35884 8.10073 10.2692 7.40103 4.08102 4.55423 8.58175 3.99888 5.18353
threshold=6.1500000000000012 14.420000000000002 10.520000000000005 227.07013702392581 371.17990112304693 15.400000000000006 54.324133848442266 9.2500000000000018 16.910000000000007 15.104445457458498 2.8900000000000023 7.2500000000000009 61.049956282254527 17.937500000000007
decision_type=2 2 2 2 2 2 2 2 2 2 2 2 2 2
left_child=-1 2 9 -4 -5 -3 7 8 -7 12 11 -11 -2 -14
right_child=1 5 3 4 -6 6 -8 -9 -10 10 -12 -13 13 -15
leaf_value=-0.0012606733940606235 0.010350698729380946 0.02136793632589979 0.0031817092319742285 -0.031149707690820164 -0.0074123480995390871 -0.020981215803927075 0.010307914881829387 -0.038799173144992989 0.029532897898972364 0.0033294903026507656 0.0048732996596683644 -0.012843618666773806 -0.0052364060805257448 -0.034370789600859736
leaf_weight=664.99847256811336 7.524812218733131 21.850855179131031 30.464534820988774 11.946353473700581 27.046177070587873 3.6610393179580552 85.042273016646504 6.4756718575954428 5.063237152993679 88.838524346472695 249.32948347553611 43.018301953794435 20.896013971883807 6.6994630526751271
leaf_count=6137 40 191 237 140 235 56 809 59 39 1692 1610 806 264 50
internal_value=0.000375546 0.00216471 0.000311415 -0.00725338 -0.0152819 0.00947586 0.00669817 -0.0128876 0.00835751 0.00158789 0.00249536 -0.00200395 -0.00805794 -0.0132641
internal_weight=1272.86 607.857 485.764 69.4571 38.9925 122.093 100.242 15.1999 8.72428 416.307 381.186 131.857 35.1203 27.5955
internal_count=12365 6228 5074 612 375 1154 963 154 95 4462 4108 2498 354 314
is_linear=0
shrinkage=0.03


Tree=352
num_leaves=15
num_cat=0
split_feature=5 6 7 1 8 8 2 4 7 7 1 1 5 8
split_gain=3.64933 4.30354 5.9959 4.34673 4.26079 6.86353 3.58558 6.14079 3.75543 6.01342 5.52435 6.44769 6.39721 6.34646
threshold=709.58068847656261 5.4500000000000011 20.350000000000005 17.29000000000001 39.850000000000016 44.150000000000013 22.43000000000001 65.628372807849999 23.950000000000006 25.150000000000006 5.8600000000000039 14.050000000000004 1082.782653808594 38.550000000000004
decision_type=2 2 2 2 2 2 2 2 2 2 2 2 2 2
left_child=-1 2 -2 6 -4 -6 7 -3 10 -10 12 13 -8 -12
right_child=1 3 4 -5 5 -7 8 -9 9 -11 11 -13 -14 -15
leaf_value=0.0010098658296198767 -0.026406954973948092 -0.011729643777497186 -0.00015689855169012269 0.016928358245960274 -0.046255408457618753 0.001996406533251548 -0.008023669548348239 0.030539115659210796 -0.041217745134743203 -0.006174637098963218 -0.011952487615934536 0.0085473978197956359 0.012414418463529352 0.021105804540539602
leaf_weight=986.7621875210898 13.810448780655859 4.4631525850854796 40.700048252241686 10.738096769899128 4.1621108502149564 5.2963555604219437 18.787016201531515 6.699265651172027 3.888430925551801 52.083958039758727 65.416449987329543 23.103682789951563 45.496244263602421 4.767844431102275
leaf_count=9856 68 188 277 64 24 25 243 83 43 527 398 142 457 25
internal_value=0.000129374 -0.00276613 -0.00960223 -0.000876035 -0.00454955 -0.0216289 -0.00179809 0.0140636 -0.00268891 -0.00928984 -0.00030033 -0.00494319 0.0064099 -0.00944178
internal_weight=1286.18 299.413 63.969 235.444 50.1585 9.45847 224.706 11.1624 213.544 55.9724 157.571 93.288 64.2833 70.1843
internal_count=12420 2564 394 2170 326 49 2106 271 1835 570 1265 565 700 423
is_linear=0
shrinkage=0.03


Tree=353
num_leaves=15
num_cat=0
split_feature=2 4 2 7 8 2 4 8 6 7 4 0 0 2
split_gain=2.74338 6.28088 5.77465 4.33746 5.29049 5.41768 4.15799 3.68575 5.45232 4.39512 4.11218 4.2099 3.66417 6.54231
threshold=30.620000000000005 62.531295128432937 23.61000000000001 49.150000000000013 40.550000000000004 27.500000000000007 59.422431384792546 21.250000000000004 5.3500000000000014 57.150000000000013 66.078409198906428 15.692916666666671 16.858750000000008 28.120000000000005
decision_type=2 2 2 2 2 2 2 2 2 2 2 2 2 2
left_child=1 2 -1 -3 5 7 12 9 -9 -5 -11 -12 13 -4
right_child=-2 3 6 4 -6 -7 -8 8 -10 10 11 -13 -14 -15
leaf_value=-0.017520275808098795 -0.00068601307591971362 -0.00092386501782745073 0.016746152068931711 0.041935483090119213 -0.023483252376336475 0.022460173684466966 0.031882776871014595 0.011911202668040504 -0.016713500849559693 0.033158541361779384 -0.020711164522650684 0.034655153705873326 0.020094829764609877 -0.027609262716598193
leaf_weight=3.8956580089870831 960.96531430981122 224.14822132722475 5.6136277085170168 3.0604899169411492 3.4578138159122309 20.514416673220694 11.543299646116791 9.9322730314452219 12.335182746639473 1.7647374616935847 5.023449084488675 0.60429349541664112 12.026551082730291 4.4875644186977297
leaf_count=171 6925 3390 74 114 28 177 79 170 475 14 667 2 68 105
internal_value=0.000113948 0.00252285 0.0138761 0.000960342 0.0082969 0.0107561 0.0179091 0.00296961 -0.00398243 0.0168339 0.00268324 -0.0104343 0.00955612 -0.00367121
internal_weight=1279.37 318.408 37.5667 280.841 56.6927 53.2348 33.671 32.7204 22.2675 10.453 7.39248 5.62774 22.1277 10.1012
internal_count=12459 5534 497 5037 1647 1619 326 1442 645 797 683 669 247 179
is_linear=0
shrinkage=0.03


Tree=354
num_leaves=15
num_cat=0
split_feature=8 2 4 3 4 0 2 8 6 1 8 2 1 3
split_gain=3.26608 6.55289 6.18349 4.36691 6.55339 5.65512 9.65628 10.2974 8.10667 7.03271 6.74516 6.72402 5.64333 8.11482
threshold=26.150000000000006 26.27 78.404889130414645 3.1023342106830545 54.324133848442266 20.332500000000003 40.790000000000013 21.050000000000004 7.4500000000000011 1.1000000000000043 24.950000000000006 44.550000000000011 11.990000000000006 2.4527214424105277
decision_type=2 2 2 2 2 2 2 2 2 2 2 2 2 2
left_child=3 2 -2 4 5 8 7 -7 9 10 -1 -8 13 -6
right_child=1 -3 -4 -5 12 6 11 -9 -10 -11 -12 -13 -14 -15
leaf_value=-0.0071391452012121255 0.020523070061004171 -0.0016330335340795942 -0.0035030751000419214 0.0075119091202034251 -0.031376438482634272 0.0053215518755221503 0.022588101708574271 -0.0206358619189825 -0.0001437575880579498 0.039496221779719551 0.05068263269767926 -0.024470940353467176 0.0047722135302344674 -0.0030070922686891441
leaf_weight=7.77411817898974 22.888377492781729 732.21881115552969 15.735747527563943 105.08004959765822 8.5158423130633292 34.092507360503078 21.887813134118918 21.718185278587043 17.130135488463566 13.994424954056738 1.3019873094744978 2.2731172526255241 86.244758060202003 205.7342880932847
leaf_count=136 463 5707 282 932 70 226 272 184 320 60 13 64 501 3323
internal_value=0.000251018 -0.000992086 0.0108933 0.00207206 0.00069863 0.00658963 0.00191219 -0.00496496 0.0156223 0.0268484 0.0053623 0.0173641 -0.00167131 -0.00427522
internal_weight=1296.59 770.843 38.6241 525.747 420.667 120.172 79.9716 55.8107 40.2007 23.0705 9.07611 24.1609 300.495 214.25
internal_count=12553 6452 745 6101 5169 1275 746 410 529 209 149 336 3894 3393
is_linear=0
shrinkage=0.03


Tree=355
num_leaves=15
num_cat=0
split_feature=8 5 6 0 0 3 2 3 6 3 2 6 0 3
split_gain=2.75782 4.15866 5.47634 2.73719 5.00992 5.09099 5.97122 5.7322 5.58415 5.59074 5.7555 5.41857 4.79258 4.64527
threshold=46.150000000000013 302.95762634277349 6.5500000000000016 25.602500000000003 25.940000000000008 3.3253945519341284 37.390000000000022 3.3680785172036223 6.7500000000000009 3.1960628240752507 38.890000000000022 6.4500000000000011 28.038333333333338 3.2590010210487477
decision_type=2 2 2 2 2 2 2 2 2 2 2 2 2 2
left_child=3 2 -2 13 -5 6 -6 12 9 10 -8 -12 -7 -1
right_child=1 -3 -4 4 5 7 8 -9 -10 -11 11 -13 -14 -15
leaf_value=0.00063279025079118832 0.024915627679703553 -0.023722938917916006 -0.020047815358746179 -0.012476144300759908 0.0051977288772742918 -0.033971827794430171 -0.027121140261230612 -0.0035289717543418291 0.0018058275034819249 0.017392492872159233 0.0064472999668506439 -0.027177326550839855 0.0086055942522948858 0.0081458863412353644
leaf_weight=799.90935226087458 4.3073555883020189 9.486217796802519 3.5421365071088076 34.180075710639358 160.00835924781859 9.5192404165863973 19.187104769051075 89.088291503489017 60.674168546684086 4.2744100131094447 13.490784738212826 5.1656721588224164 2.6233918257057658 80.650758652715012
leaf_count=8632 35 57 38 244 1220 80 114 614 680 30 81 42 28 662
internal_value=0.000231036 -0.0113215 0.00465294 0.000396373 -0.00166493 -0.000618431 0.00158585 -0.0063004 -0.00403238 -0.0122896 -0.0160036 -0.00377179 -0.0248182 0.00132938
internal_weight=1296.11 17.3357 7.84949 1278.77 398.211 364.031 262.8 101.231 102.792 42.118 37.8436 18.6565 12.1426 880.56
internal_count=12557 130 73 12427 3133 2889 2167 722 947 267 237 123 108 9294
is_linear=0
shrinkage=0.03


Tree=356
num_leaves=15
num_cat=0
split_feature=7 2 8 8 5 2 2 1 0 6 8 1 7 1
split_gain=3.04439 3.4099 2.97486 6.56246 3.23103 3.0112 2.8026 2.77651 5.13528 2.60598 2.38985 6.2835 4.13563 2.4353
threshold=4.8500000000000014 41.190000000000019 27.950000000000006 30.350000000000005 993.33853149414074 33.270000000000017 42.110000000000014 5.0000000000000044 26.59 4.1500000000000012 48.45000000000001 18.910000000000011 30.050000000000004 20.650000000000009
decision_type=2 2 2 2 2 2 2 2 2 2 2 2 2 2
left_child=2 9 4 -4 6 -6 -1 -3 -9 -2 13 12 -12 -11
right_child=1 7 3 -5 5 -7 -8 8 -10 10 11 -13 -14 -15
leaf_value=-0.033783505884048923 -0.025619930773021053 -0.0087849008208020826 0.038565198041163505 -0.022652891671871084 0.023141014241934672 -0.0099886100979992339 -0.0078306319236679245 0.031434057361525783 0.0013636574416765414 0.00016546419325497703 -0.0066306834150088867 0.020837530350079528 -0.049384929528811558 -0.0039673846488138594
leaf_weight=7.6674265768379026 2.7180869877338401 4.6967958286404636 2.3563455692492417 2.0700970012694597 2.5251935506239516 7.2424654019996524 7.9826603392139077 8.6076102480292338 11.125269968062637 1061.3429753268138 4.8663054220378381 2.632753036916256 3.0266734657343477 144.95808147639036
leaf_count=171 34 33 51 60 15 74 208 43 106 10432 30 25 28 1144
internal_value=-0.000546062 -0.000314955 -0.00985659 0.011037 -0.0137752 -7.00448e-05 -0.0218111 0.0105583 0.015364 -0.000541239 -0.000464228 -0.0140605 -0.0267351 -0.000334044
internal_weight=1273.82 1243.97 29.8442 4.42644 25.4177 9.76766 15.6501 24.4297 19.7329 1219.54 1216.83 10.5257 7.89298 1206.3
internal_count=12454 11875 579 111 468 89 379 182 149 11693 11659 83 58 11576
is_linear=0
shrinkage=0.03


Tree=357
num_leaves=15
num_cat=0
split_feature=1 1 5 1 5 8 8 7 4 1 7 0 8 7
split_gain=1.94414 3.79499 6.84575 5.64301 7.25115 4.52385 8.01417 6.42758 5.07613 4.20697 4.55777 6.93179 4.06467 4.95297
threshold=23.250000000000007 21.050000000000008 194.25510406494143 21.710000000000012 36.711978912353523 21.850000000000005 31.550000000000004 32.850000000000009 80.491822696709434 18.61000000000001 33.250000000000007 26.695416666666674 35.650000000000013 53.250000000000007
decision_type=2 2 2 2 2 2 2 2 2 2 2 2 2 2
left_child=1 9 3 4 -3 -5 7 -7 -9 -1 11 -11 -8 -14
right_child=-2 2 -4 5 -6 6 12 8 -10 10 -12 -13 13 -15
leaf_value=-0.00051111966816821898 0.0076871739840197219 0.0021152920615964449 0.0087284885994056826 0.020139424999537012 -0.035909230863110091 -0.037376787935688154 0.010855431062700913 -0.023067118568020489 0.021962668824157597 -0.0092948727948271425 0.015111973011884281 0.0088479495870513441 -0.021546807899211519 0.0043869490744946693
leaf_weight=1032.362622872577 26.175082005560398 6.5526035428047207 22.118207629770041 4.8186092898249617 12.785114120692013 10.828702405095102 16.585540127009153 3.573444712907075 3.442468635737896 30.395808268338442 31.42114582657814 46.876632835716009 11.419411007314922 13.621192563325165
leaf_count=10569 224 68 129 32 106 86 138 23 22 208 256 335 112 96
internal_value=-0.000251343 -0.00042403 -0.00583324 -0.00974224 -0.0235541 -0.00529061 -0.00765005 -0.023882 -0.000988998 8.19272e-05 0.00566795 0.00168373 -0.000294599 -0.00781304
internal_weight=1272.98 1246.8 105.745 83.6271 19.3377 64.2894 59.4708 17.8446 7.01591 1141.06 108.694 77.2724 41.6261 25.0406
internal_count=12404 12180 812 683 174 509 477 131 45 11368 799 543 346 208
is_linear=0
shrinkage=0.03


Tree=358
num_leaves=15
num_cat=0
split_feature=1 1 5 4 3 6 1 3 5 8 8 6 1 7
split_gain=3.62923 3.13447 5.33551 2.70817 5.65079 5.9621 5.76648 5.25592 3.33001 5.76487 5.89581 5.26471 8.54277 7.1317
threshold=-11.299999999999997 -9.769999999999996 1384.089294433594 83.960766488144515 3.4676746540403949 4.9500000000000011 19.230000000000008 3.3412504792637057 302.95762634277349 25.450000000000006 28.050000000000004 5.6500000000000012 20.79000000000001 22.550000000000004
decision_type=2 2 2 2 2 2 2 2 2 2 2 2 2 2
left_child=-1 2 -2 8 7 -6 -7 -5 11 -10 -11 12 -3 -14
right_child=1 3 -4 4 5 6 -8 -9 9 10 -12 -13 13 -15
leaf_value=-0.024547800413734035 -0.016611777987031756 0.010139298467000152 0.050425014404536804 -0.0037497669349529075 0.031970637160429284 0.017440531495185266 -0.022166761345409833 -0.036859981643342032 0.0028739175871442778 -0.011528363310160364 -0.0014331133442723888 0.00030557755517941749 -0.01967607880719854 0.0023898215563478245
leaf_weight=4.156521580182015 1.0937884333543473 150.07520564796869 1.8237066427245734 9.4869784309994447 4.1432826630771151 4.6536201797425729 7.115552444010973 7.3258408077526829 224.82312189065851 62.72824199963361 286.66323993867263 442.86745652684476 15.178650662302969 70.351113259792328
leaf_count=595 104 1567 34 187 18 39 53 60 1983 554 1992 4707 104 493
internal_value=0.000571808 0.000671828 0.0274675 0.000589705 -0.00780048 0.00491594 -0.00636638 -0.0194362 0.000814938 -0.000865658 -0.0032733 0.00223647 0.00584933 -0.00170827
internal_weight=1292.49 1288.33 2.9175 1285.41 32.7253 15.9125 11.7692 16.8128 1252.69 574.215 349.391 678.472 235.605 85.5298
internal_count=12490 11895 138 11757 357 110 92 247 11400 4529 2546 6871 2164 597
is_linear=0
shrinkage=0.03


Tree=359
num_leaves=15
num_cat=0
split_feature=6 1 6 7 2 5 7 1 2 7 2 2 4 1
split_gain=2.84095 3.02042 2.83971 4.88444 5.42891 2.21284 3.8245 4.2938 6.06152 6.69703 7.11655 4.84866 4.12346 3.95564
threshold=4.4500000000000011 22.570000000000011 8.1500000000000021 4.5500000000000016 36.050000000000018 1321.1693115234377 20.150000000000006 16.150000000000009 26.27 33.45000000000001 27.230000000000008 31.690000000000001 74.971217771562621 6.0000000000000044
decision_type=2 2 2 2 2 2 2 2 2 2 2 2 2 2
left_child=1 -1 5 -4 -5 -2 -7 8 -8 10 -10 13 -11 -12
right_child=2 -3 3 4 -6 6 7 -9 9 12 11 -13 -14 -15
leaf_value=-0.022315464751931528 -3.4583877438942654e-05 0.014037888630449821 -0.030818066565218512 -0.022229770616053208 0.011045444024917132 0.011402145532980032 0.0060441590684513135 0.026265587644043194 -0.041547980205957208 -0.054417274594667359 -0.016801403746141239 -0.021584496865268841 -0.0017213911469911077 0.023205764202241675
leaf_weight=8.4000897997757402 1162.3826740242075 1.8941334933042515 6.1705307653173831 5.969507904257628 11.038556199520825 41.735909712035209 29.044080133084208 3.9348766282200804 2.6487085507251384 3.8189423661679021 2.0852144244126967 3.5743616353720418 1.9421028122305868 8.8798108845949155
leaf_count=123 10941 11 185 101 115 377 364 22 25 45 40 33 14 63
internal_value=4.61712e-06 -0.0149758 0.00013636 -0.0100478 -0.00121942 0.000331517 0.00464498 -0.000509216 -0.00299295 -0.014205 -0.00400807 0.00506438 -0.039535 0.0148293
internal_weight=1293.52 10.2942 1283.23 23.1786 17.0081 1260.05 97.664 55.9281 51.9932 22.9491 17.1881 14.5394 5.76105 10.965
internal_count=12459 134 12325 401 216 11924 983 606 584 220 161 136 59 103
is_linear=0
shrinkage=0.03


Tree=360
num_leaves=15
num_cat=0
split_feature=2 8 4 2 7 2 1 4 8 5 8 5 7 7
split_gain=5.00634 3.70868 3.10098 7.54228 3.05981 6.17574 5.15354 6.15311 5.50664 5.65971 4.45296 4.18147 4.40492 4.11673
threshold=40.590000000000011 32.550000000000004 56.444964479140516 42.730000000000011 13.550000000000002 38.250000000000014 13.310000000000004 72.671569416944962 33.350000000000009 1061.4548950195315 26.650000000000006 79.856250762939467 8.2500000000000018 9.2500000000000018
decision_type=2 2 2 2 2 2 2 2 2 2 2 2 2 2
left_child=4 -2 3 -3 6 -6 7 10 9 11 -1 -8 -13 -14
right_child=1 2 -4 -5 5 -7 8 -9 -10 -11 -12 12 13 -15
leaf_value=-0.0020890347711403925 0.012418088367107739 -0.044146197551627013 0.014760470408393364 0.013707031601271452 0.00050304484174597849 -0.016227458501164128 -0.022517031920065763 -0.038716120993173418 0.020621052753990985 0.026240097049567871 -0.01224945445579847 0.016967722193204065 -0.02723834808484207 -0.00075730593723540495
leaf_weight=123.96713354904205 43.096746139228344 3.3998723691329342 2.9278113842010498 3.0840847473591566 937.70817413320765 19.286195050925016 7.7690955363214007 4.1348937712609759 12.106427542865275 5.4373671486973754 55.886070436798036 9.8847918808460218 5.0850257016718379 40.596644032746553
leaf_count=938 527 43 18 31 9813 142 53 34 93 25 452 62 30 231
internal_value=-0.000248694 0.0087335 -0.00771056 -0.0184738 -0.000641523 0.00014929 -0.00348863 -0.00625277 0.00279892 -0.00058897 -0.00529647 -0.00326431 -0.000221992 -0.00422537
internal_weight=1274.37 52.5085 9.41177 6.48396 1221.86 956.994 264.867 183.988 80.8794 68.7729 179.853 63.3356 55.5665 45.6817
internal_count=12492 619 92 74 11873 9955 1918 1424 494 401 1390 376 323 261
is_linear=0
shrinkage=0.03


Tree=361
num_leaves=15
num_cat=0
split_feature=8 5 5 8 7 3 0 5 4 5 7 7 4 7
split_gain=2.65137 5.73075 6.89376 4.72886 5.83564 5.49103 4.6282 3.79851 8.03211 4.89537 3.7894 6.00015 3.70903 3.57892
threshold=17.350000000000005 10.681558132171633 615.99639892578136 18.150000000000002 4.8500000000000014 1.4586371922466117 27.169583333333339 139.12377929687503 75.121511969456449 110.33356857299806 14.150000000000004 18.550000000000004 47.468212939218752 22.350000000000005
decision_type=2 2 2 2 2 2 2 2 2 2 2 2 2 2
left_child=1 -1 6 10 5 -5 7 8 9 -3 12 -12 -2 -9
right_child=3 2 -4 4 -6 -7 -8 13 -10 -11 11 -13 -14 -15
leaf_value=0.02184478249446592 0.029822273067110661 -0.0061505180065716206 0.0042148122474764162 0.01223110608375003 0.00089596425934050129 -0.028854560803892166 0.004822862222257562 -0.032006006288442995 -0.03782788169340226 0.027147258464560765 0.049357201506421276 0.0030333323622376272 -0.0065147395306371005 -0.0064902289185489468
leaf_weight=6.2553792006801805 2.3657876905053881 17.902848421130336 38.04260160936974 3.3510287664830676 1141.4497924713651 9.9615419390611333 11.730281006544827 16.034827583469454 5.1664474310819051 4.0325133695732793 4.5089343814179283 4.890146627323702 9.2400210890918952 7.8277382729575029
leaf_count=208 38 179 366 112 9989 267 92 154 440 46 28 130 48 326
internal_value=0.000508651 -0.00399075 -0.00579399 0.000921132 0.000658026 -0.0183805 -0.0118381 -0.0156919 -0.00757627 0.000887565 0.0146984 0.0278652 0.00267054 -0.0242337
internal_weight=1282.76 106.993 100.737 1175.77 1154.76 13.3126 62.6947 50.9644 27.1018 21.9354 21.0049 9.39908 11.6058 23.8626
internal_count=12423 1811 1603 10612 10368 379 1237 1145 665 225 244 158 86 480
is_linear=0
shrinkage=0.03


Tree=362
num_leaves=15
num_cat=0
split_feature=4 4 1 8 2 5 4 8 1 4 0 5 7 1
split_gain=3.82248 5.24119 5.64444 6.5573 5.17997 5.67215 7.53571 7.0753 6.08217 5.30348 5.02573 4.99623 4.69622 8.77203
threshold=74.810888059149804 72.86412476762635 15.400000000000006 24.250000000000004 29.690000000000008 1445.3311157226565 67.270715950688938 30.350000000000005 -4.359999999999995 69.040006285024347 16.999583333333341 439.71591186523443 27.950000000000006 18.010000000000009
decision_type=2 2 2 2 2 2 2 2 2 2 2 2 2 2
left_child=1 4 3 -3 5 6 -1 8 9 -8 -10 -12 -6 -14
right_child=-2 2 -4 -5 12 -7 7 -9 10 -11 11 -13 13 -15
leaf_value=0.018323770207295583 0.002581755471444477 0.0030027384854185834 0.00096234739219917429 -0.020188471214271961 -0.00055665588598152011 -0.0062012597043750615 -0.021575665785410217 0.016866525313723291 -0.019460876015436789 0.029183106531573168 0.021096706944965373 -0.021730998413277296 -0.011935843189064375 0.013568145364151874
leaf_weight=40.494642866542563 316.38706192886457 14.652606879244557 37.775309877470136 40.062446213094518 648.02001864556223 29.5440275631845 1.711192195303737 17.05220880289562 21.466049136593941 5.9312909172149375 6.025998190045355 2.8169134706258774 74.636885837418959 13.592180062085388
leaf_count=366 4536 361 302 417 4503 446 41 198 386 205 41 18 550 95
internal_value=-0.000270681 -0.0012186 -0.00796523 -0.0140355 -0.000485712 0.00513523 0.00867029 0.00136295 -0.00585724 0.0166365 -0.0118793 0.00663219 -0.00144603 -0.00789878
internal_weight=1270.17 953.782 92.4904 54.7151 861.291 125.042 95.4983 55.0037 37.9514 7.64248 30.309 8.84291 736.249 88.2291
internal_count=12465 7929 1080 778 6849 1701 1255 889 691 246 445 59 5148 645
is_linear=0
shrinkage=0.03


Tree=363
num_leaves=15
num_cat=0
split_feature=8 2 3 0 0 5 5 6 0 8 4 4 3 2
split_gain=2.79868 6.09957 4.91121 4.96642 5.56123 4.68257 7.21283 4.45283 5.17179 8.46459 5.76502 5.33893 4.66938 5.92074
threshold=26.050000000000004 26.27 2.7783611081292183 25.674583333333334 25.481250000000006 975.23553466796886 406.66954040527349 6.9500000000000011 20.332500000000003 26.550000000000004 64.771288780721747 76.531642960144794 3.0386281080567312 37.750000000000014
decision_type=2 2 2 2 2 2 2 2 2 2 2 2 2 2
left_child=-1 5 3 4 -3 6 -2 8 10 -10 -4 -12 13 -11
right_child=1 2 7 -5 -6 -7 -8 -9 9 12 11 -13 -14 -15
leaf_value=0.001988055280367692 0.00019613968530617185 -0.0054448447980103608 0.007905347468730093 -0.020815056010909262 0.036374083709379265 0.001416407672698321 0.040222662172101721 0.0058005218446684189 -0.026582050165578335 0.0099645209806262167 -0.012154082892552908 0.0082824719740024859 -0.00072780404730605748 -0.017934265268834595
leaf_weight=516.3107207051944 7.1593971712281919 97.145337478257716 19.360560423694551 18.749216618016362 1.9588689394295205 20.759327463805676 8.3645668344106507 88.511012460570782 9.3432258702814561 71.848596330732107 90.543637292692438 12.446968697942792 314.71506759524345 6.6412143260240546
leaf_count=6032 404 1058 104 216 11 165 162 663 64 460 690 98 2307 36
internal_value=0.00028232 -0.000866181 -0.00146776 -0.00704936 -0.00426316 0.0109724 0.0228921 -0.000385651 -0.00143784 0.000208498 -0.00681224 -0.00962832 0.000910905 0.00740802
internal_weight=1283.86 767.547 731.264 117.853 99.1042 36.2833 15.524 613.41 524.899 402.548 122.351 102.991 393.205 78.4898
internal_count=12470 6438 5707 1285 1069 731 566 4422 3759 2867 892 788 2803 496
is_linear=0
shrinkage=0.03


Tree=364
num_leaves=15
num_cat=0
split_feature=7 0 0 7 8 4 3 7 8 5 8 7 5 3
split_gain=2.43619 5.58887 5.34825 5.88928 4.97375 4.55525 5.59299 4.44926 4.19341 3.62297 3.3115 4.01709 3.96474 3.30464
threshold=49.150000000000013 27.57125000000001 22.341666666666672 70.250000000000014 38.350000000000016 74.891314724107374 2.7346718229586862 47.050000000000004 38.150000000000013 1928.2723388671877 42.150000000000013 33.650000000000013 890.47586059570324 3.456499641603846
decision_type=2 2 2 2 2 2 2 2 2 2 2 2 2 2
left_child=7 2 3 4 5 6 -2 8 -1 -5 -10 12 -12 -3
right_child=1 13 -4 9 -6 -7 -8 -9 10 -11 11 -13 -14 -15
leaf_value=-0.00063878958415947997 0.040179338916574062 0.0032552471427580642 0.013936987213366073 -0.023576193973648765 -0.026049722056842438 0.024310940013344613 -0.0043422800798028202 -0.017114192484932494 0.010135109774793448 0.0092454434484651581 -0.010936446104543675 0.016358614862075523 0.014742260214235869 -0.020641985168167537
leaf_weight=1053.5939476401545 1.9151114458218241 8.9910383969545382 49.827291756868362 10.819352111429906 2.8310254297684869 11.760837509529663 18.768497189506888 12.965108710341154 60.288405735278502 3.458388644270598 25.829684474039826 8.4156757635064405 5.8587444650474927 10.645243339240549
leaf_count=9370 30 85 444 881 27 394 279 192 427 27 179 66 35 67
internal_value=0.000135996 0.00420611 0.0070996 8.47058e-05 0.00666339 0.0102114 0.00144288 -0.000282359 -7.85979e-05 -0.0155413 0.00574879 -0.000931308 -0.00588306 -0.0100724
internal_weight=1285.97 119.017 99.3805 49.5532 35.2755 32.4444 20.6836 1166.95 1153.99 14.2777 100.393 40.1041 31.6884 19.6363
internal_count=12503 2234 2082 1638 730 703 309 10269 10077 908 707 280 214 152
is_linear=0
shrinkage=0.03


Tree=365
num_leaves=15
num_cat=0
split_feature=7 0 2 0 4 0 8 7 8 7 7 3 5 0
split_gain=3.00532 3.76744 3.11049 4.13901 3.77372 3.63246 3.55383 4.85262 4.39142 3.28587 4.8282 6.40746 6.03994 3.88845
threshold=3.7500000000000004 27.82458333333334 40.590000000000011 26.000000000000007 32.550266602272636 24.842916666666671 32.550000000000004 7.2500000000000009 22.850000000000005 3.9500000000000006 9.2500000000000018 2.4527214424105277 799.36187744140636 20.176666666666673
decision_type=2 2 2 2 2 2 2 2 2 2 2 2 2 2
left_child=1 -1 9 4 -4 -6 7 8 -5 -2 11 12 -11 -14
right_child=2 -3 3 6 5 -7 -8 -9 -10 10 -12 -13 13 -15
leaf_value=-0.026074455846880798 0.027094127213791654 0.010661819624609523 0.040222263602855503 -0.019837141300804405 -0.0041830241705467326 0.029440197328520695 -0.017297240100338448 0.021993013249841622 0.012271471252753794 -0.031436945222078072 0.00063505811189010328 -0.0021128566625643269 -0.016689012600320376 0.024035863744115361
leaf_weight=7.0933786053210479 3.0733992476016274 2.9840527297928929 4.6879576984792939 7.0824075872078591 7.0796643290668708 3.6588569581508636 6.1349333757534614 9.6431292146444303 6.3696653032675385 13.895758303813638 1144.7952085195575 70.240511317737401 3.4859481463208786 2.9994359649717808
leaf_count=172 25 99 41 108 57 14 65 61 99 200 11046 389 100 31
internal_value=0.000343705 -0.0152159 0.000477659 0.00816765 0.02022 0.00880522 0.00134848 0.00681377 -0.00483635 0.000194013 0.000105233 -0.00652176 -0.0209069 0.00284072
internal_weight=1293.22 10.0774 1283.15 44.6566 15.4265 10.7385 29.2301 23.0952 13.4521 1238.49 1235.42 90.6217 20.3811 6.48538
internal_count=12507 271 12236 445 112 71 333 268 207 11791 11766 720 331 131
is_linear=0
shrinkage=0.03


Tree=366
num_leaves=15
num_cat=0
split_feature=1 7 1 0 1 4 3 3 2 7 1 0 4 4
split_gain=3.65274 3.40775 3.16937 2.87482 3.81863 3.12818 2.25758 3.37953 1.82891 3.62904 6.29762 6.2821 5.18029 4.21149
threshold=23.050000000000008 53.250000000000007 22.810000000000006 27.82458333333334 23.61000000000001 82.294151041226712 3.1960628240752507 3.0956191103231823 40.590000000000011 6.6500000000000012 4.4600000000000053 18.337083333333339 39.296409981974683 37.528638607623151
decision_type=2 2 2 2 2 2 2 2 2 2 2 2 2 2
left_child=2 6 8 5 -5 -3 7 -2 9 10 11 -1 -12 -11
right_child=1 3 -4 4 -6 -7 -8 -9 -10 13 12 -13 -14 -15
leaf_value=-0.025253747320726959 0.017038258529341446 0.022305381505471334 -0.015745860073034648 -0.030346090430856031 0.0058306242450133243 -0.00755812972064624 0.023307011424417694 -0.028652167470775383 0.0051852051261006915 -0.016359362226805098 0.0056774452929759444 0.021576707967499515 -0.024555610882286267 -0.0001873282835301649
leaf_weight=2.6516290605068198 2.6316017471253899 6.3839358389377612 11.339753869920967 4.028938662260769 4.9396515525877476 4.8304402604699135 13.806121900677679 1.4358220249414442 48.49868640024215 13.682200728682799 6.2790030837059048 8.1697664353996498 20.259398533031344 1125.3720148163848
leaf_count=82 31 39 88 26 39 30 129 20 606 225 101 71 161 10787
internal_value=-0.00033253 0.00870095 -0.000617422 0.000125456 -0.0118348 0.00987642 0.0178647 -0.00156202 -0.000464639 -0.000701765 -0.00977782 0.00893601 -0.017456 -0.000395764
internal_weight=1274.31 38.0565 1236.25 20.183 8.96859 11.2144 17.8735 4.06742 1224.91 1176.41 37.3598 10.8214 26.5384 1139.05
internal_count=12435 314 12121 134 65 69 180 51 12033 11427 415 153 262 11012
is_linear=0
shrinkage=0.03


Tree=367
num_leaves=15
num_cat=0
split_feature=3 6 5 8 4 1 5 1 8 8 7 5 3 4
split_gain=2.87293 6.09686 4.10184 6.29578 6.53152 3.94186 4.29935 4.17782 9.75112 7.76451 5.93288 6.21564 5.44557 4.04749
threshold=3.4203353837591273 5.8500000000000014 543.54306030273449 37.050000000000004 82.801683636451287 19.370000000000008 194.25510406494143 22.070000000000011 41.650000000000013 33.150000000000013 84.65000000000002 35.316312789916999 3.5668591380699763 76.069579167614918
decision_type=2 2 2 2 2 2 2 2 2 2 2 2 2 2
left_child=-1 2 5 4 -4 6 13 8 12 -9 11 -11 -7 -2
right_child=1 -3 3 -5 -6 7 -8 9 -10 10 -12 -13 -14 -15
leaf_value=0.0008827669234088033 -0.032723857542538572 0.022119520641187475 -0.021441245911413154 -0.045012506494925844 0.021555020393254996 -0.029654880864797718 0.027549076887665867 0.02020570762675792 0.029552835353369142 -0.042192060648674132 0.0071080419248715923 -0.0063918680983191109 0.0054994641681165562 0.010587055717103264
leaf_weight=1180.0264583663084 2.0270788958296162 6.3982745110988608 7.7499772747978586 4.7980690151453009 4.0422287099063396 17.787649758160121 6.1896622516214848 11.073660816997288 2.8885685801506034 5.5265476033091572 13.871278598904608 14.581259950995443 4.6706557124853125 4.5242177355103195
leaf_count=11818 14 66 47 27 23 133 36 76 13 52 75 87 24 51
internal_value=0.000456403 -0.00424823 -0.00614266 -0.0193238 -0.00616978 -0.00331404 0.0114618 -0.00611125 -0.0156012 -0.000549355 -0.00769763 -0.0177641 -0.0224211 -0.00537292
internal_weight=1286.16 106.129 99.7309 16.5903 11.7922 83.1406 12.741 70.3996 25.3469 45.0527 33.9791 20.1078 22.4583 6.5513
internal_count=12542 724 658 97 70 561 101 460 170 290 214 139 157 65
is_linear=0
shrinkage=0.03


Tree=368
num_leaves=15
num_cat=0
split_feature=6 8 1 3 1 1 6 4 8 8 6 5 6 1
split_gain=1.9751 6.70572 8.01441 7.54983 8.15581 6.55852 5.58705 5.09485 4.61991 7.98192 4.30656 4.28837 4.78887 4.43329
threshold=7.1500000000000012 41.650000000000013 14.300000000000006 2.651404005585706 2.8900000000000023 4.700000000000002 8.0500000000000025 47.468212939218752 36.95000000000001 32.550000000000004 8.1500000000000021 20.950786590576175 7.2500000000000009 1.7600000000000009
decision_type=2 2 2 2 2 2 2 2 2 2 2 2 2 2
left_child=-1 3 -3 4 6 7 -2 -5 9 -6 -8 -9 -13 -14
right_child=1 2 -4 5 8 -7 10 11 -10 -11 -12 12 13 -15
leaf_value=-0.001133206825824203 -0.026681630413405624 -0.033510048756063296 0.013347195407697085 0.032923986681329849 0.0022855018764280175 0.01449235699987724 0.029205050526115595 0.014303829319402078 0.032042330743403541 -0.028892358594936555 -0.021003788382100964 0.013463895302613871 -0.022532974157469556 -0.00036157669716286
leaf_weight=1014.0439725704491 16.248401850345548 8.8243759642355126 4.2669735588133326 2.9995739609003058 100.70916520245373 66.830947384238243 2.7000131004024288 10.09664245136082 3.2136083692312232 6.9692696556448928 1.7185139760840682 7.5550948968157163 15.922640491742643 15.662000587210057
leaf_count=9828 500 65 42 16 967 445 54 55 21 71 70 73 201 78
internal_value=-0.000531708 0.00177672 -0.0183741 0.00289813 -0.00205219 0.00833935 -0.0188885 0.0003428 0.00122635 2.02937e-05 0.00940477 -0.00225798 -0.00678024 -0.0118873
internal_weight=1277.76 263.717 13.0913 250.626 131.559 119.067 20.6669 52.236 110.892 107.678 4.41853 49.2364 39.1397 31.5846
internal_count=12486 2658 107 2551 1683 868 624 423 1059 1038 124 407 352 279
is_linear=0
shrinkage=0.03


Tree=369
num_leaves=15
num_cat=0
split_feature=1 8 1 1 8 0 0 2 8 0 5 2 0 4
split_gain=2.91594 2.96112 2.4908 4.88578 3.80893 5.73123 3.83857 5.14962 2.97856 3.39685 3.04202 2.47663 3.7993 5.28791
threshold=23.61000000000001 38.550000000000004 -7.0499999999999945 -13.749999999999998 26.050000000000004 7.9945833333333365 13.40791666666667 27.590000000000007 25.150000000000006 9.2775000000000052 148.96746063232425 41.190000000000019 26.59 53.791580552066456
decision_type=2 2 2 2 2 2 2 2 2 2 2 2 2 2
left_child=2 -2 3 -1 5 -5 7 -6 9 -7 -11 -4 -13 -14
right_child=1 -3 11 4 6 8 -8 -9 -10 10 -12 12 13 -15
leaf_value=-0.022220496412534142 0.024214054262189439 -0.0065934944565085706 -0.00051460179698360894 -0.002472172069955939 0.033218593345656862 0.050769525527001286 0.027834380184088417 -0.026691048087841465 0.069690265420029748 0.022989435092299098 -0.020277381009503229 0.017408295311164224 0.0056580969675234325 -0.031063801107459731
leaf_weight=2.7355255421716747 7.6579880677163583 3.6261752620339394 1217.9828714610776 4.0379592189565319 0.76398537249769916 1.376084135379642 1.8232423495501278 4.5756223257631063 1.6311720707453785 2.2532167173922066 1.6820880845189092 16.749470610171556 17.498837287537757 3.3633962571620932
leaf_count=452 84 25 10711 345 73 61 15 170 22 17 49 145 346 22
internal_value=3.66779e-05 0.0145832 -0.00010323 0.00993217 0.0156874 0.026038 -0.00142584 -0.0142315 0.0408437 0.0223464 0.00413427 -0.000277877 0.0072028 -0.00141227
internal_weight=1287.76 11.2842 1276.47 20.8789 18.1434 10.9805 7.16285 5.33961 6.94256 5.31139 3.9353 1255.59 37.6117 20.8622
internal_count=12537 109 12428 1204 752 494 258 243 149 127 66 11224 513 368
is_linear=0
shrinkage=0.03


Tree=370
num_leaves=15
num_cat=0
split_feature=2 8 1 1 1 6 6 1 1 5 6 3 1 3
split_gain=3.08295 3.32793 3.09613 2.53842 3.5166 7.16644 6.55144 3.45765 4.84169 4.56657 9.5978 6.32962 5.91254 5.31971
threshold=41.190000000000019 35.250000000000007 15.400000000000006 21.050000000000008 22.070000000000011 4.5500000000000016 5.2500000000000009 17.29000000000001 17.170000000000009 185.82258605957034 5.7500000000000009 3.1443001572154659 18.910000000000011 3.4482470475440548
decision_type=2 2 2 2 2 2 2 2 2 2 2 2 2 2
left_child=3 2 -2 7 6 -6 -5 8 -1 13 11 -11 -13 -9
right_child=1 -3 -4 4 5 -7 -8 9 -10 10 -12 12 -14 -15
leaf_value=7.9955821809945415e-05 0.016322066475673153 -0.013062217965736358 -0.0075160414091939515 -0.021647089863406865 0.030054815484154583 -0.0025153398999456758 0.00014398200121071032 0.013705974254198382 -0.025146329344705634 -0.022354385038477576 0.010255475850762932 -0.015205054448196567 0.0084642493064950395 -0.013083165897046051
leaf_weight=942.24632806668524 26.836104532703757 4.5970386164262882 5.3348854519426814 22.395971581339836 5.5822311304509631 78.691401045769453 26.433164358139038 57.766543515026569 5.8976045772433272 17.299479950219393 48.477999657392502 14.630479767918585 23.218439947813749 6.7282705865800372
leaf_count=9715 375 42 76 147 31 645 235 569 49 102 297 89 120 63
internal_value=0.000388831 0.00883339 0.0122616 0.000133448 -0.00376672 -3.07624e-05 -0.0100846 0.000601457 -0.000103284 0.00455305 0.000627714 -0.00786745 -0.000840986 0.0107542
internal_weight=1286.14 36.768 32.171 1249.37 133.103 84.2736 48.8291 1116.27 948.144 168.121 103.626 55.1484 37.8489 64.4948
internal_count=12555 493 451 12062 1058 676 382 11004 9764 1240 608 311 209 632
is_linear=0
shrinkage=0.03


Tree=371
num_leaves=15
num_cat=0
split_feature=0 1 2 2 7 5 7 1 7 7 3 8 0 2
split_gain=5.32232 6.23957 6.22415 4.89877 3.14953 2.74007 2.59495 5.36774 6.09622 5.48054 4.72385 3.95404 2.87545 4.14784
threshold=12.863333333333339 -5.9199999999999937 30.740000000000009 31.690000000000001 24.550000000000004 127.34505844116212 5.1500000000000012 6.5100000000000025 3.350000000000001 3.7500000000000004 0.68657742276788303 11.350000000000003 20.970416666666669 33.270000000000017
decision_type=2 2 2 2 2 2 2 2 2 2 2 2 2 2
left_child=2 5 -1 4 -4 -2 7 9 -9 -3 -10 12 13 -8
right_child=1 6 3 -5 -6 -7 11 8 10 -11 -12 -13 -14 -15
leaf_value=-0.010654961443921199 0.037937021925047283 -0.020789761438804448 0.054753398389284738 -0.0043453475710204708 -0.002140998521892552 0.0060479841915742861 0.01957733500191268 0.017460950335091853 0.024249132713780534 0.015398450664805639 -0.027302830539949086 0.00086113716358894522 0.031950701481003638 -0.02154523479264835
leaf_weight=62.23851900047157 4.7775327041745168 4.2483007060363915 2.1657041190192099 4.5753410689067096 1.1097673699259756 4.958860831335187 4.5959050990641099 3.2332080071792033 0.99361983500421303 12.632514479570089 16.908259588293731 1151.8450987292454 5.3355724383145571 2.6654539108276367
leaf_count=3723 24 96 52 182 34 52 31 83 18 129 314 7621 106 22
internal_value=0.000534482 0.00100158 -0.00744436 0.0163363 0.0394848 0.0237716 0.000797606 -0.00681461 -0.0165659 0.00563781 -0.02331 0.00105176 0.0171366 0.00370155
internal_weight=1282.28 1212.19 70.0893 7.85081 3.27547 9.73639 1202.46 38.0159 21.1351 16.8808 17.9019 1164.44 12.5969 7.26136
internal_count=12487 8496 3991 268 86 76 8420 640 415 225 332 7780 159 53
is_linear=0
shrinkage=0.03


Tree=372
num_leaves=15
num_cat=0
split_feature=2 2 4 5 5 5 0 3 4 2 4 0 5 4
split_gain=2.10688 4.18928 5.89858 3.51341 3.26481 2.88874 4.9336 2.63031 2.52091 2.20401 2.8041 3.51264 2.25416 2.12063
threshold=40.590000000000011 39.950000000000024 52.046784660216893 581.31961059570324 451.38880920410162 358.09075927734381 23.704583333333339 2.4304298270134148 56.086645658947411 44.550000000000011 55.350428098215367 26.429166666666671 41.271705627441413 60.774892967453155
decision_type=2 2 2 2 2 2 2 2 2 2 2 2 2 2
left_child=1 -1 -3 4 5 9 -7 -6 -4 10 -2 -12 -11 -10
right_child=3 2 8 -5 7 6 -8 -9 13 12 11 -13 -14 -15
leaf_value=-0.00030835452958272045 0.016531603434702592 -0.035388600381677189 0.016931160256069423 -0.023477941593217623 -0.0028564985555324606 0.025694980396264659 -0.027037798792573713 0.041623208235060473 -0.025623867528894614 0.014218134414098789 0.017929725612771778 -0.01538210644544423 -0.020977843867609057 0.0028530054043908173
leaf_weight=1209.8326009269804 22.146862336434424 6.4194688731804517 3.6500246524810782 2.5318636121228328 1.5126690277829755 1.338193755596875 4.625578997656703 3.13289600238204 3.2846783548593503 1.7170872911810864 3.7382339909672719 6.1729744151234627 3.4959109639748931 4.8299127593636513
leaf_count=11773 205 88 15 77 50 9 107 18 22 8 18 40 72 39
internal_value=-0.000280487 -0.000529169 -0.0144386 0.00566975 0.00765983 0.00473763 -0.0132146 0.0291994 -0.00113023 0.00788042 0.0108075 -0.00232607 -0.00896228 -0.0102207
internal_weight=1278.43 1228.02 18.1841 50.4123 47.8804 43.2348 5.96377 4.64557 11.7646 37.2711 32.0581 9.91121 5.213 8.11459
internal_count=12541 11937 164 604 527 459 116 68 76 343 263 58 80 61
is_linear=0
shrinkage=0.03


Tree=373
num_leaves=15
num_cat=0
split_feature=2 3 8 2 7 8 4 0 1 0 3 8 4 7
split_gain=3.20435 3.73699 5.42517 4.86478 4.98579 4.26146 3.88108 4.31782 3.87933 5.73362 5.91646 5.5757 8.3157 7.70166
threshold=41.190000000000019 2.651404005585706 26.650000000000006 29.610000000000003 11.850000000000003 24.950000000000006 47.468212939218752 25.552083333333336 0.080000000000005414 14.487916666666672 2.7931755134831238 23.750000000000004 77.587975607541139 28.350000000000005
decision_type=2 2 2 2 2 2 2 2 2 2 2 2 2 2
left_child=1 2 5 -4 6 -1 -5 -8 11 10 -10 -3 13 -13
right_child=-2 8 3 4 -6 -7 7 -9 9 -11 -12 12 -14 -15
leaf_value=-0.004287261298706979 0.0078346997147569954 0.011420391820389364 0.016386730733928261 -0.019550362233688109 -0.023852417960623769 0.012433386338376758 0.018087996405042543 -0.022855483316184602 0.021095498077381952 -0.00051023855721007148 -0.014253903768045504 0.0038841597507472325 0.055608535293501078 -0.017359839306901124
leaf_weight=71.382576710893773 37.304819156415761 56.768877222202718 3.6967668272554866 6.6304970043711391 28.119648242136464 15.932875118684022 8.1205128668807429 2.174421213567256 3.8239338456187388 931.8245527530089 44.025793280103244 46.828991351649165 1.2506451352965076 21.665839714696631
leaf_count=860 510 1608 81 159 291 153 67 16 69 6150 1274 524 143 614
internal_value=-0.000712855 -0.000975635 -0.00564844 -0.0135574 -0.0163174 -0.00112993 -0.00316646 0.00818233 -0.000396314 -0.00103601 -0.0110549 0.00452654 -0.00116679 -0.00298871
internal_weight=1279.55 1242.25 136.057 48.7418 45.0451 87.3155 16.9254 10.2949 1106.19 979.674 47.8497 126.514 69.7455 68.4948
internal_count=12519 12009 1627 614 533 1013 242 83 10382 7493 1343 2889 1281 1138
is_linear=0
shrinkage=0.03


Tree=374
num_leaves=15
num_cat=0
split_feature=3 3 2 3 2 3 5 1 1 7 4 6 7 2
split_gain=3.09429 8.69217 8.06491 6.53364 5.72989 5.4994 7.26617 5.00326 4.68397 4.52827 4.42516 3.42863 3.22749 3.19182
threshold=3.4203353837591273 3.4676746540403949 31.090000000000003 3.5027096762772816 32.310000000000009 3.2689124556537208 46.758338928222663 21.830000000000009 17.170000000000009 110.65000000000002 81.196429919217067 5.4500000000000011 18.150000000000002 36.910000000000018
decision_type=2 2 2 2 2 2 2 2 2 2 2 2 2 2
left_child=5 2 8 4 -3 13 7 -7 -2 10 11 -4 -8 -1
right_child=1 3 9 -5 -6 6 12 -9 -10 -11 -12 -13 -14 -15
leaf_value=0.00047361674825728458 -0.012658420693517559 0.02782096510948916 -0.012693915853888151 -0.0048944409499403043 -0.0040277712205894116 0.0067321941598753841 -0.0069150552933468726 -0.018573599629744246 -0.061654730395719413 0.017079158822192408 -0.033916590382800184 0.018050896667161642 0.013910278919129651 -0.0037310887844815709
leaf_weight=877.37893252680078 3.6700504869222632 11.58947004703805 10.93913090974093 49.415016317041591 8.1497806236147863 13.030401161639022 6.8407005406916133 13.336984273046253 4.0778123550117016 4.2218504250049582 6.0271571651101103 3.5314172133803359 65.986082903575152 198.36953362403437
leaf_count=9186 34 84 70 323 61 168 53 137 31 20 47 26 489 1757
internal_value=-0.000114719 -0.00511054 -0.0176619 0.000949973 0.0151113 0.000321352 0.00704375 -0.00627879 -0.042546 -0.00851144 -0.0143315 -0.0045091 0.011887 -0.000304482
internal_weight=1276.56 101.622 32.4674 69.1543 19.7393 1174.94 99.1942 26.3674 7.74786 24.7196 20.4977 14.4705 72.8268 1075.75
internal_count=12486 696 228 468 145 11790 847 305 65 163 143 96 542 10943
is_linear=0
shrinkage=0.03


Tree=375
num_leaves=15
num_cat=0
split_feature=0 6 8 3 7 8 1 7 1 3 5 0 3 1
split_gain=2.81549 3.25082 6.82333 5.72319 4.10644 3.77036 3.55175 8.775 5.16206 6.08931 5.09294 4.38203 6.99525 6.48433
threshold=30.190416666666678 6.5500000000000016 46.750000000000007 3.0065986634725728 45.350000000000016 30.750000000000004 3.4400000000000053 20.550000000000004 9.5800000000000072 3.1233713657016984 1418.458190917969 25.087083333333343 2.738487230770811 17.29000000000001
decision_type=2 2 2 2 2 2 2 2 2 2 2 2 2 2
left_child=1 5 3 -3 -5 6 7 -1 9 10 -8 12 -10 -13
right_child=-2 2 -4 4 -6 -7 8 -9 11 -11 -12 13 -14 -15
leaf_value=0.011286550066294459 -0.022536670301565191 0.0014639342583020224 -0.029070621543448121 0.0088216498430890872 0.037128571752393175 0.0017529348721950333 -0.01740800354671725 -0.0042045726368969815 -0.036330366882051483 0.001589689864308695 0.0055148101175443946 -0.011352103424829113 0.005060024099796198 0.00044210337485506263
leaf_weight=52.17304165312089 3.8636816060170522 381.13544885430019 5.1251960045192382 55.077068708837032 4.2163051068782798 322.17724706046283 62.459261113312095 85.441337942844257 2.8340181335806838 30.548608586657792 9.6338800117373449 71.894608849659562 91.732627823017538 98.671086486428976
leaf_count=317 91 3832 51 483 73 2388 417 2807 18 252 47 403 648 658
internal_value=0.000245626 0.0003324 0.00239551 0.0028267 0.0114169 -0.00077991 -0.00239483 0.00170755 -0.00393034 -0.00960909 -0.0143113 -0.00170406 0.00345244 -0.00456643
internal_weight=1276.98 1273.12 445.554 440.429 59.2934 827.566 505.388 137.614 367.774 102.642 72.0931 265.132 94.5666 170.566
internal_count=12485 12394 4439 4388 556 7955 5567 3124 2443 716 464 1727 666 1061
is_linear=0
shrinkage=0.03


Tree=376
num_leaves=15
num_cat=0
split_feature=3 6 2 2 3 3 8 8 4 2 2 2 8 0
split_gain=2.39249 4.69653 7.12483 5.10515 5.73594 5.29373 4.31636 4.08381 5.8031 4.01431 4.25085 7.92859 4.30039 3.69303
threshold=3.4203353837591273 5.8500000000000014 35.830000000000013 31.140000000000004 3.4676746540403949 3.5147017682896773 33.45000000000001 33.250000000000007 85.195769528100882 32.030000000000008 33.470000000000013 32.810000000000009 33.150000000000013 27.169583333333339
decision_type=2 2 2 2 2 2 2 2 2 2 2 2 2 2
left_child=-1 2 3 4 6 -6 -2 -7 -9 -5 11 -11 -13 -12
right_child=1 -3 -4 9 5 7 -8 8 -10 10 13 12 -14 -15
leaf_value=0.00057994991635769661 -0.0041609832860244507 0.019061614997113372 -0.044032305141271086 0.012124976741178897 0.014128807762403054 0.0098096702211383432 -0.046918839305666524 -0.052982063997928326 -0.0017436997611671519 0.0014958475403995157 -0.0088171354807779264 -0.0043870919305241396 -0.042225752838949554 0.015528447063798139
leaf_weight=1178.3929735607235 3.4116649413481372 6.3764742985367766 3.2114957794547072 17.896315604448318 7.2859069705009487 2.9477833979763073 5.7340752109885216 3.2559083513915539 3.8678761050105095 17.972923006862406 8.4908214844763297 4.3966856449842435 7.2572011686861515 13.054932214319704
leaf_count=11795 31 65 18 103 62 20 40 23 22 108 50 30 48 93
internal_value=0.000191809 -0.00412207 -0.00579461 -0.00406707 -0.0149979 -0.00425867 -0.032951 -0.0176351 -0.0288012 0.00028151 -0.00401346 -0.0112307 -0.0294251 0.00596873
internal_weight=1283.55 105.16 98.7836 95.5721 26.5032 17.3575 9.14574 10.0716 7.12378 69.0689 51.1726 29.6268 11.6539 21.5458
internal_count=12508 713 648 630 198 127 71 65 45 432 329 186 78 143
is_linear=0
shrinkage=0.03


Tree=377
num_leaves=15
num_cat=0
split_feature=4 3 3 6 3 6 5 3 8 0 3 5 4 1
split_gain=1.85817 5.96523 6.76982 4.9426 3.95102 6.87292 6.56475 4.46498 4.2665 5.89001 6.69975 6.57246 5.17764 4.24952
threshold=82.641135806248585 3.4676746540403949 3.4203353837591273 4.9500000000000011 3.4203353837591273 5.0500000000000016 820.70245361328136 3.2404493979600191 33.45000000000001 26.192500000000006 3.2898875944799904 51.939153671264656 74.810888059149804 1.7600000000000009
decision_type=2 2 2 2 2 2 2 2 2 2 2 2 2 2
left_child=4 2 -2 -3 7 -6 -7 -1 9 13 -11 -12 -10 -9
right_child=1 3 -4 -5 5 6 -8 8 12 10 11 -13 -14 -15
leaf_value=-0.00042402602401026842 0.0051371412629489356 0.031847515654860145 -0.024915481005759001 0.0049536519326081434 -0.018783178260198645 0.0040823154930261542 -0.032233449677109206 -0.017873782778265252 -0.0049998710799560005 0.0093606534218397004 -0.039110579025209563 -0.0046277502392583136 0.018166136997970147 0.011680584470431851
leaf_weight=1030.057707467 22.891092685633343 9.4800836145877856 8.4257032666355354 15.993122531101106 26.610995621187612 41.060300659621134 4.0140121532604089 4.0398692114977157 10.923409953713415 11.497837483882906 7.4247748181223896 12.919715516269205 35.338145174086094 37.675619640154764
leaf_count=10240 455 40 59 126 154 310 23 56 94 84 78 90 312 302
internal_value=3.5447e-05 0.00529207 -0.00346922 0.0157874 -0.00021306 -0.00699643 0.000218875 0.000215539 0.00567172 0.00113664 -0.00843201 -0.0184551 0.0127061 0.00846701
internal_weight=1278.35 56.79 31.3168 25.4732 1221.56 71.6853 45.0743 1149.88 119.819 73.5578 31.8423 20.3445 46.2616 41.7155
internal_count=12423 680 514 166 11743 487 333 11256 1016 610 252 168 406 358
is_linear=0
shrinkage=0.03


Tree=378
num_leaves=15
num_cat=0
split_feature=7 7 8 4 1 2 4 5 4 8 7 6 8 1
split_gain=3.14445 7.12799 3.86406 4.08578 4.59181 4.13134 3.80079 3.9849 4.50458 3.63807 4.62615 3.85333 3.53006 5.01593
threshold=22.750000000000004 24.150000000000006 19.250000000000004 64.957671677537761 1.0000000180025095e-35 32.030000000000008 77.067843886915057 3.2880442142486577 61.851828284913751 22.250000000000004 16.150000000000002 5.8500000000000014 36.95000000000001 5.4200000000000044
decision_type=2 2 2 2 2 2 2 2 2 2 2 2 2 2
left_child=6 2 -2 5 -5 -4 7 8 -1 -8 -11 -12 13 -3
right_child=1 12 3 4 -6 -7 9 -9 -10 10 11 -13 -14 -15
leaf_value=0.0081275261376891773 -0.021354246606423617 -0.0027676775495320154 0.020366340943119496 -0.014362811110991773 0.022128606953086969 -0.017890609204150518 0.0070902602724057916 -0.00094601926775869194 -0.033566217943615771 -0.039758134855084656 -0.016168021155617902 0.010596344684393667 -0.0048733098239693981 0.0040575492552119815
leaf_weight=3.0200305432081205 2.0181217214558265 155.53289594885428 3.1376302540302259 2.7443557539954773 32.300748449750245 5.6331561570987105 7.233611515723168 681.24669555923901 5.9207727760076523 4.954402124509218 17.622006714344028 5.7608649046160272 97.032800659071654 253.72876077983528
leaf_count=15 44 3799 30 73 239 36 68 5098 50 54 124 84 779 1986
internal_value=-0.00042692 0.00127794 0.0124753 0.0144752 0.0189518 -0.00352099 -0.00172388 -0.00122261 -0.020082 -0.0111509 -0.0158902 -0.00940991 0.00024167 0.00146331
internal_weight=1277.89 552.128 45.834 43.8159 35.0451 8.77079 725.758 690.187 8.9408 35.5709 28.3373 23.3829 506.294 409.262
internal_count=12479 6986 422 378 312 66 5493 5163 65 330 262 208 6564 5785
is_linear=0
shrinkage=0.03


Tree=379
num_leaves=15
num_cat=0
split_feature=4 2 3 4 0 4 3 3 4 3 2 4 2 7
split_gain=3.88438 3.11133 4.09039 4.7583 7.30642 11.1682 7.64544 9.38628 6.69352 6.08163 4.66678 6.89133 6.51921 7.86248
threshold=26.181921265494363 33.210000000000015 0.68657742276788303 63.796234197605152 21.57125000000001 71.804658103354271 2.766784514480896 2.9430293045160512 62.942957607472671 3.1635072395917927 35.150000000000013 72.349571147684969 37.090000000000011 13.550000000000002
decision_type=2 2 2 2 2 2 2 2 2 2 2 2 2 2
left_child=-1 -2 -3 8 5 6 -5 -8 -4 10 11 -6 -12 -14
right_child=1 2 3 4 9 -7 7 -9 -10 -11 12 -13 13 -15
leaf_value=-0.025534063494195468 0.0011405726859977929 0.028013594558232126 -0.0036665966557432391 0.025271189654464177 -0.0082367420357980451 -0.042994018652228912 -0.043809448330080498 -0.0022201098554239245 -0.023447984316759946 -0.0022331189308369358 0.017828033969133714 0.012723597866952454 0.014468634921560915 -0.018681572342473557
leaf_weight=4.4831394313368937 686.1981580654392 3.1076047178357831 267.813817121787 5.9253679960966101 32.910721018910408 6.8059464357793322 4.8908285349607459 29.301365531980991 15.397001330740748 120.13791970722377 51.391594834625721 23.187590518966317 12.798235282301905 11.076759930700062
leaf_count=242 7995 34 1960 29 212 41 26 136 91 970 330 218 94 98
internal_value=-0.000337817 -0.000228934 -0.00183525 -0.00204254 0.000601313 -0.01014 -0.0036562 -0.00924484 -0.00482075 0.00263756 0.00707519 0.000498076 0.0119065 -0.00104407
internal_weight=1275.43 1270.94 584.745 581.637 298.426 46.9235 40.1176 34.1922 283.211 251.503 131.365 56.0983 75.2666 23.875
internal_count=12476 12234 4239 4205 2154 232 191 162 2051 1922 952 430 522 192
is_linear=0
shrinkage=0.03


Tree=380
num_leaves=15
num_cat=0
split_feature=0 0 2 7 2 3 7 7 8 5 7 8 3 7
split_gain=2.81914 3.37083 4.62902 8.30029 6.05914 8.83473 5.98228 8.43148 9.24114 5.70162 5.28939 5.04503 5.21202 4.68581
threshold=25.602500000000003 26.745416666666674 35.150000000000013 18.550000000000004 36.550000000000011 2.938214410670517 24.150000000000006 33.250000000000007 25.050000000000004 347.04927062988287 21.150000000000006 30.050000000000004 3.0795502394969922 10.550000000000002
decision_type=2 2 2 2 2 2 2 2 2 2 2 2 2 2
left_child=-1 2 3 13 5 -4 9 8 -8 -5 -7 12 -6 -2
right_child=1 -3 4 6 11 10 7 -9 -10 -11 -12 -13 -14 -15
leaf_value=0.00095224316942619407 0.004778066377010475 -0.00012134314816603442 -0.024431948654896909 0.024168463877907092 0.0070712010696438584 0.027317796409917744 0.020369665762739009 0.00020410861901389046 -0.040329976102579532 -0.018446800518872947 -0.0028788858945962841 -0.021871272751978948 -0.027429611586266629 -0.032940243867795212
leaf_weight=876.18304322555196 3.2683099657297161 265.68859825981781 4.525644205510619 9.279093384742735 19.826872060075406 15.597061067819597 2.1524165496230117 24.267881222069263 10.493321493268011 3.0634015649557105 7.3582999110221854 13.519656005315481 3.8609571307897559 17.024324506521225
leaf_count=9264 15 2256 27 60 144 79 11 192 85 24 47 101 26 124
internal_value=-2.9603e-07 -0.00208435 -0.00594 -0.0112548 -0.00014152 0.0103343 -0.00439113 -0.0103961 -0.0292627 0.0130016 0.0179222 -0.00794678 0.000564522 -0.0269263
internal_weight=1276.11 399.926 134.237 69.5487 64.6885 27.481 49.2561 36.9136 12.6457 12.3425 22.9554 37.2075 23.6878 20.2926
internal_count=12455 3191 935 511 424 153 372 288 96 84 126 271 170 139
is_linear=0
shrinkage=0.03


Tree=381
num_leaves=15
num_cat=0
split_feature=0 1 7 4 6 0 0 5 6 7 4 1 0 5
split_gain=3.41041 4.38178 5.51549 4.58866 5.89506 4.31446 3.69134 5.8708 10.848 8.27973 7.35481 7.20205 6.90541 5.96716
threshold=19.209166666666672 0.88000000000000267 9.7500000000000018 51.52323026148288 7.8500000000000014 18.46958333333334 25.602500000000003 561.35559082031261 5.8500000000000014 22.350000000000005 71.483629435779378 10.040000000000006 20.176666666666673 205.34626770019534
decision_type=2 2 2 2 2 2 2 2 2 2 2 2 2 2
left_child=1 2 5 4 -3 -1 7 9 -9 10 -2 12 -12 -13
right_child=6 3 -4 -5 -6 -7 -8 8 -10 -11 11 13 -14 -15
leaf_value=-0.026640342977960162 0.0052677068412662073 0.020714954075914276 0.0023258752569491818 -0.0062958755799197965 -0.019388861899193893 0.018012497336242213 -0.0016292870143949161 -0.0082500288324880901 0.0051642706108934108 0.013941574941864942 0.00083216688342928433 0.011088603634661643 -0.046547910405455722 -0.018087666853262505
leaf_weight=9.2056466715875995 119.30901998095214 11.309242790564893 160.35923925018869 243.89778510364704 3.6249194256961337 1.6632688529789437 406.22367800679058 102.44976833090186 113.13721446879208 72.868556359782815 4.307901702821253 14.585263408720495 6.5769132766872644 9.6012826152145845
leaf_count=208 746 56 3843 2119 39 14 3221 539 738 749 21 141 54 58
internal_value=-0.000668893 -0.00284216 0.000879018 -0.00529778 0.0103748 -0.0188652 0.000433944 0.002326 -0.00121904 0.00567972 0.00171545 -0.01018 -0.029304 -0.000751737
internal_weight=1279.12 430.06 171.228 258.832 14.9342 10.8689 849.06 442.836 215.587 227.249 154.38 35.0714 10.8848 24.1865
internal_count=12546 6279 4065 2214 95 222 6267 3046 1277 1769 1020 274 75 199
is_linear=0
shrinkage=0.03


Tree=382
num_leaves=15
num_cat=0
split_feature=8 2 4 1 7 5 5 2 2 8 5 4 4 1
split_gain=2.02544 4.24695 3.35356 1.97147 2.70327 4.24586 5.63766 4.41582 2.94289 7.30592 3.67145 4.55972 4.37332 2.87071
threshold=9.4500000000000011 34.430000000000014 75.121511969456449 23.61000000000001 72.350000000000009 6.060965061187745 41.271705627441413 29.150000000000009 26.000000000000007 16.750000000000004 326.25976562500006 55.350428098215367 68.607523589799101 2.4400000000000053
decision_type=2 2 2 2 2 2 2 2 2 2 2 2 2 2
left_child=1 2 -1 4 8 -6 -7 -8 9 -2 12 -12 -11 -14
right_child=3 -3 -4 -5 5 6 7 -9 -10 10 11 -13 13 -15
leaf_value=0.031044968052787388 -0.026020384984680539 -0.015379641291918144 -0.013255297899334434 0.011966966522983987 0.012270909612366434 -0.029500635422014365 -0.015817140916252029 0.010320025945982072 -0.00013300748118316992 0.031814029968934836 -0.023593358429443493 0.017532324770727966 -0.025024951129207142 0.0014450561869550251
leaf_weight=6.6651132267434132 4.6555642932653418 2.8301532287150621 1.321230743662454 11.414078809320925 6.9313235660083583 10.335280182887802 10.901519472361544 10.433342501521109 1151.4164066838566 1.9892135411500955 1.7486511594615866 35.62200142769143 4.615049136336892 10.449632905423639
leaf_count=165 378 23 196 109 125 223 552 56 9123 10 114 632 605 191
internal_value=0.000186607 0.0125493 0.0230566 7.06587e-05 -4.7534e-05 -0.00776055 -0.012386 -0.00314556 0.000204629 0.00667753 0.00989357 0.0150432 -0.00159921 -0.00771699
internal_weight=1271.33 10.8165 7.98634 1260.51 1249.1 38.6015 31.6701 21.3349 1210.5 59.0801 54.4245 37.3707 17.0539 15.0647
internal_count=12502 384 361 12118 12009 956 831 608 11053 1930 1552 746 806 796
is_linear=0
shrinkage=0.03


Tree=383
num_leaves=15
num_cat=0
split_feature=5 1 6 0 3 6 6 3 0 0 8 1 6 0
split_gain=4.01811 5.54205 6.99052 6.23673 4.94097 5.61813 4.93285 4.78541 4.42279 5.29117 3.80057 4.87271 8.76101 3.83194
threshold=561.35559082031261 1.1000000000000043 5.2500000000000009 12.757916666666672 3.0065986634725728 6.9500000000000011 6.8500000000000014 3.0386281080567312 10.87708333333334 11.743750000000004 38.150000000000013 15.020000000000005 5.9500000000000011 15.332083333333335
decision_type=2 2 2 2 2 2 2 2 2 2 2 2 2 2
left_child=4 3 -3 8 -1 6 -6 -7 -2 -10 13 -12 -13 -4
right_child=1 2 10 -5 5 7 -8 -9 9 -11 11 12 -14 -15
leaf_value=-0.0015538525264065994 -0.010921637312414559 -0.013139717368715184 0.012521741751202162 -0.023444459613536611 0.0023548832136865046 0.034088953706088984 -0.024307696819204059 0.0076618938268070112 0.035668571118518642 -0.0068115351896310414 0.017397689947640391 -0.03849532566987543 0.020413173718704585 -0.0019645504820262135
leaf_weight=423.57794951985124 16.719990703742955 39.134583421517164 16.681851557455957 22.485809605568647 456.50946275878232 7.6568545885384074 5.3372231703251591 24.612899160012603 4.0760538890026492 4.9445847934111953 21.416996177285913 3.5699660181999198 3.6209325790405273 232.75546886026859
leaf_count=5278 763 213 109 285 3726 66 59 222 69 104 124 24 32 1478
internal_value=-0.000237825 -0.0028939 -0.00143555 -0.0122613 0.000821767 0.00285728 0.00199491 0.0147686 -0.00198079 0.0140274 0.000252979 0.0104165 -0.0099616 -0.000949606
internal_weight=1283.1 365.406 317.18 48.2264 917.694 494.116 461.847 32.2698 25.7406 9.02064 278.045 28.6079 7.1909 249.437
internal_count=12552 3201 1980 1221 9351 4073 3785 288 936 173 1767 180 56 1587
is_linear=0
shrinkage=0.03


Tree=384
num_leaves=15
num_cat=0
split_feature=2 4 5 4 2 5 2 3 1 7 1 4 2 8
split_gain=2.51393 3.31037 2.84784 2.18585 2.10223 3.41606 3.58528 8.42896 5.19736 6.14195 4.62789 5.85239 9.23212 6.05392
threshold=41.190000000000019 32.550266602272636 488.22297668457037 33.507572743979914 33.310000000000009 1558.0935668945315 36.450000000000017 2.2700262822365413 11.200000000000003 9.7500000000000018 10.520000000000005 47.468212939218752 36.910000000000018 19.650000000000006
decision_type=2 2 2 2 2 2 2 2 2 2 2 2 2 2
left_child=1 -1 -2 -3 -5 6 7 -6 -9 -10 11 12 -8 -14
right_child=2 3 -4 4 5 -7 10 8 9 -11 -12 -13 13 -15
leaf_value=-0.019386370501059912 0.011181803758636776 0.024338338415872744 -0.012981861333663438 0.0011794224380240863 -0.036130141358110324 0.021483930058855998 0.031982839586945679 -0.0076769657735124928 0.023063899295176826 -0.001016212953366096 -0.0023072629754146831 0.012416908564066435 0.013200049264064581 -0.021162590150266655
leaf_weight=6.8459605278912923 31.264723644591868 2.3566300282254806 4.2254480104893437 697.44023192301393 5.9632267344277343 4.8516443492844692 4.1522650755941894 120.50981172407046 9.011596776545046 198.4519984126091 111.81892201118171 56.134387432597578 5.4759803880006102 16.689911316148937
leaf_count=192 380 33 115 8018 96 46 27 724 42 1436 748 333 38 205
internal_value=0.000267082 3.86126e-05 0.00802796 0.000162103 9.60752e-05 -0.0013209 -0.00157057 -0.00345196 -0.00274978 0.000135375 0.00166452 0.00701399 -0.00454266 -0.0124701
internal_weight=1275.19 1239.7 35.4902 1232.86 1230.5 533.06 528.208 333.937 327.973 207.464 194.271 82.4525 26.3182 22.1659
internal_count=12433 11938 495 11746 11713 3695 3649 2298 2202 1478 1351 603 270 243
is_linear=0
shrinkage=0.03


Tree=385
num_leaves=15
num_cat=0
split_feature=8 7 8 8 2 6 4 8 2 4 3 4 8 8
split_gain=2.55966 3.54343 3.50072 4.05857 3.32101 2.37954 6.49656 4.75087 4.49219 3.99379 3.41931 7.30174 4.45562 3.78612
threshold=9.9500000000000011 43.250000000000007 8.8500000000000032 7.7500000000000009 34.430000000000014 6.5500000000000016 77.587975607541139 38.550000000000004 25.390000000000008 76.531642960144794 3.0091065528050573 61.049956282254527 40.350000000000016 36.95000000000001
decision_type=2 2 2 2 2 2 2 2 2 2 2 2 2 2
left_child=1 2 3 4 -1 -2 9 8 -8 10 12 -12 13 -7
right_child=5 -3 -4 -5 -6 6 7 -9 -10 -11 11 -13 -14 -15
leaf_value=0.020230639058291873 -0.0015424295575716574 0.039480737381210843 0.024351091783050401 -0.032910964657314835 -0.023017249950303076 -0.00030824670983926845 -0.0047476897059620425 -0.018968276637333869 0.03874068988523819 -0.028222078253023444 -0.0074723330140188549 0.015114862653049684 -0.017160009057071709 0.013295694486271414
leaf_weight=4.0893779832404089 813.49136014969554 2.2859612959437063 3.7752583040855825 2.5098700891248882 1.3841464444994924 342.71186580904759 2.5292518823407582 1.5071104099042703 8.112813351210205 3.2994289190974078 18.561114482581615 37.704318770207465 12.454739083652383 18.455515601439402
leaf_count=140 7476 164 54 56 11 3393 180 26 114 89 111 387 101 138
internal_value=-0.000431469 0.0118705 0.00382912 -0.00750589 0.00742793 -0.000578034 0.00118313 0.0219577 0.028885 0.000551255 0.000837078 0.00766332 -0.000208629 0.000421702
internal_weight=1272.87 14.0446 11.7587 7.98339 5.47352 1258.83 445.336 12.1492 10.6421 433.187 429.888 56.2654 373.622 361.167
internal_count=12440 425 261 207 151 12015 4539 320 294 4219 4130 498 3632 3531
is_linear=0
shrinkage=0.03


Tree=386
num_leaves=15
num_cat=0
split_feature=7 1 1 6 3 1 3 3 2 1 4 4 5 6
split_gain=3.45298 5.01514 4.61304 4.83722 4.92694 3.73831 5.83996 3.71341 3.65543 3.50653 4.65799 8.41114 4.77979 3.72456
threshold=22.750000000000004 20.650000000000009 22.310000000000006 5.6500000000000012 2.8822341504860076 6.5100000000000025 3.4203353837591273 3.3047403475524466 20.550000000000008 -3.3599999999999977 65.628372807849999 61.049956282254527 79.856250762939467 4.9500000000000011
decision_type=2 2 2 2 2 2 2 2 2 2 2 2 2 2
left_child=1 9 3 -3 -5 8 -7 -4 -2 10 11 -1 -12 -11
right_child=5 2 7 4 -6 6 -8 -9 -10 13 12 -13 -14 -15
leaf_value=-0.0015769884891939279 0.013458186967845743 -0.032955963166258977 -0.0098673802226017428 -0.029517034099714214 0.0056115029259381135 0.0053318795784909456 -0.0034301921114699525 0.024150342974647306 -0.003206406664257306 0.013138786516745075 0.023114637512186322 0.038258190445768246 -0.018427208094599242 -0.0023582236164249796
leaf_weight=9.8574436763301545 11.637560204486361 11.704993564635517 6.2963640838861448 4.5129702538251868 9.6166697703301889 247.58560432493687 93.691612008959055 3.8147060126066208 192.77872675319668 13.285639025270937 2.5350951310247165 8.1086088893935067 7.7678182213567197 641.61461034859531
leaf_count=342 446 93 55 34 78 2111 622 23 3776 98 14 47 99 4608
internal_value=-0.000793518 -0.00215772 -0.0129264 -0.0194471 -0.00681781 0.00100488 0.00292341 0.00398529 -0.00219678 -0.00157305 0.00859282 0.017471 -0.0070649 -0.00202429
internal_weight=1264.81 719.115 35.9457 25.8346 14.1296 545.694 341.277 10.1111 204.416 683.169 28.269 17.9661 10.3029 654.9
internal_count=12446 5491 283 205 112 6955 2733 78 4222 5208 502 389 113 4706
is_linear=0
shrinkage=0.03


Tree=387
num_leaves=15
num_cat=0
split_feature=1 1 5 2 3 5 2 1 1 1 3 3 1 5
split_gain=3.27705 3.57903 2.74361 2.09851 3.11332 2.75124 4.53626 4.3916 3.34396 3.18998 3.88998 3.84903 3.16669 2.32525
threshold=-11.299999999999997 -9.769999999999996 1384.089294433594 20.270000000000007 3.0065986634725728 1681.101013183594 32.990000000000016 13.010000000000005 9.2100000000000044 4.4600000000000053 2.9694485285885892 2.9057473202760149 11.640000000000006 1751.1118164062502
decision_type=2 2 2 2 2 2 2 2 2 2 2 2 2 2
left_child=-1 2 -2 4 -3 -5 7 8 9 11 -11 -7 -10 -6
right_child=1 3 -4 5 13 6 -8 -9 12 10 -12 -13 -14 -15
leaf_value=-0.024298105293634274 -0.0044977716166834502 0.026311683494235245 0.04290725693228422 0.00019712505438430647 0.012151677414551951 -0.036200545835213788 0.015342890148098627 0.019819808414839886 -0.044113525889375088 0.017866665286480451 -0.014383506390488913 -0.0019840707630990064 -0.0032914454917610998 -0.020423437061010408
leaf_weight=3.9486105613177633 1.4384901355952018 5.6856078444980067 2.0791569175198674 1213.4071069243364 3.3577354243025184 5.2240189826116019 5.5511596929281941 2.6671642661094657 4.8574839532375327 5.8485709652304632 5.6357086822390556 5.8746640407480299 2.6581858247518539 2.6277890205383301
leaf_count=598 112 89 37 11098 205 74 47 18 39 32 29 44 16 23
internal_value=6.74562e-05 0.000162501 0.0268171 6.7136e-05 0.0122145 -5.57865e-05 -0.0078662 -0.0121362 -0.0155142 -0.00899108 0.00215602 -0.0197503 -0.0317573 -0.00302599
internal_weight=1270.86 1266.91 3.51765 1263.4 11.6711 1251.72 38.317 32.7658 30.0986 22.583 11.4843 11.0987 7.51567 5.98552
internal_count=12461 11863 149 11714 317 11397 299 252 234 179 61 118 55 228
is_linear=0
shrinkage=0.03


Tree=388
num_leaves=15
num_cat=0
split_feature=6 3 3 0 6 6 7 3 4 6 3 7 7 3
split_gain=3.98052 3.75636 2.26595 5.0524 4.48293 3.05754 7.40952 5.16664 4.1797 2.6137 6.56059 4.45581 4.30499 3.43569
threshold=8.1500000000000021 1.9147660854809825 2.0008241148528909 25.087083333333343 8.0500000000000025 8.0500000000000025 13.350000000000003 2.3929781808550867 38.506959241524221 7.6500000000000012 2.651404005585706 5.1500000000000012 20.150000000000006 2.6212074489986308
decision_type=2 2 2 2 2 2 2 2 2 2 2 2 2 2
left_child=2 -2 3 -1 -5 7 -7 8 -4 11 13 -9 -12 -11
right_child=1 -3 5 4 -6 6 -8 9 -10 10 12 -13 -14 -15
leaf_value=-0.0057375522894241955 -0.02611798358750295 -0.0020503702402922702 -0.030220832809600934 0.038815873755355695 0.001150187676295187 0.02748145771629203 -0.02619287133590464 -0.020908386380273453 -0.0055058189143291341 -0.0010138592170080237 0.018853710930387992 -0.00074797612939245001 -0.013098292419960049 -0.031811465589082114
leaf_weight=10.490591216017494 9.7586461664177495 13.165784036507828 8.1317378452513385 5.6054854188114387 5.1043571559712291 8.1610550561454129 2.2220819001086047 8.95609745942056 20.798035476123914 23.070128483930606 27.167047047987584 1124.1060443731258 3.6648479695431879 2.8107181289233258
leaf_count=176 245 152 191 73 84 73 20 65 255 189 155 10737 34 26
internal_value=-0.000837038 -0.0129591 -0.000604597 0.00889582 0.0224955 -0.000775567 0.0147028 -0.000919386 -0.0132305 -0.000609179 0.00561962 -0.000925627 0.0147636 -0.00541755
internal_weight=1273.21 22.9244 1250.29 21.2004 10.7098 1229.09 10.3831 1218.7 28.9298 1189.77 56.7127 1133.06 30.8319 25.8808
internal_count=12475 397 12078 333 157 11745 93 11652 446 11206 404 10802 189 215
is_linear=0
shrinkage=0.03


Tree=389
num_leaves=15
num_cat=0
split_feature=6 1 7 6 8 0 1 4 6 7 0 6 5 4
split_gain=2.20889 2.04185 6.01691 9.38227 5.43308 4.39917 4.41353 4.14578 5.81891 9.60316 6.98017 4.53781 5.4021 4.92105
threshold=4.4500000000000011 0.24000000000000485 13.550000000000002 8.0500000000000025 31.250000000000004 20.674166666666672 4.4600000000000053 64.592214619151449 7.5500000000000016 20.550000000000004 20.176666666666673 7.2500000000000009 69.518280029296889 52.046784660216893
decision_type=2 2 2 2 2 2 2 2 2 2 2 2 2 2
left_child=-1 2 3 -2 -4 7 -7 11 9 10 -9 12 -3 -14
right_child=1 5 4 -5 -6 6 -8 8 -10 -11 -12 -13 13 -15
leaf_value=-0.013260917299302117 -0.017886441495697014 0.029528252565611032 0.0091280532188209775 0.028331357591363841 -0.0074403849938849374 0.015777112494699642 0.00091446607535436257 -0.013468499380312459 0.011375703433485028 -0.0028591737367375048 -0.050735753133629928 -0.0058445597663777521 0.01959198208339518 -0.00045272424354532079
leaf_weight=9.7485826611518842 20.520436750259254 7.061592422425746 104.14294873469044 3.9059585002250961 20.657176003674977 17.449114766903222 720.96125193918124 47.704676601104438 17.417342753149569 179.94083117623813 4.2481368482112876 42.75635227188468 12.71334285289049 55.97061013430357
leaf_count=127 294 29 2887 96 417 134 5365 316 87 1952 28 309 58 302
internal_value=0.000281581 0.000397209 0.00367899 -0.00967229 0.00634827 -4.84162e-05 0.00128654 -0.00272466 -0.0049142 -0.00618131 -0.0174164 0.00188439 0.00626648 0.00348545
internal_weight=1265.2 1255.45 149.227 24.4264 124.8 1106.22 738.41 367.813 249.311 231.894 51.9528 118.502 75.7455 68.684
internal_count=12401 12274 3694 390 3304 8580 5499 3081 2383 2296 344 698 389 360
is_linear=0
shrinkage=0.03


Tree=390
num_leaves=15
num_cat=0
split_feature=5 1 4 3 1 2 0 3 4 1 4 6 1 1
split_gain=2.19239 2.59971 2.41369 2.84287 2.60007 2.2093 5.90922 6.54189 4.86854 6.00366 4.39909 4.29895 4.15367 6.1392
threshold=2241.214233398438 5.1200000000000037 56.788393231171725 2.9321895536967912 4.4600000000000053 30.620000000000005 13.079583333333341 2.7872974944307924 61.593888343623064 -0.43999999999999623 84.41606767578736 7.6500000000000012 7.9600000000000053 1.2300000000000042
decision_type=2 2 2 2 2 2 2 2 2 2 2 2 2 2
left_child=5 2 4 -4 -2 8 7 -7 9 -1 -8 -11 13 -10
right_child=1 -3 3 -5 -6 6 10 -9 12 11 -12 -13 -14 -15
leaf_value=-0.014494647225826173 -0.023403043457082044 -0.026444185627927674 0.030412251916770165 -0.0071618290296273672 0.023207297518364024 0.0010887781544325914 3.2155919855106574e-05 0.044031441835800107 0.005598187531103165 0.027125965166372976 -0.018284217226269203 -0.0073017772414690494 0.0063265557051703676 -0.0060133364255382645
leaf_weight=4.3654808199498829 4.2721793514210713 4.7917882353067389 2.4341287524439394 3.2011582050472498 0.50254620611667622 7.2828993245493603 940.67922025127336 4.7586657349020243 69.399673499749042 18.19805716723204 10.951083600521086 3.4888172447681418 109.50981240905821 97.122759545920417
leaf_count=148 191 29 42 28 2 275 6590 29 2975 96 79 27 859 1147
internal_value=0.00064 -0.0103274 -0.00124131 0.0112055 -0.015328 0.000779768 7.70676e-05 0.0201341 0.00301378 0.0151639 -0.000197596 0.0215098 0.00181644 -0.0011696
internal_weight=1280.96 15.2018 10.41 5.63529 4.77473 1265.76 963.672 12.0416 302.085 26.0524 951.63 21.6869 276.032 166.522
internal_count=12517 292 263 70 193 12225 6973 304 5252 271 6669 123 4981 4122
is_linear=0
shrinkage=0.03


Tree=391
num_leaves=15
num_cat=0
split_feature=2 0 4 0 5 3 5 8 3 8 5 8 2 5
split_gain=3.59586 3.94814 2.79411 2.53226 4.80779 6.47187 3.56763 3.21888 4.19821 2.75843 4.38425 2.60755 2.4559 3.62353
threshold=24.810000000000009 14.573333333333338 81.728159326750827 28.428333333333345 34.089843750000007 2.8979293413037039 107.88288879394533 48.45000000000001 3.1402125468190225 18.350000000000005 451.38880920410162 16.950000000000006 20.850000000000012 3.7577306032180791
decision_type=2 2 2 2 2 2 2 2 2 2 2 2 2 2
left_child=1 12 -3 7 -5 9 -7 -2 -9 11 -11 -6 -1 -14
right_child=3 2 -4 4 5 6 -8 8 -10 10 -12 -13 13 -15
leaf_value=0.011990952794228687 0.00028286714939058043 0.030509604833010944 0.0017980460504900425 0.023410979991406324 -0.012259570129030152 -0.0025118302161736216 0.024388459827319769 -0.035733590459032849 0.0009418248481001311 -0.027190353914562478 0.010257386140924779 0.027102861396590839 0.025996103496895875 -0.0089890445588490242
leaf_weight=14.247747720452024 1175.4886291623116 9.1412294358015043 4.5506917536258689 11.236101958900688 2.1683518607169416 6.9993187896907356 10.359619852155445 4.1650570599595067 6.04900823533535 9.7190960873849672 3.2141727479174724 2.0447540888562799 2.1428451339015764 17.053325321176089
leaf_count=545 9780 48 30 124 32 61 64 39 33 183 56 19 134 1349
internal_value=0.000715361 0.00875938 0.0217388 0.000400604 0.00724966 0.00147584 0.0139959 0.000130498 -0.0158664 -0.0112723 -0.0178156 0.00837867 0.00296873 -0.00398989
internal_weight=1278.58 47.1358 13.6919 1231.44 45.7414 34.5053 17.3589 1185.7 10.2141 17.1464 12.9333 4.21311 33.4439 19.1962
internal_count=12497 2106 78 10391 539 415 125 9852 72 290 239 51 2028 1483
is_linear=0
shrinkage=0.03


Tree=392
num_leaves=15
num_cat=0
split_feature=6 7 2 8 3 7 7 5 3 3 5 6 5 3
split_gain=2.94068 4.56179 5.52217 4.42885 4.15663 3.6934 5.32698 4.36367 7.49597 6.18927 4.36406 5.35971 4.31574 5.64946
threshold=6.3500000000000014 10.750000000000002 37.470000000000013 32.750000000000007 3.1960628240752507 55.250000000000007 57.150000000000013 194.25510406494143 3.1682528617796386 1.9147660854809825 302.95762634277349 8.2500000000000018 165.75630187988284 2.9168065051391481
decision_type=2 2 2 2 2 2 2 2 2 2 2 2 2 2
left_child=1 -1 -3 -4 5 7 -7 8 12 -9 -11 -12 -2 -14
right_child=4 2 3 -5 -6 6 -8 9 -10 10 11 -13 13 -15
leaf_value=0.0081272157755535764 -0.00037170588620019982 -0.0015470081827081428 -0.0279980426383859 0.010449682055918166 0.017826280557744024 0.059133242700430105 0.0049249751263736831 -0.017555853363097649 -0.048559792350194822 0.010634109542129929 0.0011503028325990706 0.030061362597403527 -0.0042304870940530698 -0.03829454977540267
leaf_weight=41.998261775821447 175.66181927267462 698.62328946893103 11.161676488816736 2.8914606496691695 12.771751505322753 1.3665959157515306 5.9422453956212848 11.61439849832095 2.1542023979127398 66.246589489281178 220.37597130378708 4.9301271489821366 14.853327624034138 5.40002367645502
leaf_count=201 1641 6906 65 17 154 19 171 367 28 582 2105 62 151 53
internal_value=-0.000170315 -0.0013666 -0.00193668 -0.0199187 0.00156077 0.00111809 0.0209578 0.000787639 -0.00266735 0.00304625 0.00392416 0.00191297 -0.00191869 -0.0146873
internal_weight=1275.99 754.675 712.676 14.0531 521.317 508.545 7.30884 501.236 198.069 303.167 291.553 225.306 195.915 20.2534
internal_count=12522 7189 6988 82 5333 5179 190 4989 1873 3116 2749 2167 1845 204
is_linear=0
shrinkage=0.03


Tree=393
num_leaves=15
num_cat=0
split_feature=7 8 5 7 0 3 3 0 7 3 8 7 3 0
split_gain=3.45638 4.94015 2.33384 2.4992 2.28515 4.7793 4.21653 3.74998 3.80905 4.41062 4.48548 3.63916 6.24539 10.141
threshold=146.25000000000003 41.150000000000013 3.2880442142486577 224.75000000000003 28.213750000000008 2.810870717149752 2.3193143020943969 25.735416666666673 68.050000000000026 3.2689124556537208 35.95000000000001 29.550000000000004 3.3412504792637057 27.57125000000001
decision_type=2 2 2 2 2 2 2 2 2 2 2 2 2 2
left_child=4 2 -2 -4 7 6 -6 8 9 -1 -11 12 -9 -14
right_child=1 -3 3 -5 5 -7 -8 11 -10 10 -12 -13 13 -15
leaf_value=0.00099144161932899284 0.011540084681713103 0.020644075368592973 -0.050065297895479602 0.00062809207232764422 0.0070564890540352311 0.011870597163160464 -0.019390227652019053 -0.0027789996699653522 -0.01232771822107114 0.013664569174421265 -0.0043519172273858812 0.0022569778864047936 -0.029692342060576141 0.012590054607497621
leaf_weight=809.88496103032958 0.49005776480771501 1.3143902570009229 3.2139649672899395 1.0737404124811289 10.575956339947881 41.714748881757259 9.370353074744342 198.33555448427796 17.056829961482435 47.805777644272894 16.147349275648594 101.04676941782236 17.998111721128229 6.3346686698496333
leaf_count=7961 8 7 102 30 234 358 107 1360 844 365 126 839 136 44
internal_value=0.000484037 -0.0204024 -0.0333132 -0.0396525 0.000599632 0.00618648 -0.00570019 0.000311153 0.00131589 0.00159599 0.00911867 -0.0024495 -0.00458584 -0.0186223
internal_weight=1282.36 6.09215 4.77776 4.28771 1276.27 61.6611 19.9463 1214.61 890.895 873.838 63.9531 323.715 222.668 24.3328
internal_count=12521 147 140 132 12374 699 341 11675 9296 8452 491 2379 1540 180
is_linear=0
shrinkage=0.03


Tree=394
num_leaves=15
num_cat=0
split_feature=6 4 6 8 2 6 4 1 7 4 0 7 2 0
split_gain=2.61615 2.19179 5.93811 6.42993 6.48476 6.29546 5.74818 4.62098 4.35058 4.23676 3.52843 3.09884 3.79334 4.77563
threshold=4.1500000000000012 40.138724113290927 7.2500000000000009 17.750000000000004 41.190000000000019 8.0500000000000025 43.609869093628589 2.5800000000000032 7.6500000000000012 35.859703760232669 23.791666666666671 4.3500000000000005 43.650000000000013 28.284583333333337
decision_type=2 2 2 2 2 2 2 2 2 2 2 2 2 2
left_child=-1 2 9 -4 5 -5 -3 -7 10 -2 -6 12 -12 -14
right_child=1 6 3 4 8 7 -8 -9 -10 -11 11 -13 13 -15
leaf_value=-0.025260979222932987 0.0019263849079702207 -0.019202566217485475 0.017673630182257129 -0.026970586353364606 0.021979905533902548 0.041159198852776503 4.7354192114445331e-05 -0.012835664680840613 0.037008079525862686 0.040995134520091472 -0.020336270162585424 -0.027803366023041873 0.051742037999977612 -0.015429223382651161
leaf_weight=2.6738708056509486 4.2004055408760888 13.124687386909498 13.562277289340271 13.870955205406068 3.2668083794414979 1.6249743988737457 1203.9198667656165 2.3655301136896014 2.6871629133820525 5.5611779787577689 1.8310449137352405 3.7819404732435942 1.3442255891859534 0.99531508516520251
leaf_count=35 53 204 168 259 26 42 11300 59 12 47 85 88 37 58
internal_value=1.8318e-05 9.12517e-05 0.00588942 0.00110843 -0.00628707 -0.0178266 -0.000175833 0.0129933 0.00873584 0.025925 -0.000510179 -0.0111721 0.00636987 0.0271022
internal_weight=1274.81 1272.14 55.0918 45.3302 31.768 17.8615 1217.04 3.9905 13.9065 9.76158 11.2193 7.95253 4.17059 2.33954
internal_count=12473 12438 934 834 666 360 11504 101 306 100 294 268 180 95
is_linear=0
shrinkage=0.03


Tree=395
num_leaves=15
num_cat=0
split_feature=0 2 8 4 6 6 4 1 4 2 2 6 6 1
split_gain=2.31112 4.99476 10.0138 5.71075 4.42 5.02374 7.26278 9.40697 6.77012 5.35768 4.58008 4.21451 7.979 6.22902
threshold=20.674166666666672 33.350000000000016 33.850000000000009 71.804658103354271 8.0500000000000025 7.1500000000000012 52.676026324039931 2.4400000000000053 57.192143679783477 34.070000000000014 34.570000000000014 6.6500000000000012 6.7500000000000009 4.3400000000000061
decision_type=2 2 2 2 2 2 2 2 2 2 2 2 2 2
left_child=1 11 3 4 5 6 -3 9 -7 -8 -10 -1 -13 -14
right_child=-2 2 -4 -5 -6 8 7 -9 10 -11 -12 12 13 -15
leaf_value=-0.0027742807001534158 0.00071298932370489928 0.027829479258600218 -0.030211470235780257 -0.031943011305934736 0.022130371087840012 -0.026817747274810157 -0.013727126412429987 -0.018227275396254409 -0.0120548798543407 0.019827630505870272 0.024944758092808245 0.022495455590343407 -0.0041655685161607111 0.0087722720864377053
leaf_weight=263.80637878016569 756.87113883439451 7.259160039946436 14.443521126173435 5.001930706202983 5.5314702733885488 14.464528389507906 5.089029315859082 18.184888191521168 6.0323593146167678 14.655455127358435 4.3018302991986275 16.563487833016552 82.784919691388495 54.812012143433094
leaf_count=4281 5730 38 102 26 67 240 31 91 46 61 24 209 1249 282
internal_value=-0.000340427 -0.00189319 -0.00806558 -0.00377126 -0.00151225 -0.00366629 0.00231628 -0.00315604 -0.014235 0.0109343 0.00418897 -0.000474888 0.00345246 0.00101435
internal_weight=1269.8 512.931 94.9642 80.5207 75.5187 69.9873 45.1885 37.9294 24.7987 19.7445 10.3342 417.967 154.16 137.597
internal_count=12477 6747 726 624 598 531 221 183 310 92 70 6021 1740 1531
is_linear=0
shrinkage=0.03


Tree=396
num_leaves=15
num_cat=0
split_feature=6 7 7 1 1 5 5 7 8 4 1 7 4 4
split_gain=2.44309 4.61696 4.23612 4.1611 9.21053 4.34891 5.62822 4.09 4.0396 3.83426 4.57158 5.74859 3.51193 3.42899
threshold=6.3500000000000014 52.550000000000004 57.150000000000013 14.580000000000004 12.130000000000004 59.851070404052741 53.258100509643562 10.750000000000002 46.750000000000007 34.362118313930857 18.730000000000008 25.550000000000004 75.511421370723511 55.788983529858733
decision_type=2 2 2 2 2 2 2 2 2 2 2 2 2 2
left_child=7 3 -3 4 5 6 -2 -1 9 -5 -11 -12 -6 -9
right_child=1 2 -4 8 12 -7 -8 13 -10 10 11 -13 -14 -15
leaf_value=0.0089291559893769738 -0.0022518262042001474 0.045898703530893953 0.0055518101755058008 -0.022690295366016303 -0.015253889594010618 0.0034151075192578846 -0.033310593477164495 0.013573179955337097 -0.02356846292236724 0.015182814609068217 -0.0069145381398103842 0.026558625435116931 0.016881911269025555 -0.0013975650443156353
leaf_weight=37.578872434794903 66.396948543377221 3.0667274326551688 6.2959386521251872 2.3976184744387856 38.213322621770203 317.47779920895118 4.7218402484431854 13.053793079219757 2.6365248612128189 53.404642824083567 21.501159071922306 4.8097883462905875 2.5062273107469073 693.42537241266109
leaf_count=181 538 46 181 73 351 3345 41 84 30 414 211 72 29 6839
internal_value=0.000520406 0.00208875 0.0219213 0.00168568 0.000479433 0.00191293 -0.00474722 -0.000584214 0.00771933 0.00899541 0.0102177 -4.70555e-05 -0.0129187 -0.00110215
internal_weight=1267.49 523.429 9.36267 514.066 429.316 388.597 71.1188 744.058 84.7497 82.1132 79.7156 26.3109 40.7195 706.479
internal_count=12435 5331 227 5104 4304 3924 579 7104 800 770 697 283 380 6923
is_linear=0
shrinkage=0.03


Tree=397
num_leaves=15
num_cat=0
split_feature=8 3 5 2 5 8 7 8 6 2 3 5 6 6
split_gain=1.85909 4.57814 4.02343 4.76979 3.72388 3.62841 3.44829 6.29905 5.63378 5.23563 3.67138 3.14272 5.63785 6.05396
threshold=30.450000000000006 2.7810441273795914 2241.214233398438 21.830000000000009 1384.089294433594 29.750000000000004 20.150000000000006 24.950000000000006 6.3500000000000014 23.310000000000006 2.6127626690392911 451.38880920410162 7.1500000000000012 6.5500000000000016
decision_type=2 2 2 2 2 2 2 2 2 2 2 2 2 2
left_child=4 11 3 -3 -1 6 7 10 9 -8 -6 12 13 -2
right_child=1 2 -4 -5 5 -7 8 -9 -10 -11 -12 -13 -14 -15
leaf_value=-0.0015696879081960849 0.011004956696956114 0.030613433597050509 -0.02527596064900979 0.0023988264358251366 -0.015556907942524826 0.032164271790816906 0.021284547133697072 0.027952331240094681 -0.028603355919080212 -0.0098916907450330264 0.010348829285073269 -0.015988194573684243 0.0051165059451911375 -0.032502357050688789
leaf_weight=740.0197202116251 3.6867853736039233 4.4733871133066705 3.6617384254932395 414.24688519630581 7.2748269764706555 3.5484834071248761 7.6870794435963097 10.746312286704777 5.4136874373070887 10.05184517521411 11.157350682653485 19.135695823468268 31.107948027318344 7.7278700363822281
leaf_count=7891 65 28 22 3164 148 30 86 74 170 85 64 242 284 131
internal_value=-0.000111825 0.00135264 0.00247019 0.00277248 -0.00100304 0.00639676 0.00407917 0.0107832 -0.00446634 0.00403327 -0.00015008 -0.00622027 -0.00155822 -0.0186955
internal_weight=1279.94 484.04 422.382 418.72 795.899 55.8796 52.3311 29.1785 23.1526 17.7389 18.4322 61.6583 42.5226 11.4147
internal_count=12484 3936 3214 3192 8548 657 627 286 341 171 212 722 480 196
is_linear=0
shrinkage=0.03


Tree=398
num_leaves=15
num_cat=0
split_feature=2 7 3 3 7 1 7 8 0 0 6 7 7 1
split_gain=2.18769 3.83951 3.84028 4.27516 5.6209 5.2223 5.13292 3.97954 3.28046 4.84574 3.27293 3.25116 2.90905 3.36283
threshold=27.980000000000008 80.250000000000014 3.2633827548342853 2.810870717149752 19.750000000000004 11.050000000000002 17.950000000000006 37.250000000000007 20.809166666666673 19.209166666666672 6.6500000000000012 36.050000000000004 49.150000000000013 4.1000000000000059
decision_type=2 2 2 2 2 2 2 2 2 2 2 2 2 2
left_child=1 2 3 4 5 -1 -5 -4 9 -8 12 -12 13 -6
right_child=-2 -3 7 6 10 -7 8 -9 -10 -11 11 -13 -14 -15
leaf_value=-0.031007497522663456 -0.00028944915470371045 -0.016525453909682179 0.027192202981622407 0.024414609905981953 -0.022428102194816328 0.02384881880831477 -0.0026474091617807688 -0.0086582548786781604 -0.035179358524298397 0.024342417798545703 0.04564273161559778 -0.0036414456289805158 0.036848950453607789 0.015237229688117785
leaf_weight=3.1376532508293193 1143.2321384535171 6.9857633638894177 10.943592668976633 6.343993544811382 2.7420873225200904 1.6071724817156789 80.907912636874244 3.10694820806384 1.5558944437652815 5.4597555492073289 5.8647116576321414 1.2906678940635172 1.4721927368082104 3.9663201384246349
leaf_count=129 8598 672 92 68 375 10 2073 20 19 57 139 66 165 26
internal_value=0.000138746 0.00373018 0.00495141 0.00304724 0.0152606 -0.0115095 0.000312681 0.0192162 -0.00168136 -0.000682148 0.0237406 0.0373965 0.00902367 -0.0010709
internal_weight=1278.62 135.385 128.399 114.348 20.0808 4.74483 94.2676 14.0505 87.9236 86.3677 15.336 7.15538 8.1806 6.70841
internal_count=12509 3911 3239 3127 910 139 2217 112 2149 2130 771 205 566 401
is_linear=0
shrinkage=0.03


Tree=399
num_leaves=15
num_cat=0
split_feature=8 4 3 1 4 3 4 8 8 1 1 5 1 5
split_gain=1.49291 4.79718 3.31992 3.27358 3.0793 6.20289 3.42659 4.05613 2.48331 2.60324 2.74387 2.26093 2.3131 2.04009
threshold=14.350000000000003 75.346292266383713 1.9540494038321556 15.970000000000004 68.762611075382125 3.0669219718387093 39.296409981974683 10.450000000000001 15.750000000000002 3.1400000000000023 7.520000000000004 143.68936157226565 -1.0399999999999963 561.35559082031261
decision_type=2 2 2 2 2 2 2 2 2 2 2 2 2 2
left_child=1 2 -1 4 5 6 -4 -8 9 -2 -11 12 -6 -10
right_child=8 -3 3 -5 11 -7 7 -9 13 10 -12 -13 -14 -15
leaf_value=-0.012840581897524609 -0.026962147671840572 -0.021328522754439843 0.033103768467027055 -0.016354351904905678 0.051947802723683767 -0.026481350731943461 -0.018655927701741754 0.012656975752350377 0.00075513794726886428 0.01023514398362721 -0.014212788398876658 -0.0049874630060163586 0.017856100218705422 -0.0019915701480049987
leaf_weight=5.3596409261226645 5.1109387086471569 4.7076188848586744 4.681312724016613 2.920452903956174 2.4803783533861816 3.3554577603936186 3.7752519138157394 16.722594542428851 866.74011927226093 6.5591923845931879 8.2002729233354312 1.6550619889749203 7.8515548533760038 337.23199747980107
leaf_count=65 198 524 29 19 47 21 30 112 8322 35 71 48 146 2926
internal_value=2.31188e-05 0.00488099 0.00778677 0.0105633 0.0128505 0.0070413 0.0123495 0.00629029 -0.00019309 -0.0104529 -0.00338794 0.025072 0.0299024 -1.5228e-05
internal_weight=1277.35 53.5093 48.8017 43.4421 40.5216 28.5346 25.1792 20.4978 1223.84 19.8704 14.7595 11.987 10.3319 1203.97
internal_count=12593 1041 517 452 433 192 171 142 11552 304 106 241 193 11248
is_linear=0
shrinkage=0.03


end of trees

feature_importances:
Column_0=794
Column_2=657
Column_3=650
Column_4=650
Column_1=640
Column_5=603
Column_6=572
Column_7=527
Column_8=507

parameters:
[boosting: gbdt]
[objective: binary]
[metric: binary_logloss]
[tree_learner: serial]
[device_type: cpu]
[data_sample_strategy: bagging]
[data: ]
[valid: ]
[num_iterations: 400]
[learning_rate: 0.03]
[num_leaves: 15]
[num_threads: 4]
[seed: 20261004]
[deterministic: 0]
[force_col_wise: 0]
[force_row_wise: 0]
[histogram_pool_size: -1]
[max_depth: -1]
[min_data_in_leaf: 20]
[min_sum_hessian_in_leaf: 0.001]
[bagging_fraction: 0.8]
[pos_bagging_fraction: 1]
[neg_bagging_fraction: 1]
[bagging_freq: 1]
[bagging_seed: 5966]
[bagging_by_query: 0]
[feature_fraction: 0.8]
[feature_fraction_bynode: 1]
[feature_fraction_seed: 18294]
[extra_trees: 0]
[extra_seed: 9890]
[early_stopping_round: 0]
[early_stopping_min_delta: 0]
[first_metric_only: 0]
[max_delta_step: 0]
[lambda_l1: 0]
[lambda_l2: 1]
[linear_lambda: 0]
[min_gain_to_split: 0]
[drop_rate: 0.1]
[max_drop: 50]
[skip_drop: 0.5]
[xgboost_dart_mode: 0]
[uniform_drop: 0]
[drop_seed: 16051]
[top_rate: 0.2]
[other_rate: 0.1]
[min_data_per_group: 100]
[max_cat_threshold: 32]
[cat_l2: 10]
[cat_smooth: 10]
[max_cat_to_onehot: 4]
[top_k: 20]
[monotone_constraints: ]
[monotone_constraints_method: basic]
[monotone_penalty: 0]
[feature_contri: ]
[forcedsplits_filename: ]
[refit_decay_rate: 0.9]
[cegb_tradeoff: 1]
[cegb_penalty_split: 0]
[cegb_penalty_feature_lazy: ]
[cegb_penalty_feature_coupled: ]
[path_smooth: 0]
[interaction_constraints: ]
[verbosity: -1]
[saved_feature_importance_type: 0]
[use_quantized_grad: 0]
[num_grad_quant_bins: 4]
[quant_train_renew_leaf: 0]
[stochastic_rounding: 1]
[linear_tree: 0]
[max_bin: 255]
[max_bin_by_feature: ]
[min_data_in_bin: 3]
[bin_construct_sample_cnt: 200000]
[data_random_seed: 5360]
[is_enable_sparse: 1]
[enable_bundle: 1]
[use_missing: 1]
[zero_as_missing: 0]
[feature_pre_filter: 1]
[pre_partition: 0]
[two_round: 0]
[header: 0]
[label_column: ]
[weight_column: ]
[group_column: ]
[ignore_column: ]
[categorical_feature: ]
[forcedbins_filename: ]
[precise_float_parser: 0]
[parser_config_file: ]
[objective_seed: 20746]
[num_class: 1]
[is_unbalance: 0]
[scale_pos_weight: 1]
[sigmoid: 1]
[boost_from_average: 1]
[reg_sqrt: 0]
[alpha: 0.9]
[fair_c: 1]
[poisson_max_delta_step: 0.7]
[tweedie_variance_power: 1.5]
[lambdarank_truncation_level: 30]
[lambdarank_norm: 1]
[label_gain: ]
[lambdarank_position_bias_regularization: 0]
[eval_at: ]
[multi_error_top_k: 1]
[auc_mu_weights: ]
[num_machines: 1]
[local_listen_port: 12400]
[time_out: 120]
[machine_list_filename: ]
[machines: ]
[gpu_platform_id: -1]
[gpu_device_id: -1]
[gpu_device_id_list: ]
[gpu_use_dp: 0]
[num_gpu: 1]

end of parameters

pandas_categorical:null
