tree
version=v4
num_class=1
num_tree_per_iteration=1
label_index=0
max_feature_idx=8
objective=binary sigmoid:1
feature_names=Column_0 Column_1 Column_2 Column_3 Column_4 Column_5 Column_6 Column_7 Column_8
feature_infos=[4.9456896781921387:31.39825439453125] [-1.5525436401367188:30.589014053344727] [11.613287925720215:32.544200897216797] [0.063899688422679901:31.891029357910156] [9.0403451919555664:37.248245239257812] [194.60850524902344:338.43673706054688] [7.3858151435852051:8.176849365234375] [-1.3017887545628821:0.571821468493526] [0.0016930385612245399:3.8445820088628242]
tree_sizes=1716 1711 1703 1709 1702 1714 1713 1707 1700 1703 1714 1705 1707 1707 1717 1709 1707 1702 1708 1709 1712 1703 1702 1705 1706 1703 1714 1708 1707 1708 1704 1710 1712 1705 1703 1710 1698 1713 1708 1709 1700 1704 1703 1705 1711 1706 1703 1693 1706 1703 1714 1704 1706 1702 1705 1698 1704 1703 1710 1697 1709 1716 1704 1706 1709 1705 1715 1696 1709 1692 1699 1706 1711 1709 1700 1714 1698 1700 1707 1705 1707 1713 1712 1708 1697 1702 1707 1705 1703 1706 1710 1711 1712 1715 1704 1704 1719 1709 1710 1716 1698 1714 1719 1715 1717 1711 1719 1712 1708 1705 1714 1711 1710 1716 1723 1724 1715 1718 1707 1717 1709 1721 1719 1718 1711 1719 1711 1713 1723 1711 1710 1716 1717 1724 1706 1718 1720 1717 1716 1725 1729 1720 1716 1729 1724 1714 1720 1733 1720 1728 1723 1720 1722 1717 1724 1733 1714 1723 1716 1734 1722 1709 1727 1722 1721 1729 1728 1724 1722 1726 1723 1724 1735 1731 1723 1732 1741 1726 1714 1731 1726 1718 1726 1718 1728 1719 1741 1732 1722 1716 1728 1715 1729 1719 1721 1729 1734 1734 1730 1722 1726 1727 1721 1728 1734 1737 1734 1734 1725 1727 1724 1719 1731 1717 1733 1724 1733 1730 1727 1729 1729 1720 1731 1742 1732 1734 1725 1742 1723 1731 1732 1729 1728 1729 1719 1730 1723 1731 1729 1723 1729 1729 1717 1731 1728 1730 1726 1724 1734 1741 1733 1741 1730 1729 1727 1734 1723 1733 1726 1739 1733 1723 1744 1728 1735 1728 1720 1738 1736 1737 1753 1730 1730 1722 1732 1733 1734 1732 1729 1730 1737 1725 1726 1734 1732 1729 1728 1729 1748 1734 1734 1727 1728 1744 1736 1738 1747 1736 1723 1738 1720 1734 1732 1731 1742 1735 1727 1728 1732 1732 1744 1730 1740 1743 1734 1739 1734 1730 1751 1732 1742 1754 1724 1730 1730 1735 1736 1740 1722 1739 1736 1744 1741 1737 1736 1740 1750 1739 1746 1725 1735 1730 1740 1740 1749 1736 1749 1752 1739 1749 1733 1732 1728 1730 1752 1737 1724 1736 1743 1745 1746 1757 1738 1727 1736 1742 1738 1727 1728 1732 1720 1744 1742 1747 1762 1732 1736 1739 1746 1744 1742 1743 1737 1734 1741 1744 1744 1744 1742 1747 1742 1736 1741 1739 1740 1740 1746 1729 1738 1731

Tree=0
num_leaves=15
num_cat=0
split_feature=7 2 2 1 7 2 7 0 1 4 4 6 4 5
split_gain=2469.93 532.918 402.196 205.502 110.534 134.004 132.643 75.2048 58.531 56.2132 41.6426 58.3412 38.5512 26.9978
threshold=-0.24333344562067286 31.03082370758057 17.879568099975589 23.577324867248539 -0.72497119973652457 28.564537048339847 -0.42492168740723707 9.7323832511901873 16.420977592468265 36.131278991699226 36.232385635375984 8.0231103897094744 35.047506332397468 209.72962951660159
decision_type=2 2 2 2 2 2 2 2 2 2 2 2 2 2
left_child=1 4 -2 -3 -1 -6 9 -4 -9 -7 -11 -12 -10 -8
right_child=2 3 7 -5 5 6 13 8 12 10 11 -13 -14 -15
leaf_value=-0.058090196441987658 -0.048866742754065488 0.052847994544565013 -0.050772989340963623 -0.054246501439726286 -0.056458967004237234 -0.057040494058271891 -0.024037812932801515 0.05555875164755749 -0.052503162488847795 0.036552256402174535 0.034703007526464075 -0.056871010743507262 0.041714406796480537 0.043064132834650312
leaf_weight=375.50214710831642 36.678459107875824 71.737897962331772 5.5026275217533103 19.841854274272919 100.54324167966843 39.517916321754456 5.6665116250514975 521.62212809920311 7.0033441185951215 12.652682632207869 8.4907038509845751 18.175345450639725 6.6584028005599976 35.624553918838501
leaf_count=2230 208 159 33 117 593 235 28 1120 42 34 23 109 16 90
internal_value=0.000566353 -0.0378176 0.0462675 0.0293094 -0.048161 -0.0310792 -0.00954641 0.0527982 0.0539556 -0.0322319 -0.00650142 -0.0275126 -0.00687061 0.0335049
internal_weight=1265.22 687.753 577.465 91.5798 596.173 220.671 120.128 540.787 535.284 78.8366 39.3187 26.666 13.6617 41.2911
internal_count=5037 3618 1419 276 3342 1112 519 1211 1178 401 166 132 58 118
is_linear=0
shrinkage=1


Tree=1
num_leaves=15
num_cat=0
split_feature=8 0 0 7 3 7 8 8 3 7 6 6 8 1
split_gain=2991.34 475.977 230.377 188.934 135.355 22.3911 70.3528 13.5547 12.7376 72.4297 9.42183 6.3661 4.00828 2.02556
threshold=1.6538148643445292 27.757070541381839 9.3723263740539569 -0.18702801114070641 10.121561050415041 -0.42492168740723707 1.2510358432231932 0.79434007478810331 9.7895259857177752 -0.33738634879116763 8.0257930755615252 8.0257930755615252 1.8594009765156589 24.514926910400394
decision_type=2 2 2 2 2 2 2 2 2 2 2 2 2 2
left_child=1 2 -1 8 12 6 11 -3 -2 13 -8 -4 -5 -10
right_child=3 7 5 4 -6 -7 10 -9 9 -11 -12 -13 -14 -15
leaf_value=-0.055355899888971223 -0.057454530640511356 -0.011856499040081096 0.05675094882553907 -0.017684497022808575 0.044164484859090886 0.055283403723302399 0.0018744386275413134 -0.056944585409032994 -0.037448232109227403 0.038282592523110816 -0.051483653009521978 0.029441955702218643 -0.053735499582882304 -0.056215324416115368
leaf_weight=17.330965593457222 447.00676859915257 7.8266490846872321 37.588469237089157 4.6628554910421398 30.772061616182327 540.18274393677711 4.8280526846647245 37.655969619750977 15.824259072542189 8.153213679790495 6.4981808066368103 14.311506122350691 20.495826318860054 54.646699026226997
leaf_count=104 2671 35 76 22 75 1138 19 226 85 21 39 42 121 326
internal_value=-0.000109277 0.0432591 0.0501324 -0.0497799 0.002599 0.0532488 0.0352757 -0.0496078 -0.0553478 -0.0427989 -0.0304318 0.0499194 -0.0479854 -0.0525841
internal_weight=1247.78 666.223 620.74 581.562 55.9307 603.409 63.2262 45.4826 525.631 78.6242 11.3262 51.9 25.1587 70.471
internal_count=5000 1679 1418 3321 218 1314 176 261 3103 432 58 118 143 411
is_linear=0
shrinkage=0.03


Tree=2
num_leaves=15
num_cat=0
split_feature=3 1 7 3 0 6 4 3 3 1 7 1 0 1
split_gain=2689.8 964.348 53.5892 154.928 51.8189 33.1835 29.1175 20.6957 17.9761 36.9056 14.4877 6.99779 2.0204 1.86006
threshold=8.3116488456726092 23.577324867248539 -0.42492168740723707 25.062849998474125 27.757070541381839 8.0231103897094744 36.226156234741218 7.3443951606750497 9.5490527153015154 4.4426589012146005 -0.036036480131971409 24.827460289001468 10.537119388580324 17.175469398498539
decision_type=2 2 2 2 2 2 2 2 2 2 2 2 2 2
left_child=7 2 3 -2 5 -3 -7 -1 9 12 -9 -6 -4 -10
right_child=1 4 8 -5 11 6 -8 10 13 -11 -12 -13 -14 -15
leaf_value=-0.056079321143601181 -0.054211096939606115 0.042716998054759744 0.026005489316096645 0.049768046701768855 -0.017906298551766557 0.022889412939982094 -0.05307659391263761 -0.042714046288703164 0.054066404804904766 -0.039972378168168003 0.01672746397917976 -0.054327444679880842 0.051626669649949677 0.041951556599476116
leaf_weight=468.72740736603737 16.470921441912651 8.1427671760320681 7.9759708344936433 48.981163114309311 6.323094129562377 6.3213994950056103 11.813477873802183 7.1480673253536224 533.3242452442646 5.1593279838562003 5.9853538870811445 89.768563911318779 13.606114804744719 31.734841912984848
leaf_count=2810 99 19 24 109 30 20 71 41 1120 29 20 534 28 79
internal_value=0.000622902 0.0350484 0.0494398 0.0231798 -0.0420227 -0.00447112 -0.0267842 -0.0550328 0.0523001 0.0267213 -0.0163577 -0.0521399 0.0437289 0.0534613
internal_weight=1261.48 779.622 657.253 65.4521 122.369 26.2776 18.1349 481.861 591.801 26.7414 13.1334 96.0917 21.5821 565.059
internal_count=5033 2162 1488 208 674 110 91 2871 1280 81 61 564 52 1199
is_linear=0
shrinkage=0.03


Tree=3
num_leaves=15
num_cat=0
split_feature=8 0 0 7 3 1 7 3 1 8 0 8 8 7
split_gain=2763.15 412.801 187.144 166.934 117.953 16.8909 14.9388 54.5497 13.2351 10.2456 7.62364 75.0435 9.52046 4.21158
threshold=1.6423391719235461 27.757070541381839 9.3723263740539569 -0.18702801114070641 10.121561050415041 23.577324867248539 -0.29034235845436052 9.7895259857177752 24.65372467041016 1.2373229125795089 23.203595161437992 1.2649646905392355 1.3552118459949656 -0.23765864754263308
decision_type=2 2 2 2 2 2 2 2 2 2 2 2 2 2
left_child=1 2 -1 6 -5 10 -2 -8 -3 -7 13 -12 -13 -4
right_child=3 8 5 4 -6 9 7 -9 -10 -11 11 12 -14 -15
leaf_value=-0.052214895811711792 -0.054050297644123078 -0.0019069634332085613 0.026952025378184495 -0.045102872606436598 0.042971458597780746 0.033269767290958506 -0.049986097382699171 0.041957741891651863 -0.052685413725141975 -0.016571308224230596 0.051224217556715752 0.0092892408043294215 -0.041241742818988354 0.053992622931973447
leaf_weight=15.574092060327528 492.21616370975971 5.3224727958440772 8.2864902168512327 24.074707597494125 29.134728595614433 10.958068788051603 27.528315097093582 6.4759566634893408 38.273536488413811 4.6547371745109549 124.92342250049114 4.8089593499898902 8.1397590041160566 450.01094122231007
leaf_count=94 2953 22 24 137 70 30 162 15 229 22 269 17 45 928
internal_value=0.00038325 0.0417982 0.0480104 -0.0475627 0.00302515 0.0506428 -0.052674 -0.0317774 -0.0466678 0.0183073 0.0514576 0.0441222 -0.0231547 0.0535634
internal_weight=1250.38 670.952 627.356 579.43 53.2094 611.782 526.22 34.0043 43.596 15.6128 596.17 137.872 12.9487 458.297
internal_count=5017 1680 1429 3337 207 1335 3130 177 251 52 1283 331 62 952
is_linear=0
shrinkage=0.03


Tree=4
num_leaves=15
num_cat=0
split_feature=8 0 3 3 6 0 8 8 6 0 0 5 4 4
split_gain=2564.07 470.982 193.063 95.3383 187.749 17.9116 103.074 17.1402 16.8176 9.41232 8.80773 4.29005 1.48023 7.97609
threshold=1.7186234944400616 27.634655952453617 7.3443951606750497 9.7895259857177752 8.0502514839172381 23.745889663696293 1.2510358432231932 0.79434007478810331 8.0521969795227069 16.663056373596195 28.120457649230961 204.80632781982425 36.131278991699226 36.226156234741218
decision_type=2 2 2 2 2 2 2 2 2 2 2 2 2 2
left_child=1 2 -1 -2 12 -4 -7 10 11 -6 -3 -8 -5 -14
right_child=3 7 5 4 9 6 8 -9 -10 -11 -12 -13 13 -15
leaf_value=-0.05139212442774236 -0.053090121506666546 0.017185330529773491 0.051443900812779476 -0.052246321531144238 0.00093827253667480787 0.050343280907407681 -0.013101413856461276 -0.053225314899474109 0.016274734894658856 0.04827990141758743 -0.034951556484028576 -0.052735104085632117 0.00085560037107071591 -0.048634951129273359
leaf_weight=16.989787086844444 468.33248673379421 5.1483566313981992 501.81532026827335 48.803953751921654 4.4573273658752468 92.961281195282936 4.3151672631502178 44.360047996044159 5.7969931662082663 25.424792617559433 4.635283038020134 9.293814539909361 4.1442819684743872 8.7356769442558271
leaf_count=103 2829 17 1062 294 17 200 20 269 19 56 26 56 17 53
internal_value=-3.37633e-05 0.0388525 0.0461436 -0.047615 -0.0193403 0.0489208 0.0372987 -0.0454377 -0.0245939 0.0414773 -0.00846656 -0.041925 -0.0489945 -0.0337964
internal_weight=1245.21 685.316 631.172 559.899 91.566 614.183 112.367 54.1437 19.406 29.8821 9.78364 13.609 61.6839 12.88
internal_count=5038 1772 1460 3266 437 1357 295 312 95 73 43 76 364 70
is_linear=0
shrinkage=0.03


Tree=5
num_leaves=15
num_cat=0
split_feature=8 0 0 7 3 0 8 8 2 7 3 2 8 4
split_gain=2431.81 411.352 167.82 152.694 119.496 16.0816 88.8604 10.6562 8.84734 8.72098 44.4992 6.48493 4.57958 3.87316
threshold=1.6538148643445292 27.723476409912113 9.3723263740539569 -0.18702801114070641 10.121561050415041 23.745889663696293 1.3018557883220179 0.79434007478810331 17.879568099975589 -0.29034235845436052 9.7895259857177752 29.835988044738773 1.8246544962947333 33.415264129638679
decision_type=2 2 2 2 2 2 2 2 2 2 2 2 2 2
left_child=1 2 -1 9 12 8 13 -3 -4 -2 -11 -8 -5 -7
right_child=3 7 5 4 -6 6 11 -9 -10 10 -12 -13 -14 -15
leaf_value=-0.049915900108768223 -0.051397497317803159 -0.012816156428428557 0.01030317998236367 -0.014175824397381298 0.040053591900032319 0.012492649558974828 -0.0038226974591226213 -0.05175949836011412 0.050862327686059486 -0.049572567194616113 0.034508285095606883 -0.045662108175436908 -0.051599936252681493 0.048500483960942364
leaf_weight=15.410204052925108 492.23740524053574 8.4391295015811902 5.4687709957361212 4.4766021817922619 31.372877568006516 3.6150485873222342 5.3082732409238806 39.324471488595009 480.63774392008781 28.069032326340675 6.2783149033784857 8.955024525523184 21.063061371445656 90.519357085227966
leaf_count=94 2986 39 19 21 77 12 22 240 1012 169 16 52 128 198
internal_value=-0.000729508 0.0387963 0.0454441 -0.0452705 0.0013911 0.0479956 0.0367257 -0.0452827 0.0504281 -0.0503067 -0.0336621 -0.0313616 -0.0458215 0.0472635
internal_weight=1241.18 657.678 609.914 583.497 56.9125 594.504 108.398 47.7636 486.107 526.585 34.3473 14.2633 25.5397 94.1344
internal_count=5085 1688 1409 3397 226 1315 284 279 1031 3171 185 74 149 210
is_linear=0
shrinkage=0.03


Tree=6
num_leaves=15
num_cat=0
split_feature=8 0 0 7 2 8 1 4 2 1 8 0 8 2
split_gain=2326.83 412.289 186.117 94.2482 96.5458 50.0135 22.8757 17.1253 15.9002 12.5969 7.81809 7.78695 66.6722 14.7163
threshold=1.7186234944400616 27.757070541381839 9.3723263740539569 -0.27005845596702188 25.119119644165043 3.1362207048849609 23.577324867248539 36.466094970703132 17.37645244598389 24.65372467041016 1.8246544962947333 23.203595161437992 1.2510358432231932 30.457540512084964
decision_type=2 2 2 2 2 2 2 2 2 2 2 2 2 2
left_child=1 2 -1 -2 10 -6 8 -8 -4 -3 -5 -10 -13 -14
right_child=3 9 6 4 5 -7 7 -9 11 -11 -12 12 13 -15
leaf_value=-0.049332835978357442 -0.049913561040051374 -0.00066483308728750609 -0.011911269006630105 -0.0090175079638137885 0.041791473014460304 -0.045791555906972134 0.032159259564779386 -0.030506507961950573 0.050252608054814657 -0.049622705440220509 -0.051766715477269999 0.048219843951090316 0.0071536589784950734 -0.048617355329600806
leaf_weight=17.912985160946846 488.82123051583767 5.3015326857566825 3.6443280875682822 4.9291551858186713 27.006194710731506 6.5394453257322303 9.5570260584354383 5.3000224828720084 447.16282692551613 45.082607343792915 30.413382276892662 129.13854333758354 10.069592610001566 6.1156275719404212
leaf_count=110 2982 22 16 22 65 40 26 28 941 275 186 280 37 37
internal_value=7.65012e-05 0.0373342 0.0439574 -0.0452886 -0.0122261 0.0238866 0.0467686 0.00929016 0.0476856 -0.0445844 -0.0462167 0.0480716 0.0410631 -0.0155223
internal_weight=1236.99 679.285 628.901 557.709 68.8882 33.5456 610.988 14.857 596.131 50.3841 35.3425 592.487 145.324 16.1852
internal_count=5067 1772 1475 3295 313 105 1365 54 1311 297 208 1295 354 74
is_linear=0
shrinkage=0.03


Tree=7
num_leaves=15
num_cat=0
split_feature=8 3 5 3 6 5 8 2 3 8 3 8 4 2
split_gain=2157.15 315.152 160.175 87.7724 156.584 59.4322 24.7468 113.288 12.2742 10.9616 9.0345 6.10246 5.54914 21.9807
threshold=1.7186234944400616 27.720406532287601 303.67332458496099 10.121561050415041 8.0502514839172381 202.47442626953128 1.3308262662586572 28.686122894287113 9.9125213623046893 0.96827663963935617 28.135394096374515 1.418025689609385 36.131278991699226 30.596264839172367
decision_type=2 2 2 2 2 2 2 2 2 2 2 2 2 2
left_child=1 2 5 -2 12 -1 -7 8 -8 10 -3 -9 -5 -14
right_child=3 9 -4 4 -6 6 7 11 -10 -11 -12 -13 13 -15
leaf_value=-0.040400846223319874 -0.049548916713131441 0.012490116147234546 -0.048272790270144111 -0.048976444304669596 0.042700721734932306 0.048534523899160721 0.013368224564508946 -0.0067666055868517358 0.047189913669727968 -0.049303442989024657 -0.036654872705419062 -0.042524155283498594 -0.046467412723421239 0.031737780238907394
leaf_weight=6.6986060738563529 461.25445455312729 5.6086292564868909 16.638343974947929 44.410073831677437 26.888038799166679 453.20383401215076 11.583886250853537 6.7681524008512524 115.14925239980221 32.728473424911499 6.1892969310283661 13.259033247828482 9.8623837828636152 3.7882217317819586
leaf_count=39 2848 20 103 273 63 973 39 29 251 203 36 77 61 11
internal_value=-0.000215317 0.0359264 0.0414423 -0.0443897 -0.0161255 0.0439782 0.044986 0.0337735 0.0442273 -0.040502 -0.0141414 -0.0313365 -0.0436298 -0.0240795
internal_weight=1214.03 667.828 623.301 546.203 84.9487 606.663 599.964 146.76 126.733 44.5264 11.7979 20.0272 58.0607 13.6506
internal_count=5026 1770 1511 3256 408 1408 1369 396 290 259 56 106 345 72
is_linear=0
shrinkage=0.03


Tree=8
num_leaves=15
num_cat=0
split_feature=8 0 3 6 3 4 2 8 0 8 2 0 4 2
split_gain=2148.95 380.57 165.557 57.7272 164.995 26.3562 19.8707 7.97651 7.18454 56.015 21.5964 3.7161 0.23693 0.21836
threshold=1.7186234944400616 27.757070541381839 7.3443951606750497 8.0502514839172381 5.1033663749694833 36.456491470336921 17.37645244598389 0.79434007478810331 23.745889663696293 1.2649646905392355 29.732565879821781 17.02110576629639 35.462495803833015 29.195244789123539
decision_type=2 2 2 2 2 2 2 2 2 2 2 2 2 2
left_child=1 2 -1 -2 13 6 -4 -3 12 -10 -11 -6 -8 -5
right_child=3 7 5 4 11 -7 8 -9 9 10 -12 -13 -14 -15
leaf_value=-0.04744482583957764 -0.049065669082134201 -0.012942643748922851 -0.022440402204153224 -0.049063562625609722 0.014211255838411756 -0.0048602243298972855 0.047829717906652705 -0.048867846632699129 0.046789706200341764 0.023155219830926214 -0.043117996534487092 0.043333698474716527 0.033524051911145686 -0.024350101617455988
leaf_weight=17.294901207089424 443.61775948107243 7.3968325257301322 3.3047165125608435 63.892661720514297 6.3424900174140957 9.3284125179052335 479.04559262096882 41.912511587142944 90.245391726493835 7.2639161348342887 8.7076005935668928 21.58250167965889 11.386760219931601 3.3447606563568106
leaf_count=108 2773 35 16 400 21 39 1032 262 197 22 51 51 29 19
internal_value=0.000144045 0.035748 0.0420714 -0.0445037 -0.022948 0.0446859 0.0454631 -0.0438431 0.0458761 0.0377004 -0.0133883 0.0374392 0.0475665 -0.048209
internal_weight=1214.67 675.887 626.577 538.78 95.1624 609.282 599.954 49.3093 596.649 106.217 15.9715 27.925 490.432 67.2374
internal_count=5055 1791 1494 3264 491 1386 1347 297 1331 270 73 72 1061 419
is_linear=0
shrinkage=0.03


Tree=9
num_leaves=15
num_cat=0
split_feature=3 1 0 7 3 2 6 3 7 3 2 3 7 1
split_gain=1811.46 723.26 44.2541 32.4304 104.054 31.0665 27.2745 16.04 11.4438 11.1961 13.7841 9.53912 15.4168 3.17465
threshold=8.3116488456726092 23.432154655456547 27.723476409912113 -0.42492168740723707 24.925055503845218 17.37645244598389 8.0268964767456072 7.3443951606750497 -0.036036480131971409 26.085324287414554 30.615234375000004 9.5490527153015154 0.024486164474482767 17.175469398498539
decision_type=2 2 2 2 2 2 2 2 2 2 2 2 2 2
left_child=7 3 6 4 -2 -5 9 -1 -9 10 -3 12 -7 -13
right_child=1 2 -4 5 -6 11 -8 8 -10 -11 -12 13 -14 -15
leaf_value=-0.047950150798280126 -0.047743102943577524 -0.041623035079329948 -0.046947357667328368 -0.033361399269381156 0.043208357219102503 -0.0095236889191846752 -0.046007995575047728 -0.036166546976497863 0.017312875408608066 0.033312744549934166 0.026664819006186679 0.046614179258373786 0.0416316625134927 0.03358711839340011
leaf_weight=448.83487263321877 14.262024909257887 4.639967426657682 94.790946930646896 3.9058554321527472 43.588607132434845 7.7078373581171062 8.6596935391426069 6.998650848865509 5.7233051359653455 11.389586910605429 4.1072738319635391 495.3205783367157 14.007330790162085 30.076653733849525
leaf_count=2835 89 29 592 22 100 34 54 42 19 30 13 1083 32 80
internal_value=-0.000514176 0.0288062 -0.0371417 0.0422312 0.0203557 0.0444868 -0.00437165 -0.0470051 -0.0125991 0.0148633 -0.0101124 0.0451024 0.0238541 0.0459337
internal_weight=1194.01 732.456 123.587 608.869 57.8506 551.018 28.7965 461.557 12.722 20.1368 8.74724 547.112 21.7152 525.397
internal_count=5054 2158 718 1440 189 1251 126 2896 61 72 42 1229 66 1163
is_linear=0
shrinkage=0.03


Tree=10
num_leaves=15
num_cat=0
split_feature=8 0 0 7 5 1 2 8 8 2 7 8 7 2
split_gain=1860.49 355.457 143.321 64.6169 91.532 14.6429 12.5605 9.5838 9.35927 73.2348 7.40445 5.38972 4.5082 2.83586
threshold=1.7186234944400616 27.757070541381839 9.3723263740539569 -0.27005845596702188 217.00405883789065 24.237989425659183 17.37645244598389 1.8246544962947333 1.3018557883220179 28.837153434753422 -0.20327950334703357 0.79434007478810331 -0.16187185271061402 30.457540512084964
decision_type=2 2 2 2 2 2 2 2 2 2 2 2 2 2
left_child=1 2 -1 -2 12 6 -4 -6 -8 10 -10 -3 -5 -11
right_child=3 11 5 4 7 -7 8 -9 9 13 -12 -13 -14 -15
leaf_value=-0.045557861492066629 -0.046268945060422853 -0.015103651209356174 -0.0064436771080532444 0.012789944531664384 -0.0041185877233133137 0.0049979762848631889 0.046018075589521638 -0.048299317497713948 0.017263891519937055 -0.0098947433003960146 0.045043220173878559 -0.047075635134851974 0.041158516610400729 -0.041118468892429531
leaf_weight=16.312626197934151 461.13112679123878 6.6800033748149863 4.3103159666061392 9.1448521465063113 5.3275880217552176 9.4615501016378385 420.31770512461662 32.069849595427513 11.085694059729574 4.8629498630762082 121.29529967904091 42.582111179828644 15.064979985356329 7.8162693530321121
leaf_count=104 2933 33 18 33 23 36 925 203 35 22 270 272 35 46
internal_value=-0.00040057 0.0336779 0.0400935 -0.0424156 -0.0132948 0.0425804 0.0431947 -0.0422766 0.0435838 0.0362638 0.0428638 -0.0431269 0.0313752 -0.0307418
internal_weight=1167.46 644.725 595.462 522.738 61.6073 579.15 569.688 37.3974 565.378 145.06 132.381 49.2621 24.2098 12.6792
internal_count=4988 1761 1456 3227 294 1352 1316 226 1298 373 305 305 68 68
is_linear=0
shrinkage=0.03


Tree=11
num_leaves=15
num_cat=0
split_feature=8 0 0 3 6 4 6 8 0 8 5 3 4 4
split_gain=1809.01 312.933 147.318 58.0462 120.966 19.0512 20.3655 9.44707 67.4711 8.28418 5.58307 4.5286 3.64169 10.4586
threshold=1.7186234944400616 27.757070541381839 9.3723263740539569 9.7895259857177752 8.0502514839172381 36.440649032592781 8.023318290710451 1.3308262662586572 22.85886383056641 0.79434007478810331 213.42337036132815 9.9125213623046893 36.131278991699226 36.219238281250007
decision_type=2 2 2 2 2 2 2 2 2 2 2 2 2 2
left_child=1 2 -1 -2 12 7 -7 -4 11 -3 -10 -9 -5 -14
right_child=3 9 5 4 -6 6 -8 8 10 -11 -12 -13 13 -15
leaf_value=-0.044994046114541289 -0.046000158320741988 -0.0092717866024246403 0.045215066930143086 -0.046794828391536127 0.035442526953029969 0.033604890209553838 -0.044336138041369301 0.021559401843296546 -0.0042446450470988205 -0.04618004181887464 -0.041872167935358751 0.044263240008134398 0.0096585620642965289 -0.042770787852518519
leaf_weight=17.225128963589668 434.07327841222286 7.0067370980978003 430.68523041903973 43.420771732926369 25.304010167717934 6.3790605962276441 4.1058428138494492 11.616818144917486 6.557667598128317 39.1411312520504 7.4355247616767883 112.56733824312687 4.6932276487350455 9.1431661546230298
leaf_count=111 2803 33 959 280 65 16 25 35 28 253 44 253 19 59
internal_value=0.000144102 0.0337194 0.0395497 -0.0416098 -0.0182528 0.0421366 0.00188066 0.0428739 0.0353044 -0.0408917 -0.0256979 0.0423286 -0.0421837 -0.0255347
internal_weight=1159.35 642.72 596.573 516.634 82.5612 579.347 10.4849 568.863 138.177 46.1479 13.9932 124.184 57.2572 13.8364
internal_count=4983 1757 1471 3226 423 1360 41 1319 360 286 72 288 358 78
is_linear=0
shrinkage=0.03


Tree=12
num_leaves=15
num_cat=0
split_feature=3 1 7 6 0 2 2 3 3 7 3 7 2 1
split_gain=1581.39 597.891 52.4603 77.2781 23.6879 20.9405 15.8645 14.8665 8.48513 12.909 7.93809 24.2779 3.54595 2.83662
threshold=8.3116488456726092 24.514926910400394 -0.42492168740723707 8.0317277908325213 27.32044887542725 16.639101028442386 30.792193412780765 24.925055503845218 7.3443951606750497 -0.036036480131971409 9.5490527153015154 1.0000000180025095e-35 20.759318351745609 3.4923124313354497
decision_type=2 2 2 2 2 2 2 2 2 2 2 2 2 2
left_child=8 2 3 6 -3 -4 -2 -5 -1 -10 11 -7 13 -12
right_child=1 4 5 7 -6 10 -8 -9 9 -11 12 -13 -14 -15
leaf_value=-0.045621171061812335 -0.0012629521592747684 0.013696449614372462 -0.030260294974482255 -0.04603875739838996 -0.043548644603199183 -0.025142846721944782 0.042336874363789335 0.0051898225533837548 -0.041513561036523615 0.017728405901538114 0.039762665573421715 0.041867167219580927 0.043647935200905319 0.011635582641593006
leaf_weight=425.41956470906734 9.0008390396833402 6.5330597907304755 2.9310663342475882 15.586939990520479 94.692188173532486 6.0736527889966991 42.708935216069221 7.090338557958602 7.077408641576767 4.8568409234285337 5.9386142194271079 15.811242043972014 497.79444973170757 8.3292751759290677
leaf_count=2790 39 23 16 100 608 32 101 27 46 16 13 36 1137 28
internal_value=-6.1081e-05 0.0274915 0.0386745 0.0148064 -0.0397562 0.0419478 0.0348677 -0.0304788 -0.0449072 -0.0178974 0.0424 0.022984 0.0431834 0.0251803
internal_weight=1149.84 712.491 611.265 74.3871 101.225 536.878 51.7098 22.6773 437.354 11.9342 533.947 21.8849 512.062 14.2679
internal_count=5012 2160 1529 267 631 1262 140 127 2852 62 1246 68 1178 41
is_linear=0
shrinkage=0.03


Tree=13
num_leaves=15
num_cat=0
split_feature=8 0 0 7 3 2 7 8 2 2 8 0 5 3
split_gain=1596.12 271.038 114.205 113.352 115.007 10.3522 11.2724 45.284 9.80093 7.43348 7.10956 5.25025 5.24048 4.38292
threshold=1.6538148643445292 27.723476409912113 9.3723263740539569 -0.27005845596702188 9.7895259857177752 17.528507232666019 -0.23765864754263308 1.2649646905392355 29.287972450256351 27.136930465698246 0.81651282847405371 23.745889663696293 220.10530853271487 11.125223636627199
decision_type=2 2 2 2 2 2 2 2 2 2 2 2 2 2
left_child=1 2 -1 13 9 -4 7 -7 -9 -5 -3 -8 -6 -2
right_child=3 10 5 4 12 6 11 8 -10 -11 -12 -13 -14 -15
leaf_value=-0.042944622974837914 -0.044769356186731578 -0.010384623492946421 -0.0032985696008739078 -0.041863552592328115 0.040426558812400079 0.040549573019964986 0.044337126722643463 0.012505312733848365 -0.028450936633656509 0.0038561516491790581 -0.044599568896862771 0.018109626013848253 0.012614669639801878 -0.03432677660637256
leaf_weight=14.192214921116827 393.10352769494057 7.2890015095472327 4.5566676557064048 37.904890403151512 27.416830360889435 102.40633229911327 416.45078465342522 9.2431262284517306 10.00867886841297 3.3122820258140555 35.122211962938309 8.8844484537839872 9.2749283760786039 60.832423999905586
leaf_count=94 2617 35 18 241 65 244 942 31 54 15 233 28 31 373
internal_value=0.000199603 0.0333704 0.0388621 -0.0377219 -0.0042284 0.041041 0.0414157 0.0326759 -0.0091406 -0.0381851 -0.0390939 0.043833 0.0339175 -0.0434485
internal_weight=1140 608.153 565.742 531.845 77.9089 551.55 546.993 121.658 19.2518 41.2172 42.4112 425.335 36.6918 453.936
internal_count=5021 1679 1411 3342 352 1317 1299 329 85 256 268 970 96 2990
is_linear=0
shrinkage=0.03


Tree=14
num_leaves=15
num_cat=0
split_feature=7 2 2 0 7 2 7 1 1 4 4 6 4 0
split_gain=1183.54 276.319 209.119 104.814 42.2601 52.6999 45.0139 36.6924 28.2887 28.5194 27.5892 20.9343 38.9407 19.5651
threshold=-0.27530551117080021 31.03082370758057 18.088094711303714 27.970326423645023 -0.72497119973652457 28.564537048339847 -0.42492168740723707 2.0734214782714848 16.420977592468265 35.213834762573249 36.139202117919929 8.0196533203125018 36.232385635375984 26.513155937194828
decision_type=2 2 2 2 2 2 2 2 2 2 2 2 2 2
left_child=1 4 -2 -3 -1 -6 10 -4 -9 -10 -7 -12 -13 -8
right_child=2 3 7 -5 5 6 13 8 9 -11 11 12 -14 -15
leaf_value=-0.043642571108316493 -0.032949110453211652 0.040448120160235156 -0.037940747479746462 -0.040275920585969793 -0.043409564107643128 -0.042962382053042592 0.028043767754289878 0.040119102943977913 -0.044136024580479077 0.028867387671702285 0.035738769090367377 0.02851865159793705 -0.044501872384211855 -0.036652463591290145
leaf_weight=335.73410493135452 39.963789284229279 62.557431384921074 4.9429992735385886 17.871760502457619 79.03791943192482 33.796542882919312 27.284047126770023 464.57547709345818 6.5640893727540996 12.2651359885931 7.7458180785179129 9.6309066563844699 16.610931143164635 4.0553868114948264
leaf_count=2254 242 150 33 117 530 224 79 1138 42 37 20 28 110 27
internal_value=-0.000233458 -0.0292524 0.032405 0.0222365 -0.0373384 -0.0252813 -0.0105372 0.0378097 0.038661 0.00247518 -0.0241759 -0.00480099 -0.0176398 0.0187974
internal_weight=1122.64 594.325 528.311 80.4292 513.896 178.162 99.1236 488.348 483.405 18.8292 67.7842 33.9877 26.2418 31.3394
internal_count=5031 3539 1492 267 3272 1018 488 1250 1217 79 382 158 138 106
is_linear=0
shrinkage=0.03


Tree=15
num_leaves=15
num_cat=0
split_feature=8 0 0 7 5 8 1 8 2 6 8 2 7 2
split_gain=1467.87 253.252 113.868 63.9793 99.7165 16.0234 15.3409 10.2177 8.24221 8.20819 7.09414 67.3628 8.7161 3.82026
threshold=1.7186234944400616 27.723476409912113 9.3723263740539569 -0.29034235845436052 217.00405883789065 1.8086429447539116 23.577324867248539 0.79434007478810331 17.37645244598389 8.0256605148315447 1.2510358432231932 28.784637451171879 -0.23608439396596251 30.457540512084964
decision_type=2 2 2 2 2 2 2 2 2 2 2 2 2 2
left_child=1 2 -1 -2 -5 -6 8 -3 -4 -8 -10 12 -12 -13
right_child=3 7 6 4 5 -7 9 -9 10 -11 11 13 -14 -15
leaf_value=-0.042043946690243819 -0.042564453103407146 -0.0043923041928693972 -0.0024024987855996035 0.031214864356701098 0.0072153511680069131 -0.045341600030761542 0.021760855274786217 -0.043582630602754621 0.042940095895077475 -0.024513396168124892 0.010059340334844983 -0.010861917501349983 0.041651403774048162 -0.046104175166364683
leaf_weight=15.178285107016562 416.51673611998558 7.411696344614028 3.9748744815587989 28.530629128217697 5.6705067902803412 41.143942967057228 10.201760798692701 36.456785127520561 364.11444102227688 4.0423774272203437 9.084046542644499 5.6983564049005491 147.98760031163692 6.3966805785894394
leaf_count=103 2834 34 16 82 22 275 32 248 847 21 31 26 350 40
internal_value=0.000559653 0.0316081 0.0369915 -0.0379667 -0.0123249 -0.0389578 0.0392388 -0.0372068 0.040054 0.00788199 0.0403744 0.034632 0.0398995 -0.0315978
internal_weight=1102.41 610.547 566.678 491.862 75.3451 46.8144 551.5 43.8685 537.256 14.2441 533.281 169.167 157.072 12.095
internal_count=4961 1748 1466 3213 379 297 1363 282 1310 53 1294 447 381 66
is_linear=0
shrinkage=0.03


Tree=16
num_leaves=15
num_cat=0
split_feature=8 0 0 7 2 8 6 2 1 8 6 8 8 1
split_gain=1428.29 239.215 105.888 96.0532 86.8054 16.9507 16.9655 13.0365 9.82372 42.6181 18.88 7.36927 7.24255 4.26383
threshold=1.6538148643445292 27.757070541381839 9.3723263740539569 -0.27005845596702188 25.119119644165043 2.3365782228869048 8.0607676506042498 17.37645244598389 13.429676055908205 1.3308262662586572 8.0746407508850115 0.79434007478810331 1.8086429447539116 21.912405967712406
decision_type=2 2 2 2 2 2 2 2 2 2 2 2 2 2
left_child=1 2 -1 -2 12 -6 -7 -4 -9 -10 13 -3 -5 -11
right_child=3 11 7 4 5 6 -8 8 9 10 -12 -13 -14 -15
leaf_value=-0.041268921645560085 -0.041745557732931225 -0.0075925923511937768 -0.01838403485618811 -0.0092409784731831961 0.037859782922413009 0.032284403653502734 -0.039279855187051203 0.042360138779894148 0.03863960408205247 -0.040031630201664906 0.02842273759228181 -0.042756605961843955 -0.044805385478222312 -0.003812226028693356
leaf_weight=14.357627615332602 440.60825255513191 6.8989481776952735 2.9822309017181388 7.0005940794944754 28.263887092471123 4.5620138347148878 5.4636445045471191 374.15322171151638 139.6251069009304 8.42347100377083 7.4416779279708853 34.366667285561562 28.064191207289696 4.5728769004344931
leaf_count=99 3039 33 14 33 70 13 36 884 346 49 20 238 189 20
internal_value=9.91272e-05 0.0318068 0.0370274 -0.0364643 -0.00460721 0.0263072 -0.00674107 0.0391928 0.0395479 0.0327521 -0.00739557 -0.0371965 -0.0381582 -0.0284704
internal_weight=1106.78 592.822 551.556 513.963 73.3543 38.2895 10.0257 537.199 534.216 160.063 20.438 41.2656 35.0648 12.9963
internal_count=5083 1703 1432 3380 341 119 49 1333 1319 435 89 271 222 69
is_linear=0
shrinkage=0.03


Tree=17
num_leaves=15
num_cat=0
split_feature=3 1 7 6 2 3 0 3 7 3 7 3 2 0
split_gain=1250.52 494.916 42.5615 70.782 22.6818 19.8945 15.8334 11.6169 11.6223 6.20561 18.9958 4.97149 2.75124 2.38413
threshold=8.3116488456726092 24.514926910400394 -0.42492168740723707 8.0276145935058612 17.37645244598389 25.401679992675785 27.32044887542725 7.3443951606750497 -0.036036480131971409 9.7895259857177752 -0.036036480131971409 26.275712013244632 30.822882652282718 23.203595161437992
decision_type=2 2 2 2 2 2 2 2 2 2 2 2 2 2
left_child=7 2 3 12 -4 -5 -3 -1 -9 10 -6 -7 -2 -11
right_child=1 6 4 5 9 11 -8 8 -10 13 -12 -13 -14 -15
leaf_value=-0.042334573558035979 0.015864969054655922 0.007737561543806378 -0.030027849273618852 -0.043631501047262086 -0.017932871735402218 0.024905908939909724 -0.040772605394406157 -0.03815313257280533 0.016429121113673017 0.041221352262001597 0.037523329341133248 -0.012193797591079454 0.04001624599449017 0.03391494501401203
leaf_weight=391.89135901629925 6.8216767609119406 6.1749259978532782 3.6154139637947074 16.387892693281177 6.7749911695718792 5.6613671928644163 89.989887863397598 6.0547069609165192 6.1544861793518049 394.63415661454201 20.884386405348778 5.4816584885120392 37.898812994360924 84.222089022397995
leaf_count=2764 26 24 21 111 34 16 617 42 21 954 52 26 93 224
internal_value=0.00028795 0.0251587 0.03557 0.0137729 0.0386242 -0.023546 -0.0376101 -0.0414329 -0.0114782 0.0391724 0.0237879 0.00715401 0.0367598 0.0400096
internal_weight=1082.65 678.547 582.382 72.2514 510.131 27.5309 96.1648 404.101 12.2092 506.516 27.6594 11.143 44.7205 478.856
internal_count=5025 2198 1557 272 1285 153 641 2827 63 1264 86 42 119 1178
is_linear=0
shrinkage=0.03


Tree=18
num_leaves=15
num_cat=0
split_feature=8 0 5 7 3 5 7 8 2 2 0 5 8 3
split_gain=1284 226.34 96.6759 82.4892 91.6154 19.9321 12.1023 50.4084 9.95826 7.50531 5.61032 5.27966 5.16354 3.12207
threshold=1.6538148643445292 27.757070541381839 303.67332458496099 -0.27005845596702188 10.475234031677248 213.12669372558597 -0.23765864754263308 1.2649646905392355 17.37645244598389 29.136576652526859 23.745889663696293 203.47237396240237 0.70939638906846747 24.255983352661136
decision_type=2 2 2 2 2 2 2 2 2 2 2 2 2 2
left_child=1 2 6 -2 5 -5 7 11 -8 -9 -10 -1 -3 -11
right_child=3 12 -4 4 -6 -7 8 9 10 13 -12 -13 -14 -15
leaf_value=0.0082993076422613245 -0.040736462975257182 -0.0092751840662998308 -0.040558053077883155 0.020521527011291753 0.032516250708395672 -0.041596114132466576 -0.013375803460316771 0.0041401775879267204 0.041212840547189482 -0.0084045982353975601 0.015046027305090026 0.039301577089398999 -0.041855272529050032 -0.044578420934743949
leaf_weight=5.8821266591548911 417.63685636222363 5.7559690922498694 13.798827245831488 4.6740497201681128 30.924786299467087 37.762273982167244 2.6559838801622382 9.245083689689638 393.33148193359375 3.9226845949888212 9.0323967635631544 88.277005657553673 34.39457768201828 5.9140906780958176
leaf_count=21 2975 28 98 16 83 255 12 34 959 19 30 218 245 37
internal_value=-4.10821e-05 0.0304738 0.0356658 -0.0355929 -0.00615706 -0.0344394 0.0377695 0.0285245 0.0402777 -0.0152962 0.0406642 0.0374724 -0.0375235 -0.0322598
internal_weight=1063.21 572.21 532.06 490.998 73.3611 42.4363 518.261 113.241 405.02 19.0819 402.364 94.1591 40.1505 9.83678
internal_count=5030 1701 1428 3329 354 271 1330 329 1001 90 989 239 273 56
is_linear=0
shrinkage=0.03


Tree=19
num_leaves=15
num_cat=0
split_feature=8 0 5 8 6 5 1 4 4 0 8 2 5 8
split_gain=1230.9 204.041 93.5972 69.6075 106.443 12.118 10.1566 10.0494 8.29835 7.10666 6.45398 53.7809 7.8286 3.69739
threshold=1.6423391719235461 27.757070541381839 303.67332458496099 2.4363410576250355 8.0502514839172381 202.98913574218753 24.751945495605472 36.131278991699226 36.203889846801765 16.663056373596195 1.2210122816461191 28.784637451171879 210.00251770019534 2.8311094832270411
decision_type=2 2 2 2 2 2 2 2 2 2 2 2 2 2
left_child=1 2 5 4 7 -1 -3 -2 -9 -6 -7 -12 -13 -5
right_child=3 6 -4 13 9 10 -8 8 -10 -11 11 12 -14 -15
leaf_value=-0.0093041320456613962 -0.037423839186797404 0.0046029599278447969 -0.039935654363954999 -0.027308538714555759 0.0028067166052022545 0.040777085796838294 -0.039942575094683568 0.022413422728165849 -0.033367051569477342 0.038398862016266112 0.038093383034864731 0.0046626104717642503 -0.038784244433873315 -0.041487456101305824
leaf_weight=4.5128068625926963 61.386379182338715 5.0686287134885779 13.554602667689322 25.578419834375381 6.4108884185552588 340.94812074303627 34.582749724388123 4.6928437650203696 3.1515310108661652 26.056459158658981 144.00780409574509 5.8733324110507956 8.3870246261358243 355.30714260041714
leaf_count=20 421 22 98 168 24 842 247 18 22 65 368 23 49 2598
internal_value=0.00030328 0.0306659 0.0357004 -0.0347283 -0.0125214 0.0378107 -0.0342752 -0.0333994 -0.00123561 0.0316648 0.0382544 0.032598 -0.0217571 -0.0406093
internal_weight=1039.52 556.935 517.284 482.584 101.698 503.729 39.6514 69.2308 7.84437 32.4673 499.216 158.268 14.2604 380.886
internal_count=4985 1669 1400 3316 550 1302 269 461 40 89 1282 440 72 2766
is_linear=0
shrinkage=0.03


Tree=20
num_leaves=15
num_cat=0
split_feature=8 1 3 7 3 5 1 6 8 3 7 5 7 1
split_gain=1198.82 195.956 85.3335 76.3676 98.7031 9.84587 9.22529 8.03769 6.77773 39.2564 10.4332 5.29634 5.02476 2.58776
threshold=1.6538148643445292 24.514926910400394 7.6680140495300302 -0.29034235845436052 9.7895259857177752 202.78594207763675 25.060378074646 8.0536298751831072 1.211928544283156 23.548137664794925 -0.23608439396596251 216.28681945800784 -0.52676163825421463 9.6621294021606463
decision_type=2 2 2 2 2 2 2 2 2 2 2 2 2 2
left_child=1 2 -1 -2 11 -4 -3 -6 -7 10 -10 -5 -11 -9
right_child=3 6 5 4 7 8 -8 13 9 12 -12 -13 -14 -15
leaf_value=-0.037095541881538553 -0.040020030271732454 -0.0021175812225871704 -0.0029794183811671046 -0.0041574144588528107 -5.8876813043253623e-05 0.040135555971088303 -0.03872564996622449 0.017897764075638933 0.0028693461883056862 -0.033614158287389055 0.038450616932762353 -0.040725613839092553 0.00089228428548308782 0.041923493133538568
leaf_weight=13.587422668933867 401.88762238621712 7.6831040233373633 5.3138725757598868 4.1753408759832373 6.7777490168809882 335.43194000422955 33.799372404813766 7.7550968974828747 8.0222136676311475 5.9898991584777823 135.09670794010162 39.358974412083626 8.207427501678465 20.573918849229813
leaf_count=97 2970 34 23 21 27 845 242 24 30 37 347 280 32 48
internal_value=-0.000114983 0.0299731 0.0350631 -0.0347394 -0.00758989 0.037102 -0.0321548 0.0293766 0.0375394 0.0317854 0.0364899 -0.0373905 -0.01492 0.0361809
internal_weight=1033.66 553.132 511.649 480.529 78.6411 498.062 41.4825 35.1068 492.748 157.316 143.119 43.5343 14.1973 28.329
internal_count=5057 1687 1411 3370 400 1314 276 99 1291 446 377 301 69 72
is_linear=0
shrinkage=0.03


Tree=21
num_leaves=15
num_cat=0
split_feature=8 0 0 6 8 1 1 4 0 2 1 8 2 8
split_gain=1115.09 219.064 92.2592 48.5142 113.204 12.346 10.2456 9.84694 8.96869 7.27306 5.86972 25.7608 22.0955 2.87421
threshold=1.7186234944400616 27.683883666992191 9.3723263740539569 8.0502514839172381 3.0939020039652587 23.577324867248539 24.65372467041016 36.440649032592781 16.827790260314945 16.639101028442386 13.429676055908205 1.3408419963373561 28.686122894287113 1.0249685865470306
decision_type=2 2 2 2 2 2 2 2 2 2 2 2 2 2
left_child=1 2 -1 -2 8 9 -3 -7 -5 -4 -11 13 -13 -12
right_child=3 6 5 4 -6 7 -8 -9 -10 10 11 12 -14 -15
leaf_value=-0.039074832150008607 -0.039824945726091181 0.0041902836575333198 -0.0059788905953830612 -0.004434420834834087 -0.039782320354204863 0.025821920872845166 -0.040886355935606793 -0.026680973221278489 0.038246094490808506 0.03934364655426896 0.038949956212438963 0.026467246330987522 -0.035594672799236435 0.025178203922062662
leaf_weight=14.386914536356924 367.96379996836185 4.9289066195487967 3.2999822795391074 5.0905120372772243 55.739864274859428 6.846968859434126 38.467132806777954 4.4669150114059448 25.415430024266243 342.23342347145081 93.750052034854889 10.543678954243662 8.3419235199689847 25.187501564621925
leaf_count=107 2764 21 14 21 416 20 286 24 67 882 240 30 50 75
internal_value=-0.000297733 0.0283094 0.0338329 -0.0350782 -0.014602 0.0360279 -0.0357875 0.00460953 0.0312093 0.0367523 0.0370579 0.0311394 -0.00135743 0.0362677
internal_weight=1006.66 552.453 509.057 454.21 86.2458 494.67 43.396 11.3139 30.5059 483.357 480.057 137.823 18.8856 118.938
internal_count=5017 1749 1442 3268 504 1335 307 44 88 1291 1277 395 80 315
is_linear=0
shrinkage=0.03


Tree=22
num_leaves=15
num_cat=0
split_feature=8 1 3 3 6 1 6 1 8 2 2 4 2 2
split_gain=1085.55 194.677 90.0787 50.1329 91.7602 18.9041 12.8203 7.55614 32.5548 23.1311 5.18509 3.79954 16.8153 3.25822
threshold=1.7186234944400616 25.060378074646 7.3443951606750497 9.7895259857177752 8.0502514839172381 23.740074157714847 8.0222949981689471 13.429676055908205 1.2373229125795089 28.784637451171879 17.37645244598389 36.131278991699226 30.596264839172367 30.040485382080082
decision_type=2 2 2 2 2 2 2 2 2 2 2 2 2 2
left_child=1 2 -1 -2 11 7 -7 10 -9 -10 -4 -5 -13 -3
right_child=3 13 5 4 -6 6 -8 8 9 -11 -12 12 -14 -15
leaf_value=-0.038833565537364556 -0.039445743853304183 -0.009793817945932164 0.0024397899849571171 -0.039433568878455817 0.034196608964608292 0.027847740783729501 -0.024156621661085009 0.036892999400928682 0.02325927907104014 -0.031297192689696079 0.039221099124171162 -0.037560695985954511 0.034625208064129026 -0.040299389897288575
leaf_weight=14.422241568565367 366.82127633690834 4.3114196658134452 3.6232295036315909 40.245395720005035 24.666732236742973 7.5663891136646253 7.5053689181804657 110.04202350974083 15.360024869441988 11.217733204364775 339.57660385966301 9.3497949540615064 3.1517917811870566 33.045646145939827
leaf_count=109 2814 24 14 302 66 22 41 292 46 64 887 70 10 250
internal_value=-2.89061e-05 0.0282543 0.0331131 -0.0348192 -0.0126729 0.0352839 0.00205912 0.0363211 0.0297546 -6.73864e-05 0.038841 -0.0348195 -0.0181452 -0.0371258
internal_weight=990.906 546.671 509.314 444.235 77.4137 494.891 15.0718 479.82 136.62 26.5778 343.2 52.747 12.5016 37.3571
internal_count=5011 1749 1475 3262 448 1366 63 1303 402 110 901 382 80 274
is_linear=0
shrinkage=0.03


Tree=23
num_leaves=15
num_cat=0
split_feature=8 0 3 3 6 7 8 8 2 1 0 7 0 0
split_gain=1042.56 191.889 84.6453 42.0167 74.72 10.567 51.2193 10.0716 9.09388 5.59247 17.84 3.33654 3.17114 3.10961
threshold=1.7186234944400616 27.757070541381839 7.3443951606750497 9.7895259857177752 8.0502514839172381 -0.23765864754263308 1.3308262662586572 0.79434007478810331 16.051240921020511 24.514926910400394 27.451275825500492 -0.3906609491520896 16.916355133056644 23.62601470947266
decision_type=2 2 2 2 2 2 2 2 2 2 2 2 2 2
left_child=1 2 -1 -2 9 6 -4 -3 -7 10 -5 -8 -6 -10
right_child=3 7 5 4 12 8 11 -9 13 -11 -12 -13 -14 -15
leaf_value=-0.038472003646340937 -0.039293561764601352 -0.00052086941398393413 0.035236086560814887 -0.038297512066264187 0.0062292021280282604 -0.031524448676468732 -0.031818828775971253 -0.039708097260294069 0.038514485092301994 -0.039901590514547933 0.031881807695335149 -0.0049609011697222738 0.035667709182891395 0.018650420224591978
leaf_weight=13.67598535120487 357.10490022599697 7.0989788919687262 92.328253909945488 8.6002389490604383 4.5594093501567867 0.99706025421619315 9.2054801434278506 34.832246080040932 353.31602592766285 38.1317168623209 4.0369226783514014 7.7617961913347235 18.124188542366028 10.08142341673374
leaf_count=105 2797 34 251 64 16 6 57 270 943 295 14 31 48 33
internal_value=-0.000420755 0.0277555 0.0330607 -0.0350428 -0.0141265 0.0352026 0.0264773 -0.0332403 0.0377401 -0.0341614 -0.0151849 -0.0204924 0.0302634 0.0380161
internal_weight=959.855 529.297 487.366 430.557 73.4525 473.69 109.296 41.9312 364.395 50.7689 12.6372 16.9673 22.6836 363.397
internal_count=4964 1730 1426 3234 437 1321 339 304 982 373 78 88 64 976
is_linear=0
shrinkage=0.03


Tree=24
num_leaves=15
num_cat=0
split_feature=8 0 3 7 5 8 0 8 6 7 0 8 5 1
split_gain=1017.18 187.365 80.2797 42.4339 57.8184 26.8572 11.1895 42.6808 6.27223 4.19318 5.72117 3.96359 3.9457 3.57287
threshold=1.7186234944400616 27.723476409912113 7.3443951606750497 -0.27005845596702188 220.45568847656253 3.1362207048849609 23.62601470947266 1.1974809397290773 8.0571122169494647 -0.23765864754263308 9.7323832511901873 0.79434007478810331 203.21747589111331 21.519083023071293
decision_type=2 2 2 2 2 2 2 2 2 2 2 2 2 2
left_child=1 2 -1 -2 5 -5 9 12 13 -4 -11 -3 -8 -9
right_child=3 11 6 4 -6 -7 7 8 -10 10 -12 -13 -14 -15
leaf_value=-0.037932776895950648 -0.0383262909427802 -0.011053430376736569 0.0196701993705461 0.036045034723893102 -0.038362640038736961 -0.036243267196727172 0.0075910488397290471 -0.032881418760628188 0.016752680645930829 -0.0018248973101472551 0.03785989992758642 -0.039240465147889599 0.036815099569387728 -0.0045829123239534619
leaf_weight=13.414954222738741 372.93646543473005 6.2943355441093436 15.850908473134039 21.512091696262363 29.549529395997524 4.9598833769559851 5.0385908633470526 9.0659536421299034 4.232460379600524 3.2085066437721244 362.53196838498116 32.91307857632637 71.746264830231667 7.2987472414970389
leaf_count=105 2969 33 51 58 218 35 18 54 13 13 988 260 193 33
internal_value=-0.000350058 0.0273594 0.0323942 -0.0346734 -0.0101105 0.0216746 0.0344388 0.0248281 -0.0130275 0.0368201 0.0375077 -0.0351028 0.0350197 -0.0212509
internal_weight=960.554 531.596 492.388 428.958 56.0215 26.472 478.973 97.382 20.5972 381.591 365.74 39.2074 76.7849 16.3647
internal_count=5041 1761 1468 3280 311 93 1363 311 100 1052 1001 293 211 87
is_linear=0
shrinkage=0.03


Tree=25
num_leaves=15
num_cat=0
split_feature=8 0 0 3 7 8 3 5 4 1 8 3 8 7
split_gain=966.672 168.951 76.7444 50.2465 70.2098 10.9954 46.1171 9.94963 8.78266 7.96612 7.50326 5.72305 4.91021 7.23913
threshold=1.7186234944400616 27.723476409912113 9.3723263740539569 9.7895259857177752 -0.33738634879116763 1.288162388207748 22.841010093688968 202.47442626953128 33.896492004394538 11.42856550216675 0.79434007478810331 9.7895259857177752 1.3552118459949656 -0.67130180590483157
decision_type=2 2 2 2 2 2 2 2 2 2 2 2 2 2
left_child=1 2 -1 -2 -5 7 11 -4 9 -6 -3 -7 -8 -14
right_child=3 10 5 4 8 6 12 -9 -10 -11 -12 -13 13 -15
leaf_value=-0.03743415327060156 -0.038317424022475427 -0.0023030809346131927 -0.021786632356895479 -0.033536051083706518 0.021669278710027436 0.010643288591250012 0.0062963507646970106 0.037629358993067102 0.04051959322449665 -0.025693838300405697 -0.03875809537778023 0.035521542500356482 0.0064967955607317497 -0.040127461789520834
leaf_weight=13.058746494352816 348.3276296928525 6.1747973114252082 1.9536027014255513 45.567895598709583 8.7874054908752459 10.169858589768408 5.3648608922958401 334.33517584949732 15.387834832072256 3.7852800488471976 31.607368558645248 106.12152011692524 3.9266767352819452 8.9799821525812114
leaf_count=104 2835 30 10 350 27 36 20 921 38 21 255 299 17 58
internal_value=0.000158 0.0274408 0.0322192 -0.0335667 -0.0108488 0.0342263 0.0265236 0.0372206 0.0260065 0.00656715 -0.0330132 0.0334552 -0.0170401 -0.0264955
internal_weight=943.549 521.693 483.91 421.856 73.5284 470.852 134.563 336.289 27.9605 12.5727 37.7822 116.291 18.2715 12.9067
internal_count=5021 1750 1465 3271 436 1361 430 931 86 48 285 335 95 75
is_linear=0
shrinkage=0.03


Tree=26
num_leaves=15
num_cat=0
split_feature=8 0 3 7 5 7 8 3 2 8 0 2 5 3
split_gain=918.642 174.021 69.0624 41.2197 61.5068 11.832 37.5678 11.3553 9.53704 6.93423 6.16104 5.61728 5.93646 4.96648
threshold=1.7186234944400616 27.757070541381839 7.3443951606750497 -0.27005845596702188 220.95532226562503 -0.23765864754263308 1.2510358432231932 7.6680140495300302 17.37645244598389 0.79434007478810331 23.62601470947266 29.782958030700687 214.98026275634768 23.849886894226078
decision_type=2 2 2 2 2 2 2 2 2 2 2 2 2 2
left_child=1 2 -1 -2 7 6 -4 -5 -7 -3 -10 12 -8 -13
right_child=3 9 5 4 -6 8 11 -9 10 -11 -12 13 -14 -15
leaf_value=-0.037109713413874333 -0.037098475977788307 -0.0039413681674098063 0.03358011670389744 -0.011480411511266678 -0.038040004987699494 -0.014681473263058372 0.018614021343009199 0.034525873294224033 0.037351340399311872 -0.038459090537223621 0.011810845913847881 -3.0692637513357978e-05 -0.022475409348554624 -0.041271596971394611
leaf_weight=11.979819215834139 358.22065949440002 6.4737496674060813 79.236196771264076 5.722957685589793 29.567982912063599 2.7903245836496344 7.6637644320726412 20.070679038763046 346.35399232059717 33.195925794541836 9.8877599090337736 4.2351888716220838 4.0057758390903473 5.9319974407553673
leaf_count=97 2956 32 227 34 226 13 25 55 977 273 36 20 19 40
internal_value=-0.000174227 0.0266749 0.0317538 -0.0333807 -0.00909316 0.0336234 0.0240695 0.0242707 0.0362387 -0.0330615 0.0366775 -0.0103997 0.00384865 -0.0256336
internal_weight=925.337 511.754 472.085 413.582 55.3616 460.105 101.073 25.7936 359.032 39.6697 356.242 21.8367 11.6695 10.1672
internal_count=5030 1759 1454 3271 315 1357 331 89 1026 305 1013 104 44 60
is_linear=0
shrinkage=0.03


Tree=27
num_leaves=15
num_cat=0
split_feature=8 0 0 7 3 0 8 6 8 4 1 3 1 4
split_gain=907.193 143.081 74.2175 59.6463 67.5364 8.5535 36.7567 10.2557 7.28355 6.73374 5.65137 4.33383 8.93886 3.90479
threshold=1.6538148643445292 27.757070541381839 9.7323832511901873 -0.29034235845436052 9.7895259857177752 23.745889663696293 1.2510358432231932 8.0592465400695819 0.79434007478810331 33.102510452270515 21.912405967712406 5.1033663749694833 11.969182491302492 30.656236648559574
decision_type=2 2 2 2 2 2 2 2 2 2 2 2 2 2
left_child=1 2 13 -2 11 -4 -7 10 -3 -6 -8 -5 -13 -1
right_child=3 8 5 4 9 6 7 -9 -10 -11 -12 12 -14 -15
leaf_value=-0.038467454774395234 -0.037187694381381566 -0.0015744749131216345 0.03626361670161856 -0.038500160425630453 -0.0046447135867832062 0.033886798818270752 -0.044485347816279761 0.022101211108009732 -0.037841162274713978 0.030898200919070914 -0.0015885551138044231 -0.029530266846869605 0.024332420420938267 0.00090249568792529638
leaf_weight=12.439885549247263 348.14299949258566 6.1493988037109366 362.90314840525389 29.5314931422472 5.5143135339021674 74.141582958400249 7.1943170279264432 3.8785237520933142 27.475133150815964 26.633123517036438 4.286149725317955 8.9716359302401525 2.9853141456842414 2.6730751916766158
leaf_count=102 2941 30 1051 241 23 213 48 11 231 77 19 63 12 14
internal_value=0.000370108 0.027632 0.031939 -0.0320102 -0.00736112 0.0341366 0.0252065 -0.0162053 -0.0314456 0.0248453 -0.0298806 -0.0323137 -0.0152422 -0.0318801
internal_weight=922.92 501.141 467.517 421.779 73.6359 452.404 89.5006 15.359 33.6245 32.1474 11.4805 41.4884 11.957 15.113
internal_count=5076 1719 1458 3357 416 1342 291 78 261 100 67 316 75 116
is_linear=0
shrinkage=0.03


Tree=28
num_leaves=15
num_cat=0
split_feature=8 3 3 7 3 5 5 8 2 5 5 7 3 7
split_gain=850.677 115.005 62.9137 60.9945 54.696 23.3618 11.4827 8.03615 49.287 6.65364 5.96096 4.72491 4.2289 3.63498
threshold=1.6538148643445292 27.786861419677738 7.3443951606750497 -0.27005845596702188 9.7895259857177752 202.78594207763675 212.58876037597659 1.288162388207748 28.686122894287113 221.15505981445315 202.05009460449222 -0.62104584686918129 28.135394096374515 -0.21516227543462435
decision_type=2 2 2 2 2 2 2 2 2 2 2 2 2 2
left_child=1 2 -1 -2 6 10 -5 -7 13 -6 -4 -10 -3 -9
right_child=3 12 5 4 9 7 -8 8 11 -11 -12 -13 -14 -15
leaf_value=-0.036083840846452837 -0.036664819761719578 -0.0046097079384403664 -0.036933997000505897 0.018838704916431914 0.032069973753424602 0.03621950594715851 -0.035812114911043823 0.0090380939015982809 0.0034758372984861883 -0.0011210013153740066 0.011273840305530469 -0.033111981165484965 -0.035630619776541791 0.0350402032313561
leaf_weight=11.551137708127497 349.32717125117779 5.101357206702235 4.4055279418826094 3.2584089487791053 22.846348360180858 308.61385165154934 30.936177343130112 5.9522451907396308 4.1057057827711096 6.9551841318607321 3.3856879025697708 10.79042826592922 23.561668053269386 98.613152824342251
leaf_count=98 3004 29 33 13 66 903 246 21 18 28 12 69 195 292
internal_value=-0.000296489 0.027015 0.0307562 -0.0317441 -0.00473328 0.0326061 -0.0302171 0.0335482 0.0264038 0.0245388 -0.0170857 -0.0234433 -0.0304511 0.0336597
internal_weight=889.404 476.081 447.418 413.323 63.9961 435.867 34.1946 428.075 119.462 29.8015 7.79122 14.8961 28.663 104.565
internal_count=5027 1670 1446 3357 353 1348 259 1303 400 94 45 87 224 313
is_linear=0
shrinkage=0.03


Tree=29
num_leaves=15
num_cat=0
split_feature=3 1 7 6 2 2 4 1 3 3 7 7 2 3
split_gain=774.269 303.928 27.9068 47.5616 12.8444 12.8202 11.6995 18.1381 7.19421 5.82484 10.8565 5.59302 3.03766 2.48323
threshold=8.3116488456726092 24.514926910400394 -0.42492168740723707 8.0276145935058612 17.528507232666019 29.605486869812015 36.203889846801765 22.855208396911625 7.3443951606750497 9.7895259857177752 -0.036036480131971409 -0.27005845596702188 20.65809535980225 21.443715095520023
decision_type=2 2 2 2 2 2 2 2 2 2 2 2 2 2
left_child=8 2 3 -2 -4 -3 -5 -8 -1 10 -6 -10 -11 -14
right_child=1 5 4 6 9 -7 7 -9 11 12 -12 -13 13 -15
leaf_value=-0.037589446333583659 0.032897922550675467 0.015166246821749557 -0.012860866605944179 -0.040760202453449176 -0.016912839978063313 -0.036242247971259148 0.029312322056202742 -0.039067948141189808 -0.03217439265199757 0.01489167887039902 0.031126815500921372 0.0096265994763456205 0.036863204105380486 0.029678223419502318
leaf_weight=322.4545341655612 35.571754030883312 4.1104130595922461 4.8496605455875388 11.871563464403154 5.543144308030608 73.28724280744791 7.1870896816253644 5.0867536887526512 4.3902211338281631 8.7596463710069639 11.849662646651266 5.4488948658108693 283.05739576369524 87.203308284282684
leaf_count=2858 112 14 26 92 30 616 21 39 38 32 36 23 838 273
internal_value=-0.000866825 0.0213473 0.0305837 0.0112106 0.0334319 -0.0333534 -0.0207776 0.000164657 -0.0368139 0.0340291 0.0157293 -0.0102726 0.0348253 0.0352555
internal_weight=870.671 538.378 460.98 59.7172 401.263 77.3977 24.1454 12.2738 332.294 396.413 17.3928 9.83912 379.02 370.261
internal_count=5048 2129 1499 264 1235 630 152 60 2919 1209 66 61 1143 1111
is_linear=0
shrinkage=0.03


Tree=30
num_leaves=15
num_cat=0
split_feature=8 1 5 8 6 4 2 4 8 2 1 7 2 6
split_gain=791.226 145.117 63.5994 33.8296 55.3155 22.2096 11.8782 11.5066 9.90471 51.7923 6.54699 6.28065 3.83268 2.85923
threshold=1.7186234944400616 25.060378074646 303.67332458496099 2.4363410576250355 8.0502514839172381 36.510816574096687 17.37645244598389 36.131278991699226 1.2510358432231932 28.737101554870609 9.6621294021606463 -0.23608439396596251 30.009797096252445 8.0384922027587908
decision_type=2 2 2 2 2 2 2 2 2 2 2 2 2 2
left_child=1 2 5 4 7 6 -1 -2 -8 11 -6 -10 -3 -11
right_child=3 12 -4 -5 10 -7 8 -9 9 13 -12 -13 -14 -15
leaf_value=-0.015455054528765673 -0.03590290127308797 -0.0039669850094461549 -0.036063661861097891 -0.03678145114885386 -0.0064456535310137321 -0.02144349143451596 0.036360529835579733 0.008547349622430046 0.0033959471124945101 -0.0094650148281821174 0.03332344975774959 0.034367419297873285 -0.037747954123630342 -0.035917043142675929
leaf_weight=4.0449668094515792 44.340226568281651 3.6302946805953971 12.019386082887648 312.92027322202921 4.3062739968299892 6.3129887729883185 285.75735944509506 5.5394190251827231 6.4618358165025702 7.970237120985983 17.418966859579086 112.0272069722414 29.753414139151573 7.8319463804364204
leaf_count=19 378 21 106 2822 18 35 860 31 24 40 51 344 259 52
internal_value=-0.000566621 0.0252737 0.0298359 -0.032524 -0.0136681 0.0317555 0.032596 -0.0308955 0.0330943 0.0259268 0.0255038 0.0327209 -0.0342967 -0.0239327
internal_weight=860.335 475.81 442.426 384.525 71.6049 430.407 424.094 49.8796 420.049 134.291 21.7252 118.489 33.3837 15.8022
internal_count=5060 1760 1480 3300 478 1374 1339 409 1320 460 69 368 280 92
is_linear=0
shrinkage=0.03


Tree=31
num_leaves=15
num_cat=0
split_feature=3 1 7 6 2 2 2 3 7 7 2 2 3 7
split_gain=703.487 280.925 24.1196 54.3728 18.377 7.56663 6.86562 5.79141 16.7882 5.43436 4.94186 2.79396 3.38914 2.57186
threshold=7.3443951606750497 24.514926910400394 -0.42492168740723707 8.0317277908325213 17.37645244598389 29.654634475708011 30.792193412780765 9.7895259857177752 -0.036036480131971409 -0.55715664328841707 20.883907318115238 20.65809535980225 21.24765777587891 -0.046826133554634268
decision_type=2 2 2 2 2 2 2 2 2 2 2 2 2 2
left_child=-1 2 3 6 -4 -3 -2 8 10 -5 -6 -9 -13 -14
right_child=1 5 4 9 7 -7 -8 11 -10 -11 -12 12 13 -15
leaf_value=-0.036420887245925779 0.0038227717126677104 0.0062122726010868214 -0.020004117262735484 -0.038851750466453353 -0.0377765908497317 -0.034340939616464408 0.034844598686327999 0.014884761910360001 0.034131038399209085 -0.0031311646172598804 0.0052540051577678959 0.036332709590823214 0.030202532761998982 0.011784404930676496
leaf_weight=304.1925902068615 7.9890200272202483 4.0883723720908156 5.3598237931728354 13.626928150653841 3.6756186485290545 73.002423368394375 38.36351028829813 8.8766427636146528 17.311347782611847 5.4469357952475539 4.5043056011199951 265.71327570080757 81.123216450214386 9.3399743214249593
leaf_count=2805 39 17 30 112 29 632 118 33 52 28 18 817 258 36
internal_value=-2.12495e-05 0.0205729 0.0294317 0.0123069 0.0322235 -0.0321383 0.0296915 0.0329896 0.0180164 -0.0293151 -0.0160905 0.0339831 0.034416 0.0284506
internal_weight=842.614 538.421 461.331 65.4264 395.904 77.0908 46.3525 390.544 25.4913 19.0739 8.17992 365.053 356.176 90.4632
internal_count=5024 2219 1570 297 1273 649 157 1243 99 140 47 1144 1111 294
is_linear=0
shrinkage=0.03


Tree=32
num_leaves=15
num_cat=0
split_feature=8 1 3 7 5 2 3 8 5 8 2 2 3 7
split_gain=725.05 121.061 58.0629 46.6625 43.5211 18.6203 14.3876 9.72249 9.59419 6.85081 35.1196 8.45337 4.3798 12.7379
threshold=1.6721292767751728 24.514926910400394 7.6680140495300302 -0.27005845596702188 221.15505981445315 29.41439247131348 6.5769705772399911 1.8086429447539116 203.47237396240237 1.1974809397290773 28.686122894287113 30.457540512084964 11.125223636627199 -0.33738634879116763
decision_type=2 2 2 2 2 2 2 2 2 2 2 2 2 2
left_child=1 2 -1 12 6 -3 -5 -6 -4 -10 -11 -12 -2 -14
right_child=3 5 8 4 7 -7 -8 -9 9 10 11 -13 13 -15
leaf_value=-0.033417039097275725 -0.036315893156074253 0.028553999656382105 -0.0040934010948261322 -0.018134002381982893 0.00092331137276012302 -0.032864866668129739 0.032669564137747173 -0.038599014277098519 0.036062239949880288 0.032723026818733632 0.0032183711236064912 -0.038554139200415311 -0.029152843531069027 0.029088636341819834
leaf_weight=11.655213460326193 274.86391390860081 4.3240689337253562 6.1716019958257666 5.7490358352661159 7.2122163772583034 33.203472167253494 21.526772633194923 23.392715774476528 257.92862904071808 126.10686088353395 11.680874720215799 5.828833892941474 39.764118105173111 2.8939996287226668
leaf_count=103 2609 12 28 40 35 283 65 205 808 405 49 38 343 9
internal_value=0.000523593 0.0258792 0.0305019 -0.0303233 -0.0054415 -0.0252305 0.0216989 -0.0295508 0.0324064 0.0329762 0.0272227 -0.012019 -0.0348276 -0.0246259
internal_weight=832.302 456.9 419.372 375.403 57.8807 37.5275 27.2758 30.6049 407.717 401.545 143.617 17.5097 317.522 42.6581
internal_count=5032 1726 1431 3306 345 295 105 240 1328 1300 492 87 2961 352
is_linear=0
shrinkage=0.03


Tree=33
num_leaves=15
num_cat=0
split_feature=8 1 3 6 0 0 1 8 6 1 0 5 4 8
split_gain=672.657 124.071 56.9537 77.2998 51.6497 10.3159 7.59876 22.5777 8.75112 6.76965 18.4247 4.99361 4.28128 3.79685
threshold=1.6538148643445292 24.514926910400394 9.7895259857177752 8.0502514839172381 9.3723263740539569 27.723476409912113 13.429676055908205 1.3018557883220179 8.0598716735839862 24.514926910400394 27.451275825500492 202.78594207763675 33.247814178466804 0.593983574881085
decision_type=2 2 2 2 2 2 2 2 2 2 2 2 2 2
left_child=1 4 -2 9 -1 -3 -6 11 -9 10 -4 -8 13 -13
right_child=2 5 3 -5 6 -7 7 8 -10 -11 -12 12 -14 -15
leaf_value=-0.034406622356027809 -0.035306813836936117 0.0054428750340793945 -0.032597953339376685 0.030735437784552209 0.034532828153125944 -0.034987934546009895 0.00033996915763064489 -0.02065255453950534 0.017021771281452536 -0.035609058908793165 0.041027809844136835 0.03136924740949748 0.03464005523655575 -0.00073396821298730237
leaf_weight=10.152725562453268 295.91059754043818 6.6833838373422614 8.2440568059682828 30.027511082589626 276.67566934973001 29.362885102629662 4.6714274734258643 11.232496775686743 9.1869875043630582 37.548208743333817 3.6013843417167655 5.1138418316841108 83.485615357756615 7.147214949131012
leaf_count=95 2825 26 69 92 902 267 20 64 31 346 12 16 261 31
internal_value=0.00025027 0.0252293 -0.0292682 -0.00660988 0.0299518 -0.027547 0.0316778 0.0249109 -0.00369905 -0.0294723 -0.00876207 0.0307077 0.0321705 0.0140115
internal_weight=819.044 443.712 375.332 79.4212 407.666 36.0463 397.513 120.838 20.4195 49.3936 11.8454 100.418 95.7467 12.2611
internal_count=5057 1713 3344 519 1420 293 1325 423 95 427 81 328 308 47
is_linear=0
shrinkage=0.03


Tree=34
num_leaves=15
num_cat=0
split_feature=3 0 7 6 2 2 3 3 3 4 2 4 7 0
split_gain=619.87 246.285 32.3037 43.7994 16.7884 11.4346 9.42248 9.38115 4.96073 19.3102 5.66824 3.52058 4.79498 3.42445
threshold=7.3443951606750497 27.723476409912113 -0.42492168740723707 8.0272436141967791 17.37645244598389 30.792193412780765 25.801982879638675 24.925055503845218 10.322763442993166 31.892121315002445 20.883907318115238 36.466094970703132 -0.56542240252152531 23.203595161437992
decision_type=2 2 2 2 2 2 2 2 2 2 2 2 2 2
left_child=-1 2 3 5 -4 6 -2 -5 9 -6 -11 -3 -13 -10
right_child=1 11 4 7 8 -7 -8 -9 13 10 -12 12 -14 -15
leaf_value=-0.035581384945499943 -0.025675873079305127 -0.036181931711692421 -0.016147280927583198 -0.038217642661659945 0.031537688344952262 0.036431030786896211 0.021731451848463604 -0.00024887525097680847 0.034541263658808087 -0.043499336163768054 0.0043684875195366644 -0.031605162499874731 0.013659203442940809 0.025769773756515603
leaf_weight=284.54933530092239 5.2411720827221862 60.063852809369564 6.1335071921348563 14.40628742426634 26.979953542351723 29.171824745833874 8.5700448676943761 9.4695785269141179 272.95635488629341 3.5446510016918173 4.0412123799324036 3.4713517874479294 3.1739411056041709 66.396697387099266
leaf_count=2799 41 567 34 128 91 91 28 42 903 28 16 29 14 227
internal_value=-0.000134229 0.0195347 0.027565 0.00818635 0.0309437 0.0260763 0.00322211 -0.023774 0.0317571 0.0198718 -0.02046 -0.033876 -0.0110271 0.0329058
internal_weight=798.17 513.62 446.911 66.8589 380.052 42.983 13.8112 23.8759 373.919 34.5658 7.58586 66.7091 6.64529 339.353
internal_count=5038 2239 1629 330 1299 160 69 170 1265 135 44 610 43 1130
is_linear=0
shrinkage=0.03


Tree=35
num_leaves=15
num_cat=0
split_feature=8 1 7 5 6 8 4 2 5 8 2 7 8 2
split_gain=634.424 112.447 54.9979 48.1981 38.3308 30.821 20.0899 11.6449 7.56939 5.8421 33.1437 11.2702 3.75028 4.33057
threshold=1.6538148643445292 25.060378074646 -0.27005845596702188 303.67332458496099 8.0502514839172381 3.0939020039652587 36.510816574096687 17.528507232666019 220.95532226562503 1.1974809397290773 30.457540512084964 -0.23608439396596251 2.7377130057298316 30.809918403625492
decision_type=2 2 2 2 2 2 2 2 2 2 2 2 2 2
left_child=1 3 12 6 -4 8 7 -1 -6 -9 11 -11 13 -2
right_child=2 -3 4 -5 5 -7 -8 9 -10 10 -12 -13 -14 -15
leaf_value=-0.019684180506675912 -0.029869305507740491 -0.033828945076576827 -0.03203174143756285 -0.033796329643291455 0.0395276156200619 -0.033885326309673142 -0.020654285414247429 0.035044755108855914 0.0019314438726109856 0.0066496443945539925 -0.036800521926238568 0.033418157644433198 -0.036162869137105529 -0.0062200842558239131
leaf_weight=3.3220103681087485 40.674853213131428 26.492437362670898 22.853767924010754 9.9032019600272161 21.491876959800724 7.5213448330759993 6.0845270603895178 246.55999168753624 6.2693126648664466 16.884337782859802 6.2461169287562361 109.63825727254152 244.85413272678852 9.1028548926115018
leaf_count=16 370 248 194 97 62 67 34 821 26 66 43 371 2494 73
internal_value=0.000445724 0.0250987 -0.0292513 0.0290897 -0.00253204 0.0169322 0.0307744 0.0316439 0.0313996 0.032144 0.0265353 0.0299261 -0.0344971 -0.0257522
internal_weight=777.899 425.131 352.768 398.638 58.1363 35.2825 388.735 382.651 27.7612 379.329 132.769 126.523 294.632 49.7777
internal_count=4982 1696 3286 1448 349 155 1351 1317 88 1301 480 437 2937 443
is_linear=0
shrinkage=0.03


Tree=36
num_leaves=15
num_cat=0
split_feature=3 1 7 6 2 2 3 3 1 3 7 7 3 0
split_gain=589.969 226.691 21.9487 39.0941 16.6632 13.9153 11.1478 7.37475 5.75844 4.42482 12.2295 4.41927 2.0253 3.98718
threshold=8.3116488456726092 24.514926910400394 -0.42492168740723707 8.0272436141967791 29.41439247131348 17.528507232666019 25.401679992675785 7.3443951606750497 22.421088218688968 9.7895259857177752 -0.036036480131971409 -0.27005845596702188 11.243263244628908 29.3214864730835
decision_type=2 2 2 2 2 2 2 2 2 2 2 2 2 2
left_child=7 2 3 -2 -3 -4 -5 -1 -8 10 -7 -9 13 -6
right_child=1 4 5 6 12 9 8 11 -10 -11 -12 -13 -14 -15
leaf_value=-0.035050725707031265 0.030879210453327935 0.024923777489655363 -0.01606023018187 -0.037556868966754933 -0.028915358123160092 -0.020457772762342622 0.02324372710601744 -0.029479442051257996 -0.017835007859456131 0.032656848759982322 0.031243438376445984 0.0093721884724387618 -0.035311963703054505 0.016411064661767207
leaf_weight=274.56501992791891 33.694616757333279 3.9854237735271445 4.9696073383092871 12.21187334507704 3.7479298412799826 5.136890500783923 5.378104090690611 3.4329974204301834 4.9516626000404358 339.81702095270157 12.36874011158943 5.6661587879061681 59.284034810960293 1.954002223908901
leaf_count=2828 119 12 29 110 38 32 18 34 28 1173 42 24 564 16
internal_value=0.000159632 0.0201642 0.0284689 0.0107842 -0.0299165 0.0311768 -0.019289 -0.0341699 0.00371614 0.0318767 0.0157865 -0.00675361 -0.0336065 -0.0132514
internal_weight=771.164 487.5 418.529 56.2363 68.9714 362.292 22.5416 283.664 10.3298 357.323 17.5056 9.09916 64.986 5.70193
internal_count=5067 2181 1551 275 630 1276 156 2886 46 1247 74 58 618 54
is_linear=0
shrinkage=0.03


Tree=37
num_leaves=15
num_cat=0
split_feature=8 1 0 6 8 1 8 2 0 0 5 2 0 0
split_gain=605.358 117.798 51.8456 27.1131 58.8049 7.97913 25.1123 17.6498 6.97286 5.61714 5.34202 4.78312 4.04411 3.97037
threshold=1.7186234944400616 24.514926910400394 9.3723263740539569 8.0478301048278826 2.8311094832270411 13.429676055908205 1.1297776504339259 29.927762031555179 27.723476409912113 16.916355133056644 202.67532348632815 17.37645244598389 25.402397155761722 23.963550567626957
decision_type=2 2 2 2 2 2 2 2 2 2 2 2 2 2
left_child=1 2 -1 -2 9 11 10 -8 -3 -5 -7 -4 -6 -9
right_child=3 8 5 4 12 6 7 13 -10 -11 -12 -13 -14 -15
leaf_value=-0.033683691808162011 -0.035197463835854773 0.00070480415999682933 -5.944681186549989e-05 -0.0035902123193932256 -0.03563860878447745 -0.0040777776039899131 0.016615246210553922 -0.0026589319147745615 -0.03406409116847444 0.031967324475101921 0.033478042896095551 0.034048278026880333 -0.00024754654711384291 -0.04092064328252399
leaf_weight=10.908824443817137 260.83670763671398 6.2210351452231398 3.7523893117904654 4.8129706829786327 42.283749863505363 3.3443319201469413 20.512775748968128 3.7119066566228849 29.187316372990608 18.184086114168167 80.233146704733372 249.29151479154825 3.1300680786371222 7.0579283535480499
leaf_count=111 2724 27 15 21 439 15 75 16 287 61 272 878 26 52
internal_value=-0.000473944 0.0236364 0.028534 -0.0307866 -0.0137039 0.0304651 0.0234506 0.000470093 -0.0281038 0.0246861 0.0319448 0.0335443 -0.0332572 -0.0290798
internal_weight=743.469 414.221 378.813 329.248 68.4109 367.904 114.86 31.2826 35.4084 22.9971 83.5775 253.044 45.4138 10.7698
internal_count=5019 1748 1434 3271 547 1323 430 143 314 82 287 893 465 68
is_linear=0
shrinkage=0.03


Tree=38
num_leaves=15
num_cat=0
split_feature=3 0 4 7 3 2 1 3 7 0 7 3 2 1
split_gain=541.627 206.972 28.0028 15.9098 20.2043 10.6078 7.3455 6.85731 5.27657 20.7756 5.12572 4.41083 3.00127 7.12812
threshold=7.3443951606750497 27.723476409912113 36.480400085449226 -0.27530551117080021 20.48575592041016 17.37645244598389 24.514926910400394 24.795896530151371 -0.42492168740723707 27.451275825500492 -0.33738634879116763 23.548137664794925 30.363639831542972 16.162058830261234
decision_type=2 2 2 2 2 2 2 2 2 2 2 2 2 2
left_child=-1 2 3 4 10 -5 -3 8 9 -6 -2 -10 -7 -14
right_child=1 6 -4 5 7 12 -8 -9 11 -11 -12 -13 13 -15
leaf_value=-0.034500209687538586 -0.03359831124216741 0.0045554108454581386 -0.035128807264958657 -0.0099147414504448909 -0.035942634503852933 0.033045117411282986 -0.033340156293150403 0.029038644437993706 0.00028050817077877649 0.043692807379776329 0.0093808793685130638 0.027360639914841473 0.027871577732094237 -0.011009076001583096
leaf_weight=254.00871666520834 7.2373254671692848 4.7432914525270453 5.5797404348850241 5.0827151834964743 6.7623801007866842 286.90008325874805 58.924649402499199 49.419231273233891 7.9751717150211361 3.7683351784944534 3.0595198869705182 15.99016562104225 21.407761618494991 4.6605300083756438
leaf_count=2740 71 22 43 26 60 1032 597 175 34 12 16 55 78 23
internal_value=0.000864916 0.0195537 0.0272336 0.0281606 0.0170372 0.0313919 -0.0304901 0.0219139 0.0111765 -0.00612785 -0.0211279 0.0187211 0.0320921 0.0207705
internal_weight=735.52 481.511 417.843 412.263 94.2121 318.051 63.6679 83.9153 34.4961 10.5307 10.2968 23.9653 312.968 26.0683
internal_count=4984 2244 1625 1582 423 1159 619 336 161 72 87 89 1133 101
is_linear=0
shrinkage=0.03


Tree=39
num_leaves=15
num_cat=0
split_feature=8 0 5 8 6 4 2 8 2 8 2 4 2 5
split_gain=557.455 104.505 46.7836 24.9373 56.0838 10.5508 9.52157 7.60007 34.084 7.48201 6.95544 16.9696 5.834 4.93342
threshold=1.7186234944400616 27.683883666992191 303.67332458496099 2.8311094832270411 8.0502514839172381 36.456491470336921 17.37645244598389 1.1974809397290773 29.136576652526859 0.79434007478810331 30.792193412780765 33.953939437866218 30.468306541442875 216.74209594726565
decision_type=2 2 2 2 2 2 2 2 2 2 2 2 2 2
left_child=1 2 5 4 10 6 -1 -8 -9 -3 -2 -12 -10 -6
right_child=3 9 -4 -5 13 -7 7 8 12 -11 11 -13 -14 -15
leaf_value=-0.017628598480917843 -0.035199830468916317 -4.4902150418029132e-05 -0.034018981520930372 -0.034890746314634895 0.033851489855133199 -0.010244374941314227 0.03411284096495576 0.029749916092142566 5.1032816096928095e-05 -0.035122146433743451 -0.031876588519378739 0.047357059330491495 -0.037169524004531877 0.001454729460990637
leaf_weight=3.1245370432734481 47.019737556576729 6.8971542418003073 9.9647586941719037 239.49231318384409 15.568689420819284 5.4820371642708769 219.45677088201046 115.60918106138706 7.5867385789751989 25.548717439174652 6.2089555934071523 2.682196743786335 6.5679482668638229 5.8053958117961875
leaf_count=16 477 37 105 2657 51 27 795 425 35 271 64 10 47 24
internal_value=-0.000420816 0.0230879 0.0276485 -0.0301025 -0.0150084 0.0294558 0.0301007 0.0305769 0.0243818 -0.0278899 -0.0306744 -0.00560288 -0.0185328 0.0255105
internal_weight=717.015 400.238 367.792 316.777 77.285 357.827 352.345 349.221 129.764 32.4459 55.9109 8.89115 14.1547 21.3741
internal_count=5041 1758 1450 3283 626 1345 1318 1302 507 308 551 74 82 75
is_linear=0
shrinkage=0.03


Tree=40
num_leaves=15
num_cat=0
split_feature=8 1 5 8 6 4 4 8 2 4 2 5 8 8
split_gain=529.175 83.4028 39.6772 35.3061 35.4465 21.3557 10.3183 9.49334 33.4206 9.1816 7.69056 7.24661 6.27867 6.16129
threshold=1.6538148643445292 25.060378074646 303.67332458496099 2.3365782228869048 8.0502514839172381 36.504116058349616 36.131278991699226 1.2510358432231932 28.121481895446781 36.198125839233406 20.883907318115238 223.89811706542972 1.4289557392735064 1.3659066999880378
decision_type=2 2 2 2 2 2 2 2 2 2 2 2 2 2
left_child=1 2 5 4 6 7 -2 -1 10 -8 12 -6 -9 -10
right_child=3 -3 -4 -5 11 -7 9 8 13 -11 -12 -13 -14 -15
leaf_value=0.033021357641436939 -0.03044088540792524 -0.028473534549593203 -0.033331296957446292 -0.033846311092888666 0.03017139061774992 -0.025525360866659557 0.034964954900315266 0.02649350435062638 0.0037905187806261463 -0.027663043099241023 0.032860095508471909 -0.0077225294116656084 -0.017415589320972112 -0.027718265526470925
leaf_weight=240.68910051882267 37.967023834586143 25.257212601602077 8.7454582303762418 249.69241333752871 16.982839353382591 5.7207328379154196 3.9030548632144919 4.7003103643655759 10.965844050049784 2.7488125041127205 79.904731638729572 5.6073597818613043 5.068463422358036 9.9551649913191778
leaf_count=892 374 258 95 2805 57 35 15 17 47 26 298 25 26 62
internal_value=9.94895e-05 0.0234242 0.0270759 -0.0286627 -0.00919111 0.0286447 -0.0245175 0.0295968 0.0219148 0.00885163 0.0298199 0.0208367 0.00420989 -0.0117833
internal_weight=707.909 391.007 365.75 316.902 67.2091 357.004 44.6189 351.284 110.595 6.65187 89.6735 22.5902 9.76877 20.921
internal_count=5032 1730 1472 3302 497 1377 415 1342 450 41 341 82 43 109
is_linear=0
shrinkage=0.03


Tree=41
num_leaves=15
num_cat=0
split_feature=3 0 4 3 7 0 2 2 3 0 2 6 2 4
split_gain=472.707 175.157 28.0872 14.1325 16.3277 11.7999 9.767 9.32447 9.85297 17.9639 9.07461 4.60985 3.34919 3.27292
threshold=7.3443951606750497 27.757070541381839 36.480400085449226 9.7895259857177752 -0.036036480131971409 23.203595161437992 30.719168663024906 29.435926437377933 25.401679992675785 23.833424568176273 20.759318351745609 8.0363016128540057 18.336027145385746 36.49836730957032
decision_type=2 2 2 2 2 2 2 2 2 2 2 2 2 2
left_child=-1 2 3 4 -2 10 7 -7 9 -9 -5 -8 -6 -3
right_child=1 13 -4 5 12 6 11 8 -10 -11 -12 -13 -14 -15
leaf_value=-0.033869001515769784 -0.022996572492098775 -0.032228465007488723 -0.032411260598672297 0.0018269928402032409 0.0038537208913928746 0.0234689663125962 0.030406688161361321 0.024087645150599375 0.023068423076702482 -0.034279052896971376 0.03304024394575962 0.0020554599293953943 0.032192367542447926 -0.007509674141876861
leaf_weight=243.14889676123857 10.28981973230839 52.609237432479858 6.6108700111508361 8.8201606273651105 5.8893854394555119 22.383449517190456 54.425381980836391 6.4629967138171258 8.4452794566750509 12.465598069131373 232.49060558527708 5.8580653145909301 11.046757653355597 6.0796555802226058
leaf_count=2811 79 570 50 40 28 80 204 23 29 109 888 33 40 42
internal_value=-0.000327244 0.0180812 0.0254405 0.0265335 0.00548205 0.0281446 0.0196707 0.00955234 -0.00225328 -0.0141416 0.0319116 0.0277301 0.0231021 -0.0298365
internal_weight=687.026 443.877 385.188 378.578 27.226 351.352 110.041 49.7573 27.3739 18.9286 241.311 60.2834 16.9361 58.6889
internal_count=5026 2215 1603 1553 147 1406 478 241 161 132 928 237 68 612
is_linear=0
shrinkage=0.03


Tree=42
num_leaves=15
num_cat=0
split_feature=8 0 3 2 5 2 1 8 2 8 3 4 2 1
split_gain=481.516 69.3622 47.5273 65.5473 30.7821 13.9128 8.01288 7.68944 36.8915 8.40475 7.48909 4.21152 10.1124 2.85571
threshold=1.5596088091532536 27.634655952453617 9.5490527153015154 29.195244789123539 303.67332458496099 24.848701477050785 24.514926910400394 1.1974809397290773 28.121481895446781 1.37651353431265 23.791047096252445 36.131278991699226 30.615234375000004 18.563670158386234
decision_type=2 2 2 2 2 2 2 2 2 2 2 2 2 2
left_child=1 4 -2 5 7 -4 -3 -1 -9 10 -10 -5 -13 -11
right_child=2 6 3 11 -6 -7 -8 8 9 13 -12 12 -14 -15
leaf_value=0.032739617147848815 -0.033126753684827148 0.0091311387555258073 -0.0097970648887937967 -0.03540170797752655 -0.03252956009476312 0.033119465298753537 -0.032012125912899737 0.031691903105708352 0.017061612171721419 -0.052061706773812076 -0.023902536684129054 -0.028090702411296645 0.031780326183037687 -0.012837559876396707
leaf_weight=209.79241354763508 245.52921678870916 4.8943529054522541 8.3942519724369031 34.608387134969234 6.6207147240638724 27.77414820343256 19.550936736166477 79.797379463911057 9.9185696616768855 3.4861625880002967 5.3603989928960791 8.2943732291460019 2.5692032799124709 4.0680249035358429
leaf_count=811 2863 21 40 382 74 95 208 311 39 26 30 80 10 22
internal_value=-0.000548562 0.0242259 -0.0265534 -0.00662273 0.0279638 0.0231634 -0.0237394 0.0293454 0.0221582 -0.0110921 0.00210448 -0.0303033 -0.0124461 -0.034909
internal_weight=670.659 343.489 327.17 81.6404 319.044 36.1684 24.4453 312.423 102.631 22.8332 15.279 45.472 10.8636 7.55419
internal_count=5012 1542 3470 607 1313 135 229 1239 428 117 69 472 90 48
is_linear=0
shrinkage=0.03


Tree=43
num_leaves=15
num_cat=0
split_feature=8 0 5 8 6 0 8 2 2 5 2 4 3 8
split_gain=469.777 95.068 40.7113 27.5116 47.2002 9.54657 28.3192 10.7476 8.12162 6.98817 6.04504 14.8153 4.49104 3.69068
threshold=1.7186234944400616 27.757070541381839 303.67332458496099 2.8311094832270411 8.0502514839172381 23.203595161437992 1.1974809397290773 17.37645244598389 29.690816879272464 216.74209594726565 30.809918403625492 33.953939437866218 23.791047096252445 0.70939638906846747
decision_type=2 2 2 2 2 2 2 2 2 2 2 2 2 2
left_child=1 2 5 4 10 7 -7 -1 -8 -6 -2 -12 -10 -3
right_child=3 13 -4 -5 9 6 8 -9 12 -11 11 -13 -14 -15
leaf_value=-0.019391092463866666 -0.031744814442128969 -0.0056937520308227504 -0.033089371484805834 -0.03377821469431537 0.033739558191727234 0.028706983064512578 0.01061737692747295 0.032195828354652817 0.0036144543116173678 -0.0041659085107627475 -0.030580821089311316 0.044884221103683133 -0.034884810200909097 -0.034340552216902756
leaf_weight=3.0723180174827567 44.931109860539436 5.3876373693347004 9.2069024965167028 215.04002618044615 16.034156277775768 73.761693730950356 9.6017494872212428 243.38531605154276 3.5042313411831847 5.6178440898656836 5.3807626441121084 2.7024165689945221 9.0353742316365224 23.42803431302309
leaf_count=15 491 31 106 2620 54 284 35 975 17 25 60 10 64 269
internal_value=0.000393194 0.0222904 0.0265947 -0.0283355 -0.0124212 0.0282914 0.0198646 0.031477 -0.00956033 0.0241548 -0.0275302 -0.00318709 -0.0246537 -0.0293551
internal_weight=670.09 380.383 351.568 289.706 74.6663 342.361 95.903 246.458 22.1414 21.652 53.0143 8.08318 12.5396 28.8157
internal_count=5056 1796 1496 3260 640 1390 400 990 116 79 561 70 81 300
is_linear=0
shrinkage=0.03


Tree=44
num_leaves=15
num_cat=0
split_feature=8 0 3 3 2 5 8 2 2 7 2 8 2 0
split_gain=458.795 78.7851 37.1169 36.4113 45.9172 11.0608 7.77869 33.0439 6.69192 5.54976 5.22155 3.44553 2.78207 10.6631
threshold=1.6538148643445292 27.757070541381839 7.6680140495300302 9.7895259857177752 29.136576652526859 221.15505981445315 1.1974809397290773 29.136576652526859 30.468306541442875 -0.24333344562067286 18.462959289550785 0.79434007478810331 30.809918403625492 28.809455871582035
decision_type=2 2 2 2 2 2 2 2 2 2 2 2 2 2
left_child=1 2 -1 -2 5 -5 -4 9 -9 -8 -11 -3 -6 -14
right_child=3 11 6 4 12 -7 7 8 -10 10 -12 -13 13 -15
leaf_value=-0.030740238605534122 -0.033194811634708603 -0.006614806725523276 0.031687145233444423 0.034784873638705846 -0.031506236494736425 -0.011774839111005388 0.00083375925773118166 -0.0026132389223652392 -0.043589404942389734 -0.0054359217134106515 0.030562176330385857 -0.033710405839767886 0.035275511198668764 -0.030779930738617931
leaf_weight=9.1312812194228155 230.99921602755785 6.0635424926877048 211.8807617649436 18.904733300209049 30.559399381279945 5.4216542840003958 6.6892065480351439 8.2456855997443181 5.541704148054122 3.4834596663713446 92.493503510951996 19.150026522576809 2.3075628429651243 5.7546803429722786
leaf_count=103 2844 38 858 63 338 25 26 39 43 16 377 228 7 65
internal_value=0.000103857 0.0226525 0.0264849 -0.0276997 -0.00733065 0.0243528 0.0281649 0.0215412 -0.0209172 0.0273899 0.0292131 -0.0276952 -0.0273979 -0.0100673
internal_weight=656.626 362.679 337.466 293.947 62.948 24.3264 328.334 116.454 13.7874 102.666 95.977 25.2136 38.6216 8.06224
internal_count=5070 1728 1462 3342 498 88 1359 501 82 419 393 266 410 72
is_linear=0
shrinkage=0.03


Tree=45
num_leaves=15
num_cat=0
split_feature=8 0 3 3 2 4 8 2 4 2 2 0 4 3
split_gain=445.787 87.2561 36.3679 29.3165 32.8374 16.9594 8.88267 34.2142 7.63695 15.6852 6.46066 7.01988 6.78711 3.00341
threshold=1.7186234944400616 28.073434829711918 7.3443951606750497 10.475234031677248 29.04172515869141 36.525604248046882 1.1974809397290773 29.287972450256351 36.131278991699226 30.615234375000004 20.883907318115238 11.202668190002443 35.741561889648445 23.791047096252445
decision_type=2 2 2 2 2 2 2 2 2 2 2 2 2 2
left_child=1 2 -1 -2 -5 6 -4 10 -6 -10 11 -8 -12 -9
right_child=3 -3 5 4 8 -7 7 13 9 -11 12 -13 -14 -15
leaf_value=-0.032015279425047248 -0.03293735612988348 -0.034352233078979361 0.032142970442554666 0.028025642983773406 -0.032375706720645998 -0.022691506056407275 0.024496451873753079 0.0036635591812863217 -0.025497829416860629 0.046065771996953227 0.032088558490971072 -0.019297717333457393 0.0020278317079996271 -0.026745910107198761
leaf_weight=8.7603889182209951 228.54010616242886 22.393543057143688 203.87986451387405 15.317348405718802 24.132822081446648 5.2998548224568358 6.4432599544525129 3.5222395807504645 7.2140663266181928 3.1496650129556656 90.084735624492168 4.9554727599024773 7.4526947364211074 11.550183445215223
leaf_count=105 2872 263 839 55 279 35 25 17 73 8 369 26 29 82
internal_value=0.000123509 0.0219373 0.025713 -0.0284052 -0.00737342 0.0273221 0.028197 0.0215043 -0.0234382 -0.00160892 0.0273552 0.00543656 0.0298356 -0.0198538
internal_weight=642.696 364.342 341.949 278.354 49.8139 333.188 327.888 124.009 34.4966 10.3637 108.936 11.3987 97.5374 15.0724
internal_count=5077 1790 1527 3287 415 1422 1387 548 360 81 449 51 398 99
is_linear=0
shrinkage=0.03


Tree=46
num_leaves=15
num_cat=0
split_feature=8 0 5 8 6 4 2 4 8 2 5 6 4 5
split_gain=408.785 82.4703 34.9924 31.9123 44.7997 18.9639 7.60593 16.812 7.0457 27.3983 6.35361 5.81433 7.83474 12.6988
threshold=1.7186234944400616 27.723476409912113 303.67332458496099 2.8311094832270411 8.0502514839172381 36.480400085449226 30.792193412780765 33.953939437866218 1.1974809397290773 29.927762031555179 219.71217346191409 8.0809044837951678 31.693459510803226 215.87665557861331
decision_type=2 2 2 2 2 2 2 2 2 2 2 2 2 2
left_child=1 2 5 4 6 8 -2 -8 -1 11 -6 12 -10 -14
right_child=3 -3 -4 -5 10 -7 7 -9 9 -11 -12 -13 13 -15
leaf_value=0.032064219402000646 -0.030846363418397468 -0.027857442146979002 -0.032332927590784204 -0.033509840732848309 0.033543843046073059 -0.03088121317467564 -0.030115227708919098 0.047514864490052072 0.028751895434949055 -0.025139032009156244 -0.0040561945160188517 0.032347863722161918 0.020769234258064279 -0.024762080466878684
leaf_weight=189.31087706983089 40.993552967905998 27.176089622080326 8.2633182778954488 200.11432173848152 16.792106777429584 4.1676035895943633 5.4393364414572698 3.1153389289975166 25.380122236907482 9.3306927010416967 4.9756019264459601 64.765439718961716 14.016206361353399 7.7315739989280692
leaf_count=800 477 304 102 2622 60 26 65 10 103 63 22 272 52 43
internal_value=0.000191964 0.0215866 0.0258203 -0.0273849 -0.00997226 0.0274448 -0.025594 0.000169309 0.0283242 0.022269 0.0251487 0.02641 0.0177473 0.00420538
internal_weight=621.572 350.142 322.966 271.43 71.3159 314.703 49.5482 8.55468 310.535 121.224 21.7677 111.893 47.1279 21.7478
internal_count=5021 1765 1461 3256 634 1359 552 75 1333 533 82 470 198 95
is_linear=0
shrinkage=0.03


Tree=47
num_leaves=15
num_cat=0
split_feature=3 1 6 6 0 2 4 1 4 6 2 3 1 1
split_gain=378.908 149.792 13.3231 16.9668 18.8414 12.6638 10.4196 14.1564 6.55804 7.86054 6.52849 6.02954 5.80961 12.5772
threshold=7.3443951606750497 24.514926910400394 8.0502514839172381 8.0276145935058612 23.833424568176273 17.37645244598389 36.203889846801765 22.855208396911625 28.436931610107425 7.945338487625123 29.41439247131348 10.475234031677248 14.851716518402101 5.0677268505096444
decision_type=2 2 2 2 2 2 2 2 2 2 2 2 2 2
left_child=-1 2 3 5 12 -2 -6 -8 9 -7 -3 -4 13 -5
right_child=1 10 11 4 6 8 7 -9 -10 -11 -12 -13 -14 -15
leaf_value=-0.032930967786482454 -0.022359300057544773 0.015785765168171893 0.0012566938484317065 0.028929241691339019 -0.039627615575948419 0.025886433024837736 0.028321205088996465 -0.035329350988743201 0.02796150411586798 -0.026645021159681474 -0.02957829830292287 0.030409896060582114 0.034220147896912294 -0.038664938986553307
leaf_weight=209.85209017246962 4.4460080862045279 2.4088483303785315 6.6970016285777083 5.0790291577577609 9.8686479181051272 4.2144229561090452 6.4890781715512258 4.423250250518322 92.800216786563396 4.0429869517683983 55.711618646979332 189.92698612064123 11.344776615500448 3.1830192282795906
leaf_count=2801 31 8 32 22 97 18 24 45 409 25 652 821 43 24
internal_value=-0.000365399 0.0167319 0.0242893 0.01721 0.000637067 0.0234888 -0.0188329 0.00172089 0.0257052 6.61434e-05 -0.0274629 0.0294283 0.0211855 0.0015251
internal_weight=610.488 400.636 342.515 145.891 40.3878 105.504 20.781 10.9123 101.058 8.25741 58.1205 196.624 19.6068 8.26205
internal_count=5052 2251 1591 738 255 483 166 69 452 43 660 853 89 46
is_linear=0
shrinkage=0.03


Tree=48
num_leaves=15
num_cat=0
split_feature=8 0 3 8 6 0 8 5 6 6 7 1 5 6
split_gain=383.75 78.0629 33.5093 27.0797 36.5245 10.7055 27.4394 5.97556 4.78422 13.4468 9.30581 4.70343 4.33197 4.66365
threshold=1.7186234944400616 27.723476409912113 7.3443951606750497 2.8311094832270411 8.0502514839172381 23.203595161437992 1.1974809397290773 216.74209594726565 8.0250062942504901 8.0276145935058612 -0.809435723929394 24.449226379394535 204.39053344726565 8.0377750396728533
decision_type=2 2 2 2 2 2 2 2 2 2 2 2 2 2
left_child=1 2 -1 4 8 -4 -7 -6 -2 10 -10 -3 -8 -14
right_child=3 11 5 -5 7 6 12 -9 9 -11 -12 -13 13 -15
leaf_value=-0.031578472051606209 -0.032338985147331772 0.0042847768318795372 0.030290953618882573 -0.033165102194961785 0.033350962213227392 0.026791140817979561 0.013459526531846528 -0.0027841557251505394 -0.01462750046127477 -0.03196683133176307 0.046254963666026314 -0.033675743917224506 -0.041810285984916082 -0.007701914216639699
leaf_weight=8.3251186385750753 28.784354463219643 3.1254576444625881 220.94974110275507 190.33086425811052 13.697600573301317 66.197877146303654 3.9686022400856045 5.5200854092836371 3.6290454566478729 10.795292526483534 3.7240106910467174 22.034840017557144 4.5393812283873585 12.134842552244661
leaf_count=106 353 16 985 2620 50 284 16 25 43 136 11 277 33 64
internal_value=0.000237218 0.0210502 0.0251108 -0.0274309 -0.0106839 0.0267414 0.0174682 0.0233472 -0.0248151 -0.0118162 0.018053 -0.0289767 -0.0122854 -0.0188278
internal_weight=597.757 341.276 316.116 256.481 66.1504 307.79 86.8407 19.2177 46.9327 18.1483 7.35306 25.1603 20.6428 16.6742
internal_count=5019 1781 1488 3238 618 1382 397 75 543 190 54 293 113 97
is_linear=0
shrinkage=0.03


Tree=49
num_leaves=15
num_cat=0
split_feature=8 1 5 3 2 4 8 2 2 2 8 8 5 2
split_gain=385.861 64.8848 32.8257 19.751 29.1933 13.8974 10.8532 35.214 6.63885 6.41793 5.56009 5.25818 5.04065 3.62423
threshold=1.7186234944400616 25.060378074646 303.67332458496099 9.9125213623046893 29.195244789123539 36.510816574096687 1.1974809397290773 28.471076965332035 30.457540512084964 20.65809535980225 1.3659066999880378 1.4724890245191278 216.74209594726565 29.949370384216312
decision_type=2 2 2 2 2 2 2 2 2 2 2 2 2 2
left_child=1 2 5 -2 12 6 -1 9 10 11 -9 -8 -5 -3
right_child=3 13 -4 4 -6 -7 7 8 -10 -11 -12 -13 -14 -15
leaf_value=0.031714351509721662 -0.032134424135675341 0.0056800859335210674 -0.032070176127457238 0.030169964855495213 -0.027972992380366102 -0.020304832788662856 0.021258651517198836 0.009742617937480531 -0.040903788395126581 0.030566580938356118 -0.025403352268012037 -0.017018226291501504 -0.0041902551302970912 -0.030573431199009828
leaf_weight=185.93913704156876 203.89027696847916 2.4825914427638081 8.0913446694612485 11.990896239876749 29.470894917845726 4.9596339315176001 6.8832501918077451 9.4163298681378382 5.4596679806709281 77.993667244911194 5.6658113375306121 4.5357198268175125 5.1412407159805289 20.566388636827469
leaf_count=832 2835 14 106 46 351 33 30 38 46 349 35 24 23 265
internal_value=-6.48116e-05 0.0211187 0.0247527 -0.0281128 -0.0102128 0.0263821 0.0272304 0.0194302 -0.0154154 0.0275177 -0.00421907 0.00590863 0.0201963 -0.0265948
internal_weight=582.487 331.994 308.945 250.493 46.603 300.853 295.894 109.954 20.5418 89.4126 15.0821 11.419 17.1321 23.049
internal_count=5027 1772 1493 3255 420 1387 1354 522 119 403 73 54 69 279
is_linear=0
shrinkage=0.03


Tree=50
num_leaves=15
num_cat=0
split_feature=7 2 0 2 7 2 0 0 4 2 5 4 7 4
split_gain=282.216 65.193 52.3892 49.3598 17.6774 21.3558 15.2431 14.8698 10.7385 7.8297 17.4206 7.12322 11.1663 4.84699
threshold=-0.24333344562067286 30.809918403625492 28.120457649230961 18.088094711303714 -0.72497119973652457 28.471076965332035 24.574547767639164 27.834102630615238 36.480400085449226 21.188824653625492 274.89582824707037 36.070268630981452 -0.40078538600284003 30.9019889831543
decision_type=2 2 2 2 2 2 2 2 2 2 2 2 2 2
left_child=1 4 -3 -2 -1 -6 9 8 11 10 -5 12 -7 -12
right_child=3 2 -4 6 5 7 -8 -9 -10 -11 13 -13 -14 -15
leaf_value=-0.03262257197162724 -0.022036363559512787 0.027529572637767244 -0.030490710234846632 -0.042777882949198355 -0.031410349883498646 -0.035132325629346012 -0.023781494346472695 -0.0319037201142355 -0.027505752365448929 0.029657091831066192 -0.0082465019055421827 0.020741551822982124 0.015016052723064605 0.028090860995915481
leaf_weight=149.30931935459375 19.528420493006706 41.186163604259491 20.013877660036087 3.5693254470825222 44.766363993287086 5.6936317086219779 4.5544083565473548 12.143573991954325 6.9842561185359946 210.91523502022028 3.5506243333220509 23.227251835167408 8.9842287153005582 17.428481109440327
leaf_count=2133 213 186 262 29 608 59 39 166 82 1001 33 120 40 79
internal_value=-9.95723e-05 -0.0192846 0.0083704 0.022971 -0.0260312 -0.0161403 0.0267091 -0.00381973 0.00430729 0.0277821 0.0111427 0.0107254 -0.00543691 0.0218455
internal_weight=571.855 312.309 61.2 259.546 251.109 101.799 240.018 57.0329 44.8894 235.464 24.5484 37.9051 14.6779 20.9791
internal_count=5050 3656 448 1394 3208 1075 1181 467 301 1142 141 219 99 112
is_linear=0
shrinkage=0.03


Tree=51
num_leaves=15
num_cat=0
split_feature=8 1 3 8 6 1 8 7 2 3 8 2 6 7
split_gain=330.937 62.8337 27.715 26.5026 37.4866 11.2483 29.0897 9.26345 7.25483 9.49304 5.63996 5.07171 4.40621 4.44187
threshold=1.7186234944400616 25.060378074646 7.3443951606750497 2.8311094832270411 8.0502514839172381 13.429676055908205 1.3552118459949656 -0.27005845596702188 30.715359687805179 22.841010093688968 0.63076774951037862 17.528507232666019 8.0158071517944354 -0.53289884395400844
decision_type=2 2 2 2 2 2 2 2 2 2 2 2 2 2
left_child=1 2 -1 4 8 11 10 -8 -2 -10 -7 -4 -12 -14
right_child=3 -3 5 -5 -6 6 7 -9 9 -11 12 -13 13 -15
leaf_value=-0.030835140193450201 -0.031046164395646638 -0.028109354462880445 -0.0032638747225945015 -0.032371162800182617 0.025294249155504458 0.032696111451366909 -0.039146354028034909 0.0083062535853383832 0.021324563134690638 -0.029385865163943502 -0.007476564359768529 0.030718669852742027 0.0033491304104949909 0.025533831060988256
leaf_weight=7.2616133764386168 33.91552846133709 21.59151528775692 3.8546191006898871 177.81936519593 18.608348824083805 36.494984015822411 8.7427494898438436 5.4896926358342162 5.9660031124949437 5.3647685870528221 5.6249501481652251 179.0551772788167 11.424898289144034 30.263074681162838
leaf_count=98 433 276 17 2630 73 159 72 26 47 72 32 857 59 127
internal_value=-0.000182567 0.0203158 0.0240283 -0.026435 -0.00966009 0.0255507 0.0170516 -0.0214994 -0.0242718 -0.00312124 0.0237748 0.0299887 0.0163589 0.0196748
internal_weight=551.477 309.803 288.212 241.674 63.8546 280.95 98.0403 14.2324 45.2463 11.3308 83.8079 182.91 47.3129 41.688
internal_count=4978 1723 1447 3255 625 1349 475 98 552 119 377 874 218 186
is_linear=0
shrinkage=0.03


Tree=52
num_leaves=15
num_cat=0
split_feature=8 1 7 3 1 6 4 2 1 8 2 1 2 2
split_gain=348.023 44.9299 38.6941 30.4826 26.1752 17.9671 13.3883 9.15757 8.48801 7.0941 27.3086 5.40953 4.19957 3.95354
threshold=1.5596088091532536 25.060378074646 -0.29034235845436052 6.5769705772399911 1.1388958692550661 8.0360350608825701 36.525604248046882 24.848701477050785 4.3403363227844247 1.1974809397290773 28.784637451171879 11.0334849357605 29.949370384216312 30.792193412780765
decision_type=2 2 2 2 2 2 2 2 2 2 2 2 2 2
left_child=1 4 13 -4 -1 8 9 -7 -5 -6 11 -11 -3 -2
right_child=2 12 3 5 6 7 -8 -9 -10 10 -12 -13 -14 -15
leaf_value=-0.031223807960491783 -0.032322604235504135 0.0097832064728059099 -0.032602272737280009 0.012805629144414262 0.031268624814471013 -0.0043198564043026447 -0.020397192309544364 0.034065410623325708 -0.042886865471417145 0.030443074976477271 -0.021991044940454282 0.0072476131302175676 -0.032227974119700381 -0.01559957389868283
leaf_weight=6.3664350584149352 190.65955685824156 2.0518152490258208 19.347278229892254 3.3647449463605863 177.48595657944679 7.2216029912233379 4.6162299662828437 21.005753614008427 5.5082227066159248 60.124602615833282 11.221173897385595 11.492793299257754 13.167217478156088 16.644067361950874
leaf_count=88 2835 10 271 18 845 38 29 85 47 291 71 55 181 209
internal_value=-0.000272673 0.02258 -0.0250902 -0.00300226 0.025409 0.0128843 0.0268822 0.0244332 -0.0226096 0.0277954 0.0200696 0.0268719 -0.0263101 -0.0310613
internal_weight=550.277 286.526 263.751 56.4476 271.307 37.1003 264.941 28.2274 8.87297 260.325 82.8386 71.6174 15.219 207.304
internal_count=5073 1570 3503 459 1379 188 1291 123 65 1262 417 346 191 3044
is_linear=0
shrinkage=0.03


Tree=53
num_leaves=15
num_cat=0
split_feature=8 1 5 8 6 2 2 4 4 8 2 2 1 4
split_gain=322.397 56.9297 27.3047 24.143 33.3283 12.2423 6.88331 17.8695 6.54005 7.08458 22.6517 7.51807 7.24063 6.53046
threshold=1.7186234944400616 24.514926910400394 303.67332458496099 2.8311094832270411 8.0502514839172381 29.287972450256351 30.715359687805179 33.953939437866218 36.504116058349616 1.1974809397290773 28.784637451171879 20.883907318115238 3.9558031558990483 36.115934371948249
decision_type=2 2 2 2 2 2 2 2 2 2 2 2 2 2
left_child=1 2 8 4 6 -3 -2 -8 9 -1 11 12 -11 -12
right_child=3 5 -4 -5 -6 -7 7 -9 -10 10 13 -13 -14 -15
leaf_value=0.030771060460936923 -0.03075481423625194 0.032598735677815904 -0.031106953142009661 -0.032377782335263498 0.023297531975670808 -0.026923324647317493 -0.030485769977059065 0.040351389115754484 -0.009625616358243029 0.019435603712439534 -0.033381149798050624 0.028580193186487846 -0.024923253960256315 0.010308486523620769
leaf_weight=160.87651808559895 33.572574384510517 2.681162208318713 6.9051064401864997 168.72809094935656 17.947496734559536 24.753383234143257 7.392908960580824 4.1916299536824226 4.0613422319293013 7.8195944800972921 7.4459629356861097 78.647995673120022 4.3137219920754433 4.245133563876152
leaf_count=793 447 7 99 2629 74 309 102 23 21 36 56 378 24 20
internal_value=6.91279e-05 0.0204809 0.0246044 -0.0264724 -0.0104239 -0.0201644 -0.0240407 -0.00368506 0.0261535 0.0267396 0.0201741 0.0252266 0.00296794 -0.0179548
internal_weight=533.583 301.75 274.315 231.833 63.1046 27.4345 45.1571 11.5845 267.41 263.349 102.472 90.7813 12.1333 11.6911
internal_count=5018 1743 1427 3275 646 316 572 125 1328 1307 514 438 60 76
is_linear=0
shrinkage=0.03


Tree=54
num_leaves=15
num_cat=0
split_feature=3 1 7 0 2 2 2 7 2 2 3 1 0 1
split_gain=298.981 117.309 13.5765 13.0368 9.43554 8.76489 8.02283 14.4631 4.30156 5.92241 3.75269 10.9617 2.78162 2.12826
threshold=7.3443951606750497 24.514926910400394 -0.27530551117080021 23.465261459350589 29.41439247131348 17.37645244598389 30.792193412780765 -0.55715664328841707 30.363639831542972 30.719168663024906 10.475234031677248 4.8795616626739511 13.609911918640138 24.161375999450687
decision_type=2 2 2 2 2 2 2 2 2 2 2 2 2 2
left_child=-1 2 3 -2 -3 -4 7 -5 10 -10 11 -7 -13 -8
right_child=1 4 5 6 -6 8 13 -9 9 -11 -12 12 -14 -15
leaf_value=-0.031777854318894502 -0.034986079739667705 0.022022240269332149 -0.014245670731991388 -0.023150739427241867 -0.029558484922482638 0.029199403372524538 0.020619729528318653 0.017841360527024914 -0.019471655405893996 0.020770409293769488 0.030612158297329717 -0.027679621399928658 0.0047099777470744819 0.043535338259800653
leaf_weight=176.34929769858718 4.1273326575756064 2.7167126312851897 4.0056876987218848 10.703814480453728 46.568159386515617 19.70573099702597 28.744285367429256 21.996725961565971 3.3613142818212536 14.039540059864519 175.99086025357246 3.5281936079263669 4.5294253975152969 4.7334225028753272
leaf_count=2792 39 9 23 112 634 91 152 97 21 71 893 26 21 11
internal_value=-0.000110272 0.0161336 0.0232822 0.0115402 -0.0263338 0.0268814 0.0149195 0.00413468 0.0276871 0.0123611 0.0289292 0.0175675 -0.0109626 0.0250285
internal_weight=521.101 344.751 295.466 70.3056 49.2849 225.161 66.1782 32.7005 221.155 17.4009 203.754 27.7634 8.05762 33.4777
internal_count=4992 2200 1557 411 643 1146 372 209 1123 92 1031 138 47 163
is_linear=0
shrinkage=0.03


Tree=55
num_leaves=15
num_cat=0
split_feature=8 0 5 3 2 4 8 2 5 2 0 4 2 0
split_gain=307.419 60.1312 26.6565 19.6845 17.2138 14.5539 9.7502 24.5985 6.2022 5.77364 7.08314 4.39155 10.5218 4.06982
threshold=1.7186234944400616 28.073434829711918 303.67332458496099 9.7895259857177752 29.195244789123539 36.504116058349616 1.1974809397290773 28.471076965332035 216.74209594726565 20.759318351745609 11.202668190002443 36.131278991699226 30.615234375000004 27.79946327209473
decision_type=2 2 2 2 2 2 2 2 2 2 2 2 2 2
left_child=1 2 5 -2 8 6 -1 9 -5 10 -8 -6 -13 -7
right_child=3 -3 -4 4 11 13 7 -9 -10 -11 -12 12 -14 -15
leaf_value=0.03030084484741959 -0.032020801357530389 -0.03264882539487772 -0.031151484496651678 0.027761198943551675 -0.030064605040757187 -0.036268022085492381 0.02208307878668123 -0.011938956799972485 -0.012481526359321454 0.028591977796262491 -0.022416171967583196 -0.028397571151295629 0.03632990114899369 0.0074117339238937473
leaf_weight=161.56076063215733 174.08882742747664 17.776027742773294 7.1288997642695895 10.695324927568434 19.442968681454662 3.4563578963279715 7.334083788096903 19.31453125923872 4.2046386897563925 67.729236148297787 4.2793744206428528 4.6377346590161315 2.7771843150258064 2.8711300119757652
leaf_count=827 2816 259 106 45 276 26 33 118 21 348 24 63 8 19
internal_value=-0.000530063 0.0195412 0.0230376 -0.0275967 -0.00883507 0.0245979 0.0257027 0.0179442 0.0163343 0.0252768 0.00520863 -0.0228834 -0.00271818 -0.0181415
internal_weight=507.297 291.45 273.674 215.847 41.7579 266.545 260.218 98.6572 14.9 79.3427 11.6135 26.8579 7.41492 6.32749
internal_count=4989 1760 1501 3229 413 1395 1350 523 66 405 57 347 71 45
is_linear=0
shrinkage=0.03


Tree=56
num_leaves=15
num_cat=0
split_feature=8 0 5 3 2 4 8 2 5 3 4 2 8 7
split_gain=287.595 54.2204 26.6269 21.1641 17.0673 15.3566 8.50336 26.586 8.45925 7.33057 6.63428 12.8677 6.10273 5.23543
threshold=1.7186234944400616 28.073434829711918 303.67332458496099 9.7895259857177752 29.195244789123539 36.534023284912116 1.2510358432231932 28.121481895446781 220.10530853271487 9.7895259857177752 36.131278991699226 30.615234375000004 1.3659066999880378 -0.67749733536924583
decision_type=2 2 2 2 2 2 2 2 2 2 2 2 2 2
left_child=1 2 5 -2 8 6 -1 9 -5 -8 -6 -12 -9 -14
right_child=3 -3 -4 4 10 -7 7 12 -10 -11 11 -13 13 -15
leaf_value=0.029161942217937491 -0.031496679328517074 -0.02960655815868565 -0.031063755770518325 0.028765052617680947 -0.030075359813820209 -0.026365478946490061 -0.0012922342004322638 0.0048619590783297948 -0.018181728148230318 0.029364920364246823 -0.027988723689468541 0.042563112797226618 0.0062077699377260749 -0.03821626636031656
leaf_weight=167.86436092108488 169.21471918001771 18.384394288063049 7.2907862216234198 11.720121137797831 20.578606057912115 4.5547972321510306 7.7884084433317176 9.860182851552965 3.9650502651929846 63.242910303175449 4.456108931452035 3.0594054460525513 2.9215939939022064 7.8821947947144491
leaf_count=877 2805 270 111 52 302 37 38 46 20 329 63 7 17 64
internal_value=-0.000307963 0.0191181 0.0225152 -0.026704 -0.00788961 0.0241058 0.0250892 0.0173993 0.016519 0.0260322 -0.0216165 0.00235704 -0.0121076 -0.0266948
internal_weight=502.784 289.79 271.405 212.994 43.7793 264.114 259.56 91.6953 15.6852 71.0313 28.0941 7.51551 20.664 10.8038
internal_count=5038 1789 1519 3249 444 1408 1371 494 72 367 372 70 127 81
is_linear=0
shrinkage=0.03


Tree=57
num_leaves=15
num_cat=0
split_feature=3 1 7 6 7 2 0 2 3 6 3 4 0 4
split_gain=266.656 108.047 16.6696 15.3588 14.0241 10.4224 9.50445 8.98387 5.4185 4.50895 4.20136 14.7634 7.414 4.02343
threshold=7.3443951606750497 24.514926910400394 -0.27530551117080021 8.0257930755615252 -0.45708148150874789 17.37645244598389 23.745889663696293 29.287972450256351 24.490550041198734 8.0563325881958026 10.475234031677248 31.892121315002445 14.788751125335695 36.219238281250007
decision_type=2 2 2 2 2 2 2 2 2 2 2 2 2 2
left_child=-1 2 3 6 13 -4 -2 -3 10 -6 11 -7 -13 -5
right_child=1 7 5 4 9 8 -8 -9 -10 -11 -12 12 -14 -15
leaf_value=-0.031339411949306895 -0.018820321153506299 0.023916910820500414 -0.016514682361500648 -0.036242023091758661 0.022678819825323267 0.028158986814172723 0.029301364415917332 -0.029890091656025658 -0.0065629492558104937 -0.0077735620548388222 0.029515995090706289 -0.046573345747491467 0.01140893827322201 -0.0071739413263734392
leaf_weight=166.13871338963509 3.5200753360986701 2.2546609491109839 4.4067763537168494 8.8408724144101161 12.950832735747101 19.887718096375469 29.071515597403049 44.25411568954587 3.8537137284874907 5.773094341158866 180.20486299321055 3.4188850224018088 3.022924967110157 8.679958548396824
leaf_count=2836 36 7 27 102 60 97 139 643 23 26 977 27 14 69
internal_value=-0.000449569 0.015143 0.0220962 0.00907418 -0.00435925 0.0262081 0.0236984 -0.0268331 0.0271768 0.0133714 0.027835 0.0156707 -0.0214874 -0.0230063
internal_weight=496.279 330.14 283.631 68.8363 36.2448 214.795 32.5916 46.5088 210.388 18.7239 206.534 26.3295 6.44181 17.5208
internal_count=5083 2247 1597 432 257 1165 175 650 1138 86 1115 138 41 171
is_linear=0
shrinkage=0.03


Tree=58
num_leaves=15
num_cat=0
split_feature=8 0 1 8 6 1 8 2 4 4 2 6 4 6
split_gain=274.159 47.4171 23.8099 15.7385 24.0384 13.4115 22.9603 12.0006 5.58165 5.16282 9.44229 5.09128 4.45131 4.17969
threshold=1.7186234944400616 28.073434829711918 2.0734214782714848 2.8311094832270411 8.0502514839172381 13.429676055908205 1.0249685865470306 29.927762031555179 36.518089294433601 36.131278991699226 30.615234375000004 8.0746407508850115 29.331339836120609 7.9875113964080819
decision_type=2 2 2 2 2 2 2 2 2 2 2 2 2 2
left_child=1 2 -1 4 9 13 8 -8 12 -2 -11 -6 -7 -4
right_child=3 -3 5 -5 11 6 7 -9 -10 10 -12 -13 -14 -15
leaf_value=-0.029087057360997936 -0.029882731749519862 -0.028931727833855916 0.0067635934488998791 -0.03171488307284076 0.028350806176845322 0.0010823619953941675 0.0082421534084757449 -0.02700726208104175 -0.0067476735875238412 -0.027588283071965095 0.034679958970038088 -0.0064464260152990623 0.031241445166842106 0.029886515294573941
leaf_weight=7.1556817516684523 32.875121846795082 16.688327290117741 8.0775149166583997 150.26977894455194 10.915267825126646 4.9221780225634566 23.274292409420013 12.580569155514238 4.0026598125696173 4.171551037579774 2.8050402849912643 5.0784821361303321 47.775322534143925 154.12849254161119
leaf_count=108 493 256 45 2654 47 30 112 104 23 60 8 24 239 858
internal_value=-0.000501205 0.0188782 0.0220229 -0.0266609 -0.0127429 0.0235666 0.0142137 -0.00452319 0.0259352 -0.0250417 -0.00134338 0.0175725 0.0284971 0.0287835
internal_weight=484.72 278.605 261.917 206.115 55.8455 254.761 92.555 35.8549 56.7002 39.8517 6.97659 15.9937 52.6975 162.206
internal_count=5061 1775 1519 3286 632 1411 508 216 292 561 68 71 269 903
is_linear=0
shrinkage=0.03


Tree=59
num_leaves=15
num_cat=0
split_feature=3 1 6 1 2 6 0 2 4 2 5 4 4 4
split_gain=246.022 99.3483 9.18087 7.49073 17.867 6.97173 12.6671 15.2268 6.20318 5.34733 3.67528 3.6224 3.44324 3.92536
threshold=7.3443951606750497 24.514926910400394 8.0696787834167498 4.9725821018219003 21.833667755126957 8.0257930755615252 23.963550567626957 29.435926437377933 34.686437606811531 29.452260017395023 235.84796142578128 32.081108093261726 36.139202117919929 36.401813507080085
decision_type=2 2 2 2 2 2 2 2 2 2 2 2 2 2
left_child=-1 2 3 -2 11 8 -7 -8 10 -3 -6 -5 -9 -14
right_child=1 9 -4 4 5 6 7 12 -10 -11 -12 -13 13 -15
leaf_value=-0.030640447330724456 0.026831551624813651 0.013584795890926876 0.028231579917227377 -0.002144295279289938 -0.010664780363513789 0.025052281772159932 0.01902813181736944 -0.036557999407957266 0.031270201195918571 -0.028407658570262135 0.019931526533527342 -0.046283577100485918 0.0049134354740722206 -0.031759372526245472
leaf_weight=156.36802607774734 46.243143051862717 2.3437436595559111 122.62856605648994 2.6143840476870528 5.8462122455239278 21.261544585227966 13.026259794831278 7.61397382244468 31.107140175998211 42.001716177910566 6.439653217792511 4.2089044116437435 6.4275818392634374 3.2010806798934937
leaf_count=2807 259 9 699 16 38 107 59 89 151 641 35 41 42 36
internal_value=6.4435e-06 0.0152703 0.0220936 0.0168521 0.0120995 0.0155543 0.00785749 -0.00463543 0.0243116 -0.0259376 0.00566544 -0.0318072 -0.0225756 -0.00911956
internal_weight=471.332 314.964 270.618 147.99 101.747 94.9234 51.5304 30.2689 43.393 44.3455 12.2859 6.82329 17.2426 9.62866
internal_count=5029 2222 1572 873 614 557 333 226 224 650 73 57 167 78
is_linear=0
shrinkage=0.03


Tree=60
num_leaves=15
num_cat=0
split_feature=8 0 0 7 5 3 7 8 8 0 2 5 3 1
split_gain=259.61 49.4204 21.3522 17.6259 28.2264 12.2498 6.96129 17.2533 6.26711 3.95636 3.40607 3.15617 2.59634 4.34807
threshold=1.7186234944400616 27.757070541381839 9.3723263740539569 -0.29034235845436052 220.95532226562503 5.1033663749694833 -0.21516227543462435 1.3408419963373561 0.79434007478810331 23.691159248352054 17.879568099975589 204.6757736206055 11.125223636627199 24.514926910400394
decision_type=2 2 2 2 2 2 2 2 2 2 2 2 2 2
left_child=1 2 -1 12 5 -5 7 -4 -3 10 -8 -9 -2 -14
right_child=3 8 6 4 -6 -7 9 11 -10 -11 -12 -13 13 -15
leaf_value=-0.028638523394624891 -0.031362236816697246 0.005177047334405457 0.02402565824588343 -0.025942214671027537 -0.032344230588992884 0.033373607109103504 0.0039494336924383181 0.011413455512796534 -0.031761643354928148 5.3066742771388547e-05 0.030044745191203637 -0.01873677982313654 -0.0010052118728101271 -0.027785744696951657
leaf_weight=6.0693178474903098 137.26288602501154 5.096994265913966 61.331397838890553 3.1893528439104584 16.584926206618547 13.602392949163912 4.9701469540595999 3.4335454553365699 16.313380718231201 4.2846433743834487 156.52247659489512 11.31843677908182 8.1947054266929644 15.802323348820208
leaf_count=105 2562 35 318 47 250 61 21 16 272 25 907 72 68 265
internal_value=0.000754185 0.0198015 0.0235869 -0.0255702 -0.00553042 0.0212825 0.0250099 0.0170899 -0.0231293 0.0285206 0.0292709 -0.0114402 -0.0296582 -0.0190466
internal_weight=463.977 269.34 247.93 194.637 33.3767 16.7917 241.861 76.0834 21.4104 165.777 161.493 14.752 161.26 23.997
internal_count=5024 1771 1464 3253 358 108 1359 406 307 953 928 88 2895 333
is_linear=0
shrinkage=0.03


Tree=61
num_leaves=15
num_cat=0
split_feature=7 2 2 0 7 2 0 4 0 2 5 4 6 6
split_gain=178.56 42.1615 34.0395 29.0897 17.1745 18.9984 12.0486 10.0495 8.54387 7.66024 18.8646 7.05694 6.47366 5.20311
threshold=-0.27530551117080021 30.809918403625492 17.879568099975589 28.120457649230961 -0.72497119973652457 28.564537048339847 27.757070541381839 36.474754333496101 25.99892616271973 21.188824653625492 274.24755859375006 30.9019889831543 8.0257930755615252 8.0603647232055682
decision_type=2 2 2 2 2 2 2 2 2 2 2 2 2 2
left_child=1 4 -2 12 -1 -6 7 13 9 10 -4 -12 -3 -7
right_child=2 3 8 -5 5 6 -8 -9 -10 -11 11 -13 -14 -15
leaf_value=-0.031195322174233472 -0.020171701389573277 0.029970530358326787 -0.052954770236447277 -0.024697611475423681 -0.031336767478043079 0.016008862307978728 -0.030129358892077775 -0.030248889556351112 -0.018181033751009552 0.026654886977551567 -0.018507930381252598 0.026860018253897527 -0.0040629054373140776 -0.020347902712543841
leaf_weight=114.07826294749975 16.614913880825043 26.115973234176636 2.9458818808198002 15.885372936725615 29.277848914265633 31.335517581552267 9.2065128497779352 4.8650023378431788 3.6302973330020896 170.67830425128341 3.0338956788182285 15.788467828184364 5.9046021848916999 3.1181044541299334
leaf_count=2140 216 133 32 261 532 197 163 75 40 1048 42 86 42 19
internal_value=0.000180175 -0.0175349 0.0201406 0.00751645 -0.0237959 -0.0126883 -0.0010311 0.00636059 0.0236416 0.0245204 0.0073491 0.0189826 0.0237618 0.0122374
internal_weight=452.479 239.787 212.692 47.9059 191.881 77.803 48.5251 39.3186 196.077 192.447 21.7682 18.8224 32.0206 34.4536
internal_count=5026 3562 1464 436 3126 986 454 291 1248 1208 160 128 175 216
is_linear=0
shrinkage=0.03


Tree=62
num_leaves=15
num_cat=0
split_feature=8 1 3 6 5 8 2 2 5 5 2 5 2 3
split_gain=232.802 40.0686 22.4674 21.6126 19.8665 10.0357 25.8286 7.44132 7.3049 6.92848 6.23546 9.14177 3.64177 6.68714
threshold=1.6538148643445292 25.060378074646 7.3443951606750497 8.0502514839172381 303.67332458496099 1.1974809397290773 28.471076965332035 30.457540512084964 202.47442626953128 221.15505981445315 21.112796783447269 280.96803283691412 30.715359687805179 22.841010093688968
decision_type=2 2 2 2 2 2 2 2 2 2 2 2 2 2
left_child=1 4 -2 12 5 8 10 -8 -1 -5 11 -7 -4 -14
right_child=2 -3 3 9 -6 6 7 -9 -10 -11 -12 -13 13 -15
leaf_value=-0.0091642722444440303 -0.030848405410582244 -0.027196849413828512 -0.027260831127144013 0.026972866357972511 -0.029903877035975617 -0.033721605722097592 -0.0013394386060340694 -0.039934129669846684 0.029972666818019557 -0.012729316315840861 0.02834185814548754 0.022046955636324007 0.015550021114083736 -0.028153513006139261
leaf_weight=4.0041995123028746 139.04092824086547 14.732557166367767 26.203078232705593 14.444212809205057 5.5194232352077952 3.1873288452625257 12.919333569705488 5.9563348181545726 138.18406373262405 4.6448416858911505 53.397865001112223 6.1901071444153786 5.5914563573896867 5.099294263869524
leaf_count=23 2706 242 391 68 95 21 65 53 815 24 319 32 59 86
internal_value=-4.65285e-05 0.0194444 -0.024416 -0.00817926 0.0225453 0.0239659 0.0152765 -0.0149147 0.0288142 0.0171596 0.024446 0.00166867 -0.0213966 -0.00592086
internal_weight=439.115 244.091 195.024 55.9829 229.359 223.839 81.651 18.8757 142.188 19.0891 62.7753 9.37744 36.8938 10.6908
internal_count=4999 1665 3334 628 1423 1328 490 118 838 92 372 53 536 145
is_linear=0
shrinkage=0.03


Tree=63
num_leaves=15
num_cat=0
split_feature=8 0 6 8 2 4 2 2 8 2 7 2 8 6
split_gain=212.986 34.3466 22.049 23.3805 21.9492 14.8511 10.3892 10.192 9.02513 24.2029 6.4754 5.06362 6.00086 4.26366
threshold=1.6538148643445292 28.073434829711918 8.0478301048278826 3.1117259072948955 17.37645244598389 36.525604248046882 29.287972450256351 24.848701477050785 1.1974809397290773 28.121481895446781 -0.29034235845436052 30.457540512084964 1.3552118459949656 8.0005321502685565
decision_type=2 2 2 2 2 2 2 2 2 2 2 2 2 2
left_child=1 4 -2 7 -1 8 -5 -4 -6 13 -9 12 -11 -10
right_child=2 -3 3 6 5 -7 -8 10 9 11 -12 -13 -14 -15
leaf_value=-0.032586111894684661 -0.029714616061337119 -0.027192355615619695 -0.024868188415844195 -0.031358587328150507 0.028587667900348456 -0.026864233080191632 0.041810013848221306 -0.0069963188027418596 -0.0048889859080102974 0.012646428215700745 0.035913770235326839 -0.032974165938585376 -0.021120081774232649 0.027691486506064591
leaf_weight=5.8357665911316863 146.68835421279073 13.275382917374371 3.4016142860054996 20.65407914668322 134.21144575998187 4.5516420677304259 1.0453609786927689 3.6794030480086848 3.5695226155221453 10.17593196406961 13.463411703705784 5.4620259851217261 7.2290715165436259 55.038578651845455
leaf_count=77 2778 227 20 397 818 38 16 34 37 49 61 44 44 334
internal_value=-0.000502177 0.0182618 -0.0242444 -0.00500158 0.0210389 0.0226007 -0.0261471 0.0175097 0.0237638 0.0155672 0.0268259 -0.010288 -0.00176382 0.0256584
internal_weight=428.282 239.349 188.932 42.2439 226.074 220.238 21.6994 20.5444 215.687 81.4751 17.1428 22.867 17.405 58.6081
internal_count=4974 1668 3306 528 1441 1364 413 115 1326 508 95 137 93 371
is_linear=0
shrinkage=0.03


Tree=64
num_leaves=15
num_cat=0
split_feature=8 3 6 6 3 4 2 3 8 2 6 5 7 7
split_gain=203.795 35.5041 19.8727 18.751 23.8343 14.8031 10.1682 9.66772 9.14925 31.9741 7.88544 7.25553 5.41525 5.12198
threshold=1.7186234944400616 27.94676494598389 7.9993987083435067 8.0478301048278826 5.1033663749694833 36.525604248046882 29.319467544555668 11.125223636627199 1.1974809397290773 29.136576652526859 7.945338487625123 219.71217346191409 -0.23608439396596251 -0.27005845596702188
decision_type=2 2 2 2 2 2 2 2 2 2 2 2 2 2
left_child=1 2 7 -2 6 8 -5 -1 -4 12 -9 13 -10 -6
right_child=3 -3 5 4 11 -7 -8 10 9 -11 -12 -13 -14 -15
leaf_value=-0.03214463247157974 -0.029952310503578921 -0.027737736528808413 0.029367284706578504 -0.031393233322327969 0.0018436390334710306 -0.033060847658888705 0.040275518580110255 0.028555465858131297 0.0016308101654201052 -0.026822110651333983 -0.02098832424437427 -0.016446842325890776 0.026705848710519477 0.039067924210738514
leaf_weight=7.9674096591770676 136.47835643216968 13.832678992301224 121.64875688031316 22.006015829741958 4.9770295172929773 3.3382236249744883 1.0863102860748757 6.4180859923362714 8.9408734142780286 12.405259132385252 3.8353145606815815 3.6180920898914328 64.717941649258137 9.700666069984436
leaf_count=118 2691 226 756 432 35 32 16 39 39 121 29 19 394 46
internal_value=-0.000289297 0.0175368 0.0203769 -0.0246155 -0.00672563 0.0229668 -0.02649 -0.00925624 0.0240214 0.0162146 0.00980519 0.0183003 0.0237248 0.0273683
internal_weight=420.971 243.105 229.272 177.866 41.3881 211.051 23.0923 18.2208 207.713 86.0641 10.2534 18.2958 73.6588 14.6777
internal_count=4993 1754 1528 3239 548 1342 448 186 1310 554 68 100 433 81
is_linear=0
shrinkage=0.03


Tree=65
num_leaves=15
num_cat=0
split_feature=3 1 6 6 1 2 4 2 2 2 0 4 3 4
split_gain=199.741 86.1004 9.58257 10.4625 10.9418 10.9413 6.29483 5.88395 5.86713 5.60689 6.73849 12.6202 5.04599 4.7073
threshold=8.3116488456726092 24.514926910400394 8.0589795112609881 8.0257930755615252 22.855208396911625 20.883907318115238 28.436931610107425 29.287972450256351 17.879568099975589 29.732565879821781 23.833424568176273 36.211683273315437 5.1033663749694833 35.741561889648445
decision_type=2 2 2 2 2 2 2 2 2 2 2 2 2 2
left_child=12 2 3 6 5 -5 -2 -3 -8 -7 -11 -12 -1 -4
right_child=1 7 13 4 -6 9 8 -9 -10 10 11 -13 -14 -15
leaf_value=-0.031789574728666545 -0.0064617512640180938 0.017468339637593751 0.02823066757110047 -0.053121497998220919 -0.03098055841966614 0.024283158732426667 -0.0067518295543476364 -0.029034538450739396 0.026943370930007898 0.020311255121108752 -0.037949809913532431 0.021809238041760527 -0.012742442315964627 -0.00083510511452404969
leaf_weight=125.08831666782498 6.1026712059974662 1.9741625413298596 113.57672241702676 1.4196104556322087 6.1505260206758967 18.539639294147491 4.6468709222972384 37.76221214607358 60.235465843230486 8.561709079891445 6.5271203778684121 4.6475410163402557 15.946713071316479 5.1851170510053626
leaf_count=2637 41 7 735 13 68 103 32 649 359 47 80 21 231 23
internal_value=-0.000829722 0.0140338 0.020928 0.0146143 0.00333324 0.00928053 0.0217527 -0.0263521 0.0244643 0.0128885 0.00152997 -0.0133461 -0.0297408 0.0269653
internal_weight=416.364 275.329 235.593 116.831 45.8461 39.6956 70.985 39.7364 64.8823 38.276 19.7364 11.1747 141.035 118.762
internal_count=5046 2178 1522 764 332 264 432 656 391 251 148 101 2868 758
is_linear=0
shrinkage=0.03


Tree=66
num_leaves=15
num_cat=0
split_feature=7 7 2 2 0 6 7 0 1 4 1 5 6 0
split_gain=155.714 37.6536 30.4811 30.2298 24.9634 15.2023 21.024 12.8095 9.41 4.62493 5.25369 8.6041 4.41291 3.23812
threshold=-0.24333344562067286 -0.8721508893123876 28.564537048339847 17.37645244598389 28.073434829711918 8.0276145935058612 -0.42492168740723707 25.315677642822269 1.1388958692550661 36.203889846801765 22.779473304748539 210.8159103393555 8.0563325881958026 23.62601470947266
decision_type=2 2 2 2 2 2 2 2 2 2 2 2 2 2
left_child=1 -1 -3 -2 5 -4 9 8 -5 -7 11 -11 -8 -10
right_child=3 2 4 7 -6 6 12 -9 13 10 -12 -13 -14 -15
leaf_value=-0.032349201167623527 -0.026604020399165765 -0.029473866867120887 0.023395431048210832 -0.026800462615636223 -0.024516194892139714 -0.037372143716694929 0.032890864468876936 -0.029973427357127921 0.026235279644730325 0.026513844872590016 -0.031024975346676635 -0.026366220957286187 0.00074883734586140172 0.0034182087764909348
leaf_weight=83.984074302017689 10.766639664769171 37.978600081056356 37.727465011179447 2.3887110166251651 23.791217789053917 8.6108522489666957 10.614074919372799 3.1555847227573386 164.53374476730824 5.4752744287252408 5.2002158090472212 3.8563409633934498 5.8173867464065543 6.128041870892047
leaf_count=1797 174 761 219 40 459 130 49 39 1111 35 80 80 34 37
internal_value=0.000287618 -0.0166055 -0.00693494 0.020422 0.00173825 0.0100285 -0.00297718 0.0234293 0.0245697 -0.0210374 -0.00957521 0.00422403 0.0222071 0.0254407
internal_weight=410.028 223.056 139.071 186.973 101.093 77.3016 39.5741 176.206 173.05 23.1427 14.5318 9.33162 16.4315 170.662
internal_count=5045 3644 1847 1401 1086 627 408 1227 1188 325 195 115 83 1148
is_linear=0
shrinkage=0.03


Tree=67
num_leaves=15
num_cat=0
split_feature=3 1 6 0 4 2 1 2 4 7 7 4 6 3
split_gain=191.323 75.3161 8.84429 7.2192 6.62612 5.88066 4.95443 21.2384 10.2546 5.38132 3.54572 19.4236 3.69746 4.37042
threshold=7.3443951606750497 24.514926910400394 8.0809044837951678 27.32044887542725 36.525604248046882 17.37645244598389 4.9725821018219003 25.119119644165043 31.815826416015629 0.13303027820605126 -0.53289884395400844 36.131278991699226 8.0277605056762713 25.943504333496097
decision_type=2 2 2 2 2 2 2 2 2 2 2 2 2 2
left_child=-1 2 4 -3 5 -2 -7 8 -8 10 11 -9 -13 -14
right_child=1 3 -4 -5 -6 6 7 9 -10 -11 -12 12 13 -15
leaf_value=-0.029960123060137251 -0.013559808080409401 0.013366642546712491 0.029001303078521244 -0.02799865804899019 -0.021675391320894064 0.027518906853005343 0.0083260257375391365 -0.031808609244674636 -0.055694596508516041 -0.015615472921720422 0.023657849818509422 0.031347215244281933 -0.023707114023076473 0.021663260137785852
leaf_weight=126.89599956944585 4.6641987413167945 3.6526626907289019 79.898538008332253 35.128007188439369 3.1943791285157195 40.223919030278921 3.4451982229948035 6.5131984204053905 4.4522837698459625 3.2765334583818904 68.589602909982204 15.57034156098962 2.2925714924931517 3.5760517418384552
leaf_count=2773 32 19 545 636 24 265 22 92 42 24 401 81 36 19
internal_value=0.000363313 0.0144403 0.020817 -0.0238645 0.0164616 0.0173958 0.0184563 0.01485 -0.0299694 0.0186582 0.0199695 0.0104146 0.024088 0.00306828
internal_weight=401.373 274.477 235.697 38.7807 155.798 152.604 147.94 107.716 7.89748 99.8183 96.5418 27.9522 21.439 5.86862
internal_count=5011 2238 1583 655 1038 1014 982 717 64 653 629 228 136 55
is_linear=0
shrinkage=0.03


Tree=68
num_leaves=15
num_cat=0
split_feature=8 1 3 3 7 5 1 8 4 7 7 4 2 4
split_gain=192.657 33.6185 18.1187 15.8482 12.625 23.1129 8.85243 16.2896 9.97249 7.92438 6.6259 6.44849 6.27122 8.95832
threshold=1.7186234944400616 25.060378074646 7.3443951606750497 5.1033663749694833 -0.33738634879116763 221.15505981445315 13.429676055908205 1.418025689609385 33.14660835266114 -0.27005845596702188 -0.23347957574403252 36.525604248046882 30.792193412780765 33.953939437866218
decision_type=2 2 2 2 2 2 2 2 2 2 2 2 2 2
left_child=1 2 -1 -2 12 -6 10 8 -8 -9 -4 -10 -5 -14
right_child=3 -3 6 4 5 -7 7 9 11 -11 -12 -13 13 -15
leaf_value=-0.028623283326973756 -0.031480234812915578 -0.024805751089972922 -0.0071496488735451396 -0.030288282310939954 0.031123386865682751 -0.028073159339342995 -0.010941581972091134 -0.042302542957169918 0.025141183403933912 0.010899108222665252 0.027888100253896805 -0.013266182315264661 -0.025443750263227958 0.037915813654690871
leaf_weight=5.7871203124523154 111.75673568248749 15.11734853312373 4.6706614047288886 23.873472567647699 12.781188607215883 9.4565546326339227 8.4778653644025308 5.5315886810421944 57.764704208821058 3.5512248799204809 126.63401255011559 3.6141698434948912 3.5243246480822554 2.6183321103453636
leaf_count=113 2551 270 32 462 66 112 58 55 334 18 870 24 71 11
internal_value=-0.000340478 0.0172762 0.0203218 -0.0251229 -0.0111904 0.00582538 0.0217981 0.0135828 0.0185233 -0.0224837 0.0265971 0.0227032 -0.023578 0.00309076
internal_weight=395.159 231.149 216.031 164.011 52.2539 22.2377 210.244 78.9396 69.8567 9.08281 131.305 61.3789 30.0161 6.14266
internal_count=5047 1774 1504 3273 722 178 1391 489 416 73 902 358 544 82
is_linear=0
shrinkage=0.03


Tree=69
num_leaves=15
num_cat=0
split_feature=3 0 4 2 4 4 0 4 5 4 7 6 7 5
split_gain=176.144 52.998 14.8483 7.26047 21.7532 8.97288 8.21625 9.85782 9.05711 5.01924 5.17157 4.4483 9.89659 11.9644
threshold=7.3443951606750497 27.723476409912113 36.480400085449226 21.112796783447269 31.95629978179932 30.991991043090824 23.284805297851566 33.14660835266114 239.92637634277347 36.466094970703132 -0.53289884395400844 8.0231103897094744 -0.42492168740723707 205.47002410888675
decision_type=2 2 2 2 2 2 2 2 2 2 2 2 2 2
left_child=-1 2 3 4 5 -2 -5 8 -8 -3 -11 -9 13 -13
right_child=1 9 -4 6 -6 -7 7 11 -10 10 -12 12 -14 -15
leaf_value=-0.029716517794748095 -0.021130258147982972 -0.025732698654094121 -0.030702809579478737 0.026473438094326968 -0.046587151400846245 0.028455365403655397 -0.033869408517657733 0.028146060152899093 0.024412862692201717 -0.024049779527518786 0.026564134415024882 0.01684647833488041 0.026113677287056936 -0.025664645986791624
leaf_weight=121.26874282956123 3.3249057754874292 28.417348377406597 4.4557550698518744 128.89105836302042 4.904489252716302 15.460804168134926 6.046162758022545 22.887855924665928 2.777366891503334 2.2639981806278229 3.1396833807229987 12.148605965077875 20.06514805555344 9.9072769619524461
leaf_count=2791 25 562 48 912 51 92 49 139 16 35 11 83 97 115
internal_value=8.20624e-05 0.0137948 0.018936 0.0200436 0.0041287 0.0190548 0.021874 0.0135981 -0.0149064 -0.0208357 0.00491415 0.0176342 0.011402 -0.002534
internal_weight=385.959 264.69 230.869 226.414 23.6902 18.7857 202.723 73.8324 8.82353 33.821 5.40368 65.0089 42.121 22.0559
internal_count=5026 2235 1627 1579 168 117 1411 499 65 608 46 434 295 198
is_linear=0
shrinkage=0.03


Tree=70
num_leaves=15
num_cat=0
split_feature=8 1 8 6 2 5 1 8 2 3 5 2 3 8
split_gain=175.984 35.3774 18.9753 22.6988 17.309 11.4137 9.68188 17.482 10.3772 6.59577 5.63666 5.08699 5.21943 4.88996
threshold=1.6721292767751728 25.060378074646 2.8311094832270411 8.0502514839172381 17.37645244598389 221.5590515136719 13.544450283050539 1.0249685865470306 29.782958030700687 7.6680140495300302 202.47442626953128 30.792193412780765 22.841010093688968 1.418025689609385
decision_type=2 2 2 2 2 2 2 2 2 2 2 2 2 2
left_child=1 4 3 11 -1 -5 9 10 13 -6 -8 -2 -13 -9
right_child=2 -3 -4 5 6 -7 7 8 -10 -11 -12 12 -14 -15
leaf_value=-0.02655195130142643 -0.027759081418459609 -0.027563255839197161 -0.030804400496205517 0.031943377022878271 -0.015797604216844174 -0.023067621646966952 -0.008053234942358628 0.020173136172228701 -0.024316622436146969 0.028475519067108122 0.028046781598018003 0.022899991753335153 -0.024505578084696219 -0.014488179119472639
leaf_weight=5.9564158394932738 27.624426960945129 13.809967774897812 109.9167824909091 13.14703204482794 2.5086955092847338 3.6703355833888045 3.8567419722676268 12.046825669705873 12.533741462975739 119.93930557370186 41.321337513625622 3.6003580912947646 2.8341059945523739 4.2719548419117919
leaf_count=80 508 260 2636 65 36 21 22 63 102 877 261 33 55 22
internal_value=-0.000144704 0.0174966 -0.0238314 -0.00846295 0.0206909 0.0193166 0.0222503 0.0134023 -0.00476611 0.0274478 0.0248574 -0.0223395 0.00153221 0.0107868
internal_weight=377.038 216.245 160.793 50.8763 202.435 16.8174 196.479 74.0306 28.8525 122.448 45.1781 34.0589 6.43446 16.3188
internal_count=5041 1723 3318 682 1463 86 1383 470 187 913 283 596 88 85
is_linear=0
shrinkage=0.03


Tree=71
num_leaves=15
num_cat=0
split_feature=8 0 8 2 4 2 2 1 8 2 0 2 8 4
split_gain=157.951 29.6914 18.1329 15.2545 12.8327 11.4157 13.0258 11.2117 17.6809 6.38052 6.23176 4.93759 5.15241 4.47351
threshold=1.6538148643445292 28.073434829711918 2.8311094832270411 17.37645244598389 32.624149322509773 29.136576652526859 30.715359687805179 13.429676055908205 1.1297776504339259 25.119119644165043 9.7323832511901873 30.457540512084964 1.418025689609385 36.558309555053718
decision_type=2 2 2 2 2 2 2 2 2 2 2 2 2 2
left_child=1 3 4 -1 -2 9 -7 10 13 -6 -5 12 -10 -9
right_child=2 -3 -4 7 5 6 -8 8 11 -11 -12 -13 -14 -15
leaf_value=-0.028834439386893663 -0.026701532482955894 -0.0302925976842572 -0.029621279012344112 -0.014411449652112355 -0.011785820634737543 -0.029942539275408124 0.023566589477414926 0.02492479755666616 0.0099293401583457289 0.03072184870887083 0.027774292204224716 -0.030412123975881934 -0.020244289936021408 -0.0091888458005301328
leaf_weight=4.844192784279584 19.233890980482101 10.441833738237618 107.06363853812218 2.6600451394915572 3.5726237893104544 11.773258358240129 5.1525944694876662 43.518810544162989 13.524562992155557 12.420718863606451 116.39489808678627 5.6969046406447879 6.8450192064046851 3.253259874880313
leaf_count=73 349 215 2626 36 27 220 43 280 70 63 876 50 49 22
internal_value=-0.00020506 0.0170284 -0.0225963 0.0196805 -0.00788904 0.0035658 -0.0132472 0.0210483 0.0115424 0.0210916 0.0267195 -0.00806402 -0.000683098 0.0224093
internal_weight=366.396 207.18 159.217 196.738 52.1531 32.9192 16.9259 191.894 72.8386 15.9933 119.055 26.0665 20.3696 46.7721
internal_count=4999 1671 3328 1456 702 353 263 1383 471 90 912 169 119 302
is_linear=0
shrinkage=0.03


Tree=72
num_leaves=15
num_cat=0
split_feature=3 1 7 6 4 7 2 2 6 0 7 3 4 4
split_gain=159.581 50.7686 11.3222 12.5772 9.6046 8.82685 8.02892 6.87694 6.28893 4.18195 5.70272 5.3007 18.837 2.78363
threshold=7.3443951606750497 24.514926910400394 -0.24333344562067286 8.0272436141967791 34.718070983886726 -0.52676163825421463 16.639101028442386 29.452260017395023 8.0621981620788592 23.284805297851566 -0.065928167306454996 10.475234031677248 31.693459510803226 36.219238281250007
decision_type=2 2 2 2 2 2 2 2 2 2 2 2 2 2
left_child=-1 2 3 4 -2 13 -4 -3 -7 11 -11 12 -8 -5
right_child=1 7 6 5 -6 8 9 -9 -10 10 -12 -13 -14 -15
leaf_value=-0.029381491190540902 -0.0174854272359737 0.019085819262104613 -0.017579832666292521 -0.036158000370713587 0.029138425986103847 0.014654061176861414 0.024829053700950881 -0.023479064732650011 -0.024982528041907693 0.020679390525958349 -0.018967398977142454 0.028236136528171078 -0.043440371829567385 -0.0062556848025513102
leaf_weight=114.09376530349255 4.0382619090378311 3.0551711022853842 3.5610568448901168 6.6690536141395551 23.983007077127695 16.888133350759748 16.080802053213123 32.611982244998217 3.5569522455334655 8.1195919811725599 4.1538407281041136 116.98297111690044 3.6595431827008715 5.1987100914120674
leaf_count=2832 46 12 25 98 143 92 101 637 21 49 30 892 29 53
internal_value=-0.0001584 0.0133196 0.0188684 0.00769693 0.0220483 -0.00503665 0.0232077 -0.019412 0.00691485 0.0242932 0.00684319 0.0257986 0.0106887 -0.0245633
internal_weight=362.653 248.559 212.892 60.3341 28.0213 32.3128 152.558 35.6672 20.4451 148.997 12.2734 136.723 19.7403 11.8678
internal_count=5060 2228 1579 453 189 264 1126 649 113 1101 79 1022 130 151
is_linear=0
shrinkage=0.03


Tree=73
num_leaves=15
num_cat=0
split_feature=8 5 5 8 6 8 2 7 5 2 1 2 7 2
split_gain=156.384 28.353 15.4275 14.6445 17.6804 11.3775 19.7088 6.84128 6.69215 3.83097 3.6897 2.96011 6.44165 2.90518
threshold=1.7186234944400616 202.47442626953128 303.67332458496099 2.8311094832270411 8.0502514839172381 1.1974809397290773 28.254714012146 -0.23608439396596251 220.10530853271487 30.809918403625492 27.934562683105472 21.833667755126957 -0.0017263110063480312 30.457540512084964
decision_type=2 2 2 2 2 2 2 2 2 2 2 2 2 2
left_child=1 -1 5 4 9 -3 7 -7 -6 -2 -11 12 -9 -8
right_child=3 2 -4 -5 8 6 13 11 -10 10 -12 -13 -14 -15
leaf_value=-0.027078464439113801 -0.027360011922566128 0.027305054564256529 -0.029014466176299773 -0.029941372890759859 0.027455226974777945 -0.014873365507971352 -0.0036626794916725658 -0.021031300789800492 -0.014917527034648109 0.021047944913427558 -0.022595305415513543 0.028681438059441872 0.024003343176420566 -0.0266033985298312
leaf_weight=11.593192238360642 23.904979642480615 109.04691040888429 4.8683832325041285 101.97089932113886 11.370953828096388 3.589042715728282 17.432916529476646 3.3237310871481895 3.8735926523804656 2.7928620018064967 2.2284966148436069 39.092736721038818 7.8426927551627141 6.1849482320249072
leaf_count=186 485 826 106 2636 62 21 123 26 21 24 46 298 44 87
internal_value=-0.000150727 0.0168545 0.0196427 -0.0237231 -0.00902289 0.0210607 0.0120348 0.021933 0.0164329 -0.0225393 0.00114311 0.0248002 0.00997175 -0.0105069
internal_weight=349.116 202.975 191.381 146.142 44.1709 186.513 77.4661 53.8482 15.2445 28.9263 5.02136 50.2592 11.1664 23.6179
internal_count=4991 1717 1531 3274 638 1425 599 389 83 555 70 368 70 210
is_linear=0
shrinkage=0.03


Tree=74
num_leaves=15
num_cat=0
split_feature=3 1 8 7 6 2 4 4 3 6 6 8 2 8
split_gain=145.282 53.6041 12.3598 16.5726 9.08177 5.17046 22.7611 4.95231 4.28911 4.22622 4.68034 3.56367 3.23746 3.51756
threshold=7.3443951606750497 24.514926910400394 1.3408419963373561 -0.29034235845436052 8.039370536804201 23.685653686523441 31.95629978179932 36.518089294433601 18.772186279296879 7.9945452213287362 7.945338487625123 2.532168452558802 29.287972450256351 0.79434007478810331
decision_type=2 2 2 2 2 2 2 2 2 2 2 2 2 2
left_child=-1 2 7 4 8 6 -5 9 -4 10 -2 -6 -3 -14
right_child=1 12 3 5 11 -7 -8 -9 -10 -11 -12 -13 13 -15
leaf_value=-0.029082881399106277 0.023248174959713066 0.012851510896088891 -0.019776320365288869 0.020983225801753873 -0.045795171162926661 0.023677362129064159 -0.054697469682468712 -0.011186223157776443 0.018397100336316526 0.02653972532760273 -0.013782478169234173 -0.00046024405344808987 0.0024713063456551334 -0.027611927469564996
leaf_weight=107.20692057907581 5.4425054639577848 1.6855216100811947 3.2378152571618575 14.479316353797914 6.6080934479832631 33.59435435757041 3.6550297290086737 2.9715615436434737 6.1613286584615707 119.19938334077597 4.9581748060882092 1.988946311175823 3.8014291524887112 27.924922499805689
leaf_count=2800 39 7 48 100 77 232 37 17 39 903 33 27 34 609
internal_value=-0.000286503 0.0128784 0.0186955 0.00830599 -0.01589 0.0168654 0.00366815 0.0240567 0.00460993 0.0249442 0.00593457 -0.0364477 -0.0218615 -0.024042
internal_weight=342.915 235.708 202.297 69.7249 17.9962 51.7287 18.1343 132.572 9.39914 129.6 10.4007 8.59704 33.4119 31.7264
internal_count=5002 2202 1552 560 191 369 137 992 87 975 72 104 650 643
is_linear=0
shrinkage=0.03


Tree=75
num_leaves=15
num_cat=0
split_feature=8 5 6 3 8 2 2 2 2 3 3 8 4 2
split_gain=141.149 22.1293 21.0448 16.5221 11.6785 24.9982 11.5834 8.62821 5.78329 5.58552 2.95613 2.85578 3.99984 2.75117
threshold=1.5739373828849637 202.47442626953128 8.0478301048278826 5.1033663749694833 1.2373229125795089 28.121481895446781 29.361582756042484 18.224842071533207 24.848701477050785 8.3116488456726092 20.916719436645511 1.3659066999880378 36.247760772705085 30.792193412780765
decision_type=2 2 2 2 2 2 2 2 2 2 2 2 2 2
left_child=1 -1 13 6 9 7 -4 -6 -5 -3 -10 -7 -13 -2
right_child=2 4 3 8 5 11 -8 -9 10 -11 -12 12 -14 -15
leaf_value=-0.024359246091546081 -0.029311681269628999 -0.011718714673439349 -0.030209937306674026 -0.012194070300080873 -0.028812840462075925 -0.0074048185731950735 0.051401218573702855 0.026008877173862108 0.027485288340731717 0.026621865956699148 -0.0043125004460133612 -0.041415039139564486 0.0059263751776696691 -0.012005342105620417
leaf_weight=9.8790515437722188 105.34263744577765 2.9962057322263709 16.470230631530288 5.0451109558343914 1.9748840108513821 9.2294096648693102 0.81667307391762634 34.687562789767981 14.473235897719862 111.52297958731651 2.871346026659011 6.6399249173700792 1.7437452375888822 11.049116306006907
leaf_count=151 2647 42 428 31 33 62 14 280 102 879 18 87 8 217
internal_value=-0.000628261 0.0175336 -0.0213999 -0.00244658 0.0201144 0.00844107 -0.0237545 0.0223692 0.0143173 0.025526 0.0222731 -0.0201952 -0.0319861 -0.027785
internal_weight=334.742 178.674 156.068 39.6766 168.795 54.2755 17.2869 36.6624 22.3897 114.519 17.3446 17.6131 8.38367 116.392
internal_count=4999 1542 3457 593 1391 470 442 313 151 921 120 157 95 2864
is_linear=0
shrinkage=0.03


Tree=76
num_leaves=15
num_cat=0
split_feature=3 1 8 7 3 0 3 7 7 5 8 5 5 3
split_gain=146.395 47.2278 11.5147 13.512 6.83802 4.42286 3.7727 6.2838 3.56903 5.78107 6.93769 5.84326 3.51773 3.4129
threshold=7.3443951606750497 25.060378074646 1.1974809397290773 -0.27005845596702188 22.841010093688968 23.5658073425293 11.243263244628908 -0.87801014872911531 -0.34614637421864286 204.39053344726565 1.3659066999880378 203.64331817626956 202.47442626953128 10.475234031677248
decision_type=2 2 2 2 2 2 2 2 2 2 2 2 2 2
left_child=-1 2 12 5 13 -4 7 -3 9 11 -11 -7 -2 -5
right_child=1 6 3 4 -6 8 -8 -9 -10 10 -12 -13 -14 -15
leaf_value=-0.029376828792061493 -0.0032236221438774388 -0.021337645728469721 -0.035176296088754742 0.0073710554835267478 -0.022656815890886816 -0.01901001024180898 -0.027179655708272219 0.048982090692042173 0.017993105689073436 0.009624199231701408 -0.036041944281954445 0.028877131438039407 0.026399206825723043 0.023847138379477936
leaf_weight=101.36053083837032 3.5244039036333552 2.0059462711215024 3.1403776966035393 16.021824821829796 2.7523397840559474 2.8422091864049532 23.619733467698097 0.86700543016195553 5.4078328162431673 4.0816340185701829 7.49826705083251 5.0100091099739075 103.38588408008218 50.136455617845058
leaf_count=2788 22 52 35 111 17 37 516 14 20 18 121 24 824 386
internal_value=0.000495813 0.013714 0.018622 0.010958 0.0180217 -0.00646033 -0.0233461 0.00705147 -0.00160911 -0.00767791 -0.0204602 0.0113544 0.0254018 0.0200262
internal_weight=331.654 230.294 203.801 96.891 68.9106 27.9803 26.4927 2.87295 24.84 19.4321 11.5799 7.85222 106.91 66.1583
internal_count=4985 2197 1615 769 514 255 582 66 220 200 139 61 846 497
is_linear=0
shrinkage=0.03


Tree=77
num_leaves=15
num_cat=0
split_feature=3 1 6 1 2 6 2 2 0 2 0 3 4 2
split_gain=128.343 48.7299 9.64187 9.2222 13.8939 6.44382 5.95316 5.84558 5.64901 7.77112 5.64717 4.76132 4.19489 2.78083
threshold=7.3443951606750497 24.514926910400394 8.0589795112609881 5.0677268505096444 30.730740547180179 8.0324449539184588 21.112796783447269 29.287972450256351 23.963550567626957 29.435926437377933 9.7323832511901873 10.475234031677248 35.907165527343757 31.85965728759766
decision_type=2 2 2 2 2 2 2 2 2 2 2 2 2 2
left_child=-1 2 3 10 6 -6 -5 -3 -8 -10 -2 -4 -13 -9
right_child=1 7 11 4 5 -7 8 13 9 -11 -12 12 -14 -15
leaf_value=-0.029196644534941137 -0.013011359892860992 0.023226003603669033 -0.010267838455075597 -0.040286038478388006 0.020984718917653397 -0.018968498257177863 0.015466215209623173 -0.02686830122163331 0.013388811712564092 -0.027623582040404042 0.02777775880661161 0.026634250371353658 -0.0079728225037564559 0.014254423710913929
leaf_weight=98.28066485747695 2.8300821743905571 1.6578314229846025 2.9672231078147879 4.2714229524135616 30.527661807835102 3.3228315487503997 7.5304518938064602 29.254671756178144 5.515658617019656 11.410947434604166 28.005426675081253 89.992017526179552 2.8454788178205481 0.96169625595211883
leaf_count=2778 19 6 20 41 219 33 48 625 35 143 231 754 14 16
internal_value=-0.000843721 0.0118345 0.0176194 0.0105857 0.00383103 0.0166311 -0.0113033 -0.021999 -0.00485775 -0.014258 0.023743 0.0242975 0.0254999 -0.0251448
internal_weight=319.374 221.093 189.219 93.4145 62.579 33.8505 28.7285 31.8742 24.4571 16.9266 30.8355 95.8047 92.8375 30.2164
internal_count=4982 2204 1557 769 519 252 267 647 226 178 250 788 768 641
is_linear=0
shrinkage=0.03


Tree=78
num_leaves=15
num_cat=0
split_feature=8 0 6 5 6 8 1 8 5 5 2 7 0 5
split_gain=122.394 28.1413 14.1007 15.2552 11.7753 18.1284 10.6424 9.25035 7.6265 6.61819 4.81024 4.63084 3.58503 3.24207
threshold=1.7186234944400616 28.073434829711918 8.0478301048278826 211.45056915283206 8.0746407508850115 0.96827663963935617 5.4298472404479989 2.2853628013616794 298.60276794433599 226.5815124511719 30.809918403625492 -0.809435723929394 16.663056373596195 202.47442626953128
decision_type=2 2 2 2 2 2 2 2 2 2 2 2 2 2
left_child=1 4 10 -4 5 13 8 12 -7 -8 -2 -12 -5 -1
right_child=2 -3 3 7 -6 6 9 -9 -10 -11 11 -13 -14 -15
leaf_value=-0.003124670545753968 -0.029697064501752926 -0.029811800640778752 0.0292558950273504 -0.01382794513552848 0.028211183191621355 0.022940022817282295 -0.0049626019821178693 -0.029969091237233521 -0.018054459581768687 -0.040024256570453207 -0.025021208181148603 0.017283167505897506 0.021858126484426241 0.026140148483215286
leaf_weight=3.4362058229744425 90.930855792015791 10.6611987426877 7.870011072605851 3.4104507751762885 68.436896536499262 18.305636882781986 24.465828951448206 15.26179254055023 4.3775760978460303 5.1629989184439173 3.5877749100327492 3.7608772777020922 5.1949893906712532 49.824678312987089
leaf_count=21 2567 252 75 19 599 136 183 429 86 34 94 40 36 402
internal_value=-5.48577e-05 0.015612 -0.0222568 -0.00468664 0.0185495 0.0120804 -0.000511399 -0.0166053 0.0146003 -0.0121796 -0.0278263 -0.00389388 0.00774805 0.0242293
internal_weight=314.688 184.671 130.017 31.7372 174.01 105.573 52.312 23.8672 22.6832 29.6288 98.2795 7.34865 8.60544 53.2609
internal_count=4973 1713 3260 559 1461 862 439 484 222 217 2701 134 55 423
is_linear=0
shrinkage=0.03


Tree=79
num_leaves=15
num_cat=0
split_feature=3 1 8 7 3 0 4 4 3 0 6 1 7 6
split_gain=121.104 48.6224 10.3329 14.2437 10.1936 8.64649 7.38514 7.25624 6.07242 4.3921 3.36092 2.77075 6.68002 4.49698
threshold=8.6097049713134783 25.060378074646 1.3408419963373561 -0.29034235845436052 10.322763442993166 27.451275825500492 31.693459510803226 36.558309555053718 11.243263244628908 29.332090377807621 8.0360350608825701 6.8716635704040536 -0.065928167306454996 7.945338487625123
decision_type=2 2 2 2 2 2 2 2 2 2 2 2 2 2
left_child=-1 2 7 5 6 -4 -5 11 9 -3 -6 -2 -13 -14
right_child=1 8 3 4 10 -7 -8 -9 -10 -11 -12 12 13 -15
leaf_value=-0.027318874650012721 0.030209780830803352 -0.017454013816649287 -0.028388527025545531 0.013990588398944619 -0.0015665111926290803 0.014294136735064028 -0.039566329705466731 -0.019047915435706331 -0.030979454460111567 0.045896162565910538 0.025889808761835442 0.022778296137352484 0.018032704464068221 -0.028267871775257927
leaf_weight=99.645687576383352 49.215940453112125 1.209987699985507 11.715925320982935 3.823439758270978 4.3978063389658919 5.6811849139630786 3.6872382126748562 2.8549182824790469 22.169836230576038 0.94180094823241223 34.602068971842527 61.171939551830292 2.3904590606689444 3.4499340318143368
leaf_count=2866 445 33 152 28 32 44 32 22 528 17 266 465 17 31
internal_value=-0.000298246 0.0127581 0.0180711 0.00816262 0.0167395 -0.0144308 -0.0138619 0.0232764 -0.0263506 0.0160379 0.0228319 0.0244696 0.0198717 -0.00945136
internal_weight=306.958 207.312 182.991 63.9077 46.5106 17.3971 7.51068 119.083 24.3216 2.15179 38.9999 116.228 67.0123 5.84039
internal_count=4978 2112 1534 554 358 196 60 980 578 50 298 958 513 48
is_linear=0
shrinkage=0.03


Tree=80
num_leaves=15
num_cat=0
split_feature=3 0 8 7 8 3 5 5 0 4 8 6 3 6
split_gain=118.214 42.8334 13.3713 11.4474 7.80577 7.11347 6.86565 6.30281 5.83775 13.287 4.30281 2.53193 2.49387 2.18615
threshold=6.5769705772399911 27.634655952453617 1.1974809397290773 -0.34614637421864286 0.79434007478810331 21.24765777587891 204.39053344726565 219.71217346191409 12.834486007690431 32.031894683837898 1.3659066999880378 8.0360350608825701 8.80670213699341 8.0478301048278826
decision_type=2 2 2 2 2 2 2 2 2 2 2 2 2 2
left_child=13 2 -2 6 -3 8 -4 -7 9 -5 -8 -10 -6 -1
right_child=1 4 3 5 12 7 10 -9 11 -11 -12 -13 -14 -15
leaf_value=-0.030407835984790587 0.025666411063396611 0.011783419570347689 0.014397838683430704 0.017412039699400361 0.007384922603527069 0.0093223336139046167 0.0011694629675811879 -0.035536934423516804 0.0009394733409511817 -0.045947695546913872 -0.034081576397396743 0.025428962622092832 -0.030308601660799048 -0.016289488095753452
leaf_weight=74.157881453633308 95.475826673209667 4.8216724656522301 5.8781903497874763 10.502863135188816 1.3191862516105199 6.8087119832634908 4.5533358454704276 3.476987898349762 4.2295157462358466 3.020256955176591 8.4501284249126893 44.709557443857193 22.387778863310814 15.896700300276278
leaf_count=2313 826 37 41 85 31 33 23 26 33 35 150 362 560 438
internal_value=0.000562166 0.0126159 0.0178419 0.00949992 -0.0211024 0.0148685 -0.0108919 -0.00764711 0.0186383 0.00107186 -0.0225359 0.0233737 -0.0279971 -0.0281219
internal_weight=305.689 215.634 187.105 91.6295 28.5286 72.7479 18.8817 10.2857 62.4622 13.5231 13.0035 48.9391 23.707 90.0546
internal_count=4993 2242 1614 788 628 574 214 59 515 120 173 395 591 2751
is_linear=0
shrinkage=0.03


Tree=81
num_leaves=15
num_cat=0
split_feature=8 0 3 6 6 0 8 2 8 6 3 8 5 2
split_gain=114.661 21.6685 12.7441 16.2336 11.1112 9.55446 7.51066 13.8721 4.95035 5.94492 6.80682 4.75901 4.16245 3.68667
threshold=1.7186234944400616 27.723476409912113 5.1033663749694833 8.0530109405517596 7.9993987083435067 16.827790260314945 1.2510358432231932 28.083174705505375 0.65843105020299408 7.9639053344726571 11.84914016723633 0.79434007478810331 204.39053344726565 30.715359687805179
decision_type=2 2 2 2 2 2 2 2 2 2 2 2 2 2
left_child=1 4 -2 13 8 -5 -6 -8 -1 10 -10 -3 -9 -4
right_child=2 11 3 5 6 -7 7 12 9 -11 -12 -13 -14 -15
leaf_value=0.018121081556474152 -0.029681430810053228 0.0071082468735701272 -0.026587884468855339 -0.019443406659936404 0.025683413945209167 0.036216423007253501 0.021441470229091583 0.016036920628055389 -0.032891116213454495 -0.043804468619801161 0.02268642951955065 -0.029458126883654803 -0.016588098846939174 -0.0023841620024395954
leaf_weight=4.0287259593605986 79.008702227845788 4.0043835341930381 21.638080058619384 3.2205550298094741 93.947050135582685 8.2549499794840795 39.755940690636635 3.6748466007411507 2.2795729488134366 3.6390617936849594 4.0189718343317509 10.2978746779263 14.682639341801403 7.8344834130257359
leaf_count=33 2521 35 499 18 828 52 338 17 44 64 31 268 105 153
internal_value=-6.86795e-05 0.015022 -0.0226909 -0.00881667 0.0180879 0.0202893 0.0204315 0.0116504 -0.00708871 -0.0180312 0.000821223 -0.0194247 -0.00956607 -0.0204434
internal_weight=300.286 180.329 119.957 40.9481 166.027 11.4755 152.06 58.1134 13.9663 9.93761 6.29854 14.3023 18.3575 29.4726
internal_count=5006 1763 3243 722 1460 70 1288 460 172 139 75 303 122 652
is_linear=0
shrinkage=0.03


Tree=82
num_leaves=15
num_cat=0
split_feature=8 0 6 5 0 4 8 1 8 4 4 7 6 5
split_gain=101.252 24.9098 12.5395 12.7845 12.5198 10.2892 10.5487 13.6175 8.66839 6.89678 3.66398 3.43156 5.11074 3.4252
threshold=1.7186234944400616 28.073434829711918 8.0478301048278826 211.45056915283206 9.7323832511901873 36.570991516113288 1.1974809397290773 9.9783253669738787 2.2853628013616794 33.14660835266114 30.991991043090824 -0.27005845596702188 8.0563325881958026 221.89505004882815
decision_type=2 2 2 2 2 2 2 2 2 2 2 2 2 2
left_child=1 4 -2 -4 10 6 -6 -8 -5 -9 -1 12 -11 -13
right_child=2 -3 3 8 5 -7 7 9 -10 11 -12 13 -14 -15
leaf_value=-0.033750826149534952 -0.027292415019055535 -0.029789050417573352 0.027910134472902786 0.0081954940656913111 0.025994194497970493 -0.030840070047832902 0.021739482345340597 -0.039864459314099106 -0.029614827252717312 0.0029394443638049803 0.013454992126913144 0.024292660779274458 -0.03320486917510429 -0.010880339246652375
leaf_weight=4.7712722197175017 90.712898714467883 10.191020075231789 7.1628349199891117 8.0916573852300662 90.846341513097286 2.895111732184886 37.134023513644934 3.4663217701017883 13.757492693141101 11.125855490565302 1.3777173124253748 6.8462130799889529 4.0576321259140977 2.9556966722011566
leaf_count=107 2747 257 69 55 816 29 327 30 422 85 8 49 22 26
internal_value=-0.000675961 0.0137967 -0.0218494 -0.00448835 0.0166438 0.0182975 0.019397 0.0100057 -0.0158662 -0.00552688 -0.0227715 0.000587689 -0.00817467 0.0136611
internal_weight=295.392 175.667 119.725 29.012 165.476 159.327 156.432 65.5857 21.8492 28.4517 6.14899 24.9854 15.1835 9.80191
internal_count=5049 1756 3293 546 1499 1384 1355 539 477 212 115 182 107 75
is_linear=0
shrinkage=0.03


Tree=83
num_leaves=15
num_cat=0
split_feature=8 7 5 5 3 5 4 5 1 4 3 8 8 4
split_gain=110.626 27.4848 16.0912 15.9189 11.1924 9.87856 7.60764 6.54169 5.88256 12.4612 9.03336 6.11654 4.79734 4.08966
threshold=1.4812629242729896 -0.29034235845436052 252.73292541503909 202.47442626953128 5.1033663749694833 303.67332458496099 31.857089996337894 297.33053588867193 6.8716635704040536 32.183065414428718 23.791047096252445 0.83928674783186563 1.2373229125795089 34.51665115356446
decision_type=2 2 2 2 2 2 2 2 2 2 2 2 2 2
left_child=3 -2 4 -1 -3 8 7 -4 -5 10 -10 -12 -11 -6
right_child=1 2 6 5 13 -7 -8 -9 9 12 11 -13 -14 -15
leaf_value=-0.022419357374069349 -0.026864660100232491 -0.025941685229899494 0.015683197058374013 0.029232388186702998 0.013245060632326666 -0.027116198888768435 -0.045340869734760883 -0.030385030211107937 -0.056690678415831669 0.025521567608005204 0.023852026786666744 -0.022483976303694215 0.006314510681029323 0.040435222121736496
leaf_weight=7.3081361018121234 100.97428778931499 4.247618047520521 5.6451580971479398 59.45331009849906 16.820092055946592 2.9658276438713065 6.2140032276511183 3.7819265089929104 2.133790209889411 49.989189643412828 4.5690977759659273 3.7625184431672096 16.231418730691075 7.2755705937743178
leaf_count=119 3030 114 43 567 147 75 117 102 23 429 37 62 121 37
internal_value=0.000199978 -0.0183145 0.00147495 0.0185304 0.0148082 0.0208264 -0.0221242 -0.0039399 0.022061 0.0161963 -0.0132488 0.00275986 0.0209777 0.0227391
internal_weight=291.372 144.959 43.9844 146.413 28.3433 139.105 15.6411 9.42708 136.139 76.686 10.4654 8.33162 66.2206 24.0957
internal_count=5023 3590 560 1433 298 1314 262 145 1239 672 122 99 550 184
is_linear=0
shrinkage=0.03


Tree=84
num_leaves=15
num_cat=0
split_feature=3 0 8 2 2 5 1 8 8 3 2 8 2 0
split_gain=110.96 34.5164 12.604 10.6 6.97768 7.17117 5.16208 5.15973 4.76724 4.9697 6.58564 4.38659 6.60157 3.63849
threshold=7.3443951606750497 27.723476409912113 1.4812629242729896 24.848701477050785 29.136576652526859 204.39053344726565 6.8716635704040536 1.7669812365697533 0.79434007478810331 11.243263244628908 30.715359687805179 1.0249685865470306 30.457540512084964 20.372800827026371
decision_type=2 2 2 2 2 2 2 2 2 2 2 2 2 2
left_child=-1 2 6 7 -5 -6 -2 -4 -3 10 -10 13 -13 -8
right_child=1 8 3 4 5 -7 11 -9 9 -11 -12 12 -14 -15
leaf_value=-0.029103861269631891 0.028303985003819969 0.008599248722154347 -0.00381860126163402 0.023403015135591395 0.01710405321778068 -0.027639907737734934 -0.0095999580466765416 -0.039811056663317586 -0.020516850153393044 -0.030569904679120487 0.053974392463019424 0.012460198245838681 -0.024699966814023134 0.024008045420643651
leaf_weight=82.139822134748101 56.986820880323648 3.9222735874354866 10.258381780236958 19.55712300166488 5.4552315846085531 5.5019481685012579 2.5943228900432578 4.7205840200185767 1.8177471198141604 18.979834681376815 0.76006477698683728 26.569747298955921 4.144274089485406 41.283089347183704
leaf_count=2765 558 33 71 142 50 107 29 67 54 526 13 194 35 365
internal_value=9.95969e-05 0.0120272 0.0167315 0.00303404 0.013067 -0.0057959 0.0214089 -0.0169431 -0.020063 -0.0254279 0.0103938 0.0158363 0.00682541 0.0218513
internal_weight=284.691 202.551 177.072 45.4933 30.5143 10.9572 131.578 14.979 25.4799 21.5576 2.57781 74.5914 30.714 43.8774
internal_count=5009 2244 1618 437 299 157 1181 138 626 593 67 623 229 394
is_linear=0
shrinkage=0.03


Tree=85
num_leaves=15
num_cat=0
split_feature=3 1 8 7 1 6 6 8 6 8 5 5 6 1
split_gain=98.4131 43.6837 8.17068 10.9273 6.28617 4.42486 5.22486 4.26193 3.89967 3.67701 11.5115 3.35565 3.11553 7.55341
threshold=6.5769705772399911 24.514926910400394 1.2510358432231932 -0.21516227543462435 21.778222084045414 7.9945452213287362 7.945338487625123 1.0598423512752915 8.0204968452453631 1.8086429447539116 221.15505981445315 203.47237396240237 8.0675811767578143 5.1825006008148202
decision_type=2 2 2 2 2 2 2 2 2 2 2 2 2 2
left_child=-1 2 5 4 -4 6 -2 8 -3 12 -11 -7 13 -5
right_child=1 7 3 9 -6 11 -8 -9 -10 10 -12 -13 -14 -15
leaf_value=-0.028106229721287266 0.022691055265989447 0.015968002215844442 -0.017266611733803883 0.021177454196248762 0.010906762291747788 -0.0010493415218076798 -0.021013610529251877 -0.028494395751433806 -0.027702637034129538 0.029721664721814374 -0.03868815403135361 0.026447714603573078 0.026769219369663123 -0.024872026536424778
leaf_weight=77.77590199187398 4.0266658067703238 4.0352244880050447 15.702192779630424 10.501037199050186 11.541046079248188 4.1192835643887511 3.8285250328481197 22.07472887635231 1.9003486763685939 3.8045592531561843 3.1081928517669439 81.391615562140942 28.909333396703005 3.510094203054904
leaf_count=2702 37 45 159 82 104 22 29 607 29 30 35 798 272 25
internal_value=0.000285125 0.0114971 0.0172103 0.009789 -0.00536794 0.0231682 0.0014224 -0.0226625 7.95452e-06 0.0180177 -0.00203961 0.0251263 0.021221 0.00875267
internal_weight=276.229 198.453 170.443 77.0765 27.2432 93.3661 7.85519 28.0103 5.93557 49.8332 6.91275 85.5109 42.9205 14.0111
internal_count=4976 2274 1593 707 263 886 66 681 74 444 65 820 379 107
is_linear=0
shrinkage=0.03


Tree=86
num_leaves=15
num_cat=0
split_feature=3 1 8 7 8 3 0 5 5 7 4 0 4 3
split_gain=100.844 33.6911 11.1365 12.0215 7.5868 4.56718 5.37042 12.6454 3.67346 3.00764 2.71077 5.54271 2.61581 2.33882
threshold=6.5769705772399911 22.855208396911625 1.1974809397290773 -0.40078538600284003 0.78330535212556895 21.24765777587891 12.985509872436525 274.24755859375006 202.47442626953128 -0.32414521592918327 33.953939437866218 29.332090377807621 31.169051170349125 8.6097049713134783
decision_type=2 2 2 2 2 2 2 2 2 2 2 2 2 2
left_child=-1 2 13 -4 8 6 7 -5 -3 -7 -6 -12 -9 -2
right_child=1 4 3 5 10 9 -8 12 -10 -11 11 -13 -14 -15
leaf_value=-0.029449138223552211 -1.7595467551971606e-05 -0.010185694965511362 -0.027282556760218461 -0.049061597370446498 -0.030001235317252496 0.011426054121079906 0.020911503916302667 -0.010093372795865269 0.026675197271549534 -0.015986839422886756 -0.016385782402063613 0.033362347875039472 0.02343828197477469 0.026042839061013776
leaf_weight=76.088382367044687 3.2256054989993563 3.5124707855284196 6.5745476260781279 2.6908974796533576 12.858999144285916 5.7444316446781158 44.7119254861027 2.1631966177374107 4.7159368991851807 6.8024187721312028 18.168697034940127 1.3169595953077067 7.2919740825891495 77.371518416330218
leaf_count=2731 22 29 100 29 372 22 402 27 33 44 325 30 63 788
internal_value=-0.000336917 0.0109906 0.017286 0.00887146 -0.0131352 0.0126351 0.0161991 -0.00141936 0.0115417 -0.00351918 -0.0195708 -0.0115591 0.0155351 0.0250124
internal_weight=273.238 197.15 156.577 75.9794 40.5731 69.4048 56.858 12.1461 8.22841 12.5469 32.3447 19.4857 9.45517 80.5971
internal_count=5017 2286 1497 687 789 587 521 119 62 66 727 355 90 810
is_linear=0
shrinkage=0.03


Tree=87
num_leaves=15
num_cat=0
split_feature=8 1 5 8 3 3 7 5 6 5 0 8 3 3
split_gain=94.8037 25.0394 14.0584 7.98475 9.32176 6.20292 6.80496 5.26726 4.64457 15.8255 4.83054 3.7371 3.11356 3.21042
threshold=2.2853628013616794 25.060378074646 303.67332458496099 1.2373229125795089 22.841010093688968 9.9125213623046893 -0.036036480131971409 202.47442626953128 8.0478301048278826 211.45056915283206 25.571698188781742 1.3659066999880378 17.668477058410648 30.460403442382816
decision_type=2 2 2 2 2 2 2 2 2 2 2 2 2 2
left_child=1 2 3 7 5 6 -5 -1 -2 10 -10 -6 -3 -14
right_child=8 12 -4 4 11 -7 -8 -9 9 -11 -12 -13 13 -15
leaf_value=-0.0089554893079666492 -0.030948783145525856 0.018682291589403027 -0.02881370392826783 -0.030344033388911878 0.0039945143686469318 0.018416913591975205 0.015262803024369328 0.023605991894714344 0.053165694691787842 -0.029241705474420229 -0.0028061074971489019 -0.024667607567356774 -0.029917444525706167 0.015740135190534046
leaf_weight=4.2139867246150962 65.583520937711 0.80292695201933639 5.6129151843488208 4.6621821746230125 7.041703760623931 47.956253467127681 5.2302424311637861 87.536909863352776 2.4232297502458122 12.714282764121888 2.1733039729297161 8.0385926216840726 14.72180211730301 0.91008428297936994
leaf_count=29 2402 16 172 56 38 441 41 863 26 446 30 89 418 19
internal_value=-0.000770058 0.0110811 0.014518 0.0161599 0.00857665 0.0140173 -0.00704366 0.0220301 -0.0272797 -0.0124481 0.0309287 -0.0118678 -0.0233216 -0.0264727
internal_weight=269.622 186.728 170.293 164.68 72.929 57.8487 9.89242 91.7509 82.8943 17.3108 4.59653 15.0803 16.4348 15.6319
internal_count=5086 2182 1729 1557 665 538 97 892 2904 502 56 127 453 437
is_linear=0
shrinkage=0.03


Tree=88
num_leaves=15
num_cat=0
split_feature=8 0 6 8 2 8 2 4 4 0 5 7 2 8
split_gain=88.0756 25.7701 15.4924 10.7598 14.1552 6.26582 4.48282 14.1951 4.24851 3.74399 7.15035 3.50944 3.00151 3.22496
threshold=2.8311094832270411 28.073434829711918 7.9993987083435067 1.1824498976111324 29.136576652526859 0.65843105020299408 22.302578926086429 31.95629978179932 36.558309555053718 27.451275825500492 203.64331817626956 -0.27005845596702188 31.85965728759766 2.6804179101411365
decision_type=2 2 2 2 2 2 2 2 2 2 2 2 2 2
left_child=1 2 5 8 6 -1 7 -5 -4 -6 -11 -8 13 -3
right_child=-2 12 3 4 9 -7 11 -9 -10 10 -12 -13 -14 -15
leaf_value=0.017037303270681533 -0.029212590075523164 -0.03018012200791283 0.025786994402823175 0.018334457919668083 -0.02321617436758406 -0.023008877601752881 0.0011054427187558978 -0.042476084818573373 -0.0078618087919399594 -0.025903039177781577 0.028833419219774673 0.023089687986946741 0.017539729765872609 0.015226938664885947
leaf_weight=3.8781070671975639 70.785701455548406 15.797598402947191 72.22111994586885 10.88548558205366 12.093032808974387 13.075263829901813 7.8828426897525778 3.8707884866744271 3.1109127812087527 3.0133926775306454 3.6418885681778193 40.4105818066746 0.81214511580765147 0.94139424338936883
leaf_count=35 2680 467 745 102 142 266 34 47 23 66 20 379 13 24
internal_value=-0.000852841 0.00971991 0.0132394 0.0161813 0.00848947 -0.0134095 0.0152538 0.000699525 0.0243126 -0.013879 0.00390351 0.0195965 -0.0240205 -0.026912
internal_weight=262.42 191.635 174.083 157.13 81.798 16.9534 63.0497 14.7563 75.332 18.7483 6.65528 48.2934 17.5511 16.739
internal_count=5043 2363 1859 1558 790 301 562 149 768 228 86 413 504 491
is_linear=0
shrinkage=0.03


Tree=89
num_leaves=15
num_cat=0
split_feature=3 1 2 4 4 7 6 0 3 7 3 1 2 4
split_gain=83.9553 28.2045 7.03089 12.9306 10.2597 8.33472 10.5296 4.38239 3.8115 5.95542 3.54727 2.95509 5.93364 3.0156
threshold=6.5769705772399911 24.514926910400394 21.112796783447269 31.95629978179932 30.9019889831543 -0.47774201667303767 8.0276145935058612 27.32044887542725 11.243263244628908 -0.8721508893123876 30.460403442382816 5.7446515560150155 24.848701477050785 32.183065414428718
decision_type=2 2 2 2 2 2 2 2 2 2 2 2 2 2
left_child=-1 2 3 4 -2 6 -4 -3 9 -9 -10 -7 -13 -14
right_child=1 7 5 -5 -6 11 -8 8 10 -11 -12 12 13 -15
leaf_value=-0.026893767470895558 -0.03375263848786355 0.012095207442706448 0.018966656825248385 -0.043821798147676484 0.023989978979407415 0.028620751564232664 -0.020129128343514862 -0.020558928528124347 -0.029282319795610419 0.048411825422675393 0.019378760230599923 -0.014313150821304471 0.00721605899731199 0.022755529499624814
leaf_weight=71.848502203822136 2.5980799254030016 3.2928420864045647 12.963156826794149 3.9074026122689238 11.84069239348173 37.768815787509084 10.157392475754021 1.8844838179647925 19.000717679038647 0.88104722462594764 0.77683127857744594 4.2309594750404349 15.330389609560369 58.671377720311284
leaf_count=2762 31 22 104 50 104 425 151 64 536 16 16 35 159 526
internal_value=0.000372803 0.0111482 0.0159162 -0.00147047 0.0120867 0.0182031 0.00166853 -0.0174225 -0.0220647 0.00843521 -0.0265303 0.0214563 0.0176799 0.0196755
internal_weight=255.153 183.304 157.468 18.3462 14.4388 139.122 23.1205 25.8359 22.5431 2.76553 19.7775 116.002 78.2327 74.0018
internal_count=5001 2239 1585 185 135 1400 255 654 632 80 552 1145 720 685
is_linear=0
shrinkage=0.03


Tree=90
num_leaves=15
num_cat=0
split_feature=3 1 8 7 5 3 3 4 1 0 8 4 4 0
split_gain=88.5527 26.5908 10.9187 9.34962 8.25831 4.41015 6.27 5.67867 5.56457 7.35891 3.82697 3.30659 5.48749 3.18951
threshold=6.5769705772399911 24.514926910400394 1.1974809397290773 -0.34614637421864286 204.39053344726565 20.186223983764652 10.322763442993166 35.276584625244148 4.8299019336700448 14.901736259460451 1.3552118459949656 28.436931610107425 24.555891990661625 27.683883666992191
decision_type=2 2 2 2 2 2 2 2 2 2 2 2 2 2
left_child=-1 2 11 4 -4 6 8 -7 -5 -10 -6 12 -2 -3
right_child=1 13 3 5 10 7 -8 -9 9 -11 -12 -13 -14 -15
leaf_value=-0.029194704948525309 0.018719668658471331 0.0019394500092580719 0.019653716229355713 0.015465364592093151 -0.0014046842664655721 -0.032993374889507023 0.022357193417480072 0.0089141113948587435 -0.037613786455227997 0.020982612044857782 -0.035844500773045997 0.025422221125628686 -0.024526862682132698 -0.022325561373826817
leaf_weight=69.221210582181811 8.394892789423464 6.0973504558205631 4.4859816841781166 8.1325672380626184 4.4356537833809835 3.1655478887259951 37.678948480635881 8.7453137896954996 4.7049819976091376 2.1323460564017296 7.8982395827770233 66.936312399804592 2.7198815904557696 20.644837332889438
leaf_count=2754 93 57 29 77 22 26 365 54 50 12 151 708 30 618
internal_value=-0.000468164 0.0103116 0.0149567 0.00713523 -0.0122767 0.0123028 0.0159767 -0.00391644 -0.000477316 -0.0189939 -0.0244931 0.0229184 0.00698587 -0.0169225
internal_weight=255.394 186.173 159.431 81.3796 16.8199 64.5597 52.6488 11.9109 14.9699 6.83733 12.3339 78.0511 11.1148 26.7422
internal_count=5046 2292 1617 786 202 584 504 80 139 62 173 831 123 675
is_linear=0
shrinkage=0.03


Tree=91
num_leaves=15
num_cat=0
split_feature=3 0 4 2 4 4 0 4 6 4 2 3 7 7
split_gain=83.4859 28.9884 8.71973 7.38815 11.6594 10.6882 6.86634 9.5999 4.50536 4.44074 5.43442 4.08585 6.00803 4.06699
threshold=6.5769705772399911 27.757070541381839 36.480400085449226 21.112796783447269 31.693459510803226 30.834199905395511 23.203595161437992 33.14660835266114 8.0231103897094744 25.724853515625004 30.538767814636234 11.243263244628908 -0.8721508893123876 -0.40078538600284003
decision_type=2 2 2 2 2 2 2 2 2 2 2 2 2 2
left_child=-1 2 3 4 5 -2 -5 9 -9 -8 -11 12 -3 -10
right_child=1 11 -4 6 -6 -7 7 8 13 10 -12 -13 -14 -15
leaf_value=-0.028985380674450219 -0.039030801838155785 -0.020305145266055345 -0.027037296123228065 0.023343513116491122 -0.036397800849597484 0.024205045831299777 0.011076532946849332 0.027230704425419371 -0.0029167505242050687 0.00040238731985521359 -0.055959136487227397 -0.027347111508198459 0.049666086401941555 0.018312587668576814
leaf_weight=67.200759528204799 2.0345449969172504 1.8305060509592297 3.5860226172953835 82.209263704717159 5.2100312802940598 11.541046878322957 2.406239289790391 15.621886592358349 16.180070392787457 2.5642007179558277 2.800942674279213 18.309041127562523 0.84904957562685268 14.844027958810331
leaf_count=2758 26 65 47 912 66 103 20 138 202 23 25 530 14 88
internal_value=-0.000700664 0.00996166 0.014354 0.0154758 -0.00206795 0.0127004 0.0178855 0.00936758 0.0145377 -0.0197841 -0.0331907 -0.0224519 0.00933842 0.00749545
internal_weight=247.188 179.987 158.998 155.412 18.7856 13.5756 136.627 54.4174 46.646 7.77138 5.36514 20.9886 2.67956 31.0241
internal_count=5017 2259 1650 1603 195 129 1408 496 428 68 48 609 79 290
is_linear=0
shrinkage=0.03


Tree=92
num_leaves=15
num_cat=0
split_feature=3 0 8 6 4 5 7 6 7 5 7 4 6 8
split_gain=75.1223 24.139 11.3074 7.84418 4.94841 16.9196 8.26435 4.9065 4.7579 8.23739 5.0142 3.64476 4.04773 5.31285
threshold=7.3443951606750497 28.073434829711918 1.2510358432231932 8.0901808738708514 31.655437469482425 224.85852050781253 -0.27005845596702188 8.0643525123596209 -0.40078538600284003 204.39053344726565 -0.809435723929394 36.558309555053718 8.0116534233093279 0.593983574881085
decision_type=2 2 2 2 2 2 2 2 2 2 2 2 2 2
left_child=-1 2 11 4 -4 6 7 8 9 10 -6 12 13 -2
right_child=1 -3 3 -5 5 -7 -8 -9 -10 -11 -12 -13 -14 -15
leaf_value=-0.026579424427547824 0.026885466515185832 -0.023391730877178676 0.015335161071972745 0.024381073301027682 -0.023424168437373924 -0.040639780986323079 0.021757364880390595 -0.042665154236286022 0.019613304874906128 -0.031480207921371725 0.020919325912336192 -0.0087048603073939732 0.024953783960995513 -0.0092647759630006196
leaf_weight=68.071273388341069 5.3415625467896444 16.527815951034427 13.98393528908491 14.198239566758273 2.2824923042207956 8.3540838062763196 14.098166020587092 1.9500369802117337 5.9615080691874018 7.3336458876729003 7.0455563906580227 3.0858519896864882 71.588471008464694 7.80843560770154
leaf_count=2811 44 524 132 160 60 100 118 12 23 143 47 22 782 77
internal_value=2.90535e-05 0.0102077 0.0137358 0.00509695 0.000288293 -0.00441233 0.00424093 -0.00626642 -0.00145572 -0.00967783 0.00885143 0.0209929 0.0221633 0.00628182
internal_weight=247.631 179.56 163.032 75.2077 61.0094 47.0255 38.6714 24.5732 22.6232 16.6617 9.32805 87.8243 84.7385 13.15
internal_count=5055 2244 1720 795 635 503 403 285 273 250 107 925 903 121
is_linear=0
shrinkage=0.03


Tree=93
num_leaves=15
num_cat=0
split_feature=8 7 5 5 8 6 1 8 7 8 7 4 8 5
split_gain=73.7052 19.7948 11.0265 9.29983 8.68452 8.08001 4.78961 10.0953 4.70808 3.76908 3.45918 3.18476 3.2897 2.46746
threshold=1.5079081476808656 -0.29034235845436052 221.15505981445315 202.47442626953128 1.8086429447539116 8.0116534233093279 10.856526374816896 1.0249685865470306 -0.13955587763929558 0.79434007478810331 -0.47774201667303767 33.14660835266114 1.418025689609385 244.43184661865237
decision_type=2 2 2 2 2 2 2 2 2 2 2 2 2 2
left_child=3 -2 -3 10 8 9 -7 -8 -4 -5 -1 -9 -13 -11
right_child=1 2 4 5 -6 6 7 11 -10 13 -12 12 -14 -15
leaf_value=-0.025859078427827611 -0.025045744576571969 0.022553622160265796 -0.025554578611655426 0.012411505603075225 -0.034481309476944139 0.028473407708963751 0.026917949164921656 -0.023683699584995326 0.011260055582113506 -0.039060736119984285 0.017474294768947601 0.0094717607306155499 -0.022275523478632618 -0.004056902201065176
leaf_weight=5.4870851039886475 79.703732807189226 13.167665848508475 3.1026813331991425 8.3741842024028319 7.8372271656990042 47.510405067354441 28.195944277569652 3.0138866398483541 12.228339292109014 1.6633334308862666 1.4445164557546366 20.122237404808406 2.4472636301070443 6.5598526783287525
leaf_count=110 3069 155 39 88 240 577 297 37 110 45 16 149 26 103
internal_value=0.000370519 -0.0167666 0.00157817 0.016309 -0.0107831 0.0183116 0.0214622 0.0148616 0.00270097 -0.00104297 -0.015764 0.00106125 0.00523028 -0.0146046
internal_weight=240.858 116.04 36.3359 124.819 23.1682 117.887 101.29 53.7793 15.331 16.5974 6.9316 25.5834 22.5695 8.22319
internal_count=5061 3613 544 1448 389 1322 1086 509 149 236 126 212 175 148
is_linear=0
shrinkage=0.03


Tree=94
num_leaves=15
num_cat=0
split_feature=3 0 6 6 4 2 7 3 6 0 5 5 3 7
split_gain=71.5313 20.0196 9.5585 7.44846 8.84025 8.04239 6.63175 7.42087 6.35636 5.56001 3.49217 6.09718 3.14857 7.26566
threshold=5.1033663749694833 28.073434829711918 8.0486392974853533 8.0257930755615252 28.436931610107425 17.37645244598389 -0.27005845596702188 23.419466018676761 7.945338487625123 23.833424568176273 226.5815124511719 274.89582824707037 11.243263244628908 -0.8721508893123876
decision_type=2 2 2 2 2 2 2 2 2 2 2 2 2 2
left_child=-1 2 3 4 8 -6 7 -4 -2 10 -5 -12 13 -3
right_child=1 12 6 9 5 -7 -8 -9 -10 -11 11 -13 -14 -15
leaf_value=-0.028605525555190418 0.011866035717761649 -0.021754894950420149 -0.029219674430907127 0.021334463458542514 -0.020376626382314272 0.018664414970360456 0.023283034144939204 0.018351958225530495 -0.047734907568702911 -0.021315272312212485 -0.039168160047026945 0.020736339686233989 -0.02597094436058876 0.053846175436777263
leaf_weight=59.412930075079203 2.227422270923852 2.2955999318510298 4.2338444646447879 5.6962970048189181 4.4590719994157544 46.045568393543363 68.542870735749602 5.7811100073158741 2.8082572668790817 12.919692046940325 2.1792574096471071 2.0658591408282518 14.428244432434438 0.76331331953406589
leaf_count=2634 30 92 34 49 61 477 780 44 29 226 27 23 482 16
internal_value=-0.000452755 0.00924391 0.0126567 0.00514549 0.0110249 0.0148888 0.0199941 -0.00258599 -0.0237736 -0.00900172 0.00748632 -0.0116205 -0.020416 0.00572869
internal_weight=233.859 174.446 156.959 78.4014 55.5403 50.5046 78.5578 10.015 5.03568 22.8611 9.94141 4.24512 17.4872 3.05891
internal_count=5004 2370 1780 922 597 538 858 78 59 325 99 50 590 108
is_linear=0
shrinkage=0.03


Tree=95
num_leaves=15
num_cat=0
split_feature=3 1 2 4 0 4 4 4 6 0 2 2 2 4
split_gain=71.7978 22.8952 8.1247 10.3608 9.1369 7.02054 5.55867 7.47078 5.09124 6.62948 4.46627 2.70104 2.50487 2.00455
threshold=5.1033663749694833 24.514926910400394 21.112796783447269 31.95629978179932 21.513266563415531 30.834199905395511 32.183065414428718 25.724853515625004 8.0257930755615252 26.18913555145264 29.287972450256351 31.85965728759766 31.06788539886475 34.636398315429695
decision_type=2 2 2 2 2 2 2 2 2 2 2 2 2 2
left_child=-1 2 3 5 -4 -2 7 -6 -8 13 -3 -12 -11 -10
right_child=1 10 4 -5 6 -7 8 -9 9 12 11 -13 -14 -15
leaf_value=-0.028511986810984317 -0.032773725522942006 0.020337682121360737 0.024070190020630097 -0.042461798431181898 0.013177008194837289 0.017561991585905098 0.023018765140776307 -0.040911591668926467 0.022961209695854946 -0.034586741716039787 -0.021661096946406118 0.019599935529665966 0.0055827551607926197 0.0047372827410865122
leaf_weight=57.802076876163483 2.1387751791626242 1.9955706447362924 71.432068265974522 3.8403355460613957 3.8376771174371234 11.736303325742481 19.958364501595497 3.6291789971292019 6.9318357072770622 3.8385238964110604 23.028386164456609 0.76556003279983897 1.6153548806905744 19.660010913386941
leaf_count=2627 52 9 863 56 33 126 181 33 72 88 699 14 14 176
internal_value=0.000176905 0.00979329 0.0143216 -0.00452696 0.0168874 0.00812133 0.00800457 -0.0148392 0.0115026 0.00385069 -0.0158627 -0.0195966 -0.0236676 0.0101478
internal_weight=232.21 174.408 148.618 17.7154 130.903 13.8751 59.4709 7.46686 52.0041 32.0457 25.7895 23.7939 5.45388 26.5918
internal_count=5043 2416 1694 234 1460 178 597 66 531 350 722 713 102 248
is_linear=0
shrinkage=0.03


Tree=96
num_leaves=15
num_cat=0
split_feature=3 1 8 6 1 5 7 5 7 5 5 6 7 4
split_gain=64.9569 21.1424 6.77884 8.55138 5.59108 10.6775 9.17072 6.21598 5.28157 5.8908 4.67339 4.8225 3.9101 4.78073
threshold=6.5769705772399911 24.514926910400394 1.1974809397290773 8.0819315910339373 4.8795616626739511 215.87665557861331 -0.33738634879116763 204.53318023681643 -0.72497119973652457 203.47237396240237 202.67532348632815 8.0116534233093279 -0.31688568846947279 31.371745109558109
decision_type=2 2 2 2 2 2 2 2 2 2 2 2 2 2
left_child=-1 2 10 4 -4 6 7 -6 -3 -10 -2 -12 -7 -14
right_child=1 8 3 -5 5 12 -8 -9 9 -11 11 -13 13 -15
leaf_value=-0.026652480620640778 -0.020117312464496068 -0.029558834338399877 0.017554204996600129 0.021861693071460062 0.017059309880609233 0.0049423838520875523 0.028033351031924055 -0.023634223634304796 0.015731404027026316 -0.023205456515078767 0.0048435982212449782 0.025793634200349084 9.763582853940589e-06 -0.041110250769620951
leaf_weight=59.748457474634051 1.7152785062789906 11.758164731785657 11.744080599397419 23.784830449149013 4.4779288098216048 3.1687778439372769 9.938645966351034 8.1304791290312988 6.8397281207144243 5.3192289620637894 12.672663329169152 54.577777022495866 3.4060040675103656 9.0567908119410259
leaf_count=2756 13 414 130 274 29 26 74 118 109 132 123 682 29 84
internal_value=-7.6123e-05 0.00955778 0.0139359 0.00745661 0.000299013 -0.00532141 0.00782709 -0.00899018 -0.0160704 -0.00177147 0.0206552 0.0219746 -0.0236172 -0.0307064
internal_weight=226.339 166.59 142.673 73.7075 49.9227 38.1786 22.5471 12.6084 23.9171 12.159 68.9657 67.2504 15.6316 12.4628
internal_count=4993 2237 1582 764 490 360 221 147 655 241 818 805 139 113
is_linear=0
shrinkage=0.03


Tree=97
num_leaves=15
num_cat=0
split_feature=3 0 8 2 3 4 4 8 6 8 6 4 6 0
split_gain=62.6732 21.3201 9.84963 10.0407 8.06787 9.32237 6.5994 5.43214 5.1057 4.1399 4.88575 3.85106 3.60419 20.1317
threshold=7.3443951606750497 28.073434829711918 1.2373229125795089 28.083174705505375 10.475234031677248 31.857089996337894 36.570991516113288 1.8086429447539116 8.0005321502685565 0.65843105020299408 7.9600980281829843 36.237993240356452 8.0478301048278826 25.402397155761722
decision_type=2 2 2 2 2 2 2 2 2 2 2 2 2 2
left_child=12 2 6 4 5 -4 8 -5 9 -2 -11 -9 -1 -14
right_child=1 -3 3 7 -6 -7 -8 11 -10 10 -12 -13 13 -15
leaf_value=-0.029264824318736199 0.021095559979192699 -0.022730931086774809 0.013168805590378247 -0.018382093388815999 0.022939991727835261 -0.034618847959546964 -0.026181277502697893 0.016570875335605983 0.025099274259348509 0.014340113195499649 -0.036227201055940565 -0.021786045849420572 -0.02357175843843301 0.084911003984101327
leaf_weight=48.844130273908377 4.1696329414844495 15.438242027536033 9.1957348734140378 17.536523582413796 29.231313133612275 4.7628044597804537 1.8203848507255305 8.7516684718430025 65.923885693773627 2.3114632144570351 2.9321466740220785 2.1720859389752141 10.023561101406809 0.79820393212139684
leaf_count=2339 38 527 83 165 330 60 19 88 778 23 26 68 426 12
internal_value=0.00026906 0.00984201 0.0133505 0.00523077 0.0142175 -0.00436112 0.0207273 -0.00842672 0.0221889 0.00135331 -0.0152098 0.00775649 -0.0258108 -0.00906442
internal_weight=223.912 164.246 148.808 71.6501 43.1899 13.9585 77.1575 28.4603 75.3371 9.41324 5.24361 10.9238 59.6659 10.8218
internal_count=4982 2205 1678 794 473 143 884 321 865 87 49 156 2777 438
is_linear=0
shrinkage=0.03


Tree=98
num_leaves=15
num_cat=0
split_feature=3 7 8 6 4 4 4 7 2 8 3 7 7 4
split_gain=60.675 19.0585 10.14 10.8387 9.02268 8.13517 6.60391 6.50697 8.17269 6.07508 3.6519 5.76995 3.48787 3.76538
threshold=5.1033663749694833 -0.53289884395400844 1.3659066999880378 8.0502514839172381 36.131278991699226 36.466094970703132 31.613193511962894 -0.29034235845436052 24.848701477050785 1.6538148643445292 11.243263244628908 -0.8721508893123876 -0.059848846139801279 30.230744361877445
decision_type=2 2 2 2 2 2 2 2 2 2 2 2 2 2
left_child=-1 4 -3 6 10 -6 12 -5 9 -9 11 -2 -4 -14
right_child=1 2 3 7 5 -7 -8 8 -10 -11 -12 -13 13 -15
leaf_value=-0.027140856803011145 -0.022256847130273715 0.020911726230355965 -0.021544344401017074 -0.021360164689466686 0.013134751712777396 -0.026658297438695536 -0.034608753723922338 0.012432629750187172 0.029933580655792297 -0.036465492685285837 -0.031962660694702751 0.040876464969499454 -0.012887536066293347 0.028325194503858665
leaf_weight=53.705865560099483 2.4930636323988442 83.294092820957303 2.9123266953974971 3.241907179355624 17.652343509718779 5.160051589831709 7.3957986254245034 5.4539524838328379 18.139584671705961 2.569207951426506 13.034792881458996 1.0791886728256965 2.4920916818082341 4.1866104062646627
leaf_count=2637 106 993 79 16 205 97 130 62 181 17 446 28 36 30
internal_value=0.000343371 0.00918029 0.0147084 0.00336444 -0.00892062 0.00339224 -0.015175 0.0142213 0.0192544 -0.00553169 -0.0250663 0.00158462 0.00166356 0.0132714
internal_weight=222.811 169.105 129.686 46.3915 39.4194 22.8124 16.9868 29.4047 26.1627 8.02316 16.607 3.57225 9.59103 6.6787
internal_count=5063 2426 1544 551 882 302 275 276 260 79 580 134 145 66
is_linear=0
shrinkage=0.03


Tree=99
num_leaves=15
num_cat=0
split_feature=3 1 6 8 1 5 7 3 5 3 6 5 7 7
split_gain=57.5182 25.1567 8.63308 8.46716 5.95009 7.65498 5.18161 5.80407 4.96659 4.36749 3.96005 5.11696 3.80177 4.9215
threshold=5.1033663749694833 24.514926910400394 8.0486392974853533 0.70939638906846747 4.8299019336700448 297.33053588867193 -0.34614637421864286 24.378849029541019 227.14627838134768 11.125223636627199 7.9639053344726571 274.89582824707037 -0.72497119973652457 -0.71454507679575474
decision_type=2 2 2 2 2 2 2 2 2 2 2 2 2 2
left_child=-1 2 3 -2 5 -5 7 -4 -6 -7 -10 -12 -3 -14
right_child=1 12 6 4 8 9 -8 -9 10 -11 11 -13 13 -15
leaf_value=-0.026986138525948042 0.022506839679235911 -0.029619976819176587 -0.0368496390804696 0.023896799747606345 -0.0012638498423877176 -0.031440947748236227 0.022788671606503986 0.019938233574809696 0.0051399267628624351 0.018871783228566429 -0.056670846985340619 -0.00073041509819895504 0.031565898247541364 -0.01418924204057511
leaf_weight=51.956801515072584 18.400224212557077 12.633747126907112 2.1504566203802815 13.051859403029086 21.368271622806791 3.7697297781705847 69.661655867472291 2.4176344871520996 2.192539354786275 1.5083688721060751 3.7037205304950476 2.1801391821354628 1.6541621480137099 9.7696633785963041
leaf_count=2618 204 482 27 142 260 83 828 20 17 18 47 34 13 240
internal_value=0.000227339 0.00893574 0.0138001 0.00579171 -0.000975514 0.0120625 0.0207675 -0.00861186 -0.00922156 -0.0163469 -0.0278169 -0.0390604 -0.0188711 -0.00555645
internal_weight=216.419 164.462 140.405 66.1749 47.7746 18.33 74.2297 4.56809 29.4447 5.2781 8.0764 5.88386 24.0576 11.4238
internal_count=5033 2415 1680 805 601 243 875 47 358 101 98 81 735 253
is_linear=0
shrinkage=0.03


Tree=100
num_leaves=15
num_cat=0
split_feature=3 1 8 3 6 4 2 6 2 8 6 4 5 5
split_gain=56.9731 15.7281 8.12625 9.58496 6.50008 5.91512 6.64617 5.75923 5.69948 5.64111 6.58304 5.10449 5.09714 3.7121
threshold=5.1033663749694833 24.514926910400394 1.1974809397290773 21.24765777587891 8.0502514839172381 31.892121315002445 30.792193412780765 8.0116534233093279 29.41439247131348 0.593983574881085 7.9600980281829843 30.744473457336429 297.33053588867193 219.44814300537112
decision_type=2 2 2 2 2 2 2 2 2 2 2 2 2 2
left_child=-1 2 7 4 5 12 -7 9 -3 -2 -11 -12 -4 -6
right_child=1 8 3 -5 13 6 -8 -9 -10 10 11 -13 -14 -15
leaf_value=-0.027984339896519671 0.02273526769916737 0.024657553308209457 0.020518899436235864 -0.013021008602662561 0.036157645283660139 -0.032666018518940659 0.026325635923327654 0.023920066043002133 -0.019212094583799459 0.014997857521685904 -0.062925815212562963 -0.0022632225976430189 -0.023618682567308504 0.012808318229335527
leaf_weight=50.092327604070306 5.3559362664818746 2.1679574251174953 9.4799437429755944 18.590416150167584 8.0808230824768525 6.6531117334961873 1.4031212776899336 53.49328051507473 20.808351973071694 3.2613622788339853 1.8700402639806268 2.3468516301363707 2.13672025874257 25.883345697075129
leaf_count=2595 51 9 93 153 78 150 4 717 708 40 18 27 65 311
internal_value=-0.000353338 0.00833475 0.0121495 0.00507737 0.0114737 -0.00221456 -0.0206193 0.019661 -0.014217 0.00146311 -0.0146567 -0.0360702 0.0111719 0.0192389
internal_weight=211.624 161.531 138.555 72.2275 53.6371 19.6729 8.05623 66.3275 22.9763 12.8342 7.47825 4.21689 11.6167 33.9642
internal_count=5019 2424 1707 854 701 312 154 853 717 136 85 45 158 389
is_linear=0
shrinkage=0.03


Tree=101
num_leaves=15
num_cat=0
split_feature=8 7 0 8 0 1 7 6 3 1 8 7 7 7
split_gain=57.1155 15.5955 9.98401 9.38642 7.52295 7.08397 7.59086 6.04803 6.25164 5.61647 5.5107 4.2816 3.90866 6.5298
threshold=1.4923944052839817 -0.27005845596702188 23.332882881164554 0.593983574881085 16.342008590698246 1.1388958692550661 -0.24333344562067286 8.0502514839172381 5.1033663749694833 14.926133155822756 1.8086429447539116 -0.11013648171863848 -0.16187185271061402 -0.46856854824468003
decision_type=2 2 2 2 2 2 2 2 2 2 2 2 2 2
left_child=2 -2 5 -4 10 -1 -7 -6 -9 -5 11 -3 13 -11
right_child=1 4 3 9 7 6 -8 8 -10 12 -12 -13 -14 -15
leaf_value=-0.024703357763743446 -0.025532577042399647 -0.028014540488015188 0.022420036521922922 -0.047939156520293034 -0.02361914405916123 -0.027941011357282792 0.02500838640481938 -0.019954088268181177 0.033210521909327384 -0.011305883894470818 -0.036357894102761849 0.01045538624117367 -0.03592558887812633 0.017859310822735213
leaf_weight=2.1340652741491786 69.237594328820705 2.6323246192187062 13.434189051389692 1.7364953793585325 2.0637737698853007 1.7423476129770268 59.704525349661708 1.7306848969310511 9.9474824387580139 15.705733845010403 5.0004648305475703 8.1971933301538247 1.891080917790531 10.78339608758688
leaf_count=74 3130 34 154 18 35 12 814 63 99 223 162 84 22 111
internal_value=-0.00147953 -0.0178379 0.0136335 0.00247214 0.00042384 0.021122 0.0230836 0.0160576 0.0243792 -0.00686059 -0.0132954 -0.000473197 -0.00280099 0.000784683
internal_weight=205.941 98.8095 107.132 43.5509 29.5719 63.5809 61.4469 13.7419 11.6782 30.1167 15.83 10.8295 28.3802 26.4891
internal_count=5035 3607 1428 528 477 900 826 197 162 374 280 118 356 334
is_linear=0
shrinkage=0.03


Tree=102
num_leaves=15
num_cat=0
split_feature=3 6 8 5 4 7 3 7 7 6 3 5 8 3
split_gain=57.4283 17.7415 14.1751 6.93429 13.9166 5.89801 6.15095 4.90372 7.70935 6.09722 4.54826 3.38879 3.11191 3.32298
threshold=5.8848295211792001 8.0486392974853533 0.79434007478810331 274.24755859375006 33.452838897705085 -0.34614637421864286 24.378849029541019 -0.8721508893123876 -0.70655824933822109 8.0276145935058612 9.5490527153015154 202.47442626953128 1.3408419963373561 26.275712013244632
decision_type=2 2 2 2 2 2 2 2 2 2 2 2 2 2
left_child=-1 2 11 4 -4 6 -3 -6 9 -9 -5 -2 13 -10
right_child=1 5 3 10 7 -7 -8 8 12 -11 -12 -13 -14 -15
leaf_value=-0.027897540406296047 -0.0064260649184020606 -0.037543552481304303 -0.037352897270792204 -0.0085556582806363812 -0.028449242593052232 0.022617829185390813 0.018009856933584423 0.035022814713957733 0.01465709605638686 -0.01780627732042224 0.021305567570260472 0.02238186783370372 -0.023749805828023995 -0.021397739931672571
leaf_weight=49.351720687001944 3.9183760136365917 2.3774842247366896 14.566023638471959 7.723661798983815 4.1895178705453864 64.037176067009568 2.9274068623781204 7.4309185147285479 5.7773057036101836 1.8839119393378494 8.9815151542425138 21.893309842795134 6.5012504756450644 2.4941100124269724
leaf_count=2679 36 28 431 125 173 807 28 60 50 60 110 252 138 35
internal_value=-4.721e-05 0.00895948 -0.000230668 -0.0082696 -0.0145687 0.020115 -0.00889321 -0.00195712 0.00360096 0.0236478 0.00779575 0.0179321 -0.00973733 0.00265003
internal_weight=204.054 154.702 85.3599 59.5482 42.843 69.3421 5.30489 28.277 24.0875 9.31483 16.7052 25.8117 14.7727 8.27142
internal_count=5012 2333 1470 1182 947 863 56 516 343 120 235 288 223 85
is_linear=0
shrinkage=0.03


Tree=103
num_leaves=15
num_cat=0
split_feature=8 8 2 2 4 7 0 4 1 2 0 0 7 7
split_gain=50.2479 13.9997 10.0642 8.64151 7.82071 7.7857 4.74468 4.5315 3.84409 3.24233 6.18246 3.17662 4.95414 8.57372
threshold=2.8311094832270411 1.2373229125795089 29.287972450256351 21.112796783447269 36.570991516113288 -0.036036480131971409 9.7323832511901873 30.834199905395511 25.141019821166996 28.121481895446781 23.833424568176273 23.833424568176273 -0.70655824933822109 -0.72497119973652457
decision_type=2 2 2 2 2 2 2 2 2 2 2 2 2 2
left_child=1 4 3 5 6 -3 -1 -7 -8 -5 -11 -4 13 -13
right_child=-2 2 11 9 -6 7 8 -9 -10 10 -12 12 -14 -15
leaf_value=-0.019781960141539292 -0.026582375913023086 -0.033869855863909296 0.01768585807027356 0.019010912216086348 -0.027461763416021516 -0.025701896018985593 0.022745969523371906 0.018265556551411235 -0.009321778625854019 -0.029445268549355964 0.014153283195391733 -0.017700499588843403 -0.032454670160450685 0.034775356682459381
leaf_weight=1.8873523268848647 47.357577495276928 6.6714370287954798 1.6449218392372156 30.061760097742081 2.4444602299481621 1.9325553104281405 65.387018237262964 6.8110466338694096 3.0259290579706422 3.2883326075971118 8.2233623191714269 10.482920188456776 10.748696101829406 2.7227322664111862
leaf_count=46 2605 178 5 355 32 59 857 67 79 26 40 392 256 21
internal_value=0.000143731 0.00840987 -7.25449e-05 0.00693677 0.0179104 -0.0117289 0.0198511 0.00690719 0.0212137 0.0139707 0.000341261 -0.0153507 -0.0182371 -0.0051947
internal_weight=202.69 155.333 82.5878 56.9885 72.7448 15.415 70.3003 8.7436 68.4129 41.5735 11.5117 25.5993 23.9543 13.2057
internal_count=5018 2413 1399 725 1014 304 982 126 936 421 66 674 669 413
is_linear=0
shrinkage=0.03


Tree=104
num_leaves=15
num_cat=0
split_feature=3 0 8 6 7 2 6 8 7 8 2 4 8 2
split_gain=56.6953 18.9484 7.52492 8.50552 7.32632 4.88698 4.57877 7.36561 4.59133 4.16602 3.45347 20.0059 3.05548 4.41756
threshold=5.1033663749694833 27.757070541381839 0.593983574881085 7.9993987083435067 -0.27005845596702188 30.363639831542972 8.0276145935058612 1.3659066999880378 -0.45708148150874789 0.79434007478810331 23.685653686523441 31.892121315002445 1.876686784260422 29.04172515869141
decision_type=2 2 2 2 2 2 2 2 2 2 2 2 2 2
left_child=-1 2 -2 -4 6 10 -5 8 -8 -3 11 -6 -9 -14
right_child=1 9 3 4 5 -7 7 12 -10 -11 -12 -13 13 -15
leaf_value=-0.028928601000924235 0.027586281612213621 0.0077101269891544106 -0.017440900797718924 0.012580318114910073 0.023056443649213946 -0.014813479117122977 -0.01551893845316387 -0.041666859702594684 0.022106349900174585 -0.025810043120007689 0.023829923691911288 -0.042967378597846703 0.022659000762608891 -0.026151310732718518
leaf_weight=46.434690438210964 23.493407474830747 3.7217933312058475 9.1127625051885826 14.687349375337361 17.615817507728938 3.3768040202558032 3.8092916421592236 4.6830015964806062 6.7254498898983019 14.997529763728378 43.569790614768863 4.3358608186244956 1.8231934066861866 3.2093077581375837
leaf_count=2664 322 38 146 138 214 36 31 59 37 628 584 46 8 114
internal_value=-0.000205341 0.00852079 0.0124206 0.00905169 0.0115209 0.0171278 0.000294879 -0.00878835 0.00833538 -0.0190925 0.0189719 0.00871163 -0.0264011 -0.00764329
internal_weight=201.596 155.161 136.442 112.949 103.836 68.8983 34.9376 20.2502 10.5347 18.7193 65.5215 21.9517 9.7155 5.0325
internal_count=5065 2401 1735 1413 1267 880 387 249 68 666 844 260 181 122
is_linear=0
shrinkage=0.03


Tree=105
num_leaves=15
num_cat=0
split_feature=3 6 8 5 5 4 2 3 2 0 3 8 8 3
split_gain=46.2235 13.7711 11.3989 8.34877 6.77779 5.54172 4.86781 7.19646 5.66295 3.20982 3.48549 4.69265 2.79866 3.23057
threshold=5.1033663749694833 8.0486392974853533 0.79434007478810331 272.72323608398443 297.33053588867193 33.580661773681648 30.715359687805179 23.548137664794925 29.435926437377933 13.308712482452394 21.24765777587891 1.3408419963373561 1.5739373828849637 7.6680140495300302
decision_type=2 2 2 2 2 2 2 2 2 2 2 2 2 2
left_child=-1 2 -2 5 12 -4 8 -8 -7 -3 -11 -12 -5 -14
right_child=1 9 3 4 -6 6 7 -9 -10 10 11 -13 13 -15
leaf_value=-0.026174515318443968 0.016654730104072535 -0.017516237461314775 -0.02770917428055026 0.027053003700249233 -0.023852842099296612 0.017568503479362438 0.041822622917934996 -0.0098118311863672515 -0.022608999362497387 0.022894440983422963 0.01871819824852592 -0.013820001925893341 0.021801811394805432 -0.021592907193153873
leaf_weight=44.362811578437686 25.066704021766782 1.4627224411815394 15.969624398276208 9.8326767440885323 3.3506925888359538 3.2364922091364923 3.2183784246444684 5.0388856921344995 13.463814169168471 51.807315655052662 8.9072291608899814 5.7640394978225222 1.9119109008461226 2.2910487800836563
leaf_count=2612 294 16 470 120 79 22 37 84 362 732 99 43 16 42
internal_value=0.000410211 0.0083247 0.000120987 -0.00714719 0.00988243 -0.0144447 -0.00521668 0.0126572 -0.01427 0.0182448 0.0192796 0.00586847 0.0189868 -0.00145655
internal_weight=195.684 151.322 83.3802 58.3135 17.3863 40.9272 24.9576 8.25726 16.7003 67.9413 66.4786 14.6713 14.0356 4.20296
internal_count=5028 2416 1526 1232 257 975 505 121 384 890 874 142 178 58
is_linear=0
shrinkage=0.03


Tree=106
num_leaves=15
num_cat=0
split_feature=3 7 6 8 2 7 8 1 7 0 6 7 6 8
split_gain=51.1461 16.8134 7.36475 7.17904 5.37756 5.36774 4.78429 4.23429 6.92214 6.24651 4.5074 5.90397 5.58409 4.67054
threshold=5.1033663749694833 -0.8721508893123876 8.0502514839172381 0.70939638906846747 21.833667755126957 -0.27005845596702188 1.3308262662586572 4.8795616626739511 -0.32414521592918327 9.7323832511901873 8.0276145935058612 -0.45708148150874789 8.0254259109497088 1.0815023189815618
decision_type=2 2 2 2 2 2 2 2 2 2 2 2 2 2
left_child=-1 -2 3 -3 -4 6 -6 9 10 -5 12 -12 13 -9
right_child=1 2 4 7 5 -7 -8 8 -10 -11 11 -13 -14 -15
leaf_value=-0.02740276314750174 -0.030069663978229102 0.020316763562003733 -0.026676557177260234 -0.020718893208736468 0.021060045513693164 0.023988179262211706 -0.021116971527986889 0.021364394776019851 -0.024859031048735707 0.020748630265780471 -0.02457697078144306 0.019800717461106891 0.035587447060364846 -0.012690951817006042
leaf_weight=43.388799477368593 8.2684894911944848 20.262443486601114 1.4070837385952462 3.3286530692130354 3.4141574501991263 54.312604008242488 4.3727931417524815 4.8999746218323734 10.775842781178655 13.789000710472463 8.1613049525767547 2.963814189657568 4.8952069729566565 8.3985192794352752
leaf_count=2622 358 241 14 78 32 780 27 62 149 173 188 21 38 248
internal_value=0.000895366 0.00924961 0.0117512 0.00543248 0.019256 0.0207031 -0.00233241 -9.74295e-05 -0.00542256 0.0119865 0.00230543 -0.0120964 0.0112833 0.000473702
internal_weight=192.639 149.25 140.981 77.4748 63.5066 62.0996 7.78695 57.2123 40.0947 17.1177 29.3188 11.1251 18.1937 13.2985
internal_count=5031 2409 2051 1198 853 839 59 957 706 251 557 209 348 310
is_linear=0
shrinkage=0.03


Tree=107
num_leaves=15
num_cat=0
split_feature=3 0 2 1 0 8 4 4 1 2 6 8 8 3
split_gain=44.5674 15.4082 8.08702 12.6309 10.1734 9.12273 5.93214 5.09598 4.15267 4.58091 4.11337 4.10774 4.03433 3.40739
threshold=5.1033663749694833 28.073434829711918 21.112796783447269 5.0677268505096444 21.513266563415531 1.0249685865470306 30.834199905395511 36.570991516113288 14.926133155822756 29.435926437377933 8.0149731636047381 1.8246544962947333 0.593983574881085 26.085324287414554
decision_type=2 2 2 2 2 2 2 2 2 2 2 2 2 2
left_child=-1 2 3 6 -4 7 -2 10 -7 -10 12 -8 -6 -11
right_child=1 -3 4 -5 5 8 11 -9 9 13 -12 -13 -14 -15
leaf_value=-0.027340428679124718 -0.030986799636792087 -0.021696677623116008 0.022404713419634646 -0.049535153634443337 0.022016430997288942 -0.03967780110638252 0.022131250853472957 -0.023826442439768048 0.010525707633456352 -0.0052777330731638749 0.027144694469671136 -0.020322324593068493 -0.023140450186376338 -0.037256284246138888
leaf_weight=42.851955488324165 2.1963261310011175 14.141532517969607 54.985471522435546 3.9212337322533122 2.3451684042811456 1.9664324894547451 10.023482155054806 1.6700028646737326 13.315225765109064 15.805882936343552 19.465823920443654 1.6942786816507567 2.8180487267673016 2.8439519815146914
leaf_count=2658 56 601 830 53 28 19 95 20 83 269 233 51 30 45
internal_value=-0.000776965 0.00708871 0.0102872 -0.00815535 0.0131877 0.00454491 0.00604566 0.0174812 -0.00569492 -0.00246414 0.0211025 0.0148776 -0.00238556 -0.011802
internal_weight=190.045 147.193 133.051 17.8353 115.216 60.2305 13.9141 26.299 33.9315 31.9651 24.629 11.7178 5.16322 18.6498
internal_count=5071 2413 1812 255 1557 727 202 311 416 397 291 146 58 314
is_linear=0
shrinkage=0.03


Tree=108
num_leaves=15
num_cat=0
split_feature=3 7 7 0 4 2 1 4 6 4 7 6 3 2
split_gain=47.6896 13.3033 7.09294 6.36953 6.34493 4.36481 8.88672 4.25486 4.05556 3.81598 3.35725 3.049 2.87644 2.87238
threshold=6.5769705772399911 -0.8721508893123876 -0.23608439396596251 23.62601470947266 33.14660835266114 21.112796783447269 5.2999114990234384 36.570991516113288 8.0653133392334002 33.580661773681648 -0.24333344562067286 8.0149731636047381 30.460403442382816 30.615234375000004
decision_type=2 2 2 2 2 2 2 2 2 2 2 2 2 2
left_child=-1 -2 4 5 12 6 -4 8 11 -5 -10 -6 -3 -13
right_child=1 2 3 9 7 -7 -8 -9 10 -11 -12 13 -14 -15
leaf_value=-0.027503992320708291 -0.029708462944687562 -0.025555180628054727 0.016024120180311983 -0.036286384045997495 -0.017852681821620309 0.021582331967662769 -0.034386948386085227 -0.027245363564584069 -0.037271684746571686 0.012511072566787103 0.0088385356681475995 0.0060449442945066951 0.018825990920449193 0.022885811790249164
leaf_weight=43.95175803732127 7.0147819761186829 8.0545315658673609 10.913146523758767 2.4125534873455754 2.1088425554335108 59.334986349567771 3.2828495968133202 2.2105591967701903 2.0549505203962326 1.8178274072706697 2.078334651887416 21.290972393006086 0.79733060672879297 16.38314813002944
leaf_count=2745 310 242 111 37 52 898 33 30 14 25 27 239 20 209
internal_value=-0.000605551 0.00798909 0.0101885 0.0159624 0.00188272 0.0180568 0.00287073 0.00642831 0.00869215 -0.0169347 -0.016881 0.0116979 -0.0200524 0.0137708
internal_weight=183.707 139.755 132.74 77.7614 54.9787 73.531 14.196 46.1268 43.9162 4.23038 4.13329 39.783 8.85186 37.6741
internal_count=4992 2247 1937 1104 833 1042 144 571 541 62 41 500 262 448
is_linear=0
shrinkage=0.03


Tree=109
num_leaves=15
num_cat=0
split_feature=3 7 6 3 0 6 7 0 3 6 3 2 7 2
split_gain=45.6288 14.3643 6.3601 6.0588 6.02523 4.87764 5.00135 3.47728 4.6506 6.07672 3.63829 2.80241 7.62649 2.82567
threshold=5.1033663749694833 -0.8721508893123876 8.0158071517944354 21.24765777587891 28.073434829711918 8.0264062881469744 -0.55715664328841707 13.505753040313722 23.548137664794925 7.9680233001708993 11.664937496185305 30.715359687805179 -0.33738634879116763 24.848701477050785
decision_type=2 2 2 2 2 2 2 2 2 2 2 2 2 2
left_child=-1 -2 7 11 5 -5 -7 10 -9 -10 -3 12 -4 -14
right_child=1 2 3 4 -6 6 -8 8 9 -11 -12 -13 13 -15
leaf_value=-0.028488526679970708 -0.029733359061775256 -0.0040212180287428892 -0.024337582661718139 0.020206766118047007 -0.026025017487030844 -0.022728290049722714 0.0070047031327529 -0.046860107114016912 0.03121723442850121 -0.018023207854464044 0.0286883171124271 0.050872765259361505 0.011101936180965883 0.025333557619869988
leaf_weight=39.412181254476309 7.759692250750958 8.9000185951590556 2.9080723840743294 17.20665480941534 4.1669218763709059 5.6594748366624144 20.625939788296819 2.166355747729539 2.1944272574037296 6.7454755902290344 3.511821672320365 1.6816621217876662 23.422709804959595 34.52140492387116
leaf_count=2578 365 161 106 167 168 93 201 54 29 137 49 18 330 532
internal_value=-0.000354505 0.00762827 0.0100011 0.0130034 0.0047998 0.00827164 4.57433e-06 -0.0040226 -0.01555 -0.00401182 0.00668264 0.0190817 0.0173949 0.0198667
internal_weight=180.883 141.471 133.711 110.193 47.659 43.4921 26.2854 23.5181 11.1063 8.9399 12.4118 62.5338 60.8522 57.9441
internal_count=4988 2410 2045 1615 629 461 294 430 220 166 210 986 968 862
is_linear=0
shrinkage=0.03


Tree=110
num_leaves=15
num_cat=0
split_feature=3 6 1 4 2 0 4 0 2 3 3 0 4 2
split_gain=36.2142 10.821 6.24474 11.0281 7.32219 6.00104 5.31224 3.98922 3.63673 3.32616 2.90578 3.27147 4.88594 2.82544
threshold=5.1033663749694833 8.0502514839172381 4.8795616626739511 33.14660835266114 30.578100204467777 9.7323832511901873 36.614023208618171 13.308712482452394 31.653620719909672 17.668477058410648 23.419466018676761 23.963550567626957 36.219238281250007 29.04172515869141
decision_type=2 2 2 2 2 2 2 2 2 2 2 2 2 2
left_child=-1 2 5 8 10 -2 -6 -3 -4 -9 -5 -12 -13 -11
right_child=1 7 3 4 6 -7 -8 9 -10 13 11 12 -14 -15
leaf_value=-0.025485021092534095 -0.016717804173427751 -0.022168266818226878 -0.026661064620560112 -0.027864784621641814 0.017363123578077601 0.022395651134259145 -0.026082280153894688 0.022901187079646706 0.020847310260221776 0.00030605225457038882 0.027462680062059344 -0.037304261750470719 0.0034826731756990312 0.022372474334354537
leaf_weight=39.259181171655655 3.7266394495964077 1.5497375354170788 18.036490151658658 5.2457013903185752 23.990144321694974 15.143479473888872 1.9306662250310171 37.305913781747222 0.84840601123869319 15.382672630250456 1.6936089694499958 2.8034975044429293 8.1874836143106204 6.9286885466426602
leaf_count=2631 78 17 482 215 345 213 26 562 18 174 7 85 78 118
internal_value=-0.000337846 0.00670619 -0.000471595 -0.00504395 0.00328905 0.0142186 0.0132785 0.016136 -0.0235857 0.017481 -0.0110907 -0.00262455 -0.00916436 0.00782444
internal_weight=182.032 142.773 81.6061 62.736 43.8511 18.8701 25.9208 61.167 18.8849 59.6173 17.9303 12.6846 10.991 22.3114
internal_count=5049 2418 1547 1256 756 291 371 871 500 854 385 170 163 292
is_linear=0
shrinkage=0.03


Tree=111
num_leaves=15
num_cat=0
split_feature=3 1 6 1 2 4 4 5 4 5 2 3 7 6
split_gain=36.9305 15.2791 5.34283 4.99132 9.71959 7.06832 4.52458 4.36051 3.78436 9.45253 3.31736 3.33581 3.22733 7.31883
threshold=6.5769705772399911 25.060378074646 8.0986208915710467 4.8795616626739511 24.848701477050785 31.857089996337894 36.570991516113288 298.60276794433599 32.515436172485359 242.08306884765628 29.136576652526859 8.80670213699341 -0.24333344562067286 8.0653133392334002
decision_type=2 2 2 2 2 2 2 2 2 2 2 2 2 2
left_child=-1 2 3 7 5 -5 8 -2 9 -6 -3 -12 13 -10
right_child=1 10 -4 4 6 -7 -8 -9 12 -11 11 -13 -14 -15
leaf_value=-0.025842301388667409 0.023840158941360021 0.016365864347305133 0.026371507426924647 0.0071056583152305178 -0.029832587126772316 -0.042934050576929568 -0.027241051842305242 -0.012358293058262205 0.0097752740092757525 0.024919667004758894 0.017790659732508839 -0.029367376947827699 0.021033611737693123 -0.040858749574262658
leaf_weight=41.421640501357615 20.8674131911248 1.2392399534583081 14.656837331131099 3.7819934189319593 5.8366567622870189 5.4472013739868999 2.2747114840894929 2.8379113096743813 35.143109172582619 3.903660524636507 0.83723475225269695 12.997085609473286 21.348357653245337 1.7833973914384831
leaf_count=2787 304 4 264 38 58 65 30 41 429 57 30 592 320 12
internal_value=-0.00145602 0.00627765 0.00994814 0.00738553 0.00367441 -0.0237385 0.00755626 0.0191818 0.00909788 -0.00761221 -0.0212601 -0.0255065 0.0119722 0.00631702
internal_weight=174.376 132.955 117.881 103.224 79.5191 9.22919 70.2899 23.7053 68.0152 9.74032 15.0736 13.8343 58.2749 36.9265
internal_count=5031 2244 1618 1354 1009 103 906 345 876 115 626 622 761 441
is_linear=0
shrinkage=0.03


Tree=112
num_leaves=15
num_cat=0
split_feature=3 7 8 4 6 5 3 3 6 7 2 6 7 2
split_gain=35.3672 14.2687 9.25777 6.19416 5.85748 5.25874 5.9408 4.61652 5.09676 4.46734 5.45728 7.73469 5.39957 3.45488
threshold=5.1033663749694833 -0.27005845596702188 1.0249685865470306 36.570991516113288 8.0460805892944354 272.72323608398443 23.548137664794925 26.275712013244632 8.0653133392334002 -0.40078538600284003 30.615234375000004 8.0277605056762713 -0.8721508893123876 17.37645244598389
decision_type=2 2 2 2 2 2 2 2 2 2 2 2 2 2
left_child=-1 2 3 -2 5 6 -3 8 9 10 -4 12 -12 -7
right_child=1 4 7 -5 -6 13 -8 -9 -10 -11 11 -13 -14 -15
leaf_value=-0.025224965893830168 0.019451755189520605 -0.037864665055495211 -0.02294592017527685 -0.026657184327985504 0.021414169680518329 -0.010314780860588233 0.0044638435094093822 -0.031138691629242019 -0.046119900181868061 0.013915791384520938 -0.017232974958116605 -0.027264695420418403 0.043936685577138056 0.020395231053658303
leaf_weight=37.572914452292025 16.082417098805312 3.6170148905366677 11.549681734293705 2.2004981916397801 50.734237997792661 3.5049190036952522 7.9338105022907257 8.3299212083220464 1.6820532009005535 8.8853964032605308 1.1734183710068462 2.586526021361351 3.7290655858814707 14.730960730463265
leaf_count=2641 219 47 342 27 810 46 104 344 11 92 48 84 42 208
internal_value=0.00016633 0.00727574 -0.00428376 0.0128075 0.0153 0.0045288 -0.0107517 -0.0126381 -0.00658552 -0.00269192 -0.0107504 0.0085451 0.0288565 0.0142634
internal_weight=174.313 136.74 56.219 18.2829 80.5209 29.7867 11.5508 37.9361 29.6061 27.9241 19.0387 7.48901 4.90248 18.2359
internal_count=5065 2424 1209 246 1215 405 151 963 619 608 516 174 90 254
is_linear=0
shrinkage=0.03


Tree=113
num_leaves=15
num_cat=0
split_feature=8 7 6 8 8 4 2 0 0 2 6 6 0 4
split_gain=31.1963 9.96034 7.93593 5.98454 5.72176 6.7025 6.05289 5.11435 5.97824 3.68866 4.94414 2.68565 15.9416 2.6846
threshold=2.8311094832270411 -0.8721508893123876 8.0158071517944354 0.79434007478810331 1.1624850502937873 36.614023208618171 30.897665023803714 13.505753040313722 9.7323832511901873 30.715359687805179 8.0864982604980487 8.0478301048278826 25.402397155761722 31.762432098388675
decision_type=2 2 2 2 2 2 2 2 2 2 2 2 2 2
left_child=1 -1 3 -3 5 -4 9 8 -5 10 -6 -2 -13 -10
right_child=11 2 4 7 6 -7 -8 -9 13 -11 -12 12 -14 -15
leaf_value=-0.029265091393517351 -0.027660516472179444 0.013895380806762421 0.023698870905135266 -0.025121364394015796 0.00082358705348600629 -0.02588154001445251 -0.033031384783298971 -0.03756848806841754 0.022537907553482728 0.036342614397086623 0.020608260371322112 -0.026616462777924423 0.066741441936859006 -0.014497773002032505
leaf_weight=5.4874846115708342 29.302778981626034 8.7045926190912741 40.570403266698122 5.5331200519576687 39.71871083509177 1.8074860963970412 2.3307156153023234 5.1902408711612216 5.5659980438649654 3.0952721806243053 14.976264121010898 6.4425958367064586 1.1210565511137245 1.6306923823431132
leaf_count=265 2142 109 673 210 518 21 53 159 71 44 248 429 25 30
internal_value=0.000449549 0.00716948 0.00893088 -0.0055018 0.0126968 0.0210363 0.00657047 -0.0151603 -0.00395317 0.00870232 0.00651367 -0.0236284 -0.00660153 0.0134011
internal_weight=171.477 134.611 129.123 26.6246 102.499 42.3779 60.121 17.9201 12.7298 57.7902 54.695 36.8664 7.56365 7.19669
internal_count=4997 2401 2136 579 1557 694 863 470 311 810 766 2596 454 101
is_linear=0
shrinkage=0.03


Tree=114
num_leaves=15
num_cat=0
split_feature=7 4 7 0 2 1 4 4 2 4 7 0 5 4
split_gain=28.3982 12.7284 9.5914 9.47782 8.91194 9.84066 11.986 7.14376 6.39341 4.7193 3.67933 9.56152 3.62269 7.06195
threshold=-0.27530551117080021 36.070268630981452 -0.86818149007542045 25.081840515136722 20.759318351745609 4.4426589012146005 30.834199905395511 36.614023208618171 30.363639831542972 36.094163894653327 -0.42492168740723707 23.465261459350589 239.92637634277347 33.334690093994148
decision_type=2 2 2 2 2 2 2 2 2 2 2 2 2 2
left_child=1 10 9 -4 5 6 -2 -5 -6 -3 -1 -12 13 -10
right_child=4 2 3 7 8 -7 -8 -9 12 -11 11 -13 -14 -15
leaf_value=-0.028590603177098793 -0.031161903078940574 0.031556429327048753 -0.025069319293911353 0.021362123420923817 0.021119922014351342 -0.040742281194810243 0.027837400677439558 -0.026814556906378018 -0.03702674497796532 -0.029709953401537932 -0.039209673139681045 0.0095700088800381201 0.022054751130808903 0.016270014511254198
leaf_weight=30.20687251444906 3.7887911908328551 0.45432158466428418 5.2275684028863934 23.250027296133343 58.032188783399761 4.3828077539801589 7.9135167580097914 2.2674720603972665 4.1931398119777423 9.27185010910034 4.7847697269171467 8.879946609027682 2.3626455198973417 3.1533383969217539
leaf_count=1897 161 29 300 291 1009 118 85 35 55 607 190 117 25 48
internal_value=0.000392046 -0.0118285 0.000361995 0.00864057 0.0126824 -0.00704745 0.00778609 0.0162314 0.0174016 -0.0241729 -0.0228316 -0.00901946 -0.00472008 -0.0149417
internal_weight=168.169 84.3428 40.4712 30.7451 83.8264 16.0851 11.7023 25.5175 67.7413 9.72617 43.8716 13.6647 9.70912 7.34648
internal_count=4967 3466 1262 626 1501 364 246 326 1137 636 2204 307 128 103
is_linear=0
shrinkage=0.03


Tree=115
num_leaves=15
num_cat=0
split_feature=8 8 1 8 0 2 2 7 5 2 8 7 7 6
split_gain=34.5792 8.20553 7.60833 6.28459 6.25189 5.92916 6.70331 6.3146 4.06855 3.45206 4.42731 3.41207 3.38593 3.02282
threshold=1.4812629242729896 2.8311094832270411 8.4223213195800799 0.98274636715444208 9.7323832511901873 24.717667579650882 29.136576652526859 -0.046826133554634268 202.47442626953128 30.715359687805179 2.1190279545807784 -0.015880024807179791 -0.13955587763929558 8.0834770202636737
decision_type=2 2 2 2 2 2 2 2 2 2 2 2 2 2
left_child=2 5 4 8 -1 7 -7 -2 -4 -8 -11 -10 13 -5
right_child=1 -3 3 12 -6 6 9 -9 11 10 -12 -13 -14 -15
leaf_value=-0.013098064100249359 -0.039199833282146587 -0.026487350878236043 -0.013519187472219028 -0.006868091690150761 0.026181691340438847 0.016767130359832301 -0.020951939215200492 0.00027818835467651875 0.021995157940900113 -0.011238709243871369 0.038781369880491461 -0.011381781508062804 -0.03109305485977434 0.020157515882151079
leaf_weight=3.4963474571704856 7.404230841435492 35.008489856496453 3.5216233935207155 18.498015230521567 31.699055248871446 12.697412237524988 10.346180899068711 6.4166138628497702 21.450483398512013 3.5176116144284597 1.5086801778525112 2.5182579755783037 3.2548158504068843 3.6107159480452529
leaf_count=85 181 2600 47 244 584 143 370 105 329 138 30 30 40 51
internal_value=-0.00136252 -0.0159525 0.011416 0.00407325 0.0220255 -0.00673622 0.00132301 -0.0220892 0.0137811 -0.0116785 0.00771916 0.018173 -0.00657229 -0.00177308
internal_weight=164.949 76.8992 88.0493 52.8539 35.1954 41.8907 28.0699 13.8208 27.4904 15.3725 5.02629 23.9687 25.3635 22.1087
internal_count=4977 3567 1410 741 669 967 681 286 406 538 168 359 335 295
is_linear=0
shrinkage=0.03


Tree=116
num_leaves=15
num_cat=0
split_feature=3 1 6 2 7 1 2 2 3 7 5 2 7 7
split_gain=30.4239 12.406 4.52403 4.00494 6.80102 4.52638 7.33964 4.33228 3.59458 3.30477 2.89755 2.5158 2.59147 2.45245
threshold=5.1033663749694833 24.514926910400394 8.0206227302551287 21.112796783447269 -0.065928167306454996 5.7446515560150155 24.848701477050785 28.167332649230961 9.5490527153015154 -0.72497119973652457 203.64331817626956 28.930613517761234 0.13303027820605126 -0.47774201667303767
decision_type=2 2 2 2 2 2 2 2 2 2 2 2 2 2
left_child=-1 3 9 4 -2 8 -7 -8 -5 -3 -11 -9 13 -13
right_child=1 2 -4 5 -6 6 7 11 -10 10 -12 12 -14 -15
leaf_value=-0.024560735402107493 -0.030516625900953841 -0.022925529511569356 -0.02935378542144311 -0.015290444734777982 0.0092730187230585931 -0.0294726190962331 0.024494187815868772 -0.0065108504675818069 0.027675371799624236 0.023132164006290333 -0.013536729112146489 0.0035047035020880427 -0.017003608687206278 0.017978397608876411
leaf_weight=33.723343418911099 4.5331812286749509 2.8960236711427569 8.9637109413743001 1.2821597866714025 11.88526129350066 3.2417391352355471 16.445666478946805 9.4107339642941934 21.087095413357019 4.5190692488104123 2.1832047803327441 19.39045620243996 2.1616014018654814 23.724959185346965
leaf_count=2614 122 181 387 9 151 32 278 95 408 80 77 282 23 289
internal_value=0.000442775 0.00698083 -0.0151934 0.0107193 -0.00283428 0.0130249 0.00924361 0.0113921 0.0246637 -0.000447296 0.0109809 0.007083 0.00998809 0.0116961
internal_weight=165.448 131.725 18.562 113.163 16.4184 96.7444 74.3752 71.1334 22.3693 9.5983 6.70227 54.6878 45.277 43.1154
internal_count=5028 2414 725 1689 273 1416 999 967 417 338 157 689 594 571
is_linear=0
shrinkage=0.03


Tree=117
num_leaves=15
num_cat=0
split_feature=8 7 6 5 8 1 7 1 5 8 7 4 2 8
split_gain=27.5156 9.91948 7.82947 13.973 6.40209 5.96473 7.06744 5.93323 6.08115 4.67318 3.98068 3.13838 2.8921 4.3334
threshold=1.8246544962947333 -0.22263841950874649 8.0478301048278826 211.45056915283206 1.3659066999880378 15.681722164154055 -0.47774201667303767 16.162058830261234 303.67332458496099 0.63076774951037862 -0.70655824933822109 36.152095794677741 30.664455413818363 2.2853628013616794
decision_type=2 2 2 2 2 2 2 2 2 2 2 2 2 2
left_child=1 4 12 -4 5 -1 9 8 -3 -7 11 -6 -2 -14
right_child=2 7 3 -5 10 6 -8 -9 -10 -11 -12 -13 13 -15
leaf_value=-0.021773766524580049 -0.029792454478923994 0.020065631833820007 0.03723240874966717 -0.021010848246365278 -0.020580758475388036 0.01707484951607801 0.028448663279957681 -0.019656916777491727 -0.023710874509021446 -0.013079863828359916 -0.027923706883834779 0.019388366690323528 0.019087007513841233 -0.020622761504221022
leaf_weight=5.1316690351814023 27.854617276228964 58.11732984893024 5.0188153991475692 8.6561694554984552 2.0337835857644668 6.609230704605582 11.09478557854891 3.1854057479649773 2.1875129751861087 10.80720437504351 9.8597073033452016 3.2703663054853678 2.5623642895370704 7.739252021536231
leaf_count=81 2015 957 69 463 138 94 118 51 114 156 179 26 65 563
internal_value=-0.000115793 0.0082222 -0.0179945 0.00144536 -0.00194401 0.00537082 0.0108288 0.0159462 0.0181168 -0.00133088 -0.0175011 0.00322928 -0.0248206 -0.00993067
internal_weight=164.128 112.297 51.8312 13.675 48.8067 33.6429 28.5112 63.4902 60.3048 17.4164 15.1639 5.30415 38.1562 10.3016
internal_count=5089 1914 3175 532 792 449 368 1122 1071 250 343 164 2643 628
is_linear=0
shrinkage=0.03


Tree=118
num_leaves=15
num_cat=0
split_feature=8 6 5 1 4 6 5 1 8 6 8 8 2 4
split_gain=28.9661 8.41431 11.132 5.6375 8.88937 7.35075 5.09457 4.78872 4.15679 3.99214 3.90321 3.4596 3.29022 4.86949
threshold=1.4812629242729896 8.0478301048278826 211.45056915283206 6.8716635704040536 32.183065414428718 7.9680233001708993 303.67332458496099 25.060378074646 1.8086429447539116 8.0696787834167498 1.2373229125795089 2.2853628013616794 30.809918403625492 33.953939437866218
decision_type=2 2 2 2 2 2 2 2 2 2 2 2 2 2
left_child=3 12 11 6 5 -5 -1 10 9 -4 -6 -3 -2 -14
right_child=1 2 8 4 7 -7 -8 -9 -10 -11 -12 -13 13 -15
leaf_value=0.024772993408940052 -0.022873619787311773 -0.0040299760843654654 -0.022519349690225173 0.01975740786515905 0.019255749787906191 -0.036722120640040122 -0.021775363340708075 -0.023308750468118231 -0.024660081822744231 0.014247644056008268 -6.7358604256656702e-05 0.045704544135965253 -0.022351793238662661 0.027902627416967037
leaf_weight=29.866213281638924 45.027560969814658 1.4544681366533065 2.9222433455288428 2.2008430995047075 30.757028717547655 6.0380465127527714 1.5215528151020397 2.5187665941193691 8.5266603482887131 7.2913147080689669 13.359065912663935 4.2594196423888206 2.5769916716963044 2.3777797827497125
leaf_count=560 2753 16 26 29 448 107 71 88 451 94 123 56 150 34
internal_value=0.000184876 -0.0134306 0.000996501 0.0119531 0.00596539 -0.0211293 0.0219139 0.0110952 -0.0103911 0.00265797 0.0135326 0.03433 -0.0203702 0.00240089
internal_weight=160.698 74.4364 24.4541 86.2615 54.8738 8.23889 31.3878 46.6349 18.7402 10.2136 44.1161 5.71389 49.9823 4.95477
internal_count=5006 3580 643 1426 795 136 631 659 571 120 571 72 2937 184
is_linear=0
shrinkage=0.03


Tree=119
num_leaves=15
num_cat=0
split_feature=3 8 6 0 3 5 5 7 2 8 7 6 8 7
split_gain=28.6019 10.4392 11.0596 6.01049 4.02399 3.7633 7.44495 5.35441 6.24271 7.19836 3.56814 2.6226 3.49843 2.16364
threshold=6.5769705772399911 1.1824498976111324 8.0864982604980487 28.120457649230961 26.085324287414554 215.87665557861331 274.24755859375006 -0.29034235845436052 30.715359687805179 1.3659066999880378 -0.8721508893123876 8.04693651199341 0.52123846306764754 -0.32414521592918327
decision_type=2 2 2 2 2 2 2 2 2 2 2 2 2 2
left_child=-1 3 4 11 5 7 13 8 9 -3 -10 12 -2 -7
right_child=1 2 -4 -5 -6 6 -8 -9 10 -11 -12 -13 -14 -15
leaf_value=-0.024516903667184693 0.025902065354592222 0.018053515453703404 0.022366290256012614 -0.023106244656801469 -0.025773991042953571 0.0011897087996957482 0.0080117930705760117 0.027970408950312567 -0.015567494014535639 -0.026011875305689602 0.036380111775995115 0.027300583855931496 0.0047993253753050155 -0.028028975465326195
leaf_weight=33.513437748886645 10.388493660837414 3.9632449895143536 13.50718644633889 2.4644668539986005 7.6709019914269438 2.6151797585189369 10.540643361397086 5.6802194807678488 0.97744004148989905 9.9953612852841598 3.5148071767762294 19.467324327677488 20.237101463600993 13.420779732055964
leaf_count=2746 149 19 241 72 328 24 145 63 49 303 37 418 256 155
internal_value=-0.0003339 0.00632228 -0.00113247 0.0163493 -0.00685455 -0.00354937 -0.0111485 0.00493047 -0.00323588 -0.01313 0.0243007 0.0187047 0.0125503 -0.0234738
internal_weight=157.957 124.443 71.8858 52.5574 58.3786 50.7077 26.5766 24.1311 18.4509 13.9586 4.49225 50.0929 30.6256 16.036
internal_count=5005 2259 1364 895 1123 795 324 471 408 322 86 823 405 179
is_linear=0
shrinkage=0.03


Tree=120
num_leaves=15
num_cat=0
split_feature=3 1 1 2 4 8 3 2 8 3 1 8 2 2
split_gain=28.2807 12.1628 8.45679 12.2474 4.76298 5.69124 7.42528 4.52515 3.81587 3.32804 1.9089 2.77112 5.36828 2.80898
threshold=9.5490527153015154 25.060378074646 5.4298472404479989 23.848988533020023 36.570991516113288 1.0815023189815618 21.24765777587891 30.850934982299808 0.81651282847405371 11.243263244628908 16.285915374755863 1.37651353431265 30.615234375000004 28.686122894287113
decision_type=2 2 2 2 2 2 2 2 2 2 2 2 2 2
left_child=8 2 -2 -4 5 -5 -7 10 -1 -3 -8 -12 13 -13
right_child=1 9 3 4 -6 6 7 -9 -10 -11 11 12 -14 -15
leaf_value=0.013633441168354129 0.026770957875415228 0.021354012854132236 -0.04411932024804828 0.020177344075453497 -0.027003955924344788 0.015122510141229875 -0.022429997221930391 -0.040665926694175007 -0.023241328462110127 -0.026488049826718693 0.013482809713124959 0.0060970252069747627 0.023616223462780729 -0.033787865743235938
leaf_weight=2.051007041707634 20.816639189608395 0.73059197515249152 3.2618546821176997 27.570778967812657 2.3643150590360156 21.028438298031688 2.8412574119865956 2.5216914620250455 42.700739829801023 10.267937898635862 7.5013583935797241 1.8374766707420329 2.2208853214979172 4.6277667675167322
leaf_count=33 421 34 26 435 32 366 31 29 2919 511 45 11 16 76
internal_value=-0.00151512 0.00683053 0.0102799 0.00545996 0.00825997 0.00981133 0.00279012 -0.00938053 -0.0212903 -0.0217952 -0.0034112 0.00103781 -0.00999212 -0.023154
internal_weight=152.343 107.591 96.5925 75.7758 72.514 70.1497 42.5789 21.5504 44.7517 10.9985 19.0287 16.1875 8.68613 6.46524
internal_count=4985 2033 1488 1067 1041 1009 574 208 2952 545 179 148 103 87
is_linear=0
shrinkage=0.03


Tree=121
num_leaves=15
num_cat=0
split_feature=8 8 6 4 6 0 6 0 8 2 4 4 7 4
split_gain=26.8221 8.54448 6.2712 5.13627 3.75038 14.7692 3.32906 3.66584 3.32379 2.79063 2.59211 3.1481 3.10333 4.29319
threshold=2.8311094832270411 1.1824498976111324 8.0864982604980487 36.570991516113288 8.0478301048278826 25.402397155761722 8.0126290321350115 28.120457649230961 2.6804179101411365 30.897665023803714 36.08537673950196 36.346336364746101 -0.015880024807179791 31.693459510803226
decision_type=2 2 2 2 2 2 2 2 2 2 2 2 2 2
left_child=1 3 8 6 -2 -6 -1 -8 9 10 12 -12 -3 -14
right_child=4 2 -4 -5 5 -7 7 -9 -10 -11 11 -13 13 -15
leaf_value=0.0031763520133115133 -0.029348684611598109 -0.012930517170032079 0.01773585997778486 -0.025059480868306689 -0.02583412810156531 0.065110172787684162 0.023038025800867265 -0.018532468664525889 0.025062358849383421 -0.029047759608700357 0.014863217900730778 -0.017638174713481038 0.014975476525616861 -0.027756699686758157
leaf_weight=12.221524907276033 24.635307927615944 28.949708986096077 12.865770501084624 1.8610680829733599 5.3909439640119663 1.149149941280484 39.023179578594863 1.2891678437590588 2.2321927538141599 3.511334301903843 9.8822292089462263 2.6407054830342522 8.4363941699266487 1.7557091116905201
leaf_count=190 2181 725 234 26 427 23 732 37 57 127 75 55 159 29
internal_value=0.000276503 0.00653227 -0.000407259 0.0153431 -0.0241655 -0.00333854 0.0172158 0.0212922 -0.00470735 -0.00633641 -0.00427061 0.00721216 -0.00803253 0.00579204
internal_weight=155.844 124.669 70.274 54.3949 31.1754 6.54009 52.5339 40.3123 57.4083 55.1761 51.6647 12.5229 39.1418 10.1921
internal_count=5077 2446 1461 985 2631 450 959 769 1227 1170 1043 130 913 188
is_linear=0
shrinkage=0.03


Tree=122
num_leaves=15
num_cat=0
split_feature=3 7 6 4 1 2 3 6 7 4 7 6 4 2
split_gain=23.8555 10.0099 5.03801 5.05261 3.90106 10.5095 3.5905 3.95237 11.9957 4.84402 3.41496 4.45642 3.54629 4.56189
threshold=5.1033663749694833 -0.8721508893123876 8.0126290321350115 36.570991516113288 5.0677268505096444 21.833667755126957 28.135394096374515 8.0276145935058612 -0.40078538600284003 33.953939437866218 -0.20627771609803841 7.9729392528533944 30.834199905395511 21.552042961120609
decision_type=2 2 2 2 2 2 2 2 2 2 2 2 2 2
left_child=-1 -2 10 4 -4 -6 7 9 -9 -7 11 -3 13 -12
right_child=1 2 3 -5 5 6 -8 8 -10 -11 12 -13 -14 -15
leaf_value=-0.023681244592649964 -0.029160637325413512 0.026078519344373392 0.0240694403373998 -0.026256703036477234 -0.040520635155258625 -0.019413390958073307 -0.021631662354289732 -0.022568844739025647 0.014134280110623692 0.028254411201898554 -0.040599670452158051 -0.034782437472756479 0.016973348293193555 0.0041055897911616984
leaf_weight=29.658998030237854 5.9748291010037056 0.5756141552701618 18.157423782162368 2.3244424266740671 2.7690438497811547 1.4433795297518397 2.0457856450229874 8.7836789796128851 44.705500205047429 17.310099595226347 2.0756121240556222 4.4912211084738374 6.5565472254529595 5.7143748700618744
leaf_count=2645 364 15 371 39 45 59 98 199 666 200 43 163 76 78
internal_value=1.26339e-05 0.00587427 0.00789616 0.0106589 0.0118237 0.00866676 0.011014 0.0122212 0.00780353 0.0237886 -0.0058271 -0.0247095 0.00201723 -0.0110697
internal_weight=152.587 122.928 116.953 97.5394 95.2149 77.0575 74.2884 72.2427 53.4892 18.7535 19.4134 5.06684 14.3465 7.78999
internal_count=5061 2416 2052 1677 1638 1267 1222 1124 865 259 375 178 197 121
is_linear=0
shrinkage=0.03


Tree=123
num_leaves=15
num_cat=0
split_feature=3 8 2 2 4 4 4 2 0 2 3 1 5 2
split_gain=29.8073 7.95418 5.44519 4.27287 5.16181 7.00825 3.90868 3.95771 3.45288 4.3267 4.50574 3.24336 3.03353 2.66835
threshold=5.1033663749694833 0.593983574881085 29.41439247131348 21.112796783447269 32.001239776611335 30.834199905395511 33.14660835266114 31.85965728759766 23.833424568176273 30.615234375000004 23.249904632568363 24.924436569213871 242.08306884765628 30.402166366577152
decision_type=2 2 2 2 2 2 2 2 2 2 2 2 2 2
left_child=-1 11 3 4 5 -3 7 12 -8 -10 -11 -2 13 -4
right_child=1 2 6 -5 -6 -7 8 -9 9 10 -12 -13 -14 -15
leaf_value=-0.027467796200759693 0.026496759228285632 -0.035230137629058848 0.00092710666427923689 0.012169906120650689 -0.036372951257345347 0.016476826275102129 0.02111265236737454 0.027416532098690435 -0.017105124082251934 0.027572853115969527 -0.0065269142930894485 -0.015329083471957373 0.015402076885126573 -0.03524269809842278
leaf_weight=28.588611366227269 17.994975646957759 2.1469219280406824 2.2111034607514695 49.769856355153024 2.8319984311237922 8.5094978995621187 4.9010157883167293 0.68746995180845338 11.402006355114283 4.8158470736816508 7.9875395046547055 1.1899215355515469 0.98672469146549779 8.5316678658127767
leaf_count=2615 328 60 80 767 56 121 83 14 361 74 139 22 10 337
internal_value=-0.000394832 0.00601845 0.00266936 0.00815931 -0.00645766 0.00393087 -0.00568943 -0.0190863 0.000469894 -0.00438157 0.00736766 0.0232716 -0.0237515 -0.0283532
internal_weight=152.555 123.967 104.782 63.2583 13.4884 10.6564 41.5234 12.417 29.1064 24.2054 12.8034 19.1849 11.7295 10.7428
internal_count=5067 2452 2102 1004 237 181 1098 441 657 574 213 350 427 417
is_linear=0
shrinkage=0.03


Tree=124
num_leaves=15
num_cat=0
split_feature=8 6 0 3 2 3 8 5 3 6 3 2 5 5
split_gain=22.2205 9.68527 6.85725 6.73493 8.38819 5.65425 5.27975 4.95118 4.94123 3.41799 3.05881 4.83254 3.33219 2.26901
threshold=1.2510358432231932 8.0478301048278826 25.315677642822269 10.475234031677248 28.083174705505375 8.008735656738283 1.8246544962947333 202.47442626953128 22.432147979736332 8.0116534233093279 23.791047096252445 29.690816879272464 297.33053588867193 210.00251770019534
decision_type=2 2 2 2 2 2 2 2 2 2 2 2 2 2
left_child=7 6 3 13 -5 -4 10 -1 -6 -9 12 -12 -2 -3
right_child=1 2 5 4 8 -7 -8 9 -10 -11 11 -13 -14 -15
leaf_value=-0.016346412677411128 0.0087832796411738655 0.013433463086846098 0.068682288807753109 0.01752579715480514 -0.045740534881714957 0.0036170675420492604 -0.026171674693903402 0.0013623520478966138 0.0011908234266168416 0.019929865892280862 0.015145374718768697 -0.030237650581222322 -0.027918196329509402 -0.028409488564869592
leaf_weight=3.8561199540272346 11.606802933849396 0.74005034472793596 1.3187753772363056 15.481818816624584 2.6459874119609585 2.743542080745101 31.318555946461856 11.551470234990118 4.4146814327687025 40.648416781798005 2.1636084225028736 7.0942256757989526 1.7100798692554224 8.2499939352273923
leaf_count=73 121 9 21 286 27 34 2608 183 28 796 11 304 79 458
internal_value=-0.00121403 -0.0104508 0.0016921 -0.00340819 0.00545973 0.0341345 -0.0183556 0.0134564 -0.0198894 0.0159238 -0.00686192 -0.0191889 0.00244945 -0.0239651
internal_weight=145.544 89.4881 35.5948 31.5325 22.5425 4.06232 53.8933 56.056 7.06067 52.1999 22.5747 9.25783 13.3169 8.99004
internal_count=5038 3986 863 808 341 55 3123 1052 55 979 515 315 200 467
is_linear=0
shrinkage=0.03


Tree=125
num_leaves=15
num_cat=0
split_feature=3 1 8 6 5 3 6 1 5 4 2 3 8 3
split_gain=22.9184 8.51313 6.36116 6.28207 4.67281 3.85662 3.71638 4.20107 8.27243 2.85434 2.51217 2.40438 2.65148 2.79555
threshold=5.1033663749694833 24.514926910400394 0.593983574881085 8.0126290321350115 239.92637634277347 11.664937496185305 8.0901808738708514 4.9725821018219003 227.14627838134768 26.918775558471683 29.287972450256351 8.008735656738283 1.0249685865470306 26.085324287414554
decision_type=2 2 2 2 2 2 2 2 2 2 2 2 2 2
left_child=-1 2 -2 4 -4 -6 7 -5 11 -3 -11 -9 -13 -14
right_child=1 9 3 6 5 -7 -8 8 -10 10 -12 12 13 -15
leaf_value=-0.025132399441335697 0.024649529004736853 0.026594840958536727 -0.048529143922409694 0.020736496382265258 -0.017672461622890132 0.017833953972942903 0.021800377751184655 0.03093398468857458 -0.028756595280513463 0.011522063500839553 -0.021581224028063766 0.016797155579808633 0.0018872356119768125 -0.030439882752473769
leaf_weight=27.017079298384488 16.717531603761017 0.55945576075464742 1.8819540310651053 10.851083474233745 6.2276841253042203 3.4849598668515682 13.387968304567037 2.1768254786729804 6.3054811535403124 1.7505159452557553 14.042097107507287 9.4023595210164768 29.877407964318994 1.6116122771054495
leaf_count=2601 328 16 24 202 136 39 301 31 96 10 707 152 347 19
internal_value=-0.000720224 0.00502001 0.00826072 0.00479663 -0.0148957 -0.00445701 0.0080564 0.00469494 0.000827752 -0.0144917 -0.0174443 0.00571336 0.00366438 -0.000653274
internal_weight=145.294 118.277 101.925 85.2073 11.5946 9.71264 73.6127 60.2248 49.3737 16.3521 15.7926 43.0682 40.8914 31.489
internal_count=5009 2408 1675 1347 199 175 1148 847 645 733 717 549 518 366
is_linear=0
shrinkage=0.03


Tree=126
num_leaves=15
num_cat=0
split_feature=3 8 7 5 6 1 5 6 4 4 8 6 4 7
split_gain=26.9772 9.10537 7.11298 5.25383 6.40796 6.88337 5.38059 4.59663 4.09205 3.8891 3.75242 3.5199 3.18132 3.24425
threshold=5.1033663749694833 1.1624850502937873 -0.40078538600284003 215.87665557861331 8.0986208915710467 5.0677268505096444 223.52202606201175 8.04693651199341 32.214712142944343 35.583919525146491 1.5596088091532536 8.0250062942504901 36.570991516113288 0.18177144402117329
decision_type=2 2 2 2 2 2 2 2 2 2 2 2 2 2
left_child=-1 7 -3 -4 5 10 9 12 -8 -7 -5 -12 13 -2
right_child=1 2 3 4 -6 6 8 -9 -10 -11 11 -13 -14 -15
leaf_value=-0.027250111503889517 0.014876894210318179 -0.015558666047419645 0.02270028289024208 0.02401630429922845 0.024078755320906343 0.011935301431750112 -0.0068931168290916221 0.027805820534787636 -0.044623476954852512 -0.030154923044429412 -0.025183012934283443 0.025978275628754936 -0.023471772594820726 -0.012157175019416084
leaf_weight=26.926418378017843 24.296519774943597 20.961900620721281 10.539211145602165 6.8907569106668252 6.6454457715153685 6.7018133718520421 4.7506949370726925 16.810708396136761 6.0724199255928397 1.6589039973914621 2.8584526246413593 0.8384122923016547 1.7244214396923769 3.9636646583676329
leaf_count=2655 382 775 114 117 150 85 49 416 93 13 81 8 26 63
internal_value=-0.000790589 0.00560202 -0.00143729 0.00505968 -0.000515831 -0.00660982 -0.0170182 0.0156351 -0.0300459 0.00125465 0.0120903 -0.0105195 0.00813444 0.0107993
internal_weight=141.64 114.713 67.918 46.9561 36.4169 29.7715 19.1838 46.7953 10.8231 8.36072 10.5876 3.69686 29.9846 28.2602
internal_count=5027 2372 1485 710 596 446 240 887 142 98 206 89 471 445
is_linear=0
shrinkage=0.03


Tree=127
num_leaves=15
num_cat=0
split_feature=3 8 3 6 2 4 5 8 5 4 5 0 2 2
split_gain=27.4348 7.72604 10.5728 5.08468 3.66194 3.64897 3.19588 2.7697 4.52983 11.6266 4.90608 4.20943 3.81193 6.74598
threshold=5.1033663749694833 0.79434007478810331 24.698616981506351 8.0901808738708514 29.690816879272464 36.570991516113288 297.33053588867193 1.1824498976111324 218.13921356201175 31.892121315002445 223.89811706542972 14.070539951324465 29.435926437377933 30.715359687805179
decision_type=2 2 2 2 2 2 2 2 2 2 2 2 2 2
left_child=-1 5 3 6 -4 -2 7 -3 12 11 -11 -10 -9 -14
right_child=1 2 4 -5 -6 -7 -8 8 9 10 -12 -13 13 -15
leaf_value=-0.027120668019377611 0.022193170065622443 0.01805670335979518 0.0094493790323998232 0.023922839783757369 -0.02571248646734655 -0.021038757394473244 -0.022488549015794369 0.02232482470719388 0.01959706947610574 -0.0052028890938279641 -0.043295019773388808 -0.021757240194321962 -0.02061606075328198 0.023685971455333896
leaf_weight=25.960191360674798 27.040902076289061 10.606777030043302 2.7351765548810354 11.998571502044795 13.139232165180145 1.1078861504793156 3.1106553878635159 11.687100091949107 10.957984312437477 5.7069322858005744 6.3739470848813653 1.8481204956769932 6.2521468531340343 4.3993725869804621
leaf_count=2630 502 215 23 276 462 12 90 117 155 58 91 30 309 98
internal_value=0.000183921 0.00642267 0.00200053 0.00686947 -0.0194531 0.0198282 0.00317997 0.00491939 0.00165554 -0.00702192 -0.0270739 0.0124854 0.0112096 -0.00185566
internal_weight=142.925 116.965 88.816 72.9416 15.8744 28.1488 60.943 57.8324 47.2256 24.887 12.0809 12.8061 22.3386 10.6515
internal_count=5068 2438 1924 1439 485 514 1163 1073 858 334 149 185 524 407
is_linear=0
shrinkage=0.03


Tree=128
num_leaves=15
num_cat=0
split_feature=8 7 0 2 8 6 2 7 6 7 3 6 7 0
split_gain=22.473 7.45005 4.97096 5.09643 4.95268 3.78879 5.74247 3.35951 4.38613 5.48907 4.30665 3.62543 3.59107 3.10263
threshold=2.8311094832270411 -0.21516227543462435 23.691159248352054 16.051240921020511 0.593983574881085 8.0175204277038592 31.85965728759766 -0.85438984316854982 8.0270290374755877 -0.45708148150874789 26.275712013244632 8.0653133392334002 -0.26085100719133819 9.7323832511901873
decision_type=2 2 2 2 2 2 2 2 2 2 2 2 2 2
left_child=1 4 3 -3 -1 6 -6 -7 10 -10 -9 -11 -13 -5
right_child=-2 2 -4 13 5 7 -8 8 9 11 -12 12 -14 -15
leaf_value=0.017201092472160364 -0.024923736222689025 -0.02489843068588132 -0.019585334880621946 -0.0098227795783961108 -0.037943137423597874 -0.026954121122995844 0.034604577602650011 0.026998952033581772 -0.027854863223895389 0.011362422384824827 -0.0061086738604184407 -0.04268602834919364 0.0039147167625921643 0.018184740311694106
leaf_weight=8.434482002630828 25.946265757083893 1.9528928706422437 3.2328233299776903 3.2026685690507284 4.9643240831792346 3.7208867259323588 0.36833916325122107 7.3876798991113883 7.1380678229033903 11.253883168101316 5.5805032346397638 1.7121599614620207 2.9641936710104337 52.847360534593463
leaf_count=154 2635 92 56 64 278 216 5 76 161 86 133 11 45 1008
internal_value=-0.000250295 0.00549526 0.012557 0.0146501 -0.00266598 -0.00667487 -0.0282589 -0.00315748 -3.89668e-05 -0.00779879 0.0133346 0.00230246 -0.0176615 0.0164403
internal_weight=140.707 114.76 61.2357 58.0029 53.5245 45.09 5.33266 39.7574 36.0365 23.0683 12.9682 15.9302 4.67635 56.05
internal_count=5020 2385 1220 1164 1165 1011 283 728 512 303 209 142 56 1072
is_linear=0
shrinkage=0.03


Tree=129
num_leaves=15
num_cat=0
split_feature=3 7 1 7 4 4 1 5 8 8 3 4 0 0
split_gain=18.3396 7.37603 6.33079 6.06847 5.02807 4.41091 3.75939 5.92571 3.49839 4.97382 3.43976 3.63405 3.41863 3.37819
threshold=5.1033663749694833 -0.22263841950874649 14.405731201171877 -0.46856854824468003 36.131278991699226 36.525604248046882 5.4298472404479989 259.06243896484381 1.3408419963373561 1.5915460457665875 9.5490527153015154 30.9019889831543 23.62601470947266 14.597003459930422
decision_type=2 2 2 2 2 2 2 2 2 2 2 2 2 2
left_child=-1 2 -2 4 -4 -6 10 12 -5 -10 11 -3 13 -8
right_child=1 6 3 8 5 -7 7 -9 9 -11 -12 -13 -14 -15
leaf_value=-0.024657009147883595 -0.033056342104841457 -0.027930200373465462 -0.025111198144682514 0.025402823216494796 0.0071370132342747803 -0.028323428891333543 -0.025631897059555788 -0.025800692347660605 -0.02252783770982654 0.01905151148915489 0.025894622444174606 0.013649427267255274 -0.017587348983774485 0.01469973257002697
leaf_weight=24.924404655583203 5.3394079888239494 1.7352670338004852 10.255865124054255 8.4101757053285855 15.433544070459904 2.907915689982473 1.1096162078902185 4.2293906304985276 4.0064944811165315 4.365679201669991 17.716909311711788 5.139548908919096 3.0573684731498352 26.176594456657767
leaf_count=2646 132 38 587 124 244 70 10 57 35 46 417 59 52 502
internal_value=-0.00195226 0.00337367 -0.0049715 -0.00102553 -0.00932677 0.00034128 0.0104913 0.00391125 0.0128489 -0.00112687 0.0192278 0.00094031 0.00874364 0.0122114
internal_weight=134.808 109.884 50.7191 45.3797 28.5973 18.3415 59.1647 34.573 16.7823 8.37217 24.5917 6.87482 30.3436 27.2862
internal_count=5019 2373 1238 1106 901 314 1135 621 205 81 514 97 564 512
is_linear=0
shrinkage=0.03


Tree=130
num_leaves=15
num_cat=0
split_feature=8 8 3 0 1 0 4 4 8 4 3 5 7 8
split_gain=20.9595 5.53598 4.80021 4.61646 4.5648 6.86212 3.66629 3.49301 3.12715 3.10733 2.79168 3.42159 2.75257 2.64604
threshold=2.8311094832270411 0.4937166062529485 21.24765777587891 9.7323832511901873 5.0677268505096444 14.597003459930422 31.815826416015629 31.169051170349125 0.83928674783186563 33.14660835266114 30.460403442382816 242.08306884765628 -0.8721508893123876 1.5596088091532536
decision_type=2 2 2 2 2 2 2 2 2 2 2 2 2 2
left_child=1 -1 3 7 13 6 -6 -3 -7 10 11 -4 -10 -5
right_child=-2 2 9 4 5 8 -8 -9 12 -11 -12 -13 -14 -15
leaf_value=0.022289942075181798 -0.024718120840517326 -0.030663227387896643 -0.02910636014673517 0.02746334975506047 0.005248861795886523 -0.023346388870263687 -0.039006130568410874 0.018434269879317327 -0.018651447977895561 -0.00021177384850759717 0.020593414383428515 0.016233415628427211 0.015437868949770216 -0.002796030991285441
leaf_weight=13.695150527171789 25.091029589064419 3.5374049823731175 8.6737625692039675 14.986105125397446 2.3530191704630843 1.4106383156031395 3.5003369944170117 1.0641816118732093 1.4863587673753524 32.059473449364305 0.72929465491324741 1.1099508805200464 25.176559590734541 2.8982139574363819
leaf_count=290 2665 180 321 329 21 37 53 18 97 479 20 13 491 44
internal_value=-0.000472033 0.00509689 0.002519 0.00819622 0.0108244 0.00410901 -0.0230458 -0.0180449 0.0103687 -0.00501935 -0.0183883 -0.0229342 0.012932 0.0226713
internal_weight=137.771 112.68 98.9853 56.4128 51.8112 33.9269 5.85336 4.60159 28.0736 42.5725 10.513 9.78371 26.6629 17.8843
internal_count=5058 2393 2103 1270 1072 699 74 198 625 833 354 334 588 373
is_linear=0
shrinkage=0.03


Tree=131
num_leaves=15
num_cat=0
split_feature=8 7 6 4 8 2 7 7 8 5 8 6 4 2
split_gain=17.8694 6.21542 6.70458 4.21185 5.643 6.27101 4.48496 8.69647 4.19521 3.404 6.02098 3.83981 6.54305 3.27328
threshold=2.8311094832270411 -0.8721508893123876 8.0158071517944354 36.570991516113288 1.0249685865470306 30.897665023803714 -0.69001739404846651 -0.34614637421864286 0.593983574881085 217.00405883789065 1.8246544962947333 8.0827474594116229 32.214712142944343 31.653620719909672
decision_type=2 2 2 2 2 2 2 2 2 2 2 2 2 2
left_child=1 -1 8 4 -4 6 -6 -8 -3 -9 11 12 -11 -10
right_child=-2 2 3 -5 5 -7 7 9 13 10 -12 -13 -14 -15
leaf_value=-0.028099552361381331 -0.022494039161632437 0.015396204731339212 0.023315280460187323 -0.025029459637086752 0.028249479762320569 -0.033991769314864341 -0.019751832593396749 0.027081082538517237 -0.018213364222204907 0.012484696540207445 -0.037919781273161313 0.020066534035605245 -0.027157467525482724 0.027302879191877814
leaf_weight=3.8464489867910734 24.689970151521266 4.4619193281978395 24.821165595203638 2.0117063764482728 7.8358231531456104 2.3246231293305746 9.387562517076729 8.316621530801056 16.007853478193287 9.8444478083401972 1.6170350983738888 14.515046118758617 4.7280130004510275 0.67385029047727485
leaf_count=259 2638 66 561 32 137 59 163 83 483 140 26 319 52 16
internal_value=6.07804e-05 0.00526197 0.00671645 0.0104431 0.0115853 0.00630621 0.00853645 0.00483837 -0.00812769 0.0110999 0.00605362 0.00967726 -0.00129515 -0.0149346
internal_weight=135.082 110.392 106.546 85.402 83.3903 58.5692 56.2445 48.4087 21.1436 39.0212 30.7045 29.0875 14.5725 16.6817
internal_count=5034 2396 2137 1572 1540 979 920 783 565 620 537 511 192 499
is_linear=0
shrinkage=0.03


Tree=132
num_leaves=15
num_cat=0
split_feature=3 0 8 6 7 4 8 3 8 3 5 6 4 6
split_gain=15.1841 6.75725 5.82849 5.56649 6.05322 4.36998 4.65129 4.16343 5.03616 4.0037 4.42215 5.98786 3.5878 3.18743
threshold=5.1033663749694833 27.757070541381839 0.593983574881085 8.0116534233093279 -0.20627771609803841 36.480400085449226 1.1624850502937873 11.243263244628908 2.7377130057298316 7.6680140495300302 204.53318023681643 8.0864982604980487 30.834199905395511 7.9600980281829843
decision_type=2 2 2 2 2 2 2 2 2 2 2 2 2 2
left_child=-1 2 -2 4 -4 6 -5 8 -3 -8 -11 -12 13 -6
right_child=1 7 3 5 12 -7 9 -9 -10 10 11 -13 -14 -15
leaf_value=-0.021707033833464791 0.023570166938076609 0.051133238014290143 -0.056085353620902272 0.021127768350261464 0.0072493638205301187 -0.025723454593942329 0.034063551975994574 -0.02355883539335462 -0.017337749713871333 0.024930360150743267 -0.0086003837885477771 0.015369521355251733 0.015007513566770528 -0.034065535401380194
leaf_weight=23.110972230322659 15.310355147346852 0.80998021457344238 1.5464344667270786 18.267254465259612 2.3054205477237666 2.5664373673498622 2.6595537774264804 10.041017415933309 1.3007694128900764 5.3455730099230996 32.006100840866566 12.114197714254258 4.2826009998098016 3.2080009272322059
leaf_count=2627 332 23 65 406 44 55 31 544 109 39 436 262 52 38
internal_value=-9.8888e-05 0.00452221 0.00713032 0.00390329 -0.0148208 0.00697523 0.00851099 -0.0157738 0.0169284 0.003775 0.00150381 -0.00182415 -0.00371497 -0.0183292
internal_weight=134.875 111.764 99.6119 84.3016 11.3425 72.9591 70.3927 12.1518 2.11075 52.1254 49.4659 44.1203 9.79602 5.51342
internal_count=5063 2436 1760 1428 199 1229 1174 676 132 768 737 698 134 82
is_linear=0
shrinkage=0.03


Tree=133
num_leaves=15
num_cat=0
split_feature=8 7 2 1 4 8 2 8 2 8 7 7 4 4
split_gain=19.4716 7.17664 5.80464 6.55169 6.0321 4.38585 6.10406 4.81242 4.02141 4.11269 4.28403 3.22495 3.16197 2.83342
threshold=3.0939020039652587 -0.8721508893123876 21.112796783447269 5.0677268505096444 30.834199905395511 1.0249685865470306 28.083174705505375 1.8086429447539116 30.538767814636234 1.3659066999880378 -0.70655824933822109 -0.036036480131971409 36.614023208618171 36.226156234741218
decision_type=2 2 2 2 2 2 2 2 2 2 2 2 2 2
left_child=1 -1 3 4 -3 12 -7 8 9 -8 -11 -6 -4 -9
right_child=-2 2 5 -5 11 6 7 13 -10 10 -12 -13 -14 -15
leaf_value=-0.028506315972487897 -0.026291139579226425 -0.029170445785148096 0.020117417168986407 -0.043040355579770054 -0.013551777601420798 0.015470016531917569 0.0066035688965846336 0.023900082716183647 -0.030578617087513669 0.011470074510310372 -0.031638418727793535 0.024390030161490731 -0.019319538635056057 -0.010376054220459277
leaf_weight=4.6278368178755036 20.948280639015138 3.1535717435181132 29.978854445740584 3.1551525965332976 2.0690786456689239 24.639602817595005 13.55070770066232 6.4799169320613128 5.4937616828829041 2.3818949153646827 5.74226559512317 6.1335863564163429 1.1763166896998871 2.3926071533933282
leaf_count=343 2461 184 647 60 70 467 137 158 194 49 87 73 18 56
internal_value=-0.000456675 0.00461122 0.0063045 -0.0108052 0.000909288 0.00909535 0.00426723 -0.00360245 -0.00983391 -0.00345922 -0.0191277 0.0143868 0.0180739 0.0145423
internal_weight=131.923 110.975 106.347 14.5114 11.3562 91.8359 60.6808 36.0412 27.1686 21.6749 8.12416 8.20267 31.1552 8.87252
internal_count=5004 2543 2200 387 327 1813 1148 681 467 273 136 143 665 214
is_linear=0
shrinkage=0.03


Tree=134
num_leaves=15
num_cat=0
split_feature=3 2 2 4 4 4 6 4 2 4 4 3 3 1
split_gain=19.6592 5.48113 5.26354 5.61632 7.55091 4.97862 7.51598 3.21313 2.87915 3.00872 4.79711 3.12695 2.62726 3.46625
threshold=5.8848295211792001 28.471076965332035 21.112796783447269 31.95629978179932 30.834199905395511 33.14660835266114 7.9680233001708993 36.570991516113288 30.596264839172367 34.636398315429695 36.070268630981452 24.378849029541019 11.243263244628908 24.514926910400394
decision_type=2 2 2 2 2 2 2 2 2 2 2 2 2 2
left_child=-1 2 3 4 -2 6 -3 8 9 -7 -11 -12 -10 -14
right_child=1 5 -4 -5 -6 7 -8 -9 12 10 11 -13 13 -15
leaf_value=-0.024075176728152438 -0.034523451856346844 0.030247122047795481 0.019673998973232073 -0.036065134441573291 0.02109076899352098 0.017796324797595062 -0.025438421700397413 -0.02471617575152181 0.050950960349057502 -0.023109609896375109 -0.011020805112335812 0.016868998172872976 0.016146241210384764 -0.020520705184335467
leaf_weight=22.742404525633901 1.951179962605236 1.7877582544460882 33.965225527994335 2.4541232679039231 7.890093257650733 5.6641081264242557 10.876310317777095 2.1755543230101457 0.81030564662069338 7.3551928354427245 5.2480504587292653 7.816997735761106 14.882417640648784 1.8388921115547407
leaf_count=2707 51 32 736 54 125 131 426 54 21 202 116 76 223 77
internal_value=0.00059842 0.00613411 0.0137312 -0.0029303 0.00789704 -7.9326e-06 -0.0159391 0.00464446 0.00663011 0.000198888 -0.00528518 0.005679 0.0156717 0.0111834
internal_weight=127.459 104.716 46.2606 12.2954 9.84127 58.4556 12.6641 45.7915 43.616 26.0843 20.4202 13.065 17.5316 16.7213
internal_count=5031 2324 966 230 176 1358 458 900 846 525 394 192 321 300
is_linear=0
shrinkage=0.03


Tree=135
num_leaves=15
num_cat=0
split_feature=3 7 8 3 3 7 4 4 4 4 4 7 2 8
split_gain=19.0099 7.05839 4.38872 6.50416 3.24861 2.91599 3.78926 2.59935 2.43771 2.26716 3.6667 2.95452 2.10264 1.93819
threshold=7.3443951606750497 -0.8721508893123876 1.0815023189815618 21.24765777587891 10.322763442993166 -0.036036480131971409 33.953939437866218 32.183065414428718 36.586656570434577 36.08537673950196 36.107183456420906 -0.25527682268942242 20.65809535980225 2.2853628013616794
decision_type=2 2 2 2 2 2 2 2 2 2 2 2 2 2
left_child=9 -2 8 4 5 6 -4 -5 -3 -1 -11 -12 -6 -14
right_child=1 2 3 7 12 -7 -8 -9 -10 10 11 -13 13 -15
leaf_value=-0.028826515097127584 -0.028196339824538553 0.018208602678951941 -0.028945785676966599 -0.030524571883270141 -0.010234763491405861 0.012733655025908558 0.016572750193227934 -0.004125208701914 -0.017803281190019501 0.040636420899216222 -0.019828053170137905 0.028016651582519002 0.021635358701779656 -0.0056860271145251808
leaf_weight=15.997326188255103 4.0195033056661478 34.074360658414662 4.2287008767016232 3.1439776299521354 1.8035055287182356 5.1779116103425604 1.6302118198946116 20.098354370333254 1.0101249953731883 0.27144126920029332 7.5423317980021238 0.45334663428366173 22.021930920891467 2.1924961488693944
leaf_count=1851 302 736 68 143 13 72 42 283 17 31 915 3 466 56
internal_value=0.000826146 0.00667282 0.00841956 0.00340346 0.0110932 -0.00241688 -0.0157108 -0.00880807 0.0167071 -0.0224413 -0.0083082 -0.0143024 0.0167016 0.0190341
internal_weight=123.666 99.4011 95.3816 60.2971 37.0548 11.0368 5.85891 23.2423 35.0845 24.2644 8.26712 7.99568 26.0179 24.2144
internal_count=4998 2198 1896 1143 717 182 110 426 753 2800 949 918 535 522
is_linear=0
shrinkage=0.03


Tree=136
num_leaves=15
num_cat=0
split_feature=3 7 6 2 4 4 3 4 6 7 4 5 7 2
split_gain=14.6665 6.06221 3.4032 2.42956 5.2945 6.34983 3.18605 3.96108 4.83262 4.45677 5.3713 3.83232 3.39378 3.36715
threshold=5.8848295211792001 -0.8721508893123876 8.0986208915710467 21.112796783447269 31.693459510803226 30.834199905395511 21.24765777587891 36.070268630981452 7.9680233001708993 -0.42492168740723707 32.183065414428718 201.12373352050784 -0.33738634879116763 29.435926437377933
decision_type=2 2 2 2 2 2 2 2 2 2 2 2 2 2
left_child=-1 -2 3 4 5 -3 11 8 -8 -10 -11 -5 -13 -12
right_child=1 2 -4 6 -6 -7 7 -9 9 10 13 12 -14 -15
leaf_value=-0.023715395508606019 -0.028343545750517368 -0.035671329775279662 0.021385430870454209 0.056528848566241713 -0.034418540781239036 0.0192860544415769 0.029601959864717222 0.009930169282140246 -0.032094698036679727 -0.027710861933095281 -0.010544840728412396 -0.018464395323500998 0.012493900894883449 0.017217754143839706
leaf_weight=21.524317779112607 4.2809982411563388 1.5894444556906799 8.8936929935589415 0.69053678773343818 3.7862908123061061 6.1380329830572009 1.9105143705382968 18.895509597845376 5.9201267389580599 4.9918782869353953 5.8798570483922949 2.6985461227595833 27.432626684196293 8.4053491586819273
leaf_count=2685 325 47 264 10 73 105 31 226 274 61 61 103 579 162
internal_value=-0.00180779 0.0030234 0.00467892 0.00277641 -0.00954481 0.00519 0.00472191 -0.000319654 -0.00756342 -0.0114038 -0.00378004 0.0120203 0.00921722 0.00584827
internal_weight=123.038 101.513 97.2324 88.3387 11.5138 7.72748 76.8249 46.0032 27.1077 25.1972 19.2771 30.8217 30.1312 14.2852
internal_count=5006 2321 1996 1732 225 152 1507 815 589 558 284 692 682 223
is_linear=0
shrinkage=0.03


Tree=137
num_leaves=15
num_cat=0
split_feature=3 1 2 3 2 8 3 1 2 1 2 5 5 2
split_gain=12.3526 5.86041 10.7644 4.47057 3.86884 4.83768 3.85734 4.76036 4.10312 3.66868 5.70711 2.87994 3.25356 7.00809
threshold=5.1033663749694833 5.0677268505096444 23.685653686523441 8.9611806869506854 28.083174705505375 1.0249685865470306 26.085324287414554 21.912405967712406 29.452260017395023 24.400812149047855 30.715359687805179 202.47442626953128 222.40962219238284 31.322996139526371
decision_type=2 2 2 2 2 2 2 2 2 2 2 2 2 2
left_child=-1 3 -3 -2 -4 11 7 -7 -8 -9 -11 -6 -13 -14
right_child=1 2 4 -5 5 6 8 9 -10 10 -12 12 13 -15
leaf_value=-0.020583431812327815 -0.003040546865727029 -0.035260499053342949 0.016677867423835108 0.02595621055160291 -0.010496470473660554 -0.01250157741315808 0.019805171084826084 0.022674670807117457 -0.033445003499168062 -0.025924338057091802 0.024627574513440612 0.024784903371080875 0.013611529704359405 -0.048125654702306529
leaf_weight=20.456971197389066 6.4412976866588023 5.9069745573215178 15.570718888193367 15.662722070701419 3.9920947682112482 15.714200370945038 0.90018588304519553 8.2577312849462015 6.0559587273746729 3.9795820470899335 2.4067675629630685 11.688255202956499 6.5005827322602263 1.1232518684118984
leaf_count=2615 136 89 345 408 61 187 4 97 352 242 89 223 142 17
internal_value=0.000162702 0.0043926 0.000628516 0.0177404 0.00383176 0.000314945 -0.00633137 -0.00141047 -0.0249308 0.0105295 -0.00611831 0.0107796 0.0154779 -1.02601e-05
internal_weight=124.657 104.2 82.0963 22.104 76.1893 60.6186 37.3144 30.3583 6.95614 14.6441 6.38635 23.3042 19.3121 7.62383
internal_count=5007 2392 1848 544 1759 1414 971 615 356 428 331 443 382 159
is_linear=0
shrinkage=0.03


Tree=138
num_leaves=15
num_cat=0
split_feature=8 7 8 3 5 2 5 6 8 5 7 8 5 2
split_gain=16.0108 5.20501 4.0908 6.80298 4.6405 3.11911 2.79033 2.75776 2.63384 7.41203 3.20141 2.56474 2.47753 2.0873
threshold=2.8311094832270411 -0.8721508893123876 1.0815023189815618 21.24765777587891 298.60276794433599 30.457540512084964 202.78594207763675 8.0126290321350115 1.8594009765156589 218.13921356201175 -0.33738634879116763 0.79434007478810331 202.47442626953128 28.167332649230961
decision_type=2 2 2 2 2 2 2 2 2 2 2 2 2 2
left_child=1 -1 7 4 6 -5 -4 11 13 10 -10 -3 -9 -8
right_child=-2 2 3 5 -6 -7 8 12 9 -11 -12 -13 -14 -15
leaf_value=-0.027691194452283678 -0.023489846556071604 0.0093815512773534494 0.048777158204487137 -0.0033018418049215507 -0.024632432663782712 -0.026424863869799115 0.016749016626802431 -0.0051703890203361087 -0.011389574565718623 -0.038165689501851688 0.02889386659187209 -0.02221655785126718 0.021957417837846591 -0.01237859561384177
leaf_weight=3.2646197727881363 20.714366611093283 6.5113477529957873 0.84858247544616361 16.544715156778697 2.4447235646657637 6.9376648543402544 24.678804804570976 3.0645037377253201 2.1519089676439762 2.6832525036297739 3.7253385633230192 2.3400823120027781 23.860393359325826 1.7114994544535864
leaf_count=251 2625 98 15 208 189 235 473 36 63 77 39 57 602 42
internal_value=-0.000104634 0.00488615 0.00624697 0.00150217 0.00922195 -0.0109336 0.0121404 0.0141699 0.00991885 -0.00417755 0.0146329 -0.00037934 0.0187952 0.014477
internal_weight=121.482 100.767 97.5028 61.7265 38.2441 23.4824 35.7994 35.7763 34.9508 8.5605 5.87725 8.85143 26.9249 26.3903
internal_count=5010 2385 2134 1341 898 443 709 793 694 179 102 155 638 515
is_linear=0
shrinkage=0.03


Tree=139
num_leaves=15
num_cat=0
split_feature=7 8 7 6 1 7 4 4 4 6 8 0 1 1
split_gain=13.447 6.42073 7.59231 6.05231 3.91183 6.84058 6.51348 6.5193 2.87843 3.57444 3.02991 2.29242 2.16687 2.11027
threshold=-0.8721508893123876 1.1824498976111324 -0.86275799212702931 8.088682174682619 21.778222084045414 -0.21516227543462435 36.107183456420906 36.440649032592781 36.586656570434577 8.0126290321350115 0.79434007478810331 23.381139755249027 15.857508659362795 24.924436569213871
decision_type=2 2 2 2 2 2 2 2 2 2 2 2 2 2
left_child=-1 8 -3 4 5 12 -6 -8 9 10 -2 -7 -4 -11
right_child=1 2 3 -5 6 11 7 -9 -10 13 -12 -13 -14 -15
leaf_value=-0.025642068852972887 0.0121851155769583 0.063142834682074017 -0.03807237724965163 0.019352417306830537 -0.018338245098095035 0.0023869994891889319 0.029152403410691478 -0.022320296173599773 -0.020527102510560488 0.022033543897411887 -0.018122903606040783 -0.030474652844493893 -0.014609442609596087 -0.011117910490138216
leaf_weight=14.401440327521412 6.3039091732352954 0.59651508927345176 6.7450883742421821 8.3561261016875488 5.8881138078868416 20.961343923117976 8.8532112990505976 2.0556848985142997 1.3048209352418769 28.035686551593248 4.0015190597623587 1.0928564108908165 10.609187959227709 1.2531739817932237
leaf_count=1800 97 38 532 203 464 499 110 71 20 685 89 12 431 29
internal_value=0.000572964 0.00433895 -0.00153024 -0.00308178 -0.00669708 -0.0117756 0.00521015 0.0183931 0.0135028 0.0151023 -0.000145335 -0.000492637 -0.0253062 0.0202949
internal_weight=120.459 106.057 65.1581 64.5616 56.2055 39.4085 16.797 10.9089 40.8991 39.5943 10.3054 22.0542 17.3543 29.2889
internal_count=5080 3280 2360 2322 2119 1474 645 181 920 900 186 511 963 714
is_linear=0
shrinkage=0.03


Tree=140
num_leaves=15
num_cat=0
split_feature=7 8 7 3 2 2 3 2 7 5 7 5 3 5
split_gain=17.084 6.56111 7.27944 5.32299 5.88271 3.32581 2.95236 2.97453 4.90953 2.7092 2.66692 2.45661 1.87016 1.83902
threshold=-0.8721508893123876 1.0815023189815618 -0.86275799212702931 2.0998566150665288 30.897665023803714 21.188824653625492 20.186223983764652 21.112796783447269 -0.036036480131971409 224.85852050781253 -0.72497119973652457 202.47442626953128 7.3443951606750497 219.44814300537112
decision_type=2 2 2 2 2 2 2 2 2 2 2 2 2 2
left_child=-1 5 -3 -4 6 -2 7 8 -5 -8 -9 -7 -10 -12
right_child=1 2 3 4 -6 11 9 10 12 -11 13 -13 -14 -15
leaf_value=-0.029571874514379443 -0.012594122310787112 0.062639655176711106 -0.026208588436635431 -0.027942117675648068 -0.034894301636304963 -0.0057798076431027929 -0.0016817471749118493 -0.018891930014881996 -0.016998099105156483 -0.033482156966917684 0.025682933859410461 0.02043005313458323 0.017217226216465972 0.0087352254795313132
leaf_weight=13.935967787168918 2.8858458623290053 0.60393219674006005 6.3339474312961093 4.0025728340260684 2.928372428752481 3.1685493364930144 21.894167110789571 1.3897628826089157 0.98075906885787656 1.7279950361698855 9.1026261053048163 29.367585491389036 5.552361368201673 17.567714372649789
leaf_count=1758 60 36 864 194 124 40 342 89 77 28 230 700 74 401
internal_value=0.000513758 0.00465034 -0.000585474 -0.00197652 0.000740082 0.0150288 0.0029427 0.00797743 -0.00525657 -0.00527335 0.0129563 0.0177814 0.0105062 0.0152386
internal_weight=121.442 107.506 72.0842 71.4803 65.1463 35.422 62.218 38.5958 10.5357 23.6222 28.0601 32.5361 6.53312 26.6703
internal_count=5017 3259 2459 2423 1559 800 1435 1065 345 370 720 740 151 631
is_linear=0
shrinkage=0.03


Tree=141
num_leaves=15
num_cat=0
split_feature=3 1 8 4 5 2 1 0 8 5 2 3 4 2
split_gain=14.1877 4.68059 3.89474 3.88698 3.16448 4.00237 2.44272 4.61318 2.99971 2.70169 3.34615 4.36313 2.88217 3.28207
threshold=3.946269273757935 24.514926910400394 0.4937166062529485 29.076217651367191 242.08306884765628 22.137120246887211 24.089230537414554 26.275093078613285 1.3659066999880378 211.45056915283206 28.121481895446781 11.84914016723633 31.892121315002445 23.685653686523441
decision_type=2 2 2 2 2 2 2 2 2 2 2 2 2 2
left_child=-1 2 -2 4 -4 -6 7 8 -5 -10 11 12 -11 -14
right_child=1 -3 3 6 5 -7 -8 -9 9 10 -12 -13 13 -15
leaf_value=-0.025022198146231051 0.024061731160266442 -0.010189365950763416 -0.039424942132790242 0.013945870000935816 -0.034319878399023465 0.013554379166224354 0.024687331793543283 -0.02196500182887998 0.018546791843525656 0.0063303160104051306 -0.023544472698219642 0.020289990630284537 -0.033924727691617945 0.0034768254836169514
leaf_weight=15.967570217326282 9.9124055933207256 15.567378757521508 1.9800371583551157 30.359442658722401 1.2422550562769172 4.2582536358386278 5.4872742262668899 4.2555005322210482 5.2413792046718326 6.8928871648386174 4.8080122303217641 6.7917140675708643 4.2092382134869695 3.2648109365254641
leaf_count=2243 266 952 19 598 42 109 63 169 70 148 58 146 77 51
internal_value=0.00043923 0.00453894 0.00720853 0.0048133 -0.0145238 -0.000874017 0.00701458 0.00519391 0.00739218 0.000781645 -0.00335905 0.00208335 -0.00728379 -0.0191047
internal_weight=120.238 104.271 88.7032 78.7908 7.48055 5.50051 71.3103 65.823 61.5675 31.208 25.9667 21.1587 14.3669 7.47405
internal_count=5011 2768 1816 1550 170 151 1380 1317 1148 550 480 422 276 128
is_linear=0
shrinkage=0.03


Tree=142
num_leaves=15
num_cat=0
split_feature=1 3 1 8 1 8 7 7 0 3 3 7 5 8
split_gain=14.0127 7.21622 3.6906 3.54845 3.3887 11.2993 6.39243 3.50895 3.67357 3.47972 3.02775 2.52688 2.2356 6.09493
threshold=25.060378074646 1.8229560256004336 2.0734214782714848 1.1824498976111324 21.912405967712406 3.5145975408146879 -0.96297177102619191 -0.21516227543462435 23.381139755249027 23.249904632568363 30.460403442382816 -0.809435723929394 223.89811706542972 1.8086429447539116
decision_type=2 2 2 2 2 2 2 2 2 2 2 2 2 2
left_child=1 -1 -3 -4 7 11 -7 9 12 -5 -2 -6 -9 -14
right_child=10 2 3 4 5 6 -8 8 -10 -11 -12 -13 13 -15
leaf_value=-0.025444870842556037 -0.025791531506807189 -0.023676686065475554 0.016290655290006912 -0.022816777815525279 -0.020598817776891022 -0.0077680601373305057 0.1165405393703618 0.023824888431179317 -0.031533220728284655 0.0040261400479263184 0.018887015996013411 0.012096534690977764 0.010011626320598375 -0.036967776687053762
leaf_weight=5.2306012208573511 16.216465751174841 2.2775749019347122 35.594481628388166 8.4816306550055725 1.7031745859421779 0.34469194756820798 0.42938024410978037 6.15867178235204 1.1577682830393303 7.5502022104337803 0.77852949779480596 9.7012265180237556 17.787058794870976 1.873347661923616
leaf_count=784 1782 186 818 412 128 52 36 129 12 68 22 171 336 61
internal_value=0.00156449 0.00596612 0.00798339 0.00902701 0.00413556 0.0174452 0.0880094 5.60108e-05 0.00659048 -0.0106809 -0.022809 0.00594672 0.00941204 0.00396254
internal_weight=115.285 98.2898 93.0592 90.7816 55.1872 12.1785 0.774072 43.0087 26.9768 16.0318 16.995 11.4044 25.8191 19.6604
internal_count=4997 3193 2409 2223 1405 387 88 1018 538 480 1804 299 526 397
is_linear=0
shrinkage=0.03


Tree=143
num_leaves=15
num_cat=0
split_feature=1 8 6 1 2 8 7 8 8 2 7 7 6 2
split_gain=13.6934 5.05577 4.49586 4.49662 4.55517 5.32856 4.22879 3.50688 7.66018 8.54338 6.96474 5.27082 4.46945 2.14007
threshold=24.514926910400394 0.63076774951037862 8.0158071517944354 4.8299019336700448 24.848701477050785 1.4812629242729896 -0.21516227543462435 3.6645273918853696 3.5263450359702748 29.361582756042484 -0.96297177102619191 -0.52676163825421463 8.0270290374755877 30.914217948913578
decision_type=2 2 2 2 2 2 2 2 2 2 2 2 2 2
left_child=1 -1 6 -4 5 -5 -3 8 11 -10 -11 12 13 -6
right_child=-2 2 3 4 7 -7 -8 -9 9 10 -12 -13 -14 -15
leaf_value=0.021574971819975069 -0.021656447103754337 -0.035147438558924861 0.024373353778283258 0.016743454905548055 0.018167528524390492 -0.030129561614981187 -0.0018133262895941469 -0.022340870466264373 -0.012247743358906701 -0.0071644887386502296 0.13069294733951597 0.010894526349767836 -0.02853951544572534 -0.014236479904824278
leaf_weight=12.716558299958704 20.767159472685307 4.0611851974390438 8.4983121505938453 2.3652088623493892 3.8058211309835155 6.2693913755938411 10.963425106368957 2.7992151007056227 0.67420854000374564 0.30963961221277714 0.30367451161146164 33.647049194201841 5.7556915460154414 2.0562313757836819
leaf_count=335 1932 473 225 58 33 203 303 411 83 47 19 573 259 28
internal_value=-0.000190916 0.00471779 0.00185822 0.00522937 0.00205804 -0.0168848 -0.0124547 0.00564182 0.00775886 0.061417 0.0997934 0.00493807 -0.0118091 0.00638292
internal_weight=114.993 94.2256 81.5091 66.4844 57.9861 8.6346 15.0246 49.3515 46.5523 1.28752 0.613314 45.2648 11.6177 5.86205
internal_count=4982 3050 2715 1939 1714 261 776 1453 1042 149 66 893 320 61
is_linear=0
shrinkage=0.03


Tree=144
num_leaves=15
num_cat=0
split_feature=7 7 8 5 1 0 0 8 8 4 4 7 5 7
split_gain=11.0737 5.74745 6.32538 7.01758 4.0454 4.25389 3.80159 3.96656 3.72315 3.65683 2.97265 4.02927 3.17924 2.93133
threshold=-0.8721508893123876 -0.86275799212702931 1.8972533837704895 214.98026275634768 10.856526374816896 20.002093315124515 9.7323832511901873 1.5596088091532536 1.0249685865470306 36.586656570434577 36.08537673950196 -0.40078538600284003 204.39053344726565 -0.32414521592918327
decision_type=2 2 2 2 2 2 2 2 2 2 2 2 2 2
left_child=-1 -2 4 -4 6 -6 -3 -8 9 -7 11 -10 -12 -13
right_child=1 2 3 -5 5 8 7 -9 10 -11 12 13 -14 -15
leaf_value=-0.025174458095195647 0.055329322746773636 -0.012077293039067917 0.0034975879729675914 -0.033006251533903033 -0.036675863892400073 0.015798286436986352 0.022817627579886809 -0.0031285273031306515 -0.033833474143107729 -0.023176599890208826 0.024202294564131914 0.019620306169536549 -0.0068105350479710875 -0.010413355960851172
leaf_weight=13.025673111900685 0.87364442180842061 3.8567898874171069 9.8587649473920482 7.8328878721222273 1.6644268529489625 18.475068333558742 23.235518541187052 6.503815885167568 4.404840550851076 1.5495825763791788 4.4639668725430948 2.9479830246418706 5.8043670170009136 10.414232728071516
leaf_count=1800 44 146 535 814 17 381 671 83 247 21 31 18 51 171
internal_value=-0.000169278 0.00324114 0.00225267 -0.0135655 0.00573242 0.000246364 0.0136103 0.0172262 0.00224657 0.0118234 -0.0047654 -0.0119499 0.00762306 -0.00288255
internal_weight=114.912 101.886 101.012 17.6917 83.3206 49.7245 33.5961 29.7393 48.06 20.0247 28.0354 17.7671 10.2683 13.3622
internal_count=5030 3230 3186 1349 1837 937 900 754 920 402 518 436 82 189
is_linear=0
shrinkage=0.03


Tree=145
num_leaves=15
num_cat=0
split_feature=8 6 8 1 8 3 2 2 6 3 3 1 5 5
split_gain=10.0898 5.32068 3.81881 3.88593 3.45214 2.66813 4.1171 3.86367 2.78484 2.31709 2.61843 3.20448 7.3089 2.22346
threshold=2.8311094832270411 8.0116534233093279 1.2373229125795089 25.521671295166019 0.83928674783186563 24.490550041198734 30.715359687805179 29.782958030700687 8.0986208915710467 7.6680140495300302 9.5490527153015154 5.4298472404479989 227.14627838134768 202.47442626953128
decision_type=2 2 2 2 2 2 2 2 2 2 2 2 2 2
left_child=1 4 3 13 -1 6 8 -7 9 -4 -11 -12 -13 -3
right_child=-2 2 5 -5 -6 7 -8 -9 -10 10 11 12 -14 -15
leaf_value=0.0062816014159810208 -0.019386269516443757 -0.005554626181456317 0.0226992985464647 -0.024630349067451918 -0.021178106815352562 0.012886835145460159 0.031480841122874248 -0.027999962992654028 0.021341746198374721 -0.027575317609395203 0.020539177466742074 0.0013123483515979446 -0.045667912215948063 0.019900828723760807
leaf_weight=6.0512587437406173 18.121363546699286 3.0144444135949007 2.1839586221613017 1.2470682063139964 9.831346217542885 2.5530197760090223 3.7088523581624022 4.6409077257849276 4.5008773738518348 2.7846249681897488 4.1742663327604559 20.290514600928876 2.4833251498639575 29.158062187954783
leaf_count=101 2638 35 25 51 405 14 53 280 136 63 95 360 25 748
internal_value=0.000546633 0.0044453 0.00757348 0.0151811 -0.0109636 0.00199771 0.0050743 -0.0136879 0.00161553 -0.0017301 -0.00420472 -0.000889521 -0.00551596 0.0174202
internal_weight=114.744 96.6225 80.7399 33.4196 15.8826 47.3203 40.1264 7.19393 36.4176 31.9167 29.7327 26.9481 22.7738 32.1725
internal_count=5029 2391 1885 834 506 1051 757 294 704 568 543 480 385 783
is_linear=0
shrinkage=0.03


Tree=146
num_leaves=15
num_cat=0
split_feature=8 6 5 3 3 2 8 2 0 2 7 2 7 8
split_gain=11.467 6.59928 8.28726 5.81751 5.32224 4.72657 5.44843 4.63308 3.77764 3.5877 3.05664 2.79417 3.49109 3.06796
threshold=1.4923944052839817 8.0478301048278826 211.45056915283206 6.1280987262725839 10.961112976074221 28.121481895446781 1.0815023189815618 21.112796783447269 28.120457649230961 30.664455413818363 0.25400790311129845 30.850934982299808 -0.32414521592918327 1.1824498976111324
decision_type=2 2 2 2 2 2 2 2 2 2 2 2 2 2
left_child=5 9 3 -3 -4 7 8 10 -7 -2 -1 12 -8 -14
right_child=1 2 4 -5 -6 6 11 -9 -10 -11 -12 -13 13 -15
leaf_value=0.0086838207731924563 -0.024199030859938426 0.068969876983813558 -0.027320998797789483 0.0069836862141417766 0.0092958783022523851 0.015793727409682719 0.0063768873418503557 0.027892969191831461 -0.021503730444086912 -0.00059816368825077525 -0.033816904268853705 -0.036328745453418271 0.011019004130554398 -0.033927473087065778
leaf_weight=5.3062942731194225 22.29811603482813 1.4759670840576316 5.9639396453276259 3.6125138625502586 6.5694026220589876 21.772169295698408 9.8530251667834818 16.49470828846097 1.8653551470488299 7.7858177474699906 1.0106551907956598 1.9715522066690017 1.3596496861428029 3.727662562392652
leaf_count=124 2184 28 451 44 125 473 116 506 57 753 31 59 24 56
internal_value=0.00101443 -0.00997757 0.00446154 0.0333383 -0.00885942 0.00931695 0.00300608 0.0199376 0.0120971 -0.0183068 -0.00180832 -0.00966626 -0.00408951 -0.0220782
internal_weight=111.067 47.7058 17.6218 5.08848 12.5333 63.3611 40.5494 22.8117 23.6375 30.0839 6.31695 16.9119 14.9403 5.08731
internal_count=5031 3585 648 72 576 1446 785 661 530 2937 155 255 196 80
is_linear=0
shrinkage=0.03


Tree=147
num_leaves=15
num_cat=0
split_feature=7 7 8 6 6 4 5 7 4 5 4 7 7 5
split_gain=9.05945 5.50717 4.88154 4.1355 3.40842 3.37308 2.45178 6.23756 6.11763 4.44715 4.34668 3.94567 3.18726 3.114
threshold=-0.8721508893123876 -0.86275799212702931 1.1824498976111324 8.0126290321350115 8.0901808738708514 36.586656570434577 215.87665557861331 -0.29034235845436052 31.815826416015629 223.52202606201175 30.744473457336429 -0.17130062248158404 -0.30084306263412386 204.39053344726565
decision_type=2 2 2 2 2 2 2 2 2 2 2 2 2 2
left_child=-1 -2 3 -3 6 -5 7 13 10 -10 -8 -12 -11 -4
right_child=1 2 4 5 -6 -7 8 -9 9 12 11 -13 -14 -15
leaf_value=-0.023589439676802406 0.05427083244253246 -0.0053578643779357664 0.0072069562970744766 0.018807715750481437 0.015885481350236187 -0.020894886671291871 -0.018340760713070434 0.025570399731098273 -0.0051958633830142421 -0.0063677923989946487 -0.021563736460778957 0.025696750561926378 -0.045625146441029357 -0.016728846714075714
leaf_weight=12.107098112814127 0.84719405090436239 10.484147374518214 7.3337982818484369 25.959566271863881 6.415802899748086 1.2638343945145596 3.8189256615005451 5.9571628905832759 8.4571540374308842 2.9570127599872631 1.1849212776869533 6.8116520289331675 6.5276913894340396 11.402208273299037
leaf_count=1785 44 183 301 729 191 21 182 108 259 345 64 114 224 504
internal_value=-0.000133203 0.00292966 0.00194781 0.0102878 -0.00330169 0.0162895 -0.00580819 0.00118647 -0.0114623 -0.0220563 0.00509042 0.0170753 -0.0351607 -0.00746926
internal_weight=111.528 99.4211 98.5739 37.7075 60.8663 27.2234 54.4505 24.6932 29.7574 17.9419 11.8155 7.99657 9.4847 18.736
internal_count=5054 3269 3225 933 2292 750 2101 913 1188 828 360 178 569 805
is_linear=0
shrinkage=0.03


Tree=148
num_leaves=15
num_cat=0
split_feature=6 8 1 4 5 5 7 3 3 3 1 8 5 6
split_gain=9.83774 6.51788 6.02775 6.11825 4.71834 4.32903 7.37586 5.21776 3.96129 3.42309 3.11494 3.0657 2.2883 3.89374
threshold=8.0478301048278826 0.70939638906846747 4.8299019336700448 33.452838897705085 297.33053588867193 211.45056915283206 -0.24333344562067286 8.008735656738283 10.475234031677248 3.946269273757935 27.88563442230225 1.3408419963373561 202.38330841064456 8.0231103897094744
decision_type=2 2 2 2 2 2 2 2 2 2 2 2 2 2
left_child=1 -1 4 -4 -3 7 11 -2 -8 -5 12 -7 -11 -14
right_child=5 2 3 9 -6 6 8 -9 -10 10 -12 -13 13 -15
leaf_value=0.011636308029816977 0.059020369006181787 0.018532707551733953 -0.032692494536697266 -0.026218040867188059 -0.018891180738231803 0.0093403752779438864 -0.015685858062642524 0.0064285406503313131 0.015909101779891608 -0.024845398474352392 0.030022882900939882 -0.030442922294344428 0.0207072973353515 -0.01016499377939099
leaf_weight=10.918547983281313 2.2833065791055551 7.7380013195797783 15.414329073857514 6.4672283851541605 3.6971247526817024 1.8706576451659191 3.3000338999554542 4.1011695265769958 26.040984592400491 3.5263885711319807 1.4119134875945736 5.3110480522736907 4.3637322527356437 10.693183319177477
leaf_count=221 32 162 1191 1096 219 17 61 61 758 294 80 395 75 331
internal_value=-0.00133478 -0.00871294 -0.0130181 -0.0181973 0.00588692 0.00965694 0.00526173 0.0306826 0.0119557 -0.00887088 -0.00227862 -0.0202053 -0.00614057 -0.00048532
internal_weight=107.138 64.2304 53.3119 41.8768 11.4351 42.9072 36.5227 6.38448 29.341 26.4624 19.9952 7.18171 18.5833 15.0569
internal_count=4993 3669 3448 3067 381 1324 1231 93 819 1876 780 412 700 406
is_linear=0
shrinkage=0.03


Tree=149
num_leaves=15
num_cat=0
split_feature=3 1 8 0 6 0 1 5 1 6 4 4 6 5
split_gain=10.1228 3.85947 3.65842 3.40772 4.6322 3.91869 3.32385 3.11547 2.64527 4.36147 5.56731 5.46878 1.78244 3.79296
threshold=3.946269273757935 27.934562683105472 0.4937166062529485 29.332090377807621 8.0116534233093279 23.42550086975098 4.8795616626739511 221.15505981445315 26.046833992004398 8.0231103897094744 36.306928634643562 34.686437606811531 8.0491580963134783 205.16030883789065
decision_type=2 2 2 2 2 2 2 2 2 2 2 2 2 2
left_child=-1 2 -2 4 5 -4 -6 -7 9 11 12 -8 13 -11
right_child=1 -3 3 -5 6 7 8 -9 -10 10 -12 -13 -14 -15
leaf_value=-0.024182552714556715 0.020196670644375966 -0.024248709822359424 -0.0051527943631540334 0.039623739496474533 0.019080817516332164 -0.0065795026868840341 -0.021747386972813521 -0.068266624367780457 -0.025905215690475825 0.014145617392813233 -0.031152184935179104 0.033989231297599232 0.0064992532073142109 -0.015273491185473064
leaf_weight=13.735236175823955 9.8626910047605616 3.6335459058172992 9.4731450360268337 1.0725398259237398 9.7219711514189822 1.5593017903156572 1.3041594978421915 0.97082146629691113 2.1460602385923258 5.0041864486411205 3.9730312959291032 5.946935017593205 29.743605982512236 10.799328754656015
leaf_count=2264 282 365 234 33 286 56 39 14 249 121 141 99 573 259
internal_value=-0.00103528 0.0025206 0.00383318 0.00163788 0.000653527 -0.0157919 0.00371488 -0.0428824 0.000903209 0.00234749 -0.000997509 0.0225439 0.00224561 -0.00567048
internal_weight=108.947 95.2113 91.5778 81.7151 80.6425 12.0033 68.6393 2.53012 58.9173 56.7712 49.5202 7.25109 45.5471 15.8035
internal_count=5015 2751 2386 2104 2071 304 1767 70 1481 1232 1094 138 953 380
is_linear=0
shrinkage=0.03


Tree=150
num_leaves=15
num_cat=0
split_feature=7 7 3 6 1 3 1 1 6 1 6 7 3 1
split_gain=8.87722 5.50929 5.05197 4.32276 3.63055 2.87355 5.93282 5.0691 2.69724 2.52602 3.66656 2.45016 2.90253 2.55401
threshold=-0.8721508893123876 -0.86275799212702931 2.0998566150665288 8.0486392974853533 22.421088218688968 8.9611806869506854 5.0677268505096444 14.688235282897951 7.9847049713134775 25.586273193359379 7.9680233001708993 -0.27005845596702188 24.06178188323975 11.798156738281252
decision_type=2 2 2 2 2 2 2 2 2 2 2 2 2 2
left_child=-1 -2 -3 5 11 -4 -7 8 -8 -9 -11 12 -5 -13
right_child=1 2 3 4 -6 6 7 9 -10 10 -12 13 -14 -15
leaf_value=-0.024487544865851387 0.05283925704182401 -0.025261381756357251 -0.018173049978231732 -0.01882631846160264 0.045550719594800629 0.023926682431106058 -0.00083044969115879266 0.0041646646334648277 -0.04314950697070008 0.026495379289526992 -0.028634080754650501 0.0054554494253224043 0.01794335986646951 0.024321897482869156
leaf_weight=11.504446971695868 0.90943510783836146 5.0304883862845591 7.8847134695388368 4.9246017965488127 1.5425068680196989 7.0246992949396363 2.0704733962193123 26.28866868047044 3.1571880965493619 0.55061027687042852 3.9005604442209005 21.491403003688905 1.9481225796043871 8.7878620671108347
leaf_count=1804 43 854 441 77 15 174 23 429 52 15 277 644 36 187
internal_value=-0.000710025 0.00237806 0.00134533 0.00310202 0.0105288 -0.00264047 0.000556532 -0.00453159 -0.0292133 0.000453976 -0.0182051 0.00791888 -0.0074484 0.0115335
internal_weight=107.016 95.5113 94.6019 89.5714 38.6945 50.8769 42.9922 35.9675 5.22766 30.7398 4.45117 37.152 6.87272 30.2793
internal_count=5071 3267 3224 2370 959 1411 970 796 75 721 292 944 113 831
is_linear=0
shrinkage=0.03


Tree=151
num_leaves=15
num_cat=0
split_feature=3 6 5 3 3 4 6 4 1 3 0 1 2 2
split_gain=6.76175 4.77439 4.62957 4.52118 4.35289 4.23684 2.93184 4.46389 4.00544 5.04679 3.79722 3.99472 3.71351 3.70414
threshold=1.8229560256004336 8.0478301048278826 211.45056915283206 10.475234031677248 6.1280987262725839 34.671621322631843 8.0276145935058612 34.51665115356446 4.8795616626739511 8.9611806869506854 23.833424568176273 14.851716518402101 30.615234375000004 31.85965728759766
decision_type=2 2 2 2 2 2 2 2 2 2 2 2 2 2
left_child=-1 6 4 -4 -3 -5 7 8 9 -2 11 -8 -9 -10
right_child=1 2 3 5 -6 -7 10 12 13 -11 -12 -13 -14 -15
leaf_value=-0.026748977425058527 -0.013509013404087278 0.06189687992506384 -0.022145847197620083 0.016032228154262883 0.010763751746438305 -0.0065418836762574754 -0.018132520044500215 -0.0056560501029593556 -0.023637226268244892 0.022485891266157562 -0.024581099620507963 0.025698364637167358 0.02143652032567012 0.022897131723969816
leaf_weight=7.6369513268582514 6.2829132443293947 1.6090173209086049 4.2121655722148708 19.870220699347559 4.8460553828626871 10.967666246928273 2.7007118100300458 6.9377183169126537 12.393144823145118 5.8060597013682127 10.820180447772143 2.8285386529751122 10.577662857249377 0.94074469525367099
leaf_count=1407 265 29 299 654 69 148 59 384 600 146 690 44 250 17
internal_value=-0.00127206 0.000902111 0.00859409 0.00390782 0.0301024 0.00805032 -0.00453599 -0.000323074 -0.0082309 0.00417568 -0.014944 0.00479135 0.0109794 -0.0189857
internal_weight=108.43 100.793 41.5051 35.0501 6.45507 30.8379 59.2877 42.9382 25.4229 12.089 16.3494 5.52925 17.5154 13.3339
internal_count=5061 3654 1199 1101 98 802 2455 1662 1028 411 793 103 634 617
is_linear=0
shrinkage=0.03


Tree=152
num_leaves=15
num_cat=0
split_feature=3 8 6 1 5 0 3 5 0 4 4 3 4 8
split_gain=12.0925 3.14298 3.91707 4.1245 2.32724 2.28273 2.0339 3.9088 2.2377 1.98061 3.49005 1.93421 3.03805 2.37819
threshold=5.1033663749694833 0.4937166062529485 8.0116534233093279 4.4426589012146005 279.47726440429693 27.634655952453617 29.470490455627445 232.93408203125003 24.336126327514652 36.596691131591804 36.614023208618171 24.255983352661136 35.897649765014656 1.1624850502937873
decision_type=2 2 2 2 2 2 2 2 2 2 2 2 2 2
left_child=9 5 6 -4 11 -2 7 8 -3 -1 -11 13 -13 -5
right_child=1 2 3 4 -6 -7 -8 -9 -10 10 -12 12 -14 -15
leaf_value=-0.028176022569381332 0.024281011515147354 -0.068286648768465921 0.025884296346174451 0.020137465397514261 -0.029661473603368807 -0.014263488564620451 0.01921063545774471 -0.0056436403633023597 -0.011514979048587856 0.045457522855349868 -0.017596278431868791 -0.024949591325352138 0.0025936526886272222 0.0027533025163674557
leaf_weight=13.348514111246912 8.324741606600579 0.78725204244255786 6.3071454912424079 7.8297753352671853 1.0292306398041535 0.94903798028826791 0.77590169850736934 9.3086730013601464 1.744884045794606 0.18848042003810306 1.3914964916184542 4.1777677745558313 11.338370486162601 38.077385125681758
leaf_count=2326 262 12 186 249 27 17 42 200 75 15 264 280 179 852
internal_value=-0.000509213 0.00368869 0.0016929 0.00454661 0.00201772 0.0193321 -0.0130512 -0.0164967 -0.0435014 -0.0246313 0.00462947 0.00301521 -0.00588405 0.00608438
internal_weight=105.579 90.6502 81.3764 68.7597 62.4525 9.27378 12.6167 11.8408 2.53214 14.9285 1.57998 61.4233 15.5161 45.9072
internal_count=4986 2381 2102 1773 1587 279 329 287 87 2605 279 1560 459 1101
is_linear=0
shrinkage=0.03


Tree=153
num_leaves=15
num_cat=0
split_feature=3 6 8 0 1 3 0 2 3 8 3 1 6 8
split_gain=12.0177 4.20062 3.99013 2.84301 10.332 3.8565 3.79952 5.32418 3.88795 4.22337 2.2063 2.31725 2.95457 2.65513
threshold=5.1033663749694833 8.0486392974853533 0.52123846306764754 13.505753040313722 14.688235282897951 9.5490527153015154 23.833424568176273 30.715359687805179 23.249904632568363 0.96827663963935617 17.668477058410648 11.798156738281252 8.0881237983703631 1.2373229125795089
decision_type=2 2 2 2 2 2 2 2 2 2 2 2 2 2
left_child=-1 2 -2 5 -5 -4 -6 -8 -9 -10 -3 12 -12 -13
right_child=1 10 3 4 6 -7 7 8 9 -11 11 13 -14 -15
leaf_value=-0.024493582356242986 0.019260402928953223 0.017560530234967574 -0.0078093937860738349 -0.061140572240009503 0.016422929908027992 0.02258944467539591 -0.022144421325481015 0.027960691709645935 0.010096367254048376 -0.027362318888522145 0.0090206332689431266 0.022723100848935245 -0.042980588098693678 -0.0026578661606309921
leaf_weight=14.557015153113751 6.2578956298530093 21.663718806579709 7.1954935071989876 2.1431126180104902 5.7117433501407531 6.0914976876229048 12.420370312873276 3.4132453599013379 5.6504838429391366 3.633205643389374 1.3484205231070547 5.2657691892236462 1.0481132538989184 8.647229294292627
leaf_count=2610 155 571 172 33 55 133 559 89 101 224 44 146 36 79
internal_value=-0.000118351 0.00402771 -0.00148331 -0.00463767 -0.009283 0.00673278 -0.00387043 -0.00893731 0.00465563 -0.00579846 0.011492 0.00288233 -0.0196803 0.00782785
internal_weight=105.047 90.4903 52.517 46.2592 32.9722 13.287 30.829 25.1173 12.6969 9.28369 37.9733 16.3095 2.39653 13.913
internal_count=5007 2397 1521 1366 1061 305 1028 973 414 325 876 305 80 225
is_linear=0
shrinkage=0.03


Tree=154
num_leaves=15
num_cat=0
split_feature=7 8 7 5 3 2 5 7 5 8 2 2 7 2
split_gain=8.54319 6.12802 6.4826 2.9973 2.97428 3.13149 5.86609 3.13459 2.91165 4.24935 5.65956 2.38507 3.38351 2.24091
threshold=-0.8721508893123876 1.1974809397290773 -0.86275799212702931 202.47442626953128 2.0998566150665288 29.435926437377933 211.45056915283206 -0.34614637421864286 218.13921356201175 1.8086429447539116 28.083174705505375 21.112796783447269 -0.015880024807179791 20.759318351745609
decision_type=2 2 2 2 2 2 2 2 2 2 2 2 2 2
left_child=-1 3 -3 -2 -4 6 -6 -8 -9 10 11 12 -10 -5
right_child=1 2 4 13 5 -7 7 8 9 -11 -12 -13 -14 -15
leaf_value=-0.023838794178665492 -0.012660578823077877 0.054687190262613566 -0.024838103639172316 -0.0048073230386475561 0.027768366896346187 -0.0136871155509872 -0.031663709897377046 0.017666864506348044 -0.0281692617841117 -0.032172317168813282 -0.031177804175032801 0.015128364857518353 0.0099423240275760289 0.018618495629171315
leaf_weight=10.321245711762456 2.9285563123412421 0.74567796569317479 4.5853017275221637 3.7714758883230379 5.907203364185988 13.471264942083506 2.0369322570040742 5.84924741089345 2.5497370488010347 3.1450122497044495 3.1071299985051146 12.000880817882715 4.2591072670184174 29.26459410507232
leaf_count=1761 57 39 865 79 52 549 74 81 66 171 41 296 69 812
internal_value=0.000798573 0.00373792 -0.00233756 0.0132777 -0.00401614 -0.00175998 0.00261487 -0.00257998 0.000268719 -0.00431395 0.000913086 0.00752036 -0.00610919 0.0158815
internal_weight=103.943 93.6221 57.6575 35.9646 56.9118 52.3265 38.8553 32.948 30.9111 25.0619 21.9169 18.8097 6.80884 33.0361
internal_count=5012 3251 2303 948 2264 1399 850 798 724 643 472 431 135 891
is_linear=0
shrinkage=0.03


Tree=155
num_leaves=15
num_cat=0
split_feature=7 3 7 4 5 7 8 5 8 5 7 7 4 6
split_gain=12.5825 5.29261 4.80649 3.03422 2.7123 4.43101 7.87193 3.76258 7.17824 3.46374 7.32312 3.31055 2.99226 3.37272
threshold=-0.8721508893123876 5.1033663749694833 -0.86275799212702931 36.525604248046882 204.80632781982425 -0.27530551117080021 1.3659066999880378 221.15505981445315 1.8086429447539116 239.14064788818362 -1.0000000180025095e-35 -0.15620094809238536 33.953939437866218 7.9761302471160898
decision_type=2 2 2 2 2 2 2 2 2 2 2 2 2 2
left_child=-1 2 -2 4 12 6 -6 -7 9 10 -9 -11 13 -3
right_child=1 3 -4 -5 5 7 -8 8 -10 11 -12 -13 -14 -15
leaf_value=-0.02910761706901837 0.037889541460086877 0.034743553381275438 -0.026356736245627052 -0.019970078852234827 0.0074481811179424283 0.0263337001684424 -0.029506655161699327 0.0056797360549819698 -0.038458610153870802 -0.013834724024824966 -0.051986708610712022 0.018723990866685216 0.027309034457941587 -0.022047221194162268
leaf_weight=10.305583707056938 0.31967814359813918 0.35371195245534126 6.6834029662422827 2.8113185106776646 13.253042282070959 9.1777844517491811 7.2267298423685125 12.325370320584623 2.1046822867356232 2.4482434871606449 1.3319897707551707 23.4534325557761 9.5889732264913601 2.2065165946260095
leaf_count=1785 26 4 1172 47 206 164 250 330 60 41 18 624 149 157
internal_value=0.000807527 0.00438605 -0.0190561 0.00648527 0.00760216 0.00520795 -0.00635873 0.00989997 0.00574752 0.00898967 -0.00310751 0.0152466 0.0201923 -0.00664621
internal_weight=103.59 93.2849 7.00308 86.2818 83.4705 71.3213 20.4798 50.8415 41.6637 39.559 13.6574 25.9017 12.1492 2.56023
internal_count=5033 3248 1198 2050 2003 1693 456 1237 1073 1013 348 665 310 161
is_linear=0
shrinkage=0.03


Tree=156
num_leaves=15
num_cat=0
split_feature=0 3 8 2 2 8 4 4 0 2 6 3 8 4
split_gain=8.62426 4.10125 4.01389 13.0573 4.71063 3.34239 3.35767 3.33012 4.72423 3.38828 3.79442 3.29013 2.56392 2.10987
threshold=28.073434829711918 1.8229560256004336 3.5263450359702748 29.361582756042484 30.6676778793335 0.4937166062529485 29.076217651367191 31.892121315002445 17.969701766967777 24.848701477050785 8.0915975570678729 7.3443951606750497 1.4812629242729896 24.555891990661625
decision_type=2 2 2 2 2 2 2 2 2 2 2 2 2 2
left_child=1 -1 5 -4 -5 -3 13 8 11 10 12 -8 -9 -7
right_child=-2 2 3 4 -6 6 7 9 -10 -11 -12 -13 -14 -15
leaf_value=-0.024146882636825913 -0.023882965438974817 0.019706417216960041 -0.017846654014327046 0.1171697175612431 -0.0057958588117540798 -0.00041930059108310271 -0.018386805697391425 0.0044141843023837975 -0.029955306186571717 0.0020238878816919732 0.017346476400185169 0.023582573714509246 -0.039799223238629361 -0.030970564106453546
leaf_weight=3.9752394515089682 11.923463997431098 8.1252399161457998 1.4355549090541893 0.421735803131014 0.23701322264969349 3.668757496867328 1.1608723606914271 1.3024299331009377 1.0782508123666037 43.186654373537749 1.2861544042825697 13.423883870244024 4.0057696737349033 3.6459480510093272
leaf_count=836 1652 275 257 32 44 126 104 13 14 1015 38 345 142 106
internal_value=-0.00100793 0.00236468 0.00390718 0.0374715 0.0961055 0.0025911 0.000438511 0.0026818 0.0142931 -0.00118109 -0.0196733 0.0192766 -0.0299709 -0.0175406
internal_weight=98.877 86.9535 82.9783 2.0943 0.658749 80.884 72.7587 65.444 15.663 49.781 6.59435 14.5848 5.3082 7.31471
internal_count=4999 3347 2511 333 76 2178 1903 1671 463 1208 193 449 155 232
is_linear=0
shrinkage=0.03


Tree=157
num_leaves=15
num_cat=0
split_feature=7 7 7 1 7 6 6 4 2 0 4 2 6 5
split_gain=12.3265 4.61322 4.49537 9.45107 2.97849 4.74266 3.87125 3.18724 2.57648 2.548 2.86049 5.6901 3.4997 3.41449
threshold=-0.8721508893123876 -0.86275799212702931 -0.21516227543462435 15.681722164154055 -0.47774201667303767 8.0257930755615252 8.0563325881958026 33.953939437866218 16.051240921020511 23.691159248352054 31.927421569824222 24.848701477050785 8.088682174682619 227.14627838134768
decision_type=2 2 2 2 2 2 2 2 2 2 2 2 2 2
left_child=-1 -2 3 -3 5 7 -6 -5 -4 10 -10 12 -12 -13
right_child=1 2 8 4 6 -7 -8 -9 9 -11 11 13 -14 -15
leaf_value=-0.029130136845835514 0.050495049115567812 -0.029725490026553947 -0.020827563834172197 -0.020731411168873632 0.024353301242879644 -0.019577854105148763 -0.0050750573883012358 0.013773848309003288 0.019839295711146961 -0.014166114301365492 -0.035722914886105364 0.022951645595500288 0.0088831860334966737 -0.012603779055064919
leaf_weight=10.218369038775561 0.89934373367577691 8.7221873551607114 1.4563177097588766 2.0549650923348919 9.3172878595069104 8.8277603988535684 6.1115671182051292 11.447566112037746 23.478701952379197 2.4857900748029342 3.2593999216333058 9.1404832350090128 1.9929206389933822 2.4868889302015296
leaf_count=1830 41 617 113 250 168 406 267 217 648 52 101 235 44 82
internal_value=0.000576479 0.00416602 0.0031619 -0.0033301 0.00337673 -0.00361287 0.013097 0.00745505 0.00989663 0.0113922 0.0132709 0.00353593 -0.020084 0.0149511
internal_weight=101.9 91.6812 90.7818 46.4813 37.7591 22.3303 15.4289 13.5025 44.3005 42.8442 40.3584 16.8797 5.25232 11.6274
internal_count=5071 3241 3200 1925 1308 873 435 467 1275 1162 1110 462 145 317
is_linear=0
shrinkage=0.03


Tree=158
num_leaves=15
num_cat=0
split_feature=7 6 1 7 3 4 3 6 1 1 1 3 6 2
split_gain=11.3772 4.97919 4.83536 4.87177 4.39008 3.12433 3.27405 4.40318 3.88104 4.71387 3.1146 2.58728 2.43832 2.29498
threshold=-0.8721508893123876 8.0478301048278826 21.519083023071293 -0.23347957574403252 7.3443951606750497 30.744473457336429 24.06178188323975 8.0227966308593768 21.912405967712406 23.512137413024906 26.046833992004398 22.01284217834473 7.9600980281829843 24.848701477050785
decision_type=2 2 2 2 2 2 2 2 2 2 2 2 2 2
left_child=-1 4 3 11 -2 12 -7 10 -9 -10 -8 -3 -6 -5
right_child=1 2 -4 13 5 6 7 8 9 -11 -12 -13 -14 -15
leaf_value=-0.028980934841912363 -0.026153448781554362 -0.024757410635684127 0.040614869690850999 0.0011950384827669989 0.0078871542497385948 0.012594832114086773 0.017888762265358162 -0.050049927209194489 0.018241086414083677 -0.02542459092454474 -0.023726356124832919 0.0032101187864528764 -0.025038438464081516 0.02031515538082812
leaf_weight=9.709123171400277 5.2679349132813504 4.1830492746084911 3.5989738958887747 8.313718721270563 2.370724323205649 19.367810122668743 7.0109103033319133 1.6518685026094297 3.1075541563332081 3.9441819726489484 1.1143413488753138 6.5309383375570178 5.4990567080676556 17.544137113261968
leaf_count=1831 864 431 67 228 55 413 147 25 38 121 100 70 126 573
internal_value=0.000261803 0.00371909 0.011428 0.00755123 -0.00266028 0.00066623 0.00446721 -0.0050684 -0.0189108 -0.00630641 0.0102068 -0.00889054 -0.0153488 0.0144411
internal_weight=99.2143 89.5052 40.1708 36.5718 49.3344 44.0664 36.1967 16.8289 8.7036 7.05174 8.12525 10.714 7.86978 25.8579
internal_count=5089 3258 1369 1302 1889 1025 844 431 184 159 247 501 181 801
is_linear=0
shrinkage=0.03


Tree=159
num_leaves=15
num_cat=0
split_feature=7 8 7 2 2 7 4 7 0 7 2 5 2 8
split_gain=7.07035 4.56111 3.31952 7.40424 3.24133 5.39665 2.75557 2.53101 3.27212 3.08364 3.45607 2.62014 2.52946 2.44694
threshold=-0.86818149007542045 1.1824498976111324 -0.015880024807179791 24.848701477050785 27.476711273193363 -0.16705418473149439 36.586656570434577 -0.69001739404846651 26.18913555145264 -0.72497119973652457 29.41439247131348 210.99963378906253 16.051240921020511 1.5300276770176178
decision_type=2 2 2 2 2 2 2 2 2 2 2 2 2 2
left_child=-1 6 3 13 -5 7 -2 9 11 10 -6 -9 -4 -3
right_child=1 2 12 4 5 -7 -8 8 -10 -11 -12 -13 -14 -15
leaf_value=-0.023231749103262186 0.013536728791067341 -0.00019712614305231812 -0.018781318748084079 0.018274966083838131 0.040621058679763941 -0.046024406108722729 -0.021115910579489326 0.019358527302559849 -0.026562519150389936 0.029498233522379715 -0.015027987014416391 -0.0061694889336299163 0.019470448965669445 -0.033415640242674946
leaf_weight=9.4758923761546594 31.358728651423007 2.5593654029071322 1.0571746970526854 6.8241421836428335 0.26727054826915253 1.4552414515055776 1.3294720444828261 4.0662876316346255 4.0203617205843321 3.9800445805303735 3.9684339133091271 11.687581501901148 7.8373561138287187 8.2583004115149361
leaf_count=1800 884 72 71 261 26 34 23 46 267 65 296 386 208 619
internal_value=9.04983e-05 0.00281417 -0.00239545 -0.00561331 0.00107719 -0.00337786 0.0115424 0.000350512 -0.00546607 0.0134243 -0.00442876 0.00118181 0.0134853 -0.0262381
internal_weight=98.1457 88.6698 55.9816 47.087 36.2694 29.4452 32.6882 27.99 19.7742 8.21575 4.2357 15.7539 8.89453 10.8177
internal_count=5058 3258 2351 2072 1381 1120 907 1086 699 387 322 432 279 691
is_linear=0
shrinkage=0.03


Tree=160
num_leaves=15
num_cat=0
split_feature=6 8 2 2 1 2 8 8 0 1 4 6 1 1
split_gain=5.27089 4.46262 4.0792 5.10762 3.96392 4.76414 2.82373 2.76048 2.92964 5.16852 2.76842 3.18891 3.09187 4.08319
threshold=8.0478301048278826 2.7377130057298316 29.195244789123539 29.435926437377933 5.4298472404479989 23.848988533020023 1.288162388207748 0.593983574881085 29.332090377807621 28.272878646850589 30.744473457336429 7.9600980281829843 5.0677268505096444 14.926133155822756
decision_type=2 2 2 2 2 2 2 2 2 2 2 2 2 2
left_child=1 7 4 -4 -2 -6 -5 -1 10 -10 11 -9 -12 -14
right_child=2 -3 3 6 5 -7 -8 8 9 -11 12 -13 13 -15
leaf_value=0.014668834425017671 0.0235913215400664 -0.022255447925001563 0.064757421977624408 0.02299199215456342 -0.037397250226436307 0.0031171116819249211 -0.019036776870022146 0.0055118962005462459 0.045987787270965128 -0.017570978954078685 0.013845836235743295 -0.031676703481792648 -0.035146558777041405 -0.0020276434319797284
leaf_weight=7.2014333680272093 6.5132193053141227 10.282649390632285 1.4749388545751561 2.7980518899857998 1.9105872130021477 24.545466986484826 1.3963610399514435 2.6004331004805845 1.6498633017763489 1.3116407725028691 7.1937008784152594 5.8472560225054622 3.0139170414768186 21.154823273885995
leaf_count=188 284 2176 34 91 57 818 46 106 68 149 177 197 63 536
internal_value=0.000308825 -0.00521018 0.00882986 0.0302843 0.00435767 -0.00106424 0.00802897 -0.00133508 -0.00430321 0.0205083 -0.00660625 -0.0208573 -0.00224176 -0.00739002
internal_weight=98.8943 60.2557 38.6386 5.66935 32.9693 26.4561 4.19441 49.9731 42.7716 2.9615 39.8101 8.44769 31.3624 24.1687
internal_count=4990 3660 1330 171 1159 875 137 1484 1296 217 1079 303 776 599
is_linear=0
shrinkage=0.03


Tree=161
num_leaves=15
num_cat=0
split_feature=1 8 6 1 7 3 8 4 6 3 6 7 8 1
split_gain=6.9542 3.96891 3.45461 4.65059 5.39539 3.7632 3.3813 2.38661 4.65791 3.23292 2.43228 2.36653 4.74873 2.66718
threshold=25.060378074646 0.4937166062529485 8.0478301048278826 21.778222084045414 -0.27005845596702188 6.1280987262725839 1.3408419963373561 30.744473457336429 8.0231103897094744 3.946269273757935 7.945338487625123 -0.40078538600284003 1.3552118459949656 21.912405967712406
decision_type=2 2 2 2 2 2 2 2 2 2 2 2 2 2
left_child=1 -1 7 4 6 -5 -4 10 9 -9 -3 13 -13 -10
right_child=-2 2 3 5 -6 -7 -8 8 11 -11 -12 12 -14 -15
leaf_value=0.01969278199596089 -0.022188914329714916 0.0045819409675592216 0.0065198577500510339 0.063413852603589976 0.0081653858683088856 0.0049639068868799815 -0.032382067865751048 -0.02017101824215561 -0.045630542011647006 0.01460591707141904 -0.02956044063693886 0.02458329094182236 -0.025317694696304703 -0.01140682604197674
leaf_weight=8.0802374072372896 12.580639229156075 2.2380037726834399 2.634960711002349 1.1111432155594223 24.975627123378217 2.2236148901283741 4.7997040578629822 2.0141053346451399 2.0805431287735727 12.565567853627725 5.979445381090045 2.9286871235817662 2.058956460794434 9.587344693951307
leaf_count=276 1809 97 18 28 739 30 382 496 75 291 175 41 61 523
internal_value=-0.0022816 0.000953357 -0.00129227 0.00538498 0.0014365 0.0345757 -0.0194563 -0.00732559 -0.00325298 0.00881533 -0.0207735 -0.0137181 0.00319564 -0.0206297
internal_weight=95.8586 83.2779 75.1977 35.745 32.4103 3.33476 7.43466 39.4527 31.2352 14.5797 8.21745 16.6555 4.98764 11.6679
internal_count=5041 3232 2956 1197 1139 58 400 1759 1487 787 272 700 102 598
is_linear=0
shrinkage=0.03


Tree=162
num_leaves=15
num_cat=0
split_feature=3 7 1 7 3 6 3 4 7 1 4 0 4 6
split_gain=11.6628 3.81763 2.66497 6.05942 4.34139 3.51645 3.38423 3.27976 2.48238 7.07592 2.42931 2.27637 3.33941 2.56292
threshold=5.1033663749694833 -0.8721508893123876 6.8716635704040536 -0.09488861899690626 10.726224422454836 7.9639053344726571 11.243263244628908 36.226156234741218 -0.22263841950874649 15.681722164154055 36.525604248046882 27.834102630615238 26.918775558471683 8.0389094352722186
decision_type=2 2 2 2 2 2 2 2 2 2 2 2 2 2
left_child=-1 -2 4 6 -3 -5 7 -4 9 -8 11 13 -13 -11
right_child=1 2 3 5 -6 -7 8 -9 -10 10 -12 12 -14 -15
leaf_value=-0.02792525359132806 -0.026731928831750684 -0.0013684892446203785 0.039606242767255398 0.0048706378406372921 0.023866096839605444 -0.033633474577078777 -0.034828215268197231 -0.01394017886647309 0.013896883003286621 0.018498460609884519 -0.01975384461888104 0.030396412459656869 -0.022730113785175456 -0.00033995036482927638
leaf_weight=12.006574121303855 2.8466168167069545 11.270788354333492 3.1397369224578138 2.8092448269017023 12.203693371266125 5.6455431431531906 4.0893822694197288 0.80682146688923229 10.738376322202383 12.454390110448012 2.7426436785608521 0.44508356461301346 3.8027905351482332 12.505391405895351
leaf_count=2597 362 251 51 39 501 97 85 41 309 198 45 8 297 161
internal_value=-0.00145071 0.00254688 0.00386275 0.000412195 0.0121894 -0.0216778 0.00444208 0.0280543 0.00190449 -0.00194748 0.00319026 0.00592736 -0.0124322 0.00941049
internal_weight=97.5071 85.5005 82.6539 59.1794 23.4745 8.45479 50.7246 3.94656 46.7781 36.0397 31.9503 29.2077 4.24787 24.9598
internal_count=5042 2445 2083 1331 752 136 1195 92 1103 794 709 664 305 359
is_linear=0
shrinkage=0.03


Tree=163
num_leaves=15
num_cat=0
split_feature=7 7 8 2 0 8 8 2 4 4 1 2 4 5
split_gain=6.57399 4.81017 3.1911 3.46359 3.64902 3.73378 3.11869 2.38944 2.45431 4.1763 2.30972 3.94937 2.01529 2.83193
threshold=-0.8721508893123876 -0.86275799212702931 0.593983574881085 30.954063415527347 24.336126327514652 0.96827663963935617 3.5434727839065157 21.112796783447269 31.95629978179932 30.834199905395511 5.7446515560150155 24.848701477050785 33.030208587646491 237.82936096191409
decision_type=2 2 2 2 2 2 2 2 2 2 2 2 2 2
left_child=-1 -2 -3 6 -5 -6 7 8 9 -4 -9 -12 13 -13
right_child=1 2 3 4 5 -7 -8 10 -10 -11 11 12 -14 -15
leaf_value=-0.022570977051321349 0.050314935434591271 0.017595419815445757 -0.02881083358836864 -0.039639071867778625 0.019200018802904742 -0.023487047968927498 -0.022878732179408938 0.0196203337966749 -0.028754962138350389 0.012900494048848278 -0.024025538254730267 -0.01738344590465148 0.0091521290390959593 0.019362521022964343
leaf_weight=8.6370920438785088 0.93575581721961398 9.9697722578421217 2.0642495057545585 2.7805361840873939 2.9210548205301166 2.4834252814762294 3.1113985073752692 9.1249126929324103 2.6410893825814119 6.3263808193150908 3.2634853741619727 5.554715675301849 35.973316961433738 1.7228517327457664
leaf_count=1793 38 334 172 33 70 129 685 314 202 139 63 264 740 65
internal_value=0.000988325 0.0035036 0.00244533 0.00030979 -0.0170264 -0.00101976 0.00255503 0.00406252 -0.00818412 0.000663464 0.00659231 0.00367741 0.00626343 -0.00739617
internal_weight=97.51 88.8729 87.9372 77.9674 8.18502 5.40448 69.7824 66.671 11.0317 8.39063 55.6393 46.5144 43.2509 7.27757
internal_count=5041 3248 3210 2876 232 199 2644 1959 513 311 1446 1132 1069 329
is_linear=0
shrinkage=0.03


Tree=164
num_leaves=15
num_cat=0
split_feature=7 7 3 2 4 4 2 8 5 4 8 4 7 8
split_gain=6.86039 4.23691 3.93557 2.75865 3.256 5.33774 2.81118 3.75086 4.58792 3.36099 4.19244 3.21727 2.58772 2.08737
threshold=-0.8721508893123876 -0.86275799212702931 2.0998566150665288 21.112796783447269 31.655437469482425 30.834199905395511 28.121481895446781 1.5596088091532536 221.15505981445315 36.070268630981452 1.0249685865470306 36.466094970703132 -0.036036480131971409 1.7882427378920525
decision_type=2 2 2 2 2 2 2 2 2 2 2 2 2 2
left_child=-1 -2 -3 4 5 -4 7 -5 -9 10 -8 -11 -7 -10
right_child=1 2 3 6 -6 12 9 8 13 11 -12 -13 -14 -15
leaf_value=-0.022467201236631606 0.048105335596251193 -0.023688841718237461 -0.031327759764692126 0.023550837293158645 -0.02877120074596649 -0.015858185619795885 0.0085152917506651649 0.02211985129406285 -0.0021816829136973429 0.017047311555418058 -0.014056100441416535 -0.01012800794664837 0.025860207058868274 -0.038152520765083513
leaf_weight=8.5117648176383209 0.95219211466610332 3.6331312363035968 1.9122814815491418 15.330878284759821 3.5370770154986531 1.007190305739641 12.425893320236357 3.5952907940372807 3.6389855872839689 17.014664214570079 15.679668509867041 4.2885317914187899 4.7507716999389231 1.5704783967230467
leaf_count=1799 40 845 152 563 132 47 340 90 49 259 522 83 79 39
internal_value=0.00179105 0.00432543 0.00332087 0.00474147 -0.00859211 0.00295845 0.00686136 0.0150409 -0.000667419 0.00264664 -0.00412724 0.0113678 0.017296 -0.0174236
internal_weight=97.8488 89.337 88.3848 84.7517 11.2073 7.67024 73.5444 24.1356 8.80475 49.4088 28.1056 21.3032 5.75796 5.20946
internal_count=5039 3240 3200 2355 410 278 1945 741 178 1204 862 342 126 88
is_linear=0
shrinkage=0.03


Tree=165
num_leaves=15
num_cat=0
split_feature=7 8 6 6 3 7 1 0 3 1 0 6 4 8
split_gain=5.66768 2.99513 2.99177 3.71666 3.71935 3.15604 2.79834 2.31066 2.0895 3.74831 4.36026 3.41146 3.3771 2.50311
threshold=-0.86818149007542045 0.593983574881085 8.0126290321350115 7.9680233001708993 11.84914016723633 -0.20627771609803841 4.4426589012146005 12.643257141113283 26.275712013244632 21.778222084045414 25.571698188781742 8.0201325416564959 36.226156234741218 1.7186234944400616
decision_type=2 2 2 2 2 2 2 2 2 2 2 2 2 2
left_child=-1 -2 3 4 -3 -5 -4 -8 9 13 -11 -10 -12 -9
right_child=1 2 6 5 -6 -7 7 8 11 10 12 -13 -14 -15
leaf_value=-0.022587175063900768 0.016576013738712439 -0.021954615430505725 0.02137879921502334 -0.043844072589255607 0.026093329610678933 -0.0074028655161397488 -0.02698492026750449 0.0030200934374450244 0.0079677169308258657 0.055734996455486317 0.020353568949668763 -0.030003860205723518 -0.012444643945641896 -0.014990273307133747
leaf_weight=8.6508544608950597 9.6153901135548931 1.4248909573070694 5.2426310745067886 3.0539778382517389 2.7828899938613176 5.6180328205227843 1.6805378487333644 31.197189575992525 3.3680696077644816 1.2915294663980592 6.6420579147525114 3.5620962409302592 3.646137367002666 7.8590266155078998
leaf_count=1828 346 107 184 395 45 167 37 705 100 31 233 136 101 645
internal_value=-0.000769482 0.00163241 -0.000412592 -0.0130596 0.00873129 -0.0234424 0.00227412 0.000256782 0.00149923 0.00367731 0.0179211 -0.012872 0.00865715 -0.00088777
internal_weight=95.6353 86.9845 77.3691 12.8798 4.20778 8.67201 64.4893 59.2466 57.5661 50.6359 11.5797 6.93017 10.2882 39.0562
internal_count=5060 3232 2886 714 152 562 2172 1988 1951 1715 365 236 334 1350
is_linear=0
shrinkage=0.03


Tree=166
num_leaves=15
num_cat=0
split_feature=7 7 8 7 4 4 6 7 1 7 2 4 8 0
split_gain=6.31556 4.12498 4.51983 2.88365 2.88316 3.16283 2.81713 2.1927 1.93905 3.46473 3.47068 6.76505 3.41143 2.93876
threshold=-0.8721508893123876 -0.86275799212702931 1.3308262662586572 -0.47774201667303767 35.69995307922364 36.525604248046882 8.0986208915710467 -0.67130180590483157 22.421088218688968 -0.29034235845436052 25.119119644165043 31.892121315002445 1.3927257024057729 25.571698188781742
decision_type=2 2 2 2 2 2 2 2 2 2 2 2 2 2
left_child=-1 -2 3 4 -3 7 8 -6 9 -4 11 -11 -12 -10
right_child=1 2 6 -5 5 -7 -8 -9 13 10 12 -13 -14 -15
leaf_value=-0.0221808359471477 0.046807376685159947 -0.032654791382350015 -0.023746407338813291 0.014289209093452741 -0.0079034680113736471 -0.025792061603534838 0.021979382355723543 0.023555001208315617 0.04622872962074269 0.0074397694090910767 -0.026662166082843344 -0.033642154270428971 0.019804480740577994 -0.00056309421182965211
leaf_weight=8.1961893248371762 0.98054345883428951 1.4425351046957064 9.4772001998498983 31.502788178622723 2.4911420978605738 1.5223081032745538 2.5955574586987487 4.5402995664626351 0.34797809366136689 7.2546760987024843 0.82617356721311708 5.64959347830154 6.981243844376877 11.415328542003406
leaf_count=1797 39 57 792 927 55 24 94 68 3 225 14 185 197 536
internal_value=0.00149543 0.00395189 0.00293141 0.00994216 -0.00381096 0.00396223 -0.00367444 0.0128133 -0.00573639 -0.0096738 -0.00243736 -0.0116722 0.0124185 0.00433464
internal_weight=95.2236 87.0274 86.0468 41.4991 9.99628 8.55375 44.5478 7.03144 41.9522 30.1889 20.7117 12.9043 7.80742 11.7633
internal_count=5013 3216 3177 1131 204 147 2046 123 1952 1413 621 410 211 539
is_linear=0
shrinkage=0.03


Tree=167
num_leaves=15
num_cat=0
split_feature=7 7 3 5 8 2 5 8 2 1 2 6 6 7
split_gain=5.54169 3.84433 3.35408 2.49353 2.29988 1.85964 1.77989 4.47146 4.52905 4.78801 3.59743 2.2637 4.45345 2.1136
threshold=-0.8721508893123876 -0.86275799212702931 2.0998566150665288 202.47442626953128 1.1824498976111324 21.188824653625492 215.87665557861331 1.8086429447539116 28.083174705505375 16.420977592468265 29.435926437377933 8.0256605148315447 8.0272436141967791 -0.15620094809238536
decision_type=2 2 2 2 2 2 2 2 2 2 2 2 2 2
left_child=-1 -2 -3 -4 5 -5 10 8 13 -10 -6 -12 -13 -8
right_child=1 2 3 4 6 -7 7 -9 9 -11 11 12 -14 -15
leaf_value=-0.021723902852089295 0.043467135238381457 -0.023339403229210173 -0.017584076305769299 -0.0070005479180411823 0.017800901911323112 0.014357459408181792 -0.0068657565456114785 -0.032085791432686903 -0.038088147701350661 0.007202145388629645 -0.025487225718714847 0.029361340146523508 -0.013772720800753395 0.014981507470657296
leaf_weight=7.8084669101517639 1.0907109901309002 3.3985407685395321 3.7746107173152259 3.6632789345458177 11.63401566212997 24.705300378147513 4.9188020646106478 3.3606785063166162 3.6209535114467135 3.3590065687894821 2.5935867768712324 2.5324225462973118 4.5572874983772635 12.797359758056706
leaf_count=1790 42 829 184 84 143 768 116 234 52 32 159 13 216 344
internal_value=0.000963464 0.00324924 0.00223274 0.00356879 0.00480609 0.011455 0.000834298 -0.00407674 0.0008351 -0.0181216 0.00719101 -0.00602931 0.00335954 0.00887298
internal_weight=93.815 86.0066 84.9158 81.5173 77.7427 28.3686 49.3741 28.0568 24.6961 6.97996 21.3173 9.6833 7.08971 17.7162
internal_count=5006 3216 3174 2345 2161 852 1309 778 544 84 531 388 229 460
is_linear=0
shrinkage=0.03


Tree=168
num_leaves=15
num_cat=0
split_feature=1 8 4 1 2 4 8 4 1 0 1 4 0 6
split_gain=5.14461 3.1691 2.42942 3.18255 4.11754 4.86967 2.24979 2.0752 2.87223 3.16304 2.07179 2.05226 2.62661 1.95494
threshold=24.514926910400394 0.4937166062529485 27.699032783508304 4.8795616626739511 23.685653686523441 31.815826416015629 1.8086429447539116 36.614023208618171 24.089230537414554 26.275093078613285 24.237989425659183 25.724853515625004 16.480623245239261 8.1343884468078631
decision_type=2 2 2 2 2 2 2 2 2 2 2 2 2 2
left_child=1 -1 11 6 5 -5 -4 8 9 -6 -10 12 13 -3
right_child=-2 2 3 4 7 -7 -8 -9 10 -11 -12 -13 -14 -15
leaf_value=0.020750893623342578 -0.016311776178214832 -0.044398453551542802 0.019780673778179644 0.0097641918083513028 0.0043845788951149319 -0.034633900451740487 -0.016116848054564398 -0.022308026651126304 0.045920710156341152 -0.022087768512744643 0.0047727066839990499 -0.037353657268644917 0.013054880658483961 0.0096676734984295753
leaf_weight=6.7558692079037419 14.612434546928851 0.7110575684346252 10.875655468087642 2.9050600221380574 35.761226403294131 5.1947052532341331 1.0484129940159608 1.8308611842803646 1.4062194505240762 3.5707886405289164 2.5194691673386842 1.6401730887591837 2.7807105910032988 0.46849865280091763
leaf_count=275 1901 64 329 42 1067 571 99 221 19 215 52 51 55 25
internal_value=-0.000589989 0.0025456 0.000541165 0.00226649 -0.000960563 -0.019387 0.0156216 0.00269841 0.00423693 0.00149321 0.0258426 -0.0168223 -0.00250281 -0.0283412
internal_weight=92.0811 77.4687 70.7128 65.1124 53.1883 8.09977 11.9241 45.0886 43.2577 39.332 3.92569 5.60044 3.96027 1.17956
internal_count=4986 3085 2810 2615 2187 613 428 1574 1353 1282 71 195 144 89
is_linear=0
shrinkage=0.03


Tree=169
num_leaves=15
num_cat=0
split_feature=7 7 3 2 4 7 5 2 8 7 2 8 3 2
split_gain=8.15785 4.11608 4.6788 4.81985 3.87627 5.44095 3.7564 5.47689 3.2192 3.79463 3.61887 3.07201 2.81573 2.50692
threshold=-0.8721508893123876 -0.86275799212702931 9.5490527153015154 28.083174705505375 36.070268630981452 -0.42492168740723707 211.45056915283206 29.435926437377933 1.1974809397290773 -0.32414521592918327 31.193352699279789 1.8594009765156589 23.849886894226078 20.65809535980225
decision_type=2 2 2 2 2 2 2 2 2 2 2 2 2 2
left_child=-1 -2 6 11 5 -5 7 -3 10 -10 -7 13 -12 -4
right_child=1 2 3 4 -6 8 -8 -9 9 -11 12 -13 -14 -15
leaf_value=-0.028489740387487986 0.044605866576270164 0.041362054652186987 -0.0060274783534615857 -0.033491371684030366 0.0095166631626010436 0.018892866255023327 -0.022379133959550306 -0.019843164545237459 0.011911267851783158 -0.025092220570344159 -0.039289363612336599 -0.01411864334466092 0.0038829506945560407 0.023476853180367671
leaf_weight=7.5897651568520805 1.0128774670884002 1.5424542999826365 2.6089480612427058 4.9837452638894311 17.711669427808374 8.5790884373709613 10.570372120244427 1.8450260404497383 2.9706430290825665 6.6927100396715087 1.1054758029058565 2.0608016559854141 3.4009647238999605 17.004644599743187
leaf_count=1803 37 23 37 318 247 282 1160 250 17 101 22 41 75 619
internal_value=-0.000663411 0.00222125 0.00115473 0.00447755 -0.00113514 -0.00803245 -0.0140547 0.0111013 -0.00127961 -0.0136666 0.00818871 0.0157766 -0.0119195 0.0194503
internal_weight=89.6792 82.0894 81.0765 67.1187 45.4443 27.7326 13.9579 3.38748 22.7489 9.66335 13.0855 21.6744 4.50644 19.6136
internal_count=5032 3229 3192 1759 1062 815 1433 273 497 118 379 697 97 656
is_linear=0
shrinkage=0.03


Tree=170
num_leaves=15
num_cat=0
split_feature=3 4 8 2 5 7 7 5 4 5 7 8 3 5
split_gain=6.56538 2.7155 1.93812 2.68482 2.84212 3.67154 3.52563 5.59016 4.88941 2.87231 2.6374 2.58089 2.57583 2.84226
threshold=5.1033663749694833 36.480400085449226 1.0815023189815618 30.897665023803714 204.53318023681643 -0.8721508893123876 -0.34614637421864286 217.00405883789065 32.46711730957032 223.89811706542972 -0.69001739404846651 1.3927257024057729 9.5490527153015154 237.82936096191409
decision_type=2 2 2 2 2 2 2 2 2 2 2 2 2 2
left_child=-1 2 -2 4 5 -4 11 -8 12 -10 -7 -6 -9 -14
right_child=1 -3 3 -5 6 10 7 8 9 -11 -12 -13 13 -15
leaf_value=-0.022411466232653925 0.0099145845474881145 -0.020352395665129138 -0.017979400648961516 -0.025815190784399797 0.0014911819046577266 0.033953129008496626 0.02421347824718445 -0.010371628236879669 -0.0010282941712627036 -0.030941472457948913 -0.0085121753715060467 -0.031936678923154035 -0.010572667322701913 0.021694095435533665
leaf_weight=10.48028098978102 24.524437001440674 3.7039155620150259 1.4441479381639508 2.4390716198831788 3.2908751661889246 5.3244342990219593 7.2478276039473704 4.8437517392449143 5.0568922813981754 5.9670401904731989 1.2245594630949188 4.2712068576365709 2.6072529396042219 8.7285781987011415
leaf_count=2603 781 97 261 153 22 94 99 126 88 110 65 192 56 260
internal_value=-0.00117867 0.0018203 0.00313462 -0.000161986 0.00157083 0.0168856 -0.00166765 0.00254476 -0.00388227 -0.0184464 0.025937 -0.0189144 0.00653713 0.0140172
internal_weight=91.1543 80.674 76.9701 52.4456 50.0066 7.99314 42.0134 34.4513 27.2035 11.0239 6.54899 7.56208 16.1796 11.3358
internal_count=5007 2404 2307 1526 1373 420 953 739 640 198 159 214 442 316
is_linear=0
shrinkage=0.03


Tree=171
num_leaves=15
num_cat=0
split_feature=7 7 7 1 4 7 4 4 5 7 1 7 1 0
split_gain=4.68353 3.86153 3.43883 6.35819 3.01459 3.43848 2.96438 2.56114 4.70027 3.55781 2.40515 1.89786 1.7924 2.52625
threshold=-0.8721508893123876 -0.86275799212702931 -0.21516227543462435 15.681722164154055 29.331339836120609 0.13303027820605126 36.480400085449226 31.693459510803226 227.14627838134768 -0.084185236875254671 5.4298472404479989 0.45215633650867643 27.934562683105472 29.332090377807621
decision_type=2 2 2 2 2 2 2 2 2 2 2 2 2 2
left_child=-1 -2 3 -3 5 -4 12 -6 9 -9 -10 -7 13 -5
right_child=1 2 4 6 7 11 -8 8 10 -11 -12 -13 -14 -15
leaf_value=-0.021157395401615198 0.043146681160803432 -0.027586787505813427 0.01248271168964226 0.004183098020928748 0.0222760230554961 -0.032563442678733852 -0.020884916234014089 0.024011454126290153 0.010333696220958109 -0.016513113438418728 -0.020272990518519572 0.0044259641243674826 -0.019245998290630999 0.038895485940144907
leaf_weight=7.2418528751004478 1.0586708178743709 7.6062761107459655 3.6284563699737173 26.136856569675736 11.846700422232972 3.3283345922827721 3.6745937019586554 9.4358602939173561 2.6705429712310416 1.6516455933451677 6.1541347582824528 1.4496083352714775 1.6185319477226574 1.0718089132569719
leaf_count=1767 39 594 138 777 391 94 298 288 73 11 232 73 181 35
internal_value=0.000409024 0.00256296 0.00150343 -0.00465466 0.00761645 -0.00768922 0.00137531 0.0117788 0.00476697 0.017108 -0.0109017 -0.0225173 0.00481788 0.00688087
internal_weight=88.5739 81.332 80.2734 40.1081 40.1653 8.4064 32.5018 31.7589 19.9122 11.0875 8.82468 4.77794 28.8272 27.2087
internal_count=4991 3224 3185 1885 1300 305 1291 995 604 299 305 167 993 812
is_linear=0
shrinkage=0.03


Tree=172
num_leaves=15
num_cat=0
split_feature=7 7 8 2 3 8 3 1 7 5 5 2 2 0
split_gain=5.80104 4.19698 3.58745 3.06002 1.92824 2.47029 2.3171 4.04089 1.83815 2.21336 1.45351 1.55366 1.55485 7.12016
threshold=-0.8721508893123876 -0.86275799212702931 1.0815023189815618 30.897665023803714 2.0998566150665288 2.6442538837277803 9.336820602416994 5.4298472404479989 -0.72497119973652457 211.45056915283206 202.47442626953128 21.188824653625492 31.232905387878422 24.336126327514652
decision_type=2 2 2 2 2 2 2 2 2 2 2 2 2 2
left_child=-1 -2 10 4 -4 6 -6 -8 -7 -10 -3 -12 -13 -14
right_child=1 2 3 -5 5 8 7 -9 9 -11 11 12 13 -15
leaf_value=-0.026561822245429977 0.042661603321955698 -0.0097388247780822827 -0.022944797766426203 -0.032861959022488001 -0.022220498652710311 -0.013318554197667781 0.020300266701749489 -0.0053227075851350154 0.034447499662487335 -0.011982164911579067 -0.0091088996949283772 0.018879821684957988 -0.030122351560823078 0.025974890013188961
leaf_weight=7.0269735131878397 1.0409949058666814 2.7729372177273062 3.1672783519607028 2.394346432760357 4.4644144093617788 0.75754996296018351 5.5682865912094703 34.472612109500915 3.0170678063295777 0.6518607239704578 2.4184349104762104 13.726287711411716 2.7000982239842406 3.5296845901757479
leaf_count=1789 38 45 853 126 242 78 179 720 91 121 57 526 50 111
internal_value=-0.00223956 0.000178038 -0.000899415 -0.00520565 -0.00333969 -0.00163658 -0.00388733 -0.00135164 0.0175394 0.0253988 0.00827423 0.0108278 0.0135632 0.000857896
internal_weight=87.7088 80.6819 79.6409 54.4934 52.0991 48.9318 44.5053 40.0409 4.42648 3.66893 25.1474 22.3745 19.9561 6.22978
internal_count=5026 3237 3199 2410 2284 1431 1141 899 290 212 789 744 687 161
is_linear=0
shrinkage=0.03


Tree=173
num_leaves=15
num_cat=0
split_feature=7 7 8 8 2 2 7 4 8 5 8 2 8 8
split_gain=4.15905 3.63547 4.32664 2.73325 2.22342 2.27101 3.31647 3.69626 2.41087 2.2139 4.06472 3.63116 5.14129 2.26198
threshold=-0.8721508893123876 -0.86275799212702931 0.98274636715444208 3.0939020039652587 30.897665023803714 30.809918403625492 -0.40078538600284003 36.139202117919929 1.876686784260422 223.52202606201175 1.8086429447539116 28.167332649230961 1.1824498976111324 1.5915460457665875
decision_type=2 2 2 2 2 2 2 2 2 2 2 2 2 2
left_child=-1 -2 -3 4 5 6 7 -4 -9 13 11 -11 -13 -8
right_child=1 2 3 -5 -6 -7 9 8 -10 10 -12 12 -14 -15
leaf_value=-0.020649540073172806 0.04076768193394676 0.012144415561102177 -0.034993774243673878 -0.024269283119569079 -0.023599521067824227 0.024515006225734472 0.00069583749266798696 0.010392072361803149 -0.024357535489504159 0.0073736905147931608 -0.033572483339099582 0.012875496821102944 -0.049895600430383338 0.022880937206642832
leaf_weight=6.8803382560145101 1.1390999210998405 22.052160711493343 3.9329841828439296 4.0570372669026247 2.7165484270080915 2.3014108194038263 8.781964109744882 4.8149171080440283 1.6006613336503503 17.901211727410562 2.3640234437771133 1.5344554223120206 1.6207236256450412 6.9297955087386063
leaf_count=1792 38 696 241 1003 142 28 118 51 62 520 153 41 32 104
internal_value=0.000177856 0.00215919 0.00112072 -0.00316502 -0.00118497 0.000415754 -0.00116856 -0.0154681 -0.000393315 0.00290417 -0.00293595 0.00186982 -0.0236164 0.0112644
internal_weight=88.6273 81.747 80.6079 58.5557 54.4987 51.7821 49.4807 10.3486 6.41558 39.1322 23.4204 21.0564 3.15518 15.7118
internal_count=5021 3229 3191 2495 1492 1350 1322 354 113 968 746 593 73 222
is_linear=0
shrinkage=0.03


Tree=174
num_leaves=15
num_cat=0
split_feature=3 6 8 2 6 4 2 6 3 7 3 4 4 0
split_gain=4.32808 2.6858 2.6451 2.8976 6.02988 4.61306 2.62965 5.93188 4.40862 3.89787 2.40414 2.26932 2.36839 2.26873
threshold=3.946269273757935 8.0986208915710467 0.52123846306764754 30.954063415527347 7.9680233001708993 34.636398315429695 30.60842323303223 8.0276145935058612 11.405933380126955 -0.34614637421864286 25.401679992675785 36.596691131591804 36.614023208618171 20.002093315124515
decision_type=2 2 2 2 2 2 2 2 2 2 2 2 2 2
left_child=11 2 -2 6 -5 -6 9 8 -8 10 -4 -1 -13 -11
right_child=1 -3 3 4 5 -7 7 -9 -10 13 -12 12 -14 -15
leaf_value=-0.026555597463120615 0.015266502291565964 0.019389599911612137 -0.027360601489886501 0.029751713581190206 -0.049331753287095707 -0.0027432259779636213 0.066867296494592929 -0.017743815664867824 0.011165171385825184 -0.0039453535341180878 -0.002216631829836366 0.039874401851128879 -0.014151869081284471 0.010970506640519609
leaf_weight=7.2530724338721466 7.199716815724968 5.4215205861255518 6.9298809261526824 1.10736994538456 3.4387233527377248 3.5806827051565051 1.0775818731635789 2.8161361026577652 4.7631070767529309 21.787559781689204 6.3575572520494461 0.27196080004796364 0.88444211683236063 14.42206623079255
leaf_count=1979 273 262 485 18 150 95 44 224 157 615 182 13 272 253
internal_value=-0.00150262 0.000781169 -0.000833694 -0.00278349 -0.0184992 -0.0288719 -0.000311676 0.0140373 0.0297146 -0.00304953 -0.0163273 -0.020736 0.011153 0.00213071
internal_weight=87.3114 78.9019 73.4804 66.2807 8.12678 7.01941 58.1539 8.65683 5.84069 49.4971 13.2874 8.40948 1.1564 36.2096
internal_count=5022 2758 2496 2223 263 245 1960 425 201 1535 667 2264 285 868
is_linear=0
shrinkage=0.03


Tree=175
num_leaves=15
num_cat=0
split_feature=3 1 8 5 8 7 1 7 7 8 7 6 6 2
split_gain=8.35227 4.40752 3.23654 3.1112 2.82883 2.64903 4.43327 2.27581 2.03993 6.85549 4.05087 3.65258 3.47849 1.77588
threshold=9.5490527153015154 6.8716635704040536 0.52123846306764754 227.14627838134768 1.5079081476808656 -0.22263841950874649 14.926133155822756 -0.084185236875254671 -0.52676163825421463 1.3659066999880378 -0.29034235845436052 8.0276145935058612 8.0254259109497088 29.452260017395023
decision_type=2 2 2 2 2 2 2 2 2 2 2 2 2 2
left_child=-1 4 -3 5 -2 6 -4 -7 11 -10 -11 12 13 -8
right_child=1 2 3 -5 -6 7 8 -9 9 10 -12 -13 -14 -15
leaf_value=-0.019204771027533818 0.023532137786465551 0.019003227960451462 -0.035621047819753275 -0.021141365379606678 -0.0082925394656921669 0.018579328968456113 0.010783747162784418 -0.017061015256753565 0.023608326681125457 -0.033918700492886401 0.013091877398706714 -0.027111055810891058 0.022982438313612189 -0.018656242593056073
leaf_weight=18.404991039074957 11.419957983307539 5.4690060447901478 2.6536451820284119 6.6547784516587845 2.6080978345125905 8.1527630249038321 1.921158354729412 1.1383163412101591 8.2822976224124449 3.3292272039689124 1.9769026930443931 4.7271413595881304 3.6094607796985656 4.8249859844800085
leaf_count=2986 542 185 49 103 47 244 11 18 101 62 24 213 65 381
internal_value=-0.00186869 0.003123 -0.00094361 -0.00359724 0.0174572 -0.000283758 -0.00449745 0.0129792 -0.000513378 0.00762735 -0.0171053 -0.00786579 0.00253314 -0.00996255
internal_weight=85.1727 66.7677 52.7397 47.2707 14.0281 40.6159 31.3248 9.29108 28.6712 13.5884 5.30613 15.0827 10.3556 6.74614
internal_count=5031 2045 1456 1271 589 1168 906 262 857 187 86 670 457 392
is_linear=0
shrinkage=0.03


Tree=176
num_leaves=15
num_cat=0
split_feature=7 7 3 8 8 8 5 7 7 2 7 7 7 8
split_gain=6.91266 3.16758 2.50406 2.12531 1.56043 1.74825 1.87363 2.08569 1.66636 1.58564 1.47961 2.17774 2.31009 4.24325
threshold=-0.8721508893123876 -0.86275799212702931 2.0998566150665288 0.52123846306764754 2.6804179101411365 1.876686784260422 218.13921356201175 -0.33738634879116763 -0.72497119973652457 27.011609077453617 -0.21516227543462435 -0.30084306263412386 -0.47774201667303767 1.3659066999880378
decision_type=2 2 2 2 2 2 2 2 2 2 2 2 2 2
left_child=-1 -2 -3 -4 5 10 7 -7 -6 -10 11 12 -5 -14
right_child=1 2 3 4 8 6 -8 -9 9 -11 -12 -13 13 -15
leaf_value=-0.028126045010014415 0.037456207652219575 -0.022462460280486641 0.01664055082750051 -0.0074303637347056476 -0.012641815460479421 -0.017660785438325444 -0.032215658179687939 0.017875193781032216 -0.0099283753148600839 0.033445959270200915 0.0052668765271582027 -0.018730261293803039 0.021413025922444932 -0.020508180268925039
leaf_weight=6.5022803773172191 1.2021512240171421 2.915305388160049 7.1373933833092442 13.113346503814686 0.69667555531486902 2.125055269338191 2.1223779413849115 1.83689675759524 0.48010702361352686 2.4791242401115596 31.930200363509364 5.9069098017644057 7.3751995963975787 2.0542661854997277
leaf_count=1822 42 862 297 348 84 91 129 41 92 100 950 104 80 38
internal_value=-0.000562675 0.00195448 0.000967272 0.00212713 0.000436626 -0.000728765 -0.0148314 -0.000903042 0.0172294 0.0256786 0.000910798 -0.00399103 0.000502643 0.0111895
internal_weight=87.8773 81.375 80.1729 77.2576 70.1202 66.4643 6.08433 3.96195 3.65591 2.95923 60.3799 28.4497 22.5428 9.42947
internal_count=5080 3258 3216 2354 2057 1781 261 132 276 192 1520 570 466 118
is_linear=0
shrinkage=0.03


Tree=177
num_leaves=15
num_cat=0
split_feature=0 0 1 5 8 4 2 4 0 6 6 2 1 8
split_gain=4.28863 3.39451 2.91056 5.13234 3.34503 2.71548 2.59608 2.46181 2.75736 4.33847 2.31741 2.14032 2.10044 2.55667
threshold=27.757070541381839 27.587202072143558 8.4223213195800799 227.14627838134768 1.5596088091532536 26.918775558471683 20.759318351745609 32.183065414428718 26.275093078613285 8.0204968452453631 7.945338487625123 16.427570343017582 21.519083023071293 1.3659066999880378
decision_type=2 2 2 2 2 2 2 2 2 2 2 2 2 2
left_child=1 2 4 7 6 -2 -1 -4 12 -10 -5 -12 13 -9
right_child=5 -3 3 10 -6 -7 -8 8 9 -11 11 -13 -14 -15
leaf_value=-0.0027626503619118522 0.022234575212046363 0.028346562125003017 -0.026179231578258178 0.0089991487081405152 -0.0075416223758465895 -0.021105352942062647 0.022434339695640352 0.011112990031954711 0.020295504705465699 -0.022196098837441308 0.0046962022159920715 -0.036456921748912435 0.021682005011541175 -0.007502460734031346
leaf_weight=4.796207352075732 0.64616667665541072 3.1330100037157527 1.8688996853306878 1.1699109994806329 7.3815309100318691 10.805353299481792 12.390618336386977 13.570749894715851 2.1003737822175008 6.894899777835235 1.1105676158331332 5.8516056011430919 5.7880417124833903 11.268194467993451
leaf_count=154 18 70 21 21 288 1795 571 326 30 435 31 563 192 521
internal_value=-0.000723102 0.00188494 0.00040537 -0.00376716 0.00865079 -0.0170706 0.0156375 0.000697637 0.00257861 -0.0112365 -0.0241292 -0.0301271 0.00686317 0.00270456
internal_weight=88.7761 77.3246 74.1916 49.6232 24.5684 11.4515 17.1868 41.4912 39.6223 8.99527 8.13208 6.96217 30.627 24.8389
internal_count=5036 3223 3153 2140 1013 1813 725 1525 1504 465 615 594 1039 847
is_linear=0
shrinkage=0.03


Tree=178
num_leaves=15
num_cat=0
split_feature=3 1 2 3 4 5 7 4 4 4 2 7 2 2
split_gain=5.49426 2.8535 7.11587 3.08844 2.9084 5.62524 2.88319 2.40599 2.37379 2.27984 2.23102 3.24022 2.56651 2.51008
threshold=5.8848295211792001 5.4298472404479989 23.848988533020023 9.5490527153015154 32.183065414428718 239.14064788818362 -0.036036480131971409 36.596691131591804 36.570991516113288 31.169051170349125 30.715359687805179 -0.72497119973652457 30.954063415527347 31.37360763549805
decision_type=2 2 2 2 2 2 2 2 2 2 2 2 2 2
left_child=7 3 -3 6 5 -4 -2 -1 10 -8 11 -6 -12 -14
right_child=1 2 4 -5 8 -7 9 -9 -10 -11 12 -13 13 -15
leaf_value=-0.02697848468446163 -0.023381459006690794 -0.037651406373575148 -0.026402141387035716 0.023174031461480199 -0.024411949884289984 0.01807304249421484 -0.01224721736648526 0.011772916118987856 -0.022567491028015543 0.023880590956733564 0.030800457462361611 0.0048944675710887713 -0.013567151537414108 0.019210395085131549
leaf_weight=8.3288533983286452 2.5296454804483801 3.5559489850420496 6.9663860828150046 8.9182890998199564 2.7924301831517289 2.937117830850184 1.7594616459682608 1.1209251733962435 1.8197096462827165 3.1080183759331703 5.0658904910087568 31.814562111627318 3.2509666825644672 3.1911705597303808
leaf_count=2387 86 59 364 418 280 94 33 282 54 42 79 643 104 113
internal_value=-0.00126734 0.00146083 -0.00154892 0.0122217 0.00127288 -0.0127641 -0.00217004 -0.0216951 0.00437457 0.0109598 0.00589413 0.00191056 0.0167631 0.00306908
internal_weight=87.1594 77.7096 61.3942 16.3154 57.8382 9.9035 7.39713 9.44978 47.9347 4.86748 46.115 34.607 11.508 6.44214
internal_count=5038 2369 1790 579 1731 458 161 2669 1273 75 1219 923 296 217
is_linear=0
shrinkage=0.03


Tree=179
num_leaves=15
num_cat=0
split_feature=6 1 2 8 6 0 1 0 2 4 0 2 1 8
split_gain=2.99417 3.12433 4.02192 2.75382 2.25891 4.17923 3.71951 3.35218 2.94427 3.38402 2.68107 2.50399 3.16942 2.71917
threshold=8.0149731636047381 5.4298472404479989 23.848988533020023 0.593983574881085 8.0231103897094744 26.275093078613285 21.778222084045414 28.073434829711918 30.715359687805179 36.198125839233406 25.571698188781742 27.476711273193363 11.798156738281252 1.3659066999880378
decision_type=2 2 2 2 2 2 2 2 2 2 2 2 2 2
left_child=3 -2 -3 -1 7 6 11 -4 -7 -10 -8 -6 -13 -14
right_child=1 2 4 -5 5 8 10 -9 9 -11 -12 12 13 -15
leaf_value=0.013395055077223366 0.01798350892826495 -0.029639151636389627 0.026484280622240071 -0.017282989873430295 0.011764554327772372 -0.028997733930358774 0.053941330407005106 -0.0091369988222411175 0.016970725626813433 -0.022303571694116345 0.009667410895187625 -0.033152188281736585 0.0072707244451982941 -0.015827081824640637
leaf_weight=2.4637143136933437 8.9181475187651795 2.9107571793720117 5.9340139946434629 12.93736346089281 9.4697956815361994 5.8664706952404213 1.0284451160114247 2.9955333054531366 3.5171485408209264 2.5079174756538123 4.7043582475744188 2.307600534521046 11.722118971869351 6.1790365085471413
leaf_count=60 405 167 133 1072 364 932 49 639 265 108 141 94 215 378
internal_value=-0.000338971 0.00240152 -0.000208015 -0.0118579 0.00180668 -0.000905419 0.00431067 0.0148179 -0.0155677 -0.000224881 0.024442 -0.000247922 -0.00616624 -0.00111761
internal_weight=83.4624 68.0613 59.1432 15.4011 56.2324 47.3029 35.4114 8.92955 11.8915 6.02507 5.7328 29.6786 20.2088 17.9012
internal_count=5022 3890 3485 1132 3318 2546 1241 772 1305 373 190 1051 687 593
is_linear=0
shrinkage=0.03


Tree=180
num_leaves=15
num_cat=0
split_feature=3 0 3 7 5 6 4 2 4 7 5 4 4 7
split_gain=5.27677 3.18346 3.60901 2.90148 3.31458 2.84955 2.79508 2.66388 2.2848 2.26662 2.17058 2.5867 1.95624 2.05228
threshold=2.0998566150665288 9.7323832511901873 22.193841934204105 -0.96297177102619191 202.47442626953128 7.9680233001708993 32.183065414428718 30.664455413818363 25.724853515625004 -0.71454507679575474 223.06986999511722 35.047506332397468 35.897649765014656 -0.23608439396596251
decision_type=2 2 2 2 2 2 2 2 2 2 2 2 2 2
left_child=-1 -2 3 -3 7 -4 8 -5 -7 -6 11 -8 13 -11
right_child=1 2 5 4 9 6 10 -9 -10 12 -12 -13 -14 -15
leaf_value=-0.025247213677604394 -0.022591166874712729 -0.019534339857821964 0.027127534635227091 -0.0085329304480290559 -0.018603358386050883 0.0052339747188650098 -0.021854557166453258 0.058831975080440593 -0.032504892388257392 -0.011035941687776768 0.025060344259932397 0.0018152346136420018 0.029320425118215535 0.011189256916191813
leaf_weight=5.1446986664086571 2.9918158666696391 1.8357705685775716 1.7170632607303549 0.39344893791712721 1.4979923930950452 1.6836700444109762 4.2451312881894472 1.2476191963069139 3.9850391140207648 3.4518678025342444 1.7266794051975001 19.398326609982178 4.065304535906761 29.50444947229699
leaf_count=1699 202 568 34 101 189 13 196 68 234 177 18 381 70 1019
internal_value=0.00155339 0.00362502 0.00495864 0.0106796 0.0125017 -0.00247528 -0.0049085 0.0455655 -0.022192 0.00997574 -0.000351562 -0.003149 0.011591 0.00860493
internal_weight=82.8889 77.7442 74.7524 41.9965 40.1607 32.7559 31.0388 1.64107 5.66871 38.5196 25.3701 23.6435 37.0216 32.9563
internal_count=4969 3270 3068 2192 1624 876 842 169 247 1455 595 577 1266 1196
is_linear=0
shrinkage=0.03


Tree=181
num_leaves=15
num_cat=0
split_feature=7 3 0 1 1 1 7 1 0 4 4 4 5 4
split_gain=6.52606 2.72021 1.6005 2.5484 2.49018 1.76818 3.0643 7.00442 3.04624 2.08731 1.82138 1.79894 4.99339 2.90418
threshold=-0.8721508893123876 2.0998566150665288 29.332090377807621 24.590661048889164 28.272878646850589 21.912405967712406 -0.23347957574403252 14.926133155822756 23.963550567626957 36.570991516113288 36.131278991699226 31.927421569824222 223.89811706542972 29.331339836120609
decision_type=2 2 2 2 2 2 2 2 2 2 2 2 2 2
left_child=-1 -2 3 5 -4 6 7 -3 -9 10 -7 13 -13 -8
right_child=1 2 4 -5 -6 9 11 8 -10 -11 -12 12 -14 -15
leaf_value=-0.027952618847238892 -0.022297358685400843 -0.035813432301120267 0.03641885727433565 -0.017358175808624362 -0.013112047595619505 -0.011144718910360833 -0.0032955602389913448 0.020807382700767461 -0.0075027578554687719 -0.017650175474060146 0.021040248153074974 0.016612621771385595 -0.014193253906596905 0.01952265462666869
leaf_weight=5.9108280090149483 2.8287976917345068 4.7844971665181175 1.9326953520067029 4.3618451822549096 0.71930002374574531 1.1904032579623134 7.1475794890429922 4.665267469128592 7.7473210706375539 0.93390148505568582 10.886853818781672 7.3815969945862916 9.8899084427393955 14.048805219354106
leaf_count=1764 875 198 66 261 74 66 277 69 188 17 179 205 289 477
internal_value=1.06045e-05 0.0024407 0.00364394 0.00263638 0.0230728 0.00413719 0.00170664 -0.00851303 0.00389562 0.0136718 0.0172583 0.00637528 -0.000838625 0.0120264
internal_weight=84.4296 78.5188 75.69 73.038 2.652 68.6761 55.665 17.1971 12.4126 13.0112 12.0773 38.4679 17.2715 21.1964
internal_count=5005 3241 2366 2226 140 1965 1703 455 257 262 245 1248 494 754
is_linear=0
shrinkage=0.03


Tree=182
num_leaves=15
num_cat=0
split_feature=3 8 8 8 1 0 3 2 2 2 2 8 1 4
split_gain=4.74 5.92374 4.53276 3.04573 3.16662 3.97276 2.12165 2.01689 2.97357 2.39894 2.8332 4.40642 2.38357 2.27611
threshold=2.0998566150665288 3.5263450359702748 3.5434727839065157 1.3659066999880378 6.8716635704040536 20.002093315124515 8.6097049713134783 30.715359687805179 29.690816879272464 24.848701477050785 28.121481895446781 1.5197889207788169 5.7446515560150155 33.953939437866218
decision_type=2 2 2 2 2 2 2 2 2 2 2 2 2 2
left_child=-1 3 -3 4 6 -6 -2 8 9 12 -11 -12 -5 -9
right_child=1 2 -4 7 5 -7 -8 13 -10 10 11 -13 -14 -15
leaf_value=-0.025152934965912987 -0.0061846721149968146 0.08693074838959515 -0.0089513864387868146 -0.0025349190021960524 -0.038042618789135181 0.0041652249900779635 0.025369302183168616 -0.016529904612767241 -0.026279769571171997 0.018446721630315251 -0.036777914756434764 0.0077021954187597962 -0.030411121654855908 0.021384965782237798
leaf_weight=5.0343173018191001 1.9496211707591999 0.27718443050980468 0.42209777981042862 7.694226806983357 1.1457122713327432 30.344948423793539 8.9960730532184225 1.1854771869257081 5.4891945519484571 6.2890667491592449 1.9800378456711767 5.3518044096417725 3.4930220178794116 3.7580769653432071
leaf_count=1743 69 26 142 298 32 646 481 218 837 188 15 92 110 139
internal_value=0.000485648 0.00242861 0.0578461 0.00120083 0.00654478 0.00150598 0.0197017 -0.00523727 -0.00816136 -0.00328944 0.00504638 -0.00728251 -0.0130199 0.0110415
internal_weight=83.4109 78.3765 0.699282 77.6773 42.4364 31.4907 10.9457 35.2409 30.2974 24.8082 13.6209 7.33184 11.1872 4.94355
internal_count=5036 3293 168 3125 1228 678 550 1897 1540 703 295 107 408 357
is_linear=0
shrinkage=0.03


Tree=183
num_leaves=15
num_cat=0
split_feature=6 3 0 8 3 6 5 4 4 8 0 1 3 3
split_gain=4.05818 5.76034 3.93877 4.28722 2.96528 2.21728 5.21069 4.40491 3.39412 2.42984 2.20489 5.33029 3.82753 3.29542
threshold=8.0478301048278826 8.6097049713134783 25.315677642822269 1.1824498976111324 8.008735656738283 8.0864982604980487 220.45568847656253 31.815826416015629 35.907165527343757 1.7330639496180922 13.505753040313722 14.688235282897951 23.548137664794925 24.378849029541019
decision_type=2 2 2 2 2 2 2 2 2 2 2 2 2 2
left_child=1 -1 3 -2 -4 6 8 -8 -5 -7 -3 12 -12 -13
right_child=2 10 4 5 -6 9 7 -9 -10 -11 11 13 -14 -15
leaf_value=-0.02694229990009309 0.019697513844203852 0.011261630117202121 0.054908587342593303 0.016300978567388064 0.0061861214588831174 0.013917609461615816 0.0053856347105038166 -0.048243469040207911 -0.016382220132642449 -0.02540831686381435 -0.056403722906912757 0.011253483941491008 0.0045511208752585562 -0.0093436647221350842
leaf_weight=9.9144684600178135 7.493128890637311 7.7263427725993088 1.3638743292540301 5.4861867923755216 2.7069039195775986 6.803149019367992 1.7056226506829251 3.5916094586718827 4.1262657053302974 0.77459359914064396 1.8994900258258014 10.821071528596805 1.1577293537557123 16.122356238542125
leaf_count=2426 409 223 20 127 45 245 58 147 297 5 34 351 20 616
internal_value=-0.00215407 -0.00773964 0.0056586 0.00147232 0.0301193 -0.00518066 -0.0116402 -0.0328626 0.00204963 0.00740425 -0.00212788 -0.00582824 -0.0378885 -0.00096471
internal_weight=81.6928 47.6415 34.0513 29.9806 4.07078 22.4874 14.9097 5.29723 9.61245 7.57774 37.727 30.0006 3.05722 26.9434
internal_count=5023 3670 1353 1288 65 879 629 205 424 250 1244 1021 54 967
is_linear=0
shrinkage=0.03


Tree=184
num_leaves=15
num_cat=0
split_feature=3 8 8 7 6 2 1 7 1 3 2 7 1 6
split_gain=3.81621 6.23797 4.51604 3.0333 2.14497 3.1884 2.21236 3.61187 4.82587 3.28962 2.20317 3.30484 3.47931 2.19757
threshold=2.0998566150665288 3.5263450359702748 3.5434727839065157 -0.74980253787793572 8.0005321502685565 31.653620719909672 5.4298472404479989 -0.09488861899690626 6.8716635704040536 9.1286540031433123 25.275936126708988 -0.27005845596702188 14.926133155822756 8.0226259231567401
decision_type=2 2 2 2 2 2 2 2 2 2 2 2 2 2
left_child=-1 3 -3 -2 5 -5 9 10 -9 -6 -8 12 -12 -14
right_child=1 2 -4 4 6 -7 7 8 -10 -11 11 -13 13 -15
leaf_value=-0.024872606117821015 -0.018795467734235266 0.086212322503519012 -0.0090192811438544688 -0.01831822779998207 -0.0089209393579292307 0.026828945134857608 -0.020732263952005361 0.012568682953698921 -0.03722718249582626 0.024440848920130195 -0.032451655797648998 0.01684051657534516 0.016113643032802286 -0.0032635548930137342
leaf_weight=4.7197692876216015 6.5390944897662839 0.28401147457770903 0.42657205392606556 7.8151269645895791 3.1882626838050765 0.7654416481964289 2.1130034413654277 2.155843446031219 3.7047652492765337 7.8555816770531237 1.834859526716168 13.721136344596749 6.5705677780788418 16.516809755237773
leaf_count=1722 1010 26 146 347 84 12 66 102 72 416 28 421 210 322
internal_value=-0.0012682 0.00056128 0.0571916 -0.000759288 0.00127422 -0.0119108 0.0034059 0.000435098 -0.0197476 0.0148686 0.00374071 0.00556809 -0.00104827 0.00269113
internal_weight=78.2108 73.4911 0.710584 72.7805 66.2414 8.58057 57.6608 46.617 5.86061 11.0438 40.7564 38.6434 24.9222 23.0874
internal_count=4984 3262 172 3090 2080 359 1721 1221 174 500 1047 981 560 532
is_linear=0
shrinkage=0.03


Tree=185
num_leaves=15
num_cat=0
split_feature=0 3 0 7 1 0 7 4 1 2 7 6 3 7
split_gain=3.11428 2.67574 2.36581 2.1509 2.26965 4.40833 3.95606 3.14904 2.34107 2.1511 3.94312 2.53828 1.80433 2.69704
threshold=27.757070541381839 30.460403442382816 27.683883666992191 -0.86818149007542045 21.912405967712406 25.571698188781742 -0.24333344562067286 36.466094970703132 15.857508659362795 31.322996139526371 -0.52676163825421463 8.0563325881958026 15.45805883407593 -0.33738634879116763
decision_type=2 2 2 2 2 2 2 2 2 2 2 2 2 2
left_child=2 -2 3 -1 6 -6 8 12 -5 10 -10 -12 13 -7
right_child=1 -3 -4 4 5 7 -8 -9 9 -11 11 -13 -14 -15
leaf_value=-0.024338526033734788 -0.018993136890993658 0.024665033176192827 0.034963663090056253 -0.027521297802433758 0.053465036221708687 -0.025090313913529848 0.0051773084659448706 -0.022744889029320627 -0.0375632057753406 0.019755209475773108 0.01716970077715417 -0.013165432147273158 0.020034023954025402 0.021227769241035491
leaf_weight=1.7425228965003032 9.3624495628755504 0.57066220883280117 0.99279121751896937 4.7521888792980418 1.1384394846390922 1.6534334826283137 40.754593155113987 1.8522978790570039 2.2176089745480558 1.8544231988489617 3.7948614123743019 4.1585651845671237 7.1423901282250881 1.0193956550210717
leaf_count=512 1757 15 39 526 26 108 1375 47 127 79 56 268 86 6
internal_value=0.000494376 -0.0144584 0.0026947 0.0017779 0.002757 0.0136806 0.000133368 0.00588445 -0.0117209 -0.00384343 -0.0095293 0.00160962 0.0128908 -0.00645503
internal_weight=83.0066 9.93311 73.0735 72.0807 70.3382 12.806 57.5322 11.6675 16.7776 12.0255 10.171 7.95343 9.81522 2.67283
internal_count=5027 1772 3255 3216 2704 273 2431 247 1056 530 451 324 200 114
is_linear=0
shrinkage=0.03


Tree=186
num_leaves=15
num_cat=0
split_feature=3 4 7 3 7 4 7 3 0 2 4 5 0 2
split_gain=3.48246 2.45749 3.50606 3.2727 2.57838 2.39752 2.13099 1.77186 3.39764 2.77561 1.73778 3.39037 1.69727 1.63578
threshold=2.0998566150665288 36.070268630981452 -0.46856854824468003 3.9507616758346562 -0.83628631685578114 36.419401168823249 -0.96297177102619191 10.961112976074221 15.947686195373537 24.848701477050785 31.613193511962894 298.60276794433599 14.403277873992922 30.850934982299808
decision_type=2 2 2 2 2 2 2 2 2 2 2 2 2 2
left_child=-1 2 13 5 -5 6 -3 10 -9 -10 11 -4 -12 -2
right_child=1 3 7 4 -6 -7 -8 8 9 -11 12 -13 -14 -15
leaf_value=-0.024660582173411341 -0.030753106917234468 -0.0053100922329230426 0.011598353751175985 -0.019991243646169821 0.0089124542722708918 -0.007758623417756844 0.075621240042119772 0.020305469898664538 -0.036249692019191759 0.00080004398927440139 -0.030336299384559579 -0.028473827022053293 0.0014573002712921063 0.00040075463815037241
leaf_weight=4.5043236318742848 4.5163669784087679 0.21402161079458892 5.892291962169109 2.3095658258534995 17.311584706883878 0.34043615334667265 0.41071461280808108 7.1456483276560894 0.94671399332583206 27.368703869637102 3.6744078192859888 1.6239307969808576 2.1027956355828792 2.0570118906907737
leaf_count=1720 836 81 135 241 284 67 39 333 8 762 120 173 76 184
internal_value=-0.00161898 5.10309e-05 -0.0032479 0.00865698 0.00470579 0.0457128 0.0616921 -0.000291974 0.00322343 -0.00163298 -0.00923898 0.000613639 -0.0202565 -0.0222385
internal_weight=80.4185 75.9142 55.3279 20.5863 19.6212 0.965172 0.624736 48.7545 35.4611 28.3154 13.2934 7.51622 5.7772 6.57338
internal_count=5059 3339 2627 712 525 187 120 1607 1103 770 504 308 196 1020
is_linear=0
shrinkage=0.03


Tree=187
num_leaves=15
num_cat=0
split_feature=7 8 7 4 1 5 8 4 3 1 8 7 8 0
split_gain=5.79347 2.68418 1.86941 3.55862 2.6148 3.56069 2.18191 2.75053 2.6177 1.81885 2.51901 2.27625 1.99227 2.01822
threshold=-0.86818149007542045 0.4937166062529485 -0.059848846139801279 30.063276290893558 14.688235282897951 222.40962219238284 1.0249685865470306 36.614023208618171 26.275712013244632 8.4223213195800799 1.1624850502937873 -0.23347957574403252 1.5300276770176178 17.275522232055668
decision_type=2 2 2 2 2 2 2 2 2 2 2 2 2 2
left_child=-1 -2 4 -4 5 -3 7 -6 -8 12 11 -11 13 -7
right_child=1 2 3 -5 6 9 8 -9 -10 10 -12 -13 -14 -15
leaf_value=-0.027764529697581083 0.018472919763809936 0.013157603994412941 -0.0075682018930932141 0.020418902008889451 0.023891621657238984 0.015998471239421445 0.0020895070987823052 -0.018067063155506779 -0.022970901447674368 -0.026482406757107595 -0.041561796922355357 0.017696392264505034 -0.019242033648348946 -0.022651318069873885
leaf_weight=5.5342877251096061 6.6971882609650484 3.4679620098322657 6.4005969783756873 8.6110178374219668 5.7404080023989073 3.5561703033745271 23.10193677642383 0.99207441182807077 3.450487110996618 0.87430180422961745 3.8348751814337447 1.3955234438180912 4.9192418060265481 0.7034521223977207
leaf_count=1794 289 137 256 301 119 169 961 17 228 20 336 61 242 28
internal_value=-0.000682753 0.00169389 -0.000228944 0.00875847 -0.00293791 -0.0115937 0.0021344 0.0161718 -0.00188261 -0.0176732 -0.0293031 -0.00221538 -0.00781933 0.00652258
internal_weight=79.2795 73.7452 67.048 15.0116 52.0364 18.7515 33.2849 6.73248 26.5524 15.2836 6.1047 2.26983 9.17886 4.25962
internal_count=4958 3164 2875 557 2318 993 1325 136 1189 856 417 81 439 197
is_linear=0
shrinkage=0.03


Tree=188
num_leaves=15
num_cat=0
split_feature=1 8 1 8 7 7 1 8 7 8 5 0 7 6
split_gain=5.29359 2.38499 2.24582 7.36295 6.49509 6.33512 2.44648 3.03128 2.23868 2.02858 4.44289 2.26712 1.67914 3.76912
threshold=25.586273193359379 0.593983574881085 21.912405967712406 3.5263450359702748 -0.23608439396596251 -0.96297177102619191 14.926133155822756 1.0249685865470306 -0.33738634879116763 1.8086429447539116 220.45568847656253 23.381139755249027 -0.37413424563352332 8.0257930755615252
decision_type=2 2 2 2 2 2 2 2 2 2 2 2 2 2
left_child=1 -1 4 12 6 -5 -3 -8 -9 11 -11 -6 13 -4
right_child=-2 2 3 5 9 -7 7 8 -10 10 -12 -13 -14 -15
leaf_value=0.016710721165979946 -0.022743846242924051 -0.034390257388589578 0.011421331280732113 -0.010899338070888076 0.010153922259203734 0.0885166561609355 0.019757862120500201 -0.026474407464745536 0.0020643835201166589 0.017273961108243044 -0.034190571801360092 -0.016831064202982138 0.021814437596889228 -0.02040026361612815
leaf_weight=8.021461511962114 7.5017581770662209 4.7044167821295551 6.3383444328792375 0.56733556091785431 26.689224869478497 0.75071102590300032 1.8054753988981236 5.5590733573771933 3.753971877275041 1.8752121925353993 2.4139112839475274 2.212672406807541 1.9372807461768378 5.1995940511114895
leaf_count=344 1707 513 102 234 882 61 54 470 131 54 167 35 23 317
internal_value=-0.00034686 0.00227245 0.000227508 0.0100866 -0.0028903 0.0594829 -0.018105 -0.00894526 -0.0158861 0.0046803 -0.0126783 0.00759422 0.00147946 -0.00340245
internal_weight=79.3304 71.8287 63.8072 14.7933 49.014 1.31805 15.8229 11.1185 9.31305 33.191 4.28912 28.9019 13.4752 11.5379
internal_count=5094 3387 3043 737 2306 295 1168 655 601 1138 221 917 442 419
is_linear=0
shrinkage=0.03


Tree=189
num_leaves=15
num_cat=0
split_feature=8 2 0 6 6 0 5 2 8 6 4 8 5 4
split_gain=3.00299 2.15697 5.32195 2.08753 2.60308 3.02959 3.97457 2.91182 2.38503 1.84857 1.83742 1.98323 2.16249 1.82701
threshold=1.288162388207748 31.232905387878422 24.418055534362797 8.0254259109497088 8.0276145935058612 26.07581996917725 211.45056915283206 29.435926437377933 2.2853628013616794 8.0521969795227069 35.741561889648445 1.6538148643445292 221.15505981445315 36.570991516113288
decision_type=2 2 2 2 2 2 2 2 2 2 2 2 2 2
left_child=1 13 -3 -2 8 6 7 9 -5 -6 11 -8 -13 -1
right_child=3 2 -4 4 5 -7 10 -9 -10 -11 -12 12 -14 -15
leaf_value=0.011947623376270389 -0.014588723779185355 -0.035033666155774072 0.01303628711544564 0.03139214941398475 0.050735707396259169 -0.025281533696439408 0.0073687834702487673 -0.014886208187544886 -0.014393955224797816 0.0079671219290711991 -0.0202867273553189 0.010322019328945973 -0.026288383839304281 -0.01824082134170199
leaf_weight=26.246921826153997 13.502079944475552 2.6052252352237693 4.0143680404871702 2.72426896169782 1.5543829489033734 4.0079866324085733 9.8882270790636557 0.86324021010659624 0.74520366988144804 2.1106281094253063 4.6680033439770332 1.5643370235338796 3.1486798846162856 1.0585847850888956
leaf_count=889 1862 42 151 34 44 860 263 47 154 33 393 74 137 25
internal_value=-0.000125899 0.00650106 -0.00799721 -0.00517912 -0.000790637 -0.00407249 0.000375013 0.0229086 0.0205376 0.0330934 -0.00578932 -0.000151268 -0.014457 0.0101742
internal_weight=78.7021 33.9251 6.61959 44.777 31.275 27.8055 23.7975 4.52825 3.46947 3.66501 19.2692 14.6012 4.71302 27.3055
internal_count=5008 1107 193 3901 2039 1851 991 124 188 77 867 474 211 914
is_linear=0
shrinkage=0.03


Tree=190
num_leaves=15
num_cat=0
split_feature=7 7 6 2 1 2 6 4 0 7 4 6 7 1
split_gain=5.14758 3.3603 2.12344 2.41363 2.358 2.59994 2.3105 2.9902 1.83744 1.7678 2.59633 1.78315 2.0284 1.72014
threshold=-0.8721508893123876 -0.86275799212702931 8.0126290321350115 31.85965728759766 4.8795616626739511 23.149650573730472 8.0206227302551287 36.419401168823249 16.342008590698246 -0.20627771609803841 30.834199905395511 7.945338487625123 -0.059848846139801279 24.514926910400394
decision_type=2 2 2 2 2 2 2 2 2 2 2 2 2 2
left_child=-1 -2 3 9 8 -6 -7 13 -4 -3 11 -11 -13 -8
right_child=1 2 4 -5 5 6 7 -9 -10 10 -12 12 -14 -15
leaf_value=-0.027424276670525993 0.038308545790906132 -0.030030525527525692 0.022677454819164999 0.025049005502726113 -0.022160967992079152 0.019000312812610984 0.0040010563861979402 -0.02464031472653834 -0.016872726674559302 0.0029856570918639579 0.010648462627619393 0.0011966149959878329 -0.042358642632174509 -0.020846286409792306
leaf_weight=4.9264667192473999 1.1822381014935661 3.1148786018602541 6.5329286917112759 0.72406788216903883 3.1512466452550134 5.6560188457369796 37.769953373237513 3.0334866440389296 0.49088665796443809 2.1860121116042102 4.216891837771982 1.3244967593345793 2.065309988334775 1.6917406264692534
leaf_count=1777 44 437 320 12 242 159 1112 338 32 116 114 68 43 193
internal_value=-0.000525486 0.00163178 0.000512382 -0.00973112 0.0030301 0.000651832 0.00256531 -8.69997e-06 0.018155 -0.013343 -0.00574431 -0.0178759 -0.0289445 0.00244696
internal_weight=78.0666 73.1402 71.9579 13.6317 58.3263 51.3024 48.1512 42.4952 7.02382 12.9076 9.79271 5.57582 3.38981 39.4617
internal_count=5007 3230 3186 790 2396 2044 1802 1643 352 778 341 227 111 1305
is_linear=0
shrinkage=0.03


Tree=191
num_leaves=15
num_cat=0
split_feature=0 3 3 3 5 1 3 4 3 2 1 5 4 1
split_gain=4.28817 3.05009 2.507 1.79575 3.83918 2.09179 2.6639 1.75886 1.7489 1.34288 1.55351 1.25141 2.73392 1.9165
threshold=28.073434829711918 30.460403442382816 2.0998566150665288 8.008735656738283 298.60276794433599 4.8795616626739511 10.322763442993166 36.419401168823249 8.9611806869506854 30.6676778793335 22.421088218688968 204.53318023681643 36.570991516113288 13.429676055908205
decision_type=2 2 2 2 2 2 2 2 2 2 2 2 2 2
left_child=2 -2 -1 4 7 8 -7 9 -5 10 -4 12 -8 -13
right_child=1 -3 3 5 -6 6 11 -9 -10 -11 -12 13 -14 -15
leaf_value=-0.021925265757958924 -0.026732484892772874 0.020890487057988582 0.017186524231005976 -0.0096420010040197436 -0.019297512595986353 -0.021821371231808086 0.017692334706972731 -0.010778737742699215 0.020084475299396633 -0.0080833385048916448 0.0568544490819455 0.0072603722388676316 -0.01982360384430943 -0.0059260573329624269
leaf_weight=2.6703336132923132 6.6761314792092881 0.67365556955337513 3.8368545303819692 1.6129373637959341 1.3775438382290301 3.8584470076020798 7.7937543988227826 0.54460825631394971 7.3896076865494251 0.36322459159418929 1.2792788420338181 15.056089510209857 1.3027245532721279 24.986917032394558
leaf_count=1097 1649 18 150 38 184 100 126 99 378 83 100 515 36 463
internal_value=-2.1746e-05 -0.0203884 0.00230579 0.0035363 0.0165645 0.00174278 -0.000620598 0.0263452 0.014327 0.0311291 0.0347795 0.00144611 0.0108883 -0.000911892
internal_weight=79.4221 7.34979 72.0723 69.402 7.40151 62.0005 52.9979 6.02397 9.00255 5.47936 5.11613 49.1395 9.09648 40.043
internal_count=5036 1667 3369 2272 616 1656 1240 432 416 333 250 1140 162 978
is_linear=0
shrinkage=0.03


Tree=192
num_leaves=15
num_cat=0
split_feature=5 2 5 7 8 7 8 2 3 8 2 1 8 2
split_gain=3.43769 2.08704 2.4971 5.45795 3.45435 2.40506 2.02813 7.27297 5.15287 2.00418 1.93687 3.40337 2.60777 2.10734
threshold=202.38330841064456 21.112796783447269 239.14064788818362 -0.065928167306454996 1.6538148643445292 -0.036036480131971409 3.5263450359702748 29.361582756042484 1.8229560256004336 1.7008658143576416 27.136930465698246 11.798156738281252 1.0392790580146658 30.897665023803714
decision_type=2 2 2 2 2 2 2 2 2 2 2 2 2 2
left_child=-1 5 3 6 -4 -2 10 -8 -9 -7 -3 -12 -13 -14
right_child=1 2 4 -5 -6 9 7 8 -10 -11 11 12 13 -15
leaf_value=-0.016147051753833439 -0.024719031467196929 0.02041343112317015 0.023025577549388027 -0.031784809608530515 -0.021380554480143334 -0.0064657394337594024 -0.017132212481907019 -0.0094896536238119403 0.085931031955086903 0.025456024558469861 -0.02750064138702718 0.015823561715386503 0.0016411555642875746 -0.027191340957153691
leaf_weight=6.9455377457197747 3.4231604764936492 4.8582844829652378 11.534919325262306 2.6876665670424762 1.0096260405844066 4.936506432015447 1.3144339986611151 0.45970984664745607 0.78347960417158902 1.5441090406384317 2.2850621603429309 11.164573506452141 24.960342144360769 1.5024724346585561
leaf_count=1431 566 154 518 43 125 140 462 194 70 85 95 338 715 90
internal_value=0.00265187 0.00464896 0.00667852 0.00350544 0.018137 -0.00760812 0.00612571 0.0280391 0.0621455 0.00352631 0.00428861 0.00187486 0.00432455 -0.000926366
internal_weight=79.4099 72.4643 62.5606 50.016 12.5445 9.90378 47.3284 2.55762 1.24319 6.48062 44.7707 39.9125 37.6274 26.4628
internal_count=5026 3595 2804 2161 643 791 2118 726 264 225 1392 1238 1143 805
is_linear=0
shrinkage=0.03


Tree=193
num_leaves=15
num_cat=0
split_feature=2 5 1 8 8 2 3 2 4 5 2 8 2 1
split_gain=2.98186 3.11542 2.94578 2.92475 3.02727 7.81467 4.8426 2.78127 2.64851 2.0861 1.76738 2.54552 1.90807 1.47024
threshold=21.112796783447269 202.38330841064456 4.4426589012146005 1.1824498976111324 3.5263450359702748 29.361582756042484 1.8229560256004336 29.319467544555668 31.201869964599613 211.45056915283206 28.083174705505375 1.8086429447539116 25.275936126708988 17.175469398498539
decision_type=2 2 2 2 2 2 2 2 2 2 2 2 2 2
left_child=2 -2 8 -3 7 -6 -7 9 -1 -5 11 -11 -13 -12
right_child=1 3 -4 4 5 6 -8 -9 -10 10 13 12 -14 -15
leaf_value=-0.018072460036226787 -0.016112157721315901 0.012489987027268529 -0.033003974392180752 0.017677189493567027 -0.018215789742824385 -0.0093160795040688627 0.083506614388349526 -0.016028853865196244 0.015583611155337483 0.010720054941950108 -0.026369719368222334 -0.034025790768859997 0.010412912107724558 -0.00066251990694390212
leaf_weight=3.2552535933209565 6.9007261680671936 21.49217890156433 3.761732060695067 4.7923059174791005 1.5253361230716103 0.44783716159872689 0.81765185063704848 10.471156818326561 3.1709739230573177 10.020399427507074 3.0785139240324488 1.3996356602292501 0.77876465348526824 4.037343533243984
leaf_count=226 1434 779 473 50 569 193 70 661 104 337 45 31 31 34
internal_value=-0.000786052 0.00162628 -0.0151109 0.00394031 -0.00117428 0.0243474 0.0610454 -0.00386059 -0.00160298 0.00185275 -0.00275046 0.00416795 -0.0198614 -0.013663
internal_weight=75.9498 65.7619 10.188 58.8611 37.3689 2.79083 1.26549 34.5781 6.42623 24.107 19.3147 12.1988 2.1784 7.11586
internal_count=5037 4234 803 2800 2021 832 263 1189 330 528 478 399 62 79
is_linear=0
shrinkage=0.03


Tree=194
num_leaves=15
num_cat=0
split_feature=3 8 2 1 3 0 1 8 2 2 8 2 4 4
split_gain=2.39734 5.40768 5.62719 3.22039 2.08639 1.69413 3.35941 2.18941 1.95016 3.11087 2.02024 2.27567 1.95686 3.16144
threshold=1.8229560256004336 3.5263450359702748 29.361582756042484 24.161375999450687 5.1033663749694833 29.332090377807621 28.272878646850589 0.63076774951037862 28.083174705505375 21.112796783447269 1.4923944052839817 23.939298629760746 31.693459510803226 30.834199905395511
decision_type=2 2 2 2 2 2 2 2 2 2 2 2 2 2
left_child=-1 4 -3 -4 -2 7 -7 -6 9 12 -11 -12 13 -9
right_child=1 2 3 -5 5 6 -8 8 -10 10 11 -13 -14 -15
leaf_value=-0.022396749846136387 -0.022018855711784961 -0.013049639878654068 0.083774944825689646 -0.0064951984805003225 0.013538264919184842 0.038416601754552193 -0.015273152199408779 -0.027451045519295048 -0.0063923664001723449 0.021897053269634724 -0.01925945768936831 0.010884491800001778 -0.028022205622636607 0.014999421524239156
leaf_weight=2.9049882607068858 2.6447049737907937 0.76096669747494061 0.80898980167694368 0.2745918626897037 8.4764568470418435 1.8438915840815746 0.97773822699673463 1.3617426268756414 35.09165294864215 7.7549513392150393 2.3654194097034615 5.8349887048825622 2.4122304196935147 3.7687987920362502
leaf_count=1383 798 246 53 109 364 76 176 57 1003 377 35 135 70 98
internal_value=0.000531075 0.00171183 0.0422877 0.0687611 0.000118905 0.00125544 0.0206839 0.00014617 -0.001986 0.0045867 0.0118716 0.00104117 -0.010409 0.00109239
internal_weight=77.2821 74.3771 1.84455 1.08358 72.5326 69.8879 2.82163 67.0662 58.5898 23.4981 15.9554 8.20041 7.54277 5.13054
internal_count=4980 3597 408 162 3189 2391 252 2139 1775 772 547 170 225 155
is_linear=0
shrinkage=0.03


Tree=195
num_leaves=15
num_cat=0
split_feature=5 4 6 7 8 4 4 7 4 7 8 6 5 7
split_gain=3.00954 2.00774 2.96788 3.98127 2.8162 3.10456 3.10284 2.42803 3.06981 2.56744 2.79395 2.12035 2.61432 1.88935
threshold=200.63757324218753 35.047506332397468 8.0231103897094744 -0.29034235845436052 1.8086429447539116 33.896492004394538 34.487201690673835 0.18177144402117329 29.331339836120609 -0.15620094809238536 1.4812629242729896 7.945338487625123 297.33053588867193 -0.23347957574403252
decision_type=2 2 2 2 2 2 2 2 2 2 2 2 2 2
left_child=-1 4 -3 -4 6 -6 7 9 11 10 -2 -9 -13 -8
right_child=1 2 3 -5 5 -7 13 8 -10 -11 -12 12 -14 -15
leaf_value=-0.023021856494001312 0.0063003968847895001 0.027273136455315844 -0.0025256072907119411 0.024574884287234644 -0.027939016429398101 0.015093128852080374 -0.03737440327884764 0.0028070252396319084 0.011845640156083529 0.016299929450870144 -0.024582775756804669 -0.054693607100236623 0.0052917415817171978 0.00080919738957888727
leaf_weight=3.0105670960620037 9.7963731440249813 5.721824579639363 18.520450293202892 5.5506812230450988 4.7669654319761312 1.3273635250516234 1.6072142482735219 1.3917184080928557 2.58812565356493 17.23600045195781 2.4913231462705872 1.4179975707083943 0.67249355651438225 2.0353145571425548
leaf_count=937 300 168 1174 145 1071 104 45 76 104 602 201 21 39 68
internal_value=0.00236246 0.00366879 0.00958032 0.00445458 -0.000339382 -0.0177601 0.0027406 0.00560909 -0.0104919 0.00915487 -0.00133996 -0.0260329 -0.0399285 -0.0204602
internal_weight=78.1344 75.1238 29.793 24.0711 45.3309 6.09433 39.2366 35.594 6.07034 29.5237 12.2877 3.48221 2.09049 3.64253
internal_count=5055 4118 1487 1319 2631 1175 1456 1343 240 1103 501 136 60 113
is_linear=0
shrinkage=0.03


Tree=196
num_leaves=15
num_cat=0
split_feature=3 8 0 7 7 5 7 8 4 4 8 7 5 4
split_gain=2.24887 4.87975 5.31987 3.82007 2.77402 2.03307 2.85145 3.20536 2.74587 2.33164 2.16265 1.97396 1.96392 2.82605
threshold=1.8229560256004336 3.5263450359702748 25.402397155761722 -0.96297177102619191 -0.8721508893123876 204.39053344726565 -0.42492168740723707 1.0249685865470306 29.331339836120609 36.586656570434577 1.1824498976111324 0.13303027820605126 215.87665557861331 33.302482604980476
decision_type=2 2 2 2 2 2 2 2 2 2 2 2 2 2
left_child=-1 4 -3 -4 -2 9 7 -7 11 -6 -10 -8 -12 -14
right_child=1 2 3 -5 5 6 8 -9 10 -11 12 -13 13 -15
leaf_value=-0.022208961423560509 -0.025752070771200442 -0.013345050572996725 -0.0077387635345374092 0.082236209512045799 0.016676737891847988 0.016213833584939188 0.0030491660144888696 -0.023381574462592213 0.015154452500107076 -0.01855372231280961 0.012866233583053197 -0.024985204932561775 0.0031833248819756873 -0.018593833625517565
leaf_weight=2.8124393356265491 2.6177637027576557 0.79182181635405768 0.34582447994034737 0.82864823448471703 10.555894703604279 1.5770358284935264 3.573562973761006 7.5864464185433462 11.894126395229248 1.1314734653569747 7.4519274993799653 4.3542819756548852 15.790824122028427 6.9493247204227364
leaf_count=1383 823 257 141 31 348 61 140 333 534 31 124 171 526 130
internal_value=0.00028215 0.00140007 0.0391243 0.0643678 -0.000121105 0.00117087 -0.00114699 -0.0156424 0.00176339 0.0120725 0.00486908 -0.0134223 0.000461229 -0.00397461
internal_weight=78.2614 75.449 1.96629 1.17447 73.4827 70.8649 59.1775 9.16348 50.014 11.6874 42.0862 7.92784 30.1921 22.7401
internal_count=5033 3650 429 172 3221 2398 2019 394 1625 379 1314 311 780 656
is_linear=0
shrinkage=0.03


Tree=197
num_leaves=15
num_cat=0
split_feature=7 2 5 7 8 5 5 5 6 3 7 8 7 2
split_gain=3.76145 3.33266 2.82897 2.71986 2.08754 2.34894 1.58753 1.2141 2.60655 1.97487 4.08228 2.53819 3.30526 1.77277
threshold=-0.8721508893123876 21.112796783447269 283.84718322753912 -0.86275799212702931 1.2373229125795089 202.47442626953128 298.60276794433599 204.39053344726565 8.0360350608825701 16.326181411743168 -0.17130062248158404 1.3659066999880378 -0.26085100719133819 21.552042961120609
decision_type=2 2 2 2 2 2 2 2 2 2 2 2 2 2
left_child=-1 2 -2 -3 5 -5 -4 -6 13 -10 11 -11 -13 -9
right_child=1 3 6 4 7 -7 -8 8 9 10 -12 12 -14 -15
leaf_value=-0.024627638432155541 -0.033886062279800858 0.037098752118821049 0.008581497903551805 -0.017374395569444367 0.0089304759812883806 0.011680684579342656 -0.020532951736072495 0.011692211407412034 0.0068231264475302929 0.012117548815636859 -0.046522070922665054 -0.030929137833409837 0.016795849408090015 -0.030803752932307193
leaf_weight=4.3714731086511156 3.1005523568019253 1.1571394326165307 4.1896352649200708 1.8976662892382616 6.2350376136600962 23.967026456492022 1.4987071041250599 0.53615768870804714 13.350788047420794 5.119796669110654 1.2095893491059531 2.9227640382014202 1.1921659158542763 3.6366072576493025
leaf_count=1798 430 37 106 64 313 835 214 23 836 45 46 57 21 203
internal_value=-0.000426818 0.00140974 -0.0148865 0.00395074 0.00271513 0.00898156 -0.00101236 -0.00214415 -0.00483614 -0.00061419 -0.00988667 -0.00101141 -0.0165219 -0.0241387
internal_weight=74.3851 70.0136 8.78889 61.2247 60.0676 25.8647 5.68834 34.2029 27.9679 23.7951 10.4443 9.23473 4.11493 4.17276
internal_count=5028 3230 750 2480 2443 899 320 1544 1231 1005 169 123 78 226
is_linear=0
shrinkage=0.03


Tree=198
num_leaves=15
num_cat=0
split_feature=0 0 8 2 7 0 7 2 0 8 2 4 0 2
split_gain=3.23672 2.18162 2.69177 2.3195 2.28405 3.36958 2.74067 2.25921 1.86418 1.99483 2.27196 1.85821 1.80448 1.79816
threshold=28.073434829711918 27.587202072143558 0.4937166062529485 30.596264839172367 -0.22263841950874649 23.513851165771488 0.1762297520048994 30.621387481689457 9.7323832511901873 1.1974809397290773 28.355131149291996 31.655437469482425 17.787016868591312 31.322996139526371
decision_type=2 2 2 2 2 2 2 2 2 2 2 2 2 2
left_child=1 2 -1 -3 5 -4 8 -7 -6 -10 11 -11 -13 -9
right_child=-2 3 4 -5 6 7 -8 13 9 10 -12 12 -14 -15
leaf_value=0.018439300751782434 -0.019424708766288105 -0.0056174421956042622 -0.025218039079103888 0.032929431872842078 -0.017597965236944259 0.003501489565957572 -0.014653995773184679 -0.027609284108258837 0.022127457841427389 0.024281006230606434 -0.020303437748490642 -0.0063494539842577427 0.016936731664553305 0.0081388306222535331
leaf_weight=5.256607840768992 6.5317183553706846 1.8391400190303091 6.7839514183579004 2.7537093127612025 1.5628514611162341 16.261607721680779 5.2778059509582809 3.4316453703213474 6.9750368800014284 3.5377815114334252 2.0554129239171735 8.0497625952120853 3.4848051273729643 1.2448633424937723
leaf_count=268 1663 175 836 39 89 674 250 195 296 115 27 261 113 43
internal_value=-0.000752156 0.00128177 -0.000285825 0.0192494 -0.00224458 -0.00835381 0.00331883 -0.00198935 0.00742565 0.00968461 0.00367632 0.00800622 0.00147567 -0.0183359
internal_weight=75.0467 68.515 63.9221 4.59285 58.6655 27.7221 30.9435 20.9381 25.6657 24.1028 17.1278 15.0723 11.5346 4.67651
internal_count=5044 3381 3167 214 2899 1748 1151 912 901 812 516 489 374 238
is_linear=0
shrinkage=0.03


Tree=199
num_leaves=15
num_cat=0
split_feature=3 8 2 8 3 3 3 8 8 2 0 5 6 6
split_gain=2.14734 4.93534 5.10598 3.0162 2.94221 2.94755 2.41243 2.10197 2.59373 2.07843 1.96121 1.91925 1.88426 2.83382
threshold=1.8229560256004336 3.5263450359702748 29.361582756042484 1.8972533837704895 15.768541336059572 11.531388759613039 20.48575592041016 0.83928674783186563 1.1974809397290773 30.715359687805179 27.723476409912113 227.14627838134768 7.9680233001708993 8.0149731636047381
decision_type=2 2 2 2 2 2 2 2 2 2 2 2 2 2
left_child=-1 3 -3 4 5 -2 7 -6 -9 -5 -4 -10 -8 -14
right_child=1 2 10 9 6 -7 12 8 11 -11 -12 -13 13 -15
leaf_value=-0.021966210089282297 0.0028499807078360383 -0.013037893911781675 0.073292387125366773 -0.020889382997139733 -0.042191587252204593 0.026802910874179083 0.025021855860263433 0.018655670344639441 0.002019707330044571 0.0095577166413327568 -0.004950909300719634 -0.042750060854179324 -0.020046609298556409 0.0026802630567257998
leaf_weight=2.7006646376103154 12.82762676139828 0.75952891958877344 0.97856996860355117 8.0391333129955438 1.3122892351821054 6.4833630863577119 1.6941554015502323 1.5973972743377092 1.50589533476159 1.9578610751777876 0.19688183767721057 0.77916690241545428 4.8872165179345748 29.692962442757562
leaf_count=1409 355 250 66 1030 74 365 34 90 54 225 95 32 167 792
internal_value=0.000338284 0.00145348 0.0395737 -0.000125516 0.00245293 0.0118155 -0.0020825 -0.0193876 -0.00461696 -0.0145996 0.0639354 -0.0216125 0.000849358 -0.00100487
internal_weight=75.4127 72.712 1.93498 70.7771 60.7801 19.311 41.4691 5.19475 3.88246 9.99699 1.17545 2.28506 36.2743 34.5802
internal_count=5038 3629 411 3218 1963 720 1243 250 176 1255 161 86 993 959
is_linear=0
shrinkage=0.03


Tree=200
num_leaves=15
num_cat=0
split_feature=1 8 2 3 8 0 2 0 2 2 5 2 0 2
split_gain=3.10606 2.63976 2.50564 2.92516 2.07021 2.50711 3.2214 2.00655 1.89898 1.46769 1.88632 2.4563 4.40683 1.98309
threshold=25.586273193359379 0.52123846306764754 31.193352699279789 23.791047096252445 1.2510358432231932 27.587202072143558 30.664455413818363 9.7323832511901873 31.322996139526371 16.427570343017582 223.52202606201175 29.435926437377933 23.745889663696293 28.167332649230961
decision_type=2 2 2 2 2 2 2 2 2 2 2 2 2 2
left_child=1 -1 4 -4 7 9 -7 -3 -5 -6 11 -11 -13 -12
right_child=-2 2 3 8 5 6 -8 -9 -10 10 13 12 -14 -15
leaf_value=0.017009325274626379 -0.021021146541147791 -0.021752335604822069 -0.050772409365843575 -0.024449480306259087 0.015815009162345399 -0.015423167697215833 0.037488217575994937 0.010265437878452679 0.011538576948967608 0.0049654721337648736 -0.011232315466830874 0.023109155451111588 -0.027673475321446903 -0.048664657487795172
leaf_weight=6.2049076324328771 6.120379395550116 1.0062886967789406 0.98158270120620628 1.2482722084969284 1.6010627291398112 0.96329640003386829 1.7351223398 18.021318003069609 2.2510857167653739 14.476779407123106 13.661655957694162 1.2147158086299885 5.1259967405349016 0.60048191249370653
leaf_count=305 1685 45 10 19 106 122 21 539 61 664 1022 3 445 14
internal_value=-0.00215517 -0.000207915 -0.00214633 -0.0215412 -0.000320806 -0.00422691 0.0195366 0.00757058 -0.00387971 -0.00644716 -0.00787339 -0.00190205 -0.0161221 -0.0158937
internal_weight=75.2129 69.0926 62.8877 4.48094 58.4067 39.3791 2.69842 19.0276 3.49936 36.6807 35.0796 20.8175 6.34071 14.2621
internal_count=5061 3376 3071 90 2981 2397 143 584 80 2254 2148 1112 448 1036
is_linear=0
shrinkage=0.03


Tree=201
num_leaves=15
num_cat=0
split_feature=4 7 4 0 3 7 7 1 3 5 4 2 2 7
split_gain=2.55179 4.92932 3.4416 2.92506 2.81571 2.89635 2.5359 2.25941 3.09927 3.03069 2.46323 1.94668 1.69594 1.69118
threshold=36.08537673950196 -0.46856854824468003 36.614023208618171 25.081840515136722 3.9507616758346562 -0.96297177102619191 -0.86275799212702931 5.4298472404479989 9.1286540031433123 223.52202606201175 24.555891990661625 30.850934982299808 30.877742767333988 -0.29034235845436052
decision_type=2 2 2 2 2 2 2 2 2 2 2 2 2 2
left_child=1 11 3 13 5 -5 -6 8 -3 -9 -11 -1 -13 -2
right_child=2 7 -4 4 6 -7 -8 9 -10 10 -12 12 -14 -15
leaf_value=-0.031812245722737754 -0.027053879071292548 -0.0055106697236145261 -0.021995772917543319 -0.0087284037744988462 -0.020680338788721556 0.061058421163867102 0.015433681877233122 0.0056527737129443067 0.021563397506493609 0.014575608254353807 -0.016387127543739888 0.026523512349251866 -0.01403654549058457 0.013175303797775009
leaf_weight=5.5042122693266711 1.5683920092415067 5.9275490908185011 1.9262176051270206 0.40843498101457942 1.1051268792944089 1.2344042665790791 14.208372614113605 16.20971445296891 8.1819782149977964 1.9210117515176559 14.494722973904571 0.48352711636107404 1.4842174530494956 0.73385900864378228
leaf_count=1688 232 309 294 199 189 69 275 457 444 35 579 12 173 13
internal_value=0.000623697 -0.0028379 0.00920977 0.0132626 0.0175605 0.0469706 0.0117195 0.000958696 0.0105774 -0.00339195 -0.0121349 -0.0238947 0.00150906 -0.014124
internal_weight=75.3917 54.2069 21.1848 19.2586 16.9563 1.64284 15.3135 46.735 14.1095 32.6254 16.4157 7.47196 1.96774 2.30225
internal_count=4968 3697 1271 977 732 268 464 1824 753 1071 614 1873 185 245
is_linear=0
shrinkage=0.03


Tree=202
num_leaves=15
num_cat=0
split_feature=5 6 1 2 5 8 8 5 2 8 6 3 2 6
split_gain=2.97707 2.15591 1.85728 5.81101 3.83521 2.55605 5.51636 2.94198 2.37846 2.41218 1.80453 1.78113 5.80655 1.81777
threshold=202.38330841064456 8.1019229888916033 4.8299019336700448 24.848701477050785 297.33053588867193 3.5263450359702748 3.6645273918853696 210.8159103393555 28.083174705505375 1.0249685865470306 8.0950045585632342 23.791047096252445 31.283516883850101 8.0871086120605487
decision_type=2 2 2 2 2 2 2 2 2 2 2 2 2 2
left_child=-1 2 4 -4 -2 8 7 -7 10 11 -5 12 13 -10
right_child=1 -3 3 5 -6 6 -8 -9 9 -11 -12 -13 -14 -15
leaf_value=-0.018451760319735253 0.023227672498034695 0.022972107275271395 -0.024841052703190758 0.023327333710837596 -0.013040966209303589 0.067780440095293507 -0.016071803552330885 -0.007869675382172309 0.022538432774516181 -0.0077268541206572776 -0.010558174665054819 0.014515911019875549 -0.047372242766155093 -0.018967932973780171
leaf_weight=6.0608479288639492 6.9892421165714023 3.1467741364613167 7.2511604698374859 5.0522479829378417 3.1285660602152348 1.0774106495082372 1.1419444506755096 0.35053077782504249 2.8578633759170766 25.644113078480586 1.2054294757544992 9.1548943305388075 1.0796653740108011 0.42677316814661015
leaf_count=1457 315 207 688 182 233 99 493 87 139 834 56 234 17 22
internal_value=0.000109729 0.00199372 0.000652757 -0.00157203 0.0118486 0.00237908 0.0268229 0.0536173 0.000448045 -0.0024176 0.0162445 0.0074919 -0.00720153 0.0139772
internal_weight=74.5675 68.5066 65.3598 55.242 10.1178 47.9909 2.56989 1.42794 45.421 39.1633 6.25768 13.5192 4.3643 3.28464
internal_count=5063 3606 3399 2851 548 2163 679 186 1484 1246 238 412 178 161
is_linear=0
shrinkage=0.03


Tree=203
num_leaves=15
num_cat=0
split_feature=3 8 6 7 7 5 7 3 8 4 6 7 8 6
split_gain=2.16315 4.00633 4.24128 3.12884 2.70643 2.09313 2.37089 3.36186 2.13267 1.90692 1.62448 3.61012 2.0506 3.08058
threshold=1.8229560256004336 3.5263450359702748 8.0521969795227069 -0.96297177102619191 -0.8721508893123876 204.53318023681643 -0.42492168740723707 24.925055503845218 1.2510358432231932 36.570991516113288 8.0209102630615252 -0.20627771609803841 1.1824498976111324 8.088682174682619
decision_type=2 2 2 2 2 2 2 2 2 2 2 2 2 2
left_child=-1 4 3 -3 -2 9 7 -7 -9 -6 11 -8 13 -12
right_child=1 2 -4 -5 5 6 10 8 -10 -11 12 -13 -14 -15
leaf_value=-0.021402377851089113 -0.025176554625410612 -0.0076381088497501949 -0.012617194147789395 0.072376766795481579 0.018085743829975028 -0.032129339373280615 -0.032378000519357394 0.016533278231699786 -0.019740093553918484 -0.01597318580025809 0.026124836475427786 0.0025636059222309071 0.0015242650261144042 -0.010194929569849298
leaf_weight=2.4616584482137105 2.2976335783023378 0.33980044932104647 0.71727629902306933 0.9769257495645427 9.9699647077359224 3.5433999998494974 2.4939632826717562 3.041435909923166 1.3076300376560537 0.92478014715015966 7.1772763589397055 10.64776242955122 25.661116133909672 2.2211003005504608
leaf_count=1373 814 145 247 34 344 248 143 76 59 30 373 377 566 162
internal_value=0.00180764 0.00289361 0.0366456 0.0573438 0.00139549 0.00266378 0.000235602 -0.0140244 0.00397553 0.0140949 0.00280811 -0.00588806 0.00614068 0.0173865
internal_weight=73.7817 71.3201 2.034 1.31673 69.2861 66.9884 56.0937 7.89247 4.34907 10.8947 48.2012 13.1417 35.0595 9.39838
internal_count=4991 3618 426 179 3192 2378 2004 383 135 374 1621 520 1101 535
is_linear=0
shrinkage=0.03


Tree=204
num_leaves=15
num_cat=0
split_feature=7 8 1 1 7 1 7 8 7 1 1 2 8 2
split_gain=3.1399 2.01904 2.0308 1.81309 1.60868 6.23644 2.31523 2.57895 2.39083 2.34716 2.15579 1.65067 1.38543 3.36699
threshold=-0.8721508893123876 0.52123846306764754 27.211273193359379 28.272878646850589 -0.23347957574403252 15.681722164154055 -0.29034235845436052 1.418025689609385 -0.47774201667303767 22.421088218688968 22.575560569763187 27.628327369689945 1.8086429447539116 25.275936126708988
decision_type=2 2 2 2 2 2 2 2 2 2 2 2 2 2
left_child=-1 -2 4 -4 5 11 7 8 -7 -9 -11 -3 -6 -14
right_child=1 2 3 -5 12 6 -8 9 -10 10 -12 -13 13 -15
leaf_value=-0.024217921146925055 0.015592579356542201 -0.010094193581547336 0.03008707099156235 -0.012137903440237817 0.0047792659347286751 -0.0055600848635484305 0.020295059715832942 -0.030817024302604863 0.019447937886967009 0.032142440199921601 -0.0090972241195364113 -0.045947900828826216 -0.032066866942396299 0.014616458122449787
leaf_weight=4.0046739546814925 6.0715689845383158 2.6331021516816682 2.215627136174589 0.65048217936418939 26.79937306558714 7.7225526347756386 3.1081890185596412 3.7421114882454258 4.7729710785206461 0.39238259033299971 5.3750703864498064 2.9887576969340444 2.1390243415953587 1.6993418526835737
leaf_count=1802 308 495 183 110 921 133 69 416 63 5 292 44 174 49
internal_value=-0.00125796 0.000371045 -0.00128458 0.0198431 -0.00257355 -0.00731608 -0.000468285 -0.00415579 0.00472559 -0.0151651 -0.00195655 -0.0332155 0.00226491 -0.0126497
internal_weight=74.3152 70.3106 64.239 2.86611 61.3729 30.7351 25.1133 22.0051 12.4955 9.50956 5.76745 5.62186 30.6377 3.83837
internal_count=5064 3262 2954 293 2661 1517 978 909 196 713 297 539 1144 223
is_linear=0
shrinkage=0.03


Tree=205
num_leaves=15
num_cat=0
split_feature=6 1 1 1 8 6 7 6 3 7 7 4 7 8
split_gain=2.64698 2.20806 3.41519 2.32219 2.28129 3.3132 2.12369 1.87896 1.75435 1.94948 2.74764 1.70617 1.63033 1.57416
threshold=8.0986208915710467 4.7317545413970956 13.991095066070558 2.0734214782714848 0.83928674783186563 8.0175204277038592 -0.23347957574403252 8.0231103897094744 24.490550041198734 -0.8721508893123876 -0.86275799212702931 36.570991516113288 -0.17717229448993888 1.3659066999880378
decision_type=2 2 2 2 2 2 2 2 2 2 2 2 2 2
left_child=1 3 6 -1 11 -6 -3 -7 9 -9 -11 -4 -8 -12
right_child=-2 2 4 -5 5 7 12 8 -10 10 13 -13 -14 -15
leaf_value=-0.018174246444362475 0.020440022941770285 -0.035397358328151315 0.016952238077446714 0.017470736722396973 -0.028165728254175845 0.018162070103311074 0.013403647296593987 -0.020586009662201411 -0.016440891403746147 0.037498724431626385 0.012785104458560253 -0.016058962254295789 -0.012780694355696743 -0.0051259260622945162
leaf_weight=1.1757938618538881 4.1055515697225919 2.8010874023893875 8.6475232699885929 7.6005079420283437 3.2030404518591231 3.5291913022520047 1.703773426939734 2.1442673002602559 5.4113525544526047 1.0781800113618398 5.6752436701208415 0.84076757263392288 12.381677733501416 12.07426266861148
leaf_count=195 258 327 222 318 659 538 105 1012 162 25 60 21 395 677
internal_value=-0.000412702 -0.00194377 -0.00405605 0.0113247 0.000550018 -0.00322444 -0.015058 0.000271033 -0.00269804 0.00143488 0.00485458 0.0127748 -0.00893488 0.000977412
internal_weight=72.3722 68.2667 59.4904 8.7763 42.6038 33.1155 16.8865 29.9125 26.3833 20.972 18.8277 9.48829 14.0855 17.7495
internal_count=4974 4716 4203 513 3376 3133 827 2474 1936 1774 762 243 500 737
is_linear=0
shrinkage=0.03


Tree=206
num_leaves=15
num_cat=0
split_feature=7 0 8 3 7 2 7 2 2 5 8 7 4 2
split_gain=2.42428 3.94999 2.12145 5.75452 2.55316 2.24756 2.85134 2.08496 3.6621 1.78275 2.70849 2.93221 2.3615 2.07526
threshold=-0.22263841950874649 23.465261459350589 3.5263450359702748 1.8229560256004336 -0.81388282955523861 29.361582756042484 -0.96297177102619191 28.471076965332035 28.737101554870609 204.53318023681643 0.63076774951037862 -0.52676163825421463 36.525604248046882 31.47006988525391
decision_type=2 2 2 2 2 2 2 2 2 2 2 2 2 2
left_child=1 -1 4 -4 -3 -5 -7 -2 -9 12 -11 13 -6 -12
right_child=7 2 3 5 9 6 -8 8 -10 10 11 -13 -14 -15
leaf_value=-0.024773809760099599 0.010609522814888611 -0.022921266398425282 -0.017785148030239194 -0.0072722465180295719 0.017080035778915821 -0.006921413694372657 0.073426484268033748 -0.041320553071265871 0.0034623408360748621 0.020723523836977949 -0.034404621887279233 -0.00037098522772137669 -0.015171982853051533 0.0106983814839763
leaf_weight=6.26371742831543 23.810865250648931 3.8800963896792373 1.4439231565920629 0.31651437794789661 7.9768074613530242 0.29852078971453 0.94742710259743024 1.0837265285663287 7.1850119759328663 2.1372723691165474 3.9724113566335317 10.264477346325288 1.8032193100079892 0.63592449575662602
leaf_count=858 1071 1040 789 96 264 137 21 30 204 106 226 158 40 22
internal_value=0.000173728 -0.00470891 -0.000370118 0.0202091 -0.00296177 0.0485592 0.0596653 0.00621138 -0.00623185 0.000649799 -0.0051491 -0.00993845 0.0102777 -0.0273828
internal_weight=72.0199 39.9403 33.6766 3.00639 30.6702 1.56246 1.24595 32.0796 8.26874 26.7901 17.0101 14.8728 9.78003 4.60834
internal_count=5062 3757 2899 1043 1856 254 158 1305 234 816 512 406 304 248
is_linear=0
shrinkage=0.03


Tree=207
num_leaves=15
num_cat=0
split_feature=8 0 1 1 1 8 7 7 2 6 8 1 6 5
split_gain=1.98761 1.76803 3.38644 2.56695 2.62239 4.196 3.49798 2.94671 1.85778 1.79643 1.94405 2.01726 1.69848 2.90452
threshold=0.63076774951037862 29.332090377807621 28.272878646850589 26.046833992004398 21.912405967712406 3.5263450359702748 -0.96297177102619191 -0.45708148150874789 31.47006988525391 8.0005321502685565 1.2373229125795089 5.4298472404479989 8.0986208915710467 223.89811706542972
decision_type=2 2 2 2 2 2 2 2 2 2 2 2 2 2
left_child=-1 3 -3 4 7 -6 -7 8 -2 -9 -11 -12 13 -13
right_child=1 2 -4 -5 5 6 -8 9 -10 10 11 12 -14 -15
leaf_value=0.014509802431732229 -0.034705355882013851 0.036930850966220827 -0.015687050117079736 -0.026510510163187142 0.0027112188204668681 -0.010143611365393839 0.06138343552403791 -0.015394838655837791 0.010591440913699436 0.011824192343806203 0.010501270876845362 -0.0028589293632616951 0.013514759170322556 -0.029372815710889101
leaf_weight=7.5932797775603822 3.0150306201539929 1.8674844279885285 1.0672331691021097 2.6411214447580269 12.636775726568883 0.50833482888992865 1.1924445088952769 6.0304840807802966 0.53041591122746456 9.8622612189501506 6.1273978791432482 11.965644359937874 1.9939817064441729 4.5668387056794009
leaf_count=372 561 88 433 1038 505 255 63 308 17 408 198 437 101 230
internal_value=0.000959788 -0.000846197 0.0186722 -0.00206985 -0.000537599 0.0101875 0.044165 -0.00417371 -0.0270895 -0.00156614 0.00121538 -0.00332394 -0.00820008 -0.0114406
internal_weight=71.5987 64.0054 2.93472 61.0707 58.4296 14.3376 1.70078 44.0921 3.54545 40.5466 34.5161 24.6539 18.5265 16.5325
internal_count=5014 4642 521 4121 3083 823 318 2260 578 1682 1374 966 768 667
is_linear=0
shrinkage=0.03


Tree=208
num_leaves=15
num_cat=0
split_feature=1 4 7 6 0 4 0 8 0 4 0 2 4 7
split_gain=3.02664 2.33811 3.56919 2.78961 3.07457 3.70838 3.11253 1.93079 2.07996 1.83651 2.80729 2.8545 2.63386 2.39339
threshold=26.046833992004398 36.070268630981452 -0.42492168740723707 8.0231103897094744 26.275093078613285 36.198125839233406 25.315677642822269 1.7330639496180922 16.916355133056644 34.120470046997077 24.107849121093754 27.628327369689945 29.076217651367191 -0.23347957574403252
decision_type=2 2 2 2 2 2 2 2 2 2 2 2 2 2
left_child=1 2 -1 -3 6 -6 -5 9 -9 12 11 -11 -4 -13
right_child=-2 3 7 4 5 -7 -8 8 -10 10 -12 13 -14 -15
leaf_value=-0.029091524166093573 -0.019802992152962117 0.027817842198033505 -0.0083721035912222887 -0.011563548363143189 0.014692179171420346 -0.026015724065864249 0.024429734060777558 -0.02658863688671571 0.00673276624226243 0.017611992254346131 0.018901078523132976 -0.034477413088343019 0.012695590018530618 -0.0018233534958253393
leaf_weight=2.9741769112879402 5.3433345291996366 4.8381460347445708 6.4031704149674651 2.3820870572235417 2.44744563254062 4.2472966882633045 6.2449374968418851 3.3756962777115396 2.2003614669665694 1.3426110781729201 2.1102211624383918 3.9923409745097147 19.812517456244677 3.5908152423799051
leaf_count=567 1580 110 242 330 79 446 161 313 171 41 51 54 753 108
internal_value=2.70326e-06 0.00187887 -0.00189337 0.0101336 0.00318723 -0.0111585 0.0143225 0.000616082 -0.0144154 0.00318412 -0.00668405 -0.0140277 0.00743127 -0.0210288
internal_weight=71.3052 65.9618 45.8019 20.1599 15.3218 6.69474 8.62702 42.8277 5.57606 37.2517 11.036 8.92577 26.2157 7.58316
internal_count=5006 3426 2300 1126 1016 525 491 1733 484 1249 254 203 995 162
is_linear=0
shrinkage=0.03


Tree=209
num_leaves=15
num_cat=0
split_feature=3 8 6 6 2 1 0 2 6 2 8 5 8 3
split_gain=1.84698 1.67906 2.64695 2.11717 1.62064 1.41221 2.59898 1.77691 1.97138 2.07706 2.73005 2.04157 1.78881 1.61277
threshold=3.946269273757935 2.6804179101411365 8.023318290710451 8.0530109405517596 30.664455413818363 4.4426589012146005 10.537119388580324 21.112796783447269 7.9680233001708993 31.150725364685062 0.593983574881085 221.15505981445315 1.6423391719235461 26.275712013244632
decision_type=2 2 2 2 2 2 2 2 2 2 2 2 2 2
left_child=-1 5 4 -4 -3 6 -2 12 -9 13 -11 -12 -7 -10
right_child=1 2 3 -5 -6 7 -8 8 9 10 11 -13 -14 -15
leaf_value=-0.016329199292376636 -0.0060332219680769806 -0.0059659082858705892 -0.018642349426197448 0.021303046491819196 0.057255770686628564 -0.032403039811769285 0.024820327914389931 0.023085622806597841 0.0029210340876688052 0.0082933276895206971 -0.0062806554323992922 -0.044459185398615632 0.007163371306664796 -0.012743540745757299
leaf_weight=5.0743831761647007 4.0758054819889349 0.24702552764210794 1.5760402978630739 1.2261659770738331 0.63485139992553741 2.1691070646047588 4.1783307450823486 2.0063489535823456 39.229642589343712 2.3995568603277198 2.840918117435649 2.010072153294459 1.0665292431367559 5.9371904546860597
leaf_count=2207 170 120 387 7 26 22 247 46 1131 99 142 18 45 334
internal_value=-0.000460528 0.000911373 0.0182673 -0.000157626 0.0457868 -0.0003172 0.0105795 -0.00203087 -0.000563729 -0.00188417 -0.0157269 -0.0269952 -0.020749 0.000630491
internal_weight=74.672 69.5976 3.68408 2.80221 0.881877 65.9135 8.25414 57.6594 54.4237 52.4174 7.25055 4.85099 3.23564 45.1668
internal_count=5001 2794 540 394 146 2254 417 1837 1770 1724 259 160 67 1465
is_linear=0
shrinkage=0.03


Tree=210
num_leaves=15
num_cat=0
split_feature=3 3 8 8 4 4 7 5 4 6 4 6 0 6
split_gain=2.70317 2.81228 3.69454 2.33421 1.77909 2.5262 4.66758 4.08284 2.32203 2.18775 1.76817 1.64137 1.8882 1.57903
threshold=26.275712013244632 2.0998566150665288 3.5263450359702748 3.5434727839065157 29.787719726562504 31.927421569824222 -0.17130062248158404 227.14627838134768 36.226156234741218 8.0986208915710467 24.555891990661625 8.0201325416564959 28.073434829711918 8.0552215576171893
decision_type=2 2 2 2 2 2 2 2 2 2 2 2 2 2
left_child=1 -1 4 -4 10 6 -6 8 -7 -9 -3 12 -2 -12
right_child=11 2 3 -5 5 7 -8 9 -10 -11 13 -13 -14 -15
leaf_value=-0.02253007592026731 0.01320190543181036 0.0052906826482578793 0.060132111675794929 -0.0077992697083304674 -0.020946764127053544 0.0080381476125551549 0.024613611493799731 -0.029148687778935912 -0.01412715329944305 0.0057932723023481391 -0.025865026970900453 -0.02674407348690926 -0.019930333079111014 0.011688845523615073
leaf_weight=2.9702252430142826 2.5920645939186198 3.7248969979118538 0.61238604516256501 0.34810681303497404 1.706065332982688 29.247820926248096 9.3079729566816223 4.531877164496108 4.0175254092318928 1.867123221978545 4.3298442082013935 4.1035378468222916 1.7244805775117127 0.6309936400502919
leaf_count=1702 37 163 30 136 218 1221 383 171 252 102 141 209 227 51
internal_value=-0.00021343 0.00198846 0.00354339 0.0440919 0.00216776 0.00434706 0.0164002 0.000679125 0.00502704 -0.0195482 -0.00968375 -0.0152193 -0.00129364 -0.0199288
internal_weight=71.7149 63.2948 60.3246 0.960493 59.3641 50.6784 11.014 39.6643 33.2653 6.399 8.68573 8.42008 4.31655 4.96084
internal_count=5043 4570 2868 166 2702 2347 601 1746 1473 273 355 473 264 192
is_linear=0
shrinkage=0.03


Tree=211
num_leaves=15
num_cat=0
split_feature=3 1 6 5 2 6 2 8 2 2 6 8 3 3
split_gain=2.35672 3.84574 2.34429 2.77085 1.52432 1.35613 1.53853 3.11793 1.74914 1.36794 4.17066 2.58793 1.36554 2.0373
threshold=9.336820602416994 5.4298472404479989 8.0502514839172381 211.45056915283206 28.167332649230961 7.9680233001708993 30.954063415527347 0.63076774951037862 22.434125900268558 27.476711273193363 8.0871086120605487 1.7330639496180922 21.24765777587891 21.84722995758057
decision_type=2 2 2 2 2 2 2 2 2 2 2 2 2 2
left_child=2 4 -1 -4 -2 -3 8 -8 -7 11 12 -10 -11 -14
right_child=1 5 3 -5 -6 6 7 -9 9 10 -12 -13 13 -15
leaf_value=-0.019041065040634249 0.025175832673994192 0.015129281258683812 0.027978870121715762 -0.017694683428381552 -0.010161669085930717 -0.026621659713522323 0.0099764588163953876 -0.024580910880789793 0.022430212819260099 0.013927351919800842 -0.03657762715641253 -0.011416267845107592 -0.029171053425426089 0.0010657817072148058
leaf_weight=9.9893421623855811 6.2131851837038985 2.9380000578239551 1.6761323553510004 1.2605865302029995 0.73861236916854967 1.1643176011275489 2.8404534077271801 6.1031361332861707 5.0952999284490934 5.3304077484645012 1.8306555142626155 2.3016959335654974 1.2175228593405361 20.377825400326401
leaf_count=2549 368 49 22 401 57 17 115 225 222 270 65 43 31 571
internal_value=-0.00147009 0.00124852 -0.0125214 0.00885885 0.0206156 -0.00184418 -0.00321945 -0.0137061 -0.00041412 0.00112371 -0.00192484 0.011793 0.00165662 -0.00185451
internal_weight=69.0772 56.1511 12.9261 2.93672 6.9518 49.1993 46.2613 8.94359 37.3177 36.1534 28.7564 7.397 26.9258 21.5953
internal_count=5005 2033 2972 423 425 1608 1559 340 1219 1202 937 265 872 602
is_linear=0
shrinkage=0.03


Tree=212
num_leaves=15
num_cat=0
split_feature=3 3 4 5 0 6 8 0 8 4 4 0 5 3
split_gain=1.72323 2.61742 2.01342 1.75067 2.00734 1.7447 1.22533 1.71633 1.22163 1.03043 1.02169 3.38183 2.56547 2.26085
threshold=3.946269273757935 7.6680140495300302 36.596691131591804 298.60276794433599 27.723476409912113 8.0901808738708514 0.52123846306764754 29.405181884765629 0.76195704406054976 36.614023208618171 35.885457992553718 24.107849121093754 218.13921356201175 23.548137664794925
decision_type=2 2 2 2 2 2 2 2 2 2 2 2 2 2
left_child=2 3 -1 4 -2 6 -3 10 -7 -4 11 12 -8 -14
right_child=1 5 9 -5 -6 8 7 -9 -10 -11 -12 -13 13 -15
leaf_value=-0.02418462261542496 0.034410903744185706 0.010175959252383734 0.028454470041475464 -0.01253232465771377 -0.011087645745219532 -0.012677430211150035 0.021641813501449184 0.018972278404857337 0.018663635753279902 -0.0096325786049703162 0.00059772622367536721 -0.029919066473748219 -0.011448810205944291 0.009635430848850917
leaf_weight=4.0165856420062473 3.4815085197333238 5.182609354145824 0.44511113048065443 0.63205390633083869 0.57822454289998848 0.63764073420315881 2.2127162571996513 1.8170088310725976 4.9970027999952435 0.47084607719443738 17.426466659526341 4.4763278507161877 19.477413275861185 5.0663487529382101
leaf_count=1980 174 253 12 106 271 59 68 178 267 264 352 361 562 53
internal_value=-0.000415499 0.000962758 -0.0159076 0.020426 0.02702 -0.000831064 -0.00252272 -0.0039989 0.0137407 0.014067 -0.00522146 -0.00838611 -0.00383554 -0.00688975
internal_weight=70.9179 65.9853 4.93254 4.69179 4.05973 61.2935 55.6589 50.4763 5.63464 0.915957 48.6593 31.2328 26.7565 24.5438
internal_count=4960 2704 2256 551 445 2153 1827 1574 326 276 1396 1044 683 615
is_linear=0
shrinkage=0.03


Tree=213
num_leaves=15
num_cat=0
split_feature=5 4 4 8 6 4 0 0 5 8 0 0 4 6
split_gain=2.51268 2.59021 2.23129 2.15046 2.4269 1.92479 1.88935 1.83291 1.91728 1.54501 1.50367 2.52183 2.35335 2.22416
threshold=202.38330841064456 36.070268630981452 36.094163894653327 1.37651353431265 8.0530109405517596 34.601263046264656 11.202668190002443 23.833424568176273 203.47237396240237 0.67571740537862135 25.081840515136722 25.571698188781742 36.226156234741218 8.0231103897094744
decision_type=2 2 2 2 2 2 2 2 2 2 2 2 2 2
left_child=-1 3 -3 5 6 7 -5 -2 -9 -10 -4 -12 -13 -14
right_child=1 2 10 4 -6 -7 -8 8 9 -11 11 12 13 -15
leaf_value=-0.019777615645089158 0.010134280586774722 0.043708486338183181 -0.014005275197706573 0.0015877363895255322 -0.0011441185312321533 -0.010244763754917417 -0.029346620294125197 0.015106782690651292 0.0045185506415121842 -0.038724546953494351 0.03525029719373008 0.018149421273132915 0.013725543323730903 -0.015791749233700608
leaf_weight=5.1210055372212073 18.195134937996052 0.62775911809876817 1.9662671765545408 2.225773938000204 11.21755492791999 7.4932921696454278 6.2215611030114815 0.81643145834095721 0.83807499706745181 1.198876188136637 1.847764617181382 5.0208503680769345 2.5971532054245454 5.6553429906489328
leaf_count=1435 765 18 304 199 383 164 973 11 17 42 61 121 46 460
internal_value=-0.00139077 0.000311764 0.00980684 -0.0033059 -0.0106841 0.00196713 -0.0218905 0.00658204 -0.0128211 -0.0253034 0.0062137 0.00954853 0.00375163 -0.00602287
internal_weight=71.0428 65.9218 17.7151 48.2067 19.6649 28.5418 8.44734 21.0485 2.85338 2.03695 17.0874 15.1211 13.2733 8.2525
internal_count=4999 3564 1010 2554 1555 999 1172 835 70 59 992 688 627 506
is_linear=0
shrinkage=0.03


Tree=214
num_leaves=15
num_cat=0
split_feature=7 7 3 3 2 6 6 7 7 2 5 0 0 6
split_gain=1.59842 1.59865 3.39214 2.26788 1.31138 1.17559 1.12442 1.19661 1.81374 2.30485 2.03478 1.59702 2.06323 1.63347
threshold=-0.96297177102619191 -0.86275799212702931 11.243263244628908 1.8229560256004336 30.719168663024906 8.0986208915710467 8.0932326316833514 0.1762297520048994 -0.036036480131971409 20.759318351745609 237.82936096191409 13.505753040313722 13.252803802490236 8.0767745971679705
decision_type=2 2 2 2 2 2 2 2 2 2 2 2 2 2
left_child=-1 2 3 -2 -5 6 7 8 9 -3 -10 12 -9 -13
right_child=1 5 -4 4 -6 -7 -8 11 10 -11 -12 13 -14 -15
leaf_value=-0.02036895758285847 -0.0091588963052468692 -0.02473327591085378 -0.018651681421249618 0.055435269897771457 -0.0049905191936695948 0.015153903925755226 -0.022055126066903515 -0.016153751967604327 -0.021030225176226526 0.0010259022436149054 0.018414028762235038 -0.034225520959527078 0.025132401219323683 0.009998606284992273
leaf_weight=2.0873393398942417 0.43724034738261197 2.3512697911355565 0.73615225101821113 1.321404240792617 0.19563765148632217 3.6550992778502396 1.0999691234901536 1.2958846186520525 0.5157199469395034 45.722538885311224 7.5958842528052628 2.0891114972764631 1.1092300328891722 0.49609409924596537
leaf_count=1193 278 480 128 160 52 265 41 90 16 1891 286 46 28 53
internal_value=0.000768753 0.00169506 0.0209122 0.0370842 0.048756 0.000610136 -0.000469469 0.000267131 0.00159925 -0.000712297 0.0138734 -0.0124943 0.00467616 -0.0253173
internal_weight=70.7086 68.6212 2.69043 1.95428 1.51704 65.9308 62.2757 61.1757 56.1854 48.0738 8.1116 4.99032 2.40511 2.58521
internal_count=5007 3814 618 490 212 3196 2931 2890 2673 2371 302 217 118 99
is_linear=0
shrinkage=0.03


Tree=215
num_leaves=15
num_cat=0
split_feature=3 3 6 5 2 5 5 7 3 4 2 4 1 1
split_gain=1.47943 1.62336 2.40167 2.16141 3.82146 2.0344 2.52526 2.69253 3.8776 2.23197 2.24182 1.77304 1.59956 1.58208
threshold=1.8229560256004336 21.24765777587891 7.9680233001708993 202.47442626953128 30.664455413818363 208.52745056152347 211.45056915283206 -0.036036480131971409 10.121561050415041 30.230744361877445 21.552042961120609 31.693459510803226 28.272878646850589 26.046833992004398
decision_type=2 2 2 2 2 2 2 2 2 2 2 2 2 2
left_child=-1 3 -3 4 -2 -5 -7 8 -8 10 -9 -11 -6 -4
right_child=1 2 13 5 12 6 7 9 -10 11 -12 -13 -14 -15
leaf_value=-0.020071367628381222 -0.013707617245550521 0.024408437706768548 -0.0033642308271134942 -0.018227769135473981 0.056448905136692255 0.025058739317953188 -0.026391788396261898 -0.025634731591916222 0.0035007726020898243 0.030529769467813581 0.01142296177670281 -0.0017507844101051033 -0.0058020504063864406 -0.026336794220802876
leaf_weight=2.0054771512513971 0.83594458387233261 1.593161030672493 28.018426153576005 2.6159643610008052 1.2749587597791103 4.0634711156599215 4.5285065923817482 1.4540003661531971 12.668078026268629 4.9247598464135081 2.7206950066611171 1.9247860463801769 0.23723494226578612 2.0479836218291885
leaf_count=1400 470 32 611 373 70 92 523 91 490 194 188 91 101 341
internal_value=0.000548099 0.00142673 -0.00350904 0.00560399 0.0286948 0.00329439 0.00553355 0.0019608 -0.00538883 0.0129201 -0.00394348 0.0223912 0.0482608 -0.0057264
internal_weight=70.9134 68.908 31.6596 37.2484 2.34814 34.9003 32.2843 28.2208 17.1966 11.0242 4.1747 6.84955 1.51219 30.0664
internal_count=5067 3667 984 2683 641 2042 1669 1577 1013 564 279 285 171 952
is_linear=0
shrinkage=0.03


Tree=216
num_leaves=15
num_cat=0
split_feature=6 8 3 2 2 6 6 0 0 7 6 7 5 8
split_gain=2.00408 1.74243 1.50503 3.20408 1.62552 3.87272 2.6108 2.60537 1.54049 1.32311 1.21997 2.3003 2.30249 2.3929
threshold=8.1019229888916033 0.79434007478810331 26.275712013244632 29.452260017395023 30.664455413818363 8.0276145935058612 8.0175204277038592 26.275093078613285 9.7323832511901873 -0.96297177102619191 8.0646266937255877 -0.26085100719133819 223.28152465820315 1.1824498976111324
decision_type=2 2 2 2 2 2 2 2 2 2 2 2 2 2
left_child=1 -1 4 -4 7 6 -6 8 -3 -8 -10 -12 -13 -14
right_child=-2 2 3 -5 5 -7 9 -9 10 -11 11 12 13 -15
leaf_value=0.0091867752652615899 0.02238740330145747 -0.023205393964907034 0.01943939521393084 -0.028150430807460821 -0.011204850411364375 -0.015681219297008931 -0.0067562263224344712 -0.023785497041975346 0.005369867035523444 0.041779141656836633 -0.030034840026348035 0.014200230340271947 0.013928293078271073 -0.018414440684232685
leaf_weight=14.109038237016646 2.8526179413311175 1.4763377702329297 0.94290338456630607 3.7686338779749349 0.80982634180690993 2.1605808126041666 0.28841827658470753 3.7400803447235367 23.50611994380597 3.0709648006595671 1.7904189225519065 5.1101624954026184 2.0636838623322529 6.0761548922164366
leaf_count=472 220 200 4 393 54 344 147 1203 1336 126 100 153 114 167
internal_value=0.00133069 0.000151309 -0.00229776 -0.0168904 -0.000621509 0.0124882 0.0272958 -0.0027543 -0.000257062 0.0370182 0.00118642 -0.00527889 -6.07602e-05 -0.00958787
internal_weight=71.7659 68.9133 54.8043 4.71154 50.0927 6.32979 4.16921 43.763 40.0229 3.35938 38.5465 15.0404 13.25 8.13984
internal_count=5033 4813 4341 397 3944 671 327 3273 2070 273 1870 534 434 281
is_linear=0
shrinkage=0.03


Tree=217
num_leaves=15
num_cat=0
split_feature=1 2 8 5 2 4 4 6 6 4 4 1 2 8
split_gain=2.92889 2.95209 2.96167 2.21742 2.13858 2.0683 1.96467 1.60828 1.49048 1.22555 1.08999 1.61994 5.04408 1.99709
threshold=25.586273193359379 17.37645244598389 1.2373229125795089 202.47442626953128 30.954063415527347 33.247814178466804 36.306928634643562 8.0274367332458514 8.0276145935058612 36.152095794677741 36.440649032592781 16.420977592468265 28.167332649230961 1.8086429447539116
decision_type=2 2 2 2 2 2 2 2 2 2 2 2 2 2
left_child=1 -1 4 9 -3 -6 -7 -2 -9 -4 11 12 13 -5
right_child=7 2 3 10 5 6 -8 8 -10 -11 -12 -13 -14 -15
leaf_value=-0.02638819572912977 -0.027870146526614382 0.016012011192014827 0.048738055788582077 0.0041048428913871534 -0.017690247658669511 0.019427467569003053 -0.016900253499137204 0.026756449923117171 -0.013997821450109504 -0.0061344458691939795 -0.021351141886468462 0.0047370265994710883 -0.04635936184407824 -0.019970441995908819
leaf_weight=2.2403677041293113 3.9832904537906861 17.784180262126032 0.13977655593771388 12.052668038289999 3.3213023506104937 3.6341306613758206 1.0126118334010241 0.46980297565460183 0.86144718376453966 0.24893582460936159 2.0768387260613954 14.358560287626458 1.701130712404846 3.0755588730680747
leaf_count=223 1233 723 15 395 34 134 38 14 458 34 548 533 21 653
internal_value=-0.000424717 0.0015444 0.00301723 -0.00283046 0.0104793 -0.00227799 0.00992002 -0.0198929 0.00569244 0.0344844 -0.00426019 -0.00249411 -0.00858327 -0.0017244
internal_weight=66.9606 61.6461 59.4057 33.6535 25.7522 7.96804 4.64674 5.31454 1.33125 0.388712 33.2648 31.1879 16.8294 15.1282
internal_count=5056 3351 3128 2199 929 206 172 1705 472 49 2150 1602 1069 1048
is_linear=0
shrinkage=0.03


Tree=218
num_leaves=15
num_cat=0
split_feature=7 7 6 6 4 2 7 8 0 7 4 4 8 2
split_gain=3.7567 2.14355 1.49256 1.98525 2.72768 1.90288 1.75876 2.77258 1.23044 1.144 0.988162 1.59334 0.843871 2.82636
threshold=-0.8721508893123876 -0.86275799212702931 8.0158071517944354 8.0196533203125018 36.419401168823249 31.653620719909672 -0.20627771609803841 0.593983574881085 27.723476409912113 0.25400790311129845 30.834199905395511 25.724853515625004 1.0249685865470306 30.897665023803714
decision_type=2 2 2 2 2 2 2 2 2 2 2 2 2 2
left_child=-1 -2 5 -4 8 6 7 -3 12 10 11 -8 -5 -14
right_child=1 2 3 4 -6 -7 9 -9 -10 -11 -12 -13 13 -15
leaf_value=-0.026237550773046084 0.030524766012701956 0.010853388171779669 0.020810867507106597 0.012989022095603842 -0.023581542597791692 0.022134502585562234 0.010463584671411357 -0.040365237831212389 -0.018065528118950503 -0.017555255578096219 0.01396731813609812 -0.02203735092868352 0.00444780103329292 -0.029660414902371372
leaf_weight=3.4178213434061027 1.342495443066581 0.84068701788783018 4.3967032658401868 7.6309777931310228 2.6119356668787068 0.82735641486942846 1.8604319525184077 2.2873663059435785 1.3070685579441477 2.3641841317294165 3.059325109468773 1.7054860993521286 35.314961263153236 1.3323024846613396
leaf_count=1811 43 17 193 477 341 20 37 523 209 101 120 106 1041 24
internal_value=0.000577539 0.0023142 0.00128627 0.00354348 0.00157731 -0.00748109 -0.0110364 -0.0273053 0.00349411 -0.00320865 0.00354172 -0.00650283 0.00451547 0.00245289
internal_weight=70.2991 66.8813 65.5388 52.5939 48.1972 12.9448 12.1175 3.12805 45.5853 8.98943 6.62524 3.56592 44.2782 36.6473
internal_count=5063 3252 3209 2285 2092 924 904 540 1751 364 263 143 1542 1065
is_linear=0
shrinkage=0.03


Tree=219
num_leaves=15
num_cat=0
split_feature=7 7 8 5 0 5 7 7 4 6 7 4 0 6
split_gain=2.61552 2.28353 1.48099 2.50394 1.86427 1.7663 4.63841 2.00102 1.60783 2.65201 1.41272 1.43944 1.85004 1.21922
threshold=-0.8721508893123876 -0.86275799212702931 1.8972533837704895 215.61003875732425 25.571698188781742 239.14064788818362 -0.062539458813014107 -0.11013648171863848 32.154132843017585 7.9945452213287362 0.13303027820605126 29.076217651367191 16.480623245239261 8.1123166084289569
decision_type=2 2 2 2 2 2 2 2 2 2 2 2 2 2
left_child=-1 -2 5 4 -4 6 8 -7 9 -3 -9 12 13 -12
right_child=1 2 3 -5 -6 7 -8 10 -10 -11 11 -13 -14 -15
leaf_value=-0.022870983947912239 0.031303905001939726 0.014343241826284707 0.017600065006032544 -0.029003134569719174 -0.010736762320198084 -0.0072818684539983454 -0.039831946001147124 0.022932976192091958 0.0041280649980869792 -0.026896696471298543 -0.037586632381481577 0.01392405109198769 0.013825938147453068 0.0076097741679683906
leaf_weight=3.1107155679492271 1.2786195911467064 1.3902707857778214 2.6095680156722647 2.8217860356671736 3.973045707680285 3.8842297507217181 1.5888729197904528 7.9351517566246894 32.055599136743695 2.9897097547072917 1.0217361494433137 3.2959393900819123 0.82092018518596876 0.33710102550685395
leaf_count=1785 39 25 213 789 355 137 33 366 810 172 64 156 29 31
internal_value=0.00036277 0.00178278 0.000732174 -0.00967952 0.00133651 0.00264262 -0.00101705 0.0103045 0.00169437 -0.0135736 0.0155499 0.00296147 -0.0127806 -0.0279016
internal_weight=69.1133 66.0026 64.7239 9.4044 6.58261 55.3195 38.0245 17.2951 36.4356 4.37998 13.4108 5.4757 2.17976 1.35884
internal_count=5004 3219 3180 1357 568 1823 1040 783 1007 197 646 280 124 95
is_linear=0
shrinkage=0.03


Tree=220
num_leaves=15
num_cat=0
split_feature=1 3 8 2 8 7 1 7 8 7 5 7 2 8
split_gain=2.51572 2.8526 2.36345 5.91619 2.47201 2.59307 4.99243 2.70546 2.17149 3.30342 2.28102 1.87372 1.46943 1.85978
threshold=25.060378074646 30.460403442382816 3.5263450359702748 29.361582756042484 0.4937166062529485 -0.21516227543462435 15.681722164154055 -0.29034235845436052 1.3552118459949656 -0.47774201667303767 204.39053344726565 -0.96297177102619191 21.833667755126957 1.6899189297152664
decision_type=2 2 2 2 2 2 2 2 2 2 2 2 2 2
left_child=2 -2 4 -4 -1 6 -6 8 9 -8 -10 -5 13 -7
right_child=1 -3 3 11 5 12 7 -9 10 -11 -12 -13 -14 -15
leaf_value=0.016942659544233542 -0.027593588078559064 0.019645895774658317 -0.017253887142643306 -0.005942580904295211 -0.033991273214133026 -0.015458872890473501 -0.011843679794606059 0.019863658011243079 0.0041217693347201882 0.021595157768846029 -0.027744108915884403 0.061821055387944211 0.00651745593748121 0.013787225946198994
leaf_weight=4.7200188143178812 4.9699118859134606 0.66891925246454764 1.339936685340944 0.24613430257886637 5.2749039424234061 6.1293669028673383 5.3539621094241738 2.8617178095737428 2.5967984760645759 3.586009726859638 5.4991642021341249 1.1457041359972207 20.685108687961474 1.8254083457868544
leaf_count=260 1749 15 817 143 300 227 87 33 121 44 269 36 771 123
internal_value=-0.0023324 -0.0198746 -0.000424531 0.0227429 -0.00186964 -0.00379872 -0.0106329 -0.00311036 -0.00785693 0.00239249 -0.0181936 0.0523633 0.00236419 -0.00795748
internal_weight=66.9031 5.63883 61.2642 2.73178 58.5325 53.8124 25.1726 19.8977 17.0359 8.93997 8.09596 1.39184 28.6399 7.95478
internal_count=4995 1764 3231 996 2235 1975 854 554 521 131 390 179 1121 350
is_linear=0
shrinkage=0.03


Tree=221
num_leaves=15
num_cat=0
split_feature=3 0 1 2 4 8 1 8 3 0 1 1 8 8
split_gain=1.81935 1.47061 2.14023 1.7145 3.05214 1.59346 1.54507 1.45969 1.45631 1.45261 2.84586 5.13891 2.0754 1.30565
threshold=5.1033663749694833 29.332090377807621 28.272878646850589 31.193352699279789 34.686437606811531 1.0815023189815618 26.046833992004398 1.37651353431265 23.791047096252445 9.7323832511901873 6.8716635704040536 11.798156738281252 0.83928674783186563 1.5915460457665875
decision_type=2 2 2 2 2 2 2 2 2 2 2 2 2 2
left_child=-1 3 -3 6 8 -6 7 9 -5 -2 -11 12 -12 -9
right_child=1 2 -4 4 5 -7 -8 13 -10 10 11 -13 -14 -15
leaf_value=-0.016672712242540265 -0.018042793883155519 0.03060063819134938 -0.013528947213134912 -0.048601056996485356 0.016479939346719097 -0.021404159065896655 -0.02394356338934318 -0.011422257834776017 -0.0078403354630647033 0.023787190632550217 -0.054760647250739605 0.0083851252517264403 -0.0057278891025371315 0.0021208710624891747
leaf_weight=5.2146419344935557 1.1156319696456218 2.0897663233336057 0.77043677086476225 1.2125839674845331 2.4898075121454899 0.44993013446219254 1.1571827587904397 9.5285128308460134 1.9582567496690897 6.6380633660592165 0.72448374424130024 17.946774035226554 1.9057808173820374 15.726656861254012
leaf_count=2602 25 73 180 15 121 12 280 257 40 496 27 348 53 488
internal_value=-0.00117826 0.000327917 0.0182883 -0.00079827 -0.0146613 0.00672057 0.000984417 0.00195151 -0.0313432 0.00652249 0.00813328 0.002215 -0.0305977 -0.00322924
internal_weight=68.9285 63.7139 2.8602 60.8537 6.11058 2.93974 54.7431 53.5859 3.17084 28.3307 27.2151 20.577 2.63026 25.2552
internal_count=5017 2415 253 2162 188 133 1974 1694 55 949 924 428 80 745
is_linear=0
shrinkage=0.03


Tree=222
num_leaves=15
num_cat=0
split_feature=2 1 1 7 8 0 1 1 2 8 2 6 7 7
split_gain=2.53693 2.10473 2.37543 1.60855 2.14056 3.75197 2.86176 1.22998 3.08312 2.04131 1.68678 1.87058 2.75962 1.98122
threshold=21.112796783447269 4.4426589012146005 3.6357250213623051 -0.96297177102619191 3.5263450359702748 25.402397155761722 24.237989425659183 5.7446515560150155 24.848701477050785 1.5596088091532536 28.083174705505375 8.0276145935058612 -0.55715664328841707 -0.09488861899690626
decision_type=2 2 2 2 2 2 2 2 2 2 2 2 2 2
left_child=1 2 -1 -2 7 -6 -7 9 -9 -5 -10 -12 -13 -14
right_child=3 -3 -4 4 5 6 -8 8 10 -11 11 12 13 -15
leaf_value=-0.014088197998958689 -0.019234329393360585 -0.030832298854781795 0.02214732343049117 0.021864130449922418 -0.013941712661458817 0.061095406912864622 -0.0086905754414017457 -0.027005720423969617 0.016002741243292345 -0.01122306785828419 0.0072887756369840549 -0.026628282474755995 0.0033538154729218115 -0.024738930664945539
leaf_weight=3.4694983538938677 1.7682582710986015 2.7949675530544482 1.5630146762123329 5.2975789802148929 0.85978215892100651 1.153860024991445 0.40481556486338366 2.3148584895534432 6.4804458997678003 1.5841681518359108 18.492523498833179 3.4283422436565187 16.765525638358671 1.5886573046445835
leaf_count=261 1180 458 56 402 420 28 255 58 279 22 806 389 311 30
internal_value=0.00109579 -0.0139576 -0.0010283 0.00325135 0.00424502 0.027338 0.0466578 0.00278437 0.000996331 0.0137899 0.00291918 0.000477266 -0.00537155 -0.000230354
internal_weight=67.9663 7.82748 5.03251 60.1388 58.3706 2.41846 1.55868 55.9521 49.0704 6.88175 46.7555 40.275 21.7825 18.3542
internal_count=4955 775 317 4180 3000 703 283 2297 1873 424 1815 1536 730 341
is_linear=0
shrinkage=0.03


Tree=223
num_leaves=15
num_cat=0
split_feature=2 3 8 5 1 2 1 1 5 8 7 7 1 7
split_gain=1.81911 1.76611 2.01434 1.79327 3.14917 3.67707 2.67552 2.16362 2.01565 4.35053 3.38846 1.69352 2.27904 3.70339
threshold=21.112796783447269 26.275712013244632 0.70939638906846747 204.53318023681643 24.400812149047855 30.715359687805179 22.855208396911625 21.912405967712406 241.22441101074222 1.5079081476808656 -0.065928167306454996 -0.53289884395400844 14.405731201171877 -0.23347957574403252
decision_type=2 2 2 2 2 2 2 2 2 2 2 2 2 2
left_child=-1 3 -3 4 -2 -6 7 8 10 -10 11 -5 13 -13
right_child=1 2 -4 6 5 -7 -8 -9 9 -11 -12 12 -14 -15
leaf_value=-0.014355549667924678 0.036477706824837038 0.0055618546355419669 -0.023065993442748955 -0.02318036102214438 -0.021393935675250494 0.024539097416411325 -0.027302934166148367 0.022235557482406042 0.023433769244179972 -0.016587452122929638 -0.029844108587785412 -0.034868709559851455 0.0095304056155391705 0.002561078747793532
leaf_weight=7.4217643687734371 2.6035072293598196 3.1550389374606302 4.5155322926584631 1.6041855039075006 2.5323333401465788 1.8231482967967165 1.9691758019616816 3.3371297896374008 6.6763354772701842 2.7456025983556174 2.9668955001980128 2.3113976829918093 14.679563407204112 8.0257965258788335
leaf_count=798 102 78 411 165 1089 265 358 140 472 143 34 71 508 348
internal_value=-0.0013122 0.000542153 -0.0120075 0.00261331 0.0157249 -0.00117506 0.000252814 0.0021345 -9.78446e-05 0.0112988 -0.00397773 -0.000118814 0.00219413 -0.00814561
internal_weight=66.3674 58.9456 7.67057 51.2751 6.95899 4.35548 44.3161 42.3469 39.0098 9.42194 29.5878 26.6209 25.0168 10.3372
internal_count=4982 4184 489 3695 1456 1354 2239 1881 1741 615 1126 1092 927 419
is_linear=0
shrinkage=0.03


Tree=224
num_leaves=15
num_cat=0
split_feature=4 4 8 6 3 3 7 1 7 4 8 3 4 1
split_gain=1.23509 1.54555 2.70335 2.74898 2.00501 2.39008 2.80972 3.32749 2.85324 2.31503 3.91891 2.02754 1.79828 2.30944
threshold=36.614023208618171 36.08537673950196 3.5263450359702748 8.051363945007326 5.8848295211792001 15.768541336059572 -0.46856854824468003 14.405731201171877 -0.23347957574403252 33.953939437866218 1.8086429447539116 10.961112976074221 30.063276290893558 4.8299019336700448
decision_type=2 2 2 2 2 2 2 2 2 2 2 2 2 2
left_child=1 4 -3 -4 -1 9 -7 8 -8 10 11 12 -6 -14
right_child=-2 2 3 -5 5 6 7 -9 -10 -11 -12 -13 13 -15
leaf_value=-0.022319827103125224 -0.020016184331106839 0.0034065459467858051 0.049230495963391498 -0.010597262265673981 -0.023080992335987469 -0.029050404368069362 -0.037397608000495131 0.0079558169384399448 -0.0032522426145623327 0.030289981782998132 -0.024835798550992553 0.019996028938981971 0.017944634418186649 -0.011802557954135975
leaf_weight=2.814105716533958 1.5393406967632461 15.066949681146072 1.4563465216197062 0.53992450819350768 1.4661613842472521 2.9835976262111208 2.3225450552999982 13.102141268667763 7.1920257774181708 2.4141192128881803 2.7360006913077077 7.1396447829902163 4.6160210443194956 3.1437733945203945
leaf_count=1726 307 557 198 247 33 417 44 259 350 99 204 434 101 52
internal_value=0.000536303 0.00129599 0.00882129 0.0349128 -0.00139843 0.000289046 -0.00580552 -0.00163882 -0.0143513 0.0074764 0.00322974 0.00908172 -0.000493952 0.00592141
internal_weight=68.5327 66.9934 17.0632 1.99627 49.9301 47.116 25.6003 22.6167 9.51457 21.5157 19.1016 16.3656 9.22596 7.75979
internal_count=5028 4721 1002 445 3719 1993 1070 653 394 923 824 620 186 153
is_linear=0
shrinkage=0.03


Tree=225
num_leaves=15
num_cat=0
split_feature=7 7 3 7 4 4 7 2 5 5 6 8 7 5
split_gain=3.08153 1.93183 2.10315 0.917977 1.70227 3.76944 3.08604 2.18957 1.77328 1.62576 1.95346 1.89338 2.66808 2.72116
threshold=-0.8721508893123876 -0.86275799212702931 5.1033663749694833 -0.22263841950874649 30.230744361877445 31.927421569824222 -0.16705418473149439 21.552042961120609 241.22441101074222 204.53318023681643 8.0206227302551287 1.3408419963373561 -0.29034235845436052 219.71217346191409
decision_type=2 2 2 2 2 2 2 2 2 2 2 2 2 2
left_child=-1 -2 -3 9 7 -6 -7 -5 -9 10 -4 -11 -13 -14
right_child=1 2 3 4 5 6 -8 8 -10 11 -12 12 13 -15
leaf_value=-0.025728126655042226 0.028080802148803891 -0.021918557318850541 0.018755349009413339 -0.030305327104527456 0.024442261649797577 0.018463321273938349 -0.0098846257761017551 -0.013304173120132939 0.014943254703035987 0.0015332234419049556 -0.007091580625646016 -0.027244476878491811 0.021709853409973424 -0.020874602004333307
leaf_weight=3.0049605475505805 1.3521719109266985 2.5966336029232471 5.1885140914237109 1.4478061492554903 8.1504350316245127 4.188534992048516 9.3539921902120096 2.589497945504263 3.5633028680458665 11.929520227247851 3.8578316196799278 5.6288414407754335 2.1415295088663666 1.3915196694433687
leaf_count=1782 41 1179 170 41 355 150 298 43 226 269 155 273 23 39
internal_value=-0.000197911 0.00139335 0.000375277 0.00169591 0.00539267 0.00956726 -0.000450248 -0.00624913 0.00285696 -0.0019551 0.00812415 -0.00645026 -0.0159733 0.00403263
internal_weight=66.3851 63.3801 62.028 59.4313 29.2936 21.693 13.5425 7.60061 6.1528 30.1378 9.04635 21.0914 9.16189 3.53305
internal_count=5044 3262 3221 2042 1113 803 448 310 269 929 325 604 335 62
is_linear=0
shrinkage=0.03


Tree=226
num_leaves=15
num_cat=0
split_feature=3 2 6 0 3 6 2 6 2 8 8 5 3 7
split_gain=1.24715 2.28875 2.51582 4.10816 2.71789 2.37172 2.15307 2.13583 2.06304 1.52678 1.8611 1.50613 1.5024 1.34204
threshold=21.24765777587891 30.664455413818363 8.0478301048278826 13.505753040313722 9.7895259857177752 8.0276145935058612 20.388482093811039 7.9680233001708993 29.287972450256351 1.2510358432231932 1.3018557883220179 239.14064788818362 3.946269273757935 -0.33738634879116763
decision_type=2 2 2 2 2 2 2 2 2 2 2 2 2 2
left_child=1 2 3 4 6 12 -1 -2 9 -4 11 -11 -3 -12
right_child=7 5 8 -5 -6 -7 -8 -9 -10 10 13 -13 -14 -15
leaf_value=0.0015558575079735865 0.024629608631688629 -0.0073134725151251072 0.017383891904723028 -0.03137088499046118 0.02101656249375054 -0.012123053366285464 -0.034136506697252246 -0.0053882269595098373 0.029145040229622575 -0.044346607401649668 -0.021050874933685865 0.0079417152967392497 0.043393642046981151 0.0060027706752041853
leaf_weight=5.0595448487438244 1.3044896493665898 0.32088271097745735 4.3914449750445845 3.5596359347109674 3.4856420159339905 0.66897129599237803 1.1269239245448259 30.188112385221757 2.6291349923703811 0.47055255435407062 0.91716037946753459 0.35659436229616404 2.1318442610790953 11.287060250411736
leaf_count=379 31 221 329 1699 146 296 25 935 79 13 248 31 73 480
internal_value=0.000888671 0.00461211 0.00193995 -0.00786587 0.00291365 0.0257197 -0.00879124 -0.00342509 0.00847683 0.00394524 -0.00149963 -0.0297953 0.036563 0.00252938
internal_weight=67.898 36.4054 33.2837 13.2317 9.67211 3.1217 6.18647 31.4926 20.0519 17.4228 13.0314 0.827147 2.45273 12.2042
internal_count=4985 4019 3429 2249 550 590 404 966 1180 1101 772 44 294 728
is_linear=0
shrinkage=0.03


Tree=227
num_leaves=15
num_cat=0
split_feature=7 7 8 0 6 6 0 1 6 7 8 1 5 1
split_gain=2.85013 1.9921 1.29485 1.16356 0.979099 1.21335 0.988161 1.73782 1.3588 3.29921 1.92738 1.61653 1.86342 1.52903
threshold=-0.8721508893123876 -0.86275799212702931 0.4937166062529485 27.970326423645023 8.0986208915710467 8.0932326316833514 29.332090377807621 27.934562683105472 8.0185990333557147 -0.23347957574403252 1.0249685865470306 4.7317545413970956 227.14627838134768 11.42856550216675
decision_type=2 2 2 2 2 2 2 2 2 2 2 2 2 2
left_child=-1 -2 3 -3 5 6 8 -8 9 -4 -10 -12 -13 -14
right_child=1 2 4 -5 -6 -7 7 -9 10 -11 11 12 13 -15
leaf_value=-0.02555398969173743 0.027931971109062662 0.018627870871251933 -0.036497309991826911 -0.012646762593480109 0.012794061050466583 -0.025756646763108251 0.029831011783879108 -0.012698737727500561 0.015220653452122031 -0.0013852350107661508 0.018727641079291198 -0.00099287582861078008 -0.0075625106197286926 -0.042139479583226183
leaf_weight=2.8981163760763584 1.3581768623553205 4.2576721603982142 2.3936508518527253 0.59654373675584782 3.0249699726700774 0.96126486361026664 1.226052781799807 0.69416987034492184 5.4028863711282602 8.5886759458226134 1.9522624778328452 26.890561458887532 4.4810079042799762 0.9052645856863818
leaf_count=1802 41 269 503 12 228 34 39 108 243 377 92 1053 185 56
internal_value=-0.000659595 0.000873372 -0.000163619 0.0132807 -0.00152908 -0.00255891 -0.00166125 0.0153727 -0.0025928 -0.0114453 8.16136e-05 -0.00267222 -0.00449048 -0.0190623
internal_weight=65.6313 62.7332 61.375 4.85422 56.5208 53.4958 52.5345 1.92022 50.6143 10.9823 39.632 34.2291 32.2768 5.38627
internal_count=5042 3240 3199 281 2918 2690 2656 147 2509 880 1629 1386 1294 241
is_linear=0
shrinkage=0.03


Tree=228
num_leaves=15
num_cat=0
split_feature=1 0 8 5 1 8 4 7 1 1 4 3 0 4
split_gain=1.54003 2.20093 1.91854 4.75401 1.66165 1.56968 1.58894 1.72292 2.99933 2.51118 1.67286 1.3729 1.92147 1.34824
threshold=24.514926910400394 29.405181884765629 3.5263450359702748 210.8159103393555 28.272878646850589 0.4937166062529485 27.699032783508304 -0.22263841950874649 15.681722164154055 17.175469398498539 35.667831420898445 11.84914016723633 23.284805297851566 36.226156234741218
decision_type=2 2 2 2 2 2 2 2 2 2 2 2 2 2
left_child=2 -2 5 -4 -3 -1 -7 8 -8 -10 -11 -9 -13 -12
right_child=1 4 3 -5 -6 6 7 11 9 10 13 12 -14 -15
leaf_value=0.016539506129014968 -0.0199750391412154 0.025226004675038678 0.048087250893266625 -0.016027856971271213 -0.013938098301328913 -0.016775150744342493 -0.025657332113669176 -0.0011141796821928049 0.022760883411807625 -0.025565220906022139 0.0068901397004215315 0.017468800798042201 -0.012647746115483338 -0.01080918076436329
leaf_weight=4.1627482501789919 5.7904857004177739 1.4047510543605315 1.466430525761097 1.1375754944747312 0.8166972116450778 4.064972083666361 3.9489221039693758 11.319822500983728 2.751405872055332 1.7973717956338067 8.7299568474991229 10.697319511789827 1.5307327900081862 5.4355180297279722
leaf_count=276 1517 69 168 786 335 185 278 367 56 69 180 536 26 183
internal_value=0.000415457 -0.0111296 0.00220083 0.0234026 0.0109705 0.000782828 -0.000818906 0.000910283 -0.00488642 0.000575623 -0.00436468 0.00646099 0.0130276 -0.000166293
internal_weight=65.0547 8.01193 57.0428 2.60401 2.22145 54.4388 50.276 46.211 22.6632 18.7143 15.9628 23.5479 12.2281 14.1655
internal_count=5031 1921 3110 954 404 2156 1880 1695 766 488 432 929 562 363
is_linear=0
shrinkage=0.03


Tree=229
num_leaves=15
num_cat=0
split_feature=4 7 2 4 1 7 4 7 4 0 1 8 2 0
split_gain=1.93905 2.70577 2.54336 2.52847 2.27583 3.05589 1.96712 1.96702 1.77752 2.04309 1.74013 1.60856 3.47114 1.58536
threshold=36.08537673950196 -0.23347957574403252 30.354631423950199 36.094163894653327 15.681722164154055 -0.46856854824468003 29.331339836120609 0.1762297520048994 36.614023208618171 25.081840515136722 22.688650131225589 1.1974809397290773 28.471076965332035 26.18913555145264
decision_type=2 2 2 2 2 2 2 2 2 2 2 2 2 2
left_child=1 2 -1 -2 -4 -6 7 -3 9 -5 13 -8 -13 -11
right_child=3 6 4 8 5 -7 11 -9 -10 10 -12 12 -14 -15
leaf_value=-0.025552658136820783 0.043679024118068302 0.0043707040603890041 -0.023863102394463348 -0.018264209975899115 -0.011843550331551485 0.022399337780683586 0.015676480664628525 -0.02643833607544141 -0.020227927716508328 0.03092153940789398 0.002265494407107663 0.0043964599267028413 -0.032851627218255026 -0.0042804102361544251
leaf_weight=7.5960930360015508 0.54088455077726649 2.9138872091425609 2.2782532619312388 1.6683140671812058 3.8089092728332625 3.6716567928669965 7.1276303648483035 3.2009189809905365 1.5623764266492788 3.8192231992725274 9.5932481422787514 16.786408736428715 1.5781514113768924 1.2217419529333708
leaf_count=1159 17 151 42 248 1119 94 420 149 305 76 601 597 35 50
internal_value=-0.00136022 -0.00446821 -0.0136309 0.00671165 -0.00283877 0.00562315 0.000826649 -0.0132061 0.00333638 0.00663326 0.0104583 0.00456412 -0.000335625 0.0230936
internal_weight=67.3677 48.9619 17.3549 18.4058 9.75882 7.48057 31.607 6.11481 17.8649 16.3025 14.6342 25.4922 18.3646 5.04097
internal_count=5063 3766 2414 1297 1255 1213 1352 300 1280 975 727 1052 632 126
is_linear=0
shrinkage=0.03


Tree=230
num_leaves=15
num_cat=0
split_feature=7 7 5 1 5 1 2 4 5 4 6 7 8 5
split_gain=2.96489 1.69436 0.902014 1.77666 1.67326 1.05363 1.90451 2.34645 1.33795 2.02262 3.13071 1.4217 1.99052 1.46799
threshold=-0.8721508893123876 -0.86275799212702931 298.60276794433599 4.4426589012146005 279.47726440429693 4.8795616626739511 23.685653686523441 31.815826416015629 244.43184661865237 32.183065414428718 7.981957435607911 -0.23347957574403252 1.7330639496180922 220.45568847656253
decision_type=2 2 2 2 2 2 2 2 2 2 2 2 2 2
left_child=-1 -2 3 -3 5 -5 7 -7 9 10 -8 -11 -13 -14
right_child=1 2 -4 4 -6 6 8 -9 -10 11 -12 12 13 -15
leaf_value=-0.0254505655389357 0.026543844242463217 0.016184572335065837 -0.015548611545212785 0.019782225444664403 -0.029785398630983968 0.0052465370185018675 0.015658204860431974 -0.031251673579274324 0.02080500333674673 -0.00040145734696928807 -0.02372806950416274 0.019557195981989978 0.011926208322414655 -0.020478660737933294
leaf_weight=2.8280721574556074 1.3833903863560397 5.6417456393828607 1.9214284542249505 1.479757438879459 0.67274021380580862 2.3514702334068707 1.7487668516114343 2.6757081005489454 2.0981085975654414 29.148242891242251 5.3403346145059913 7.5984872388653546 1.4283452206291261 1.7582998056896029
leaf_count=1807 43 277 259 100 33 37 25 452 119 1308 261 298 60 20
internal_value=0.000223491 0.00170369 0.000764682 0.00150971 -0.000217622 0.000659634 -0.000212188 -0.0161416 0.00170762 0.000440014 -0.0132775 0.00314007 0.0119334 -0.00657456
internal_weight=68.0749 65.2468 63.8634 61.942 56.3003 55.6275 54.1478 5.02718 49.1206 47.0225 7.0891 39.9334 10.7851 3.18665
internal_count=5099 3292 3249 2990 2713 2680 2580 489 2091 1972 286 1686 378 80
is_linear=0
shrinkage=0.03


Tree=231
num_leaves=15
num_cat=0
split_feature=0 1 4 7 4 7 0 1 5 5 4 5 4 4
split_gain=1.19937 2.46895 1.41589 2.24329 2.18903 2.0829 1.76436 2.56546 1.64488 1.47147 2.04077 1.40318 2.12448 1.75855
threshold=12.177544593811037 4.8795616626739511 36.070268630981452 -0.53289884395400844 36.094163894653327 -0.86818149007542045 25.081840515136722 22.855208396911625 199.86756134033206 204.6757736206055 36.518089294433601 227.14627838134768 32.790994644165046 35.69995307922364
decision_type=2 2 2 2 2 2 2 2 2 2 2 2 2 2
left_child=-1 -2 3 8 -4 -6 -7 -8 -3 10 -9 13 -13 -5
right_child=1 2 4 11 5 6 7 9 -10 -11 -12 12 -14 -15
leaf_value=-0.012944967205555115 0.021621457766457585 0.0059057165664323464 0.041870084539955485 0.0075024663327175794 -0.022860802162752981 -0.015302496911465685 0.023410829739361826 0.01485791913901275 -0.028994088862764507 -0.021068928773178414 -0.016148952587038579 -0.0018113781280952028 -0.03051358252802067 -0.014298656077085616
leaf_weight=4.9193263510242096 3.9026502294000229 1.2377450297935855 0.43321835354436444 18.276589737623002 1.4815789274871374 1.9548210935900012 6.2159518809057763 5.0256587909534556 3.7226592717925087 1.4630227740854023 1.8575666840188203 10.509201291133648 2.0326298371073781 3.0694395181490099
leaf_count=359 308 577 39 630 655 294 156 64 1236 92 40 382 181 51
internal_value=-4.1788e-05 0.00118717 -0.000552179 -0.00378092 0.00609733 0.00307776 0.00657669 0.0103083 -0.0207559 -0.000910655 0.00550308 -0.00077246 -0.00837286 0.003868
internal_weight=66.1021 61.1827 57.2801 38.8483 18.4318 17.9986 16.517 14.5622 4.9604 8.34625 6.88323 33.8879 12.5418 21.346
internal_count=5064 4705 4397 3057 1340 1301 646 352 1813 196 104 1244 563 681
is_linear=0
shrinkage=0.03


Tree=232
num_leaves=15
num_cat=0
split_feature=8 2 0 4 4 6 6 0 6 2 8 8 8 6
split_gain=1.64906 2.58806 2.10914 1.79173 2.12017 1.51277 2.83954 1.58337 1.48019 1.9033 1.44147 1.38984 2.21131 1.73825
threshold=0.79434007478810331 29.386193275451664 25.315677642822269 31.693459510803226 30.230744361877445 8.0254259109497088 8.0276145935058612 23.745889663696293 8.088682174682619 28.564537048339847 2.2853628013616794 1.2373229125795089 1.3018557883220179 8.0986208915710467
decision_type=2 2 2 2 2 2 2 2 2 2 2 2 2 2
left_child=8 2 3 4 -2 -3 10 -8 -1 -10 -7 -5 -13 -14
right_child=1 5 -4 11 -6 6 7 -9 9 -11 -12 12 13 -15
leaf_value=0.010329298795401388 -0.0093880862148241311 -0.023789179352540647 0.018887474353834612 0.0096787060960085783 0.01899770073713683 0.022481846246168346 0.0039128456631430213 -0.022010924805446974 0.011092293144271154 -0.041624502112377802 -0.01355680422118786 -0.034802561353747832 -0.0088058355738071699 0.018278089674474449
leaf_weight=12.47510346351191 2.9977206925395894 6.3272961875773062 4.0028341452125451 3.0802273964509395 5.3779348229290918 2.8481706319143991 2.6454641912132484 6.0795399282942526 0.58058818615973073 0.25556730292737484 0.60370865702861909 1.7907625245861734 14.557680996425917 1.5206684470176686
leaf_count=444 242 1228 122 99 288 47 64 943 61 14 162 32 1190 88
internal_value=-0.00177004 -0.00419318 0.000861293 -0.00214096 0.00892046 -0.0128742 -0.00582765 -0.0145566 0.00729903 -0.0189145 0.0145495 -0.0067683 -0.00996608 -0.00532401
internal_weight=65.1433 51.832 33.3278 29.325 8.37566 18.5042 12.1769 8.725 13.3113 0.836155 3.45188 20.9493 17.8691 16.0783
internal_count=5024 4505 2061 1939 530 2444 1216 1007 519 75 209 1409 1310 1278
is_linear=0
shrinkage=0.03


Tree=233
num_leaves=15
num_cat=0
split_feature=4 4 7 4 1 7 3 4 4 7 2 1 1 4
split_gain=1.12071 1.38593 2.47518 2.25645 1.87773 2.60603 1.63257 2.4529 1.73378 3.2018 1.55523 1.45867 1.40108 1.66285
threshold=36.614023208618171 36.08537673950196 -0.46856854824468003 36.094163894653327 21.778222084045414 -0.86818149007542045 23.548137664794925 29.331339836120609 31.693459510803226 -0.17130062248158404 29.435926437377933 8.4223213195800799 22.575560569763187 36.226156234741218
decision_type=2 2 2 2 2 2 2 2 2 2 2 2 2 2
left_child=1 2 -1 -3 -5 -6 7 11 9 -9 -10 -4 -7 -14
right_child=-2 3 6 4 5 12 -8 8 10 -11 -12 -13 13 -15
leaf_value=-0.019535085634399041 -0.019646902194181887 0.043869367465798691 -0.0052901771330485957 -0.011724894541438453 -0.021707008845556257 0.030321802466973035 0.011560243656215795 -0.027625372834677739 -0.0065419249603863566 0.019391645609520069 0.014014873677716883 -0.04086526357353025 0.020957043253641547 -0.0037509749140857795
leaf_weight=5.1372029454796566 1.4781285551143799 0.46972266293596732 2.7127823468763377 3.8730732474941787 1.1411752796266252 2.8107863927725658 8.8950650955084694 0.65562583180144418 19.42011923406972 6.8374209458706927 2.9892114539397872 1.1358442604541776 3.2878030687570554 5.1459317782428116
leaf_count=1881 311 18 264 312 427 56 198 103 774 375 140 8 57 129
internal_value=0.000159276 0.000906058 -0.00171903 0.00807837 0.00456241 0.010151 0.000825524 -0.00225486 0.00092435 0.0125094 -0.00331827 -0.0220522 0.0148929 0.00708165
internal_weight=65.9899 64.5118 47.7833 16.7285 16.2588 12.3857 42.6461 33.751 29.9024 7.49305 22.4093 3.84863 11.2445 8.43373
internal_count=5053 4742 3743 999 981 669 1862 1664 1392 478 914 272 242 186
is_linear=0
shrinkage=0.03


Tree=234
num_leaves=15
num_cat=0
split_feature=1 3 8 8 3 5 5 3 1 0 0 0 5 3
split_gain=1.30747 2.43479 2.71403 2.22515 2.00838 1.72392 1.5431 1.46674 1.2068 1.56964 2.60067 1.84345 1.17669 1.34066
threshold=14.688235282897951 15.768541336059572 1.8972533837704895 0.3738709969113439 10.961112976074221 298.60276794433599 222.40962219238284 8.008735656738283 28.272878646850589 29.332090377807621 27.723476409912113 27.683883666992191 220.95532226562503 24.490550041198734
decision_type=2 2 2 2 2 2 2 2 2 2 2 2 2 2
left_child=1 2 4 -3 5 7 -5 -1 9 10 11 12 -2 -14
right_child=8 3 -4 6 -6 -7 -8 -9 -10 -11 -12 -13 13 -15
leaf_value=0.023816323914943517 0.0018735655177321243 0.016096338521860917 -0.021226653468662555 0.0074956374725137585 0.01927957763972175 -0.025856539395144595 -0.023784759823435152 -0.0033235880541625873 -0.016769342998661358 0.026478428616202213 -0.016689648275197772 0.037593731855433563 0.021138810398684725 -0.0082803530341551256
leaf_weight=1.5168165352661214 23.065974806202583 1.1196934496983875 2.3636351774912319 1.205749168060718 6.8956510932184747 1.0931538360309785 7.8272540480829775 5.5616803832817823 1.2087158384965722 2.220895998645573 3.7106065799016497 0.73869146476499636 5.5176046197302631 1.1920340768992899
leaf_count=14 1226 60 576 68 430 134 275 151 664 99 1037 20 274 14
internal_value=0.00158881 -0.00330483 0.00351786 -0.0142837 0.00847909 -0.00174328 -0.0192784 0.00472031 0.00516638 0.00632227 0.00429975 0.00730071 0.00535205 0.0155161
internal_weight=65.2382 27.5836 17.4309 10.1527 15.0673 8.17165 9.033 7.0785 37.6545 36.4458 34.2249 30.5143 29.7756 6.70964
internal_count=5042 1708 1305 403 729 299 343 165 3334 2670 2571 1534 1514 288
is_linear=0
shrinkage=0.03


Tree=235
num_leaves=15
num_cat=0
split_feature=0 0 8 6 5 6 5 2 3 3 0 8 8 7
split_gain=1.84495 2.228 2.1701 2.04575 1.52938 2.29821 2.10554 2.94641 1.97566 1.56975 3.02475 2.55617 1.6253 2.09841
threshold=28.073434829711918 27.451275825500492 0.4937166062529485 8.0268964767456072 208.52745056152347 8.0204968452453631 211.45056915283206 29.435926437377933 9.5490527153015154 15.768541336059572 20.002093315124515 0.83928674783186563 1.3659066999880378 -0.29034235845436052
decision_type=2 2 2 2 2 2 2 2 2 2 2 2 2 2
left_child=1 2 -1 -3 5 -4 7 -6 -8 -10 11 -11 -12 -14
right_child=-2 3 4 -5 6 -7 8 -9 9 10 12 -13 13 -15
leaf_value=0.018702983137525976 -0.016712055690684201 0.02350524566648465 0.013697910940711041 -0.014823461819883067 0.030485838204179456 -0.025191843223225461 -0.016753697496397654 -0.011263146688910387 0.0093334032211656263 -0.056954167682700743 0.0052646254817641444 -0.0047892868131455078 -0.029483852800002354 0.0062390755908610556
leaf_weight=3.5917794886045149 4.7818440544651812 5.2347965601366004 1.1196081768721331 0.84302715555531893 3.0921719908947116 4.3978110428433865 6.8418450208846471 1.7568037071032447 10.053774158935992 0.66392299812287392 14.742238766513767 2.1414444390684366 2.2134138692636043 2.2088620895519844
leaf_count=257 1631 145 12 157 76 369 1256 89 475 31 288 127 44 33
internal_value=-0.000535369 0.00103498 -0.00106335 0.0168456 -0.00284905 -0.0164093 -0.000808836 0.0160204 -0.0032577 4.5731e-05 -0.00442576 -0.0288573 0.000404349 -0.0137808
internal_weight=63.6833 58.9015 52.8237 6.07782 49.2319 5.51742 43.7145 4.84898 38.8655 32.0237 21.9699 2.80537 19.1645 4.42228
internal_count=4990 3359 3057 302 2800 381 2419 165 2254 998 523 158 365 77
is_linear=0
shrinkage=0.03


Tree=236
num_leaves=15
num_cat=0
split_feature=7 6 8 2 4 7 4 6 8 5 2 8 6 1
split_gain=2.50663 2.55692 1.43797 2.28291 2.54786 1.31487 1.60047 1.88608 1.59155 2.37911 3.33919 2.78572 1.04987 3.50325
threshold=-0.8721508893123876 7.9875113964080819 0.593983574881085 31.150725364685062 34.260662078857429 -0.86275799212702931 36.226156234741218 8.0196533203125018 1.1824498976111324 223.52202606201175 28.167332649230961 1.8086429447539116 8.0809044837951678 4.8299019336700448
decision_type=2 2 2 2 2 2 2 2 2 2 2 2 2 2
left_child=-1 -2 -3 5 -5 -4 8 -8 -7 -10 11 12 13 -11
right_child=1 2 3 4 -6 6 7 -9 9 10 -12 -13 -14 -15
leaf_value=-0.024876579869290701 -0.01774161351069049 0.016715709795588667 0.025492764918441532 -0.03900476318374807 0.0043737268420896026 0.015727611125795779 0.013594685475865275 -0.018336846165881941 0.0089524238551876786 0.014964043030853693 -0.035841655141655299 -0.026735139870818693 0.015457817365575981 -0.023580977964932432
leaf_weight=2.5065967641421585 4.8364565292722537 5.2385995229706159 1.2975681633688498 1.542483669240027 1.9956174083054063 7.863499039085581 1.4574301568791259 5.2044715385418385 16.370495092764035 3.9054035567678493 1.9611840080469836 1.9367590310866933 4.5567062851041555 2.7473246429581195
leaf_count=1788 289 317 36 67 67 397 17 414 682 109 31 536 206 43
internal_value=-0.000204295 0.00119636 0.0031119 0.00141471 -0.0189654 0.00330023 0.00214522 -0.0104886 0.00449154 0.00128682 -0.00705979 -0.000535905 0.00580974 -0.00195498
internal_weight=63.4206 60.914 56.0775 50.8389 3.5381 47.3008 46.0033 6.6619 39.3414 31.4779 15.1074 13.1462 11.2094 6.65273
internal_count=4999 3211 2922 2605 134 2471 2435 431 2004 1607 925 894 358 152
is_linear=0
shrinkage=0.03


Tree=237
num_leaves=15
num_cat=0
split_feature=3 8 8 3 2 4 7 7 7 1 7 1 5 5
split_gain=1.25381 3.82738 1.53466 1.461 1.56885 1.91935 2.00622 1.4144 1.97648 1.15723 2.2741 3.18025 1.90258 1.84554
threshold=2.0998566150665288 3.5263450359702748 3.5434727839065157 9.5490527153015154 27.476711273193363 31.815826416015629 -0.12696699132440384 0.13303027820605126 0.36490029845308841 11.798156738281252 -0.24333344562067286 15.857508659362795 228.12010192871097 221.36128234863284
decision_type=2 2 2 2 2 2 2 2 2 2 2 2 2 2
left_child=-1 3 -3 -2 5 -5 -7 9 -9 12 11 -11 -6 -13
right_child=1 2 -4 4 7 6 -8 8 -10 10 -12 13 -14 -15
leaf_value=-0.019999729657975009 -0.012220034285988576 0.051956113966227034 -0.0064242916734812616 0.021397129147325826 -0.030127216928098929 0.01605740788131264 -0.012542826788264233 -0.032425637827114363 0.01213203733089903 -0.028310378277570485 0.014761480425858318 -0.0017795912159911274 0.0088077118001843625 0.02434931397508389
leaf_weight=1.9820857064332802 8.5072612635558453 0.72361758747137983 0.26957094902172685 5.3627699194475991 1.8075995035469525 2.708537582308054 4.4613271676935256 1.8731351103633636 0.68142376886680711 2.8616748768836215 7.416167254210456 22.358865872141909 1.2883140007033942 1.717436154372989
leaf_count=1713 1089 29 139 361 74 111 139 42 52 41 226 920 54 14
internal_value=-0.000998403 -8.3681e-05 0.0408373 -0.00139692 0.000551161 0.00939906 -0.00109561 -0.00238233 -0.0204707 -0.000648172 0.0011175 -0.00303268 -0.0157304 0.000980945
internal_weight=64.0198 62.0377 0.993189 61.0445 52.5373 12.5326 7.16986 40.0046 2.55456 37.4501 34.3541 26.938 3.09591 24.0763
internal_count=5004 3291 168 3123 2034 611 250 1423 94 1329 1201 975 128 934
is_linear=0
shrinkage=0.03


Tree=238
num_leaves=15
num_cat=0
split_feature=5 6 2 6 0 1 0 5 8 2 6 1 0 1
split_gain=2.15007 1.51132 1.84027 1.45853 1.84505 1.71861 1.87487 1.44285 1.42027 1.38731 1.32833 1.30325 1.28521 1.20448
threshold=202.47442626953128 8.0158071517944354 31.653620719909672 8.0231103897094744 26.275093078613285 21.519083023071293 24.574547767639164 232.93408203125003 0.593983574881085 22.802764892578129 7.9795942306518564 22.688650131225589 27.273456573486332 14.926133155822756
decision_type=2 2 2 2 2 2 2 2 2 2 2 2 2 2
left_child=-1 2 7 -3 5 6 13 8 -2 10 -9 -7 -6 -5
right_child=1 3 -4 4 12 11 -8 9 -10 -11 -12 -13 -14 -15
leaf_value=-0.018768066926670265 0.00475555765163549 0.016313711774958852 0.021194027774532893 -0.0008401172734728451 -0.028762740851156838 0.02787513015822372 -0.019818786161770584 -0.027446774847681491 -0.036000128942639265 0.012262138477552531 -5.4261850467111416e-05 0.00020337946944794442 -0.0013753612985157142 0.012231323495606407
leaf_weight=4.3492223175126119 0.73702019639312899 5.8427856261259867 0.79595355782657939 19.643160147592432 1.8124782171216782 3.1878035920090033 2.5356486625969401 1.7747342493385074 2.1557250914629549 2.3151387083344162 3.7511176644475199 2.438532309490256 3.6512617083499208 8.290793340536764
leaf_count=1453 19 333 14 935 273 111 114 141 151 46 621 94 318 395
internal_value=-0.000551382 0.00108374 -0.00822424 0.00347086 0.00132442 0.00387262 0.000833304 -0.0120261 -0.0270621 -0.00404532 -0.0117096 0.0177224 -0.0135048 0.00332813
internal_weight=63.2814 58.9322 11.5297 47.4025 41.5597 36.0959 30.4696 10.7337 2.89275 7.84099 5.52585 5.62634 5.46374 27.934
internal_count=5018 3565 992 2573 2240 1649 1444 978 170 808 762 205 591 1330
is_linear=0
shrinkage=0.03


Tree=239
num_leaves=15
num_cat=0
split_feature=3 1 1 7 6 7 8 7 4 6 8 7 4 3
split_gain=1.92427 1.66238 2.02287 1.92997 1.62041 1.8915 1.88183 1.75812 1.67937 1.81155 2.98294 1.56349 1.52795 1.52157
threshold=10.961112976074221 6.0971038341522226 14.688235282897951 -0.23347957574403252 8.0384922027587908 -0.24333344562067286 1.3408419963373561 -0.45708148150874789 36.570991516113288 8.0256605148315447 0.83928674783186563 -0.11013648171863848 14.994304180145265 12.035725116729738
decision_type=2 2 2 2 2 2 2 2 2 2 2 2 2 2
left_child=-1 12 3 -3 8 6 7 -6 9 10 -4 -5 -2 -13
right_child=1 2 4 11 5 -7 -8 -9 -10 -11 -12 13 -14 -15
leaf_value=-0.012149249872479459 -0.014442770865082333 -0.029938603033168993 0.017163191637627796 0.0070614743071966985 -0.014883710970488221 0.01516118138093895 -0.022673596975123507 0.01636201210304614 -0.017964873727601815 0.023034853779402252 -0.010773335508402112 0.0054394026180010968 0.021882172705136361 -0.023814566072443703
leaf_weight=13.473252751049584 0.57138137146830459 2.6292821653187266 5.7940552653744906 5.1986133949831119 1.9937565950676797 2.1609609690494826 4.9545521920081228 2.5589370026718807 1.1544306279392902 5.7341675793286404 6.0177361424430273 1.9841673020273436 4.074035027064383 3.5448262472636998
leaf_count=3134 42 51 156 251 19 43 102 51 52 187 463 36 392 89
internal_value=-0.00255207 0.000313064 -0.00162949 -0.0109275 0.00267802 -0.00579514 -0.011548 0.00246244 0.00799069 0.010575 0.00320043 -0.00411249 0.0156474 -0.0140911
internal_weight=61.8442 48.3709 43.7255 13.3569 30.3686 11.6682 9.50725 4.55269 18.7004 17.546 11.8118 10.7276 4.64542 5.52899
internal_count=5068 1934 1500 427 1073 215 172 70 858 806 619 376 434 125
is_linear=0
shrinkage=0.03


Tree=240
num_leaves=15
num_cat=0
split_feature=4 7 4 7 1 4 3 1 6 1 1 7 8 3
split_gain=2.23631 2.06277 2.01267 2.17597 1.81302 1.75645 1.45899 2.54057 2.56902 1.412 1.4067 2.15191 1.31932 1.25461
threshold=36.070268630981452 -0.46856854824468003 36.094163894653327 -0.86818149007542045 21.778222084045414 36.614023208618171 8.80670213699341 5.0677268505096444 7.981957435607911 24.514926910400394 14.405731201171877 -0.23347957574403252 1.3408419963373561 24.698616981506351
decision_type=2 2 2 2 2 2 2 2 2 2 2 2 2 2
left_child=1 -1 -2 -4 -5 9 -3 -8 -9 -6 11 -10 13 -12
right_child=2 6 3 4 5 -7 7 8 10 -11 12 -13 -14 -15
leaf_value=-0.020347982797538879 0.040432804543569387 -0.015944622705879711 -0.022415625217532521 -0.0080216525069588453 0.021992103936470473 -0.01558352253325602 0.018585071627445236 0.020779412720460324 -0.031203588768293145 -0.0022930478783946867 0.014489612332947221 -0.0050413682566986173 -0.010663733595511926 -0.012390661292094648
leaf_weight=5.0187216365593477 0.61875276413047942 4.410292688116896 1.3703654613927962 3.8978859124472391 9.1745247938670165 0.90057673875708211 5.0232941708527497 2.7377113066613701 2.7941591276321605 2.5093041923828432 6.2713770736008865 13.343734762864187 3.6355076329782605 1.1675664151553062
leaf_count=1875 43 548 640 363 205 33 397 53 51 45 116 507 79 45
internal_value=-0.000338694 -0.00398121 0.00817213 0.00496865 0.00839738 0.0136991 -0.00144335 0.000777726 -0.00271295 0.0170069 -0.00572917 -0.0111276 0.00240757 0.00930233
internal_weight=62.8738 44.4024 18.4714 17.8527 16.4823 12.5844 39.3836 34.9734 29.9501 11.6838 27.2123 16.1379 11.0745 7.43894
internal_count=5000 3671 1329 1286 646 283 1796 1248 851 250 798 558 240 161
is_linear=0
shrinkage=0.03


Tree=241
num_leaves=15
num_cat=0
split_feature=3 1 7 4 1 0 3 3 5 4 3 6 4 7
split_gain=1.37683 1.5385 2.06459 1.79057 2.02901 1.91065 1.61555 2.61599 1.40399 1.88353 2.5165 1.94131 1.60759 1.64367
threshold=28.135394096374515 21.912405967712406 -0.24333344562067286 36.614023208618171 24.514926910400394 29.332090377807621 3.9507616758346562 15.45805883407593 223.28152465820315 31.892121315002445 20.313896179199222 8.0986208915710467 30.744473457336429 0.13303027820605126
decision_type=2 2 2 2 2 2 2 2 2 2 2 2 2 2
left_child=1 2 -1 4 6 -6 -3 -8 -4 12 11 -11 13 -10
right_child=-2 3 8 -5 5 -7 7 -9 9 10 -12 -13 -14 -15
leaf_value=-0.011079261804779217 -0.020295415834983292 0.041099241680632746 0.014212108220666163 -0.017835603851171573 -0.012354608681331869 0.018774209530190641 -0.013512005737332865 0.020490938754887486 0.009959327466646524 -0.029135359546140122 0.0088154250137112509 0.0047217552767194367 0.014901703516937788 -0.014981075593396525
leaf_weight=12.917334087018387 1.7179708766634565 1.6283292226726214 6.412874955218288 1.1553505302872498 4.1895596332615233 1.7045560423284767 2.0611611857311782 6.0736300649587065 3.5085159777081589 4.6027482743957062 3.4222063105553389 1.7504536006599662 7.4941380762029439 4.1217726788017899
leaf_count=1148 262 100 219 234 1202 417 178 104 212 182 111 116 313 213
internal_value=0.000616405 0.00152258 -0.00144504 0.00897254 0.0119027 -0.00193485 0.0196602 0.0113394 0.00274921 -0.000637774 -0.0103261 -0.0204334 0.00587613 -0.00368793
internal_weight=62.7606 61.0426 44.23 16.8126 15.6572 5.89412 9.76312 8.13479 31.3127 24.8998 9.77541 6.3532 15.1244 7.63029
internal_count=5011 4749 2514 2235 2001 1619 382 282 1366 1147 409 298 738 425
is_linear=0
shrinkage=0.03


Tree=242
num_leaves=15
num_cat=0
split_feature=0 0 4 0 6 0 5 8 2 8 8 6 6 6
split_gain=2.13178 2.14959 1.56733 1.1625 1.59284 2.09806 1.57632 2.18042 2.03151 1.59068 1.64654 3.14577 1.74128 2.37087
threshold=27.757070541381839 27.634655952453617 36.257423400878913 26.18913555145264 8.0204968452453631 27.451275825500492 211.45056915283206 1.8972533837704895 29.435926437377933 1.5915460457665875 1.3659066999880378 8.0754137039184588 8.088682174682619 8.1111340522766131
decision_type=2 2 2 2 2 2 2 2 2 2 2 2 2 2
left_child=1 3 -3 6 -5 -6 8 9 -1 10 12 -12 -8 -14
right_child=-2 2 -4 4 5 -7 7 -9 -10 -11 11 -13 13 -15
leaf_value=0.024955949405713999 -0.0164963964024104 0.042868385366206893 -0.0058683551764615923 0.013866145396665169 -0.028589822513617125 0.0050339108558032 0.0067701938395660077 -0.020032536389706635 -0.0057149323356907996 0.013690127499224092 -0.024457727431920245 0.010472467560551703 -0.028034776992444603 0.015069512166746022
leaf_weight=4.4952230982016763 5.2394633922376661 0.89560004079248645 0.55251857271650806 1.2129354896023858 3.4042174065252766 2.2711019905982539 19.744116050889723 3.3693536058999589 2.5187533108983189 7.6336979519692241 5.0717912255786342 3.0271898414939642 2.2550261830911036 0.99897145153954614
leaf_count=101 1779 19 47 33 383 96 697 1145 81 168 128 136 118 118
internal_value=0.000174869 0.0019515 0.0294718 0.000735328 -0.00998503 -0.0163961 0.0024081 8.47066e-05 0.0146031 0.00229495 -0.000841706 -0.0116857 0.0033049 -0.0143701
internal_weight=62.69 57.4505 1.44812 56.0024 6.88825 5.67532 49.1141 42.1001 7.01398 38.7308 31.0971 8.09898 22.9981 3.254
internal_count=5049 3270 66 3204 512 479 2692 2510 182 1365 1197 264 933 236
is_linear=0
shrinkage=0.03


Tree=243
num_leaves=15
num_cat=0
split_feature=3 5 3 2 2 3 2 4 1 7 5 0 7 2
split_gain=1.08275 1.72073 3.45506 2.25934 1.94524 2.03698 1.6002 1.42265 1.92978 1.34087 1.38954 2.40158 1.36742 1.35401
threshold=14.585113525390627 202.47442626953128 3.946269273757935 29.435926437377933 29.287972450256351 7.3443951606750497 30.664455413818363 31.892121315002445 3.6357250213623051 -0.062539458813014107 242.08306884765628 16.480623245239261 0.45215633650867643 28.083174705505375
decision_type=2 2 2 2 2 2 2 2 2 2 2 2 2 2
left_child=1 2 -1 4 5 -3 -4 8 -7 13 -11 12 -12 -2
right_child=9 3 6 -5 -6 7 -8 -9 -10 10 11 -13 -14 -15
leaf_value=-0.01349669704971441 0.017813279891925594 -0.017265801904416091 -0.006134142051852848 -0.021230556689920028 0.031426504939985979 -0.0014881152881683448 0.053898251513411349 -0.0016684129185491232 0.025387477974979804 -0.027130520053502267 -0.038897031564714954 0.019287180467869078 0.0085101478729232623 -0.00082150884184721139
leaf_weight=0.81456842861371415 2.9741872930899254 2.6117419817019352 0.25627633417025197 1.9170763252186578 1.5993023937335227 3.7566738591995108 1.2842337961774317 8.0687689050100726 5.1979138096794486 2.291670656297355 0.51084226928651366 1.7264009839855132 0.39290648605674505 29.386229265888687
leaf_count=848 141 1195 226 516 101 119 80 246 274 37 25 91 45 1062
internal_value=0.00228337 0.00692116 0.027099 0.00383151 0.00694725 0.00352704 0.0454279 0.00749807 0.0150956 -0.000987477 -0.014123 0.00156224 -0.0246427 0.00137381
internal_weight=62.7888 25.5066 2.35508 23.1515 21.2344 19.6351 1.54051 17.0234 8.95459 37.2822 4.92182 2.63015 0.903749 32.3604
internal_count=5006 3605 1154 2451 1935 1834 306 639 393 1401 198 161 70 1203
is_linear=0
shrinkage=0.03


Tree=244
num_leaves=15
num_cat=0
split_feature=2 3 8 6 6 4 6 4 2 6 2 6 5 7
split_gain=1.54426 2.37003 3.46424 2.35573 1.68902 1.66455 1.18213 1.17007 2.0868 1.39424 1.95541 2.90266 2.31152 2.39345
threshold=30.60842323303223 23.419466018676761 0.79434007478810331 8.0276145935058612 7.9795942306518564 33.953939437866218 8.0079989433288592 31.655437469482425 28.167332649230961 8.0901808738708514 28.930613517761234 8.0478301048278826 220.95532226562503 -0.29034235845436052
decision_type=2 2 2 2 2 2 2 2 2 2 2 2 2 2
left_child=4 3 6 5 -1 -2 -3 8 -6 10 12 -12 13 -9
right_child=1 2 -4 -5 7 -7 -8 9 -10 -11 11 -13 -14 -15
leaf_value=-0.022077898697685068 -0.008572476109852888 0.023292745057289819 -0.017477725718682419 -0.0090293398519356513 0.017242104563132236 0.039406378885710504 0.00049885564509703306 -0.015106789646925686 -0.015626594709910822 0.012964824296030764 -0.0068013018488192476 0.019297212866473051 -0.021596681423368073 0.013801071448066976
leaf_weight=2.0795726258074856 0.39005083334632473 3.8272279780358058 4.2484627303201705 1.0248518956359474 6.714781138871329 3.6103801584686153 3.633983613923192 3.8089613772463053 1.3991975738317703 4.127725211903452 8.4307450173655507 5.531514514470472 7.7125877821235909 4.5566479881526956
leaf_count=169 133 58 319 406 514 268 122 264 90 209 1339 217 750 155
internal_value=0.00235587 0.00983927 0.00181121 0.0251406 -0.000621829 0.0339495 0.013562 0.000919161 0.0104815 -0.00158508 -0.00393759 0.00413699 -0.0107812 0.000431336
internal_weight=61.0967 16.735 11.7097 5.02528 44.3617 4.00043 7.46121 42.2822 8.11398 34.1682 30.0405 13.9623 16.0782 8.36561
internal_count=5013 1306 499 807 3707 401 180 3538 604 2934 2725 1556 1169 419
is_linear=0
shrinkage=0.03


Tree=245
num_leaves=15
num_cat=0
split_feature=3 5 1 0 3 5 5 7 0 6 4 1 3 6
split_gain=1.65146 1.54336 1.94267 2.48678 1.6064 2.07482 2.44025 1.96581 1.46709 1.51444 1.6404 1.26252 1.19219 1.18993
threshold=16.326181411743168 298.60276794433599 4.8795616626739511 13.252803802490236 1.8229560256004336 202.47442626953128 208.52745056152347 -0.96297177102619191 20.002093315124515 7.9680233001708993 32.183065414428718 26.046833992004398 11.125223636627199 8.0598716735839862
decision_type=2 2 2 2 2 2 2 2 2 2 2 2 2 2
left_child=1 2 -1 -4 -5 7 -7 -6 -2 -10 -11 -12 -3 -8
right_child=8 12 3 4 5 6 13 -9 9 10 11 -13 -14 -15
leaf_value=0.022480687944851547 -0.020359276442532402 -0.025879187706753834 -0.021491494719464089 -0.01660386974299314 -0.0089649291865734303 -0.021273775651636306 0.020309523488266513 0.044783990111199726 0.022241489001111715 -0.016352679961314478 0.002607281857017175 -0.022851556072558468 0.010828266131342166 0.0013841835560613083
leaf_weight=6.3998438934213544 2.6665776283480218 1.2067691365955386 2.0093377205776077 1.2340941771981331 0.42518677428597573 1.6291980765527103 5.0187532249256019 1.5311228406499129 1.4838415565900493 4.9305382457678197 26.519063591724265 0.87413010851014306 0.55488715367391694 6.2560305138467811
leaf_count=368 158 207 101 1370 432 342 197 182 32 267 678 173 32 487
internal_value=0.00178501 0.00738072 0.00946964 0.0039341 0.00817995 0.0111553 0.00549114 0.0340212 -0.00233392 -0.000368101 -0.0020423 0.00101867 -0.0145828 0.0107767
internal_weight=62.7394 26.2652 24.5036 18.1037 16.0944 14.8603 12.904 1.95631 36.4742 33.8076 32.3237 27.3932 1.76166 11.2748
internal_count=5026 3718 3479 3111 3010 1640 1026 614 1308 1150 1118 851 239 684
is_linear=0
shrinkage=0.03


Tree=246
num_leaves=15
num_cat=0
split_feature=5 8 0 3 0 5 2 5 1 8 8 2 1 2
split_gain=0.855928 1.59473 1.69539 2.17379 1.83889 1.69676 1.57944 1.49751 1.29146 1.12664 1.6746 1.46416 1.07083 1.03723
threshold=221.89505004882815 1.8086429447539116 16.014825820922855 10.961112976074221 20.002093315124515 297.33053588867193 31.322996139526371 227.14627838134768 8.4223213195800799 1.4062732260907029 1.288162388207748 28.628553390502933 4.8299019336700448 31.322996139526371
decision_type=2 2 2 2 2 2 2 2 2 2 2 2 2 2
left_child=13 2 3 5 8 12 7 -6 9 10 11 -4 -2 -1
right_child=1 -3 4 -5 6 -7 -8 -9 -10 -11 -12 -13 -14 -15
leaf_value=0.0016557900445597937 0.013499658643007334 -0.024458963233545166 0.016752418707602263 0.020677608441041214 0.012529026891960296 -0.023488033794117447 -0.023177902204320606 -0.0095245287631610023 -0.045461701218176387 0.013114295035756928 -0.039502634923961263 -0.023214169485764342 -0.0069881297114181094 0.01681038969841089
leaf_weight=27.649000040197283 3.9405827834270948 1.8346640580566589 1.2417245977558198 4.8700826750136903 5.9698163531720621 1.6094466869253663 1.3486027806065966 3.6839166637510061 0.67757730558514584 0.76380127388983954 0.57917757239192713 0.313945504836738 3.4270691208075732 3.8268867887090883
leaf_count=2992 100 751 109 364 151 123 23 58 11 45 29 22 58 183
internal_value=0.000556402 -0.00299651 -0.000827135 0.00645562 -0.00771488 -0.00255901 -0.000976707 0.0040092 -0.0237016 -0.00825889 -0.0176498 0.00275942 0.00427351 0.0039592
internal_weight=61.7363 30.2604 28.4257 13.8472 14.5786 8.9771 11.0023 9.65373 3.57623 2.89865 2.13485 1.55567 7.36765 31.4759
internal_count=5019 1844 1093 645 448 281 232 209 216 205 160 131 158 3175
is_linear=0
shrinkage=0.03


Tree=247
num_leaves=15
num_cat=0
split_feature=1 3 8 3 8 6 3 4 6 0 6 3 8 4
split_gain=1.49975 1.87588 2.44758 2.28501 2.00333 1.67863 1.38341 1.80132 2.4267 1.47105 2.84089 1.39879 1.63779 2.08519
threshold=14.688235282897951 16.326181411743168 1.8086429447539116 11.405933380126955 0.3738709969113439 7.9795942306518564 24.698616981506351 35.69995307922364 7.9680233001708993 26.438852310180668 8.0209822654724139 1.8229560256004336 3.5263450359702748 35.741561889648445
decision_type=2 2 2 2 2 2 2 2 2 2 2 2 2 2
left_child=1 2 3 5 -3 -1 11 8 -8 -9 -11 -2 13 -13
right_child=6 4 -4 -5 -6 -7 7 9 -10 10 -12 12 -14 -15
leaf_value=-0.025413475567784821 -0.015284025093390137 0.015615377444620613 -0.019885163228140493 0.022261740088716047 -0.018529892388820704 0.0038808836527542893 0.017445061643541534 0.019666330625845857 -0.026490976899928558 0.014876679334719577 -0.020276884485142668 0.016390766518684957 0.033113916824571384 -0.0028240644516430145
leaf_weight=1.1289735937025458 1.0343800679547737 1.0521431160159398 2.7655547960894173 4.7057949225418261 8.7360129756852967 9.2288224617368524 0.75341758271679182 2.9345529684796912 3.3673167061060667 3.1067881847266108 3.2011856860481203 10.460748928540857 1.9024712668615382 8.6773188218940032
leaf_count=76 1094 60 621 406 312 246 18 64 366 87 109 638 360 550
internal_value=0.0012972 -0.00386577 0.00200405 0.00701046 -0.0137523 -0.00126853 0.00531641 -0.00221533 -0.0166199 0.00520249 -0.00329662 0.00977424 0.0116437 0.00797103
internal_weight=63.0555 27.6173 17.8291 15.0636 9.78816 10.3578 35.4382 13.3633 4.12073 9.24253 6.30797 22.0749 21.0405 19.1381
internal_count=5007 1721 1349 728 372 322 3286 644 384 260 196 2642 1548 1188
is_linear=0
shrinkage=0.03


Tree=248
num_leaves=15
num_cat=0
split_feature=4 4 7 1 7 0 7 2 7 4 3 3 1 1
split_gain=1.08606 2.43839 1.95824 1.7991 3.33604 1.78306 1.67771 1.49924 1.34151 1.43379 1.26469 2.33506 1.73655 1.28458
threshold=36.070268630981452 36.226156234741218 -0.46856854824468003 15.148576259613039 -0.23347957574403252 25.081840515136722 -0.64933787470438042 29.136576652526859 -0.14959553443381671 35.907165527343757 10.726224422454836 15.768541336059572 11.798156738281252 3.0808253288269047
decision_type=2 2 2 2 2 2 2 2 2 2 2 2 2 2
left_child=2 5 -1 4 -4 -2 7 -3 9 -5 13 -12 -13 -6
right_child=1 6 3 8 10 -7 -8 -9 -10 -11 11 12 -14 -15
leaf_value=-0.019826883075789861 -0.0067593651830961353 0.0090019233524687853 -0.025656341393843828 0.017412292629696437 0.0063269369597067143 0.02417068302312636 0.0057664682088936752 -0.024517289323152162 -0.011396037994400091 -0.012261756976462335 0.015701832143083749 -0.017178885577138998 0.0069795255303555081 -0.017052296648563829
leaf_weight=4.8652594463783307 1.7446941176895077 1.0531500883516862 4.7399593420559567 8.0768840503878874 2.5611300543532733 5.6971991289174184 6.0297834642697099 3.4542468724539503 1.6660576540743921 1.0107921747257922 7.5971981317270574 4.5173212457448226 4.401660337112844 5.2123442299780436
leaf_count=1861 24 39 297 253 171 300 372 601 39 15 479 225 136 229
internal_value=-0.00114574 0.00490734 -0.0036373 -0.0012198 -0.00508693 0.0169776 -0.00435 -0.0164731 0.00876411 0.0132234 -0.000217177 0.00444797 -0.00575466 -0.00950635
internal_weight=62.6277 17.9791 44.6486 39.7833 29.0296 7.44189 10.5372 4.5074 10.7537 9.08768 24.2897 16.5162 8.91898 7.77347
internal_count=5041 1336 3705 1844 1537 324 1012 640 307 268 1240 840 361 400
is_linear=0
shrinkage=0.03


Tree=249
num_leaves=15
num_cat=0
split_feature=8 8 7 0 5 8 8 2 2 1 8 2 7 6
split_gain=1.16905 1.86465 1.28501 1.29786 1.41498 1.31464 1.28754 0.99978 1.42595 1.4089 1.31357 1.70298 1.56571 1.56718
threshold=3.5301841531883742 3.5145975408146879 -0.8721508893123876 29.332090377807621 203.47237396240237 1.8972533837704895 1.7669812365697533 27.476711273193363 22.802764892578129 11.798156738281252 1.3659066999880378 31.150725364685062 -0.52676163825421463 8.0272436141967791
decision_type=2 2 2 2 2 2 2 2 2 2 2 2 2 2
left_child=1 2 -1 5 -5 6 7 8 -4 -9 11 12 13 -11
right_child=-2 -3 3 4 -6 -7 -8 9 -10 10 -12 -13 -14 -15
leaf_value=-0.022157192095072616 -0.019400469682853409 0.034954845511371069 -0.0013321838952912856 0.026518235127439411 -0.011599098450939715 -0.013228582094262758 0.017435990016300421 -0.018689470823524051 0.016752676731108064 0.0083550197767184083 -0.012572915160826878 -0.0096391596401358588 0.01301873179228674 -0.023826055872097466
leaf_weight=1.3477984745404672 1.8096550735644985 0.37350472022080694 9.8934419216820952 2.1562910742359231 0.56255466572474677 5.6196060299989758 2.9514501850935622 3.6791019169613746 5.3618220770731559 2.0846377236302938 5.6068053343333295 6.2173432093113652 11.691000099759554 1.5942827047547323
leaf_count=869 1586 101 377 99 60 616 92 191 363 56 184 192 235 30
internal_value=-0.000491581 0.000399995 -0.000400814 0.000480423 0.0176332 -0.000673427 0.000999572 -0.000399737 0.00566373 -0.00347956 -0.000831895 0.0026392 0.00789139 -0.00770249
internal_weight=60.9493 59.1396 58.7661 57.4183 2.71885 54.6995 49.0799 46.1284 15.2553 30.8732 27.1941 21.5873 15.3699 3.67892
internal_count=5051 3465 3364 2495 159 2336 1720 1628 740 888 697 513 321 86
is_linear=0
shrinkage=0.03


Tree=250
num_leaves=15
num_cat=0
split_feature=7 7 5 8 8 4 4 6 0 6 8 8 1 0
split_gain=2.26334 1.38987 1.46745 1.17125 1.05251 1.06096 2.14606 1.65882 2.27672 1.05382 1.14461 1.10768 1.73891 2.86019
threshold=-0.8721508893123876 -0.70655824933822109 202.47442626953128 1.4062732260907029 0.31247925386168401 30.744473457336429 31.305315017700199 8.0465049743652362 30.075203895568851 8.0041055679321307 0.67571740537862135 1.2373229125795089 11.0334849357605 17.969701766967777
decision_type=2 2 2 2 2 2 2 2 2 2 2 2 2 2
left_child=-1 3 -3 -2 -4 7 -7 8 -6 10 -8 12 13 -11
right_child=1 2 4 -5 5 6 9 -9 -10 11 -12 -13 -14 -15
leaf_value=-0.024340233491344072 -0.0058501974405955519 -0.023069864441307819 0.017986825995806161 0.018111279874084597 -0.020977560191923029 0.020605483132577537 0.0088482893127845002 0.01217515865692893 0.020811086147434901 0.014354632356054555 -0.032263954893340149 -0.0027585317731865003 0.013709232550921571 -0.042758663001302231
leaf_weight=2.2424120804062104 1.937230635783634 1.4666769322357129 1.9601813508197654 6.0416921876021661 6.5055426914477703 3.7730316306115119 0.39384246990084537 1.7582601257599888 0.56550575513392676 0.901116901077329 0.8078463600249961 26.410959590313723 8.5154661303386074 0.50729198381304741
leaf_count=1786 69 129 126 500 319 177 6 165 4 95 137 1233 280 19
internal_value=0.000100535 0.00136598 -0.000456628 0.01229 0.000602453 -0.000415625 0.00165521 -0.00928711 -0.0154711 -0.000734871 -0.0208909 0.000473439 0.00853999 -0.0154293
internal_weight=63.7871 61.5446 53.5657 7.97892 52.099 50.1389 41.3096 8.82931 7.07105 37.5365 1.20169 36.3348 9.92388 1.40841
internal_count=5045 3259 2690 569 2561 2435 1947 488 323 1770 143 1627 394 114
is_linear=0
shrinkage=0.03


Tree=251
num_leaves=15
num_cat=0
split_feature=7 7 8 6 7 6 4 4 2 1 6 4 2 6
split_gain=1.9187 1.52249 1.52971 0.981365 2.0929 1.92185 1.58672 1.49963 2.18028 1.24665 1.83898 1.2792 1.34241 2.01615
threshold=-0.8721508893123876 -0.86275799212702931 0.31247925386168401 8.0126290321350115 -0.20627771609803841 8.0178956985473651 36.480400085449226 30.834199905395511 22.802764892578129 26.046833992004398 8.0272436141967791 31.305315017700199 29.243439674377445 8.0491580963134783
decision_type=2 2 2 2 2 2 2 2 2 2 2 2 2 2
left_child=-1 -2 -3 4 -4 -5 9 8 -6 10 -7 -12 -13 -14
right_child=1 2 3 5 7 6 -8 -9 -10 -11 11 12 13 -15
leaf_value=-0.024211930739428546 0.023104604597754291 0.019092856465784895 -0.030983239516519084 0.020198206102857878 -0.02947576729029272 0.012478380696187851 -0.022354233445599198 0.011686526960589971 0.0054913480942896421 -0.023621969866286827 0.012340306441425695 -0.0091312145497125692 -0.0059899629424617941 0.020933898484570061
leaf_weight=2.1973199190688311 1.3950884502846737 2.151742984307929 2.1752609149843911 2.751363663468509 2.0460412518586946 8.1397071129758825 2.2477573479991397 3.295127363933716 2.8460480123758316 1.0091992456000287 3.4771941327489904 19.718659391393889 5.7750014961929974 3.0332542941905558
leaf_count=1763 41 141 433 231 160 230 284 104 55 212 282 729 229 100
internal_value=-0.00156625 -0.000354814 -0.00129056 -0.00238511 -0.0102838 -0.00043115 -0.00216439 -0.00201033 -0.0116537 -0.000557477 0.000582394 -0.00272956 -0.00492218 0.0044707
internal_weight=62.2588 60.0614 58.6664 56.5146 10.3625 46.1521 43.4008 8.18722 4.89209 41.153 40.1438 32.0041 28.5269 8.80826
internal_count=4994 3231 3190 3049 752 2297 2066 319 215 1782 1570 1340 1058 329
is_linear=0
shrinkage=0.03


Tree=252
num_leaves=15
num_cat=0
split_feature=8 8 7 7 8 2 1 8 7 1 4 2 1 3
split_gain=1.09448 3.27871 2.16107 1.79554 1.76673 2.03394 3.79352 2.08907 2.44453 1.71421 1.46566 1.7038 1.50888 1.40093
threshold=3.5263450359702748 3.5434727839065157 -0.74980253787793572 -0.70655824933822109 1.1824498976111324 28.083174705505375 16.420977592468265 1.3659066999880378 -0.29034235845436052 3.6357250213623051 31.655437469482425 25.929642677307132 4.8299019336700448 23.791047096252445
decision_type=2 2 2 2 2 2 2 2 2 2 2 2 2 2
left_child=2 -2 -1 -4 -5 9 -7 13 -9 -6 -11 12 -12 -8
right_child=1 -3 3 4 5 6 7 8 -10 10 11 -13 -14 -15
leaf_value=-0.020054936800957303 0.04583936316264265 -0.0064422544468198655 0.019253327299444928 0.0064926625169479156 -0.020240478847227707 -0.035055249498666105 0.025074733406410012 -0.023619923058580863 0.0098084060935233839 0.021199035761527159 0.012983528510214837 0.014946865784261031 -0.014597696562374267 -0.0032680722576272966
leaf_weight=3.6394635028555049 0.81878429054631796 2.1519009085022844 3.5794820922892532 19.724524701130576 1.5356440240866529 3.6638769460842004 2.0664864927530271 4.6562061030417672 2.3296995187411094 3.344334590365178 1.5742178035434315 3.6799053307622671 5.6421724431565963 2.8038337978068739
leaf_count=1172 81 1569 94 872 225 52 8 281 52 131 31 143 309 60
internal_value=0.000642362 0.015883 -0.000390023 0.00125789 -0.000350456 -0.00473082 -0.0121048 -0.00283753 -0.0126398 0.0028126 0.00646349 0.000538985 -0.00773308 0.0109807
internal_weight=61.2105 2.97069 58.2398 54.6004 51.0209 31.2964 15.5201 11.8562 6.98591 15.7763 14.2406 10.8963 7.21639 4.87032
internal_count=5080 1650 3430 2258 2164 1292 453 401 333 839 614 483 340 68
is_linear=0
shrinkage=0.03


Tree=253
num_leaves=15
num_cat=0
split_feature=4 4 3 3 5 7 1 2 4 3 1 7 4 5
split_gain=2.36284 2.0835 1.66403 1.58916 2.14025 1.45121 1.70565 3.08005 1.66166 1.58966 1.39429 1.7324 1.35115 1.64819
threshold=36.08537673950196 36.226156234741218 24.698616981506351 8.6097049713134783 201.20803833007815 -0.23347957574403252 15.681722164154055 27.628327369689945 34.120470046997077 9.5490527153015154 5.4298472404479989 -0.16187185271061402 31.815826416015629 227.14627838134768
decision_type=2 2 2 2 2 2 2 2 2 2 2 2 2 2
left_child=2 -2 3 -1 -5 6 7 -6 -9 -7 -11 -12 -13 -14
right_child=1 -3 -4 4 5 9 -8 8 -10 10 11 12 13 -15
leaf_value=-0.017071880118123644 0.019617446208312 -0.00088252503443197712 -0.021753699063534838 0.028329979247873199 0.0080572616728595055 -0.018708080828500177 0.0010652041771229983 -0.0044099482267545165 -0.047059614378653435 0.017621740522892334 0.014786393367933637 0.0071020819560624979 0.0023221094830297483 -0.022246376662288219
leaf_weight=5.1247837003029408 6.7455485066166174 10.333041500009129 3.7813044046633868 1.1825548282358784 1.7813690983457471 2.012095473008233 5.5879456404945813 1.4184567732736471 2.1468043848872185 4.5359912442509112 4.4020533976145133 4.5404120441526148 4.0711865965276939 4.6028357609175146
leaf_count=1937 311 997 423 57 38 50 206 26 39 416 192 123 115 133
internal_value=-0.00136815 0.00785162 -0.00494728 -0.00293571 -0.00053462 -0.00226496 -0.0108362 -0.0214827 -0.0347741 0.00189003 0.00448817 0.000341547 -0.0051721 -0.011667
internal_weight=62.2664 17.0786 45.1878 41.4065 36.2817 35.0992 10.9346 5.34663 3.56526 24.1646 22.1525 17.6165 13.2144 8.67402
internal_count=5063 1308 3755 3332 1395 1338 309 103 65 1029 979 563 371 248
is_linear=0
shrinkage=0.03


Tree=254
num_leaves=15
num_cat=0
split_feature=8 8 8 0 1 8 6 6 1 8 3 6 3 2
split_gain=1.06413 3.11534 1.34792 1.32454 1.43421 1.0079 1.17104 1.44014 1.15858 1.08637 1.05244 1.33752 1.66718 1.98845
threshold=3.5263450359702748 3.5434727839065157 2.8311094832270411 29.332090377807621 28.272878646850589 0.4937166062529485 8.0158071517944354 7.9639053344726571 11.5883846282959 0.593983574881085 8.008735656738283 8.0231103897094744 26.085324287414554 21.833667755126957
decision_type=2 2 2 2 2 2 2 2 2 2 2 2 2 2
left_child=2 -2 3 5 -5 -1 7 8 -7 -9 -8 -12 13 -13
right_child=1 -3 -4 4 -6 6 10 9 -10 -11 11 12 -14 -15
leaf_value=0.012298359854992945 0.044018094439553838 -0.0065327583236213125 -0.020357637935868741 0.026880466317471839 -0.011476378177734165 -0.011324129265970337 0.019014015703887242 0.0096269739621988211 0.019024663943263655 -0.02239049661700062 0.011083470821682014 -0.025434097362918223 -0.02381078262421157 0.0008492640846596626
leaf_weight=3.7886566142551592 0.85432349686743636 2.1650036325736437 2.0071852745604692 2.0895224132109429 0.57847127737477411 1.2342662874143555 1.4870680316817004 0.54271670384332527 1.4089058369863776 5.5780611590016633 5.8978144967695689 1.8175325834890816 2.2604419491835861 31.519190614460967
leaf_count=287 79 1551 1040 77 144 88 27 14 23 365 215 50 127 998
internal_value=0.000213455 0.0151636 -0.000771732 0.000236165 0.0177025 -0.000901236 -0.0020825 -0.0114612 0.00563451 -0.0185983 4.69097e-05 -0.00106427 -0.00332478 -0.00128271
internal_weight=63.2292 3.01933 60.2098 58.2026 2.66799 55.5347 51.746 8.76395 2.64317 6.12078 42.982 41.495 35.5972 33.3367
internal_count=5085 1630 3455 2415 221 2194 1907 490 111 379 1417 1390 1175 1048
is_linear=0
shrinkage=0.03


Tree=255
num_leaves=15
num_cat=0
split_feature=8 1 4 8 3 4 4 5 5 7 7 8 8 4
split_gain=1.30607 1.74222 1.36753 1.31297 1.29829 1.21503 2.69728 1.64396 1.55634 1.47409 1.46967 1.40092 1.80061 1.13445
threshold=1.2510358432231932 25.521671295166019 30.744473457336429 1.274563586206517 23.650721549987797 33.529058456420906 31.655437469482425 263.34297180175787 297.33053588867193 -0.17130062248158404 -0.8721508893123876 1.8086429447539116 1.3552118459949656 36.614023208618171
decision_type=2 2 2 2 2 2 2 2 2 2 2 2 2 2
left_child=1 2 -1 -2 5 6 8 11 9 -5 -7 12 -8 -4
right_child=3 -3 13 4 -6 10 7 -9 -10 -11 -12 -13 -14 -15
leaf_value=-0.0051756715873365238 -0.027273668213699434 -0.023767600107289216 0.011884173794223891 -0.015483094643006118 -0.016982728231310217 -0.017681595172421464 -0.025394620209408705 -0.036587190739402489 -0.018687444232819574 0.021129211992443008 0.0077133911671213341 -0.024548171935598721 0.011213627680914962 -0.014508390099304791
leaf_weight=6.9718694302719149 1.3420902873622242 0.99316075991373409 16.101318818517033 0.46764179819729168 4.6074059411184853 1.414587410807141 0.61871799966320207 1.9007452061050569 0.66295291500864539 4.0066173553932485 14.007481322449166 1.6888087729457764 3.8376251190784387 0.76531604514457185
leaf_count=306 40 77 644 92 412 1306 31 247 167 121 843 602 137 25
internal_value=-0.00172324 0.00344502 0.00549 -0.00542968 -0.0037756 -0.00114656 -0.00754482 -0.0175765 0.00847061 0.0151732 0.00444918 -0.00739869 0.00240832 0.00994161
internal_weight=59.3863 24.8317 23.8385 34.5547 33.2126 28.6052 13.1831 8.0459 5.13721 4.47426 15.4221 6.14515 4.45634 16.8666
internal_count=5050 1052 975 3998 3958 3546 1397 1017 380 213 2149 770 168 669
is_linear=0
shrinkage=0.03


Tree=256
num_leaves=15
num_cat=0
split_feature=0 1 1 1 5 4 4 0 5 8 4 4 8 5
split_gain=0.894384 1.84185 1.64838 1.64354 1.35194 1.04306 1.5159 1.24229 1.80644 0.93604 1.22244 2.91437 1.33721 1.1298
threshold=29.332090377807621 24.237989425659183 21.912405967712406 28.272878646850589 203.47237396240237 29.076217651367191 31.305315017700199 16.480623245239261 242.08306884765628 1.4812629242729896 34.120470046997077 34.833875656127937 1.3408419963373561 224.85852050781253
decision_type=2 2 2 2 2 2 2 2 2 2 2 2 2 2
left_child=1 2 5 -2 -4 7 -7 -1 -9 10 -8 13 -13 -12
right_child=3 -3 4 -5 -6 6 9 8 -10 -11 11 12 -14 -15
leaf_value=-0.026353195282429402 0.025477017734183448 -0.013456766515887139 -0.016866188391464046 -0.012970835866329265 0.016704725531609035 0.014502588744692936 0.011970074022037765 -0.014646754094048623 0.018725483743075734 -0.0074917298707586578 -0.03239343295505466 0.012719424003214063 -0.013173348659395344 0.00033491524097994463
leaf_weight=1.8455689466791216 2.1572201855597082 6.908256657072342 0.41686768748331715 0.73534893040778104 8.0105935101746564 5.67262486857362 7.0124998763203683 2.3802622407674794 1.5696306070312855 11.900794674089409 2.1624245159327971 6.5119237173348665 1.47382565587759 1.3274751738645134
leaf_count=173 105 1462 50 438 420 362 357 24 79 1241 68 175 22 45
internal_value=0.000967107 1.97348e-05 0.00209748 0.0148816 0.0134312 -0.000444603 0.00154683 -0.0112402 -0.000281278 -0.00125657 0.00293546 -0.00310232 0.00700651 -0.0226424
internal_weight=60.0853 57.1927 50.2845 2.89257 8.42746 41.857 36.0616 5.79546 3.94989 30.3889 18.4881 11.4756 7.98575 3.4899
internal_count=5021 4478 3016 543 470 2546 2270 276 103 1908 667 310 197 113
is_linear=0
shrinkage=0.03


Tree=257
num_leaves=15
num_cat=0
split_feature=4 1 3 6 4 6 7 1 8 7 4 7 2 2
split_gain=1.59633 2.13008 2.33376 1.76718 2.63889 2.28779 2.17369 2.69172 1.24075 0.959749 1.07365 0.934355 1.0552 0.873459
threshold=32.978351593017585 6.8716635704040536 10.322763442993166 8.0231103897094744 34.601263046264656 8.0171675682067889 -0.34614637421864286 13.544450283050539 0.63076774951037862 -0.084185236875254671 31.927421569824222 -0.21516227543462435 28.628553390502933 28.628553390502933
decision_type=2 2 2 2 2 2 2 2 2 2 2 2 2 2
left_child=1 2 -1 5 -5 8 -6 11 -2 10 -4 -8 -13 -11
right_child=3 -3 9 4 6 -7 7 -9 -10 13 -12 12 -14 -15
leaf_value=-0.0086922052982878924 0.013678409196629424 -0.015370817959222269 0.013551992325028673 0.015978424932644248 -0.012334711647957066 0.026765725994897141 -0.031276585593091599 0.013666640852823889 -0.018689044677143399 0.024467103462906366 -0.019685312643918363 -0.016118670158884022 0.015193318227962426 -0.0092596866214197434
leaf_weight=6.7930363731575216 0.95014965068548862 9.1847828261961677 0.81484007462859132 7.2654878321336609 11.589343766041567 5.1376001772587188 0.90318952291272614 8.4589836520608497 1.4706481063039971 4.2266358830966055 0.72124346112832427 0.9672227477421973 0.91073352005332708 0.27162316720932711
leaf_count=378 30 908 89 401 1365 525 32 256 544 405 15 33 17 19
internal_value=0.001173 -0.00510468 0.00282618 0.00488005 0.00141027 0.0169165 -0.00370202 0.00547941 -0.00570016 0.0151851 -0.00366254 -0.0164511 -0.000930741 0.0211168
internal_weight=59.6655 22.0122 12.8274 37.6534 30.095 7.5584 22.8295 11.2401 2.4208 6.03434 1.53608 2.78115 1.87796 4.49826
internal_count=5017 1814 906 3203 2104 1099 1703 338 574 528 104 82 50 424
is_linear=0
shrinkage=0.03


Tree=258
num_leaves=15
num_cat=0
split_feature=1 2 1 8 0 8 4 1 4 8 2 4 8 1
split_gain=1.10719 2.02802 1.99546 2.29575 1.18953 1.64077 1.34473 1.23267 1.86822 1.30151 1.51518 2.09268 1.88047 1.21199
threshold=24.514926910400394 30.850934982299808 21.912405967712406 3.5263450359702748 23.963550567626957 0.67571740537862135 35.462495803833015 15.148576259613039 35.907165527343757 1.8086429447539116 27.476711273193363 29.076217651367191 1.1624850502937873 11.0334849357605
decision_type=2 2 2 2 2 2 2 2 2 2 2 2 2 2
left_child=2 -2 4 -4 7 -6 -7 9 -9 10 11 -1 13 -12
right_child=1 -3 3 -5 5 6 -8 8 -10 -11 12 -13 -14 -15
leaf_value=-0.018241118063491685 -0.021656232622621532 0.0099762462878311819 0.0050352027438358912 0.038314974529515718 0.015287064761006108 -0.031478133831649602 -0.0044754011326039421 0.019231079171428144 -0.016587451006192973 -0.017690832453495189 -0.016707302955812187 0.010899352301970578 -0.02093553373803048 0.0080905335493980397
leaf_weight=1.6612505188095479 3.8657479378161943 2.1718249192927033 7.6848414825508353 1.6457541611162012 1.0184149546548713 2.1091382219456136 4.4337497516535223 5.4192729394417247 0.82922462036367495 2.6724773412570348 1.3464936478994767 14.581147634948136 4.0213013701140881 6.4078807844780385
leaf_count=120 1664 216 322 208 75 61 196 239 193 692 118 650 77 192
internal_value=0.000740343 -0.0104767 0.00216656 0.0140458 -0.000578183 -0.0106681 -0.0161991 0.00171393 0.0128451 -0.000886146 0.00127116 0.00703384 -0.0066058 0.00236797
internal_weight=59.8685 6.03757 53.8309 9.3306 44.5004 7.5613 6.54289 36.939 6.2485 30.6906 28.0181 16.2424 11.7757 7.75437
internal_count=5023 1880 3143 530 2613 332 257 2281 432 1849 1157 770 387 310
is_linear=0
shrinkage=0.03


Tree=259
num_leaves=15
num_cat=0
split_feature=7 4 8 8 7 0 5 1 4 7 8 7 5 7
split_gain=2.01763 1.3094 0.841868 2.8229 1.33598 1.08327 1.23398 1.22289 0.866373 0.788944 0.685514 0.975136 1.73947 2.42557
threshold=0.1762297520048994 29.331339836120609 3.5263450359702748 3.5434727839065157 -0.8721508893123876 29.332090377807621 203.47237396240237 26.046833992004398 36.596691131591804 0.45215633650867643 1.2510358432231932 -0.72497119973652457 204.39053344726565 -0.40078538600284003
decision_type=2 2 2 2 2 2 2 2 2 2 2 2 2 2
left_child=2 9 4 -4 -1 7 -7 10 -5 -2 -6 -12 -13 -14
right_child=1 -3 3 8 5 6 -8 -9 -10 -11 11 12 13 -15
leaf_value=-0.021462106145366942 -0.033788461703269705 0.0065009044986670565 0.042753729846049596 -0.01689117096640191 0.0061140398110622182 0.026233878474718857 -0.010655296492913113 -0.02278378816321729 0.011524148390647611 -0.00015482179294468935 -0.018548658597326774 0.019671467293649936 -0.026050019159003755 0.0014136811924163166
leaf_weight=1.2258457874413569 1.9248958142707122 1.050209052802529 0.86753890145337154 1.274088160338579 19.728562562144361 2.0953161955112587 0.49170811421936367 0.86533453164156426 0.77807485434459511 0.81095551990438242 1.6117405302065844 2.7451406701002368 2.3405770731624242 21.042934560449794
leaf_count=888 70 127 77 1272 780 97 55 210 266 70 152 35 196 708
internal_value=0.000789986 -0.0179229 0.00237329 0.0157979 0.00133854 0.00229022 0.0182066 0.00108654 -0.00587164 -0.0265289 0.00198277 -0.00106583 0.000656575 -0.00229091
internal_weight=58.8529 3.78606 55.0669 2.9197 52.1472 50.9213 2.58702 48.3343 2.05216 2.73585 47.469 27.7404 26.1287 23.3835
internal_count=5003 267 4736 1615 3121 2233 152 2081 1538 140 1871 1091 939 904
is_linear=0
shrinkage=0.03


Tree=260
num_leaves=15
num_cat=0
split_feature=6 4 7 4 5 1 1 6 5 1 6 2 4 8
split_gain=1.0114 2.89829 2.1038 1.66158 1.51119 2.37349 3.81588 1.8686 1.42428 1.64296 1.87321 3.42098 1.18901 1.9279
threshold=8.0231103897094744 34.686437606811531 -0.33738634879116763 34.005607604980476 221.89505004882815 21.912405967712406 22.575560569763187 8.0276145935058612 221.89505004882815 5.4298472404479989 8.0901808738708514 28.784637451171879 30.834199905395511 0.83928674783186563
decision_type=2 2 2 2 2 2 2 2 2 2 2 2 2 2
left_child=1 3 4 12 5 -2 -7 -8 -4 -10 11 -11 13 -1
right_child=2 -3 8 -5 -6 6 7 -9 9 10 -12 -13 -14 -15
leaf_value=0.0079035830430561425 -0.028454801955126636 0.024657651307483795 0.01407950644292191 -0.027081865693940631 0.012907719961951768 0.022725867329034422 -0.00019685220010295346 -0.029668818979420399 0.014577764275224307 -0.028756583375641524 0.0093101189917996156 0.0069159427150866136 0.010765313200628242 -0.021059549622414041
leaf_weight=3.6981359601486474 4.4830218646675339 4.9486024312209329 7.7762683239998323 0.83353495510527942 1.5782016902812745 2.5855527681997028 3.9449144106474705 2.8279902854701504 3.5927926994045256 4.5998955556715355 3.9221383775584391 3.6991395968943834 7.4060144318500534 2.8072405896964483
leaf_count=69 341 546 301 163 26 97 442 915 326 165 203 123 991 278
internal_value=0.00161596 0.0069814 -0.00119948 -0.000140289 -0.00948862 -0.0127399 -0.00319165 -0.0147365 0.00438422 -0.00093711 -0.00625581 -0.0138224 0.00318191 -0.00573544
internal_weight=58.7034 19.6935 39.0099 14.7449 15.4197 13.8415 9.35846 6.7729 23.5902 15.814 12.2212 8.29904 13.9114 6.50538
internal_count=4986 2047 2939 1501 1821 1795 1454 1357 1118 817 491 288 1338 347
is_linear=0
shrinkage=0.03


Tree=261
num_leaves=15
num_cat=0
split_feature=4 5 6 5 0 0 5 3 2 2 4 4 5 5
split_gain=1.08362 1.00466 2.14763 2.07125 1.28659 1.1689 0.996649 1.53519 1.24726 2.06118 1.22228 1.68178 0.958931 2.13994
threshold=36.614023208618171 203.57675933837893 8.0231103897094744 200.63757324218753 29.405181884765629 26.275093078613285 211.45056915283206 7.3443951606750497 27.476711273193363 29.435926437377933 32.183065414428718 25.724853515625004 218.13921356201175 225.15236663818362
decision_type=2 2 2 2 2 2 2 2 2 2 2 2 2 2
left_child=1 2 3 -1 -4 6 -3 -8 -9 12 11 -11 -10 -14
right_child=-2 5 4 -5 -6 -7 7 8 9 10 -12 -13 13 -15
leaf_value=-0.012265568458995726 -0.017717976794352566 0.01379798175187461 -0.019968407097054056 0.030661497710728357 0.014326526277568733 -0.0096081977242030211 -0.020229601872850601 0.0092165676889046054 0.0018737496725701598 0.011323668378929065 0.015328241796991838 -0.019735754445992803 -0.030550664648407309 0.0010589967296952127
leaf_weight=0.68188851175364007 1.1900208692532022 6.6929474148782893 1.5557047360925937 4.1663727093255147 0.71696529892506067 5.6037507604924022 1.6544637633487571 16.779389969771728 3.4950067382305878 2.3189251571893674 6.0107835961971432 2.0305186081677675 3.3254236178472638 3.3602060968987644
leaf_count=550 303 143 730 250 96 528 1098 732 48 33 239 25 80 155
internal_value=0.00316158 0.00387825 0.0137108 0.023559 -0.00807756 0.00227647 0.00390944 0.00190864 0.00339236 -0.0015723 0.007503 -0.00415504 -0.0106528 -0.0165929
internal_weight=59.5824 58.3923 7.12093 4.84826 2.27267 51.2714 45.6677 38.9747 37.3203 20.5409 10.3602 4.34944 10.1806 6.68563
internal_count=5010 4707 1626 800 826 3081 2553 2410 1312 580 297 58 283 235
is_linear=0
shrinkage=0.03


Tree=262
num_leaves=15
num_cat=0
split_feature=1 5 5 6 6 6 1 1 4 5 1 7 1 4
split_gain=1.09918 1.55323 1.08312 1.05669 1.87836 1.1788 1.40966 2.42656 0.773028 0.773105 0.706323 1.78522 1.26468 1.16415
threshold=4.4426589012146005 279.47726440429693 303.67332458496099 7.981957435607911 8.0158071517944354 8.0178956985473651 24.237989425659183 24.089230537414554 34.636398315429695 235.84796142578128 14.688235282897951 -0.23347957574403252 13.894484996795656 34.042594909667976
decision_type=2 2 2 2 2 2 2 2 2 2 2 2 2 2
left_child=2 3 -1 -2 8 -6 7 10 9 -5 11 12 13 -7
right_child=1 -3 -4 4 5 6 -8 -9 -10 -11 -12 -13 -14 -15
leaf_value=0.016634184170534316 0.014450387568481753 -0.026949582943452791 -0.012507764766015589 -0.028158697070174526 0.020818386691841603 -0.0020635474197038795 -0.011574899091708033 0.034926318651760623 0.0061568436723292074 0.0014723191326705017 0.0047446667707916248 0.0010923991535229046 0.0089278765629229127 -0.045083965728183378
leaf_weight=5.6899456323008044 3.7602031672722651 0.85666841530473803 0.62579182692570601 2.6635476078372444 1.7060986058495462 0.94830635198741153 6.3955769396561655 0.99945973005378519 0.62210572150070209 0.88918843760620792 18.655975900474004 13.593972441682125 0.43315343768335868 0.9063468852546066
leaf_count=327 123 44 200 166 185 78 1543 39 143 425 1060 659 23 38
internal_value=0.00153825 1.79277e-05 0.0124317 0.000969955 -0.000364497 0.00162638 0.000378804 0.00278801 -0.0174676 -0.0220481 0.000901363 -0.00362691 -0.0234719 -0.0315156
internal_weight=58.7463 52.4306 6.31574 51.5739 47.8137 43.6389 41.9328 35.5372 4.17484 3.55274 34.5378 15.8818 2.28781 1.85465
internal_count=5053 4526 527 4482 4359 3625 3440 1897 734 591 1858 798 139 116
is_linear=0
shrinkage=0.03


Tree=263
num_leaves=15
num_cat=0
split_feature=3 0 3 5 2 2 8 7 7 7 7 2 7 2
split_gain=1.18931 1.54634 1.42183 1.63756 2.36635 1.73251 1.1531 1.64694 1.46293 1.60711 1.35175 1.04125 1.4439 0.911508
threshold=13.437909603118898 9.7323832511901873 1.8229560256004336 202.47442626953128 29.435926437377933 30.664455413818363 1.1824498976111324 -0.64933787470438042 -0.70655824933822109 -0.72497119973652457 0.26903367101328196 27.476711273193363 -0.11567463305101931 30.954063415527347
decision_type=2 2 2 2 2 2 2 2 2 2 2 2 2 2
left_child=1 -1 -3 5 -5 -4 7 -2 9 -8 13 12 -10 -9
right_child=6 2 3 4 -6 -7 8 10 11 -11 -12 -13 -14 -15
leaf_value=-0.015132962236283527 -0.015723938625530155 -0.015370806286546201 -0.0084671440342860716 0.011542891046144164 -0.019940643495915334 0.043111434588491662 -0.0089351795923006787 0.018049683033670515 0.0188400243858091 0.023336835385982163 -0.011589251573622615 -0.013190783050639957 -0.019342171224836384 0.0023892772311447162
leaf_weight=1.6317842599237362 2.2753546156454858 1.0461985036381545 0.39214016997721302 15.405637003015729 1.5480623069452111 1.4892581842141224 1.8908819613279775 6.8680863988120091 1.602725161239505 1.908190305694009 1.9650190530810494 13.697815153107511 0.41764772497117419 6.4282964897574857
leaf_count=221 97 1381 440 884 367 157 325 345 75 19 76 364 46 181
internal_value=0.00178766 0.00723171 0.00970413 0.0118016 0.00771754 0.0331534 -0.00148006 0.00398672 -0.00634701 0.00875949 0.00771166 -0.0103038 0.00715641 0.0111752
internal_weight=58.5671 21.5131 19.8813 18.8351 16.9537 1.8814 37.054 17.5368 19.5173 3.79907 15.2614 15.7182 2.02037 13.2964
internal_count=4978 3450 3229 1848 1251 597 1528 699 829 344 602 485 121 526
is_linear=0
shrinkage=0.03


Tree=264
num_leaves=15
num_cat=0
split_feature=8 2 2 5 6 2 2 5 7 7 7 7 6 4
split_gain=1.02651 2.01947 1.87742 1.68356 1.3718 1.41439 1.32923 3.29117 1.55158 1.14329 1.07438 1.05706 1.16991 1.41945
threshold=0.79434007478810331 30.914217948913578 30.60842323303223 204.39053344726565 8.088682174682619 28.564537048339847 31.283516883850101 221.15505981445315 -0.47774201667303767 -0.72497119973652457 -0.96297177102619191 -0.71454507679575474 8.0357699394226092 31.693459510803226
decision_type=2 2 2 2 2 2 2 2 2 2 2 2 2 2
left_child=4 2 9 10 6 -6 8 -8 -1 -2 -4 -11 13 -13
right_child=1 -3 3 -5 5 -7 7 -9 -10 11 -12 12 -14 -15
leaf_value=-0.005548068729028811 -0.021300993692962653 -0.023194907779731433 -0.0085518984912947155 -0.0098740381832282571 0.0097749876583280836 -0.036408479827329136 0.01575974190245677 -0.027505413004114961 0.023691508843187312 0.017974365420699325 0.027933615022933816 -0.0012537088007539437 -0.00022641232180725069 -0.02472583840460656
leaf_weight=1.7696000020951022 2.1221188784111282 3.252131334738805 0.39739761425880704 1.3292760861804707 0.47814507270231921 0.35303299874067307 2.709193698130548 1.7743610423058269 5.232476128265259 1.2113335235626355 3.30582532173139 5.0189137476263621 26.774185277870856 3.4991221314994618
leaf_count=57 1419 219 418 176 58 17 100 31 262 28 273 349 1201 429
internal_value=-0.00141983 -0.00344678 -0.00148928 0.0141446 0.00597919 -0.0190113 0.00916548 -0.00325592 0.0165321 -0.00383175 0.0230325 -0.00227529 -0.00344644 -0.0124806
internal_weight=59.2271 46.9103 43.6582 5.0325 12.3168 0.831178 11.4856 4.48355 7.00208 38.6257 3.70322 36.5036 35.2922 8.51804
internal_count=5037 4512 4293 867 525 75 450 131 319 3426 691 2007 1979 778
is_linear=0
shrinkage=0.03


Tree=265
num_leaves=15
num_cat=0
split_feature=5 4 1 1 1 8 8 2 4 8 2 4 8 3
split_gain=1.08395 2.25327 1.88447 1.61862 1.20206 1.41563 1.23913 1.66625 1.78836 1.42261 1.31925 1.16442 1.30915 2.34831
threshold=204.39053344726565 36.525604248046882 28.272878646850589 22.855208396911625 21.912405967712406 1.8972533837704895 1.6899189297152664 21.112796783447269 34.120470046997077 1.2510358432231932 28.254714012146 32.183065414428718 1.5079081476808656 16.326181411743168
decision_type=2 2 2 2 2 2 2 2 2 2 2 2 2 2
left_child=1 2 -1 4 5 6 7 -2 11 -10 -11 12 13 -9
right_child=3 -3 -4 -5 -6 -7 -8 8 9 10 -12 -13 -14 -15
leaf_value=0.019967211225693504 -0.015316879645378185 -0.016021384475330847 -0.014693592354538468 -0.020638988707419606 0.016008069438822006 -0.016710668531016305 0.014727722931071496 0.023426304577706579 0.0037108556647505796 0.0035893153880865404 -0.02270984290024658 0.019176332058434924 -0.017265502232382848 -0.0049164394133216684
leaf_weight=8.7410400618391542 4.7229169259080654 1.645256422809324 0.91086462471867058 2.1723825673689126 3.6336283963173619 3.1739087367895982 4.6068922882550387 3.5055530089885014 7.0968816298991424 2.1731209242716432 4.3316529435105622 5.2816912538837633 1.4687079712748516 5.6689970926381648
leaf_count=1086 210 106 623 458 156 1127 104 383 259 46 56 216 29 175
internal_value=0.00214301 0.0100871 0.0156239 9.87613e-05 0.00150647 -9.01117e-05 0.00165271 -0.000473921 0.00232426 -0.00545454 -0.0146163 0.00889793 0.00258839 0.00715125
internal_weight=59.1335 11.2972 9.6519 47.8363 45.664 42.0303 38.8564 34.2495 29.5266 13.6017 6.50477 15.9249 10.6433 9.17455
internal_count=5034 1815 1709 3219 2761 2605 1478 1374 1164 361 102 803 587 558
is_linear=0
shrinkage=0.03


Tree=266
num_leaves=15
num_cat=0
split_feature=3 0 0 0 3 5 0 6 3 2 5 2 3 3
split_gain=1.11704 1.54668 1.4794 1.21032 1.09386 1.86658 1.52875 1.04432 1.40658 1.07672 1.88469 2.96324 1.04565 1.01604
threshold=7.6680140495300302 29.332090377807621 27.723476409912113 27.683883666992191 7.3443951606750497 211.45056915283206 25.571698188781742 8.0696787834167498 21.84722995758057 27.476711273193363 225.15236663818362 29.136576652526859 10.475234031677248 11.243263244628908
decision_type=2 2 2 2 2 2 2 2 2 2 2 2 2 2
left_child=2 7 3 4 5 6 -1 -2 9 12 11 -11 -9 -3
right_child=1 13 -4 -5 -6 -7 -8 8 -10 10 -12 -13 -14 -15
leaf_value=0.024234711598411739 -0.0082808476993618645 0.029212483887204922 -0.01558210455334838 0.041454618988678353 0.022398185148076809 -0.02044391797751963 -0.01307129999914225 -0.016953630219576039 0.020838916722650196 -0.038696345490612266 0.0048501531088613291 0.013583583131169403 0.0094902828446634131 -0.001483975805364568
leaf_weight=1.798670241958461 31.638584168744273 1.0359472081763663 1.0654702943284062 0.24311890418175597 1.5595289224293081 1.7121287347690666 0.75381781632313494 0.69690532237291147 1.7389888227917243 2.1989163244143133 3.2132153487764299 0.808340499177575 6.3559143908787519 1.6799376893904989
leaf_count=25 1260 18 1191 9 15 1193 380 11 42 59 127 54 397 222
internal_value=-0.00224898 -0.00388046 0.00813148 0.0139114 0.00685544 -0.00200323 0.0126391 -0.00526632 0.00120724 -0.00264458 -0.0109117 -0.0247607 0.00509648 0.0149354
internal_weight=56.4995 49.3667 7.13273 6.06726 5.82415 4.26462 2.55249 46.6509 15.0123 13.2733 6.22047 3.00726 7.05282 2.71588
internal_count=5003 2190 2813 1622 1613 1598 405 1950 690 648 240 113 408 240
is_linear=0
shrinkage=0.03


Tree=267
num_leaves=15
num_cat=0
split_feature=5 5 6 7 8 8 6 8 6 2 2 7 7 8
split_gain=1.46862 2.31238 2.03421 1.86691 2.76097 1.13127 0.986305 1.4276 1.58215 3.1533 1.51409 2.21543 1.30135 2.5859
threshold=202.38330841064456 204.39053344726565 8.0257930755615252 -0.52676163825421463 1.0249685865470306 0.76195704406054976 8.0005321502685565 1.2373229125795089 8.0853819847106951 28.564537048339847 27.476711273193363 -0.16705418473149439 -0.27005845596702188 1.3659066999880378
decision_type=2 2 2 2 2 2 2 2 2 2 2 2 2 2
left_child=-1 2 5 4 -3 -2 -5 8 -8 -10 -9 12 13 -12
right_child=1 3 -4 6 -6 -7 7 10 9 -11 11 -13 -14 -15
leaf_value=-0.018775983844944708 -0.0056844380238613738 0.015262487092241026 -0.016687007149111567 -0.010760957944556095 -0.028427095867056565 0.026588312704576535 0.015290716881811502 0.0041028113094154382 0.013397270914367918 -0.036106770321953884 0.010343728719759046 -0.036170686904534483 0.0091835372897210409 -0.025380317963724672
leaf_weight=3.3134060872253022 0.80603311117738385 1.0432122782804061 0.76278799743158732 6.2166442307643583 4.0541280392790213 4.6362369038397446 8.9551725543569756 12.404056379891701 1.9675757701043033 0.95366037823259819 2.3410791698843232 1.4487655067350704 3.5517828462179741 3.4921712568029761
leaf_count=1457 32 60 223 384 989 145 456 686 192 31 14 40 67 266
internal_value=-0.00194485 -0.000554955 0.0152915 -0.00295057 -0.018449 0.0216681 -0.000648474 0.00139024 0.00943111 -0.00785032 -0.00293884 -0.0106665 -0.00362561 -0.0116275
internal_weight=55.9467 52.6333 6.20506 46.4282 5.09734 5.44227 41.3309 35.1143 11.8764 2.92124 23.2379 10.8338 9.38503 5.83325
internal_count=5042 3585 400 3185 1049 177 2136 1752 679 223 1073 387 347 280
is_linear=0
shrinkage=0.03


Tree=268
num_leaves=15
num_cat=0
split_feature=7 1 7 2 1 5 7 3 2 2 2 3 1 5
split_gain=1.80364 2.05819 1.57097 1.67165 1.029 1.41814 1.17983 1.02899 0.983715 1.64301 2.41515 0.975301 1.05353 1.86496
threshold=-0.8721508893123876 21.912405967712406 -0.45708148150874789 31.322996139526371 22.575560569763187 204.53318023681643 -0.33738634879116763 24.06178188323975 31.150725364685062 29.452260017395023 28.471076965332035 11.84914016723633 5.0677268505096444 298.60276794433599
decision_type=2 2 2 2 2 2 2 2 2 2 2 2 2 2
left_child=-1 2 3 -2 -3 -6 -7 8 9 10 11 12 13 -4
right_child=1 4 7 -5 5 6 -8 -9 -10 -11 -12 -13 -14 -15
leaf_value=-0.023263256698768293 -0.031148784923834747 0.02391252137630772 0.010810817196135022 0.011135016158256862 0.011309586404135662 -0.019982832210167608 0.0096935336799182873 0.011127905851140778 -0.018510773017314224 0.015710546207238794 -0.019605880566864822 0.0075788788057465778 -0.012548900092796151 -0.022404053029047331
leaf_weight=1.8815877112792794 2.0457605224510185 2.855693162768147 5.7209909119410494 0.58051064005121578 8.9777220695978013 2.1158766022417699 1.1979109540116031 4.7598769562318912 2.1672488329932085 3.6240045782178631 5.5447129060048601 10.143724576104431 6.0334398077102378 0.98456358164548863
leaf_count=1759 414 72 208 44 451 247 35 116 32 141 119 598 569 211
internal_value=-0.000101168 0.00105628 -0.00241951 -0.0213091 0.0101618 0.00540837 -0.00949479 -0.000645594 -0.00255277 -0.000946315 -0.00353149 0.00102133 -0.00437185 0.00365933
internal_weight=58.6336 56.752 41.6048 2.62627 15.1472 12.2915 3.31379 38.9786 34.2187 32.0514 28.4274 22.8827 12.739 6.70555
internal_count=5016 3257 2452 458 805 733 282 1994 1878 1846 1705 1586 988 419
is_linear=0
shrinkage=0.03


Tree=269
num_leaves=15
num_cat=0
split_feature=8 8 3 0 8 8 8 7 2 7 8 7 7 2
split_gain=1.30442 2.3952 0.750918 0.902103 1.02198 1.18492 1.84716 1.39034 1.74206 1.41209 0.948928 0.936503 1.81517 1.10327
threshold=3.5263450359702748 3.5434727839065157 28.135394096374515 29.332090377807621 1.2510358432231932 1.5915460457665875 1.876686784260422 -0.36609619878260047 28.083174705505375 -0.16705418473149439 1.3308262662586572 -0.64933787470438042 -0.72098646649788811 21.188824653625492
decision_type=2 2 2 2 2 2 2 2 2 2 2 2 2 2
left_child=2 -2 3 4 11 7 -7 -6 9 -9 -10 12 -1 -13
right_child=1 -3 -4 -5 5 6 -8 8 10 -11 -12 13 -14 -15
leaf_value=0.0077070041202139932 0.039837765642230724 -0.0052757320410012874 -0.018671695491091191 0.015770345214075214 0.0034557256478027535 0.008503226396041166 -0.011128097547424717 0.014531672885441179 -0.0078997274753830581 -0.012557664006056873 -0.038024177209791135 -0.010733643165603246 -0.035758759256691759 0.0072791983226155764
leaf_weight=1.2770762988366184 0.91193952155299429 1.9279832074826115 1.4117063736775879 1.6090507280023292 3.7756731336121439 9.0052428682683949 6.583093208319041 1.5561326819006343 2.1286782287061214 4.6293070890242261 2.7326861857436597 2.7361695620929849 0.59860969847068446 17.924130207160488
leaf_count=63 73 1546 254 247 74 266 1244 45 21 289 30 102 19 787
internal_value=-0.00113914 0.0158129 -0.0022618 -0.00150873 -0.00231644 -0.00582599 4.16826e-05 -0.0116095 -0.016618 -0.00466862 -0.0284316 0.0024658 -0.0137758 0.00450824
internal_weight=58.8075 2.83992 55.9676 54.5558 52.9468 30.4108 15.5883 14.8225 11.0468 6.18544 4.86136 22.536 1.87569 20.6603
internal_count=5060 1619 3441 3187 2940 1969 1510 459 385 334 51 971 82 889
is_linear=0
shrinkage=0.03


Tree=270
num_leaves=15
num_cat=0
split_feature=1 0 8 4 7 1 7 7 4 8 0 7 7 5
split_gain=0.854955 1.18693 1.28181 1.00176 1.34992 0.857579 1.17947 1.49147 0.757667 1.02665 0.746615 0.737774 0.956974 0.643699
threshold=27.934562683105472 29.332090377807621 0.4937166062529485 29.076217651367191 -0.036036480131971409 26.046833992004398 -0.9612223623357532 -0.96297177102619191 31.693459510803226 1.7882427378920525 14.070539951324465 0.13303027820605126 -0.15620094809238536 218.13921356201175
decision_type=2 2 2 2 2 2 2 2 2 2 2 2 2 2
left_child=1 2 -1 11 5 6 7 -5 -6 10 -10 12 -4 -8
right_child=-2 -3 3 4 8 -7 13 -9 9 -11 -12 -13 -14 -15
leaf_value=0.014218781060106964 -0.018379666966527108 0.020228232463015892 -0.017226058850487232 -0.0090761228065856462 0.016817871129255077 -0.022712102027607282 0.00092113151682880962 0.040841203962597293 -0.025899851214682787 0.015777181570320178 0.0053720608863824376 -0.021530928341336818 0.010785572936626778 -0.0068721758868027609
leaf_weight=3.4902811059728256 1.454083073651417 1.4337940882542159 0.83953728515189174 0.43183394477819093 4.3972324954811546 0.91595656771096301 18.302915304957423 0.25148473307489538 0.73895083740353606 0.66087938536657009 0.66342494590207934 2.9926117277354933 1.7242555387783784 18.456583145656623
leaf_count=272 860 45 33 461 213 643 924 4 11 54 45 136 98 1222
internal_value=-0.00105194 -0.000277944 -0.00118251 -0.00250558 -0.000882945 -0.0030826 -0.00202409 0.0226437 0.01084 -0.00323138 -0.0150279 -0.0134632 -0.000646873 -0.00307018
internal_weight=56.7538 55.2997 53.8659 50.3757 44.8193 38.3588 37.4428 0.683319 6.46049 2.06326 1.40238 5.5564 2.56379 36.7595
internal_count=5021 4161 4116 3844 3577 3254 2611 465 323 110 56 267 131 2146
is_linear=0
shrinkage=0.03


Tree=271
num_leaves=15
num_cat=0
split_feature=3 0 1 8 8 7 5 1 7 7 5 0 8 7
split_gain=1.47017 1.45423 1.93907 3.05005 2.1628 1.33422 1.12854 1.19962 2.09955 1.28142 1.51678 1.06819 0.961691 2.1966
threshold=21.24765777587891 20.002093315124515 10.856526374816896 1.6192785678416544 1.8086429447539116 -0.96297177102619191 239.92637634277347 15.681722164154055 -0.24333344562067286 -0.16559019392714383 220.10530853271487 10.537119388580324 1.3308262662586572 -0.47774201667303767
decision_type=2 2 2 2 2 2 2 2 2 2 2 2 2 2
left_child=1 2 4 -4 11 -3 7 8 -2 10 12 -1 13 -9
right_child=6 5 3 -5 -6 -7 -8 9 -10 -11 -12 -13 -14 -15
leaf_value=-0.0072568175887834895 -0.031894003370132956 -0.013514605396919017 -0.043236038465009549 0.0096836087152738955 -0.020470759751996262 0.015684465104024905 0.017025918992759684 -0.0069003915924726001 0.0024435808304582021 -0.025179998647173574 0.020262214797046065 0.011742724659677751 -0.010899044967388784 0.020569410962833098
leaf_weight=2.6067977558123046 2.6410761205479503 0.81721258987090806 1.1304240841418498 1.265640591853298 1.8150857953587536 11.807805543416174 1.165653291158377 6.369139930116944 2.6264076549559894 0.91658827895298145 1.9929814281640563 12.298545720055698 6.5934250270365728 3.0948392737191295
leaf_count=149 37 1042 11 489 286 1349 20 216 79 28 41 725 410 91
internal_value=0.00122323 0.00545221 0.000108807 -0.0206626 0.00408344 0.0129412 -0.00406789 -0.00571698 -0.0171149 -0.00185295 0.00059116 0.00817255 -0.00289508 0.00318985
internal_weight=57.1416 31.7415 19.1165 2.39606 16.7204 12.625 25.4001 24.2345 5.26748 18.967 18.0504 14.9053 16.0574 9.46398
internal_count=4973 4051 1660 500 1160 2391 922 902 116 786 758 874 717 307
is_linear=0
shrinkage=0.03


Tree=272
num_leaves=15
num_cat=0
split_feature=1 3 3 4 6 8 8 8 3 4 6 6 4 7
split_gain=1.37903 1.73348 2.61662 2.27753 1.76722 1.58577 1.35173 2.74771 1.28519 1.53175 2.57579 1.23687 1.22587 1.20524
threshold=14.688235282897951 15.768541336059572 9.5490527153015154 32.214712142944343 8.0250062942504901 0.3738709969113439 0.83928674783186563 1.1624850502937873 24.378849029541019 35.897649765014656 7.9680233001708993 8.0864982604980487 30.9019889831543 -0.96297177102619191
decision_type=2 2 2 2 2 2 2 2 2 2 2 2 2 2
left_child=1 2 4 -4 12 -3 -7 -8 13 10 -10 -9 -1 -2
right_child=8 5 3 -5 -6 6 7 11 9 -11 -12 -13 -14 -15
leaf_value=-0.020069844851434676 -0.013964363772061925 0.014912626583019031 0.025018086062309729 -0.0029159901028512399 -0.035203036026086806 -0.030793265207168796 0.016233996142932357 -0.032621943562188581 0.017703879915511839 0.0061620905219183213 -0.024714055079076456 -0.0032050307223495588 0.0073162587819521219 0.01249080740500451
leaf_weight=1.1276260232261872 0.86750077325268549 0.96021891618147392 4.8742912369780225 4.4119885554537177 0.97170366969658051 2.6745176035910827 2.2292064866051078 1.8743565492331979 0.98875860357656975 8.3470328496769053 3.4899505688226782 2.7725778827443719 3.7871483163326047 18.691875265940329
leaf_count=195 1132 61 424 135 124 99 130 35 20 256 395 76 466 1485
internal_value=0.00200565 -0.00312021 0.00334483 0.0127531 -0.011194 -0.0119325 -0.0157891 -0.00678446 0.00604252 -0.00131341 -0.0138274 -0.0187462 -0.00129795 0.0106953
internal_weight=58.0688 25.6836 15.1728 9.28628 5.88648 10.5109 9.55066 6.87614 32.3851 12.8257 4.47871 4.64693 4.91477 19.5594
internal_count=5033 1745 1344 559 785 401 340 241 3288 671 415 111 661 2617
is_linear=0
shrinkage=0.03


Tree=273
num_leaves=15
num_cat=0
split_feature=8 3 1 1 8 0 3 3 3 4 4 1 7 2
split_gain=1.42405 1.61416 2.55208 1.64398 1.48635 1.72536 1.0857 1.2422 1.06674 1.41081 1.52267 1.36247 1.03944 1.99547
threshold=1.7008658143576416 8.9611806869506854 5.4298472404479989 14.688235282897951 1.5197889207788169 13.609911918640138 1.8229560256004336 12.035725116729738 23.849886894226078 32.154132843017585 34.120470046997077 6.8716635704040536 -0.23347957574403252 28.686122894287113
decision_type=2 2 2 2 2 2 2 2 2 2 2 2 2 2
left_child=1 -1 -3 4 8 -6 -2 -8 9 11 -11 -4 -12 -14
right_child=6 2 3 -5 5 -7 7 -9 -10 10 12 -13 13 -15
leaf_value=-0.021531017388696519 -0.01453750014577981 0.017220139672696352 -0.0030887528779382019 0.0011523752314844787 -0.019539032747810981 0.01841928779133882 0.0158985733344515 -0.0020246170308152308 0.010900535503032608 0.0086031089869477682 -0.031533525792022558 -0.045684566510833809 -0.020246885113563921 0.017372946907122742
leaf_weight=2.7655949277104801 0.93666598474373941 4.9836145569570354 1.1016689306125012 22.12277114923927 0.71287480089813415 2.057813374325633 9.3330783527344447 4.9372069899109183 0.54759613238275129 2.2229113769717515 1.7342215608805398 1.7420127652585504 1.907644928433003 1.2891530203633008
leaf_count=128 1389 441 106 690 10 68 1538 377 13 121 31 18 47 61
internal_value=5.19455e-05 -0.00273878 -0.000964311 -0.00392393 -0.011849 0.00606118 0.0076576 0.00997104 -0.0166722 -0.0190362 -0.00951615 -0.0342794 -0.0177577 -0.00455143
internal_weight=58.3948 43.1879 40.4223 35.4387 13.3159 2.77069 15.207 14.2703 10.5452 9.99761 7.15393 2.84368 4.93102 3.1968
internal_count=5038 1734 1606 1165 475 78 3304 1915 397 384 260 124 139 108
is_linear=0
shrinkage=0.03


Tree=274
num_leaves=15
num_cat=0
split_feature=3 8 0 2 2 7 0 0 2 8 2 8 8 7
split_gain=1.16379 0.969105 0.822314 1.77717 1.40241 1.07308 1.25864 2.00007 1.42498 1.06334 1.11757 1.05854 2.47683 1.02414
threshold=28.135394096374515 0.4937166062529485 27.587202072143558 30.664455413818363 30.954063415527347 -0.40078538600284003 20.002093315124515 19.569419860839847 31.283516883850101 1.8086429447539116 25.275936126708988 1.3408419963373561 1.5915460457665875 -0.062539458813014107
decision_type=2 2 2 2 2 2 2 2 2 2 2 2 2 2
left_child=1 -1 5 -4 -5 -3 7 9 11 -7 -11 13 -13 -8
right_child=-2 2 3 4 -6 6 8 -9 -10 10 -12 12 -14 -15
leaf_value=0.015349183195116151 -0.018956707456709573 -0.0087556745411301075 -0.008813262786245394 0.025218246238113431 -0.014576437880416642 0.0021997629824809239 0.020449587903577905 -0.039294471417999091 -0.015861087422531884 -0.025761886980462629 0.0089037028012200793 -0.013582754208088202 0.016309661739046879 -0.0022320610830234571
leaf_weight=3.5757125678937873 1.4683299052994687 10.01008648786228 2.2672949193220111 3.891713568882551 0.27917882322799403 15.433655750413896 7.5078989239409566 0.32138037629192595 1.3066184697672714 1.6700526284403161 0.62551178748253722 4.0845408132299772 3.9034543306916021 2.0369061287492567
leaf_count=280 260 1213 1057 516 33 756 183 21 24 341 33 44 264 23
internal_value=0.00125299 0.00209271 0.000937895 0.0102067 0.0202508 -0.000520989 0.0018856 -0.0036789 0.00713381 -0.000969735 -0.0164805 0.00961086 0.00121402 0.0158566
internal_weight=58.3823 56.914 53.3383 6.43819 4.17089 46.9001 36.89 18.0506 18.8394 17.7292 2.29556 17.5328 7.988 9.54481
internal_count=5048 4788 4508 1606 549 2902 1689 1151 538 1130 374 514 308 206
is_linear=0
shrinkage=0.03


Tree=275
num_leaves=15
num_cat=0
split_feature=7 7 4 7 4 4 4 6 6 4 6 4 8 8
split_gain=1.52857 1.23585 1.0186 1.41807 1.97796 1.10937 0.973226 0.894276 1.31095 1.04858 0.727597 0.639268 0.780355 0.72302
threshold=-0.8721508893123876 -0.86275799212702931 30.744473457336429 -0.036036480131971409 32.583326339721687 31.485753059387211 36.466094970703132 7.945338487625123 8.0465049743652362 14.994304180145265 8.0181307792663592 36.401813507080085 2.8311094832270411 2.6442538837277803
decision_type=2 2 2 2 2 2 2 2 2 2 2 2 2 2
left_child=-1 -2 7 5 -5 -4 11 -3 -9 -10 -8 12 13 -7
right_child=1 2 3 4 -6 6 10 8 9 -11 -12 -13 -14 -15
leaf_value=-0.02309144801921463 0.020896633167610611 0.0065131649747145713 -0.019785175028940019 0.020405824862216888 -0.018439152296105227 0.00017034177306375842 0.0086190278404764675 -0.021725216326605359 -0.015507475458166109 0.016984707810526769 -0.021007800551442021 0.016135347896867946 -0.01699014731562612 0.0188383794527863
leaf_weight=1.8297815055411764 1.3378969160839904 1.6587493974366205 1.8089206647418823 4.7632681762334022 0.65432874514954154 32.8032055842923 0.37566559715196435 4.9504968338587787 0.53440398350357998 1.2524014243390409 2.127762260613963 1.4025090682553116 1.2504136286734127 0.98118523031007399
leaf_count=1765 38 126 155 228 52 1109 6 241 40 152 313 48 752 23
internal_value=-0.00157841 -0.000480797 -0.00137163 0.000451271 0.013572 -0.00157641 -0.000256371 -0.0103764 -0.014839 0.00518933 -0.0153708 0.0011649 0.000134469 0.0012385
internal_weight=57.731 55.9012 54.5633 46.1673 5.4176 40.7497 38.9407 8.39605 6.7373 1.78681 2.50343 36.4373 35.0348 33.7844
internal_count=5048 3283 3245 2686 280 2406 2251 559 433 192 319 1932 1884 1132
is_linear=0
shrinkage=0.03


Tree=276
num_leaves=15
num_cat=0
split_feature=1 8 5 8 8 3 0 4 5 8 3 3 0 5
split_gain=1.33773 1.38271 2.26758 0.990254 1.66159 0.892089 1.96905 1.01932 1.49323 1.15433 2.06423 1.18046 1.51847 1.47656
threshold=27.240937232971195 3.5263450359702748 210.8159103393555 1.8972533837704895 1.7669812365697533 23.548137664794925 23.62601470947266 35.69995307922364 222.40962219238284 0.83928674783186563 15.768541336059572 11.531388759613039 20.478359222412113 224.85852050781253
decision_type=2 2 2 2 2 2 2 2 2 2 2 2 2 2
left_child=1 3 -3 4 5 7 -7 8 -1 10 -10 -11 -13 -14
right_child=-2 2 -4 -5 -6 6 -8 -9 9 11 -12 12 13 -15
leaf_value=0.015329801001261316 -0.019982224539168775 0.033277666893795944 -0.013195516233790849 -0.010948575529151896 0.020917744168023975 0.024384932510554593 0.00011625403497509406 -0.018131568568931753 0.0097743120625363791 -0.0082196566203611727 -0.028812785694424622 0.015810682554623298 0.010279664080729774 -0.020896510209055991
leaf_weight=3.1201368598267498 1.8586989084724326 1.7427055671287228 0.77797102846670885 5.7131996524112756 2.6132433330058111 2.710604956373575 15.962125221267341 2.7818191570695481 1.2695919057587191 8.3997236431459914 2.7252767137251794 5.2542403151746822 1.720125896856189 1.9299710001796482
leaf_count=124 1223 398 795 870 88 39 472 25 164 293 123 345 46 31
internal_value=5.06536e-05 0.00104193 0.0192604 -0.000138922 0.00133028 -0.000207994 0.00469964 -0.00362415 -0.00132318 -0.00434078 -0.0170479 -0.000636082 0.00662534 -0.00715344
internal_weight=58.5794 56.7207 2.52068 54.2001 48.4869 45.8736 18.6727 27.2009 24.4191 21.2989 3.99487 17.3041 8.90434 3.6501
internal_count=5036 3813 1193 2620 1750 1662 511 1151 1126 1002 287 715 422 77
is_linear=0
shrinkage=0.03


Tree=277
num_leaves=15
num_cat=0
split_feature=4 4 7 0 7 8 7 2 5 1 1 0 2 1
split_gain=1.65561 1.6112 1.41063 1.49612 1.38388 1.66399 1.69083 1.42494 1.39756 3.11344 1.19486 2.08476 1.43279 1.80833
threshold=36.08537673950196 36.094163894653327 -0.86818149007542045 25.081840515136722 -0.46856854824468003 1.1824498976111324 0.25400790311129845 30.850934982299808 223.52202606201175 6.8716635704040536 11.0334849357605 17.969701766967777 31.283516883850101 14.926133155822756
decision_type=2 2 2 2 2 2 2 2 2 2 2 2 2 2
left_child=4 -2 -3 -4 7 6 10 -1 -7 -10 11 -6 -12 -14
right_child=1 2 3 -5 5 8 -8 -9 9 -11 12 -13 13 -15
leaf_value=-0.028715361271822944 0.037681749999905853 -0.020127452569049784 -0.013764824389973675 0.010296691399042133 0.0078799955850189524 0.0020761041338164241 -0.012664884641876709 0.0042372656635904721 -0.0010077744559824442 -0.028828905299813783 0.024792384706269727 -0.03460087311542695 -0.020611943997731967 0.015466637831702533
leaf_weight=2.6551815304264883 0.42544742085738363 1.0035718337458135 1.8747101369663113 13.489982153172603 3.2224015846149991 9.4564572088420409 2.6803351888665921 1.4053420137497594 8.9395837704068963 5.1720431960420674 5.1344371191225928 0.38755929097533215 1.2048226203769448 1.8882598548661915
leaf_count=1654 17 624 306 345 275 290 145 186 536 283 219 17 21 58
internal_value=-0.000801293 0.00691343 0.00399016 0.00669912 -0.0039643 -0.00195153 0.00579747 -0.0187269 -0.00676656 -0.0124375 0.0106388 -0.00319705 0.016398 -0.000189102
internal_weight=58.9401 16.7937 16.3683 15.3647 42.1464 38.0859 14.5178 4.06052 23.5681 14.1116 11.8375 3.60996 8.22752 3.09308
internal_count=4976 1292 1275 651 3684 1844 735 1840 1109 819 590 292 298 79
is_linear=0
shrinkage=0.03


Tree=278
num_leaves=15
num_cat=0
split_feature=8 8 4 7 1 7 2 8 1 3 7 8 8 8
split_gain=0.932507 2.10557 1.4537 0.924894 1.24293 2.15584 1.21836 0.867577 0.797289 1.79961 1.08708 1.12134 2.28776 1.22352
threshold=3.5263450359702748 3.5434727839065157 36.257423400878913 -0.8721508893123876 15.148576259613039 -0.23347957574403252 27.628327369689945 1.0815023189815618 4.575158119201661 9.5490527153015154 0.1762297520048994 1.1974809397290773 1.3408419963373561 1.2510358432231932
decision_type=2 2 2 2 2 2 2 2 2 2 2 2 2 2
left_child=2 -2 3 -1 5 6 -5 -4 -7 -10 11 -11 13 -13
right_child=1 -3 7 4 -6 8 -8 -9 9 10 -12 12 -14 -15
leaf_value=-0.019119933256359706 0.037764297635932587 -0.0049151011587090293 -0.0015576855474317604 0.002232283659626663 0.0081409600253565841 0.010941876825870233 -0.02667994516263705 -0.026312937761304778 -0.026910674825947938 0.017136390393644348 -0.012422003157298739 0.0032451922271692375 0.0089527665958001115 -0.031778603795620648
leaf_weight=0.8387159634148692 0.9328380463412026 1.8249039635993538 2.6153085025725877 1.7124851798871521 19.945527686038986 6.1390133281820516 3.119831170886755 1.7626431328535543 1.1277727366541537 4.1595561348367509 2.6692846850492051 1.1389982462860628 6.7826853708829731 1.4898283495567737
leaf_count=752 79 1522 90 224 832 462 54 217 90 280 46 25 234 62
internal_value=0.00128306 0.0157295 0.000263468 0.00184911 0.0025939 -0.00145457 -0.017808 -0.0145641 0.00249664 -0.000921637 0.00233934 0.00589599 -0.000240622 -0.0198912
internal_weight=56.2594 2.75774 53.5017 49.1237 48.285 28.3395 4.83232 4.37795 23.5071 17.3681 16.2404 13.5711 9.41151 2.62883
internal_count=4969 1601 3368 3061 2309 1477 278 307 1199 737 647 601 321 87
is_linear=0
shrinkage=0.03


Tree=279
num_leaves=15
num_cat=0
split_feature=3 6 5 3 3 1 1 3 3 4 5 4 4 8
split_gain=1.30876 2.02814 1.5693 1.62201 1.38619 0.929538 0.797862 1.41464 1.70309 1.43917 0.93462 0.739946 1.2677 1.77372
threshold=26.275712013244632 8.0178956985473651 203.07353210449222 3.946269273757935 11.405933380126955 27.240937232971195 5.4298472404479989 9.1286540031433123 8.008735656738283 30.991991043090824 289.31152343750006 33.048353195190437 34.120470046997077 1.8594009765156589
decision_type=2 2 2 2 2 2 2 2 2 2 2 2 2 2
left_child=2 5 3 -1 -5 -2 7 8 9 -4 -9 -8 13 -13
right_child=1 -3 6 4 -6 -7 11 10 -10 -11 -12 12 -14 -15
leaf_value=-0.011654752411097846 0.019198622345286964 -0.022466305472220158 -0.015003517760398861 0.038904789952086433 -0.0036493665193578963 -0.011588511493873197 -0.008855538413380477 0.022379586180025533 -0.02188551883494395 0.02051315898678863 -0.0041060709697925699 0.022856301284516264 -0.0030252395899283678 -0.012627148414517442
leaf_weight=0.63291380685404819 1.4124625612166699 4.5345584333117586 0.72061990626389016 1.5479113124019934 0.72609488241141651 0.57386681853677135 11.499115109443663 3.7275263504125178 1.8558951541781423 1.9064690424129365 1.2386248833499847 3.2047170328442034 22.073981293535326 1.0666755414276847
leaf_count=871 56 306 190 298 105 131 705 372 57 65 78 132 1340 304
internal_value=-0.00112679 -0.0127995 0.000609834 0.0188884 0.0283527 0.0094019 -0.000881519 0.00649919 -0.00523387 0.00932029 0.0161927 -0.00284423 7.45058e-06 0.0132808
internal_weight=56.7214 6.52089 50.2005 2.90692 2.27401 1.98633 47.2936 9.44914 4.48298 2.62709 4.96615 37.8445 26.3454 4.27139
internal_count=5010 493 4517 1274 403 187 3243 762 312 255 450 2481 1776 436
is_linear=0
shrinkage=0.03


Tree=280
num_leaves=15
num_cat=0
split_feature=7 8 6 6 2 8 8 7 2 7 7 7 0 5
split_gain=1.45488 1.02255 1.85415 1.58229 1.41749 1.37085 1.5056 1.09379 2.6723 1.71881 2.44077 0.991437 1.13864 0.82005
threshold=-0.86818149007542045 0.79434007478810331 8.0901808738708514 8.088682174682619 28.564537048339847 1.5915460457665875 1.37651353431265 -0.036036480131971409 25.119119644165043 -0.33738634879116763 -0.69001739404846651 -0.72497119973652457 25.571698188781742 203.98564147949222
decision_type=2 2 2 2 2 2 2 2 2 2 2 2 2 2
left_child=-1 3 5 -2 -5 6 -3 8 -7 10 11 12 -10 -8
right_child=1 2 -4 4 -6 7 13 -9 9 -11 -12 -13 -14 -15
leaf_value=-0.022843700805503145 0.011038925710250337 -0.0039120547404753406 0.01384538671271524 0.0095818166777085299 -0.037204624078762502 -0.022669481699602513 0.0031695778383200248 0.016772658479749354 0.016596184804049601 0.018723260885199187 -0.025416341048476093 0.019692613169316739 -0.016654964128239927 -0.023760415504551432
leaf_weight=1.8092836023715779 9.881442694109861 16.228418058715764 4.3994190229568622 0.46300257625989694 0.33627423644065857 3.0671122064522889 0.93588003376498718 2.5087472781306159 0.52764622401446137 4.0842715227045181 1.9915489119302945 2.107622770476147 1.4853283109841866 6.0074340142309666
leaf_count=1800 417 547 275 59 14 579 42 115 26 217 417 56 270 205
internal_value=-0.001791 -0.000683593 -0.00275207 0.00722747 -0.0198398 -0.00492673 -0.00942267 0.00184643 -0.00195479 0.00574444 -0.00434144 0.00881875 -0.00532363 -0.0201885
internal_weight=55.8334 54.0241 43.3434 10.6807 0.799277 38.944 23.1717 15.7723 13.2635 10.1964 6.11215 4.1206 2.01297 6.94331
internal_count=5039 3239 2749 490 73 2474 794 1680 1565 986 769 352 296 247
is_linear=0
shrinkage=0.03


Tree=281
num_leaves=15
num_cat=0
split_feature=5 8 3 6 6 6 6 6 3 5 8 6 1 4
split_gain=2.27398 2.01437 1.52115 2.56475 1.69242 1.39169 1.38179 1.46838 1.09776 1.0325 1.02498 1.05403 0.804784 0.804727
threshold=221.15505981445315 1.7186234944400616 26.275712013244632 8.0201325416564959 8.0231103897094744 8.0478301048278826 8.0276145935058612 8.0256605148315447 25.943504333496097 201.04891204833987 1.6899189297152664 8.1111340522766131 27.240937232971195 36.558309555053718
decision_type=2 2 2 2 2 2 2 2 2 2 2 2 2 2
left_child=2 10 4 12 9 6 7 -6 -8 -1 11 -2 13 -4
right_child=1 -3 3 -5 5 -7 8 -9 -10 -11 -12 -13 -14 -15
leaf_value=-0.0078566229831083384 -0.0075911378491919463 -0.02886487717824664 0.022630325047911546 -0.023392027457448554 -0.011886593382580813 0.010296744843037161 -0.023245982285076881 0.02017819903027248 0.0063928739625840631 0.029813684187613779 0.014293205085626657 0.015317664257668442 -0.011229676919533601 -0.0063946273176259298
leaf_weight=0.35347576421919003 23.149716808693494 2.5202848315238944 2.1165012702113017 3.2472305054834578 1.37731479018112 11.055075578100512 3.0297146463999525 2.0132336420647334 1.0592132331803439 3.0176224749302492 1.5006968797533762 1.0322310547344375 0.5523454276844858 0.68191587878391136
leaf_count=508 961 782 83 219 217 544 996 171 18 235 13 138 165 10
internal_value=-0.0015556 -0.00746721 0.00434848 -0.00750349 0.00809003 0.00389879 -0.00565683 0.00741216 -0.0158207 0.02497 -0.00436433 -0.00604381 0.0097316 0.0157361
internal_weight=56.7066 28.2029 28.5036 6.59799 21.9057 18.5346 7.47948 3.39055 4.08893 3.3711 25.6826 24.1819 3.35076 2.79842
internal_count=5060 1894 3166 477 2689 1946 1402 388 1014 743 1112 1099 258 93
is_linear=0
shrinkage=0.03


Tree=282
num_leaves=15
num_cat=0
split_feature=3 3 2 1 0 0 8 7 2 8 6 3 1 8
split_gain=1.86379 1.56301 1.01803 1.60313 1.57735 2.17885 1.69618 1.92434 1.33138 1.14512 1.06716 1.11252 1.41114 1.08639
threshold=3.946269273757935 3.9709950685501103 20.316189765930179 5.7446515560150155 20.002093315124515 21.060444831848148 1.3408419963373561 -0.07865518975439828 23.338181495666507 1.7330639496180922 7.9680233001708993 11.664937496185305 26.046833992004398 0.65843105020299408
decision_type=2 2 2 2 2 2 2 2 2 2 2 2 2 2
left_child=-1 -2 -3 -4 6 -6 7 -5 -8 -10 -7 -12 13 -13
right_child=1 2 3 4 5 10 8 -9 9 -11 11 12 -14 -15
leaf_value=-0.021102443738082 0.033586686144706626 -0.01135166443135233 0.015662075679303462 -0.046619536145737647 0.023683871394823832 0.018609355232724212 -0.025706024991734706 0.008763132427305545 0.016208256582217702 -0.0092559807473507043 0.013732602169377888 0.01264328912089761 -0.0247760893199887 -0.0035475632555856964
leaf_weight=2.3068090295710126 0.38421291054692019 4.2453658332233308 6.1873553441255345 0.95144862681627274 3.034349938388913 1.6522919302806247 0.62963506611413311 0.40992300864308961 2.5037994766607881 2.0293011181056499 2.9878292789217111 3.4042561557143989 1.4914133552811097 23.55766169144772
leaf_count=2261 64 269 437 56 97 43 19 49 127 37 480 182 409 517
internal_value=0.000783451 0.00209776 0.00125306 0.00255452 0.000337815 0.00286865 -0.0121955 -0.0332943 -0.00213219 0.00519624 0.000321401 -0.00118367 -0.00316307 -0.00112423
internal_weight=55.7757 53.4688 53.0846 48.8393 42.6519 36.1278 6.52411 1.36137 5.16274 4.5331 33.0935 31.4412 28.4533 26.9619
internal_count=5047 2786 2722 2453 2016 1728 288 105 183 164 1631 1588 1108 699
is_linear=0
shrinkage=0.03


Tree=283
num_leaves=15
num_cat=0
split_feature=4 4 2 1 6 7 3 3 2 4 7 1 1 6
split_gain=1.25357 1.9466 1.20227 1.30158 0.925744 1.51493 0.819878 0.782318 1.78904 1.54516 1.45116 1.62267 1.36928 1.33331
threshold=36.480400085449226 36.08537673950196 30.914217948913578 24.400812149047855 8.0270290374755877 -0.60132374578669345 5.8848295211792001 15.768541336059572 25.929642677307132 31.693459510803226 -0.46856854824468003 11.798156738281252 6.8716635704040536 8.0209822654724139
decision_type=2 2 2 2 2 2 2 2 2 2 2 2 2 2
left_child=1 6 3 4 -3 -6 -1 8 9 -8 -9 12 -12 -13
right_child=-2 2 -4 -5 5 -7 7 10 -10 -11 11 13 -14 -15
leaf_value=-0.018288538037742486 -0.016956310015580491 0.035377503922571135 -0.0071366224015686226 -0.0026316955292258136 -0.015154362048414527 0.017776318658516831 0.0082933143080342973 -0.023138012934169696 0.020713550962076707 -0.011328856814444777 0.0077665421185372351 -0.0082580900471467197 -0.023191064686864042 0.0089643164287480301
leaf_weight=1.5255144864495367 2.5613983880029982 2.1471988791599852 1.9145706888521079 2.3807404611434322 0.817737992038018 4.2518935700645679 6.4121174259344098 2.1327519500919108 3.4344475260877507 6.0618354586185887 1.2374968957156038 5.1209604982286718 3.4363644728437066 11.261595405754631
leaf_count=1728 598 26 83 299 147 144 407 418 283 235 118 124 106 283
internal_value=0.000279699 0.00142968 0.011785 0.0158768 0.0215597 0.0108429 -0.00171753 -0.000630987 0.0043364 -0.00137536 -0.00407714 -0.00118501 -0.0150702 0.00341546
internal_weight=54.6966 52.1352 11.5121 9.59757 7.21683 5.06963 40.6231 39.0976 15.9084 12.474 23.1892 21.0564 4.67386 16.3826
internal_count=4999 4401 699 616 317 291 3702 1974 925 642 1049 631 224 407
is_linear=0
shrinkage=0.03


Tree=284
num_leaves=15
num_cat=0
split_feature=2 1 5 7 2 6 4 1 7 2 2 4 4 3
split_gain=1.01428 0.865648 0.777071 2.44739 1.93278 1.88646 1.74053 1.41938 1.61774 0.889397 1.15059 1.41597 1.132 1.40008
threshold=18.336027145385746 27.934562683105472 204.53318023681643 -0.40078538600284003 31.322996139526371 8.0257930755615252 36.596691131591804 24.237989425659183 -0.72497119973652457 31.283516883850101 28.985985755920414 32.183065414428718 35.907165527343757 21.84722995758057
decision_type=2 2 2 2 2 2 2 2 2 2 2 2 2 2
left_child=-1 2 5 4 6 7 -4 -2 -9 10 12 -12 13 -5
right_child=1 -3 3 9 -6 -7 -8 8 -10 -11 11 -13 -14 -15
leaf_value=-0.015277404327896855 0.031543523078527154 -0.017171764381336767 -0.025812381752107656 0.0002031683112600515 0.014356930888438237 -0.013574061825330924 0.012066649138426538 -0.017974623629835908 0.013127091579301094 -0.012273512295769364 -0.002164601226806462 0.021916151889820927 -0.015899569701332598 0.021043850500522109
leaf_weight=2.6696046155993818 2.1614837890956533 1.2581509858428024 5.6485798883077214 18.201314391073549 1.0156836461974306 1.8154488421860149 0.69636201698449429 1.1146512790292025 4.5268703768379064 2.0253588228952131 3.1228043218143267 5.2871110113919713 2.0844756549922741 2.4558129236102095
leaf_count=339 35 868 829 1082 79 442 252 481 119 51 55 177 188 28
internal_value=-3.05106e-05 0.00103753 0.00182106 -6.96021e-05 -0.014617 0.00904547 -0.0205783 0.0152523 0.00520087 0.00349114 0.00486596 0.0136946 0.00116179 0.00353808
internal_weight=54.0837 51.4141 50.156 40.5375 7.36063 9.61845 6.34494 7.80301 5.64152 33.1769 31.1515 8.40992 22.7416 20.6571
internal_count=5025 4686 3818 2741 1160 1077 1081 635 600 1581 1530 232 1298 1110
is_linear=0
shrinkage=0.03


Tree=285
num_leaves=15
num_cat=0
split_feature=2 6 3 8 2 3 1 3 8 8 6 5 6 8
split_gain=1.0832 2.02972 1.55281 1.30502 1.23907 0.897132 0.835922 0.706849 0.936079 1.33784 1.72798 1.22537 1.11588 1.19077
threshold=30.60842323303223 8.0322799682617205 24.490550041198734 1.0815023189815618 31.570415496826175 3.946269273757935 26.046833992004398 7.6680140495300302 1.2373229125795089 1.3018557883220179 8.088682174682619 279.47726440429693 8.0229797363281268 1.5915460457665875
decision_type=2 2 2 2 2 2 2 2 2 2 2 2 2 2
left_child=6 2 4 -4 5 -2 7 -1 -9 -10 11 12 -11 -14
right_child=1 -3 3 -5 -6 -7 -8 8 9 10 -12 -13 13 -15
leaf_value=0.0084598779436955897 -0.0071422154339818864 -0.016671713494701045 0.0078117886585336227 -0.020447816558036312 -0.0084935527760234848 0.02861665018396645 -0.021788161791679382 0.0044393145702717601 -0.022883151699286966 0.012081293801215556 0.013904051921237982 -0.026680844750891834 -0.01540852593868979 0.0020782484647422533
leaf_weight=5.6082452066184478 0.31137737110839037 1.6773869970347721 4.8207105188630521 0.96910733255208459 0.61473012343049038 5.3003910227562301 0.74561290186829765 11.631868092459625 2.49736280133948 2.4775165352039101 3.6082214526832095 1.4262116537429381 6.2392810963792709 6.3882710592879448
leaf_count=1587 417 209 189 200 7 256 747 657 71 58 146 59 145 256
internal_value=0.00102795 0.008016 0.0124783 0.000766768 0.0217554 0.0258524 -0.00146368 -0.000559934 -0.00223409 -0.00570593 -0.00259417 -0.00678287 -0.0033641 -0.00705864
internal_weight=54.3163 13.6937 12.0163 5.78982 6.2265 5.61177 40.6226 39.877 34.2687 22.6369 20.1395 16.5313 15.1051 12.6276
internal_count=5004 1278 1069 389 680 673 3726 2979 1392 735 664 518 459 401
is_linear=0
shrinkage=0.03


Tree=286
num_leaves=15
num_cat=0
split_feature=8 3 1 3 4 4 1 6 8 8 4 1 4 3
split_gain=1.16998 1.45669 2.17021 2.05927 2.00717 1.62795 1.4311 1.33355 1.28309 1.92935 1.07588 1.04678 1.02661 1.00762
threshold=0.31247925386168401 21.24765777587891 11.798156738281252 3.946269273757935 33.896492004394538 36.226156234741218 4.4426589012146005 8.0143451690673846 0.83928674783186563 1.1974809397290773 30.834199905395511 10.856526374816896 36.596691131591804 10.961112976074221
decision_type=2 2 2 2 2 2 2 2 2 2 2 2 2 2
left_child=-1 2 6 12 -5 -6 7 10 11 -10 13 -8 -4 -2
right_child=1 -3 3 4 5 -7 8 -9 9 -11 -12 -13 -14 -15
leaf_value=0.016742527838287891 -0.027562586647245778 -0.0086245211173595609 -0.019233446237077571 -0.015335366937546923 0.028760643471471611 -0.005878623721524325 0.00026979143831403933 0.020840976802219115 0.017068868528008627 -0.010903805037115584 0.0079040346411951203 -0.043939484592616027 0.01149346824566475 0.0089656985044645008
leaf_weight=1.8076423706952471 1.1687389483850048 23.235910973948194 1.7429840372933525 0.7057732758403289 6.1227063187980093 1.1091441955068146 0.66885637934319564 2.2612854306353256 1.8411873450968403 9.9418694381602091 2.280685075907968 0.62045831372961402 0.71160487562883634 0.42009020829573263
leaf_count=138 172 888 1688 185 416 159 68 208 123 544 108 13 273 23
internal_value=-0.00221992 -0.00316769 0.00125844 0.0116932 0.0186063 0.0233793 -0.00468783 0.0065708 -0.0100597 -0.00553953 -0.00433581 -0.0309053 -0.00957705 -0.0181719
internal_weight=54.6389 52.8313 29.5954 10.3922 7.93762 7.23185 19.2032 6.1308 13.0724 11.7831 3.86951 1.28931 2.45459 1.58883
internal_count=5006 4868 3980 2721 760 575 1259 511 748 667 303 81 1961 195
is_linear=0
shrinkage=0.03


Tree=287
num_leaves=15
num_cat=0
split_feature=6 4 6 3 1 4 4 4 3 7 2 2 7 7
split_gain=1.11962 1.29822 1.13412 1.52705 1.39413 1.62817 1.28519 1.25258 0.995906 0.965581 1.43625 0.816579 0.686135 0.607298
threshold=8.0901808738708514 30.744473457336429 8.0231103897094744 26.085324287414554 26.046833992004398 34.636398315429695 36.525604248046882 31.55373573303223 20.48575592041016 -0.24333344562067286 29.654634475708011 30.850934982299808 -0.036036480131971409 -0.52676163825421463
decision_type=2 2 2 2 2 2 2 2 2 2 2 2 2 2
left_child=1 -1 4 8 5 7 -7 12 -4 10 -10 -6 -3 -12
right_child=-2 2 3 -5 11 6 -8 -9 9 -11 13 -13 -14 -15
leaf_value=-0.010130106967502035 0.015534144073381285 -0.0080744626969827902 -0.0029795731438994728 -0.018509533383181436 -0.022402147551117822 0.032561793544818536 -0.0018272170396283925 -0.0086095502119917997 -0.0085771269717802995 0.019765277919646097 0.00042069490359184354 0.0070000133868457926 0.019167929151324013 0.018918914831593071
leaf_weight=6.5618959121347862 4.6496019496116778 0.45932871851255219 14.965864159719791 2.5409850557916789 0.8700116169929959 3.721262960403692 1.1047450220212338 3.2702609283442143 4.7819443906191719 3.3579150452278546 2.660491087823174 0.89492533454904333 2.8609798955731076 3.1796064891386786
leaf_count=481 342 67 1997 155 707 149 13 636 62 142 113 110 76 30
internal_value=0.0028467 0.00141983 0.00330121 0.000124452 0.0103457 0.0141219 0.0257272 0.00335399 0.0023237 0.00782088 0.00266916 -0.0103539 0.0144026 0.0117854
internal_weight=55.8798 51.2302 44.6683 31.4868 13.1815 11.4166 4.82601 6.59057 28.9458 13.98 10.622 1.76494 3.32031 5.8401
internal_count=5080 4738 4257 2499 1758 941 162 779 2344 347 205 817 143 143
is_linear=0
shrinkage=0.03


Tree=288
num_leaves=15
num_cat=0
split_feature=1 3 2 8 7 8 8 7 6 7 2 2 7 6
split_gain=0.962436 1.39369 1.38557 1.51028 1.21105 1.20632 1.63389 1.18586 0.966534 0.849727 0.833395 0.758171 1.05918 1.47207
threshold=5.4298472404479989 8.9611806869506854 23.338181495666507 1.7008658143576416 -0.036036480131971409 3.5263450359702748 3.5434727839065157 -0.83628631685578114 7.9680233001708993 0.093615287250342002 28.628553390502933 27.566947937011722 -0.70655824933822109 8.0272436141967791
decision_type=2 2 2 2 2 2 2 2 2 2 2 2 2 2
left_child=1 4 3 -2 -1 7 -7 -4 -9 -6 -3 -10 13 -13
right_child=2 10 5 -5 9 6 -8 8 11 -11 -12 12 -14 -15
leaf_value=-0.019396611175479198 -0.030518407742916958 0.022205736964432721 -0.019255447109696469 0.0080500765700356886 0.017897045290957151 0.035586604716664957 -0.0031774054214929529 0.018489125735519741 0.0080647928582466711 -0.0077190161242040875 -0.010104365286555962 0.015755822340526946 -0.0049948135175765344 -0.017285285555235754
leaf_weight=1.375292363198241 1.6856545163318508 4.5201405643019825 1.925129007489885 0.86414130116463628 1.7101219743490204 0.98809415157302227 1.6351895823609082 1.5298058256739739 6.3625098788179448 1.2808096959488464 0.24472818849608291 4.249973065918307 26.675053409155232 0.68798217055154953
leaf_count=189 20 432 974 564 35 61 1184 44 289 87 17 135 877 105
internal_value=0.000976169 0.00935995 -0.000828593 -0.0188618 -0.00282788 0.000610637 0.0172154 -0.000821697 0.000529799 0.00774194 0.0190814 -0.00064949 -0.00259686 0.00901664
internal_weight=55.7346 9.13109 46.6035 2.5498 4.36622 44.0537 2.62328 41.4305 39.5053 2.99093 4.76487 37.9755 31.613 4.93796
internal_count=5013 760 4253 584 311 3669 1245 2424 1450 122 449 1406 1117 240
is_linear=0
shrinkage=0.03


Tree=289
num_leaves=15
num_cat=0
split_feature=6 6 4 3 0 1 5 4 8 3 8 8 5 4
split_gain=1.01163 0.977731 1.97368 1.21872 1.14707 1.10427 1.60986 1.32279 1.11934 0.971843 1.62481 1.4943 0.969012 0.95901
threshold=8.1019229888916033 8.0231103897094744 34.686437606811531 8.6097049713134783 27.723476409912113 5.4298472404479989 227.14627838134768 36.419401168823249 1.1974809397290773 21.24765777587891 0.83928674783186563 1.0249685865470306 203.57675933837893 31.95629978179932
decision_type=2 2 2 2 2 2 2 2 2 2 2 2 2 2
left_child=1 2 3 -1 -4 13 7 9 -8 10 -7 12 -11 -3
right_child=-2 5 4 -5 -6 6 8 -9 -10 11 -12 -13 -14 -15
leaf_value=-0.016136643434309431 0.018859047144420778 0.019248121006661231 0.027688847282205088 0.0038836778819145452 -0.0016106309693570547 -0.020552877313081044 0.0007856694296808056 -0.020608693512292952 -0.027180398162043481 -0.0114844319397138 0.010915228533016415 -0.0086968008998001747 0.01993494806994325 -0.012841179244655268
leaf_weight=2.6055862036882926 1.6624633490573604 2.3519488580059256 3.369906928157433 10.393616585439302 1.5140629132220054 0.76748157711700216 1.7791479001753021 1.9282624871993892 3.1976289360609371 0.47431940608657841 10.074257544882128 12.28328426054213 2.2711356906220317 0.35001030770945352
leaf_count=977 190 205 114 541 435 42 66 696 138 11 1192 268 133 19
internal_value=0.000811451 -8.74075e-05 0.00545541 -0.000995265 0.0198758 -0.00295435 -0.00458764 -0.00149452 -0.0187241 0.000644102 0.0071401 -0.00419521 0.0128898 0.0127454
internal_weight=55.0231 53.3606 17.8832 12.9992 4.88397 35.4775 32.7755 27.7987 4.97678 25.8705 10.8417 15.0287 2.74546 2.70196
internal_count=5027 4837 2067 1518 549 2770 2546 2342 204 1646 1234 412 144 224
is_linear=0
shrinkage=0.03


Tree=290
num_leaves=15
num_cat=0
split_feature=1 1 2 6 6 2 6 1 6 6 1 7 1 7
split_gain=0.881227 1.34836 0.926238 1.24581 1.45523 1.0888 0.965805 2.74387 1.01587 1.1671 1.53803 1.94509 1.81156 1.82129
threshold=3.6357250213623051 4.575158119201661 21.112796783447269 7.9680233001708993 8.018407344818117 16.427570343017582 8.0231103897094744 26.046833992004398 8.0256605148315447 8.0276145935058612 22.688650131225589 -0.33738634879116763 21.912405967712406 -0.52676163825421463
decision_type=2 2 2 2 2 2 2 2 2 2 2 2 2 2
left_child=-1 -2 5 -4 -5 -3 7 -6 -8 -10 12 -12 13 -11
right_child=1 2 3 4 6 -7 8 -9 9 10 11 -13 -14 -15
leaf_value=-0.012679362198455665 0.019366348120062445 0.0082837294988383908 0.022065706641654609 -0.013733374992342571 0.022908304189890656 -0.023953583030827591 -0.015282489807323975 -0.022062000603527997 0.018119816620245678 -0.026434681124148499 -0.02879490979517316 0.013867041933303381 0.021681779364394096 0.001837023300684783
leaf_weight=3.1312150431331238 2.6284526460804036 0.81629104694002252 1.5138800250715565 4.8030311154434449 4.1593088596709995 1.7691237902326973 2.3736121344845733 0.73570401055621903 2.6081127441138952 1.2245057278196281 2.1833702859876216 0.67792053613811631 2.8280519924010141 25.28816212117091
leaf_count=349 229 39 66 627 143 436 279 408 181 131 905 9 114 1143
internal_value=0.00069601 0.00169511 0.000428991 0.00148969 0.000378299 -0.0143037 0.00227047 0.0135535 0.000469072 0.0019399 0.000123179 -0.0177135 0.00238909 -0.000382083
internal_weight=56.7407 53.6095 50.9811 48.3957 46.8818 2.58541 42.0787 4.89501 37.1837 34.8101 32.202 2.86129 29.3407 26.5127
internal_count=5059 4710 4481 4006 3940 475 3313 551 2762 2483 2302 914 1388 1274
is_linear=0
shrinkage=0.03


Tree=291
num_leaves=15
num_cat=0
split_feature=7 1 7 6 5 8 3 0 1 3 0 3 0 7
split_gain=1.435 1.61941 1.22692 1.38653 1.32421 1.53837 1.96379 1.96645 1.54912 1.48078 1.14933 1.09121 1.50501 1.06521
threshold=-0.8721508893123876 21.912405967712406 -0.45708148150874789 8.0231103897094744 218.13921356201175 1.8086429447539116 15.768541336059572 12.177544593811037 11.798156738281252 21.24765777587891 26.275093078613285 23.548137664794925 23.745889663696293 -0.0017263110063480312
decision_type=2 2 2 2 2 2 2 2 2 2 2 2 2 2
left_child=-1 2 3 -2 -4 6 7 13 -8 -10 -3 -11 -13 -6
right_child=1 10 4 -5 5 -7 8 -9 9 11 -12 12 -14 -15
leaf_value=-0.021930331015429634 0.0086807543697719879 0.021282080847459431 0.011436629119996704 -0.03086855981606796 -0.023915972315479699 -0.023920392661710945 -0.020064194737652568 0.01654237471023327 0.019150192655788149 -0.01561325106785697 0.003151014123987952 0.013016185213648499 -0.014881080401191269 0.003069986230040686
leaf_weight=1.5688600267167192 0.6409911162918428 3.972043400630354 5.7647814092342733 1.5232697815517893 1.106015322729945 1.9273963140149124 4.8677056180313256 7.4138780299108475 1.6533947414718557 4.3143394277431053 9.7778147372009681 3.6941187409684062 1.7916402011178432 3.0046155455056631
leaf_count=1792 289 77 284 159 88 450 235 471 65 106 726 64 43 126
internal_value=-3.85974e-05 0.0010343 -0.00220984 -0.0201136 -0.000598856 -0.00322513 -0.00101307 0.00807315 -0.00752459 -0.0010121 0.00947646 -0.00587191 0.00301536 -0.00744982
internal_weight=53.0209 51.452 37.7021 2.16426 35.5379 29.7731 27.8457 11.5245 16.3212 11.4535 13.7499 9.8001 5.48576 4.11063
internal_count=4975 3183 2380 448 1932 1648 1198 685 513 278 803 213 107 214
is_linear=0
shrinkage=0.03


Tree=292
num_leaves=15
num_cat=0
split_feature=1 6 4 6 4 1 0 8 8 6 3 6 2 0
split_gain=2.40585 1.34828 2.6789 1.95654 1.84308 1.09628 2.17205 0.998121 1.25843 2.28351 2.16799 1.0664 1.99239 0.897561
threshold=26.046833992004398 8.0231103897094744 34.686437606811531 8.0478301048278826 36.525604248046882 14.688235282897951 23.833424568176273 1.1824498976111324 1.5915460457665875 8.0864982604980487 23.249904632568363 8.088682174682619 28.564537048339847 27.451275825500492
decision_type=2 2 2 2 2 2 2 2 2 2 2 2 2 2
left_child=1 2 -1 5 -4 -3 -7 11 9 10 -9 -5 -13 -8
right_child=-2 3 4 7 -6 6 13 8 -10 -11 -12 12 -14 -15
leaf_value=-0.0017125515847114894 -0.026439406633738078 -0.030098995588129666 0.031979816595674553 0.021926650697557913 -0.0086719005558497705 0.018095038343339417 -0.020385411317538054 -0.031075820616659797 0.0060926725812595686 0.0068218692973451671 0.0041708411513346781 0.015515492327309359 -0.03030502016302716 0.0005483818109876359
leaf_weight=11.330355472600784 2.4951687961874986 1.9679706558817986 3.4705709340632884 2.6206136003602323 0.82686942815780629 1.4899981442140395 5.1008910757664125 3.7239774186164158 8.5435370728955586 4.3552000415511429 2.0327592042740434 1.0568832114804534 0.48750324267894019 2.5679561927681789
leaf_count=1042 1574 78 149 257 12 41 535 94 591 210 25 141 21 266
internal_value=-0.00238064 -0.000670907 0.00637542 -0.00400433 0.0239976 -0.0137455 -0.00761464 0.00112292 -0.00200831 -0.00878513 -0.0198546 0.0128214 -0.00517424 -0.014121
internal_weight=52.0703 49.5751 15.6278 33.9473 4.29744 11.1268 9.15885 22.8205 18.6555 10.1119 5.75674 4.165 1.54439 7.66885
internal_count=5036 3462 1203 2259 161 920 842 1339 920 329 119 419 162 801
is_linear=0
shrinkage=0.03


Tree=293
num_leaves=15
num_cat=0
split_feature=1 0 5 7 1 7 3 4 5 1 3 3 3 0
split_gain=1.03501 0.942123 1.60521 0.968413 1.10696 1.26914 0.957968 1.15016 1.74881 2.63713 1.16668 0.990216 1.36363 0.95981
threshold=27.240937232971195 27.587202072143558 202.38330841064456 -0.71454507679575474 21.778222084045414 -0.53289884395400844 23.548137664794925 35.69995307922364 223.89811706542972 6.8716635704040536 9.5490527153015154 7.6680140495300302 7.3443951606750497 13.456270694732668
decision_type=2 2 2 2 2 2 2 2 2 2 2 2 2 2
left_child=1 3 -3 -1 5 -5 7 8 -7 10 11 12 -10 -11
right_child=-2 2 -4 4 -6 6 -8 -9 9 13 -12 -13 -14 -15
leaf_value=-0.015189467640363198 -0.019281333391633466 -0.0086741615541852252 0.021279353849787071 -0.022993572639972554 0.011951022100852858 0.011353131783329952 0.0076387725804821852 -0.018321081468460905 -0.015024339716679503 0.006341945943424244 0.011885138024844999 -0.014291193077600548 0.020979835080634807 -0.021465881807933157
leaf_weight=3.293056693946709 1.6840351548453316 1.8655794647929713 3.3216544926981442 1.4416864568192966 4.8411714509129515 6.6175120123662117 8.5513474550098163 2.9702634228160596 0.67230532033136303 0.84561869906610709 6.008625645423308 3.4369843742460944 1.4033129620365798 6.8462642050581053
leaf_count=810 1202 393 255 199 120 258 182 284 240 49 560 96 10 343
internal_value=-0.0011136 -0.000174579 0.0108458 -0.0015936 -0.000250232 -0.00203491 -0.000647524 -0.0032816 -0.000933822 -0.00551808 0.00360863 -0.00585234 0.00822463 -0.0180309
internal_weight=53.7994 52.1154 5.18723 46.9281 43.6351 38.7939 37.3522 28.8009 25.8306 19.2131 11.5212 5.5126 2.07562 7.69188
internal_count=5001 3799 648 3151 2341 2221 2022 1840 1556 1298 906 346 250 392
is_linear=0
shrinkage=0.03


Tree=294
num_leaves=15
num_cat=0
split_feature=7 4 6 0 3 0 1 1 1 6 0 1 7 1
split_gain=0.878896 1.61286 1.01909 0.688999 0.676108 0.674024 1.31104 2.15592 0.911122 0.882196 0.878753 1.09047 1.42791 2.04455
threshold=0.1762297520048994 29.331339836120609 7.945338487625123 13.3928279876709 11.84914016723633 29.332090377807621 24.237989425659183 24.089230537414554 28.272878646850589 8.0194153785705584 26.275093078613285 21.519083023071293 -0.23347957574403252 15.681722164154055
decision_type=2 2 2 2 2 2 2 2 2 2 2 2 2 2
left_child=5 2 4 -3 -2 6 7 10 -7 -8 11 12 13 -1
right_child=1 3 -4 -5 -6 8 9 -9 -10 -11 -12 -13 -14 -15
leaf_value=-0.020596548498188462 -0.015944387520177239 -0.0092796355613187689 -0.031045128378685585 0.018154844452540054 0.012876023984605474 0.020509400686484193 0.00057058736641208969 0.029645094352189941 -0.010269798041394322 -0.022349588526775169 -0.013315844826532522 0.014092811497757964 0.0043585144175454105 0.0022557210055557477
leaf_weight=5.2799702872580294 0.23715313785942205 0.5639679746236651 1.9972271895967422 1.1299014685791915 0.8112959903664887 2.1372789714951064 2.5002317712351205 1.3789628404774692 0.50110591456177633 2.6424370116437785 2.903369674779241 4.4301329622685435 21.217840713507037 7.630702116584871
leaf_count=621 62 32 68 106 32 98 363 41 434 1086 289 203 1057 568
internal_value=-0.000243899 -0.0113768 -0.0221107 0.00896665 0.00175579 0.000998627 5.35586e-05 0.00187116 0.0134476 -0.0129276 0.000271035 0.00160484 -0.000371222 -0.00789877
internal_weight=55.3616 4.73955 3.04568 1.69387 1.04845 50.622 47.9836 42.841 2.63838 5.14267 41.462 38.5586 34.1285 12.9107
internal_count=5060 300 162 138 94 4760 4228 2779 532 1449 2738 2449 2246 1189
is_linear=0
shrinkage=0.03


Tree=295
num_leaves=15
num_cat=0
split_feature=8 2 3 7 8 5 0 7 4 8 3 2 0 7
split_gain=1.2717 1.7124 1.13235 0.931555 1.3735 1.52236 1.10448 1.92369 1.27604 1.06747 1.06594 0.941404 0.793783 1.33431
threshold=3.5263450359702748 29.361582756042484 1.8229560256004336 -0.22263841950874649 1.1974809397290773 219.44814300537112 15.947686195373537 -0.16705418473149439 31.927421569824222 1.37651353431265 10.726224422454836 21.188824653625492 23.42550086975098 -0.40078538600284003
decision_type=2 2 2 2 2 2 2 2 2 2 2 2 2 2
left_child=3 -2 -3 12 11 -6 10 -8 -9 -10 -7 -5 -1 -14
right_child=1 2 -4 4 5 6 7 8 9 -11 -12 -13 13 -15
leaf_value=-0.016519567444524288 -0.012824073688045893 -0.0076211295573402824 0.034374782112016666 -0.0058462116445561181 0.014891870073907817 -0.0090108365327535266 0.0074722587836442422 0.0033507381604423792 -0.052502188640998156 -0.012156582984754376 0.010235311621289499 0.014508136710328575 -0.0089848599178201302 0.0065905884699042818
leaf_weight=4.8796446833002873 0.73706217954168041 0.33986819567508053 1.6130940016882958 2.0997857006732392 2.2681114869192269 4.9612798176240158 1.5712684312602503 0.81810589414089863 0.85848478786647353 2.1030962996883318 3.5834680676925927 7.3227426724042743 13.209872328065105 6.7217924829456015
leaf_count=301 799 616 165 94 105 261 35 50 11 79 141 535 1733 134
internal_value=-0.00151747 0.0155384 0.0269605 -0.00271244 0.0012976 -0.00396922 -0.00784087 -0.017319 -0.0270322 -0.0341524 -0.000712737 0.00984651 -0.00673781 -0.00366825
internal_weight=53.0877 2.69002 1.95296 50.3977 25.5863 16.1638 13.8957 5.35096 3.77969 2.96158 8.54475 9.42253 24.8113 19.9317
internal_count=5059 1580 781 3479 1311 682 577 175 140 90 402 629 2168 1867
is_linear=0
shrinkage=0.03


Tree=296
num_leaves=15
num_cat=0
split_feature=8 4 2 4 7 8 8 7 7 4 0 2 7 2
split_gain=0.940315 0.890917 1.30119 1.28094 1.11392 1.49741 2.00235 1.29873 0.72848 0.693317 0.653483 1.0257 0.892652 1.94644
threshold=0.31247925386168401 30.744473457336429 31.85965728759766 31.305315017700199 -0.16705418473149439 1.6050083043173768 1.1974809397290773 -0.21516227543462435 -1.0000000180025095e-35 32.373561859130866 22.382890701293949 27.628327369689945 -0.33738634879116763 29.319467544555668
decision_type=2 2 2 2 2 2 2 2 2 2 2 2 2 2
left_child=-1 2 -2 -3 7 6 8 10 -6 -9 11 -5 13 -12
right_child=1 3 -4 4 5 -7 -8 9 -10 -11 12 -13 -14 -15
leaf_value=0.016499004692048815 -0.013918737599719301 0.016424993175061766 0.01561254873398967 0.0044987029707999971 0.016791094739274936 0.0037536440709076543 -0.026038641141271333 -0.005064656894475137 -0.012012625793216429 0.020972263791367723 -0.020762089097209602 -0.022762942488534183 0.011510592035034579 0.0030551509389100603
leaf_weight=1.9199778723996122 7.1207014647079623 3.248853888566372 0.74902529187966127 1.7795631398039433 1.2298021435271946 4.7320272597135045 4.5870170078705996 0.74452600863878515 0.36659877537749874 3.2861468778864946 2.879694628674776 1.72071464266628 4.9869195601204401 14.277520523901329
leaf_count=141 539 252 13 586 86 172 202 29 35 158 329 38 143 2304
internal_value=-7.38017e-05 -0.000990501 -0.00966469 0.000747439 -0.000872138 -0.00863904 -0.0173252 0.00217327 0.00809751 0.0161121 -0.000540056 -0.0109831 0.00151388 -0.00186567
internal_weight=53.6291 51.7091 7.86973 43.8394 40.5905 10.9154 6.18342 29.6751 1.5964 4.03067 25.6444 3.50028 22.1441 17.1572
internal_count=5027 4886 552 4334 4082 495 323 3587 121 187 3400 624 2776 2633
is_linear=0
shrinkage=0.03


Tree=297
num_leaves=15
num_cat=0
split_feature=3 8 7 1 2 7 8 7 6 7 6 6 3 7
split_gain=0.766462 1.83385 0.988139 2.85434 2.09157 1.20705 1.96566 2.24575 1.95674 0.993114 0.801838 0.811236 0.810721 0.779364
threshold=2.0998566150665288 3.5263450359702748 -0.21516227543462435 15.681722164154055 27.628327369689945 -0.53289884395400844 1.37651353431265 -0.27005845596702188 8.0276145935058612 -0.8721508893123876 8.0256605148315447 8.0196533203125018 27.39980506896973 -0.16187185271061402
decision_type=2 2 2 2 2 2 2 2 2 2 2 2 2 2
left_child=-1 2 3 4 -2 8 -7 -8 9 -5 11 -11 -13 -4
right_child=1 -3 13 5 -6 6 7 -9 -10 10 -12 12 -14 -15
leaf_value=-0.016465073930788551 0.0047933648762527262 0.028657984106807116 0.014031130812505099 -0.017449220887661758 -0.03134899501732992 0.018087707079857001 -0.020518600915084818 0.016806022920345241 -0.021380970598181569 0.012928284800831377 0.022219976146548553 -0.015760674258113092 0.009931319263585538 0.0016544767394961772
leaf_weight=1.2034842483117234 1.7288544109615056 1.1631867905380193 5.111116009589753 0.69172565461485724 3.7424812754616141 6.3124768962152285 2.6721656254376285 1.4703149654669685 3.2614711288770195 1.9389421682863037 1.4636111560394054 2.1832895448897038 0.8726406693458556 19.643602356198244
leaf_count=1709 181 165 233 405 84 145 88 23 627 166 29 88 59 986
internal_value=0.000899482 0.00160106 0.000446765 -0.00353454 -0.0209526 0.00178192 0.00859317 -0.00657883 -0.00521131 0.00388267 0.00820058 0.00107133 -0.0077844 0.00465547
internal_weight=53.4594 52.2559 51.0927 26.338 5.47134 20.8666 10.455 4.14248 10.4117 7.15021 6.45848 4.99487 3.05593 24.7547
internal_count=4988 3279 3114 1895 265 1630 256 111 1374 747 342 313 147 1219
is_linear=0
shrinkage=0.03


Tree=298
num_leaves=15
num_cat=0
split_feature=6 5 8 0 5 7 6 8 8 7 4 8 2 7
split_gain=1.69839 1.3052 1.4013 2.76465 2.05301 1.99113 1.90331 1.64926 1.0997 1.08045 0.967004 1.11794 0.913369 0.83284
threshold=8.0864982604980487 214.72111511230472 1.1824498976111324 13.505753040313722 223.52202606201175 -0.036036480131971409 8.0209102630615252 1.5300276770176178 3.5263450359702748 -0.42492168740723707 35.69995307922364 1.5915460457665875 22.610938072204593 -0.96297177102619191
decision_type=2 2 2 2 2 2 2 2 2 2 2 2 2 2
left_child=1 8 6 5 10 7 -3 -4 -1 -8 -5 -12 -6 -10
right_child=-2 2 3 4 12 -7 9 -9 13 -11 11 -13 -14 -15
leaf_value=0.002390145414262951 0.014308299631272609 -0.00732140872119933 0.010524704842131973 0.0041293145140307427 -0.0069763987192396886 0.017409053186900315 -0.012653200909966814 -0.027249345124218782 -0.0074609139558801281 0.02111951382365124 -0.029728956275915493 0.0066879449528470941 -0.043890571066416077 0.027247472675992208
leaf_weight=20.28372058810783 7.8451129838358602 5.675348797580229 1.0850389930419626 3.2514883449766767 1.276039924588986 3.5671313353814176 0.33689904958009709 1.4611404046299865 0.33041614928515661 4.0897044858429581 1.2031918701250104 0.68777776608476404 2.2849107570655178 1.9053606641537033
leaf_count=1808 416 197 48 99 475 154 3 219 550 333 18 197 97 401
internal_value=0.00223956 -1.05083e-05 -0.0046537 -0.0102626 -0.0202723 0.00483451 0.00375637 -0.0127236 0.00510678 0.0166911 -0.0059675 -0.0187518 -0.0350925 0.0213975
internal_weight=55.2833 47.4382 24.9187 14.8167 8.70341 6.11331 10.102 2.54618 22.5195 4.4266 5.14246 1.89097 3.56095 2.23578
internal_count=5015 4599 1840 1307 886 421 533 267 2759 336 314 215 572 951
is_linear=0
shrinkage=0.03


Tree=299
num_leaves=15
num_cat=0
split_feature=2 1 7 5 6 7 7 7 2 3 7 5 7 3
split_gain=1.68225 1.65439 1.06136 0.968095 0.878934 1.10217 1.06869 1.06944 1.15272 0.987272 1.31968 1.49782 0.94716 1.76641
threshold=20.883907318115238 3.0808253288269047 -0.8721508893123876 298.60276794433599 7.9680233001708993 -0.70655824933822109 -0.47774201667303767 0.25400790311129845 28.628553390502933 23.548137664794925 -0.30595173774891588 217.00405883789065 -0.23347957574403252 10.475234031677248
decision_type=2 2 2 2 2 2 2 2 2 2 2 2 2 2
left_child=1 3 -2 -1 -4 -6 -7 9 -9 10 -8 -12 -13 -14
right_child=2 -3 4 -5 5 6 7 8 -10 -11 11 12 13 -15
leaf_value=0.016731343134979287 -0.017044891759086762 -0.025066140753932566 0.01957371175452598 -0.013294879736308393 0.013291898600793809 -0.0097449261074494583 -0.01545739173334181 0.0094910476056755382 -0.030265793120371361 0.012922041966262503 0.02009909550865965 -0.011356829985836763 -0.016613014120078515 0.0087426157964640063
leaf_weight=1.3913612560718314 1.2983814325125411 3.0311911984754261 2.0539616163587189 0.6983664026192854 6.5301130134321275 6.2403353594127102 2.7475921146397004 0.45965097402222344 0.72013004310429096 7.6874404152622438 3.1228495985269644 3.9365245462686334 2.1271117166033919 11.330404154723508
leaf_count=38 1764 528 93 215 427 456 256 95 13 195 116 146 66 661
internal_value=0.00120082 -0.0136606 0.00302328 0.00564163 0.00392204 0.00279526 0.000716726 0.0029813 -0.0175281 0.00428716 0.00101892 0.00384124 -1.16361e-05 0.00386299
internal_weight=53.3754 5.12092 48.2545 2.08973 46.9561 44.9022 38.372 32.1317 1.17978 30.9519 23.2645 20.5169 17.394 13.4575
internal_count=5069 781 4288 253 2524 2431 2004 1548 108 1440 1245 989 873 727
is_linear=0
shrinkage=0.03


Tree=300
num_leaves=15
num_cat=0
split_feature=6 3 3 0 3 0 3 2 8 6 8 6 5 4
split_gain=0.884825 1.36239 1.35726 1.4174 1.10927 1.51189 1.71015 1.07739 1.53409 2.15301 1.66702 1.49417 1.14571 1.24602
threshold=8.0478301048278826 7.3443951606750497 7.6680140495300302 29.332090377807621 8.9611806869506854 13.505753040313722 18.772186279296879 29.195244789123539 0.83928674783186563 8.0809044837951678 1.7330639496180922 8.088682174682619 215.87665557861331 31.815826416015629
decision_type=2 2 2 2 2 2 2 2 2 2 2 2 2 2
left_child=1 -1 -3 4 -4 -6 -7 8 11 12 -11 -2 -10 -14
right_child=7 2 3 -5 5 6 -8 -9 9 10 -12 -13 13 -15
leaf_value=-0.022051591861263303 0.010143072879625245 0.020000570830140636 -0.021886782630776282 0.015172686989783607 0.013156026522708723 -0.029463259404397396 -0.0027465459417367753 0.0167827381537996 0.0031861920543741866 0.01925845001445144 -0.011040709611951374 -0.033627866516519708 0.0071228799928550182 -0.024156227525102915
leaf_weight=2.1304105286399162 0.50758674065583065 1.5170628912746931 2.2239525075710906 2.4562657910573753 3.4296045608352896 1.5146745618258162 17.18404816952534 3.9887922420166424 5.6523044590721856 7.4197206241078657 1.333996597677469 1.0293370881117878 1.0831657592207191 2.9628513442294206
leaf_count=2354 95 20 94 232 182 147 655 172 248 397 8 82 51 291
internal_value=8.83217e-05 -0.00326064 -0.00114358 -0.0030163 -0.00537702 -0.00284317 -0.00629654 0.00430234 0.00113094 0.00394241 0.0139825 -0.020872 -0.00557974 -0.0160303
internal_weight=54.4338 30.456 28.3256 26.8085 24.3523 22.1283 18.6987 23.9778 19.989 18.452 8.75372 1.53692 9.69832 4.04602
internal_count=5028 3684 1330 1310 1078 984 802 1344 1172 995 405 177 590 342
is_linear=0
shrinkage=0.03


Tree=301
num_leaves=15
num_cat=0
split_feature=5 3 8 2 8 5 2 2 5 2 2 3 0 5
split_gain=2.0933 1.68277 1.43037 1.41177 1.24375 1.08378 1.06907 0.994802 2.03071 1.75247 1.43741 0.931446 0.915252 0.885436
threshold=221.89505004882815 22.193841934204105 1.7186234944400616 31.322996139526371 1.6721292767751728 203.36488342285159 29.927762031555179 29.435926437377933 225.15236663818362 31.322996139526371 21.112796783447269 3.946269273757935 27.273456573486332 237.82936096191409
decision_type=2 2 2 2 2 2 2 2 2 2 2 2 2 2
left_child=1 11 4 6 7 -5 -3 8 -2 13 -10 -1 -8 -9
right_child=2 3 -4 5 -6 -7 12 9 10 -11 -12 -13 -14 -15
leaf_value=-0.00078513425124647116 -0.030123269019287999 0.0024267609120264587 -0.025119413854295704 -0.010943860124453024 0.017096942198240796 0.02202622205450943 -0.027023842561339113 0.017449545087838528 -0.016525083726597275 -0.020545045707454555 0.0033248728246691875 0.018986825062966017 -0.0035229418965556491 -0.0071879261746515075
leaf_weight=2.6994702466763583 2.3696986422874131 8.6433163912151958 2.1234510796639361 0.51601120573468451 1.4886553616961453 2.6549680371535942 1.6790727585321281 4.0472645955160251 3.9890329286572515 1.0325808110646901 8.8672978548565862 8.1549663390323968 4.1897819262812845 1.1497632712125776
leaf_count=1595 58 127 766 48 21 135 79 131 197 19 617 798 422 15
internal_value=0.000208037 0.00567254 -0.00599182 -0.000180162 -0.00324645 0.0153235 -0.00433725 -0.00535644 -0.00931485 0.00426865 -0.00358224 0.0144182 -0.0132019 0.0117185
internal_weight=53.6053 28.5376 25.0677 17.6832 22.9443 3.17098 14.5122 21.4556 15.226 6.22961 12.8563 10.8544 5.86885 5.19703
internal_count=5028 3204 1824 811 1058 183 628 1037 872 165 814 2393 501 146
is_linear=0
shrinkage=0.03


Tree=302
num_leaves=15
num_cat=0
split_feature=4 1 5 6 1 5 0 5 3 4 4 5 4 1
split_gain=0.756811 0.751056 1.41374 2.03304 0.890007 0.722768 0.720503 1.16678 0.664639 1.59741 1.66218 1.93645 1.64184 1.46627
threshold=36.570991516113288 27.934562683105472 203.75454711914065 8.0231103897094744 24.400812149047855 200.63757324218753 27.273456573486332 207.46842956542972 23.548137664794925 29.331339836120609 31.892121315002445 223.89811706542972 35.741561889648445 20.265944480896
decision_type=2 2 2 2 2 2 2 2 2 2 2 2 2 2
left_child=1 2 3 5 6 -1 7 -4 9 -9 -11 12 -12 -14
right_child=-2 -3 4 -5 -6 -7 -8 8 -10 10 11 -13 13 -15
leaf_value=-0.0062833365103523277 -0.016813507519489082 -0.016140600133668047 -0.020610485009399482 -0.010340741343270983 -0.015822709372965954 0.027917714613591431 0.016469868517245408 -0.018226815532564399 0.0079755479568173783 0.01265665705976258 0.014002964231028876 -0.012199114012594296 -0.022621072489335092 0.005585748271390442
leaf_weight=0.262214067333843 1.1055082805978589 1.0973346866958298 1.2553666625753965 1.4434533701278267 1.8766103564121284 3.7360052733856719 1.6823647212586355 3.0741481312725218 9.790314792422576 7.9559231757302795 6.8385876071406546 9.3981764727213868 1.8983213488827457 3.1755520862643607
leaf_count=244 375 837 123 459 220 162 49 260 241 518 300 910 189 153
internal_value=0.000859379 0.00152656 0.00219203 0.0153718 0.000375543 0.0248664 0.00137884 0.00043579 0.00152622 -0.000606806 0.00178505 -0.00265903 0.00522936 -0.0069543
internal_weight=54.5899 53.4844 52.387 5.44167 46.9454 3.99822 45.0688 43.3864 42.131 32.3407 29.2666 21.3106 11.9125 5.07387
internal_count=5040 4665 3828 865 2963 406 2743 2694 2571 2330 2070 1552 642 342
is_linear=0
shrinkage=0.03


Tree=303
num_leaves=15
num_cat=0
split_feature=3 6 4 4 5 2 2 2 1 2 4 4 3 4
split_gain=0.714335 1.35104 1.90222 1.28752 1.19832 1.79147 1.23629 1.22157 1.07655 2.71175 1.23199 1.06913 1.56725 1.02609
threshold=17.668477058410648 7.9680233001708993 32.183065414428718 33.707706451416023 202.47442626953128 29.435926437377933 30.664455413818363 25.603339195251468 11.798156738281252 28.784637451171879 34.193981170654304 32.46711730957032 10.726224422454836 30.780740737915043
decision_type=2 2 2 2 2 2 2 2 2 2 2 2 2 2
left_child=4 -2 -3 -4 6 7 -1 11 9 -5 -10 12 13 -6
right_child=1 2 3 8 5 -7 -8 -9 10 -11 -12 -13 -14 -15
leaf_value=-0.0093591308394217702 0.018537520659057734 -0.020442262403342876 0.016224801188297742 -0.036001090146951659 -0.020997257795196202 -0.020991200349266471 0.029799508328895156 0.013863688563006158 -0.022816651368124857 0.01435684422355217 0.0017270785286911863 -0.013047367016121247 0.019943267437283776 0.0025144738569693641
leaf_weight=0.45247760383063296 1.5954159647226358 4.2793132382503272 2.5617524449480724 1.5081988559104531 1.2129794223874393 1.7759996603708703 1.78373151976848 7.0949688083492211 1.0230548689141894 0.86641966458410014 19.462422348035034 3.5208557009755159 2.8087759371846914 6.1400481343735009
leaf_count=807 39 245 147 36 200 543 357 823 55 31 616 553 301 291
internal_value=0.00062072 -0.00236375 -0.00405371 -0.000625709 0.00433409 0.00180081 0.0214325 0.00462343 -0.00311487 -0.0188175 -0.000503555 -0.000785884 0.00425078 -0.0034135
internal_weight=56.0864 31.2966 29.7012 25.4218 24.7898 22.5536 2.23621 20.7776 22.8601 2.37462 20.4855 13.6827 10.1618 7.35303
internal_count=5044 1169 1130 885 3875 2711 1164 2168 738 67 671 1345 792 491
is_linear=0
shrinkage=0.03


Tree=304
num_leaves=15
num_cat=0
split_feature=7 7 8 2 4 5 4 0 4 7 2 5 0 6
split_gain=0.739406 0.935142 0.703871 0.920938 1.08309 1.21455 0.868608 2.32726 1.31628 2.06914 1.47175 0.871015 0.911336 1.86866
threshold=-0.8721508893123876 -0.86275799212702931 0.3738709969113439 31.193352699279789 34.636398315429695 239.92637634277347 31.655437469482425 20.002093315124515 30.744473457336429 -0.17130062248158404 22.802764892578129 219.44814300537112 15.947686195373537 8.0864982604980487
decision_type=2 2 2 2 2 2 2 2 2 2 2 2 2 2
left_child=-1 -2 -3 6 5 -5 8 11 10 -10 -4 -8 13 -13
right_child=1 2 3 4 -6 -7 7 -9 9 -11 -12 12 -14 -15
leaf_value=-0.016843705534928751 0.019455562905971769 0.013647783077494912 -0.019977022394647968 -0.027674369955222048 0.0056381042416421565 0.0055153257806445722 0.0079082032877634146 0.0030526771977363986 -0.015292728270699416 0.024574004841766951 0.0083158822285688393 -0.020001345718014686 -0.027916249493585319 0.010943191412886969
leaf_weight=1.2624549243191712 1.2822240329114709 2.1267875046469262 1.7152394288859776 2.6428589996648948 1.7596018839394671 0.96547861350700248 0.88599965022876759 24.554906213656068 0.7666382853349204 4.3870987260015681 3.303181402181508 2.9892155800334859 3.0458108200400602 2.2814246015623212
leaf_count=1774 41 180 213 91 91 16 54 1257 89 217 222 368 295 97
internal_value=-4.43418e-05 0.000664179 -0.00016655 -0.00102202 -0.0116858 -0.0195241 0.000512128 -0.00183842 0.007779 0.0171223 -0.00306686 -0.0139093 -0.0168331 -0.00699776
internal_weight=53.9689 52.7065 51.4242 49.2975 5.36794 3.60834 43.9295 33.7574 10.1722 5.15374 5.01842 9.20245 8.31645 5.27064
internal_count=5005 3231 3190 3010 198 107 2812 2071 741 306 435 814 760 465
is_linear=0
shrinkage=0.03


Tree=305
num_leaves=15
num_cat=0
split_feature=7 4 4 7 0 7 2 7 2 0 7 7 1 5
split_gain=1.13194 1.11719 0.730054 1.92745 1.14413 1.21218 1.6264 1.44628 1.1409 1.04442 0.852228 1.05688 0.847133 0.748913
threshold=0.1762297520048994 36.466094970703132 36.08537673950196 -0.46856854824468003 27.451275825500492 -0.33738634879116763 29.243439674377445 -0.65922961749592268 30.850934982299808 27.723476409912113 -0.30084306263412386 -0.24333344562067286 17.949662208557132 204.6757736206055
decision_type=2 2 2 2 2 2 2 2 2 2 2 2 2 2
left_child=1 2 3 8 5 6 -4 13 -1 -6 -5 12 -12 -8
right_child=-2 -3 4 10 9 -7 7 -9 -10 -11 11 -13 -14 -15
leaf_value=-0.027052022780639562 -0.01330249458950946 -0.015162416548485685 -0.020292543375303351 0.011892693252981939 0.027670841294350362 0.019598296014578669 0.0049779771000925104 0.016960646878354062 0.0035592794915317509 -0.0086670046745542864 -0.02185902437845106 0.0024861259078431007 0.0071480677135191623 -0.021900101932600217
leaf_weight=2.4090434627432802 4.3413675791525739 2.5133331116230684 2.2691165918367906 6.1020880129653987 2.5757723524875469 1.7268988271243859 1.193261231179348 3.1133840677794082 1.305560454726219 0.39189552268362593 2.0958409040758919 22.804975930717774 0.7177750973496585 0.99290928797563527
leaf_count=1734 287 624 51 281 88 62 73 87 186 237 147 1122 19 91
internal_value=-0.000163159 0.00121045 0.00236681 0.000116273 0.00837078 0.00234495 -0.00341943 0.00587958 -0.0178202 0.0218973 0.00269713 0.00014234 -0.0145251 -0.0102716
internal_weight=54.5532 50.2119 47.6985 35.4353 12.2632 9.29557 7.56867 5.29955 3.7146 2.96767 31.7207 25.6186 2.81362 2.18617
internal_count=5089 4802 4178 3489 689 364 302 251 1920 325 1569 1288 166 164
is_linear=0
shrinkage=0.03


Tree=306
num_leaves=15
num_cat=0
split_feature=6 1 1 8 8 6 5 5 5 3 8 0 3 3
split_gain=0.921842 1.09425 1.88483 1.38336 1.43162 2.35225 1.53698 1.34093 1.12607 0.868283 1.11072 0.815921 0.87746 0.793935
threshold=8.0149731636047381 14.688235282897951 4.8299019336700448 1.2510358432231932 1.3408419963373561 8.088682174682619 219.44814300537112 223.52202606201175 224.30057525634768 26.275712013244632 0.70939638906846747 23.833424568176273 11.664937496185305 27.39980506896973
decision_type=2 2 2 2 2 2 2 2 2 2 2 2 2 2
left_child=11 2 -2 8 7 6 -6 -5 -4 -3 -11 12 -1 -12
right_child=1 9 3 4 5 -7 -8 -9 -10 10 13 -13 -14 -15
leaf_value=-0.011310395776997812 0.014471182990937108 0.009284625519490778 -0.011753332217995708 0.0013608823166689685 0.0097217679931923921 0.013210914244353444 -0.024898791049803706 -0.045523089565077786 0.013575313446918728 0.010889419186946771 -0.025709097450549424 -0.020130201128199156 0.0072144386245560008 0.0010738407372513693
leaf_weight=3.2972206302802061 3.411330385599288 20.107927845121598 1.6029753475449968 0.67579222843050768 0.91890054964460421 2.6622932907193899 3.894876837686752 1.0245098066516218 3.2022569545079023 1.8014434725046147 1.2432443560392132 2.1094185392430518 3.9826482117641717 1.6538231168815398
leaf_count=704 299 2477 87 9 66 116 247 45 210 64 70 322 87 219
internal_value=0.000798342 0.00271377 -0.00295929 -0.00789416 -0.0142212 -0.00646988 -0.0177546 -0.0332857 0.00455681 0.00665196 -0.00426706 -0.00724299 -0.00152856 -0.0140675
internal_weight=51.5887 42.1994 17.3929 13.9816 9.17637 7.47607 4.81378 1.7003 4.80523 24.8064 4.69851 9.38929 7.27987 2.89707
internal_count=5022 3909 1079 780 483 429 313 54 297 2830 353 1113 791 289
is_linear=0
shrinkage=0.03


Tree=307
num_leaves=15
num_cat=0
split_feature=4 4 2 7 3 1 7 5 5 4 1 0 1 5
split_gain=1.05279 1.18715 0.83352 1.90332 1.33709 1.23349 0.829627 1.30662 1.06281 0.850019 1.1881 2.28414 1.34931 1.30406
threshold=35.885457992553718 36.257423400878913 29.654634475708011 -0.29034235845436052 23.849886894226078 24.400812149047855 -0.46856854824468003 199.86756134033206 218.13921356201175 35.630462646484382 14.688235282897951 23.833424568176273 5.7446515560150155 221.15505981445315
decision_type=2 2 2 2 2 2 2 2 2 2 2 2 2 2
left_child=6 2 3 4 -2 -4 7 -1 -8 10 12 -12 -10 -14
right_child=1 -3 5 -5 -6 -7 8 -9 9 -11 11 -13 13 -15
leaf_value=0.0090475375887117005 -0.024090110665319287 -0.0057810830890359863 0.023528338854953854 0.021065540176056625 0.006685540283335528 -0.0092361253087222782 0.011472302957899187 -0.025337801468215976 0.0028214344826137418 -0.025878424455745563 0.016854648598295607 -0.017272774305299294 0.013781377095044626 -0.014191562072701579
leaf_weight=0.81974708221969139 1.735892216791399 5.067038028559181 4.4951230543665588 1.7581941280513982 1.7372476253658531 0.70767072105081741 3.6035414867219506 2.3360187806247268 9.1046723746694713 0.5358642102801231 5.10423796615214 1.5711723699932916 0.88529123808257182 12.948811043199383
leaf_count=487 34 891 164 30 33 392 217 1133 791 17 113 43 38 601
internal_value=-0.000955735 0.0053899 0.0108459 0.00168421 -0.0106431 0.0183012 -0.00369265 -0.016378 -0.00206951 -0.00400436 -0.00277617 0.00761829 -0.00599295 -0.0115931
internal_weight=52.4105 15.5012 10.4341 5.23133 3.47314 5.20279 36.9094 3.15577 33.7536 30.15 29.6142 6.67541 22.9388 13.8341
internal_count=4984 1544 653 97 67 556 3440 1620 1820 1603 1586 156 1430 639
is_linear=0
shrinkage=0.03


Tree=308
num_leaves=15
num_cat=0
split_feature=8 2 0 4 7 2 4 8 8 7 3 2 2 2
split_gain=0.812469 1.28152 1.1624 1.56309 1.42631 1.20615 1.01468 1.00928 2.69772 1.70353 2.25855 1.63147 1.50976 1.35803
threshold=0.63076774951037862 31.150725364685062 27.634655952453617 33.953939437866218 -0.34614637421864286 30.664455413818363 34.636398315429695 1.2373229125795089 1.5915460457665875 -0.16705418473149439 16.326181411743168 28.083174705505375 18.336027145385746 22.802764892578129
decision_type=2 2 2 2 2 2 2 2 2 2 2 2 2 2
left_child=-1 2 4 -4 -2 -5 -3 12 9 11 13 -9 -6 -11
right_child=1 6 3 5 7 -7 -8 8 -10 10 -12 -13 -14 -15
leaf_value=0.0095412730895211347 -0.01103598186820148 -0.027452830004928236 -0.014250909180065057 -0.0027202303609026599 -0.014833962781807129 0.027862723737303783 0.0024733760898347406 0.01970201591123796 0.0088501352073671029 -0.01948973737337038 -0.047641424302650989 -0.010554265603846607 0.015251241886340649 0.010717657812533678
leaf_weight=5.3098258876707396 10.664731020471658 1.9473491300595918 0.88442739148740557 1.4347244443488305 1.0230188104324103 2.7928791742306203 1.3250409096945075 1.4770545436185782 9.2991876946762186 1.9841324247536269 1.2396336500532923 3.5505948029458523 6.6567930018063635 1.5677256670314816
leaf_count=378 1302 96 594 831 40 309 59 45 602 125 37 31 416 143
internal_value=-0.000577818 -0.00192842 -0.000348336 0.0118131 -0.00227182 0.0189488 -0.0175926 0.00148754 -0.00225741 -0.0126225 -0.023714 0.000128538 0.00999632 -0.00673131
internal_weight=51.1571 45.8473 42.5749 5.11203 37.4629 4.2276 3.27239 26.7981 19.1183 9.81914 4.79149 5.02765 7.67981 3.55186
internal_count=5008 4630 4475 1734 2741 1140 155 1439 983 381 305 76 456 268
is_linear=0
shrinkage=0.03


Tree=309
num_leaves=15
num_cat=0
split_feature=8 5 1 8 7 8 6 2 6 8 8 1 3 1
split_gain=1.00721 1.49698 1.22165 0.956729 0.82184 0.759803 1.19476 1.64406 1.56205 1.20747 1.18926 1.8288 1.90803 1.85701
threshold=3.5263450359702748 210.8159103393555 24.161375999450687 2.2853628013616794 -0.33738634879116763 1.5915460457665875 8.0250062942504901 16.427570343017582 8.0276145935058612 1.6538148643445292 1.4812629242729896 6.8716635704040536 8.9611806869506854 14.405731201171877
decision_type=2 2 2 2 2 2 2 2 2 2 2 2 2 2
left_child=3 2 -2 5 -5 10 7 -7 -8 -10 11 12 -1 -13
right_child=1 -3 -4 4 -6 6 8 -9 9 -11 -12 13 -14 -15
leaf_value=-0.010028594601499114 0.033602598586817016 -0.012294914769727328 -0.0083178351767561071 -0.022895160734240267 0.0030360801918426707 0.014532650573634748 0.02888069187614754 -0.019862739168297432 0.01952040751080341 -0.0057862796091710236 -0.016679487085458793 -0.014450400960808633 0.021958323494883355 0.0018265856315204455
leaf_weight=1.7126597158494394 1.5735592810087831 0.68404220322554454 0.38227040920173738 2.2086723384563816 1.3536104326485645 1.1585217228566755 2.2264905475603864 2.1939099809678737 1.4837238247855564 4.4392094220675062 3.5444220508798017 8.6360986782237905 4.5786268834490329 17.72346759258653
leaf_count=98 141 791 676 1086 159 49 35 300 34 166 166 263 532 517
internal_value=-0.000354643 0.0149114 0.0253671 -0.00141114 -0.014536 -0.000152533 0.00624892 -0.00736847 0.0120438 0.00245713 -0.00230005 -0.00028981 0.0130695 -0.00383944
internal_weight=53.8993 2.63987 1.95583 51.2594 3.56228 47.6971 11.5019 3.35243 8.14942 5.92293 36.1953 32.6509 6.29129 26.3596
internal_count=5013 1608 817 3405 1245 2160 584 349 235 200 1576 1410 630 780
is_linear=0
shrinkage=0.03


Tree=310
num_leaves=15
num_cat=0
split_feature=3 5 3 2 4 7 4 3 2 5 5 1 3 7
split_gain=0.873341 1.31858 1.42994 1.54639 1.28979 1.01267 0.764853 0.807257 0.755044 0.656903 1.53242 1.16585 1.00189 1.66185
threshold=12.977715492248537 211.45056915283206 9.5490527153015154 20.388482093811039 31.815826416015629 -0.96297177102619191 30.9019889831543 7.3443951606750497 22.802764892578129 203.36488342285159 204.6757736206055 22.688650131225589 23.249904632568363 -0.23347957574403252
decision_type=2 2 2 2 2 2 2 2 2 2 2 2 2 2
left_child=1 5 3 6 -4 -1 -3 -8 -6 -2 -11 12 13 -12
right_child=9 2 4 -5 8 -7 7 -9 -10 10 11 -13 -14 -15
leaf_value=-0.010661371273113753 -0.014401131337012464 -0.015693697247889719 0.020235565811559081 -0.027825125559449264 -0.019110569528819576 0.019256169472097562 -0.01278756761607326 0.014608621307360639 0.0041699150892784333 0.013157409022648132 -0.023450247193721928 -0.024878852186965339 0.0033683670014302671 -0.00050105573253486375
leaf_weight=0.55024691770086143 3.0478919770102939 0.72742725425632526 2.880041026044637 1.8407011495437471 0.80255913198925544 5.432063992571786 0.47181138746964313 2.5419787037535571 3.2985115239862353 4.4120760654041105 3.3255894235335335 1.2909175425593264 12.775150890462099 8.3997753079747781
leaf_count=1007 388 182 215 669 26 777 369 84 97 120 82 130 297 552
internal_value=-0.000146533 0.00491628 -0.000828629 -0.0111259 0.00776725 0.0153716 0.00122602 0.00820236 -0.00323922 -0.00303132 -0.00145922 -0.00435742 -0.00234294 -0.00834129
internal_weight=51.7967 18.5453 12.563 5.58192 6.98111 5.98231 3.74122 3.01379 4.10107 33.2514 30.2035 25.7914 24.5005 11.7254
internal_count=4995 3426 1642 1304 338 1784 635 453 123 1569 1181 1061 931 634
is_linear=0
shrinkage=0.03


Tree=311
num_leaves=15
num_cat=0
split_feature=8 4 4 2 8 3 6 3 6 1 1 2 0 8
split_gain=1.00262 1.25635 1.60614 1.60489 1.22584 0.944167 1.22997 0.942625 2.12548 0.939236 0.813797 1.54304 0.822867 1.15298
threshold=1.5915460457665875 34.120470046997077 34.833875656127937 20.501644134521488 1.3408419963373561 26.275712013244632 8.0181307792663592 24.490550041198734 7.9680233001708993 3.0808253288269047 24.400812149047855 30.715359687805179 27.451275825500492 1.8972533837704895
decision_type=2 2 2 2 2 2 2 2 2 2 2 2 2 2
left_child=1 3 -3 9 5 -4 -7 -5 -9 -1 12 -12 13 -2
right_child=10 2 4 7 -6 6 -8 8 -10 -11 11 -13 -14 -15
leaf_value=0.00544709165166519 0.013878485583149107 -0.023066905939517112 0.0095253625580102603 0.011235480528086083 -0.014314327685188675 0.014708429971269954 -0.015895132122610081 0.01788091854864781 -0.022554007435966823 -0.022123670214128734 -0.02063068606647599 0.011398468524141715 0.028004138861337603 -0.0031145333741508172
leaf_weight=1.2305518623907148 7.0155695901776216 3.4695906931301606 6.7422180050052685 12.220018376945516 4.184806311473948 0.7983695846924096 2.920138364948798 1.1072171181440347 1.7272748961695468 2.0666575874201953 1.6877884028363035 1.8158859693794509 1.0389020118163887 5.9632063905737596
leaf_count=107 179 143 167 742 82 28 104 24 132 63 1341 389 47 1523
internal_value=0.000961603 -0.00187962 -0.00729418 0.00356586 -0.00232204 0.00330586 -0.00759984 0.00776737 -0.00621517 -0.0129609 0.0066572 -0.00518557 0.00976546 0.00640663
internal_weight=53.9882 36.4668 18.1151 18.3517 14.6455 10.4607 3.71851 15.0545 2.83449 3.29721 17.5214 3.50367 14.0177 12.9788
internal_count=5071 1592 524 1068 381 299 132 898 156 170 3479 1730 1749 1702
is_linear=0
shrinkage=0.03


Tree=312
num_leaves=15
num_cat=0
split_feature=2 3 7 6 1 7 6 7 1 7 6 0 5 1
split_gain=0.804595 1.22537 1.2039 1.13326 1.1338 1.12539 0.769842 0.664358 2.42589 1.34622 1.46838 1.2055 0.888015 0.646125
threshold=21.833667755126957 16.326181411743168 -0.015880024807179791 7.9729392528533944 26.046833992004398 -0.062539458813014107 7.9600980281829843 -0.22263841950874649 15.681722164154055 -0.47774201667303767 8.0257930755615252 17.787016868591312 202.47442626953128 16.006562232971195
decision_type=2 2 2 2 2 2 2 2 2 2 2 2 2 2
left_child=2 -2 -1 -3 5 7 -4 8 -5 10 12 -9 -10 -13
right_child=1 3 6 4 -6 -7 -8 11 9 -11 -12 13 -14 -15
leaf_value=-0.022471998942952071 0.0092119622248039018 0.018155910322843253 -0.017089237762716619 -0.018958410727530586 -0.023603211386066504 -0.015192114245923143 0.0068403023129599188 -0.017393423470103701 -0.0143052640968282 0.013633537339116389 -0.016975812613326882 0.017007250420900396 0.011003552145823988 -0.0071021752145888437
leaf_weight=2.2436299708060687 13.335882263447273 1.5005431235767925 0.60304141114465792 4.3965881532058253 1.2054733573459078 3.4300967408344141 3.9692741534381639 0.47236102214082976 0.68303009308875662 6.4987876249942795 3.1937939691997599 4.9400848848745227 4.6437429944635369 0.62750215036794532
leaf_count=719 2755 41 76 86 355 126 159 25 31 118 140 195 150 22
internal_value=0.000425087 0.00193162 -0.00848193 -0.00132998 -0.00285436 -0.00122767 0.00118381 0.00115712 -0.00162832 0.00431147 -0.00348383 0.00907057 0.00601018 0.0136223
internal_weight=51.7438 44.9279 6.81595 31.592 30.0915 28.886 4.57232 25.4559 19.4159 15.0194 8.52057 6.03995 5.32677 5.56759
internal_count=4998 4044 954 1289 1248 893 235 767 525 439 321 242 181 217
is_linear=0
shrinkage=0.03


Tree=313
num_leaves=15
num_cat=0
split_feature=0 0 8 2 5 1 2 6 6 8 8 6 6 3
split_gain=0.592603 1.36567 1.49548 1.29079 1.38858 1.16648 1.08597 1.16929 0.90242 1.43842 0.796312 1.63574 1.25297 0.994502
threshold=15.947686195373537 13.252803802490236 1.5300276770176178 25.929642677307132 221.15505981445315 3.9558031558990483 28.083174705505375 7.9680233001708993 8.0871086120605487 0.79434007478810331 0.65843105020299408 8.0175204277038592 8.0177903175354022 26.275712013244632
decision_type=2 2 2 2 2 2 2 2 2 2 2 2 2 2
left_child=1 2 -1 4 -2 -4 -5 -8 10 -10 -9 -12 -13 -14
right_child=3 -3 5 6 -6 -7 7 8 9 -11 11 12 13 -15
leaf_value=0.0091141060914175284 0.0077005580682518926 0.017350046101594397 0.0065800902263406201 0.012905304520041622 -0.033451553196152291 -0.027297032882418186 0.017483490184981815 0.0095653858635462389 -0.038524887025843543 0.0021142239012145428 -0.022693699756772757 0.021527273037225732 0.00012318254866928245 -0.015934318391371678
leaf_weight=3.3897735864156839 0.64990549406502296 4.3859134452941362 0.89239428302971679 4.1447609247989012 1.1393257381714645 1.7033231288805835 1.6269864038331423 3.8338215732947019 0.59858220769092341 1.3469807240180669 2.5423526810482171 1.085546484246154 19.44965781726933 3.2214794435130889
leaf_count=231 30 528 151 395 342 118 64 219 26 41 418 14 2115 257
internal_value=0.000293135 0.00634171 -0.00305372 -0.00140654 -0.0211021 -0.0170593 4.36933e-05 -0.00186418 -0.00334436 -0.0192232 -0.0017346 -0.00367194 -0.000801853 -0.00273529
internal_weight=50.0108 10.3714 5.98549 39.6394 1.78923 2.59572 37.8502 33.7054 32.0784 1.94556 30.1329 26.299 23.7567 22.6711
internal_count=4949 1028 500 3921 372 269 3549 3154 3090 67 3023 2804 2386 2372
is_linear=0
shrinkage=0.03


Tree=314
num_leaves=15
num_cat=0
split_feature=1 7 8 8 5 7 4 3 3 3 4 8 1 7
split_gain=0.847145 1.792 1.38127 1.64369 3.14542 1.40242 1.18309 1.24483 1.69291 1.32212 0.923085 0.901252 0.800344 0.941427
threshold=14.405731201171877 -0.23347957574403252 1.2510358432231932 1.3408419963373561 237.82936096191409 -1.0000000180025095e-35 29.63014125823975 10.475234031677248 8.3116488456726092 7.3443951606750497 31.693459510803226 1.7330639496180922 24.237989425659183 -0.86275799212702931
decision_type=2 2 2 2 2 2 2 2 2 2 2 2 2 2
left_child=1 -1 5 4 -4 -3 -5 8 9 -8 -10 -9 13 -2
right_child=12 2 3 6 -6 -7 7 11 10 -11 -12 -13 -14 -15
leaf_value=-0.021695815691443771 0.024198379694869987 0.019995671050076106 -0.048941344382257279 -0.02568238245631569 0.012237218877843414 -0.0034149285384722952 -0.013953568459013459 0.01782773042059831 -0.001434229736329676 0.023313594610544823 -0.033342242018063718 -0.0050602181693812478 -0.0044465906630200029 0.0037877477357588429
leaf_weight=3.4112761635333326 1.3615730045567058 3.6801111579407007 0.9280212097801257 0.54863614757778023 0.7105536293820478 4.0469050876563442 0.56452488648937826 3.810545468237251 1.4560540425591173 1.221749785239808 1.1765882611507548 1.744449525605887 8.2320300984429178 19.759298500270237
leaf_count=478 369 300 19 78 75 291 120 200 30 13 34 32 2002 978
internal_value=-0.000225305 -0.00439576 -0.000531788 -0.00664497 -0.0278285 0.00874837 -0.00121741 0.00234602 -0.00851251 0.010755 -0.0209475 0.0109647 0.00312083 0.00613797
internal_weight=52.6523 23.2994 19.8881 12.1611 1.63857 7.72702 10.5225 9.97391 4.41892 1.78627 2.63264 5.55499 29.3529 21.1209
internal_count=5019 1670 1192 601 94 591 507 429 197 133 64 232 3349 1347
is_linear=0
shrinkage=0.03


Tree=315
num_leaves=15
num_cat=0
split_feature=8 5 6 5 8 0 0 5 7 0 8 8 0 7
split_gain=0.997676 1.08955 1.12076 0.941617 0.81916 0.754742 0.615092 1.02015 1.79007 1.42563 1.09032 0.935472 3.01321 1.82604
threshold=0.3738709969113439 203.57675933837893 8.0231103897094744 200.63757324218753 0.67571740537862135 29.405181884765629 26.18913555145264 223.52202606201175 -0.27005845596702188 25.315677642822269 1.3552118459949656 1.1824498976111324 16.014825820922855 -0.015880024807179791
decision_type=2 2 2 2 2 2 2 2 2 2 2 2 2 2
left_child=-1 2 3 -2 -5 -4 7 8 9 10 -3 13 -13 -9
right_child=1 6 5 4 -6 -7 -8 11 -10 -11 -12 12 -14 -15
leaf_value=0.01647784115402668 -0.009628404828510918 -0.00019587784148384282 -0.015662240446319066 -0.0056712424826777554 0.025740116944411272 0.010986122101930312 -0.011568486581068859 0.017398898287048926 0.015455186880741415 0.0087276454061147018 -0.022703780560324769 0.00035654619246444847 -0.028322365989081222 -0.0089010905291934117
leaf_weight=2.1998128240229553 0.46418045600876112 3.9497834634967166 1.4496139248367401 0.514439565129578 3.530778892658418 0.68751702102599654 4.9392292537086169 3.1522766199195758 6.4616697131423271 4.493663911067415 2.8345281284418888 8.9698063711257401 4.1913758149457854 4.6006592393969212
leaf_count=190 530 74 772 9 253 102 618 195 257 179 368 763 439 248
internal_value=0.000229856 -0.000789286 0.00969186 0.0170502 0.0214132 -0.00632016 -0.00256883 -0.0011561 0.00401504 -0.00326447 -0.0113084 -0.0055254 -0.0101317 0.00255835
internal_weight=52.4393 50.2395 6.64653 4.5094 4.04522 2.13713 43.593 38.6538 17.7396 11.278 6.78431 20.9141 13.1612 7.75294
internal_count=4997 4807 1666 792 262 874 3141 2523 878 621 442 1645 1202 443
is_linear=0
shrinkage=0.03


Tree=316
num_leaves=15
num_cat=0
split_feature=4 4 0 7 7 4 3 7 1 1 5 3 4 2
split_gain=1.47054 1.55087 0.772837 2.23975 0.764381 0.876802 0.956205 0.84389 0.768836 1.90523 2.70962 1.13132 1.02723 0.917584
threshold=36.466094970703132 36.08537673950196 29.332090377807621 -0.42492168740723707 0.13303027820605126 29.331339836120609 24.255983352661136 0.50011119930205117 6.8716635704040536 11.0334849357605 221.15505981445315 9.5490527153015154 32.46711730957032 20.388482093811039
decision_type=2 2 2 2 2 2 2 2 2 2 2 2 2 2
left_child=1 2 3 -1 8 6 7 -6 11 10 -10 13 -13 -5
right_child=-2 -3 -4 4 5 -7 -8 -9 9 -11 -12 12 -14 -15
leaf_value=-0.025724343167916424 -0.019793815020709829 0.010323931730117756 0.01154063283998099 0.0079107435849249952 -0.031296500661769443 0.0044993160036863348 0.0042682979062629526 0.0057098950580870668 0.015276726853340045 0.0030270636102694756 -0.029134254698299604 0.02308323985408978 -0.00880939914194309 -0.015236856010520118
leaf_weight=2.5697285551286759 2.2668570899986653 11.190625996707238 2.5645193845557506 2.6012748867797217 1.9878157658968119 1.9427398985717443 0.98451261303853232 0.34446231723995868 1.0203670780174459 16.15851157529687 3.2442140320054023 3.6031273644184694 0.57172338664531697 1.723175576480571
leaf_count=1421 619 670 536 225 100 171 20 44 49 596 129 358 13 45
internal_value=-0.000280125 0.000962984 -0.00189142 -0.00310958 -0.000726591 -0.0102437 -0.0179209 -0.0257576 0.00128859 -0.0019067 -0.0176248 0.00835907 0.0178574 -0.00244229
internal_weight=52.7737 50.5068 39.3162 36.7517 34.1819 5.25953 3.31679 2.33228 28.9224 20.4231 4.26458 8.4993 4.17485 4.32445
internal_count=4996 4377 3707 3171 1750 335 164 144 1415 774 178 641 371 270
is_linear=0
shrinkage=0.03


Tree=317
num_leaves=15
num_cat=0
split_feature=3 3 0 0 3 2 2 7 5 6 4 4 5 4
split_gain=1.27831 1.34796 1.08676 1.46064 1.52524 1.07074 1.18558 1.06915 0.95559 0.901557 0.721719 0.706677 0.69633 1.8694
threshold=3.946269273757935 7.6680140495300302 16.480623245239261 15.947686195373537 10.961112976074221 28.471076965332035 28.628553390502933 -0.22263841950874649 235.84796142578128 8.0229797363281268 32.10890197753907 32.761722564697273 239.92637634277347 32.183065414428718
decision_type=2 2 2 2 2 2 2 2 2 2 2 2 2 2
left_child=-1 9 3 4 -3 7 -7 -4 -9 -2 -10 -6 13 -8
right_child=1 2 5 -5 11 6 12 8 10 -11 -12 -13 -14 -15
leaf_value=-0.020171029288726404 -0.0029326254067552618 -0.011586942878288648 -0.0053252833495906855 -0.028998027441872055 0.015735874729589205 -0.023920002322122241 -0.018744451428535175 0.023213517880896501 0.010390330196415679 0.025284474786236497 -0.020536079851136282 -0.010639103587953109 0.016570854991485466 0.0024115383159218394
leaf_weight=1.9915125383704424 1.260736219614045 6.2251270138367527 2.0359727091272362 1.632986569427884 3.0225388878025119 0.96923041949048894 3.5137146274501054 3.8827998097985974 0.52623726637102652 1.9842485299159305 0.30402110842987895 0.42428534477949131 1.1597831598483015 21.585951009794371
leaf_count=2279 243 208 32 82 353 19 292 175 68 311 6 6 40 930
internal_value=-0.00113815 3.44288e-05 -0.00145022 -0.00909582 -0.00333323 0.00128091 -0.00146853 0.0111315 0.0179283 0.0162133 -0.00596712 0.0108268 0.00020724 -0.00115481
internal_weight=50.5191 48.5276 45.2826 11.3049 9.67195 33.9777 27.2287 6.74903 4.71306 3.24498 0.830258 3.44682 26.2594 25.0997
internal_count=5044 2765 2211 649 567 1562 1281 281 249 554 74 359 1262 1222
is_linear=0
shrinkage=0.03


Tree=318
num_leaves=15
num_cat=0
split_feature=6 6 6 8 4 2 7 7 7 6 7 8 2 7
split_gain=0.930646 1.54944 1.23072 1.10992 0.688388 1.01905 0.780678 0.679455 1.12631 0.638315 1.09733 1.08694 0.893039 0.891408
threshold=8.0231103897094744 8.0227966308593768 8.0256605148315447 1.0815023189815618 30.834199905395511 31.85965728759766 -0.73328495621303968 -0.8721508893123876 -0.86275799212702931 8.0270290374755877 -0.40078538600284003 3.539918609369459 29.435926437377933 -0.07865518975439828
decision_type=2 2 2 2 2 2 2 2 2 2 2 2 2 2
left_child=1 4 3 -2 5 -1 -6 -4 -9 -10 11 -11 13 -12
right_child=2 -3 7 -5 6 -7 -8 8 9 10 12 -13 -14 -15
leaf_value=-0.011675438678534381 0.0060331543984929285 0.030822914240065866 -0.018401517692334602 -0.030990535021229983 -0.012497525980119934 0.014749033940094681 0.0094467619632542955 0.020977755636705037 0.013878454166282759 -0.019188151077905988 -0.0057527544551163184 0.010981564846720535 0.011997012024205002 0.0078708530350148371
leaf_weight=4.3101360394503017 0.65031080378685047 1.00281991198426 0.86417083632841141 1.3435324521560685 0.81177666115399816 0.81756734836380918 9.5856771691760496 1.1994141195900727 1.3518332419626009 4.2427056954475146 15.350950487030795 0.65545739297522221 3.8834996096556997 4.9232030034763694
leaf_count=328 36 42 914 242 937 14 752 23 40 313 745 132 142 406
internal_value=0.000277549 0.00592764 -0.00252273 -0.0209332 0.00255168 -0.0057429 0.00678727 -0.000800635 0.000230175 -0.00123006 -0.00237136 -0.0139736 0.000443009 -0.00223005
internal_weight=50.9931 16.528 34.4651 1.99384 15.5252 5.1277 10.3975 32.4712 31.6071 30.4076 29.0558 4.89816 24.1577 20.2742
internal_count=5066 2073 2993 278 2031 342 1689 2715 1801 1778 1738 445 1293 1151
is_linear=0
shrinkage=0.03


Tree=319
num_leaves=15
num_cat=0
split_feature=4 1 6 5 0 0 2 6 2 2 4 2 3 3
split_gain=0.87637 1.15819 1.90416 1.40959 0.73713 1.2322 0.769563 0.730653 1.004 1.34818 1.02458 0.850918 0.752691 1.277
threshold=34.877708435058601 26.046833992004398 8.0231103897094744 204.0864181518555 29.332090377807621 23.833424568176273 31.322996139526371 7.9795942306518564 29.435926437377933 28.628553390502933 31.892121315002445 27.628327369689945 9.5490527153015154 7.6680140495300302
decision_type=2 2 2 2 2 2 2 2 2 2 2 2 2 2
left_child=4 2 -2 -4 5 6 7 -1 9 10 12 -12 13 -9
right_child=1 -3 3 -5 -6 -7 -8 8 -10 -11 11 -13 -14 -15
leaf_value=-0.011565933755316326 0.025220512798224213 -0.019701284635960555 -0.017219997539153598 0.0064682753211845277 0.011728743416521685 -0.018664559204698773 -0.017413588490118436 0.01658540176548436 0.014708891213528801 -0.019817827995585333 -0.0083849289120066731 0.014379454715016442 0.01861650435126563 -0.011855277062990879
leaf_weight=2.5222055577323905 3.6388859159778866 0.48979649413376947 1.6723220572166635 14.413084532396168 2.5232308994454788 2.8307149120228123 1.1833048723638047 1.4865899130527451 4.1830692035146049 1.7369101676158596 6.8215089872246608 0.87428186601027835 3.5246717643458396 2.3161188145168126
leaf_count=155 149 638 287 1006 475 622 19 134 130 56 843 26 451 65
internal_value=0.00198993 0.00666175 0.00823545 0.00314179 -0.00127103 -0.00283462 -0.00035985 0.00117675 0.00316851 -0.000377819 0.0029663 -0.00444257 0.0103467 0.000401354
internal_weight=50.2167 20.2141 19.7243 16.0854 30.0026 27.4794 24.6487 23.4654 20.9432 16.7601 15.0232 7.69579 7.32738 3.80271
internal_count=5056 2080 1442 1293 2976 2501 1879 1860 1705 1575 1519 869 650 199
is_linear=0
shrinkage=0.03


Tree=320
num_leaves=15
num_cat=0
split_feature=3 8 5 1 7 8 5 7 8 7 8 6 1 6
split_gain=1.39058 1.11201 1.33128 1.1242 0.737367 0.831034 1.1308 1.12292 1.24232 1.00126 0.777317 0.75892 0.721738 0.626419
threshold=27.309161186218265 3.5263450359702748 210.8159103393555 24.161375999450687 0.1762297520048994 2.3365782228869048 204.53318023681643 -0.56542240252152531 1.0249685865470306 -0.33738634879116763 1.3927257024057729 8.0247330665588397 23.432154655456547 7.9216175079345712
decision_type=2 2 2 2 2 2 2 2 2 2 2 2 2 2
left_child=1 4 3 -3 5 6 11 8 -8 -7 13 -1 -2 -6
right_child=12 2 -4 -5 10 9 7 -9 -10 -11 -12 -13 -14 -15
leaf_value=-0.0016466424644892225 0.0076550695357017907 0.032575754361346937 -0.011598548339544863 -0.0080463011298452895 0.011661617720911231 -0.022621864300000554 0.0095974407986783635 9.3119073030228729e-05 -0.029892111574450021 0.0063421737585621476 -0.030271701844393033 0.022332190077654784 -0.022950341080153355 -0.010137804365257772
leaf_weight=1.6706129676895209 0.33313406072556917 1.5461254026449744 0.62309576860570803 0.3652047609357395 0.76888962119119186 2.1286787608696618 0.47383817448279941 30.751295824738925 1.3213085305469574 1.0906859734968737 0.65534565778216336 2.2456123078300152 3.0649093563260976 2.8726652914192528
leaf_count=79 16 123 812 691 61 1081 39 1250 97 126 72 82 378 160
internal_value=-0.00275806 -0.00120663 0.0150326 0.0247162 -0.00245587 -0.00102552 0.000421673 -0.00155865 -0.0197642 -0.0136317 -0.0129778 0.0138489 -0.0188915 -0.00401422
internal_weight=49.9114 46.5134 2.53443 1.91133 43.9789 39.682 36.4627 32.5464 1.79515 3.21936 4.2969 3.91623 3.39804 3.64155
internal_count=5067 4673 1626 814 3047 2754 1547 1386 136 1207 293 161 394 221
is_linear=0
shrinkage=0.03


Tree=321
num_leaves=15
num_cat=0
split_feature=7 7 6 7 0 4 0 5 1 7 4 0 7 0
split_gain=1.07279 0.90016 0.556855 0.888309 1.35454 0.671103 0.652973 0.534409 1.56947 0.755347 1.27588 0.565724 0.544131 1.35877
threshold=-0.8721508893123876 -0.85869181308398101 8.1093678474426287 0.13303027820605126 16.480623245239261 29.076217651367191 13.505753040313722 297.33053588867193 4.7317545413970956 -0.065928167306454996 31.371745109558109 13.609911918640138 -0.24333344562067286 23.42550086975098
decision_type=2 2 2 2 2 2 2 2 2 2 2 2 2 2
left_child=-1 -2 3 7 5 6 -5 8 -3 11 -11 -10 13 -13
right_child=1 2 -4 4 -6 -7 -8 -9 9 10 -12 12 -14 -15
leaf_value=-0.020520255678004907 0.018503685755424056 0.019730336471837862 0.015033685519047426 -0.0019001117428317186 0.0058789463028750405 -0.0044069657210276184 -0.044999347702877703 -0.015970445153361861 -0.014591126086477431 0.0061625443402220119 -0.025097384247203283 -0.02287022006713554 0.006075686393826542 0.0010079253524541167
leaf_weight=1.3154883516108373 1.348895976145285 2.6571851800254072 0.99498165375552972 0.5137808917788782 1.7333450083388013 1.4074212637206072 0.54242861550301313 0.75325407378841092 1.0922917653224349 1.4829438424203609 1.7728887470148036 1.3867204379785061 13.064683230564702 20.504015091835754
leaf_count=1783 63 191 157 80 44 153 8 150 102 92 76 466 523 1144
internal_value=-0.000562427 0.00036832 -0.000510232 -0.00114682 -0.0128584 -0.0239327 -0.0351543 0.000271757 0.000928286 -0.000800864 -0.0127568 0.000594189 0.00146132 -0.00143772
internal_weight=50.5703 49.2548 47.9059 46.911 4.19698 2.46363 1.05621 42.714 41.9607 39.3035 3.25583 36.0477 34.9554 21.8907
internal_count=5032 3249 3186 3029 285 241 88 2744 2594 2403 168 2235 2133 1610
is_linear=0
shrinkage=0.03


Tree=322
num_leaves=15
num_cat=0
split_feature=7 1 4 4 4 7 8 3 3 3 0 4 6 4
split_gain=1.04335 1.39684 1.07674 1.1998 1.12183 0.968735 0.778383 0.641792 1.06922 1.01081 1.3255 1.01527 0.98039 1.25252
threshold=-0.8721508893123876 21.778222084045414 34.51665115356446 26.918775558471683 36.614023208618171 -0.53289884395400844 1.0249685865470306 7.3443951606750497 7.6680140495300302 9.5490527153015154 15.161504268646242 32.46711730957032 8.023318290710451 31.201869964599613
decision_type=2 2 2 2 2 2 2 2 2 2 2 2 2 2
left_child=-1 5 3 -3 -4 6 -2 -7 -9 12 11 -11 13 -10
right_child=1 2 4 -5 -6 7 -8 8 9 10 -12 -13 -14 -15
leaf_value=-0.020188171806075003 0.0072623122822259084 0.014499773892503811 0.01523649679361757 -0.019018973730834155 -0.013007505324514704 -0.015991575927148227 -0.027403395685188136 0.019277427321453291 -0.019347845569414435 0.01918230167195269 -0.002233173980877929 -0.011524562822274856 -0.031719422175935902 0.011857362831574549
leaf_weight=1.2565547468548164 0.31642356654629011 0.64390374388312865 10.073997189523649 1.5676873274496754 0.66450875462032932 1.409156737543525 1.231143280121614 1.4219797099940468 1.0653591438895125 3.8838706769747686 23.973680369788781 0.50229358230717469 0.80957578713423561 1.655833506491035
leaf_count=1763 33 18 334 438 35 708 362 12 20 336 820 12 20 70
internal_value=-0.000236255 0.000664967 0.00875114 -0.00778385 0.0125295 -0.00237957 -0.020247 -0.00103871 4.14367e-05 -0.00137631 0.00070164 0.014179 -0.0145379 -0.0022759
internal_weight=50.476 49.2194 12.9501 2.21159 10.7385 36.2693 1.54757 34.7217 33.3126 31.8906 28.3598 4.38616 3.53077 2.72119
internal_count=4981 3218 825 456 369 2393 395 1998 1290 1278 1168 348 110 90
is_linear=0
shrinkage=0.03


Tree=323
num_leaves=15
num_cat=0
split_feature=5 1 8 6 6 8 6 1 0 8 5 8 6 1
split_gain=0.850011 1.76895 1.0407 1.0105 0.993982 1.50216 1.10174 1.07092 1.2145 1.43869 0.985055 0.896928 0.716887 0.794739
threshold=203.57675933837893 24.400812149047855 1.2373229125795089 8.0231103897094744 8.0932326316833514 0.76195704406054976 8.04693651199341 21.912405967712406 23.62601470947266 0.63076774951037862 200.63757324218753 0.4937166062529485 8.0986208915710467 24.161375999450687
decision_type=2 2 2 2 2 2 2 2 2 2 2 2 2 2
left_child=3 2 4 10 6 11 7 8 -2 -10 -1 -6 13 -4
right_child=1 -3 12 -5 5 -7 -8 -9 9 -11 -12 -13 -14 -15
leaf_value=-0.0099720116825812478 0.006142296086075482 -0.023921482500392048 -0.00608345167342122 -0.0055971876046681567 0.0051082296851912862 0.011255422116072254 0.018800293888395585 0.019448549234723014 0.012965865133402261 -0.021501224504731853 0.021321064389680573 -0.04406010053622568 0.011701584439510368 0.014039098052885423
leaf_weight=0.48534766366355953 6.2048703554319271 1.7983180090377562 22.416648256927154 2.0840422705514356 0.20380304777063318 0.59503311291337013 4.8528874602634451 1.6757442164234806 0.74142880132421884 3.0196483759209514 4.0969366410572547 0.21170894056558609 1.7026832497213025 0.97217706477385846
leaf_count=545 241 349 1920 900 35 92 330 45 66 61 265 21 133 27
internal_value=0.000762816 -0.000812537 0.000689384 0.00999152 0.00611699 -0.0145662 0.00814433 0.00256655 -0.00178678 -0.0134105 0.0168139 -0.0333722 -0.00318651 -0.0047057
internal_weight=51.0613 44.395 42.5966 6.66633 17.5051 1.01055 16.4946 11.6417 9.96595 3.76108 4.58228 0.415512 25.0915 23.3888
internal_count=5030 3320 2971 1710 891 148 743 413 368 127 810 56 2080 1947
is_linear=0
shrinkage=0.03


Tree=324
num_leaves=15
num_cat=0
split_feature=5 5 7 6 2 4 6 0 2 2 7 2 3 4
split_gain=2.18291 1.46283 1.49831 1.81165 1.62501 1.17778 1.12228 0.992852 0.913836 2.65457 1.15918 0.811491 0.622437 1.06836
threshold=221.15505981445315 241.22441101074222 -0.11013648171863848 8.0219116210937518 28.686122894287113 36.466094970703132 8.0181307792663592 23.381139755249027 29.435926437377933 28.471076965332035 -0.22263841950874649 27.628327369689945 10.726224422454836 14.994304180145265
decision_type=2 2 2 2 2 2 2 2 2 2 2 2 2 2
left_child=5 2 3 -2 -4 -1 -7 -6 9 10 11 -5 -3 -14
right_child=1 12 4 8 7 6 -8 -9 -10 -11 -12 -13 13 -15
leaf_value=0.0072939164893671389 -0.029679521884352009 -0.0054260854963697914 -0.042187891920992274 0.0096817168925241413 0.0075091966239206141 0.012455833333083387 -0.019663360752133933 -0.020742675418073404 0.014217088097482575 -0.030379564766263561 0.020231557472667368 -0.021841632470971182 -0.016712152267719421 0.012590115341591214
leaf_weight=21.52540632420278 1.0945566450827753 6.9808458495390351 1.9140537464991227 0.55277374730212592 1.5704536456614735 0.62708227708935682 2.1426503797702026 1.1272115996107457 2.3164420407265425 1.3694811179302631 2.0087100191158247 0.63653865171363577 0.49384443135932077 4.4858508347533643
leaf_count=2504 46 912 62 59 31 8 610 15 120 28 106 15 37 433
internal_value=-0.00142503 -0.00758497 -0.0143191 -0.00521684 -0.0263306 0.0048535 -0.0110163 -0.00671289 0.00194396 -0.00571604 0.00956634 -0.00946012 6.15242e-05 0.00737532
internal_weight=48.8459 24.5508 12.5902 7.9785 4.61172 24.2951 2.76973 2.69767 6.88395 4.5675 3.19802 1.18931 11.9605 4.9797
internal_count=4986 1864 482 374 108 3122 618 46 328 208 180 74 1382 470
is_linear=0
shrinkage=0.03


Tree=325
num_leaves=15
num_cat=0
split_feature=8 5 1 1 5 1 5 6 6 8 1 8 3 8
split_gain=0.965661 1.27775 1.02496 0.870573 1.28204 1.08694 1.07607 1.17533 1.66234 1.27422 0.917484 1.2786 0.926173 0.884603
threshold=3.5263450359702748 210.8159103393555 24.161375999450687 4.4426589012146005 259.06243896484381 3.6357250213623051 239.14064788818362 8.0158071517944354 8.0206227302551287 0.593983574881085 7.465163230895997 1.3408419963373561 26.275712013244632 2.8311094832270411
decision_type=2 2 2 2 2 2 2 2 2 2 2 2 2 2
left_child=3 2 -2 5 6 -1 7 9 -9 -5 11 -10 13 -12
right_child=1 -3 -4 4 -6 -7 -8 8 10 -11 12 -13 -14 -15
leaf_value=-0.0028283859310362612 0.03138550384845995 -0.011524956082857533 -0.007753457908845871 0.0070112652089382131 -0.0162069813686407 0.022060641720983723 0.014178180536244185 0.016458968947811497 -0.035123748420240075 -0.024958203654848653 0.0020699232573579158 0.0088348818372768981 -0.016152038529605357 -0.017361787583549518
leaf_weight=2.944374362967209 1.5666323725890827 0.61516785324783985 0.34731519655906584 1.0803334126248949 4.8114012165315208 1.9759226228925397 2.7984741894906611 3.5184714230417731 0.68376478878781444 2.7622321314702276 23.730801524827264 0.41445639100857079 2.4425574557099017 1.305553810452692
leaf_count=356 131 807 677 30 347 189 191 265 36 284 799 34 203 729
internal_value=-0.000584072 0.0145912 0.0240597 -0.00165488 -0.00306094 0.0092047 -0.00106133 -0.00259972 -0.000505088 -0.0163783 -0.00307959 -0.0222301 -0.00156052 0.000428721
internal_weight=50.9975 2.52912 1.91395 48.4683 43.548 4.9203 38.7366 35.9382 32.0956 3.84257 28.5771 1.09822 27.4789 25.0364
internal_count=5078 1615 808 3463 2918 545 2571 2380 2066 314 1801 70 1731 1528
is_linear=0
shrinkage=0.03


Tree=326
num_leaves=15
num_cat=0
split_feature=0 7 8 2 8 6 0 2 4 4 4 7 6 7
split_gain=1.68744 1.76939 1.42527 1.24027 0.799073 0.778591 0.75933 0.757939 1.08819 1.11367 1.04567 1.25592 1.12911 1.32859
threshold=21.513266563415531 0.1762297520048994 1.8086429447539116 25.275936126708988 0.63076774951037862 8.1117749214172381 13.505753040313722 31.150725364685062 34.636398315429695 33.14660835266114 36.08537673950196 -0.71454507679575474 8.0521969795227069 -0.29034235845436052
decision_type=2 2 2 2 2 2 2 2 2 2 2 2 2 2
left_child=1 2 -1 -4 -2 6 -3 8 9 -6 -10 -12 -13 -14
right_child=4 5 3 -5 7 -7 -8 -9 10 -11 11 12 13 -15
leaf_value=0.012192240801292501 0.0065860236783136586 0.00062279023839788988 -0.022683790825149711 0.0096651880420831199 -0.0066270558707473975 0.0085898357074187214 -0.03289327109251159 -0.01816830392999769 -0.01899390426527766 0.016371821040769119 -0.016639084946569963 0.010723507638127442 -0.0215363951699429 0.012951865088077934
leaf_weight=15.464315524208365 3.5221584946848479 0.84111652721185171 1.3837067907734302 1.156857275200309 2.8469653592765161 0.39786130655556906 0.90063291936530732 3.8936145617044522 4.7771293986879746 2.9534986342769116 3.0318102948804206 5.4604824816924449 1.7794755965005609 0.75900712143629778
leaf_count=788 198 125 728 79 513 62 81 160 711 411 766 99 278 23
internal_value=-0.000924087 0.00558764 0.00881415 -0.00938412 -0.00547919 -0.015723 -0.022384 -0.00733119 -0.00466121 0.00576901 -0.00860395 -0.00289957 0.00357836 -0.0104784
internal_weight=49.1686 20.1445 18.0049 2.54056 29.0241 2.13961 1.74175 25.502 21.6084 5.80046 15.8079 11.0308 7.99897 2.53848
internal_count=5022 1863 1595 807 3159 268 206 2961 2801 924 1877 1166 400 301
is_linear=0
shrinkage=0.03


Tree=327
num_leaves=15
num_cat=0
split_feature=0 1 1 4 1 2 4 0 1 4 5 2 5 2
split_gain=0.592114 0.993609 0.747191 0.66309 1.13313 0.960386 0.814773 1.28969 0.808834 1.49232 0.779428 1.42132 1.94553 1.05535
threshold=29.332090377807621 26.046833992004398 28.272878646850589 29.331339836120609 4.8299019336700448 18.336027145385746 31.305315017700199 13.609911918640138 5.7446515560150155 32.154132843017585 223.89811706542972 29.452260017395023 225.15236663818362 29.435926437377933
decision_type=2 2 2 2 2 2 2 2 2 2 2 2 2 2
left_child=1 3 -2 -1 5 -5 -6 -8 -9 -10 13 12 -12 -11
right_child=2 -3 -4 4 6 -7 7 8 9 10 11 -13 -14 -15
leaf_value=-0.01020151069977617 0.017207511488147462 -0.02257576174874756 -0.010232818321553446 -0.0037754481082299734 0.014727753875335328 0.020965194776329514 -0.024149655251753086 0.016871237351893643 -0.02516452393454182 0.0077731715419355725 -0.037111195254672061 0.01545707558123743 -0.0023711760409958487 -0.0039898734624866233
leaf_weight=5.3901436272426499 2.0874563782417677 1.0481915532873234 0.49778371848515224 1.7850597899814591 1.5666249498026434 2.9481670585810207 1.3825359595502948 1.0962471307720978 1.3999798866570916 12.454314910050018 1.3031389150419261 0.90249510179273773 4.3311760562210111 13.110866063972933
leaf_count=306 103 1016 437 125 72 297 138 71 58 755 35 55 584 930
internal_value=-0.00127251 -0.00209897 0.0105435 -0.00119413 0.000163355 0.0126036 -0.00169114 -0.00278496 -0.00127681 -0.00234243 -0.00061701 -0.00911611 -0.0147888 0.0018175
internal_weight=51.3042 48.7189 2.58524 47.6707 42.2806 4.73323 37.5474 35.9808 34.5982 33.502 32.102 6.53681 5.63431 25.5652
internal_count=4982 4442 540 3426 3120 422 2698 2626 2488 2417 2359 674 619 1685
is_linear=0
shrinkage=0.03


Tree=328
num_leaves=15
num_cat=0
split_feature=8 6 8 8 5 8 1 1 0 4 0 1 2 0
split_gain=0.957546 1.38582 4.04834 1.38368 1.335 1.09633 0.964189 0.929273 0.925088 0.874081 1.29689 0.75603 1.13981 0.742389
threshold=1.7008658143576416 8.0827474594116229 0.83928674783186563 1.3408419963373561 204.39053344726565 1.5915460457665875 11.0334849357605 7.9568529129028329 13.609911918640138 36.226156234741218 25.571698188781742 24.400812149047855 30.715359687805179 13.17438316345215
decision_type=2 2 2 2 2 2 2 2 2 2 2 2 2 2
left_child=1 3 6 -1 -5 13 -3 -2 -7 11 -11 -9 -13 -6
right_child=7 2 -4 4 5 8 -8 9 -10 10 -12 12 -14 -15
leaf_value=0.00042924817289071023 -0.013321113924177572 -0.035563672186102076 0.01911245591073036 0.0073834986357553742 -0.0017622326652420048 -0.013508829280905904 0.0066838964340952926 0.020283284053105276 0.011550447290164101 0.013467981959843695 -0.01784213527070078 -0.016624760526048072 0.013846430775912901 -0.03026904049811914
leaf_weight=21.029855488595789 0.79348604085680463 0.9644079899881024 6.4953206870704889 1.876157946535385 1.1457069828174988 1.9940625040908346 0.28055024053901434 5.8141342490271182 1.4137386548682114 1.3590790691960131 1.4352177158143602 0.96254807148943688 1.530041645892197 3.846683378884336
leaf_count=844 209 90 367 134 76 42 12 786 38 318 525 1063 352 119
internal_value=0.00105199 -0.00125875 0.0093763 -0.00409704 -0.0125764 -0.0173456 -0.0273067 0.00814684 -0.00285097 0.0106554 -0.00307763 0.0151093 0.000688645 -0.0251128
internal_weight=50.941 39.0465 7.74028 31.3062 10.2763 8.40019 1.24496 11.8945 3.4078 11.101 2.7943 8.30672 2.49259 4.99239
internal_count=4975 1722 469 1253 409 275 102 3253 80 3044 843 2201 1415 195
is_linear=0
shrinkage=0.03


Tree=329
num_leaves=15
num_cat=0
split_feature=3 3 7 5 7 2 5 6 4 7 1 7 3 5
split_gain=1.02996 1.30154 1.05085 1.35512 1.14656 1.29613 0.963775 1.32778 0.951418 1.25091 2.29676 1.45254 1.00762 2.27783
threshold=3.946269273757935 3.9507616758346562 -0.72497119973652457 204.53318023681643 -0.52676163825421463 31.41565036773682 202.78594207763675 8.0178956985473651 33.048353195190437 -0.23347957574403252 13.708151817321779 -0.062539458813014107 8.9611806869506854 241.22441101074222
decision_type=2 2 2 2 2 2 2 2 2 2 2 2 2 2
left_child=-1 -2 -3 6 5 -5 7 -4 12 10 -10 -11 -6 -14
right_child=1 2 3 4 8 -7 -8 -9 9 11 -12 -13 13 -15
leaf_value=-0.019614648350587342 0.026930865708244968 -0.01633854013789424 0.014262692545326892 -0.025905371722729907 -0.019842456048304782 0.0098195880006537641 0.022278198372407153 -0.017713321805813576 -0.02857445293645644 0.017413547827608348 0.0039451878288785614 -0.015717600382174682 -0.013991083948620503 0.0084549544050095023
leaf_weight=1.8300825231563056 0.46506114024668832 3.0835076024086439 1.4918672937783406 2.3738862520985999 2.606772832717982 0.6540401579113676 2.7205676196608692 1.2035798658034762 1.4287939034402395 6.4677204935578638 9.1603182887774874 0.61372380884131228 6.5178870501986221 7.9028241573832929
leaf_count=2210 18 848 67 150 184 54 62 70 27 272 188 28 199 580
internal_value=-0.00203264 -0.000946655 -0.00179145 -0.000405132 -0.00251198 -0.0176666 0.0123746 -0.000944942 -0.000731668 0.00403622 -0.00252971 0.0129526 -0.00562905 -0.00193963
internal_weight=48.5206 46.6906 46.2255 43.142 37.726 3.02793 5.41601 2.69545 34.698 17.6706 10.5891 7.08144 17.0275 14.4207
internal_count=4957 2747 2729 1881 1682 204 199 137 1478 515 215 300 963 779
is_linear=0
shrinkage=0.03


Tree=330
num_leaves=15
num_cat=0
split_feature=0 1 8 5 3 5 6 1 1 7 5 6 7 8
split_gain=1.37663 2.77222 1.69103 1.06315 1.00837 0.993874 0.809848 0.929225 0.771018 0.957698 0.856597 1.1231 1.19635 1.59858
threshold=20.002093315124515 10.856526374816896 1.288162388207748 221.15505981445315 22.193841934204105 216.28681945800784 7.9680233001708993 26.046833992004398 21.778222084045414 -0.74980253787793572 212.35040283203128 8.021311283111574 -0.15307741339685732 1.3552118459949656
decision_type=2 2 2 2 2 2 2 2 2 2 2 2 2 2
left_child=1 2 -1 -4 -2 -3 -6 8 10 -10 -8 -12 13 -13
right_child=4 5 3 -5 6 -7 7 -9 9 -11 11 12 -14 -15
leaf_value=0.010739061731467795 0.0086774054749055723 0.0011242704277682955 0.013292883405136376 -0.013020375493829102 0.015943510047497184 -0.046083239156306216 -0.018141680457957294 -0.02267053047187494 -0.011236484668465505 0.011844731770991219 -0.012349264559566272 0.021212200510322955 -0.014161990799327688 -0.0088400715464500082
leaf_weight=4.6247155250748611 12.98969851642323 0.44092451489996065 0.78815437480807204 8.5776350774976873 1.1795276578050131 1.0527659999497698 2.5316661405377152 1.0191866597597243 1.2949380359204949 5.3792948606424025 3.7446221571881306 3.8201458174735352 1.1580175552517129 1.7023691328940911
leaf_count=508 2466 29 40 624 32 473 87 345 83 135 60 107 17 38
internal_value=-0.000940188 -0.00809919 -0.00270375 -0.00973729 0.00238065 -0.0372853 -0.00158218 -0.00327341 -0.00121632 0.00648586 -0.00536426 -0.000945077 0.00622287 0.0120133
internal_weight=50.3037 15.4842 13.9905 9.36579 34.8195 1.49369 21.8298 20.6502 19.6311 6.67423 12.9568 10.4252 6.68053 5.52251
internal_count=5044 1674 1172 664 3370 502 904 872 527 218 309 222 162 145
is_linear=0
shrinkage=0.03


Tree=331
num_leaves=15
num_cat=0
split_feature=7 7 8 7 5 8 8 7 4 7 6 0 2 5
split_gain=0.821922 0.897544 0.958729 1.45485 2.19016 0.898954 1.25557 2.35325 1.48201 0.972787 0.969775 1.01433 0.794836 1.86771
threshold=-0.8721508893123876 -0.86275799212702931 1.0249685865470306 -0.40078538600284003 204.53318023681643 1.1974809397290773 1.5915460457665875 -0.13955587763929558 35.741561889648445 -0.29435541794500514 8.1111340522766131 11.57101345062256 31.283516883850101 221.15505981445315
decision_type=2 2 2 2 2 2 2 2 2 2 2 2 2 2
left_child=-1 -2 12 4 -4 -5 7 8 9 -7 11 -9 -3 -14
right_child=1 2 3 5 -6 6 -8 10 -10 -11 -12 -13 13 -15
leaf_value=-0.019492191178106136 0.018379013907963815 0.0096861347495159501 0.0028015930228950272 0.013542875792622078 -0.02618686602998099 0.021009592454800753 0.0057007236317405952 0.0041819726200035615 -0.014974790873523635 -0.00059881711732194705 0.0074968990782269436 -0.034759976448945532 0.009748123053587375 -0.022846807073976339
leaf_weight=1.1582798594317854 1.159982657409272 9.3389436433208157 3.7450136123807081 2.638612577517061 4.5763128916732967 2.0728229122469202 9.1573194085794949 0.4760250494582613 2.8022096555214375 4.6738097458146495 0.33082653873134393 2.9280007707420737 2.8189730893354854 1.7508776206523178
leaf_count=1775 36 574 320 159 745 12 801 62 24 140 42 168 135 29
internal_value=-0.00137399 -0.000555753 -0.00139084 -0.0041195 -0.0142397 -0.000344415 -0.00248537 -0.0081326 0.000400412 0.0078952 -0.0254258 -0.0296012 0.00499862 -0.00459993
internal_weight=49.628 48.4697 47.3097 33.401 8.32133 25.0796 22.441 13.2837 9.54884 6.74663 3.73485 3.40403 13.9088 4.56985
internal_count=5022 3247 3211 2473 1065 1408 1249 448 176 152 272 230 738 164
is_linear=0
shrinkage=0.03


Tree=332
num_leaves=15
num_cat=0
split_feature=7 5 7 2 5 5 4 8 5 4 6 5 8 4
split_gain=1.26228 0.696385 0.979529 2.02951 1.21947 1.25176 2.04023 0.887921 0.857678 0.848599 1.39594 0.94395 0.662153 0.612845
threshold=-0.83628631685578114 204.53318023681643 -0.34614637421864286 31.322996139526371 221.15505981445315 224.30057525634768 34.686437606811531 3.539918609369459 221.89505004882815 36.257423400878913 8.0196533203125018 201.04891204833987 0.83928674783186563 29.331339836120609
decision_type=2 2 2 2 2 2 2 2 2 2 2 2 2 2
left_child=-1 9 3 7 -4 6 -6 8 12 11 -11 -2 -3 -7
right_child=1 2 4 -5 5 13 -8 -9 -10 10 -12 -13 -14 -15
leaf_value=-0.019563745012632243 -0.010121640234249699 0.0062178810633247601 0.010629397861962223 0.015883289080843663 -0.025212614757633877 -0.006906775600058067 0.010646230585305215 0.0071783273719764791 0.0036912914400653463 0.011564040625291738 -0.022858509126096875 0.020637746205427999 -0.025992799520816779 0.0043954270928576577
leaf_weight=2.0911224164301521 0.47618827328551461 0.25746912555768897 7.9912065266980781 1.4100644456048028 3.3674825090565745 4.9907936522213303 1.4437335294205693 0.77863028578576621 0.93288727739127342 1.4551459667272868 0.90791971515864123 3.5853074148762971 5.1050618005101569 14.631611167656954
leaf_count=1963 84 20 325 106 112 300 60 415 138 24 42 190 296 973
internal_value=-0.000989395 0.00021898 -0.00128574 -0.00977283 0.00116089 -0.00223203 -0.0144719 -0.0162207 -0.019702 0.00868309 -0.00452587 0.0157442 -0.0237121 0.00132528
internal_weight=49.4246 47.3335 40.9089 8.48411 32.4248 24.4336 4.81122 7.07405 6.29542 6.42456 2.36307 4.0615 5.36253 19.6224
internal_count=5048 3085 2745 975 1770 1445 172 869 454 340 66 274 316 1273
is_linear=0
shrinkage=0.03


Tree=333
num_leaves=15
num_cat=0
split_feature=8 7 7 7 0 6 0 3 8 6 3 7 6 8
split_gain=1.34996 1.47995 1.54395 1.19986 1.04751 1.00124 0.994871 0.871398 0.799581 1.51864 1.05107 2.76281 1.63286 1.29616
threshold=0.79434007478810331 -0.70655824933822109 -0.40078538600284003 -0.47774201667303767 27.410711288452152 8.0276145935058612 25.571698188781742 23.548137664794925 1.1824498976111324 8.0116534233093279 16.326181411743168 -0.16705418473149439 8.0834770202636737 1.2373229125795089
decision_type=2 2 2 2 2 2 2 2 2 2 2 2 2 2
left_child=3 5 -3 4 -1 -2 -7 -5 9 -4 -10 12 -12 -13
right_child=1 2 8 7 -6 6 -8 -9 10 -11 11 13 -14 -15
leaf_value=0.012353296801080105 0.015674428690484948 -0.018236281344803758 -0.010821171015999919 0.0023573962971708733 -0.018752607407296902 0.014144111699814423 -0.017816038790826029 0.022642612917925867 0.0018921504944044265 0.018535136784965663 -0.0095478351163044099 -0.0023325750827509072 0.016338536283697361 -0.045904401610736216
leaf_weight=0.76213395316153798 5.1750341145525445 5.1927270393789504 1.708424048207237 3.36158421973232 1.4048951079603282 0.51298467820743088 1.2907280114741295 4.34466268774122 12.245729222864613 3.2518453047377989 5.4604931696085259 0.98692313954233979 2.3222602121531963 1.3315380983985958
leaf_count=61 1406 626 65 279 56 53 879 103 1080 271 64 18 53 54
internal_value=0.000554356 -0.00197774 -0.00469955 0.00992978 -0.00736649 0.00969805 -0.00692363 0.015081 -0.00157212 0.00830503 -0.00402633 -0.0107254 -0.000842885 -0.0336489
internal_weight=49.352 39.4787 32.4999 9.87328 2.16703 6.97875 1.80371 7.70625 27.3072 4.96027 22.3469 10.1012 7.78275 2.31846
internal_count=5068 4569 2231 499 117 2338 932 382 1605 336 1269 189 117 72
is_linear=0
shrinkage=0.03


Tree=334
num_leaves=15
num_cat=0
split_feature=6 1 4 6 6 4 2 7 5 6 2 2 0 4
split_gain=0.972655 1.53324 1.01793 1.52613 1.35278 0.975747 0.967589 0.880989 1.84822 0.924954 0.849821 0.639716 0.562725 1.45606
threshold=8.0276145935058612 22.855208396911625 36.257423400878913 8.0201325416564959 8.0227966308593768 31.728899955749515 29.195244789123539 -0.34614637421864286 217.00405883789065 8.1111340522766131 30.457540512084964 30.914217948913578 23.963550567626957 36.198125839233406
decision_type=2 2 2 2 2 2 2 2 2 2 2 2 2 2
left_child=2 6 4 -4 -1 -6 7 -2 -9 -10 12 -7 -8 -14
right_child=1 -3 3 -5 5 11 10 8 9 -11 -12 -13 13 -15
leaf_value=0.0010986323354033958 -0.023043713455408857 -0.02554903644500341 0.0092090415697106669 -0.027003423394304095 -0.010880413506856246 0.025207126402040054 0.022184980926646621 0.012808286052802211 -0.010327010912542194 0.013373772444863615 -0.0067423649608522578 -0.0017462769701971641 -0.019724112501520938 0.014301942055039225
leaf_weight=12.835531679913407 1.2541557858348884 1.7224359162355529 1.2845250411482987 1.1924570441187823 0.3533742694708043 4.3330906484334264 2.0447509596124283 4.1355437857564601 12.948904936114555 0.79758941079489964 2.1479435084620491 0.78521470073610533 0.76739667973015491 2.1872703402186744
leaf_count=1919 256 883 46 110 56 340 101 147 710 138 131 21 29 95
internal_value=-0.000503341 -0.00409175 0.00429778 -0.0109766 0.00682591 0.0180153 -0.0018007 -0.00527292 -0.00287217 -0.0081382 0.0070019 0.0214625 0.0130465 0.00271169
internal_weight=48.7902 28.006 20.7842 2.47698 18.3072 5.47168 26.2836 19.1362 17.882 13.7465 7.14736 5.11831 4.99942 2.95467
internal_count=4982 2490 2492 156 2336 417 1607 1251 995 848 356 361 225 124
is_linear=0
shrinkage=0.03


Tree=335
num_leaves=15
num_cat=0
split_feature=0 7 8 1 7 2 5 7 0 0 3 8 5 5
split_gain=0.540873 1.30017 1.2806 1.82496 1.50719 1.25529 1.0955 1.19574 1.00725 1.14909 0.887056 0.799288 1.24514 1.14566
threshold=27.634655952453617 -0.27530551117080021 1.3408419963373561 14.926133155822756 -0.52676163825421463 30.983434677124027 223.52202606201175 -0.23347957574403252 28.073434829711918 29.332090377807621 1.8274422883987429 1.8086429447539116 227.14627838134768 239.14064788818362
decision_type=2 2 2 2 2 2 2 2 2 2 2 2 2 2
left_child=1 2 3 -1 5 -5 -3 -8 -2 -10 -4 12 -9 -14
right_child=8 6 10 4 -6 -7 7 11 9 -11 -12 -13 13 -15
leaf_value=-0.022252790112625782 0.020470951520151097 0.012996051239626431 0.0073588200021690361 -0.017408175807848127 0.01790523633827857 0.011479472159354933 -0.021230074266092525 0.02022648107281064 -0.017617762333286456 0.0094287289054421543 -0.019480745391875859 -0.016879775531061691 -0.011702356612223307 0.0050151235322575712
leaf_weight=1.4758024290204064 2.3243116909434312 6.7811349164694574 0.77408901475428038 2.2615232914686203 3.9819474583491687 1.4266405766829846 1.1966249029355882 2.4129541728179928 1.3543913070461715 2.5572529656637926 6.1308724164555315 0.85877829651872062 4.1622679745778468 11.933953410014508
leaf_count=21 187 283 778 34 87 85 78 96 1114 548 712 154 120 738
internal_value=0.000711852 -0.000542163 -0.0070771 0.000511419 0.00695289 -0.00616886 0.00340794 -0.000209767 0.00830755 -0.00161631 -0.0159216 0.00206751 0.00376678 0.000260565
internal_weight=49.6325 43.3966 16.0509 9.14591 7.67011 3.68816 27.3457 20.5646 6.23596 3.91164 6.90496 19.368 18.5092 16.0962
internal_count=5035 3186 1717 227 206 119 1469 1186 1849 1662 1490 1108 954 858
is_linear=0
shrinkage=0.03


Tree=336
num_leaves=15
num_cat=0
split_feature=7 8 2 8 6 6 7 4 7 5 6 5 2 7
split_gain=1.20047 0.793179 1.12636 0.871985 1.45694 1.17922 1.04865 2.23523 1.25566 1.52217 1.04802 0.860212 1.00934 0.822661
threshold=0.25400790311129845 3.5263450359702748 29.361582756042484 0.79434007478810331 8.0181307792663592 8.0864982604980487 -0.09488861899690626 31.655437469482425 -0.33738634879116763 204.6757736206055 8.0209102630615252 221.89505004882815 31.37360763549805 -0.8721508893123876
decision_type=2 2 2 2 2 2 2 2 2 2 2 2 2 2
left_child=1 3 -3 4 -1 6 8 -8 9 13 -6 12 -11 -5
right_child=-2 2 -4 5 10 -7 7 -9 -10 11 -12 -13 -14 -15
leaf_value=0.017813160500860601 -0.015857920881093987 -0.010820985495377487 0.023255581385550859 -0.016124207567349943 -0.023984100376488578 0.0080747671029307872 0.00049677028770192392 -0.034089126586989274 0.0055046222841414107 -0.024342863105301541 0.0041007494759121074 0.0055106585000161031 0.0085130773499230601 0.0078879497175513603
leaf_weight=4.5906380582600814 3.2049785710114511 0.56014890923688598 1.9189089118590343 0.65391015831846555 0.7416241182945672 6.8762273970060042 3.5984293029468999 2.1116226188314613 10.451788076650702 5.2227408474718686 3.1126745551591739 0.91116493710433122 0.46981386421248306 5.0538522316201124
leaf_count=104 214 841 795 844 27 303 217 71 474 360 286 133 34 341
internal_value=-0.000505265 0.000871041 0.0146587 -0.000219254 0.00790696 -0.00232471 -0.00502491 -0.0154676 -0.00186475 -0.0080645 -0.00513076 -0.0168911 -0.0207644 0.0031433
internal_weight=49.4785 46.2735 2.47906 43.7945 8.44494 35.3495 28.4733 5.71005 22.7633 12.3115 3.8543 6.60372 5.69255 5.70776
internal_count=5044 4830 1636 3194 417 2777 2474 288 2186 1712 313 527 394 1185
is_linear=0
shrinkage=0.03


Tree=337
num_leaves=15
num_cat=0
split_feature=8 2 8 1 4 4 5 4 5 2 8 2 2 0
split_gain=0.749084 1.12873 0.919688 0.829303 0.551131 0.78261 2.02713 1.50224 1.18412 1.12967 1.27213 1.09228 0.911096 0.838698
threshold=3.5263450359702748 29.361582756042484 2.8311094832270411 24.161375999450687 36.226156234741218 33.048353195190437 229.04898834228518 31.693459510803226 287.44473266601568 28.985985755920414 1.5915460457665875 27.476711273193363 20.759318351745609 23.284805297851566
decision_type=2 2 2 2 2 2 2 2 2 2 2 2 2 2
left_child=2 -2 4 -3 5 6 -1 8 13 10 11 -7 -9 -8
right_child=1 3 -4 -5 -6 9 7 12 -10 -11 -12 -13 -14 -15
leaf_value=-0.018576959476105114 -0.011026636691427295 0.028993276543099758 -0.018202563526453309 -0.0070626797022246999 -0.0076080381666459047 0.013548887479597496 0.022218509458640356 -0.026029733015636009 -0.0045763416607945799 0.012256393914684891 0.012528014475665757 -0.012287187557045793 -0.00017298552630729875 0.00075767121469627163
leaf_weight=4.2099550620623658 0.5739918484614458 1.6177224220300557 1.4496857786434691 0.30728015289059829 5.3053150532650752 0.9582455167546885 4.3774634497240168 1.0559105204010837 3.3829320550867124 10.536746956233399 3.1423340273322538 6.5184919903986156 3.0735428918269463 2.4618846676312387
leaf_count=409 824 140 1044 669 206 41 390 56 334 555 85 129 162 30
internal_value=0.000705019 0.0140919 -0.000296525 0.0227909 0.000663014 0.00192755 -0.00250286 0.00311528 0.00909302 0.00575222 -0.00120094 -0.00776821 -0.0105702 0.0155756
internal_weight=48.9715 2.49899 46.4725 1.925 45.0228 39.7175 18.5617 14.3517 10.2223 21.1558 10.6191 7.47674 4.12945 6.83935
internal_count=5074 1633 3441 809 2397 2191 1381 972 754 810 255 170 218 420
is_linear=0
shrinkage=0.03


Tree=338
num_leaves=15
num_cat=0
split_feature=3 3 4 8 4 8 6 8 5 6 6 7 7 8
split_gain=1.22059 1.23444 1.24204 1.2318 0.948165 0.857939 1.74771 1.21733 1.58933 1.78835 1.72839 1.63663 1.39033 0.891517
threshold=26.275712013244632 23.548137664794925 29.331339836120609 1.3552118459949656 31.305315017700199 0.67571740537862135 8.0901808738708514 1.1824498976111324 220.45568847656253 8.0864982604980487 8.0250062942504901 -0.29034235845436052 -0.59181464745677315 0.18353457246692931
decision_type=2 2 2 2 2 2 2 2 2 2 2 2 2 2
left_child=1 2 -1 -3 -4 13 7 -7 11 10 -10 12 -9 -6
right_child=-2 3 4 -5 5 6 -8 8 9 -11 -12 -13 -14 -15
leaf_value=-0.018535081816011153 -0.013896138069186789 0.013024162126494394 0.011378443639800954 -0.011310265386708582 0.0081937248228127757 0.01312388041990303 0.016326669473055389 0.0034904828497039661 0.00018113568615191444 0.0049012052826680232 -0.032942409701617499 0.015236090413915158 -0.020410262872011288 -0.027358518653103719
leaf_weight=2.894928074485505 5.2646563663583938 8.8688233224675042 4.0938612179743386 1.4973091686260875 0.36359893390909093 2.2230914774118054 3.4159808785188934 4.5041127609001768 1.9577769665629583 2.3335808669216931 4.0386726156430086 3.5481169386766807 2.8630140917521203 1.2196000193944199
leaf_count=253 500 212 395 112 21 140 207 1807 587 32 189 152 340 78
internal_value=-0.00150943 0.000255491 -0.00257822 0.0088234 -0.000527333 -0.00271606 -0.000967827 -0.00432385 -0.00688799 -0.0159819 -0.0236477 0.000810928 -0.00712707 -0.0191824
internal_weight=49.0871 43.8225 33.4563 10.3661 30.5614 26.4675 24.8843 21.4684 19.2453 8.33003 5.99645 10.9152 7.36713 1.5832
internal_count=5025 4525 4201 324 3948 3553 3454 3247 3107 808 776 2299 2147 99
is_linear=0
shrinkage=0.03


Tree=339
num_leaves=15
num_cat=0
split_feature=1 2 3 1 1 3 2 2 3 0 2 6 1 6
split_gain=0.739243 0.46628 0.647951 0.784211 1.29146 1.16808 1.09407 0.892339 0.869411 0.637549 1.20796 2.4179 1.05079 0.570262
threshold=27.934562683105472 31.85965728759766 26.494190216064457 21.778222084045414 24.400812149047855 7.3443951606750497 28.471076965332035 30.850934982299808 23.249904632568363 23.833424568176273 31.322996139526371 8.0491580963134783 15.148576259613039 7.9600980281829843
decision_type=2 2 2 2 2 2 2 2 2 2 2 2 2 2
left_child=1 2 3 5 -5 -1 13 -6 -8 12 11 -11 -10 -7
right_child=-2 -3 -4 4 7 6 8 -9 9 10 -12 -13 -14 -15
leaf_value=-0.019314298627922253 -0.015794487379447768 0.018547708784980042 -0.0074466090549828168 0.017795411187727896 -0.015133215236453026 -0.010219909560294355 -0.012176243464950408 0.013225992393303658 -0.0025039825744190901 -0.035945033321647495 0.012188097459467339 0.0057476109443859794 0.021744511082061529 0.0088637232169240642
leaf_weight=1.3484979562490469 1.034565544934593 0.63619641959667106 4.7196366244752417 5.8995105414651317 1.7537891140236754 0.70979711378459143 5.0723195734899482 0.64886715789907601 3.1688715536147338 1.2623840506421404 1.5955412071198223 2.2899245677981526 1.9271893627010284 16.579593220245442
leaf_count=1162 854 8 303 448 842 33 210 33 47 49 85 44 43 871
internal_value=0.00201459 0.00271851 0.002122 0.00333817 0.0110634 0.00118678 0.00258417 -0.00583831 -0.00315662 0.00199521 -0.00500623 -0.01371 0.00872884 0.00756431
internal_weight=48.6467 47.6121 46.9759 42.2563 8.30217 33.9541 32.6056 2.40266 15.3162 10.2439 5.14785 3.55231 5.09606 17.2894
internal_count=5032 4178 4170 3867 1323 2544 1382 875 478 268 178 93 90 904
is_linear=0
shrinkage=0.03


Tree=340
num_leaves=15
num_cat=0
split_feature=5 0 4 8 8 8 7 3 8 8 6 0 6 0
split_gain=0.961177 1.041 1.48799 1.12328 0.970454 0.776698 1.38331 0.884246 0.860969 1.36048 0.826249 0.813374 0.761227 0.74861
threshold=202.38330841064456 20.002093315124515 34.358655929565437 1.8086429447539116 1.7669812365697533 1.288162388207748 -0.09488861899690626 9.336820602416994 0.76195704406054976 0.65843105020299408 8.1019229888916033 9.7323832511901873 8.0274367332458514 11.57101345062256
decision_type=2 2 2 2 2 2 2 2 2 2 2 2 2 2
left_child=12 2 3 4 5 8 7 -7 9 -2 13 -10 -1 -8
right_child=1 -3 -4 -5 -6 6 10 -9 11 -11 -12 -13 -14 -15
leaf_value=-0.021095265609663613 0.0082469982170731045 0.0060158985880205615 -0.030657577087606441 -0.018016979462249751 0.0223572280965477 -0.014523203039005061 0.0017878986503158968 0.01196847004655768 -0.0097870648947408212 -0.031337352814618136 0.008932452720514128 0.02079173360648686 0.0062559166577367811 -0.027356754658071844
leaf_weight=1.8232040375587524 1.4061430256115235 29.629858464395511 0.61613454656617328 1.7334632018028067 0.99898168572690416 0.59721437087864604 0.87148689047899175 3.4655450386926532 0.35284486529417369 0.20564985694363702 0.42060096515342582 2.8532829385949299 0.80538139924465202 2.5407522975001484
leaf_count=1030 158 1898 59 753 11 45 62 123 40 21 47 291 380 91
internal_value=0.00162729 0.00275253 -0.00326719 -0.000376893 0.00292611 -0.000119685 -0.00568584 0.00597482 0.00841153 -0.00686824 -0.0167247 0.0158997 -0.0133005 -0.021195
internal_weight=48.3205 45.692 16.0621 15.446 13.7125 12.7135 7.8956 4.06276 4.81792 1.61179 3.83284 3.20613 2.62859 3.41224
internal_count=5009 3599 1701 1642 889 878 368 168 510 179 200 331 1410 153
is_linear=0
shrinkage=0.03


Tree=341
num_leaves=15
num_cat=0
split_feature=3 3 2 2 1 8 2 7 6 3 4 6 4 7
split_gain=1.13681 1.20044 1.36845 1.16605 1.6379 1.59008 1.11521 1.10538 0.891258 0.902163 1.49213 0.862471 0.867661 0.791156
threshold=3.946269273757935 7.6680140495300302 21.112796783447269 27.476711273193363 11.140934467315676 1.4812629242729896 24.848701477050785 -0.15620094809238536 7.9680233001708993 21.24765777587891 35.77464675903321 8.0864982604980487 31.815826416015629 0.049348687545853996
decision_type=2 2 2 2 2 2 2 2 2 2 2 2 2 2
left_child=-1 13 -3 5 7 -4 11 -5 -6 -10 -11 12 -7 -2
right_child=1 2 3 4 8 6 -8 -9 9 10 -12 -13 -14 -15
leaf_value=-0.01907272098322664 0.021548600329896118 -0.015884868314959021 0.024090274933043072 -0.035777278160720488 0.018727799453933189 0.0016979772419462187 0.017010191745545473 -0.0019561249641972078 0.0095026781348699144 -0.010939263911195197 0.0042951012412298052 0.0064083393130876408 -0.028695412273905499 -0.0080783910513085953
leaf_weight=1.697929040994494 2.7180123458238081 3.6756879760650909 3.253298551659098 0.9598242295905951 1.3286303000059003 1.211757349316031 1.2801321474835274 1.7861193839926297 5.2360929978021913 10.57338509935653 10.764669858210253 1.638281399849802 1.170956957619637 0.47282607597298909
leaf_count=2266 530 163 420 33 39 26 90 132 342 603 310 25 15 39
internal_value=-0.000136696 0.000951579 -0.000533957 0.00126466 -0.00154102 0.010426 -0.000452063 -0.0201731 0.000927103 -0.000609784 -0.00340557 -0.00829198 -0.0173059 0.0162783
internal_weight=47.7676 46.0697 42.8788 39.2031 30.6487 8.55443 5.30113 2.74594 27.9028 26.5741 21.3381 4.021 2.38271 3.19084
internal_count=5033 2767 2198 2035 1459 576 156 165 1294 1255 913 66 41 569
is_linear=0
shrinkage=0.03


Tree=342
num_leaves=15
num_cat=0
split_feature=3 4 3 6 4 4 4 0 4 5 3 2 6 4
split_gain=1.40936 0.910134 0.892792 0.777933 0.900392 1.29656 1.17539 1.17633 0.868496 1.7622 0.901761 0.803593 0.925403 0.842307
threshold=5.1033663749694833 26.918775558471683 8.008735656738283 8.1019229888916033 33.048353195190437 34.120470046997077 34.193981170654304 20.002093315124515 31.693459510803226 260.08375549316412 9.5490527153015154 28.083174705505375 8.0178956985473651 36.257423400878913
decision_type=2 2 2 2 2 2 2 2 2 2 2 2 2 2
left_child=-1 -2 -3 4 8 -6 -7 -8 9 -4 -11 -9 -13 -14
right_child=1 2 3 -5 5 6 7 11 -10 10 -12 12 13 -15
leaf_value=-0.020489823328715389 0.012580740639726206 0.012632364610407135 -0.02148918491259438 0.015694535173364051 0.014519343785548897 -0.028105021870432994 -0.025980755063072666 0.017486947962726363 -0.017647278412624159 -0.0065518167008968087 0.017130734128675388 0.016306194881294898 -9.073150738101506e-05 -0.015633791895570209
leaf_weight=2.0595702737773527 4.0388297494209828 2.9939340710407114 1.6144861010543516 1.0866766808321688 3.6149464400368769 0.55398495728150265 0.5838768207468118 1.3270544717088366 5.3086784608312882 1.6801832173950968 2.7136504717636853 1.4550394318066562 15.431811022295735 2.942626686039147
leaf_count=2601 151 187 238 177 198 19 21 54 306 53 252 103 471 166
internal_value=-0.00078039 0.00053759 -0.000909477 -0.0022621 -0.00318313 -8.27814e-06 -0.00288605 -0.00103578 -0.0098609 -0.00144481 0.00853892 0.000794183 -0.00110885 -0.00325837
internal_weight=47.4053 45.3458 41.3069 38.313 37.2263 25.9093 22.2944 21.7404 11.317 6.00832 4.39383 21.1565 19.8295 18.3744
internal_count=4997 2396 2245 2058 1881 1032 834 815 849 543 305 794 740 637
is_linear=0
shrinkage=0.03


Tree=343
num_leaves=15
num_cat=0
split_feature=2 3 4 4 8 0 3 3 4 0 1 4 4 4
split_gain=0.822678 1.85342 1.20387 2.16904 0.911529 1.18884 1.42528 0.928051 0.891657 0.860638 0.830866 0.949926 0.75489 1.48565
threshold=21.112796783447269 16.46032810211182 31.613193511962894 30.834199905395511 1.5739373828849637 13.609911918640138 11.405933380126955 3.946269273757935 36.219238281250007 27.757070541381839 21.912405967712406 36.466094970703132 34.120470046997077 32.488655090332038
decision_type=2 2 2 2 2 2 2 2 2 2 2 2 2 2
left_child=2 4 3 -1 -2 -6 7 -7 -9 10 12 -12 13 -3
right_child=1 9 -4 -5 5 6 -8 8 -10 -11 11 -13 -14 -15
leaf_value=-0.022336475896635247 0.022197539504116865 -0.0047926262049219756 -0.025312097072660984 0.014669895555655125 -0.019174687613088392 -0.00050100003918165156 -0.0084299318499415649 0.024887759166517878 -0.0081533500900943245 -0.016734813437469062 0.014415761081524448 -0.011584874148105623 -0.0069954894756474213 0.019738196870534842
leaf_weight=1.2864882976282377 3.6599533513654015 5.4754653022391819 1.5112963112915165 2.7888081638957374 0.63366950971248925 2.4183091710583522 2.5438051258097403 4.4572313513926929 0.36714737367583428 2.1698037019959875 4.6229485963121979 0.82096563532832068 13.6632816697238 2.4423602378228679
leaf_count=181 457 167 496 114 21 1775 164 409 133 467 103 35 393 109
internal_value=0.00095052 0.00240432 -0.00896622 0.000888486 0.0109548 0.00540795 0.00862976 0.0149173 0.0214051 -0.00194563 -0.000203458 0.00930544 -0.00290798 0.00413907
internal_weight=48.8615 43.2749 5.58659 4.0753 14.0801 10.4202 9.78649 7.24269 4.82438 29.1948 27.025 5.44391 21.5811 7.91783
internal_count=5024 4233 791 295 2959 2502 2481 2317 542 1274 807 138 669 276
is_linear=0
shrinkage=0.03


Tree=344
num_leaves=15
num_cat=0
split_feature=1 1 7 2 6 1 0 4 8 7 8 0 4 7
split_gain=0.636932 1.29343 1.20325 1.04263 0.92387 0.690931 1.44093 0.682268 0.969013 0.662438 0.699151 1.03005 0.882727 0.581099
threshold=21.912405967712406 24.237989425659183 -0.5122619446118275 31.322996139526371 8.0196533203125018 4.4426589012146005 10.537119388580324 36.257423400878913 2.2853628013616794 1.0000000180025095e-35 1.6192785678416544 16.480623245239261 23.282137870788578 -0.07865518975439828
decision_type=2 2 2 2 2 2 2 2 2 2 2 2 2 2
left_child=2 -2 3 -1 -3 6 -4 8 -6 13 11 -11 -13 -7
right_child=1 4 5 -5 7 9 -8 -9 -10 10 -12 12 -14 -15
leaf_value=-0.027334226174404792 0.017476635514593136 0.0085129762722573801 -0.0050266948019173259 0.0091672318508295089 0.012704926246794389 0.00018485037753809507 0.024658260769001333 -0.022450082609063851 -0.015964402733329733 -0.026429008087253517 0.0093734303722833694 0.015206573248819331 -0.012590134234830068 0.011851885723993046
leaf_weight=1.3348141188616853 6.0551463904557732 4.0240738818247337 2.1425821745069689 0.43507875641807903 1.4989964199339745 19.598603159218328 2.3064607402775437 1.1447745718032818 0.84532620168465644 1.6446599215269082 0.76151338193449181 0.99378285254351828 1.1284472439438102 3.7890463575022357
leaf_count=535 460 628 252 46 178 1090 261 298 914 107 67 57 20 166
internal_value=0.00299741 0.00825145 0.000733567 -0.0182912 -0.000363027 0.00229097 0.0120635 -0.0102159 0.000684753 0.000370166 -0.00901945 -0.0139241 0.00112777 0.00248351
internal_weight=47.7033 13.5683 34.135 1.76989 7.51317 32.3651 4.44904 3.4891 2.34432 27.9161 4.5284 3.76689 2.12223 23.3876
internal_count=5079 2478 2601 581 2018 2020 513 1390 1092 1507 251 184 77 1256
is_linear=0
shrinkage=0.03


Tree=345
num_leaves=15
num_cat=0
split_feature=1 2 5 3 3 3 7 7 2 5 8 8 5 3
split_gain=0.895313 1.34332 1.13468 0.824318 0.702007 1.17317 0.955744 1.48169 1.25806 1.52015 0.668215 1.25721 1.11474 0.727015
threshold=4.8299019336700448 21.833667755126957 298.60276794433599 11.125223636627199 21.24765777587891 21.84722995758057 -0.47774201667303767 -0.3785198446012219 31.283516883850101 219.44814300537112 1.2510358432231932 0.52123846306764754 202.47442626953128 3.946269273757935
decision_type=2 2 2 2 2 2 2 2 2 2 2 2 2 2
left_child=2 -2 -1 -4 10 -6 -7 -8 9 -9 11 -3 13 -12
right_child=1 4 3 -5 5 6 7 8 -10 -11 12 -13 -14 -15
leaf_value=0.016878004340518785 -0.021568084014014326 -0.010366189765552019 -0.021665656724693384 0.010179633565479526 -0.023128643581585142 -0.0080601805877491151 0.019445465721658315 -0.0086461014652989242 -0.017369229926760522 0.014283204323019421 -0.0075640893107168277 0.023137667473163429 -0.0018119659378308594 0.024182514403199778
leaf_weight=5.1721180190797886 1.4632697934139276 0.71546820155345203 0.67892289448354837 0.50710131227970123 1.1901915000635224 7.6174503924557984 3.2674835431971596 3.8336751055321603 2.2460491000674656 4.7846613787696697 0.33633170931716394 2.840579517185688 12.017615701144676 1.7529987795132909
leaf_count=369 589 66 209 45 37 600 86 73 57 120 848 167 1450 346
internal_value=0.00164472 -4.29919e-05 0.011299 -0.00962168 0.00123253 -0.00220061 -8.90277e-05 0.00445635 -0.00131067 0.00424513 0.00557027 0.0156011 0.0021764 0.0182778
internal_weight=48.4239 42.0658 6.35814 1.18602 40.6025 22.9395 21.7493 14.1319 10.8644 8.61834 17.663 3.55605 14.1069 2.08933
internal_count=5062 4439 623 254 3850 973 936 336 250 193 2877 233 2644 1194
is_linear=0
shrinkage=0.03


Tree=346
num_leaves=15
num_cat=0
split_feature=4 4 7 7 2 0 4 2 7 5 2 2 1 6
split_gain=0.482832 0.938313 0.80226 0.711022 0.705534 0.678446 0.705555 0.985878 0.946627 0.6701 0.971289 1.38592 1.41321 1.88001
threshold=36.08537673950196 36.094163894653327 -0.86818149007542045 -0.46856854824468003 30.850934982299808 25.081840515136722 36.226156234741218 29.435926437377933 -0.64933787470438042 221.15505981445315 31.283516883850101 29.435926437377933 5.7446515560150155 8.0834770202636737
decision_type=2 2 2 2 2 2 2 2 2 2 2 2 2 2
left_child=3 -2 -3 4 -1 -4 -7 -8 -9 -5 11 12 -11 -14
right_child=1 2 5 9 -6 6 7 8 -10 10 -12 -13 13 -15
leaf_value=-0.022620043614122766 0.025417192084205155 -0.017316499402426119 -0.010745237520887518 0.0069825486213837048 0.0034382266303030658 0.015935530027740299 0.012202483112101382 -0.021286829015069102 0.0034748022116935064 0.0039592980451065834 -0.020571604374851324 0.012307013631194175 -0.031716859986023478 -0.0032543814938978963
leaf_weight=1.6920219096646136 0.71677461781655338 0.7943820927903279 1.436347590497461 7.2276191309792983 1.0757530746632253 3.6501531861722452 2.7991908569820225 1.5026842104271039 2.6009579128585769 8.3934351152129327 1.5173633587546635 4.5703814365551798 2.1330831227241998 7.0915676667355001
leaf_count=1723 19 658 303 331 172 112 39 111 77 792 32 156 275 262
internal_value=-4.0807e-05 0.00455741 0.00162867 -0.00196107 -0.0142675 0.00412042 0.0068987 0.00070835 -0.00798677 -0.000447646 -0.00290396 -0.000860705 -0.00475415 -0.0122943
internal_weight=47.2017 13.5005 12.7837 33.7012 2.76777 11.9893 10.553 6.90283 4.10364 30.9334 23.7058 22.1885 17.6181 9.22465
internal_count=5062 1319 1300 3743 1895 642 339 227 188 1848 1517 1485 1329 537
is_linear=0
shrinkage=0.03


Tree=347
num_leaves=15
num_cat=0
split_feature=8 2 1 7 5 1 4 1 7 8 7 8 5 7
split_gain=0.792281 1.07928 0.773419 0.496656 0.658467 1.38719 0.761878 0.75719 1.2422 1.08673 1.89048 0.760411 0.702357 0.493408
threshold=3.5263450359702748 29.361582756042484 24.161375999450687 -0.8721508893123876 203.57675933837893 24.400812149047855 36.586656570434577 16.285915374755863 -0.23765864754263308 1.3659066999880378 -0.29034235845436052 0.67571740537862135 204.39053344726565 0.1762297520048994
decision_type=2 2 2 2 2 2 2 2 2 2 2 2 2 2
left_child=3 -2 -3 -1 6 7 -5 8 11 -9 12 -6 -11 -10
right_child=1 2 -4 4 5 -7 -8 9 13 10 -12 -13 -14 -15
leaf_value=-0.016659989529489147 -0.010777047036514886 0.028550715998947915 -0.006786168725153959 0.013321889725714842 0.0022417875610168361 -0.024155210680197214 -0.011616957581385584 0.013033535590525456 0.0018697603156546244 0.0055276385186392883 0.015577126711753899 -0.02418190790200735 -0.020749569758038128 -0.0083854953794285959
leaf_weight=0.72161774632695497 0.55377493120613452 1.5863064748700706 0.29148019199783437 4.4493617169791824 1.1422378085553604 1.3118002228147805 0.56429580459371198 6.7141626640222949 19.73170799460787 0.73184369597584042 1.9283463200554249 2.4972452180954861 2.871573475014884 4.3030067878717082
leaf_count=916 836 142 670 293 32 187 33 191 1019 6 34 263 208 275
internal_value=0.000161825 0.0140844 0.0226135 -0.000837568 -0.000243275 -0.00156084 0.00904997 -0.000246213 -0.00298082 0.00569213 -0.00384969 -0.0171932 -0.0153713 -0.000227884
internal_weight=49.3988 2.43156 1.87779 46.9672 46.2456 41.2319 5.01366 39.9201 27.6742 12.2459 5.53176 3.63948 3.60342 24.0347
internal_count=5105 1648 812 3457 2541 2215 326 2028 1589 439 248 295 214 1294
is_linear=0
shrinkage=0.03


Tree=348
num_leaves=15
num_cat=0
split_feature=4 4 4 7 4 4 4 2 8 2 8 2 7 7
split_gain=2.17866 0.916248 0.748299 1.11667 1.37334 1.01974 0.929067 1.28333 1.05364 1.02889 0.963497 0.866021 0.753329 0.654488
threshold=36.08537673950196 36.466094970703132 31.305315017700199 0.13303027820605126 29.331339836120609 32.154132843017585 34.120470046997077 23.848988533020023 1.5596088091532536 27.476711273193363 2.8311094832270411 19.357713699340824 -0.32414521592918327 -0.40078538600284003
decision_type=2 2 2 2 2 2 2 2 2 2 2 2 2 2
left_child=2 -2 3 -1 -5 11 7 -7 9 -8 -10 -4 13 -11
right_child=1 -3 5 4 -6 6 8 -9 10 12 -12 -13 -14 -15
leaf_value=0.011354146048088921 0.014235945676584512 -0.0036308776130939391 0.0064696996345734951 -0.018072341479314909 0.010019545437722526 -0.017603073335647236 0.012014768303266345 0.0094308207369159548 0.01595246494639526 -0.015672534129217545 -0.012911249440972716 -0.022907737007023511 -0.021746408016441988 0.0058744206445955818
leaf_weight=5.2639681299624481 9.8297974598099227 2.9325756070029447 0.6500023965563767 2.7890308589849155 1.8328600811073554 1.0144772749627033 0.6459932723082592 6.8663983523874776 1.9117084030003746 1.1151344749378043 0.72328728951106303 3.8044396345358109 5.3604951307643196 2.2819090052507809
leaf_count=571 665 628 91 180 109 580 26 631 160 81 791 365 151 33
internal_value=4.27313e-05 0.0101649 -0.00390933 0.00285042 -0.00713153 -0.00665532 -0.00332166 0.00436056 -0.00829946 -0.0127276 0.00665727 -0.0182207 -0.015597 -0.00315444
internal_weight=47.0221 12.7624 34.2597 9.88586 4.62189 24.3738 19.9194 7.88088 12.0385 9.40353 2.635 4.45444 8.75754 3.39704
internal_count=5062 1293 3769 860 289 2909 2453 1211 1242 291 951 456 265 114
is_linear=0
shrinkage=0.03


Tree=349
num_leaves=15
num_cat=0
split_feature=3 1 8 5 0 3 1 4 8 3 8 2 8 4
split_gain=0.857897 0.855498 0.613781 0.706753 0.544496 0.847257 0.997618 0.945564 0.932791 0.784516 0.964385 0.762145 0.747897 0.838468
threshold=7.6680140495300302 24.161375999450687 3.6645273918853696 298.60276794433599 29.332090377807621 9.5490527153015154 8.4223213195800799 34.992227554321296 0.88092774926627926 17.379912376403812 1.5596088091532536 28.121481895446781 0.70939638906846747 36.257423400878913
decision_type=2 2 2 2 2 2 2 2 2 2 2 2 2 2
left_child=1 2 3 -1 5 8 9 -8 -2 10 -7 -9 -13 -14
right_child=4 -3 -4 -5 -6 6 7 11 -10 -11 -12 12 13 -15
leaf_value=0.021554386616827573 0.0075304707971265133 -0.011320436678021862 -0.0080606371565391643 -0.0078820450075115876 0.010522920783692808 0.01910493355413281 -0.008396766687123346 0.017743919737908832 -0.023231613254217937 -0.011561863285234848 -0.0039571437225975658 0.013598889965179019 0.00033815904661469793 -0.017713953398953788
leaf_weight=3.9378122814669032 0.68698237091302816 0.60398942543542933 0.36256869602948416 0.34029268413723901 2.3230492486181893 4.2623529267730182 14.50165949224902 1.3533103009685898 2.0960131819301751 0.67030035238713015 1.9345075716264544 1.7983352690935124 11.095597731720771 1.9145491723611474
leaf_count=763 20 1331 510 197 226 568 619 35 138 30 42 118 286 120
internal_value=0.000290399 0.0106853 0.0150486 0.0181632 -0.00120383 -0.00211793 -0.000733903 -0.00309159 -0.0156547 0.00884854 0.012356 0.00188053 -0.000599912 -0.00339311
internal_weight=47.8813 5.24466 4.64067 4.2781 42.6367 40.3136 37.5306 30.6635 2.783 6.86716 6.19686 16.1618 14.8085 13.0101
internal_count=5003 2801 1470 960 2202 1976 1818 1178 158 640 610 559 524 406
is_linear=0
shrinkage=0.03


Tree=350
num_leaves=15
num_cat=0
split_feature=7 8 8 0 8 8 2 7 7 7 3 0 8 2
split_gain=1.27871 0.84405 1.11171 0.899528 0.851039 0.912099 0.970792 0.9707 1.09828 1.08244 1.4395 1.15465 0.844117 0.924271
threshold=0.1762297520048994 0.593983574881085 0.73457483851277716 27.926445007324222 0.79434007478810331 3.5263450359702748 29.361582756042484 -0.72497119973652457 -0.70655824933822109 -0.40078538600284003 24.795896530151371 26.370965957641605 1.1824498976111324 27.791882514953617
decision_type=2 2 2 2 2 2 2 2 2 2 2 2 2 2
left_child=1 3 -3 -1 -4 7 -7 -6 -9 10 -10 -12 13 -11
right_child=-2 2 4 -5 5 6 -8 8 9 12 11 -13 -14 -15
leaf_value=0.0172704459019404 -0.016079291101611215 -0.017483312460989383 0.016849786070238699 -0.011349092957882804 -0.017618229146197675 -0.01027942619536327 0.02183937958219476 0.015549079440865974 -0.028859737291369064 -0.0062477673715054596 0.013259780823484089 -0.015205050700575911 -0.0022143263198508437 0.02034377730698465
leaf_weight=3.361651207786053 3.89638386471779 2.5043755831429726 1.5756880328990508 0.52703735325485457 2.4103029008983787 0.51558746878436013 1.868989091744879 2.3621426060853947 1.9525597095489491 1.22090456285516 1.7877699080854657 1.3755092330538898 19.998847772498266 2.394696960458532
leaf_count=280 302 82 49 19 1175 822 785 44 230 119 32 147 830 134
internal_value=-0.00153853 8.30102e-05 -0.0013248 0.0118635 0.000181848 -0.000986934 0.0139094 -0.0024196 -0.000729126 -0.00254547 -0.0137944 0.00020308 0.000352921 0.0119562
internal_weight=47.7524 43.8561 39.9674 3.88869 37.463 35.8873 2.38458 33.5027 31.0924 28.7303 5.11584 3.16328 23.6144 3.6156
internal_count=5050 4748 4449 299 4367 4318 1607 2711 1536 1492 409 179 1083 253
is_linear=0
shrinkage=0.03


Tree=351
num_leaves=15
num_cat=0
split_feature=7 4 7 0 4 5 5 7 4 4 3 6 4 6
split_gain=0.856919 1.49235 1.06717 1.9799 1.15019 1.2501 1.03938 0.779234 0.847784 0.793683 0.749138 0.898224 0.854417 0.733285
threshold=0.1762297520048994 29.331339836120609 -0.07865518975439828 20.002093315124515 34.358655929565437 221.15505981445315 226.5815124511719 -0.11567463305101931 31.927421569824222 31.485753059387211 26.275712013244632 8.0178956985473651 32.183065414428718 7.945338487625123
decision_type=2 2 2 2 2 2 2 2 2 2 2 2 2 2
left_child=2 13 3 4 5 -1 -4 9 -9 -7 12 -12 -5 -2
right_child=1 -3 6 10 -6 7 -8 8 -10 -11 11 -13 -14 -15
leaf_value=0.014777639575545509 0.0016715848766801452 0.010882628253599683 -0.013335597174784388 -0.012064924372086951 -0.038531416210786498 -0.019473660814829485 0.015176676116849714 0.0049553791685255496 -0.035576592449880838 0.0055904326883782062 0.009789613984455799 -0.011588412811857884 0.0080422542994093467 -0.02742260022670652
leaf_weight=1.0458669294603158 0.91024691969505456 1.3978055211482567 0.54506327339913507 1.2031218906340715 0.41917091273353424 0.68550193090050004 7.6908387215080438 0.32810753511148527 0.84737110897549428 2.6033158366117277 1.7642543514812121 4.2744910456676735 20.831824191613123 1.9561876344960181
leaf_count=60 86 131 10 190 58 134 454 52 31 645 173 288 2597 63
internal_value=0.00164577 -0.00983595 0.00300558 0.00053322 -0.0138931 -0.0063881 0.0120501 -0.0131436 -0.0271857 -0.00295625 0.00395322 -0.00483921 0.00646828 -0.0201408
internal_weight=46.5032 4.26424 42.2389 34.003 5.92933 5.51016 8.2359 4.4643 1.17548 3.28882 28.0737 6.03875 22.0349 2.86643
internal_count=4972 280 4692 4228 980 922 464 862 83 779 3248 461 2787 149
is_linear=0
shrinkage=0.03


Tree=352
num_leaves=15
num_cat=0
split_feature=1 1 1 8 2 4 1 1 6 6 6 1 7 8
split_gain=1.02734 0.991506 0.865712 1.21913 1.23823 1.16422 1.24322 1.55208 1.4292 1.07324 1.62283 0.993513 0.949364 0.897288
threshold=3.6357250213623051 4.8795616626739511 11.5883846282959 0.67571740537862135 27.699374198913578 36.226156234741218 22.855208396911625 21.778222084045414 8.0196533203125018 8.0384922027587908 8.0491580963134783 10.856526374816896 -0.27005845596702188 1.3552118459949656
decision_type=2 2 2 2 2 2 2 2 2 2 2 2 2 2
left_child=-1 -2 3 -3 11 9 7 -7 -8 -4 -11 -5 13 -12
right_child=1 2 5 4 -6 6 8 -9 -10 10 12 -13 -14 -15
leaf_value=-0.013621103700480669 0.016898352675200127 -0.028773930613348746 0.012793914789675356 -0.0018029358784116619 0.01502493076841227 -0.01703427872010117 0.0063121253008335031 0.017874676130357592 -0.027098407292911429 -0.016998608291325917 0.0084754618072613291 -0.029874695687477134 0.013389308710908692 -0.015728611443952694
leaf_weight=2.5238754931051508 3.3346256437362163 0.75316872890107234 12.68071697561391 5.7085876078126585 2.0573058123700321 0.83610754433902856 1.2761657096561978 2.2632476555882022 2.3298572553030681 2.5811451698245937 1.7605536305345588 0.46468724140140683 5.575607281891279 1.8811883139569543
leaf_count=348 316 52 2243 438 64 298 27 117 529 154 35 58 252 78
internal_value=0.00204886 0.00324362 0.00172712 -0.00604602 -0.0010743 0.0040847 -0.00633501 0.00659926 -0.0164711 0.0070755 0.000410066 -0.00778616 0.00647161 -0.00472239
internal_weight=46.0268 43.503 40.1683 8.98375 8.23058 31.1846 6.70538 3.09936 3.60602 24.4792 11.7985 6.17327 9.21735 3.64174
internal_count=5009 4661 4345 612 560 3733 971 415 556 2762 519 496 365 113
is_linear=0
shrinkage=0.03


Tree=353
num_leaves=15
num_cat=0
split_feature=4 0 3 4 0 0 8 6 0 3 8 2 6 2
split_gain=1.09702 1.21711 0.973863 0.915321 0.814887 2.27119 0.933766 0.796941 0.962695 0.734015 1.17583 0.670566 0.871462 0.72057
threshold=36.08537673950196 23.963550567626957 8.9611806869506854 36.466094970703132 15.947686195373537 16.480623245239261 1.8086429447539116 8.0231103897094744 26.18913555145264 10.726224422454836 1.5079081476808656 31.322996139526371 8.0731058120727557 27.136930465698246
decision_type=2 2 2 2 2 2 2 2 2 2 2 2 2 2
left_child=1 2 -1 7 6 -6 9 -2 -9 10 -4 12 -7 -14
right_child=3 -3 4 -5 5 11 -8 8 -10 -11 -12 -13 13 -15
leaf_value=-0.01286746583738973 0.023026766204001105 -0.015098005397655165 0.017112177680191992 -0.0072125477482197385 -0.028220716328498069 0.011857149239156916 -0.013862478838057579 0.012233472682823857 -0.0075114706492226966 0.021066880251505316 -0.01169496789477513 -0.012626752149056571 0.013740113565349498 -0.0059549785689464868
leaf_weight=4.0066380505959414 2.3420175975188595 5.6055749939841908 1.3187930451240419 2.6077530254697185 1.5538876116042981 6.3496032820548889 0.5323917053756303 4.4278228633338585 2.8958014697855106 3.3443484215531498 1.844937454909086 1.4510944774374355 1.1170991859398762 7.1910030378494412
leaf_count=928 168 1668 67 626 86 184 18 133 369 353 32 23 80 258
internal_value=-0.000734594 -0.00348378 -0.000784256 0.00663528 0.00159991 -0.00190565 0.00953766 0.0106973 0.00446175 0.0130433 0.00153904 0.00213387 0.00430825 -0.00211515
internal_weight=46.5888 34.3154 28.7098 12.2734 24.7032 17.6627 7.04047 9.66564 7.32362 6.50808 3.16373 16.1088 14.6577 8.3081
internal_count=4993 3697 2029 1296 1101 631 470 670 502 452 99 545 522 338
is_linear=0
shrinkage=0.03


Tree=354
num_leaves=15
num_cat=0
split_feature=6 4 4 4 1 4 3 8 4 4 6 4 0 3
split_gain=1.30818 1.01596 1.12105 0.929587 1.42833 0.792185 0.738666 0.736259 1.37152 0.638302 0.612326 1.08182 0.734877 1.04674
threshold=8.0231103897094744 36.226156234741218 36.211683273315437 34.686437606811531 26.046833992004398 34.005607604980476 2.1476731300354008 0.79434007478810331 30.744473457336429 36.547067642211921 8.1111340522766131 32.183065414428718 14.070539951324465 9.5490527153015154
decision_type=2 2 2 2 2 2 2 2 2 2 2 2 2 2
left_child=3 2 10 5 9 7 -3 -1 -9 -5 11 12 13 -2
right_child=1 6 -4 4 -6 -7 -8 8 -10 -11 -12 -13 -14 -15
leaf_value=0.011378437632169329 -0.017021453826683876 0.0029737285336255462 0.015805078812119493 0.024678012163151176 -0.017471171179080265 -0.017800213339314867 -0.024000557059887614 -0.018882404945960444 0.0058166597782205549 -0.0016346001379333455 0.012586837419727241 -0.0028252162878268212 -0.024085518032991596 0.014767717601371381
leaf_weight=3.9366467224899697 0.78982119717694732 0.91045925725484167 1.4873312080453605 3.2247698758728793 0.32292539412446775 1.0396272303914873 3.1686946263798745 2.1889970162737882 4.6688203478624928 0.88485852349549521 0.71723748766817053 19.839096770112519 3.3463703465386061 0.94682616577483714
leaf_count=113 16 553 32 150 412 167 368 264 967 12 140 1375 369 129
internal_value=-0.00264128 -0.00617023 -0.00370992 0.00409391 0.0143698 -0.000574782 -0.0185798 0.00245276 -0.00346691 0.0198014 -0.00539278 -0.00637582 -0.0174913 -0.000626745
internal_weight=47.4725 31.2058 27.1267 16.2666 4.43255 11.8341 4.07915 10.7945 6.85782 4.10963 25.6394 24.9221 5.08302 1.73665
internal_count=5067 2982 2061 2085 574 1511 921 1344 1231 162 2029 1889 514 145
is_linear=0
shrinkage=0.03


Tree=355
num_leaves=15
num_cat=0
split_feature=3 2 2 8 8 2 8 8 5 7 5 5 2 7
split_gain=1.16117 0.818101 1.16559 0.62821 0.894383 0.930509 1.00026 0.911522 1.0687 0.73068 1.66319 0.704903 0.659465 1.24628
threshold=26.275712013244632 21.112796783447269 16.427570343017582 3.5434727839065157 3.5263450359702748 28.167332649230961 1.7330639496180922 1.1824498976111324 223.52202606201175 -0.015880024807179791 242.08306884765628 221.15505981445315 30.715359687805179 -0.33738634879116763
decision_type=2 2 2 2 2 2 2 2 2 2 2 2 2 2
left_child=1 2 -1 4 5 6 -3 9 12 -7 -11 -8 13 -9
right_child=-2 3 -4 -5 -6 7 11 8 -10 10 -12 -13 -14 -15
leaf_value=0.0099176723591727842 -0.012578656933225322 0.01566657774596877 -0.015656768030217257 -0.013580037754400231 0.023946934629190227 0.011498077801196419 0.0094641536909165196 -0.012628155915161728 -0.019722680980284776 -0.019778272400000064 0.016072940782008115 -0.013839734728067238 0.011499363948759068 0.0074080580208886453
leaf_weight=1.5933556458039664 4.3313481593650058 7.5411190564045665 3.7921605724113761 0.82077026985643797 1.0831787673960196 6.9374038043897599 1.2135302014648917 5.3393432081211278 2.3245123571250579 1.6759243234992047 1.1110639914404599 1.5738025463069787 2.2185046315425998 4.1153725974727484
leaf_count=141 480 611 670 1293 64 330 67 910 33 14 74 38 283 56
internal_value=0.000631677 0.00228017 -0.00772212 0.0039468 0.00472075 0.00344338 0.0105168 6.28568e-05 -0.00471516 0.00673891 -0.00501564 -0.00387385 -0.000406249 -0.00403256
internal_weight=45.6714 41.34 5.38552 35.9545 35.1338 34.0506 10.3285 23.7221 13.9977 9.72439 2.78699 2.78733 11.6732 9.45472
internal_count=5064 4584 811 3773 2480 2416 716 1700 1282 418 88 105 1249 966
is_linear=0
shrinkage=0.03


Tree=356
num_leaves=15
num_cat=0
split_feature=0 1 0 1 8 2 1 1 6 8 6 8 2 7
split_gain=0.606366 1.49172 0.988565 1.20714 1.73571 0.973438 0.867627 0.915101 0.865251 1.21672 1.18949 1.13886 0.932855 0.826892
threshold=16.43310642242432 4.575158119201661 17.873679161071781 11.0334849357605 0.94882348896430535 16.427570343017582 3.6357250213623051 3.4923124313354497 8.0478301048278826 1.2510358432231932 7.981957435607911 1.5915460457665875 28.254714012146 -0.32414521592918327
decision_type=2 2 2 2 2 2 2 2 2 2 2 2 2 2
left_child=1 6 -2 4 -4 -3 7 -1 10 -10 -5 12 -11 -12
right_child=2 5 3 8 -6 -7 -8 -9 9 11 13 -13 -14 -15
leaf_value=0.0042826093931402232 0.018127923071131476 0.010140924879641074 -0.03830297788453367 0.016228489920207288 0.010582504711377486 -0.018213098491451703 0.017658620618525314 -0.025462256991462203 0.020507616023801651 0.0084457542285932118 -0.0007570774301490597 0.011174722195290587 -0.015570746626200505 -0.01560927116304105
leaf_weight=2.75735936834826 2.3437708447454488 0.64387185874511477 0.58545652031898388 1.9362489935592773 0.53236643224954605 5.4434992099850206 2.055995358445216 0.2631210759282111 3.706614915514364 1.440787554718552 14.298116659017976 4.4879352807765827 3.2470939703052863 3.4619610450754434
leaf_count=315 312 37 13 102 30 531 215 20 178 33 2573 477 34 129
internal_value=0.000665193 -0.00516215 0.0025609 0.000986873 -0.0210175 -0.0142064 0.00623619 -0.00399719 0.00234531 0.00809163 -0.00162246 0.00155369 -0.0080023 -0.00432993
internal_weight=47.2042 11.1638 36.0404 33.6966 1.11782 6.08737 5.07648 3.02048 32.5788 12.8824 19.6963 9.17582 4.68788 17.7601
internal_count=4999 1118 3881 3569 43 568 550 335 3526 722 2804 544 67 2702
is_linear=0
shrinkage=0.03


Tree=357
num_leaves=15
num_cat=0
split_feature=8 7 5 1 1 1 2 4 4 5 5 8 8 4
split_gain=0.939686 1.05141 1.23493 0.742485 0.869294 2.0964 1.34388 1.14013 1.09782 1.12343 1.3344 1.35216 1.22683 0.801121
threshold=1.6192785678416544 -0.07865518975439828 221.15505981445315 26.046833992004398 11.798156738281252 10.856526374816896 28.628553390502933 25.724853515625004 32.488655090332038 237.82936096191409 279.47726440429693 1.37651353431265 1.5079081476808656 34.686437606811531
decision_type=2 2 2 2 2 2 2 2 2 2 2 2 2 2
left_child=3 2 -2 4 5 8 -7 -6 9 -1 12 -12 -11 -9
right_child=1 -3 -4 -5 7 6 -8 13 -10 10 11 -13 -14 -15
leaf_value=-0.025574748473059506 0.0058152774682558583 0.018767942014537853 -0.016154432013262943 -0.021799476635727736 0.018494407043957235 -0.041417462347147188 -0.00095114484228515678 -0.0097113941628273175 0.017211946389999701 0.022017247478327864 0.0014670997357119123 -0.031731116310621484 -0.010483349648469477 0.0030403386202307501
leaf_weight=0.97006459580734539 8.8812915886664978 3.0271795848675529 2.0041886251783572 0.8754864687070939 2.0630512721836594 1.321076383814215 1.1538670924492178 5.6449373501818654 1.4146911525167523 2.2107044974109162 2.7854065516148698 0.74411078862613056 0.83586132153868664 12.409355103300184
leaf_count=54 2517 130 717 161 33 20 37 212 71 367 217 48 27 358
internal_value=-0.000609041 0.00566722 0.000751462 -0.00339069 -0.00222595 -0.00847138 -0.0282542 0.00155733 -0.000719466 -0.00570175 0.000218568 -0.0109921 0.0127132 -0.0012471
internal_weight=46.3413 13.9127 10.8855 32.4286 31.5531 11.4358 2.47494 20.1173 8.96084 7.54615 6.57608 3.52952 3.04657 18.0543
internal_count=4969 3364 3234 1605 1444 841 57 603 784 713 659 265 394 570
is_linear=0
shrinkage=0.03


Tree=358
num_leaves=15
num_cat=0
split_feature=8 3 5 1 6 1 7 5 8 7 5 5 7 5
split_gain=0.688497 0.890544 0.872419 0.685006 0.55712 1.32654 0.863791 1.1426 1.33218 0.837357 0.835559 1.24974 0.825414 0.770369
threshold=3.5263450359702748 7.3443951606750497 210.8159103393555 24.161375999450687 8.0196533203125018 24.514926910400394 -0.45708148150874789 235.84796142578128 0.593983574881085 -0.11567463305101931 239.14064788818362 274.24755859375006 0.30197562256089677 297.33053588867193
decision_type=2 2 2 2 2 2 2 2 2 2 2 2 2 2
left_child=1 -1 3 -2 6 9 -3 8 -8 -6 -11 -12 -13 -9
right_child=2 4 -4 -5 5 -7 7 13 -10 10 11 12 -14 -15
leaf_value=-0.018014533816917436 0.026040503650544906 0.016555058387214817 -0.010066455663432032 -0.0067505385693906548 0.0025529354794422746 -0.023461199354213619 0.012029558864717998 0.012556879553503743 -0.023979151844259014 -0.016097044699541218 0.014887634930783022 -0.023357654576795742 0.0090707698234715854 -0.0086217325960716538
leaf_weight=1.6622579423928971 1.5800447367946611 3.0966231100610448 0.49975011251081003 0.28953278675908212 22.087497817527037 1.4417394692572987 0.63429966848343466 4.3791191987111233 1.8888637687196022 4.1577184670604828 2.0158312696148646 1.0275990673108024 0.43036150652915228 1.3612295037601141
leaf_count=1184 133 290 815 684 788 359 21 172 76 97 277 68 87 35
internal_value=-0.000211088 -0.00118233 0.012876 0.0203795 -0.0001255 -0.00220319 0.00529074 -0.000261838 -0.0140818 -0.000441747 -0.00840072 0.00234993 -0.0139894 0.00700069
internal_weight=46.5525 44.1831 2.36933 1.86958 42.5209 31.1607 11.3601 8.26351 2.52316 29.719 7.63151 3.47379 1.45796 5.74035
internal_count=5086 3454 1632 817 2270 1676 594 304 97 1317 529 432 155 207
is_linear=0
shrinkage=0.03


Tree=359
num_leaves=15
num_cat=0
split_feature=6 4 4 5 5 1 2 0 6 7 4 6 7 0
split_gain=0.835827 0.407388 0.566727 1.86239 1.82594 1.58908 1.19193 1.20554 0.90142 0.642833 0.5871 1.05746 0.816091 0.788703
threshold=7.9795942306518564 14.994304180145265 31.892121315002445 230.88471221923831 227.14627838134768 4.1403057575225839 28.628553390502933 16.014825820922855 8.0915975570678729 -0.0017263110063480312 36.257423400878913 8.0204968452453631 -0.86275799212702931 20.002093315124515
decision_type=2 2 2 2 2 2 2 2 2 2 2 2 2 2
left_child=-1 -2 3 -3 10 9 7 8 -6 -5 13 -12 -13 -4
right_child=1 2 4 5 6 -7 -8 -9 -10 -11 11 12 -14 -15
leaf_value=-0.01418864375278687 -0.014582638865076903 -0.014547191274601298 -0.0073838399329927123 -0.017263353795877387 -0.015068728775867958 0.024149689745384867 0.007230880078021449 -0.038041061475250999 0.013007779425800831 0.0055306248213844063 0.0081977083133891997 0.0047393023921204827 -0.024276819281107597 0.0062370014708564969
leaf_weight=2.7820748043159247 0.56173054175451298 1.8658211570727852 3.7379902469983852 0.65748725766025051 1.7259740669105665 4.1635705975204473 1.0662075243890283 1.3987863125803413 0.72822531778365363 2.4691945346421562 1.8865831831644744 0.84371902653947461 1.8939252787677108 21.346929913677741
leaf_count=242 41 325 145 169 334 310 22 350 76 131 54 459 402 2001
internal_value=-0.000648764 0.000494831 0.00100957 0.00724512 -0.000796253 0.0139045 -0.016034 -0.0226353 -0.00538376 -0.0022844 0.00216676 -0.00673052 -0.0164589 0.00400205
internal_weight=47.1282 44.3461 43.7844 9.15607 34.6283 7.29025 4.91919 3.85299 2.4542 3.12668 29.7091 4.62423 2.73764 25.0849
internal_count=5061 4819 4778 935 3843 610 782 760 410 300 3061 915 861 2146
is_linear=0
shrinkage=0.03


Tree=360
num_leaves=15
num_cat=0
split_feature=8 5 4 7 2 7 4 4 3 1 5 1 2 1
split_gain=0.813193 0.547504 0.691278 0.63969 1.02941 0.509621 1.32932 0.891228 0.851015 0.635362 0.736159 0.60446 0.966813 0.897876
threshold=1.8972533837704895 199.86756134033206 36.596691131591804 -0.33738634879116763 25.772239685058597 0.1762297520048994 29.331339836120609 31.305315017700199 24.255983352661136 27.240937232971195 298.60276794433599 4.8299019336700448 24.717667579650882 4.1403057575225839
decision_type=2 2 2 2 2 2 2 2 2 2 2 2 2 2
left_child=5 -2 3 -3 -5 7 8 9 -7 10 -1 13 -13 -9
right_child=1 2 -4 4 -6 6 -8 11 -10 -11 -12 12 -14 -15
leaf_value=0.018841580362188418 0.0090611156046653818 -0.02229785424970418 0.0093861689913946698 -0.017358348972624938 0.010491990695096837 -0.024485697941823086 0.012666366747451018 -0.0074562077559926993 0.0042204106032325888 -0.0092879595691330065 -0.0090306806545443642 -0.014396342861212967 0.0016017596574446683 0.023956073483763385
leaf_weight=5.0081045785918823 0.6457948263414427 2.9736896228350802 0.59350150068348728 1.1891809550725172 1.6628114584891589 2.0203749706852245 1.2983331987634299 0.70323301016469741 0.96945973194669921 0.39520900014031202 0.38936191145330656 2.9007802236301385 25.518902355077444 1.2198626202298326
leaf_count=290 570 1747 280 287 148 127 111 71 21 104 78 99 1061 30
internal_value=0.000189036 -0.0085304 -0.0112829 -0.0144553 -0.00261225 0.0018821 -0.00690835 0.0030832 -0.0164528 0.0129105 0.0157336 0.000855045 -0.000464997 0.0138482
internal_weight=47.4886 7.06498 6.41918 5.82568 2.85199 40.4236 4.28817 36.1355 2.98983 5.79268 5.39747 30.3428 28.4197 1.9231
internal_count=5024 3032 2462 2182 435 1992 259 1733 148 472 368 1261 1160 101
is_linear=0
shrinkage=0.03


Tree=361
num_leaves=15
num_cat=0
split_feature=7 1 0 1 0 1 4 8 7 4 4 7 3 5
split_gain=0.693243 0.755774 0.944798 0.867973 0.857483 1.28248 0.942012 1.14524 0.830315 0.714638 0.638011 0.613935 0.601993 0.660966
threshold=0.18177144402117329 4.7317545413970956 14.17568874359131 6.8716635704040536 20.002093315124515 10.856526374816896 32.488655090332038 1.7330639496180922 -0.8721508893123876 23.282137870788578 31.371745109558109 -0.14205113077204823 28.135394096374515 201.12373352050784
decision_type=2 2 2 2 2 2 2 2 2 2 2 2 2 2
left_child=1 -1 10 -4 5 6 -5 -8 -6 -2 -3 -7 13 -10
right_child=9 2 3 4 8 11 7 -9 12 -11 -12 -13 -14 -15
leaf_value=0.0094003031126092002 0.0041635945899164582 0.0068852780231339755 0.015620694602783446 -0.021324444474559473 -0.018815066776632174 -0.039933997615101878 0.018766071534493022 -0.0087625751720970535 0.015837633418598913 -0.021091061283248773 -0.023648498898063596 0.0027622452065674016 -0.015347727908923236 0.00043889543630572247
leaf_weight=4.1921555304143103 1.0421698779100546 0.30455118953250293 1.5396532648883283 0.74528102080512226 1.0597833488427522 0.66192093842983002 1.5544442450627687 2.0202620911004487 1.7867410103790593 2.2902067038521636 1.8594123648290404 0.22133766695333179 0.93483789585297827 25.803611810872098
leaf_count=389 88 43 210 37 1631 434 82 49 116 181 170 35 181 1375
internal_value=-0.00260209 -0.00140669 -0.00279191 -0.00138285 -0.00255084 -0.0126932 -0.00295969 0.00469355 -0.000410364 -0.0140549 -0.0185333 -0.0334492 0.000887513 0.00195518
internal_weight=46.0164 42.684 38.4918 36.3279 34.7882 5.20325 4.31999 3.57471 29.585 3.33238 2.16396 0.883259 28.5252 27.5904
internal_count=5021 4752 4363 4150 3940 637 168 131 3303 269 213 469 1672 1491
is_linear=0
shrinkage=0.03


Tree=362
num_leaves=15
num_cat=0
split_feature=1 0 4 1 8 1 8 4 5 8 4 0 8 2
split_gain=1.17528 1.81372 2.06535 1.35532 1.11103 0.986585 0.901637 0.874904 1.27212 1.01201 1.04538 1.07639 0.779695 0.901368
threshold=11.140934467315676 23.62601470947266 35.630462646484382 10.856526374816896 1.7330639496180922 15.681722164154055 0.79434007478810331 32.539915084838874 237.82936096191409 1.5079081476808656 14.994304180145265 10.537119388580324 3.5263450359702748 29.835988044738773
decision_type=2 2 2 2 2 2 2 2 2 2 2 2 2 2
left_child=3 2 -2 4 7 -3 -7 8 -1 10 -10 -12 13 -8
right_child=1 5 -4 -5 -6 6 12 -9 9 -11 11 -13 -14 -15
leaf_value=-0.025269445834770247 0.016716761170996033 -0.022293303893706318 -0.01597544267183728 -0.031935461152451272 -0.021623031446869074 0.011112494755503077 0.0023477064271343845 0.016113336093620156 -0.014381832765347791 -0.0097007175724677461 -0.0063222088271025108 0.021608186414677388 0.011190569600249594 -0.012726963839180839
leaf_weight=0.98019977705552719 9.5930651339804189 1.1107369163073624 1.2581236442783836 0.84079171292251054 1.578115711403371 3.606575530953708 5.6609302875149279 1.5139306490309525 0.59094944363459756 3.4616526976751629 1.2212612595176322 3.2801961448858492 1.7054100580862712 7.5649853476643329
leaf_count=53 742 19 183 40 304 178 148 82 35 97 92 497 1002 1526
internal_value=-0.000661214 0.00260475 0.0118981 -0.00772663 -0.0038892 -0.0028553 -0.000609212 0.000228354 -0.00358417 0.00128553 0.00912008 0.0142588 -0.00396033 -0.00656326
internal_weight=43.9669 30.4998 10.8512 13.4671 12.6263 19.6486 18.5379 11.0482 9.53426 8.55406 5.09241 4.50146 14.9313 13.2259
internal_count=4998 3798 925 1200 1160 2873 2854 856 774 721 624 589 2676 1674
is_linear=0
shrinkage=0.03


Tree=363
num_leaves=15
num_cat=0
split_feature=2 8 3 6 8 4 2 5 4 6 8 8 8 4
split_gain=0.664777 1.52461 1.5484 0.845007 0.758469 0.658929 0.640415 1.23232 0.963823 0.823807 0.750029 0.741818 1.7138 0.663312
threshold=29.097317695617679 1.5915460457665875 9.5490527153015154 8.1111340522766131 1.8086429447539116 31.55373573303223 27.476711273193363 232.93408203125003 31.693459510803226 8.0308041572570819 1.288162388207748 0.76195704406054976 1.3308262662586572 31.201869964599613
decision_type=2 2 2 2 2 2 2 2 2 2 2 2 2 2
left_child=1 3 5 6 -4 -3 7 -1 9 13 -10 -8 -13 -9
right_child=-2 2 4 -5 -6 -7 11 8 10 -11 -12 12 -14 -15
leaf_value=0.016107663713273941 0.0014883317464297022 0.0046282495974062409 0.020506738504831718 0.011810953562322934 -0.0015788702396578073 -0.019345983615224029 -0.035556711416538822 -0.015962857378221777 0.0037406722372099817 0.015087042480111279 -0.032227770028507421 0.0020093524247773663 -0.024281391313238823 0.0069475321832909191
leaf_weight=1.1220862120389981 22.152230495215917 1.1632466157461734 3.3239024535287172 0.6451178577262916 1.8703370532020924 1.6668234267053774 0.95688797649927249 2.1244453223189343 0.43806109146680672 0.97014399641193438 1.15131518128328 4.2031450003851205 3.4413536321371794 1.0753406183794139
leaf_count=67 2869 132 66 135 52 981 63 155 33 192 56 105 52 80
internal_value=-0.00224136 -0.00558537 0.00471581 -0.0106867 0.0135831 -0.0108563 -0.0122838 -0.00450477 -0.0103096 -0.0011089 -0.0246981 -0.01739 -0.0112658 -0.00844247
internal_weight=46.3044 24.1522 8.02431 16.1279 5.19424 2.83007 15.4828 6.88139 5.75931 4.16993 1.58938 8.60139 7.6445 3.19979
internal_count=5038 2169 1231 938 118 1113 803 583 516 427 89 220 157 235
is_linear=0
shrinkage=0.03


Tree=364
num_leaves=15
num_cat=0
split_feature=7 7 7 4 6 4 5 3 3 4 6 8 6 3
split_gain=0.829085 0.506424 1.07764 1.09338 0.926816 1.18485 0.902797 0.679485 1.14635 0.654003 0.639858 0.626043 0.534909 1.17834
threshold=-0.86818149007542045 -0.07865518975439828 0.13303027820605126 29.331339836120609 8.0871086120605487 35.047506332397468 228.12010192871097 10.322763442993166 7.6680140495300302 31.169051170349125 8.1123166084289569 0.70939638906846747 8.0143451690673846 30.460403442382816
decision_type=2 2 2 2 2 2 2 2 2 2 2 2 2 2
left_child=-1 4 6 10 12 -6 -3 8 -8 -5 11 -4 13 -2
right_child=1 2 3 9 5 -7 7 -9 -10 -11 -12 -13 -14 -15
leaf_value=-0.019347426477029653 -0.017483305621433107 -0.0064672289533723283 0.0024852988821068068 0.01798036282137068 -0.022363484111715581 0.0077396260324261636 0.018952798254484621 0.0232262930096768 -0.011048947378505642 -0.0073859510312611135 0.0075625081481730406 -0.027728563978379139 0.0014592265208994996 0.0148010535392288
leaf_weight=1.1768197346173099 2.7648801893956327 1.5274683317402358 0.60506340774009082 1.1654294279869648 2.9107213797979048 1.0928664910607038 1.0638352476235016 3.3284276104532182 1.6125559649663044 0.84758854913525272 0.33416690607555199 1.6395194891374556 24.407940966753813 0.5439590872847474
leaf_count=1822 592 21 33 90 151 27 57 265 63 90 38 98 1710 13
internal_value=-0.00127452 -0.000368809 0.0046186 -0.0060486 -0.00235797 -0.0142417 0.0110682 0.0158152 0.00278791 0.00839325 -0.0165173 -0.0213282 -0.000205259 -0.0099726
internal_weight=45.0212 43.8444 12.1241 4.59177 31.7204 4.00359 7.53229 6.00482 2.67639 2.01302 2.57875 2.24458 27.7168 3.30884
internal_count=5070 3248 755 349 2493 178 406 385 120 180 169 131 2315 605
is_linear=0
shrinkage=0.03


Tree=365
num_leaves=15
num_cat=0
split_feature=3 7 5 2 8 8 3 4 0 0 2 7 3 2
split_gain=0.573682 0.864792 0.671505 0.628456 0.624217 0.587887 0.802979 0.643579 0.70226 0.909073 0.604696 0.554929 0.511979 1.02441
threshold=26.275712013244632 -0.47774201667303767 203.07353210449222 30.664455413818363 0.63076774951037862 1.8972533837704895 2.1476731300354008 28.436931610107425 16.480623245239261 23.381139755249027 29.361582756042484 0.45215633650867643 8.9611806869506854 18.224842071533207
decision_type=2 2 2 2 2 2 2 2 2 2 2 2 2 2
left_child=2 4 3 -1 -2 7 10 8 11 -10 -7 -4 13 -9
right_child=1 -3 5 -5 -6 6 -8 12 9 -11 -12 -13 -14 -15
leaf_value=-0.005467278858068924 0.0032681907221729133 0.007562009519056459 -0.029488770608970493 0.020759556513981675 -0.019864772157581725 -0.0098024964961116717 -0.014165475092701442 0.0077808034231947086 0.015815485899004621 -0.010618659298933851 0.016251735919718315 0.0046505006175480614 0.0049513825026776814 -0.020625424313339934
leaf_weight=0.66768614439933971 1.0822006637463344 1.6508308957272664 0.6453963825188106 1.8397207014932062 2.9924467581440695 0.48184548666176752 3.8843659251651843 1.540907354938102 1.0503353914245965 1.734665162861347 1.0480343495291888 0.25527290091849864 26.212501192785567 1.2399556725140426
leaf_count=920 71 65 66 400 362 941 648 53 69 24 206 39 1168 52
internal_value=0.000337223 -0.00779995 0.00164463 0.0142081 -0.0142875 0.000475382 -0.00786235 0.00204921 -0.0083861 0.000895263 0.00741471 -0.0224569 0.00361112 -0.0069904
internal_weight=46.3262 5.72548 40.6007 2.50741 4.07465 38.0933 5.41425 32.679 3.68567 2.785 1.52988 0.900669 28.9934 2.78086
internal_count=5084 498 4586 1320 433 3266 1795 1471 198 93 1147 105 1273 105
is_linear=0
shrinkage=0.03


Tree=366
num_leaves=15
num_cat=0
split_feature=1 1 3 6 1 1 7 7 1 1 6 4 7 1
split_gain=0.648467 0.83908 0.804281 0.800889 1.08629 1.30718 1.19059 0.981154 0.553704 1.72953 0.881432 0.737921 0.994004 0.89993
threshold=3.6357250213623051 3.0808253288269047 10.961112976074221 8.0276145935058612 22.688650131225589 21.912405967712406 -0.33738634879116763 -0.34614637421864286 11.798156738281252 10.856526374816896 8.0881237983703631 35.69995307922364 -0.065928167306454996 17.949662208557132
decision_type=2 2 2 2 2 2 2 2 2 2 2 2 2 2
left_child=1 -1 -3 -2 5 7 -6 -5 9 -9 -11 12 -10 -13
right_child=3 2 -4 4 6 -7 -8 8 11 10 -12 13 -14 -15
leaf_value=0.002600592593724505 0.006791300218881813 -0.032137094528461356 0.0064727383111214658 -0.01595459247482478 -0.027391445280788532 0.017804784168330562 0.01004006925096141 0.0032791427318691088 0.015997463181990509 -0.0016114998058976934 -0.035130155936949667 -0.021122665687360861 -0.011014258271678184 0.0060727092173787989
leaf_weight=1.8739323637855698 17.805276400293224 0.79418016169802264 0.27189700421877205 2.7156143488682636 1.5680975240320552 2.5194225893937974 0.48691714461892743 8.1600813543191233 5.2089562458277214 1.2673898885550436 0.94480745960026968 0.82340416259830851 0.77812464861199071 1.950546169246081
leaf_count=270 2236 28 49 320 899 117 9 603 290 49 17 19 11 105
internal_value=0.00105739 -0.010648 -0.0239232 0.0020537 -0.00126995 0.000811596 -0.0181391 -0.00184139 0.000854673 -0.00368775 -0.0224069 0.00605935 0.0114129 -0.00545777
internal_weight=47.1686 2.94001 1.06608 44.2286 26.4234 24.3683 2.05501 21.8489 19.1333 10.3723 2.2122 8.76103 5.98708 2.77395
internal_count=5022 347 77 4675 2439 1531 908 1414 1094 669 66 425 301 124
is_linear=0
shrinkage=0.03


Tree=367
num_leaves=15
num_cat=0
split_feature=8 8 1 1 5 1 4 6 3 1 3 8 4 3
split_gain=0.956801 1.22092 0.933588 1.40151 1.00364 0.745406 0.693854 0.851008 0.619211 1.49596 0.755453 0.584529 0.65778 0.647214
threshold=0.76195704406054976 0.65843105020299408 3.6357250213623051 4.8795616626739511 259.06243896484381 3.0808253288269047 31.815826416015629 8.0308041572570819 23.548137664794925 10.856526374816896 27.94676494598389 1.0249685865470306 32.031894683837898 19.727329254150394
decision_type=2 2 2 2 2 2 2 2 2 2 2 2 2 2
left_child=1 8 5 -4 11 -2 7 -6 9 -1 -10 13 -13 -5
right_child=2 -3 3 4 6 -7 -8 -9 10 -11 -12 12 -14 -15
leaf_value=0.012735520128672725 0.0032096634406386247 -0.021027167236481969 0.020982477894596552 -0.0083658867874803634 -0.015321727254589182 -0.023713327060775863 -0.024006403988752166 0.015003422462971202 0.016632819662969534 -0.022186806355361275 -0.010797561544370813 -0.012139682374989209 0.0033720545196093674 0.01804309333380576
leaf_weight=1.123272651981096 1.2980365120165509 2.736597566108685 3.0154064634989473 0.42204212606884839 0.51487332473334324 1.0679812864400444 1.1271995457209412 0.8651797384081874 2.101705265231431 1.4727873718366025 0.48770133696962137 1.7229969877298597 26.428745581644762 3.12446523248218
leaf_count=167 253 76 222 32 16 62 265 37 160 56 17 401 3186 144
internal_value=0.000976895 -0.00794276 0.0029136 0.00418401 0.0021492 -0.0123775 -0.0131992 0.00200567 0.00124555 -0.00773688 0.00989761 0.00372975 0.00203881 0.0137515
internal_weight=47.509 7.92206 39.5869 37.2209 34.2055 2.36602 2.50725 1.38005 5.18547 2.59606 2.58941 31.6982 28.1517 3.54651
internal_count=5094 476 4618 4303 4081 315 318 53 400 223 177 3763 3587 176
is_linear=0
shrinkage=0.03


Tree=368
num_leaves=15
num_cat=0
split_feature=1 4 3 8 8 1 4 2 2 5 1 8 4 1
split_gain=0.667606 0.638092 0.880065 0.753012 1.01504 0.650872 0.660163 0.599942 1.20042 0.9903 0.592834 1.55351 0.754716 0.521137
threshold=14.688235282897951 34.120470046997077 10.726224422454836 0.76195704406054976 0.65843105020299408 3.0808253288269047 30.834199905395511 27.476711273193363 28.628553390502933 224.85852050781253 3.6357250213623051 1.5079081476808656 31.728899955749515 13.429676055908205
decision_type=2 2 2 2 2 2 2 2 2 2 2 2 2 2
left_child=1 2 5 4 -4 6 -1 -3 -9 -10 -7 -12 -13 -5
right_child=-2 7 3 13 -6 10 -8 8 9 -11 11 12 -14 -15
leaf_value=-0.010962404305055053 0.003942346038534379 0.0072629699515806417 0.0085798952606857687 0.011476662890023064 -0.023513396832864061 -0.026852465103907801 0.015850417969783984 -0.02910723653396699 -0.011984275950425526 0.015743850868557063 0.01673574748650386 0.0014322857311797256 -0.026276127719041056 -0.0082991584916120211
leaf_weight=0.50907152134460076 25.782225026727247 0.72440847399411623 0.9954268208821293 7.5529162384918873 0.79380840400699526 0.93920624654856499 1.019849655596772 1.7303528282791374 1.842023217584938 0.95986892795190204 1.11155535816215 1.2822985039383641 1.2889295762724939 0.66335193393751968
leaf_count=179 3276 89 157 537 41 34 62 43 54 35 49 25 447 6
internal_value=0.000759245 -0.00307824 6.75919e-05 0.0053879 -0.00898382 -0.00813 0.00611819 -0.0112124 -0.0149445 -0.000842661 -0.0130931 -0.00459915 -0.015926 0.00915278
internal_weight=47.1953 21.4131 16.1564 10.0055 1.78924 6.15091 1.52892 5.25665 4.53224 2.80189 4.62199 3.68278 2.57123 8.21627
internal_count=5034 1758 1537 741 198 796 241 221 132 89 555 521 472 543
is_linear=0
shrinkage=0.03


Tree=369
num_leaves=15
num_cat=0
split_feature=5 0 4 8 1 0 8 2 2 8 6 6 5 2
split_gain=0.464579 1.14415 0.648902 0.632003 0.746009 0.8535 1.28189 1.0272 0.779596 0.730634 0.913525 0.741513 0.703927 0.683574
threshold=205.16030883789065 26.18913555145264 36.570991516113288 1.8972533837704895 20.828388214111332 23.833424568176273 0.70939638906846747 31.322996139526371 29.435926437377933 1.7008658143576416 7.9795942306518564 8.088682174682619 214.98026275634768 27.566947937011722
decision_type=2 2 2 2 2 2 2 2 2 2 2 2 2 2
left_child=2 3 -1 4 5 7 -7 8 9 10 -2 -11 -5 -12
right_child=1 -3 -4 12 -6 6 -8 -9 -10 11 13 -13 -14 -15
leaf_value=0.010414124399643176 -0.017088217555420639 -0.017770989537738507 -0.011461541472109208 0.0017602404662195696 0.018180729058285949 0.014037526646031537 -0.016641186819137614 -0.015429183693022099 0.015359374670093913 0.023525824830425861 0.0079726628508145405 -0.0060413929873911268 -0.020055176244831725 -0.0037802959709900205
leaf_weight=8.7352665751895948 1.3672410733415912 1.7605226785672119 0.56143346059252586 2.8316349988745051 1.9455449453089375 0.84535061940550704 3.3728522037854418 1.2583396723493923 5.0428040230181059 1.5823145257163553 8.9312216549296881 0.5995834246277808 1.2922828963710342 7.2524553750408804
leaf_count=1819 106 408 109 326 24 64 85 22 161 74 643 3 950 245
internal_value=0.00244893 0.000895254 0.00810821 0.00225193 0.0037133 0.00223092 -0.00898112 0.00431259 0.00587496 0.00282726 0.00040589 0.0160556 -0.00765577 0.00279228
internal_weight=47.3788 38.0821 9.2967 36.3216 32.1977 30.2522 4.2182 26.034 24.7756 19.7328 17.5509 2.1819 4.12392 16.1837
internal_count=5039 3111 1928 2703 1427 1403 149 1254 1232 1071 994 77 1276 888
is_linear=0
shrinkage=0.03


Tree=370
num_leaves=15
num_cat=0
split_feature=8 2 1 6 8 5 2 6 8 3 7 5 7 6
split_gain=1.0025 1.53516 1.49983 1.0158 1.09057 1.14245 0.790109 1.12044 1.24565 1.08047 0.811802 1.20125 0.771229 1.1255
threshold=1.7008658143576416 21.833667755126957 25.060378074646 8.0901808738708514 1.8972533837704895 211.45056915283206 28.254714012146 8.0932326316833514 1.2510358432231932 22.432147979736332 -0.062539458813014107 242.08306884765628 -0.23608439396596251 8.0149731636047381
decision_type=2 2 2 2 2 2 2 2 2 2 2 2 2 2
left_child=1 -1 6 4 -2 -6 -3 8 10 -10 12 -12 13 -8
right_child=3 2 -4 -5 5 -7 7 -9 9 -11 11 -13 -14 -15
leaf_value=-0.017311754409446971 0.022204697548739136 0.0103340416626314 -0.023290545462964038 -0.019511685476898015 0.0092125643619467325 -0.013308699507732375 -0.016190419115427349 -0.024747103044268359 -0.02673280338865059 -0.0013537138792544671 -0.018254100946273815 0.013741975873413645 0.020951906461435958 0.0087000827494105662
leaf_weight=4.1394517362641627 3.2574692584166733 6.9620926728821422 1.2210132233303728 0.23404219001531679 5.9457192257686984 1.8921968280264989 1.0942511595785669 0.62326797284185786 1.1612842865288246 5.399351570114959 1.7399144656956171 0.8201932122465222 2.8189372851047674 6.9366903022164479
leaf_count=260 214 570 272 2 1933 1178 16 37 10 108 21 43 154 253
internal_value=0.00046584 -0.00220768 0.000473392 0.00778253 0.00992381 0.0028849 0.00230511 -0.000762058 0.00113089 -0.00878763 0.00625646 -0.00702272 0.009718 0.00389141
internal_weight=44.2459 32.9164 28.777 11.3294 11.0954 7.83792 27.556 20.5939 19.9706 6.56064 13.41 2.56011 10.8499 8.03094
internal_count=5071 1744 1484 3327 3325 3111 1212 642 605 118 487 64 423 269
is_linear=0
shrinkage=0.03


Tree=371
num_leaves=15
num_cat=0
split_feature=8 8 1 3 5 2 7 3 2 2 7 8 3 2
split_gain=1.45579 0.889051 0.983294 0.821643 0.746278 0.719048 0.824781 1.43918 1.17905 0.786398 0.801665 0.772221 0.702319 0.753874
threshold=1.5915460457665875 1.2373229125795089 24.827460289001468 3.946269273757935 283.84718322753912 31.193352699279789 -0.52676163825421463 20.313896179199222 28.564537048339847 19.274435043334964 -0.20627771609803841 0.78330535212556895 23.791047096252445 31.322996139526371
decision_type=2 2 2 2 2 2 2 2 2 2 2 2 2 2
left_child=1 5 -3 -2 -5 6 -1 8 9 -8 -11 -10 -7 -14
right_child=3 2 -4 4 -6 12 7 -9 11 10 -12 -13 13 -15
leaf_value=-0.010667976073731366 -0.0092192058231966752 -0.014376661977697365 0.0098293077897710131 0.010787373367679279 -0.011457338317658586 -0.021970978570230233 -0.0092666286658270834 0.015002754237234191 -0.032344135975877208 -0.012919590301128787 0.019160880746145328 0.0019856974578106724 -0.016118967816378692 0.0071654772753455406
leaf_weight=2.4820837062725358 1.9324679258206732 10.743371714255771 1.0231070850568347 11.413984075814366 0.7061851577600472 1.537733606994151 1.4433568770182339 5.9199980373959988 0.74138270877301671 0.15462378901429685 2.0535304509685357 0.72683228924870491 0.90789703512564335 2.6501514786214102
leaf_count=85 2234 447 119 1122 100 20 81 240 24 7 363 17 26 164
internal_value=-0.00192007 -0.00556245 -0.0116669 0.0058017 0.0087168 -0.00130636 0.00239137 0.00596973 -0.00522003 0.00450378 0.0135876 -0.0214303 -0.00990107 -0.00100882
internal_weight=44.4367 30.3841 11.7665 14.0526 12.1202 18.6176 13.5218 11.0397 5.11973 3.65151 2.20815 1.46821 5.09578 3.55805
internal_count=5049 1593 566 3456 1222 1027 817 732 492 451 370 41 210 190
is_linear=0
shrinkage=0.03


Tree=372
num_leaves=15
num_cat=0
split_feature=6 2 2 3 5 0 1 4 4 3 3 0 1 3
split_gain=1.17304 0.667768 0.830182 0.948922 1.59313 0.792625 0.739869 0.543056 0.663928 0.645143 0.714712 0.563226 0.63595 0.678837
threshold=8.0653133392334002 29.435926437377933 27.476711273193363 21.84722995758057 225.15236663818362 16.342008590698246 5.7446515560150155 35.667831420898445 36.094163894653327 7.3443951606750497 7.6680140495300302 25.174992561340336 22.688650131225589 18.772186279296879
decision_type=2 2 2 2 2 2 2 2 2 2 2 2 2 2
left_child=7 2 5 4 -4 6 -2 9 -9 -1 -11 -10 -13 -14
right_child=1 -3 3 -5 -6 -7 -8 8 11 10 -12 12 13 -15
leaf_value=-0.015424627815623768 0.010830325803495827 0.012001144049949026 -0.033782187826224906 0.0024531742542747482 -0.0025649865184397165 0.011562250620836878 -0.014397455222249026 0.01938579554181085 -0.011014378378426346 0.017656072776251964 -0.00045713682456615615 0.015076493661157594 -0.011694541631925799 0.0061495604324210669
leaf_weight=1.2369492271536753 0.63161467469762689 0.65879340120591301 2.5847365387598984 1.9087344789877532 2.7979343861807138 2.1442470304464223 2.7030851108429488 2.3243976973753879 1.116611704812384 1.2088273434783356 17.046900078450562 3.3007961919356585 1.8775643674016462 4.7598408664925955
leaf_count=1511 183 84 73 36 114 242 109 391 301 14 1008 162 643 157
internal_value=1.90144e-05 -0.00714445 -0.00893193 -0.0149198 -0.0204996 0.000109661 -0.00822296 0.00307003 0.00749294 -0.000183226 0.00159689 0.00359163 0.00608963 0.000231583
internal_weight=46.301 13.4291 12.7704 7.29141 5.38267 5.47895 3.3347 32.8719 13.3792 19.4927 18.2557 11.0548 9.9382 6.63741
internal_count=5028 841 757 223 187 534 292 4187 1654 2533 1022 1263 962 800
is_linear=0
shrinkage=0.03


Tree=373
num_leaves=15
num_cat=0
split_feature=2 7 7 1 4 1 8 0 3 0 0 3 8 2
split_gain=0.84451 1.31416 0.798171 0.780923 0.714879 1.24963 0.734576 0.774194 1.24344 0.66074 1.02009 0.586084 1.10357 0.934311
threshold=29.097317695617679 -0.33738634879116763 -0.72098646649788811 17.949662208557132 35.69995307922364 14.688235282897951 0.4937166062529485 15.947686195373537 10.961112976074221 16.480623245239261 17.275522232055668 11.531388759613039 1.418025689609385 30.457540512084964
decision_type=2 2 2 2 2 2 2 2 2 2 2 2 2 2
left_child=1 2 -1 4 5 6 -3 8 -8 -9 -11 -2 13 -13
right_child=11 3 -4 -5 -6 -7 7 9 -10 10 -12 12 -14 -15
leaf_value=0.0061970216251609296 0.011393583523049021 0.012114117498807543 -0.030090378850166306 0.012125519049597093 -0.022331675024711659 0.016818713345817554 -0.0083177362722587841 -0.027408081694454276 0.012500262683543008 0.012326469474680107 -0.012530330514560553 0.011866649077990295 -0.015284604644814785 -0.0026132457654481208
leaf_weight=0.30641409564850652 3.6029733476898427 1.0211167535162662 1.8017644065839729 1.6718296619947057 1.0231067367712956 1.5222714300616633 6.5260609581382614 1.5188969757436996 2.9388331173104234 1.0760144328232852 5.2780959667143179 5.3472137420030803 2.7245584264019262 10.157575101227847
leaf_count=285 1762 122 396 96 21 75 505 84 283 115 206 179 525 379
internal_value=-0.00243886 -0.00613466 -0.0245193 -0.00345071 -0.00519312 -0.00328393 -0.00573346 -0.00738788 -0.00127697 -0.0137625 -0.00721728 0.00182542 -0.000559859 0.00279693
internal_weight=46.5167 24.6844 2.10818 22.5762 20.9044 19.8813 18.359 17.3379 9.46489 7.87301 6.35411 21.8323 18.2293 15.5048
internal_count=5033 2188 681 1507 1411 1390 1315 1193 788 405 321 2845 1083 558
is_linear=0
shrinkage=0.03


Tree=374
num_leaves=15
num_cat=0
split_feature=4 7 7 7 4 4 3 1 4 4 7 4 5 5
split_gain=0.649427 0.527247 0.750498 0.717303 0.723507 1.01647 0.78472 0.538115 1.0156 0.787423 0.733708 0.711759 0.775055 1.38179
threshold=22.416964530944828 -0.86275799212702931 -0.96297177102619191 -0.47774201667303767 35.897649765014656 36.525604248046882 20.48575592041016 16.420977592468265 35.630462646484382 29.331339836120609 -0.059848846139801279 31.44611740112305 223.89811706542972 225.15236663818362
decision_type=2 2 2 2 2 2 2 2 2 2 2 2 2 2
left_child=-1 2 -2 4 -3 6 -6 8 9 -5 11 -11 -13 -14
right_child=1 3 -4 7 5 -7 -8 -9 -10 10 -12 12 13 -15
leaf_value=0.016171320344507783 -0.0099277668710211677 -0.021761768218508275 0.017883223981202647 -0.011588131341169464 -0.014989511026122244 -0.021118369702667873 0.0080218031649092799 0.0071512542677062913 -0.025855943400905846 -0.016611974103500158 0.011427603402621368 0.0095471482434525325 -0.021500977727449487 0.0028366275787128185
leaf_weight=1.3391880068520539 0.49303166211757377 1.6229064230210477 2.0099217905371907 3.2577847663924393 0.74510151310823847 1.0169117544719481 4.9837636863812804 8.4857369459932652 0.42306680354522441 1.2383735730982159 5.0243948852003095 5.4356742427335112 1.8622360303997973 7.2016048884906922
leaf_count=119 1189 684 623 177 131 113 163 467 10 183 392 283 84 410
internal_value=0.000770034 -5.13077e-05 0.0111348 -0.000976493 -0.00830753 -0.00267908 0.00324607 0.00107659 -0.00123049 0.000219311 0.00251936 -0.000837468 0.00149465 -0.00380332
internal_weight=45.1397 43.8005 2.50295 41.2976 8.36868 6.74578 5.72887 32.9289 24.4431 24.0201 20.7623 15.7379 14.4995 9.06384
internal_count=5028 4909 1812 3097 1091 407 294 2006 1539 1529 1352 960 777 494
is_linear=0
shrinkage=0.03


Tree=375
num_leaves=15
num_cat=0
split_feature=3 8 8 3 6 8 8 1 7 1 3 7 0 8
split_gain=1.06381 1.02816 0.629866 1.17244 1.09155 1.29427 1.32274 1.05282 0.848731 1.02463 0.805236 0.771946 0.840564 0.705515
threshold=11.243263244628908 1.7330639496180922 0.86176688496914988 23.791047096252445 8.0853819847106951 1.3659066999880378 1.6050083043173768 25.973075866699222 -0.47774201667303767 23.512137413024906 26.494190216064457 -0.16705418473149439 23.381139755249027 0.18353457246692931
decision_type=2 2 2 2 2 2 2 2 2 2 2 2 2 2
left_child=-1 2 3 13 5 10 7 -7 9 -5 11 -4 -13 -2
right_child=1 -3 4 8 -6 6 -8 -9 -10 -11 -12 12 -14 -15
leaf_value=0.0089035254345873685 0.0084933286922648631 -0.013933829075451232 0.013436362007550304 0.011878081953902055 0.015362551539295222 -0.02736937804380131 0.0080868565327686451 0.0083978584202407235 0.010500344825392608 -0.019762278960308421 -0.012151545481231669 0.0064282538607793394 -0.021784481118966765 -0.019643707998135355
leaf_weight=13.241240875089714 0.38619999506045344 3.6896221651404622 6.821921797003597 0.64470609207637641 4.7380970132071516 2.5623565394780594 1.4422271081712095 0.439973527973052 4.2078684768639505 1.4760652157710863 1.0550690885283973 1.7029315718682503 0.52113199420273293 3.5064145130454563
leaf_count=3172 37 355 147 66 312 101 111 72 107 50 119 96 9 275
internal_value=0.00204171 -0.000875783 0.00116038 -0.00458608 0.0042822 -8.3167e-05 -0.0120592 -0.0213393 0.00345053 -0.0094197 0.005798 0.00889273 -0.00488884 -0.0156868
internal_weight=46.4358 33.1946 29.505 10.2213 19.2837 14.5456 4.44456 3.00233 6.32864 2.12077 10.1011 9.04599 2.22406 3.89261
internal_count=5029 1857 1502 535 967 655 284 173 223 116 371 252 105 312
is_linear=0
shrinkage=0.03


Tree=376
num_leaves=15
num_cat=0
split_feature=0 8 6 8 6 8 7 8 8 2 3 8 2 4
split_gain=1.32367 1.01348 1.04461 1.03382 1.08668 1.16249 1.25432 1.20002 0.907173 0.886194 0.832472 0.755496 0.693351 0.518198
threshold=28.073434829711918 3.5263450359702748 8.0986208915710467 1.1824498976111324 8.0864982604980487 1.5915460457665875 -0.3785198446012219 1.8972533837704895 1.0598423512752915 29.361582756042484 11.405933380126955 0.4937166062529485 19.757700920104984 36.168640136718757
decision_type=2 2 2 2 2 2 2 2 2 2 2 2 2 2
left_child=1 2 3 8 5 6 -5 10 11 -3 -7 -1 -8 -12
right_child=-2 9 -4 4 -6 7 12 -9 -10 -11 13 -13 -14 -15
leaf_value=0.010476938891029214 -0.02126779095001996 -0.0092091346550037135 0.014378730643980348 -0.00031125046678272191 0.006003411746395482 -0.0053903485284898141 0.0020077503393540926 -0.013109286898807205 0.016796048500402675 0.023287837822438533 0.020920280549815401 -0.0051233078178184949 -0.026082368429598986 -0.0033864725877089672
leaf_weight=2.8035544168087645 2.1596046907579867 0.43985416931536692 2.1539104076800859 2.9905367704923265 3.7862244971329337 2.3628589414583967 0.73516325844685138 3.9153376526082866 2.1879648357862598 1.6177112097357165 2.1587516423314814 9.5882186100061499 6.18384205235634 0.72086306838900771
leaf_count=259 1656 829 261 80 97 89 76 727 108 229 60 395 165 28
internal_value=-0.00253781 -0.00109057 -0.00232113 -0.00363116 -0.00749177 -0.0103371 -0.0169695 -0.00219626 0.00251276 0.015601 0.0067485 -0.00107507 -0.0232211 0.015531
internal_weight=43.8044 41.6448 39.5872 37.4333 22.8536 19.0674 9.90954 9.15781 14.5797 2.05757 5.24247 12.3918 6.91901 2.87961
internal_count=5059 3403 2345 2084 1322 1225 321 904 762 1058 177 654 241 88
is_linear=0
shrinkage=0.03


Tree=377
num_leaves=15
num_cat=0
split_feature=8 8 3 1 0 4 8 6 3 8 0 4 1 6
split_gain=0.865653 1.02591 0.887426 1.56408 0.64635 0.637451 1.35173 0.854044 0.610218 0.983829 0.944234 1.22408 0.855498 0.580163
threshold=1.7669812365697533 0.79434007478810331 9.5490527153015154 5.7446515560150155 28.120457649230961 32.183065414428718 1.7008658143576416 8.0901808738708514 23.419466018676761 1.1824498976111324 23.833424568176273 35.462495803833015 11.0334849357605 7.945338487625123
decision_type=2 2 2 2 2 2 2 2 2 2 2 2 2 2
left_child=1 4 -3 13 -1 6 -5 8 9 -7 -10 -12 -11 -4
right_child=-2 2 3 5 -6 7 -8 -9 10 12 11 -13 -14 -15
leaf_value=0.0084178354131806705 0.0067110372456435016 -0.018885443377192009 -0.0080796805807858592 -0.024202744367100331 -0.012598984035946016 0.0071429868883570932 0.012845037777447166 0.010291874777191961 0.017726581108272941 0.0038852493452274563 -0.023891257133990876 0.0016253085673692783 -0.021973421223416858 0.019181557298185544
leaf_weight=7.9142672981251945 9.9535628937301208 3.0187397725094369 0.29076646454632582 2.7164207558380471 0.63761239021550853 1.3317608844954545 0.47380847729800724 2.4386084461584678 1.0488233854994158 1.1105436114594338 1.2638867209316229 6.2616299242508831 4.5964491414197255 2.4122813139110804
leaf_count=463 3187 143 12 230 25 82 24 115 18 38 119 165 83 292
internal_value=-0.000702953 -0.00290767 -0.00574251 -0.00339492 0.0056959 -0.00628139 -0.0169481 -0.00360565 -0.00626515 -0.0122055 -0.000623132 -0.00495978 -0.0171125 0.0148591
internal_weight=45.4692 35.5156 26.9637 23.945 8.55188 21.2419 3.19023 18.0517 15.6131 7.03875 8.57434 7.52552 5.70699 2.70305
internal_count=4996 1809 1321 1178 488 874 254 620 505 203 302 284 121 304
is_linear=0
shrinkage=0.03


Tree=378
num_leaves=15
num_cat=0
split_feature=8 5 1 1 4 6 4 4 4 1 2 7 4 2
split_gain=0.589988 0.737427 0.645771 0.600374 0.79504 0.761888 0.903246 0.742411 1.13408 0.890713 1.03765 0.975758 0.849629 0.842902
threshold=3.5263450359702748 210.8159103393555 24.161375999450687 5.0677268505096444 30.063276290893558 7.9680233001708993 33.048353195190437 34.120470046997077 34.193981170654304 11.798156738281252 28.628553390502933 -0.27530551117080021 35.462495803833015 25.119119644165043
decision_type=2 2 2 2 2 2 2 2 2 2 2 2 2 2
left_child=3 2 -2 4 -1 -5 -7 13 -9 10 -10 -11 -13 -8
right_child=1 -3 -4 5 -6 6 7 8 9 11 -12 12 -14 -15
leaf_value=-0.006498184852065424 0.024597546188543078 -0.0094922599997080276 -0.006827874519614874 0.011964501061292408 0.012984519643929769 -0.011393785762698141 -0.0078644616768684342 -0.027725574919536103 -0.027156461734937808 -0.002661239801464823 0.0055193215894836891 0.020610091028656373 -0.0025248690524445317 0.016786481603230929
leaf_weight=2.1319007789861635 1.5282432110689108 0.45709430657734618 0.29370224266313005 2.0434831842721897 4.4411621397448471 9.0713477353274339 1.1293877378047934 0.56323665165109815 1.2863730596145644 15.470025478731264 0.95517463143914927 2.6052511404268399 2.0412725051864982 2.8982803461985895
leaf_count=275 133 807 644 61 402 914 67 29 36 1199 24 131 33 242
internal_value=-0.000243485 0.0120536 0.0189073 -0.0011217 0.00664186 -0.00259806 -0.00372509 -0.00082841 -0.00300339 -0.00122028 -0.0158253 0.00107949 0.0117994 0.00968479
internal_weight=46.9159 2.27904 1.82195 44.6369 6.57306 38.0638 36.0203 26.949 22.9213 22.3581 2.24155 20.1165 4.64652 4.02767
internal_count=4997 1584 777 3413 677 2736 2675 1761 1452 1423 60 1363 164 309
is_linear=0
shrinkage=0.03


Tree=379
num_leaves=15
num_cat=0
split_feature=4 7 3 0 7 4 4 2 0 4 7 7 4 2
split_gain=0.503041 2.08009 0.766464 0.776921 1.25345 1.07359 1.86113 1.37164 0.979496 0.854677 0.696376 0.637092 0.962535 1.16242
threshold=31.613193511962894 -0.063252249639491623 11.405933380126955 16.342008590698246 -0.22263841950874649 35.667831420898445 34.042594909667976 27.628327369689945 24.213368415832523 35.462495803833015 -0.09488861899690626 -0.17130062248158404 30.230744361877445 21.552042961120609
decision_type=2 2 2 2 2 2 2 2 2 2 2 2 2 2
left_child=11 2 -2 -4 5 6 8 -8 -5 10 -6 -1 13 -13
right_child=1 -3 3 4 9 -7 7 -9 -10 -11 -12 12 -14 -15
leaf_value=-0.0061127899969703383 0.0094866145969888932 -0.025188428516972047 -0.018065701519105543 0.017081016801514925 0.020226453603075227 0.0022057645175732844 0.010245831740333044 -0.02775015127199933 -0.012405895222079626 -0.010090846226211383 -0.0041332713792762649 -0.018850230440757128 0.020098233972670514 0.0084210380433345638
leaf_weight=2.0015158561654962 7.7629974269511868 1.773515248481998 1.1468722952995474 1.718725613784055 4.2339489127043635 12.459666156137244 0.50154545530676831 3.7588671249541221 0.73767071095062409 0.68689771555364121 0.94754983671009085 0.95036786448326704 3.6818414080771618 4.0602973907371052
leaf_count=361 2657 159 61 43 277 400 15 181 169 10 17 123 283 249
internal_value=0.0015767 -0.000185863 0.00180331 -0.000739089 0.000717517 -0.00307807 -0.0118953 -0.0221798 0.00719861 0.0117629 0.0158237 0.00697768 0.0103116 0.000972949
internal_weight=46.4223 35.7283 33.9547 26.1917 25.0449 19.1765 6.71681 4.26041 2.4564 5.8684 5.1815 10.694 8.69251 5.01067
internal_count=5005 3989 3830 1173 1112 808 408 196 212 304 294 1016 655 372
is_linear=0
shrinkage=0.03


Tree=380
num_leaves=15
num_cat=0
split_feature=2 2 2 0 2 1 8 7 7 2 5 5 1 7
split_gain=0.644906 0.716334 0.531113 0.933509 0.641516 0.627123 0.96811 0.470995 0.654911 0.755902 0.504201 0.429113 0.357549 0.743348
threshold=30.954063415527347 31.621246337890629 30.60842323303223 26.275093078613285 29.337120056152347 24.089230537414554 1.1297776504339259 -0.72497119973652457 -0.23765864754263308 31.37360763549805 237.82936096191409 222.40962219238284 21.778222084045414 -0.22263841950874649
decision_type=2 2 2 2 2 2 2 2 2 2 2 2 2 2
left_child=2 7 3 12 -5 6 -4 -2 9 -9 -10 -11 13 -1
right_child=1 -3 5 4 -6 -7 -8 8 10 11 -12 -13 -14 -15
leaf_value=-0.0045696435929302899 0.0070862323110430598 0.0081016043779901254 0.013893743678846588 0.0039649582747042821 -0.018846888219713209 0.016604405956181751 -0.017085329891773918 -0.029777154000047958 0.01021730940850942 0.0096026249241655658 -0.0102931630333888 -0.012447013860341248 0.011847178863471688 0.0055941161620179716
leaf_weight=8.9552679800544883 0.56846043236146204 1.7195594689692368 0.75474572740495094 1.2670274410920677 2.1041299181888462 3.9089309009796125 0.91299417996197008 1.6688623299705794 1.0883288936456663 0.74720071561750934 1.2330627054907379 0.45841363072395325 3.0785314120003013 17.894337359422938
leaf_count=1097 73 95 31 42 1169 746 136 83 36 67 16 4 178 1231
internal_value=0.00174976 -0.00581658 0.00331567 0.00172043 -0.0113276 0.0111311 -0.0031128 -0.0105524 -0.0133144 -0.0208664 -0.000496231 -0.000623491 0.00350891 0.00216179
internal_weight=46.3599 7.48389 38.876 33.2993 3.37116 5.57667 1.66774 5.76433 5.19587 2.87448 2.32139 1.20561 29.9281 26.8496
internal_count=5004 374 4630 3717 1211 913 167 279 206 154 52 71 2506 2328
is_linear=0
shrinkage=0.03


Tree=381
num_leaves=15
num_cat=0
split_feature=6 8 8 0 8 7 7 0 8 8 6 8 8 8
split_gain=1.20359 1.20114 0.686322 0.66887 1.09644 1.20962 0.989112 1.44107 1.8071 1.05231 1.01874 0.683819 0.592978 0.571241
threshold=8.0864982604980487 0.83928674783186563 0.4937166062529485 27.634655952453617 0.67571740537862135 -0.40078538600284003 -0.09488861899690626 13.505753040313722 1.1974809397290773 1.7008658143576416 8.0321021080017108 0.65843105020299408 3.0939020039652587 3.6621939445800793
decision_type=2 2 2 2 2 2 2 2 2 2 2 2 2 2
left_child=3 2 -2 4 -1 13 10 9 -9 -8 -7 -5 -12 -6
right_child=1 -3 -4 11 5 6 7 8 -10 -11 12 -13 -14 -15
leaf_value=0.010611706912367798 0.0095616071496133787 0.017624797504067802 -0.019691948815720353 -0.010577433599769658 -0.016091547295494769 -0.012545933749890258 -0.0050451997909762387 0.00060839773158638446 -0.034668230158619875 0.02096575726319486 0.01028537630839931 0.012129361134619225 -0.010730588839567342 0.0063563642951619884
leaf_weight=4.1147253107628776 0.44489424978382774 5.6269575001788326 0.76122702821157873 0.67929238895885546 7.205180324810498 1.6310671793835378 3.4372080666071287 2.3516976010287181 1.8494536693469852 1.0850330044922882 10.056695508275876 4.8668933511144132 0.54365205735666755 0.62813132853625564
leaf_count=327 39 321 38 27 765 254 192 71 93 64 266 1803 316 446
internal_value=0.00152656 0.0122471 -0.00945845 -0.000640824 -0.00232072 -0.00446335 -0.000513321 -0.00775641 -0.0186009 0.00386214 0.00484822 0.00815728 0.00837544 -0.0137757
internal_weight=45.2821 6.83308 1.20612 38.449 32.9028 28.7881 20.9548 8.72339 4.20115 4.52224 12.2314 5.54619 10.6003 7.83331
internal_count=5022 398 77 4624 2794 2467 1256 420 164 256 836 1830 582 1211
is_linear=0
shrinkage=0.03


Tree=382
num_leaves=15
num_cat=0
split_feature=4 8 4 7 4 8 1 8 5 1 7 1 2 3
split_gain=0.710363 1.2213 1.031 1.9226 0.935776 0.76212 0.744628 0.982628 1.02703 0.807783 1.32589 0.976007 0.971344 0.80561
threshold=34.120470046997077 1.8086429447539116 34.686437606811531 -0.23347957574403252 33.102510452270515 0.18353457246692931 11.0334849357605 1.0249685865470306 203.47237396240237 24.089230537414554 -0.34614637421864286 24.237989425659183 29.136576652526859 2.1950683593750004
decision_type=2 2 2 2 2 2 2 2 2 2 2 2 2 2
left_child=1 4 3 5 -1 -2 -4 8 -8 10 13 -11 -13 -9
right_child=2 -3 6 -5 -6 -7 7 9 -10 11 -12 12 -14 -15
leaf_value=0.0018710886372301882 0.0045875782624625848 -0.016231161192129962 -0.02449899219113837 0.0064345929901266667 0.018866773156127146 -0.040888441581171359 -0.0054859550307731295 0.0054077501077243999 0.021115356772577157 0.022224557506288527 0.00097876838994987413 0.015078751237378712 -0.013589264881692674 -0.02281511752978687
leaf_weight=16.895862650097122 0.17099954187870059 1.8008807252263057 0.26116464840015652 1.2035182260733588 2.5990591096924609 1.2200185914407482 1.6175793388392805 0.70100634483969759 2.2648580661043525 1.0939449293364298 6.6939148283418017 0.69785455800592933 1.9600965826830359 4.104158274596557
leaf_count=1139 2 1217 4 86 147 231 54 330 179 37 266 4 1031 296
internal_value=-0.00134187 0.00250836 -0.00501762 -0.019814 0.00494695 -0.0357174 -0.00216373 -0.00065717 0.0111786 -0.00417266 -0.00797841 0.00671584 -0.00399787 -0.0184755
internal_weight=43.2849 21.2958 21.9891 2.59454 19.4949 1.39102 19.3946 19.1334 3.88244 15.251 11.4991 3.7519 2.65795 4.80516
internal_count=5023 2503 2520 319 1286 233 2201 2197 233 1964 892 1072 1035 626
is_linear=0
shrinkage=0.03


Tree=383
num_leaves=15
num_cat=0
split_feature=7 3 8 8 6 6 8 5 3 5 3 6 8 7
split_gain=0.834867 1.11683 1.52313 0.894284 1.22251 1.34583 0.896282 0.814981 0.75621 0.682278 0.676743 0.792492 0.674884 0.660401
threshold=-0.11567463305101931 8.008735656738283 1.1974809397290773 0.76195704406054976 8.088682174682619 8.0231103897094744 0.4937166062529485 201.683464050293 7.3443951606750497 201.04891204833987 13.437909603118898 8.0988826751709002 1.5079081476808656 -0.15620094809238536
decision_type=2 2 2 2 2 2 2 2 2 2 2 2 2 2
left_child=3 8 -3 6 5 9 -1 -8 -2 -5 11 12 -4 -7
right_child=1 2 10 4 -6 13 7 -9 -10 -11 -12 -13 -14 -15
leaf_value=0.0048576032070165309 -0.011174931292166811 0.00092307943961759161 0.0028759365384165153 -0.0090525159637784968 0.021135630585634734 -0.004477317946727343 0.0054545963433084033 -0.024262569118670863 0.018063378039957261 0.017266401800086935 -0.035429857610957995 0.010813379747482102 -0.021396174662907115 0.011590947637450826
leaf_weight=2.0451965413522002 0.38300744362641026 5.1332619246095401 1.1156299362191933 0.41603403602494538 2.1473957682028404 17.347112493007451 0.68867982411757145 2.2836445175344124 1.4704001776990479 4.4087044202533434 1.2623503441573118 0.55740544036962081 2.8362267682678066 1.664021117598163
leaf_count=188 169 398 92 584 95 2159 14 81 16 979 70 61 64 83
internal_value=-0.00143705 -0.00759396 -0.0112264 0.00125493 0.00355128 0.00117986 -0.00925069 -0.0177374 0.0102224 0.0138324 -0.0205727 -0.0107374 -0.015347 -0.00256194
internal_weight=43.7591 12.7583 10.9049 31.0008 25.9833 23.8359 5.01752 2.97232 1.85341 4.82474 5.77161 4.50926 3.95186 19.0111
internal_count=5053 870 685 4183 3900 3805 283 95 185 1563 287 217 156 2242
is_linear=0
shrinkage=0.03


Tree=384
num_leaves=15
num_cat=0
split_feature=8 1 1 3 8 8 4 5 3 4 1 2 7 4
split_gain=0.6946 0.580676 0.982602 1.1323 0.688528 0.796924 0.930988 1.26211 0.952499 0.842637 0.767563 0.960539 0.55788 0.596985
threshold=0.31247925386168401 14.926133155822756 10.856526374816896 23.791047096252445 1.8086429447539116 1.7669812365697533 33.030208587646491 229.04898834228518 9.336820602416994 14.994304180145265 5.0677268505096444 22.991735458374027 1.0000000180025095e-35 31.201869964599613
decision_type=2 2 2 2 2 2 2 2 2 2 2 2 2 2
left_child=-1 2 4 -4 5 6 7 -2 12 -10 -11 -12 -9 -14
right_child=1 -3 3 -5 -6 -7 -8 8 9 10 11 -13 13 -15
leaf_value=0.014324088679146078 -0.026369051319614256 0.00098863122247761209 -0.016750983088494539 0.012387692132530775 -0.015331930887328014 0.020435597661315287 0.017363439503342234 -0.022642626642628234 -0.014087045915823887 0.021726379323265151 -0.013284377370292356 0.012512893511929699 -0.011526151072495324 0.013221451566046706
leaf_weight=1.3889734530821432 0.91364524280652304 22.918665893499565 7.4978768305300019 0.65908025763928879 1.3245455526994181 0.88410261637182053 1.1421681754291064 0.99821568842162234 0.5757990633137523 2.1150405976804905 1.4291757405735555 1.7943383518140761 0.78340114394086391 0.73051824979484081
leaf_count=133 32 3201 544 15 294 10 51 68 38 316 23 180 72 20
internal_value=-0.00149661 -0.00230745 -0.00581033 -0.0133009 -0.000376006 0.0024657 -0.000697671 -0.00437192 0.000557443 0.00696744 0.0111025 0.000638135 -0.0122207 0.000924537
internal_weight=45.1555 43.7666 20.8479 8.15696 12.691 11.3664 10.4823 9.34013 8.42649 5.91435 5.33855 3.22351 2.51214 1.51392
internal_count=4997 4864 1663 559 1104 810 800 749 717 557 519 203 160 92
is_linear=0
shrinkage=0.03


Tree=385
num_leaves=15
num_cat=0
split_feature=4 6 6 2 2 7 3 3 0 6 7 4 7 7
split_gain=0.746387 0.828491 1.09412 0.872266 0.80753 1.12838 0.522753 0.92168 0.967898 1.45338 0.895032 0.81636 0.787645 0.813003
threshold=36.070268630981452 8.0231103897094744 8.0446162223815936 30.800909996032718 29.287972450256351 -0.33738634879116763 7.3443951606750497 13.331717967987062 16.480623245239261 8.1111340522766131 -0.53289884395400844 30.230744361877445 -0.3785198446012219 -0.22263841950874649
decision_type=2 2 2 2 2 2 2 2 2 2 2 2 2 2
left_child=6 -2 3 -3 5 -4 -1 11 9 -9 -10 -8 -12 -14
right_child=1 2 4 -5 -6 -7 7 8 10 -11 12 -13 13 -15
leaf_value=-0.014250497333892475 0.018832575870954969 -0.020375194647760088 -0.016983488496937215 0.0050628568096147747 0.019222128173660848 0.013957459380266029 -0.010940746313428337 -0.037782802978812105 -0.019861269231561354 0.0090958869168117022 0.013763841793530079 0.0087707538671910525 -0.010354457689166961 0.0028681308871846911
leaf_weight=1.7010197465715453 2.7474221130833021 1.7703197625378364 1.2197546755196529 1.5864561206544747 2.4560474784229882 1.054179615632165 1.3771585653885257 0.65991753037087864 1.264489605455309 0.43229331000475213 2.204766804061367 10.577019651303997 5.9553353251540111 9.718403811682947
leaf_count=1832 184 657 255 67 63 79 78 53 406 105 99 523 137 445
internal_value=0.000652529 0.00715108 0.0015466 -0.00995024 0.0100183 -0.00275755 -0.00157036 -0.000491113 -0.00432447 -0.0237492 -0.00209218 0.00583065 0.000150063 -0.00247557
internal_weight=44.7246 10.8342 8.08676 3.35678 4.72998 2.27393 33.8904 32.1894 20.2352 1.09221 19.143 11.9542 17.8785 15.6737
internal_count=4983 1305 1121 724 397 334 3678 1846 1245 158 1087 601 681 582
is_linear=0
shrinkage=0.03


Tree=386
num_leaves=15
num_cat=0
split_feature=1 4 1 6 2 6 4 4 7 1 4 7 4 4
split_gain=0.49971 0.932393 0.716886 1.10192 0.956564 0.723847 1.06744 0.662685 1.02544 0.630969 1.15617 0.812322 0.998598 0.693863
threshold=6.8716635704040536 29.076217651367191 11.798156738281252 8.0834770202636737 28.784637451171879 7.981957435607911 32.183065414428718 34.358655929565437 -0.084185236875254671 16.285915374755863 35.462495803833015 -0.23608439396596251 34.120470046997077 36.474754333496101
decision_type=2 2 2 2 2 2 2 2 2 2 2 2 2 2
left_child=1 -1 4 5 7 -4 -7 8 -2 10 11 12 -8 -11
right_child=2 -3 3 -5 -6 6 9 -9 -10 13 -12 -13 -14 -15
leaf_value=-0.0095776434235874328 0.0090092821277503853 0.011152380773562042 0.012749387421484891 0.0194578601859134 0.012982809233676574 -0.017727386882939022 0.0099568260663108546 -0.025687529605628739 -0.015264368844012683 0.005028307684125528 -0.030222525548158699 0.012177042515823883 -0.020333914832055957 -0.010577569714075998
leaf_weight=1.718239989480933 1.9532661421253572 7.2663258340617176 2.2540967346140013 1.7005382915958751 0.69838986219838251 2.479677381670629 0.82737967003777191 1.5407212223362874 2.4960178809851636 15.78045808139723 0.60461298024165433 1.6951596751750937 1.5372977328661361 2.0679278622119446
leaf_count=238 231 703 102 44 29 371 311 34 61 1995 19 190 66 597
internal_value=0.000687908 0.00662571 -0.000949144 0.00117541 -0.00910108 -0.000614107 -0.0022635 -0.0131649 -0.00491031 0.00012127 -0.00866363 -0.000114474 -0.00992615 0.00275494
internal_weight=44.6201 8.98457 35.6355 28.9471 6.6884 27.2466 24.9925 5.99001 4.44928 22.5128 4.66445 4.05984 2.36468 17.8484
internal_count=4991 941 4050 3695 355 3651 3549 326 292 3178 586 567 377 2592
is_linear=0
shrinkage=0.03


Tree=387
num_leaves=15
num_cat=0
split_feature=1 0 5 0 5 5 1 1 3 3 0 1 2 8
split_gain=0.730553 0.977358 0.795631 0.469464 0.402925 0.824272 0.671744 0.519653 0.800006 0.59408 0.463931 0.460539 0.424811 0.923373
threshold=4.8299019336700448 13.252803802490236 289.31152343750006 13.505753040313722 202.38330841064456 205.16030883789065 22.688650131225589 24.237989425659183 27.39980506896973 27.502216339111332 27.273456573486332 28.244092941284183 31.150725364685062 0.67571740537862135
decision_type=2 2 2 2 2 2 2 2 2 2 2 2 2 2
left_child=2 -2 -1 -4 11 7 12 9 10 -6 -9 -3 -7 -14
right_child=1 4 3 -5 5 6 -8 8 -10 -11 -12 -13 13 -15
leaf_value=0.018360475082986983 -0.019686264895764131 -0.015573115601270679 0.0051558554093018407 -0.015597507922535747 0.023072449627679591 0.002204822732699114 -0.015392391397148915 0.0049817066355129442 0.013729323217484438 -0.0055676338527434303 -0.017125409089252766 0.0056504405572397019 0.0062834428248626211 -0.016616089146963955
leaf_weight=3.0055727871367699 1.3217547953827296 1.7441513527301133 1.8893884199642346 0.51228690845891822 2.2367469675082243 22.682989003253176 1.635290705715305 0.83138208893069565 1.5457324010785667 0.39711306313984085 1.1310115750529801 0.75827658251364471 2.1262770604807875 2.5517645054496825
leaf_count=314 116 818 270 33 123 1773 403 47 89 12 234 610 93 57
internal_value=0.000729757 -0.000794362 0.0101219 -0.00255481 0.000361328 0.00129397 -0.00092409 0.0104286 0.00168144 0.0184105 -0.0092395 -0.00936492 0.00045288 -0.0069342
internal_weight=44.3697 38.9625 5.40725 2.40168 37.6407 35.1383 28.9963 6.14199 3.50813 2.63386 1.96239 2.50243 27.361 4.67804
internal_count=4992 4375 617 303 4259 2831 2326 505 370 135 281 1428 1923 150
is_linear=0
shrinkage=0.03


Tree=388
num_leaves=15
num_cat=0
split_feature=4 3 6 0 4 6 8 4 4 3 0 3 7 4
split_gain=0.88469 0.904789 1.3527 0.712382 0.719671 1.14929 0.962094 0.675388 0.670642 0.669901 0.652892 0.778308 0.645806 0.821402
threshold=36.226156234741218 2.1476731300354008 8.0201325416564959 9.7323832511901873 31.169051170349125 8.0041055679321307 0.67571740537862135 31.402823448181156 36.525604248046882 26.275712013244632 23.691159248352054 30.460403442382816 0.025947437215364754 34.601263046264656
decision_type=2 2 2 2 2 2 2 2 2 2 2 2 2 2
left_child=3 -2 8 -1 10 6 -6 -7 -3 12 -5 -12 13 -9
right_child=1 2 -4 4 5 7 -8 9 -10 -11 11 -13 -14 -15
leaf_value=-0.012754918751811376 0.010656604878526476 0.016258256686404991 -0.021330298637734096 0.017401590298434303 0.0086705574146992894 -0.013921598775535964 -0.028479995558205344 0.01265621030005247 -0.0096579761522174873 -0.011255985363130269 -0.015766925956303173 0.013318781587390001 -0.01199147974642422 0.0019190986172063333
leaf_weight=1.2589588390837878 1.1824702423764382 1.1330715133517513 3.56309854236315 5.1262076272396362 0.38575890311040228 0.83305093088711402 0.86010537910624407 11.973078412462209 0.69569257320836175 1.2146871841978271 0.82153167754586298 0.55070961301680654 0.78464230205281538 13.520781133556737
leaf_count=224 553 43 399 361 9 121 136 1469 10 204 156 11 68 1211
internal_value=0.00207562 -0.00736322 -0.012364 0.00388669 0.00479593 0.00259218 -0.0182382 0.00409902 0.00647034 0.00511448 0.0131413 -0.00340033 0.00625607 0.00724911
internal_weight=43.9038 6.57433 5.39186 37.3295 36.0706 29.5721 1.24586 28.3262 1.82876 27.4932 6.49845 1.37224 26.2785 25.4939
internal_count=4975 1005 452 3970 3746 3218 145 3073 53 2952 528 167 2748 2680
is_linear=0
shrinkage=0.03


Tree=389
num_leaves=15
num_cat=0
split_feature=8 0 4 4 1 0 4 6 4 7 8 7 6 7
split_gain=1.43679 1.00276 0.966885 1.17351 0.887092 0.706304 1.03883 0.683688 0.632878 0.762176 0.653488 1.13103 0.569998 0.661668
threshold=0.70939638906846747 25.851046562194828 36.226156234741218 34.51665115356446 24.924436569213871 27.587202072143558 36.211683273315437 8.0202980041503924 29.331339836120609 0.25400790311129845 1.2373229125795089 -0.42492168740723707 8.0530109405517596 -0.10807320953598777
decision_type=2 2 2 2 2 2 2 2 2 2 2 2 2 2
left_child=4 8 3 -3 -1 6 -5 -4 9 -2 11 -10 -12 -14
right_child=1 2 7 5 -6 -7 -8 -9 10 -11 12 -13 13 -15
leaf_value=0.017753538318890771 0.0040762106872405442 -0.017537715384668404 0.0030253391779790301 -0.018363618105821006 -0.010320047553782097 0.017727838707956779 0.013243997405747684 -0.024969032229985273 -0.011834601814051099 -0.01915050302584928 0.0070782450738547126 0.017842886440207522 -0.0070330969434920856 0.0075295063349378856
leaf_weight=5.5300544055062337 1.9469522535946482 1.3332640392763986 0.74996800176450085 0.97308744679321557 0.52613768563605834 1.9367005778185555 0.82978974049910903 2.5995524134777952 0.71963930409401644 1.5776110708829945 7.6372998958395355 4.4598389808670644 8.6028583809820685 3.0439909724518648
leaf_count=397 127 884 21 99 21 757 16 523 11 94 931 333 628 143
internal_value=0.00180614 -0.00057938 -0.00906791 -0.000141295 0.0141977 0.00845266 -0.00428106 -0.0194465 0.00219973 -0.00825497 0.00397101 0.0124716 0.00118557 -0.00293263
internal_weight=42.4667 36.4106 8.42236 5.07284 6.05619 3.73958 1.80288 3.34952 27.9882 3.52456 24.4636 5.17948 19.2841 11.6468
internal_count=4985 4567 2300 1756 418 872 115 544 2267 221 2046 344 1702 771
is_linear=0
shrinkage=0.03


Tree=390
num_leaves=15
num_cat=0
split_feature=6 4 0 3 0 2 2 6 2 0 1 1 1 4
split_gain=0.886407 0.940279 1.34737 0.512689 0.629329 1.08588 0.634005 0.558776 0.854404 0.521172 0.496148 0.777771 0.726991 0.899265
threshold=8.0231103897094744 34.636398315429695 27.757070541381839 7.3443951606750497 13.505753040313722 30.850934982299808 16.051240921020511 7.9680233001708993 30.954063415527347 9.7323832511901873 4.4426589012146005 3.6357250213623051 11.798156738281252 35.422592163085945
decision_type=2 2 2 2 2 2 2 2 2 2 2 2 2 2
left_child=1 3 -3 -1 6 -6 -5 -7 -9 -8 11 -2 -12 -14
right_child=10 2 -4 4 5 7 9 8 -10 -11 12 -13 13 -15
leaf_value=-0.015018192355188316 -0.013198454399430251 0.025430187281042675 -0.0085485067030996401 -0.010771118097691181 -0.022182700008409068 0.015610518390501611 -0.0013069031344087418 0.014346983887382073 -0.011144796054107108 0.019592400081984131 -0.010821439265263789 0.019557708108463415 0.0074303198267066002 -0.0056889517333167201
leaf_weight=0.716758010959892 0.16164100298192596 2.578327920986339 0.91191782845999103 0.39066035265568455 1.0434421957179436 1.1686385918874291 1.3472381526371462 0.79777311983343713 2.5753596860886319 2.6906137771729846 9.8998163706637587 0.92493538375128992 6.385157596923821 11.984491334180346
leaf_count=917 32 128 445 15 167 31 22 35 137 175 595 118 856 1389
internal_value=-0.000830646 0.00509849 0.0166257 0.00025142 0.00260873 -0.0038768 0.00999563 0.00357278 -0.00321372 0.013744 -0.00377619 0.0106948 -0.00467879 -0.000980609
internal_weight=43.5768 14.2207 3.49025 10.7305 10.0137 5.58521 4.42851 4.54177 3.37313 4.03785 29.356 1.08658 28.2695 18.3696
internal_count=5062 2072 573 1499 582 370 212 203 172 197 2990 150 2840 2245
is_linear=0
shrinkage=0.03


Tree=391
num_leaves=15
num_cat=0
split_feature=0 3 3 8 6 0 2 3 8 2 3 8 8 5
split_gain=1.39658 0.830607 1.36628 0.847304 0.93712 0.947999 0.641835 0.60325 1.422 0.935807 0.865391 0.812071 1.28311 0.770397
threshold=20.002093315124515 16.954069137573246 11.405933380126955 1.5079081476808656 8.0915975570678729 11.202668190002443 20.883907318115238 21.24765777587891 1.0249685865470306 30.538767814636234 21.84722995758057 0.73457483851277716 0.593983574881085 219.44814300537112
decision_type=2 2 2 2 2 2 2 2 2 2 2 2 2 2
left_child=1 2 3 6 5 -5 -1 -2 11 10 -10 12 -9 -12
right_child=7 -3 -4 4 -6 -7 -8 8 9 -11 13 -13 -14 -15
leaf_value=-0.0088072809356895283 0.0084361044403027784 -0.023739868619403443 0.0083358536895234044 0.00068904925761889969 0.0090744258294962223 -0.030627720845503373 0.012416891295797388 0.013592244210400305 -0.020682002283379072 -0.020803435877969866 -0.0030398196514756278 0.018004979533688688 -0.012377215147851749 0.015330397492717097
leaf_weight=2.0119309166911976 9.9026285821382789 1.72415833454579 3.9560286747291684 1.0788672967028108 0.40782599709928025 2.7220477016162477 1.2335361577570436 2.3091050400398689 0.83400290471035887 2.2093976628966621 7.1010789579304383 3.4047675203182735 2.5486121914582327 1.768529590219259
leaf_count=148 2388 84 511 189 17 670 64 182 18 298 265 136 60 24
internal_value=-0.000825169 -0.00862732 -0.0046148 -0.0116609 -0.0191582 -0.0234467 0.000284222 0.00274982 -0.000307739 -0.00672814 -0.00187918 0.00867629 0.000180314 0.00180522
internal_weight=43.2125 13.1344 11.4102 7.45421 4.20874 3.80091 3.24547 30.0781 20.1755 11.913 9.70361 8.26248 4.85772 8.86961
internal_count=5054 1683 1599 1088 876 859 212 3371 983 605 307 378 242 289
is_linear=0
shrinkage=0.03


Tree=392
num_leaves=15
num_cat=0
split_feature=2 6 2 8 6 8 6 3 8 8 6 6 7 2
split_gain=1.40591 0.661343 0.744361 0.826366 0.655151 0.765695 0.510819 1.86184 0.699364 0.922318 1.19746 1.10696 0.688764 0.84641
threshold=21.833667755126957 7.9680233001708993 30.954063415527347 0.63076774951037862 8.0199856758117694 1.0815023189815618 8.0196533203125018 26.275712013244632 1.2510358432231932 1.5197889207788169 8.042058467864992 8.0901808738708514 -0.062539458813014107 28.564537048339847
decision_type=2 2 2 2 2 2 2 2 2 2 2 2 2 2
left_child=-1 -2 6 -4 -5 -6 -3 8 12 10 -10 -12 -8 -14
right_child=1 2 3 4 5 -7 7 -9 9 -11 11 -13 13 -15
leaf_value=-0.015254181549223037 0.015300206448041646 0.011580645667634773 0.0060020963856686283 -0.023474615768902588 0.0095355781622408903 -0.017402785339994349 0.014409920180896511 -0.02612800662233385 0.012642159860394787 0.0044785998014424616 -0.020145462788733325 0.0049188875571677592 0.012164409270428321 -0.017274524059394981
leaf_weight=4.7238343042481565 1.6001732693694055 3.0533101496694171 1.7449454516172398 2.3037514537281822 1.4632362826960164 0.54906966273847491 5.3437941037118435 1.2398072479845712 1.1710683511919366 11.43145972122147 4.5507322865305468 1.7512888673227278 0.67322319746018056 0.95021825702860951
leaf_count=937 89 507 123 122 58 43 297 153 21 2232 106 121 211 32
internal_value=-0.0013949 0.0006842 -0.000355086 -0.00914156 -0.0152414 -0.00115186 0.00164705 0.000156173 0.00234119 -0.00076195 -0.0083608 -0.0134605 0.00979992 -0.00508314
internal_weight=42.5499 37.8261 36.2259 6.061 4.31606 2.01231 30.1649 27.1116 25.8718 18.9045 7.47309 6.30202 6.96724 1.62344
internal_count=5052 4115 4026 346 223 101 3680 3173 3020 2480 248 227 540 243
is_linear=0
shrinkage=0.03


Tree=393
num_leaves=15
num_cat=0
split_feature=3 3 8 3 8 8 8 7 2 8 8 5 7 8
split_gain=0.662075 1.14174 0.852436 0.849286 0.780522 1.1595 0.929777 0.668653 0.559013 0.529744 0.484266 0.476777 0.511363 0.428854
threshold=23.548137664794925 12.977715492248537 1.3659066999880378 19.727329254150394 0.63076774951037862 1.1824498976111324 1.274563586206517 0.45215633650867643 29.690816879272464 0.52123846306764754 1.3408419963373561 202.47442626953128 -0.47774201667303767 1.5915460457665875
decision_type=2 2 2 2 2 2 2 2 2 2 2 2 2 2
left_child=1 -1 11 7 -5 -6 -7 9 -4 -3 -8 12 -2 -12
right_child=2 3 8 4 5 6 10 -9 -10 -11 13 -13 -14 -15
leaf_value=0.0041594850733627231 -0.014991804822784761 0.0059783699675830188 0.0048748951550187996 -0.018856361732082078 0.015971974141723654 -0.017332744351355973 0.01563195282448393 0.0079232249876611417 -0.017583935908063772 -0.022716538938524017 -0.0095550429249585365 0.011785192300274661 0.0094065820927662028 0.0076019631786800089
leaf_weight=15.823499058780728 0.68738486681832001 0.24700760538689692 1.2593087021086824 0.98747326154261728 2.4727005845634249 2.2134036580100656 0.90214708494022477 0.35586008586687956 1.0998850957839748 3.7783814186987001 2.092879694886506 10.18465909581573 0.5262479509692628 1.3360442613193297
leaf_count=3455 83 62 15 52 130 29 11 51 347 374 31 323 10 61
internal_value=0.00121916 -0.00128618 0.00643489 -0.00715707 -0.00179629 0.00176786 -0.00500458 -0.0167899 -0.00771326 -0.0201165 0.00336521 0.00974918 -0.00494218 -0.00266297
internal_weight=43.9669 30.2094 13.7575 14.3859 10.0046 9.01718 6.54447 4.38125 2.35919 4.02539 4.33107 11.3983 1.21363 3.42892
internal_count=5034 4256 778 801 314 262 132 487 362 436 103 416 93 92
is_linear=0
shrinkage=0.03


Tree=394
num_leaves=15
num_cat=0
split_feature=4 1 6 4 6 0 8 8 2 0 0 1 4 2
split_gain=0.810405 0.967091 2.21959 0.807203 0.754647 0.743588 0.808598 0.755197 1.10132 0.695437 0.856758 1.01719 1.09755 0.966316
threshold=36.08537673950196 22.688650131225589 8.0257930755615252 36.257423400878913 8.0196533203125018 14.006708145141603 1.6423391719235461 1.5300276770176178 20.759318351745609 29.332090377807621 23.963550567626957 15.148576259613039 35.69995307922364 31.322996139526371
decision_type=2 2 2 2 2 2 2 2 2 2 2 2 2 2
left_child=5 -2 3 -3 -5 6 7 8 -1 10 11 -7 -13 -12
right_child=1 2 -4 4 -6 9 -8 -9 -10 -11 13 12 -14 -15
leaf_value=-0.0081536718993875726 0.014904709224780197 0.018578624541141116 -0.022512893206889172 0.008467492114835223 -0.018144943002527704 -0.0079004991456292622 0.016118233324193119 -0.016032974105388498 0.018580883582133993 0.0073424372064441667 -0.02467230976438638 0.017900126760767181 -0.0090661729891385462 0.0056816841441308611
leaf_weight=2.1310514343495011 4.3487004403723386 2.4357834570691921 2.0104030471266015 1.2820321677427271 0.70190024524345052 15.334967676004462 2.2320141453892575 1.3996101121592799 1.5741202389472162 2.344151004246668 3.2688055543476358 2.3948193255782821 1.4690491113578898 0.79513649910222728
leaf_count=153 478 155 573 23 76 1110 296 38 199 558 1087 210 29 52
internal_value=-0.0013661 0.00545235 -0.00208591 0.00964522 -0.00387334 -0.00369193 0.00430877 -0.00264924 0.00473944 -0.00606005 -0.00765755 -0.00448895 0.00789143 -0.0187842
internal_weight=43.7225 10.7788 6.43012 4.41972 1.98393 32.9437 7.3368 5.10478 3.70517 25.6069 23.2628 19.1988 3.86387 4.06394
internal_count=5037 1305 827 254 99 3732 686 390 352 3046 2488 1349 239 1139
is_linear=0
shrinkage=0.03


Tree=395
num_leaves=15
num_cat=0
split_feature=4 1 4 4 0 1 4 8 6 4 4 3 3 3
split_gain=0.524521 0.597175 0.700777 0.921964 0.825479 1.19238 0.818046 0.787661 1.2198 1.1864 1.03391 0.666669 0.999201 0.561008
threshold=29.076217651367191 5.4298472404479989 33.030208587646491 34.005607604980476 20.002093315124515 10.856526374816896 34.154508590698249 1.3408419963373561 8.0901808738708514 31.305315017700199 31.55373573303223 8.9611806869506854 8.3116488456726092 7.3443951606750497
decision_type=2 2 2 2 2 2 2 2 2 2 2 2 2 2
left_child=-1 11 7 -4 5 -5 -6 9 10 -3 -9 12 13 -2
right_child=1 2 3 4 6 -7 -8 8 -10 -11 -12 -13 -14 -15
leaf_value=-0.0084520609220554103 -0.0096288435810942472 0.0054323365108964305 0.013955689969925087 0.0093833727133938276 -0.020872041910931439 -0.032525539104530793 0.0021529371877243146 0.0053091426881253937 0.017127321063901468 -0.032121744710784259 -0.0241900178876275 0.018874814289093499 -0.017445272235546216 0.016195392940432447
leaf_weight=5.1373077752796226 0.3042560346948443 0.76498117105802421 3.515623888793928 0.41696720763866568 0.47907604217471345 0.59998780681053177 22.050610508202226 1.5074676623480634 1.2640084142331032 1.2302107068244366 1.211235799550195 2.2591710441629402 0.91629980027209956 1.6759122773073611
leaf_count=331 127 61 556 23 71 68 2453 194 90 78 568 349 38 17
internal_value=-0.000302933 0.000980792 -0.000599936 0.00153335 -0.000814342 -0.0192094 0.000797086 -0.00909316 -0.000281158 -0.0207166 -0.0108041 0.00956275 -0.000680462 0.0103279
internal_weight=43.3331 38.1958 33.0402 27.0623 23.5466 1.01696 22.5297 5.9779 3.98271 1.99519 2.7187 5.15564 2.89647 1.98017
internal_count=5024 4693 4162 3171 2615 91 2524 991 852 139 762 531 182 144
is_linear=0
shrinkage=0.03


Tree=396
num_leaves=15
num_cat=0
split_feature=8 1 5 1 8 7 6 0 6 6 7 7 4 6
split_gain=0.840067 0.763306 0.713187 0.709115 0.537754 0.503627 0.48954 0.683861 0.49593 0.448144 0.753532 0.544042 0.631055 0.926848
threshold=1.876686784260422 3.6357250213623051 202.78594207763675 3.0808253288269047 2.532168452558802 0.025947437215364754 8.0478301048278826 25.402397155761722 8.0177903175354022 8.0274367332458514 -0.015880024807179791 -0.52676163825421463 32.539915084838874 8.1019229888916033
decision_type=2 2 2 2 2 2 2 2 2 2 2 2 2 2
left_child=1 3 -3 5 -2 -1 8 -8 -6 10 -4 -11 13 -13
right_child=4 2 9 -5 6 -7 7 -9 -10 11 -12 12 -14 -15
leaf_value=-0.010725392675367301 -0.015221504454139206 -0.009282225920748054 0.01611138421118305 -0.020516222054944414 0.0068979920983449679 0.012663373969785329 -0.0075059178084468043 0.016404371388427579 -0.016621309624047211 -0.011355554665397451 -0.00037555845068165011 -0.009372320752445637 0.0083252739551126723 0.014837267100978142
leaf_weight=0.45272269113047459 2.6157753733859854 1.89619363703241 7.4594798828402418 1.1432499437360091 0.58032897170778586 1.0562714769912416 1.0644335615943421 1.6091888044029472 1.2050924932264022 1.0745725697488548 3.4751169636729191 4.3427069329773103 13.276691773440687 0.96999753132695321
leaf_count=91 324 258 353 68 714 88 456 33 1568 81 102 302 384 180
internal_value=0.00220238 0.00411299 0.00543922 -0.00917602 -0.00662322 0.00416833 0.000285069 0.00743316 -0.00924472 0.00661639 0.0112792 0.00360314 0.00500338 -0.00330194
internal_weight=42.2218 35.147 32.4948 2.65224 7.07482 1.50899 4.45904 2.67362 1.78542 30.5986 10.9346 19.664 18.5894 5.3127
internal_count=5002 1907 1660 247 3095 179 2771 489 2282 1402 455 947 866 482
is_linear=0
shrinkage=0.03


Tree=397
num_leaves=15
num_cat=0
split_feature=5 2 3 6 3 8 8 6 5 0 2 2 3 3
split_gain=0.57621 1.33491 1.01352 0.77584 0.715725 0.701359 1.07392 0.743462 0.64773 0.896169 1.58893 0.70041 0.659521 0.637442
threshold=266.31210327148443 29.097317695617679 8.9611806869506854 8.0478301048278826 8.3116488456726092 1.5197889207788169 1.7330639496180922 8.0827474594116229 205.16030883789065 23.833424568176273 31.322996139526371 30.538767814636234 25.801982879638675 7.3443951606750497
decision_type=2 2 2 2 2 2 2 2 2 2 2 2 2 2
left_child=1 5 4 8 13 7 -7 -1 -3 11 12 -10 -11 -2
right_child=2 3 -4 -5 -6 6 -8 -9 9 10 -12 -13 -14 -15
leaf_value=-0.022155502480406288 -0.011918958455367886 0.0067586666173802823 0.017151400964391068 0.016129482917946344 -0.01597375899383191 0.012042682960060344 -0.0096822378886682273 -0.004351354869579712 0.018436732894117649 -0.029459111283107599 0.010188152164722202 -0.0025290871862937887 -0.0035287567670479808 0.013083863479551146
leaf_weight=3.3116567924153042 0.44970077755715454 8.5964613162941586 3.5835617361590266 2.7679440142819649 1.2430989949643843 2.7313421173021188 3.5391088660544483 5.3833529762341641 1.1814325996674577 1.9597201002761724 1.4711467011657076 3.6139528092462569 1.6962908612549652 1.8747805290477115
leaf_count=79 337 1938 385 180 40 86 879 323 15 459 121 75 59 33
internal_value=0.000528255 -0.00106467 0.00774347 0.00370866 -0.0033927 -0.00766132 0.000135705 -0.0127182 0.00112095 -0.00393493 -0.0116741 0.00492623 -0.02077 0.00611654
internal_weight=43.4036 36.2524 7.15114 21.2869 3.56758 14.9655 6.27045 8.69501 18.519 9.92254 5.12716 4.79539 3.65601 2.32448
internal_count=5009 4214 795 2847 410 1367 965 402 2667 729 639 90 518 370
is_linear=0
shrinkage=0.03


Tree=398
num_leaves=15
num_cat=0
split_feature=7 6 8 1 1 6 1 6 7 7 3 2 2 0
split_gain=0.814265 0.49281 0.709106 0.90992 1.48651 0.784327 0.621681 0.613157 0.711004 1.27031 0.57952 0.940466 0.883563 0.953506
threshold=0.25400790311129845 8.0653133392334002 1.1824498976111324 11.0334849357605 10.856526374816896 8.1019229888916033 17.949662208557132 8.0864982604980487 -0.16705418473149439 -0.075373831376020634 24.490550041198734 31.283516883850101 20.316189765930179 23.963550567626957
decision_type=2 2 2 2 2 2 2 2 2 2 2 2 2 2
left_child=1 10 3 4 -3 6 7 -4 -9 -10 11 12 -1 -14
right_child=-2 2 5 -5 -6 -7 -8 8 9 -11 -12 -13 13 -15
leaf_value=-0.0053958044331684192 -0.01395359792646049 0.013396229119647654 -0.01980219571685557 0.018505628671266625 -0.027946463239291525 0.012456325467024687 0.008409064635278473 0.010340370426601948 -0.020553415860171471 0.013298807427285982 -0.0031646155578362541 -0.012216909359072053 0.017873297947756675 0.0028531706145760519
leaf_weight=3.1613333928326126 2.6491436386713749 0.75012419983977385 4.1288065916742145 1.5669809398241339 0.51022320333868265 0.70445201417896974 0.73458261293126348 1.3427421194501219 2.0542685575783253 0.66922543989494476 8.8802438198908913 1.4861780201899808 7.1943268875475024 7.949264260547352
leaf_count=603 212 124 216 139 7 101 21 40 56 28 645 36 665 2107
internal_value=-0.000365609 0.000819933 -0.00396341 0.00751001 -0.00829976 -0.00772012 -0.010406 -0.0128236 -0.00322767 -0.0108975 0.00296242 0.0057316 0.00774619 0.010654
internal_weight=43.7819 41.1328 12.4614 2.82733 1.26035 9.63408 8.92963 8.19504 4.06624 2.72349 28.6713 19.7911 18.3049 15.1436
internal_count=5000 4788 732 270 131 462 361 340 124 84 4056 3411 3375 2772
is_linear=0
shrinkage=0.03


Tree=399
num_leaves=15
num_cat=0
split_feature=2 3 6 1 8 6 2 2 1 5 6 1 6 8
split_gain=0.829213 1.17037 0.916489 0.903037 0.672107 0.711491 0.680036 0.60207 0.749386 0.546885 1.19083 1.05057 0.581078 1.02534
threshold=28.289944648742679 8.80670213699341 7.9680233001708993 14.405731201171877 1.8086429447539116 7.9600980281829843 25.275936126708988 28.784637451171879 12.432599544525148 208.52745056152347 8.0257930755615252 24.352250099182132 8.0041055679321307 1.3552118459949656
decision_type=2 2 2 2 2 2 2 2 2 2 2 2 2 2
left_child=1 -1 -2 7 5 -3 -6 -4 -9 10 11 -5 -11 -14
right_child=2 4 3 9 6 -7 -8 8 -10 12 -12 -13 13 -15
leaf_value=-0.011483364716394686 0.013378016958186955 -0.010328907793025723 -0.027623389209425298 0.017269400761482815 -0.018204927307751511 0.012121575829403666 0.0099420233555306842 0.0084655309801565642 -0.014703105686769909 -0.010624964175361643 -0.021179812539209784 -0.0071601995663750839 0.012177555973331127 -0.00610107882225584
leaf_weight=2.8387027232092796 1.2988515016913904 0.67036532936617632 1.7746906927786792 1.2742351636989058 0.88988637144211569 10.119657174218444 0.48906745901331306 1.2588639454916122 2.1405099055264145 2.053954859962686 2.9968493522974313 4.223611158595304 5.2110525364987534 4.1382762124121655
leaf_count=1102 67 28 56 46 32 720 38 79 67 68 1069 1123 189 350
internal_value=-0.00212452 0.00336417 -0.00525692 -0.00669839 0.00743671 0.009969 -0.00823929 -0.0167959 -0.00614923 -0.00339467 -0.00871855 0.000288185 0.000954445 0.00427916
internal_weight=41.3786 15.0077 26.3709 25.072 12.169 10.79 1.37895 5.17406 3.39937 19.898 8.4947 5.49785 11.4033 9.34933
internal_count=5034 1920 3114 3047 818 748 70 202 146 2845 2238 1169 607 539
is_linear=0
shrinkage=0.03


end of trees

feature_importances:
Column_8=841
Column_7=741
Column_2=694
Column_4=674
Column_3=620
Column_1=560
Column_6=544
Column_0=463
Column_5=463

parameters:
[boosting: gbdt]
[objective: binary]
[metric: binary_logloss]
[tree_learner: serial]
[device_type: cpu]
[data_sample_strategy: bagging]
[data: ]
[valid: ]
[num_iterations: 400]
[learning_rate: 0.03]
[num_leaves: 15]
[num_threads: 4]
[seed: 20261004]
[deterministic: 0]
[force_col_wise: 0]
[force_row_wise: 0]
[histogram_pool_size: -1]
[max_depth: -1]
[min_data_in_leaf: 20]
[min_sum_hessian_in_leaf: 0.001]
[bagging_fraction: 0.8]
[pos_bagging_fraction: 1]
[neg_bagging_fraction: 1]
[bagging_freq: 1]
[bagging_seed: 5966]
[bagging_by_query: 0]
[feature_fraction: 0.8]
[feature_fraction_bynode: 1]
[feature_fraction_seed: 18294]
[extra_trees: 0]
[extra_seed: 9890]
[early_stopping_round: 0]
[early_stopping_min_delta: 0]
[first_metric_only: 0]
[max_delta_step: 0]
[lambda_l1: 0]
[lambda_l2: 1]
[linear_lambda: 0]
[min_gain_to_split: 0]
[drop_rate: 0.1]
[max_drop: 50]
[skip_drop: 0.5]
[xgboost_dart_mode: 0]
[uniform_drop: 0]
[drop_seed: 16051]
[top_rate: 0.2]
[other_rate: 0.1]
[min_data_per_group: 100]
[max_cat_threshold: 32]
[cat_l2: 10]
[cat_smooth: 10]
[max_cat_to_onehot: 4]
[top_k: 20]
[monotone_constraints: ]
[monotone_constraints_method: basic]
[monotone_penalty: 0]
[feature_contri: ]
[forcedsplits_filename: ]
[refit_decay_rate: 0.9]
[cegb_tradeoff: 1]
[cegb_penalty_split: 0]
[cegb_penalty_feature_lazy: ]
[cegb_penalty_feature_coupled: ]
[path_smooth: 0]
[interaction_constraints: ]
[verbosity: -1]
[saved_feature_importance_type: 0]
[use_quantized_grad: 0]
[num_grad_quant_bins: 4]
[quant_train_renew_leaf: 0]
[stochastic_rounding: 1]
[linear_tree: 0]
[max_bin: 255]
[max_bin_by_feature: ]
[min_data_in_bin: 3]
[bin_construct_sample_cnt: 200000]
[data_random_seed: 5360]
[is_enable_sparse: 1]
[enable_bundle: 1]
[use_missing: 1]
[zero_as_missing: 0]
[feature_pre_filter: 1]
[pre_partition: 0]
[two_round: 0]
[header: 0]
[label_column: ]
[weight_column: ]
[group_column: ]
[ignore_column: ]
[categorical_feature: ]
[forcedbins_filename: ]
[precise_float_parser: 0]
[parser_config_file: ]
[objective_seed: 20746]
[num_class: 1]
[is_unbalance: 0]
[scale_pos_weight: 1]
[sigmoid: 1]
[boost_from_average: 1]
[reg_sqrt: 0]
[alpha: 0.9]
[fair_c: 1]
[poisson_max_delta_step: 0.7]
[tweedie_variance_power: 1.5]
[lambdarank_truncation_level: 30]
[lambdarank_norm: 1]
[label_gain: ]
[lambdarank_position_bias_regularization: 0]
[eval_at: ]
[multi_error_top_k: 1]
[auc_mu_weights: ]
[num_machines: 1]
[local_listen_port: 12400]
[time_out: 120]
[machine_list_filename: ]
[machines: ]
[gpu_platform_id: -1]
[gpu_device_id: -1]
[gpu_device_id_list: ]
[gpu_use_dp: 0]
[num_gpu: 1]

end of parameters

pandas_categorical:null
