tree
version=v4
num_class=1
num_tree_per_iteration=1
label_index=0
max_feature_idx=8
objective=binary sigmoid:1
feature_names=Column_0 Column_1 Column_2 Column_3 Column_4 Column_5 Column_6 Column_7 Column_8
feature_infos=[10.114010810852051:28.836410522460938] [2.4893765449523926:27.074600219726562] [14.25184440612793:32.084369659423828] [1.7234228849411011:28.816766738891602] [7.9170098304748535:39.540420532226562] [202.46978759765625:344.124267578125] [7.9328618049621582:8.3082408905029297] [-1.2311572534387039:0.82621453662995148] [0.020262448556817636:3.7504216044226815]
tree_sizes=1696 1485 1175 1489 1491 1281 1272 1177 1379 1284 1289 1172 1592 1488 1704 1388 1381 1592 1280 1599 1387 1592 1387 1278 1387 1483 1382 1491 1482 1490 1708 1488 1596 1687 1705 1595 1700 1584 1495 1379 1693 1705 1391 1381 1487 1700 1693 1698 1693 1488 1702 1486 1689 1695 1701 1694 1497 1702 1590 1486 1703 1701 1695 1692 1699 1702 1698 1695 1380 1702 1587 1609 1695 1285 1702 1693 1703 1695 1599 1695 1697 1595 1705 1700 1695 1695 1697 1489 1699 1693 1692 1696 1698 1709 1694 1702 1696 1694 1705 1703 1489 1705 1593 1706 1711 1494 1697 1700 1707 1706 1700 1705 1708 1703 1704 1707 1703 1696 1699 1691 1698 1700 1694 1701 1702 1705 1716 1700 1699 1701 1701 1705 1698 1706 1699 1701 1702 1596 1709 1710 1700 1698 1713 1707 1706 1696 1708 1715 1695 1704 1704 1693 1694 1709 1701 1703 1701 1697 1704 1710 1703 1707 1709 1707 1711 1709 1707 1710 1699 1703 1708 1717 1707 1706 1501 1710 1711 1710 1724 1705 1710 1705 1703 1708 1711 1714 1719 1708 1707 1710 1709 1710 1720 1713 1704 1718 1718 1720 1709 1708 1714 1718 1717 1712 1713 1708 1709 1710 1711 1709 1714 1730 1716 1708 1706 1726 1724 1715 1721 1717 1718 1717 1714 1713 1727 1723 1712 1722 1723 1731 1719 1717 1717 1723 1707 1721 1743 1721 1719 1727 1717 1724 1730 1731 1721 1715 1723 1729 1733 1729 1727 1736 1716 1735 1725 1720 1717 1711 1710 1715 1736 1723 1740 1715 1721 1730 1715 1721 1721 1721 1725 1717 1727 1733 1721 1724 1726 1733 1727 1716 1717 1719 1731 1724 1728 1727 1730 1738 1733 1721 1732 1735 1719 1724 1735 1721 1724 1721 1729 1724 1732 1729 1720 1730 1733 1730 1718 1728 1729 1736 1728 1725 1740 1718 1741 1738 1726 1735 1744 1720 1731 1740 1728 1726 1731 1730 1730 1724 1735 1728 1720 1721 1741 1728 1727 1726 1741 1729 1738 1734 1729 1732 1733 1729 1731 1743 1734 1727 1735 1727 1732 1734 1736 1738 1727 1738 1741 1737 1729 1734 1734 1746 1739 1736 1734 1742 1734 1747 1724 1735 1732 1740 1735 1736 1739 1737 1738 1726 1741 1732 1742 1738 1726 1737 1730 1751 1735 1717 1730 1741 1738 1736 1738 1739 1739 1732 1730 1735 1732 1740

Tree=0
num_leaves=15
num_cat=0
split_feature=4 7 0 7 0 1 1 1 6 1 4 4 7 4
split_gain=702.362 176.051 96.5799 70.7205 27.2641 53.972 20.2456 17.0516 14.2091 6.85085 4.62153 3.77085 2.52552 2.20616
threshold=36.958717346191413 -0.97882521492757479 13.957610607147219 -0.52865166272666253 16.863557815551761 15.953606128692629 15.018054485321047 11.155070781707765 8.0797824859619158 9.2324047088623065 38.795892715454109 36.14000320434571 -0.08689904132971496 36.729564666748054
decision_type=2 2 2 2 2 2 2 2 2 2 2 2 2 2
left_child=2 -2 -1 8 7 11 -3 9 13 -5 -8 12 -6 -4
right_child=1 6 3 4 5 -7 10 -9 -10 -11 -12 -13 -14 -15
leaf_value=-0.059374225863327273 -0.046873644686278929 0.055551838300631984 -0.053439654651391229 -0.022287314032621259 0.013103819542081873 -0.041482766873299444 0.0040456404271644406 -0.048805866608471311 -0.00023071528249594384 0.01832653814771441 0.033335970802066038 0.05297462840428465 0.040342981384590824 -0.029661251544050728
leaf_weight=94.880026459693909 17.191924631595612 152.1865555793047 35.399535343050957 5.3319213241338757 7.9732561409473401 8.6772447526454908 8.3118181675672549 9.6839759796857816 5.9866582453250876 8.1358210146427137 11.774932205677031 13.246970921754835 6.1313134133815801 8.8353321999311429
leaf_count=568 97 327 206 26 28 48 32 56 24 27 33 28 15 45
internal_value=0.00114688 0.0426357 -0.0373529 -0.0178899 0.00437745 0.020486 0.0517872 -0.020501 -0.0437027 0.00181828 0.0219824 0.0409153 0.0268318 -0.0494509
internal_weight=393.747 189.465 204.282 109.402 59.1805 36.0288 172.273 23.1517 50.2215 13.4677 20.0868 27.3515 14.1046 44.2349
internal_count=1560 489 1071 503 228 119 392 109 275 53 65 71 43 251
is_linear=0
shrinkage=1


Tree=1
num_leaves=13
num_cat=0
split_feature=3 0 1 4 3 6 4 7 6 6 4 0
split_gain=1063.18 56.4331 41.1754 19.232 16.0713 10.123 4.59057 5.94374 3.81413 11.1937 2.6352 0.825536
threshold=13.687129974365236 16.240607261657718 16.256471633911136 39.147346496582038 12.917111396789553 8.0542187690734881 35.374334335327156 -0.93602878778951892 8.0326080322265643 8.0206146240234393 33.995622634887702 20.678366661071781
decision_type=2 2 2 2 2 2 2 2 2 2 2 2
left_child=4 10 6 -4 -1 8 -3 -8 9 -6 -2 -9
right_child=1 2 3 -5 5 -7 7 11 -10 -11 -12 -13
leaf_value=-0.057739058682165688 -0.0030019640068182953 0.023625335173418853 -0.041161195728850512 0.03149372118780823 -0.049215346676465488 0.013476541389517045 -0.020070573018536465 0.055424165100564401 -0.05261104539937065 0.0099616483049599289 -0.03209843480199949 0.038080040337088138
leaf_weight=156.56733497977257 5.3217881023883802 6.8026735931634894 5.6723982840776426 5.4704443216323853 5.0078449100256019 3.8167874366044989 0.50112484395503898 160.99692822992802 7.8462892025709143 4.9824954569339752 5.5016176104545593 12.263094261288641
leaf_count=936 22 21 32 15 30 13 3 339 47 18 29 32
internal_value=-0.00103494 0.0458865 0.0496451 -0.00583599 -0.054315 -0.0281009 0.0530822 0.0540937 -0.037241 -0.0214809 -0.0192558 0.0544221
internal_weight=380.751 202.53 191.707 11.1428 178.221 21.6534 180.564 173.761 17.8366 9.99034 10.8234 173.26
internal_count=1537 493 442 47 1044 108 395 374 95 48 51 371
is_linear=0
shrinkage=0.03


Tree=2
num_leaves=10
num_cat=0
split_feature=3 5 1 6 4 4 5 1 7
split_gain=1037.1 61.888 29.6675 7.01766 5.77635 4.41953 3.78307 2.62741 0.42283
threshold=13.687129974365236 258.14437866210943 16.360185623168949 8.0891404151916522 38.882535934448249 35.208374023437507 231.01960754394534 9.2324047088623065 -0.83675434338598031
decision_type=2 2 2 2 2 2 2 2 2
left_child=3 2 5 -1 -4 -2 -7 -3 -8
right_child=1 7 4 -5 -6 6 8 -9 -10
leaf_value=-0.053945748324038811 0.019049176598379725 -0.032170599011114576 -0.020216227097954696 -0.01757169371347915 0.021221986442958665 0.032467260556814981 0.03344255932442626 -0.004518488690709776 0.055047833251116216
leaf_weight=171.5143740773201 4.9783109426498404 5.6671752333641034 5.3226552009582502 6.1531331092119208 4.8096677213907242 12.920478031039236 6.4481810331344596 6.48319311439991 162.61684887111187
leaf_count=1014 16 30 26 29 15 36 17 27 337
internal_value=0.000352511 0.0455125 0.0495575 -0.0527914 -0.000406703 0.052253 0.0530523 -0.0188816 0.0544253
internal_weight=386.914 209.247 197.096 177.668 10.1323 186.964 181.986 12.1504 169.065
internal_count=1547 504 447 1043 41 406 390 57 354
is_linear=0
shrinkage=0.03


Tree=3
num_leaves=13
num_cat=0
split_feature=3 0 1 3 8 5 1 7 1 5 8 8
split_gain=952.189 45.5458 29.0697 17.0288 13.2307 31.2495 7.73016 4.72199 3.72828 1.86996 0.806396 0.670504
threshold=13.745976448059084 16.570536613464359 16.256471633911136 12.917111396789553 2.8430144265406736 267.06523132324224 17.541178703308109 -0.91017741815175801 9.8798122406005877 226.27620697021487 1.195531609593196 2.2309783467139472
decision_type=2 2 2 2 2 2 2 2 2 2 2 2
left_child=3 10 7 -1 5 -5 -4 -3 -9 -10 -2 -11
right_child=1 2 6 4 -6 -7 -8 8 9 11 -12 -13
leaf_value=-0.053629745807241454 -0.019944530387384161 0.010311222271500151 0.019958766543734022 0.032446843729894946 -0.051608538876992252 -0.049272905262197658 -0.025437054612431939 0.012657640168206561 0.010002097356199035 0.053095898225376886 -0.0029375657377912032 0.037443228755780433
leaf_weight=155.12979017198086 6.6569132059812528 3.1512794196605673 7.7875728309154493 7.9403092861175555 8.992718502879141 6.9832937121391296 4.4906636625528336 2.9799927324056616 1.4902098178863514 162.39876070618629 4.3213683813810349 13.690392807126043
leaf_count=927 32 11 25 22 54 42 23 10 5 341 18 35
internal_value=0.000566236 0.0442922 0.0476152 -0.0499438 -0.0248425 -0.00648567 0.00269033 0.050587 0.0512292 0.051802 -0.0140542 0.0520973
internal_weight=386.013 206.967 195.989 179.046 23.9163 14.9236 12.2782 183.711 180.559 177.579 10.9783 176.089
internal_count=1545 500 450 1045 118 64 48 402 391 381 50 376
is_linear=0
shrinkage=0.03


Tree=4
num_leaves=13
num_cat=0
split_feature=3 0 0 3 4 8 0 4 5 7 7 4
split_gain=918.522 60.1541 24.7695 12.3224 11.5283 8.42342 22.7124 5.57388 2.64269 2.22037 0.651982 0.525816
threshold=13.687129974365236 16.240607261657718 20.813953399658207 12.926437377929689 38.882535934448249 2.9312958016524484 13.957610607147219 31.581495285034183 265.40240478515631 -0.86667000901180791 -0.074788294607539982 35.518205642700202
decision_type=2 2 2 2 2 2 2 2 2 2 2 2
left_child=3 8 7 -1 -4 6 -5 -3 -2 -9 11 -11
right_child=1 2 4 5 -6 -7 -8 9 -10 10 -12 -13
leaf_value=-0.052711676560644453 -0.0074424916731442789 -0.020700381023449222 -0.014109773371607506 -0.047042052352807485 0.034505022922640932 -0.048961009619487329 0.028001573810824926 0.012449965077161002 -0.038882520385025113 0.024127929796219957 0.03444196651578741 0.051853559077317223
leaf_weight=154.85940484702587 4.8212259709835035 0.50046631693839927 8.1321792453527433 6.1214713752269763 7.6047476828098288 7.4622627794742575 6.4624971598386765 2.1428141593933097 5.3252208083868027 3.1437906473875037 10.550168991088865 166.03206944465637
leaf_count=932 21 3 37 37 20 45 19 7 30 9 28 350
internal_value=0.000754578 0.0432293 0.0468851 -0.0497766 0.0100409 -0.0256753 -0.0092791 0.0499924 -0.0259513 0.050299 0.0506789 0.0514831
internal_weight=383.158 208.253 198.106 174.906 15.7369 20.0462 12.584 182.369 10.1464 181.869 179.726 169.176
internal_count=1538 505 454 1033 57 101 56 397 51 394 387 359
is_linear=0
shrinkage=0.03


Tree=5
num_leaves=11
num_cat=0
split_feature=3 0 0 3 6 4 4 4 4 8
split_gain=881.365 56.0613 23.0724 6.39114 5.97928 5.97223 4.30894 2.42512 8.34499 2.3411
threshold=13.687129974365236 16.570536613464359 21.143773078918461 12.917111396789553 8.0316958427429217 33.941772460937507 33.497381210327156 38.196466445922859 34.573364257812507 2.2309783467139472
decision_type=2 2 2 2 2 2 2 2 2 2
left_child=3 6 5 -1 -4 -3 -2 8 -5 -7
right_child=1 2 4 7 -6 9 -8 -9 -10 -11
leaf_value=-0.051812185698071368 -0.0022274520297028652 -0.0021199095842855042 -0.012433139808203318 -0.046030631795872717 0.025497276032078128 0.05054772757261649 -0.039117850547149238 -0.046612153009213127 -0.0010028885083239523 0.034472376883009144
leaf_weight=151.90195749700069 5.3096567988395673 1.9901630431413639 6.6372817605733854 5.767476141452792 6.4445059448480606 162.3140432536602 5.4879660606384277 6.1059619784355155 8.2850087881088239 18.514700949192047
leaf_count=922 22 8 30 35 19 345 31 37 34 49
internal_value=0.000459004 0.0421214 0.0457916 -0.0495447 0.00673631 0.0485344 -0.0227037 -0.0308173 -0.0213136 0.0491004
internal_weight=378.759 206.698 195.901 172.06 13.0818 182.819 10.7976 20.1584 14.0525 180.829
internal_count=1532 504 451 1028 49 402 53 106 69 394
is_linear=0
shrinkage=0.03


Tree=6
num_leaves=11
num_cat=0
split_feature=4 8 0 8 0 1 8 0 4 4
split_gain=535.391 164.955 60.7009 159.568 22.1282 12.0648 5.95353 5.88 1.50307 0.820915
threshold=36.958717346191413 2.8925652622144127 14.133542537689211 2.7211913247447574 16.863557815551761 15.058192729949953 2.3104267749292009 15.267641544342043 35.094516754150398 38.501655578613288
decision_type=2 2 2 2 2 2 2 2 2 2
left_child=2 5 -1 4 7 9 -7 -4 -6 -2
right_child=1 -3 3 -5 8 6 -8 -9 -10 -11
leaf_value=-0.051240263558535087 0.05043650711730497 -0.047769357510942322 0.010800428317525524 -0.050159766271393798 0.019113450989887641 0.033319212668427939 -0.002574659255137229 -0.025772568333274539 0.042168925367378533 0.032824795492661964
leaf_weight=93.929348602890968 137.46717931330204 17.705524265766144 7.7720447629690153 57.8903828561306 5.6180858016014126 11.184312596917154 6.1086268573999396 6.296526312828064 24.89236968755722 10.032726258039473
leaf_count=577 289 106 29 353 18 30 25 32 59 26
internal_value=0.000386876 0.0372759 -0.0339065 -0.0176756 0.0246833 0.0466463 0.0211923 -0.00619225 0.0386649 0.0494677
internal_weight=378.897 182.498 196.399 102.469 44.579 164.793 17.2929 14.0686 30.5105 147.5
internal_count=1544 476 1068 491 138 370 55 61 77 315
is_linear=0
shrinkage=0.03


Tree=7
num_leaves=10
num_cat=0
split_feature=3 4 7 2 5 3 5 4 3
split_gain=768.035 59.4642 22.5304 8.12733 6.28278 4.91391 6.27323 15.1681 0.259911
threshold=13.687129974365236 35.208374023437507 -0.93602878778951892 21.02431678771973 230.793327331543 12.917111396789553 240.45979309082034 34.132165908813484 14.436128139495851
decision_type=2 2 2 2 2 2 2 2 2
left_child=5 3 -3 8 -4 -1 -7 -8 -2
right_child=1 2 4 -5 -6 6 7 -9 -10
leaf_value=-0.048847563616200664 -0.037405677696601095 -0.010532287136072703 0.02121465276345982 0.007579215796399451 0.0479676167188339 -0.047778671345718289 -0.044398815891564261 0.019290676941995984 -0.016269523915940106
leaf_weight=152.69756293296814 5.4551768153905886 6.1259242892265311 10.670874252915381 8.4356626719236356 163.92711414396763 9.168558210134508 5.8592270761728269 5.7758438140153885 3.3217684477567673
leaf_count=938 31 27 33 31 356 56 36 19 16
internal_value=-0.000869888 0.0394269 0.0444834 -0.0131919 0.0464627 -0.0468044 -0.0302551 -0.0137578 -0.0318886
internal_weight=371.438 197.937 180.724 17.2126 174.598 173.501 20.8036 11.6351 8.77695
internal_count=1543 494 416 78 389 1049 111 55 47
is_linear=0
shrinkage=0.03


Tree=8
num_leaves=12
num_cat=0
split_feature=3 0 5 3 8 5 4 0 8 5 5
split_gain=748.787 48.1682 20.5207 7.19807 7.90455 20.0022 6.8053 3.09386 2.70565 4.16375 0.348334
threshold=13.687129974365236 16.240607261657718 225.1523132324219 12.917111396789553 2.9312958016524484 267.06523132324224 31.581495285034183 14.448084354400637 2.0551117177701812 236.2900314331055 254.26270294189456
decision_type=2 2 2 2 2 2 2 2 2 2 2
left_child=3 7 -3 -1 5 -5 -4 -2 10 -10 -8
right_child=1 2 6 4 -6 -7 8 -9 9 -11 -12
leaf_value=-0.047871446895874796 -0.036508112002635061 -0.0014636364801958899 -0.024820979964195789 0.029150025211405393 -0.046375229445877887 -0.043770975392695657 0.047950148142973402 -0.0032367267199320867 0.015498433818150534 0.04223676461180987 0.031759667359816342
leaf_weight=151.91485996544361 5.43282203376293 8.9263223856687528 0.6673436313867559 5.6246479451656359 8.9288928657770139 5.9820223748683929 145.57948082685471 4.4787386953830719 9.7669035196304339 17.088678911328316 9.3139487802982313
leaf_count=942 31 36 4 16 55 37 314 19 32 39 25
internal_value=0.000227497 0.0394477 0.0427936 -0.045507 -0.0266051 -0.00892395 0.0449555 -0.0231482 0.0453461 0.033418 0.0471866
internal_weight=373.705 201.254 191.343 172.45 20.5356 11.6067 182.416 9.91156 181.749 26.8556 154.893
internal_count=1550 500 450 1050 108 53 414 50 410 71 339
is_linear=0
shrinkage=0.03


Tree=9
num_leaves=11
num_cat=0
split_feature=3 4 1 4 3 1 1 0 4 0
split_gain=697.094 39.8621 23.0962 10.3433 7.04776 6.42919 16.6378 5.05629 3.59435 1.85269
threshold=13.687129974365236 35.094516754150398 16.130197525024418 39.147346496582038 12.917111396789553 14.503366470336916 9.8798122406005877 17.228413581848148 33.974069595336921 20.678366661071781
decision_type=2 2 2 2 2 2 2 2 2 2
left_child=4 7 9 -4 -1 6 -6 8 -2 -3
right_child=1 2 3 -5 5 -7 -8 -9 -10 -11
leaf_value=-0.047304141559016674 0.00060586772604584991 0.045718677988363814 -0.025614351868456921 0.027535575983014517 -0.043093177336428451 -0.045439572484302457 0.021752130267970796 0.019159395728175016 -0.029670202556399222 0.027037856212462422
leaf_weight=148.90416540205479 7.1151231080293673 158.39592288434505 5.7802524566650373 5.4113568812608719 6.0930628925561923 8.2175205498933774 6.2614559382200241 4.7664456665515891 5.9265589118003845 10.22153404355049
leaf_count=935 29 352 29 15 38 51 20 15 32 29
internal_value=-0.000418663 0.0377789 0.0419981 0.000235296 -0.0449191 -0.0262632 -0.0110607 -0.00479123 -0.0142857 0.0447523
internal_weight=367.093 197.617 179.809 11.1916 169.476 20.572 12.3545 17.8081 13.0417 168.617
internal_count=1545 501 425 44 1044 109 58 76 61 381
is_linear=0
shrinkage=0.03


Tree=10
num_leaves=11
num_cat=0
split_feature=0 8 1 0 1 5 7 5 8 8
split_gain=333.048 403.664 21.6034 12.6281 15.8688 8.12881 3.11503 2.17701 1.47452 0.932723
threshold=16.863557815551761 2.8925652622144127 16.360185623168949 14.133542537689211 11.155070781707765 265.78849792480474 -0.97091782375839342 230.793327331543 3.1183472501205114 2.2309783467139472
decision_type=2 2 2 2 2 2 2 2 2 2
left_child=3 2 6 -1 5 -5 -2 -8 -3 -4
right_child=1 8 9 4 -6 -7 7 -9 -10 -11
leaf_value=-0.047424130789216853 -0.015419546760837946 -0.020814658029139056 0.0076220255556659943 0.024659277329517094 -0.045679996911051943 -0.020612357749822195 0.026698624597612689 0.045540688295761536 -0.047584810640664804 -0.0091070882140639603
leaf_weight=89.156018108129501 0.33380433917045493 4.1978672444820395 4.9516129940748197 6.2519843280315417 11.086304023861883 6.0411145985126495 10.867886483669279 164.18716697394848 57.54453818500042 5.0577357113361359
leaf_count=570 2 22 18 20 70 31 31 366 366 23
internal_value=0.000336094 0.0198081 0.0418954 -0.0422245 -0.0212642 0.00253475 0.0443283 0.0445292 -0.0461255 -0.000890606
internal_weight=359.676 247.141 185.398 112.535 23.3794 12.2931 175.389 175.055 61.7424 10.0093
internal_count=1519 828 440 691 121 51 399 397 388 41
is_linear=0
shrinkage=0.03


Tree=11
num_leaves=10
num_cat=0
split_feature=3 5 0 8 8 4 4 7 8
split_gain=647.973 46.4703 20.708 8.6728 7.70626 6.89002 2.47636 2.04733 1.2662
threshold=13.630921363830568 255.32027435302737 21.143773078918461 2.1971727537611283 1.0288624698825137 37.639591217041023 33.941772460937507 -0.94725159135378612 2.5145060069904721
decision_type=2 2 2 2 2 2 2 2 2
left_child=5 2 6 -4 -3 -1 -2 -8 -9
right_child=1 4 3 -5 -6 -7 7 8 -10
leaf_value=-0.04513355329435019 0.0041057348455367324 -0.039527605080391298 0.02206918489047453 -0.027158582539765008 0.0041547703588000673 -0.013674355108204597 0.00034447257158284309 0.04492609359953878 0.02850883461385896
leaf_weight=152.41544821858406 1.6469337642192829 5.7287099957466108 6.5720233172178251 4.6069688051939011 7.5357054024934769 7.646911993622779 0.98694710433483024 161.31901721656322 11.236606881022452
leaf_count=974 6 33 20 24 30 38 4 362 31
internal_value=0.00109417 0.0370681 0.0409225 0.00121776 -0.0161595 -0.0437248 0.0434348 0.0437824 0.0440274
internal_weight=359.695 199.633 186.368 11.179 13.2644 160.062 175.19 173.543 172.556
internal_count=1522 510 447 44 63 1012 403 397 393
is_linear=0
shrinkage=0.03


Tree=12
num_leaves=14
num_cat=0
split_feature=3 0 1 3 6 4 6 6 0 1 2 4 4
split_gain=573.023 33.9672 26.5984 12.9524 6.96451 6.4579 4.69374 4.76335 2.46502 3.37857 1.85141 1.06572 0.428205
threshold=13.687129974365236 16.240607261657718 16.360185623168949 12.917111396789553 8.0545110702514666 39.147346496582038 8.0326080322265643 8.0206146240234393 20.813953399658207 9.8401131629943865 19.978386878967289 35.094516754150398 38.426225662231452
decision_type=2 2 2 2 2 2 2 2 2 2 2 2 2
left_child=3 10 8 -1 6 -4 7 -5 9 -3 -2 -11 -13
right_child=1 2 5 4 -6 -7 -8 -9 -10 11 -12 12 -14
leaf_value=-0.044782287795634861 -0.0020311943569809323 0.0098592918221703935 -0.028598265121746892 -0.030818953467177401 0.016568076550803539 0.015268725796205354 -0.042689037129601107 0.0076496472058662128 0.023319878974216043 0.019174051137257085 -0.027471232671765596 0.044358786440630259 0.031792620371215635
leaf_weight=138.57087780535221 4.5916910916566831 3.5430004447698584 5.2880957126617414 4.4331170469522529 3.5643784552812567 4.9252996444702148 7.3705934882163993 5.5407301783561707 10.745144143700598 3.9192373901605597 5.4058282077312469 137.62058247625828 14.897982344031332
leaf_count=902 20 12 28 26 12 16 47 22 32 12 29 311 39
internal_value=0.0004023 0.0353804 0.0383542 -0.0414347 -0.0182172 -0.00796876 -0.0258793 -0.010699 0.0411556 0.0422013 -0.0170342 0.0428665 0.0433464
internal_weight=350.417 190.937 180.939 159.48 20.9088 10.2134 17.3444 9.97385 170.726 159.981 9.99752 156.438 152.519
internal_count=1508 499 450 1009 107 44 95 48 406 374 49 362 350
is_linear=0
shrinkage=0.03


Tree=13
num_leaves=13
num_cat=0
split_feature=3 0 0 3 8 5 4 8 8 8 5 5
split_gain=581.711 49.7558 16.4168 7.41276 6.26534 18.7773 4.53434 3.72146 3.57062 2.40039 4.17425 0.138321
threshold=13.687129974365236 16.240607261657718 21.143773078918461 12.926437377929689 2.9312958016524484 267.06523132324224 31.581495285034183 2.0255606532048276 1.3332371378501853 2.2309783467139472 236.2900314331055 253.67239379882815
decision_type=2 2 2 2 2 2 2 2 2 2 2 2
left_child=3 8 6 -1 5 -5 -3 -4 -2 11 -11 -8
right_child=1 2 7 4 -6 -7 9 -9 -10 10 -12 -13
leaf_value=-0.044139957053021185 -0.038487218214735268 -0.020796592542765897 0.018054841501526798 0.030520277331759573 -0.042067792962777885 -0.040520221123224301 0.04350552385921632 -0.012521919452375732 -0.00096790534307074946 0.0074237949952068874 0.038783397478600511 0.029443409653613143
leaf_weight=143.0646446198225 6.8424693793058378 0.50039412081241508 7.5210756063461286 5.4340025782585162 7.3200117498636237 6.0230024755001068 143.79400062561035 5.2700785398483276 3.2944379895925522 6.7597129642963436 9.8951244503259641 9.5626027882099134
leaf_count=944 40 3 24 15 47 39 330 24 14 24 23 26
internal_value=8.81753e-05 0.0351195 0.0387114 -0.0417413 -0.0221576 -0.00708084 0.0411592 0.00546243 -0.0274754 0.0414621 0.0271969 0.0428251
internal_weight=355.282 193.44 183.303 161.842 18.777 11.457 170.512 12.7912 10.1369 170.011 16.6548 153.357
internal_count=1553 508 454 1045 101 54 406 48 54 403 47 356
is_linear=0
shrinkage=0.03


Tree=14
num_leaves=15
num_cat=0
split_feature=4 7 0 1 0 7 1 5 4 2 7 4 1 4
split_gain=346.688 84.0577 47.9243 47.1347 28.4509 34.4111 11.2631 8.84532 6.92439 4.55374 2.82489 1.95177 3.09642 1.20207
threshold=36.958717346191413 -0.97882521492757479 13.957610607147219 16.062227249145511 19.383252143859867 -0.37382471941912571 14.738187789916994 258.14437866210943 36.094381332397468 18.498483657836918 0.15244952492325456 38.795892715454109 15.058192729949953 39.147346496582038
decision_type=2 2 2 2 2 2 2 2 2 2 2 2 2 2
left_child=2 13 -1 4 5 8 -3 -7 -4 -9 -11 12 -8 -2
right_child=1 6 3 -5 -6 7 11 9 -10 10 -12 -13 -14 -15
leaf_value=-0.044482267173771739 -0.038905315151437657 0.041854534382015134 -0.043165110790720031 -0.041616737400449529 0.03736035991192508 0.032859460118564596 0.022808240904749907 0.019043118663969724 0.0031722764364861384 -0.023357096988778529 0.0064858376411738175 0.027544314308162361 -0.0044644394067920512 -0.012791538491820711
leaf_weight=84.131326109170914 11.756229907274244 128.74605773389339 18.514873817563057 33.525844797492027 14.525536626577376 10.958010956645017 6.709573447704317 5.4737913161516216 3.2553809136152259 6.5241504162549955 4.026500329375267 11.156236127018927 6.7565925419330597 3.2969571352004996
leaf_count=567 75 305 124 220 36 29 20 20 14 34 15 32 28 17
internal_value=0.000730177 0.0316091 -0.0280288 -0.0134207 0.00193302 -0.00916108 0.0382624 0.0133324 -0.0364011 -0.00116656 -0.0123925 0.0185794 0.0097616 -0.034339
internal_weight=349.357 168.422 180.935 96.8041 63.2782 48.7527 153.368 26.9825 21.7703 16.0244 10.5507 24.6224 13.4662 15.0532
internal_count=1536 477 1059 492 272 236 385 98 138 69 49 80 48 92
is_linear=0
shrinkage=0.03


Tree=15
num_leaves=12
num_cat=0
split_feature=0 8 1 0 1 5 6 5 8 1 8
split_gain=261.628 325.701 17.7394 10.7029 10.6108 10.9367 10.3325 3.03822 3.02207 2.37809 0.537943
threshold=16.863557815551761 2.8925652622144127 16.256471633911136 14.133542537689211 11.226923465728762 265.40240478515631 8.0509853363037127 233.35565948486331 1.9365449016937606 9.8798122406005877 3.1183472501205114
decision_type=2 2 2 2 2 2 2 2 2 2 2
left_child=3 2 7 -1 5 -5 -4 8 -2 -9 -3
right_child=1 10 6 4 -6 -7 -8 9 -10 -11 -12
leaf_value=-0.043934261074418196 0.035815126275278525 -0.022142378452629948 -0.020372514355630814 0.027279976033868131 -0.038803711257980662 -0.026136427405723032 0.032295237229956753 0.012609933370793103 0.012485056142138887 0.043044510927508259 -0.043421252246063517
leaf_weight=84.592697277665138 17.136571288108829 4.4182073324918738 6.9337645173072797 5.9121210724115389 11.680682033300398 5.8872916996479034 4.809768334031105 3.3739778548479071 8.9878341108560544 134.68727892637253 56.254118949174881
leaf_count=578 43 24 35 18 76 33 12 11 30 314 378
internal_value=-0.000445408 0.0172137 0.0378457 -0.0389094 -0.0197509 0.000668257 0.00204002 0.0403789 0.0285449 0.0423968 -0.0422559
internal_weight=344.674 236.602 175.929 108.073 23.4801 11.7994 11.7435 164.186 26.1244 138.061 60.6723
internal_count=1552 847 445 705 127 51 47 398 73 325 402
is_linear=0
shrinkage=0.03


Tree=16
num_leaves=12
num_cat=0
split_feature=4 8 0 8 8 4 1 2 1 1 0
split_gain=303.828 114.151 46.5289 114.285 11.691 9.04941 7.62868 3.65407 1.59453 2.56847 0.253976
threshold=36.934047698974616 2.9312958016524484 13.957610607147219 2.7211913247447574 2.3104267749292009 34.482902526855476 14.974328041076662 21.889920234680179 11.155070781707765 9.3230810165405291 20.716280937194828
decision_type=2 2 2 2 2 2 2 2 2 2 2
left_child=2 4 -1 5 10 8 -6 -7 9 -4 -2
right_child=1 -3 3 -5 6 7 -8 -9 -10 -11 -12
leaf_value=-0.043207218352891368 0.042145919232276362 -0.041223545098110929 -0.004625660435833589 -0.0421973471037798 0.030446717287084979 0.012513932364241892 -0.0099712038041478695 0.037106584562050036 -0.012400052902396076 0.022839900886413349 0.029015190197764308
leaf_weight=81.403044268488884 120.19646030664444 17.396248757839203 6.1850289255380613 52.92788191139698 8.2896658629178983 8.8860608935356158 6.9809209257364264 22.426691234111786 3.8872468322515479 4.5865349918603897 11.24432387948036
leaf_count=566 285 114 28 363 22 33 31 56 18 14 31
internal_value=0.00028617 0.0297267 -0.0265262 -0.0125011 0.0383618 0.0218591 0.0124925 0.0307308 0.00215587 0.00801596 0.0412502
internal_weight=344.41 164.108 180.302 98.8994 146.711 45.9716 15.2706 31.3128 14.6588 10.7716 131.441
internal_count=1561 483 1078 512 369 149 53 89 60 42 316
is_linear=0
shrinkage=0.03


Tree=17
num_leaves=14
num_cat=0
split_feature=3 0 1 4 3 1 1 7 4 1 4 4 1
split_gain=471.809 36.3664 23.5698 5.8511 5.02268 5.49467 16.285 3.10214 3.09831 1.22151 0.734789 0.788856 0.888022
threshold=13.687129974365236 16.240607261657718 16.494662284851078 31.581495285034183 12.917111396789553 13.093044757843019 9.7757320404052752 -0.91017741815175801 38.819355010986335 9.2324047088623065 38.632978439331062 35.208374023437507 15.319528579711916
decision_type=2 2 2 2 2 2 2 2 2 2 2 2 2
left_child=4 9 3 -3 -1 6 -6 -5 -4 -2 11 -9 -13
right_child=1 2 8 7 5 -7 -8 10 -10 -11 -12 12 -14
leaf_value=-0.041160319995128467 -0.032470932230940573 -0.025335014269353591 -0.024665579516541174 0.010518972120302153 -0.037743011149781708 -0.037928052267925845 0.032240501079887185 0.0220978566156163 0.0069815318810655122 -0.0082466270662920321 0.025621105992749485 0.041274207895244046 0.024664465329433029
leaf_weight=131.83616058528423 5.2219352722167951 0.66560131311416526 4.7503229230642301 4.3841755241155616 5.5631411224603671 9.6466604322195035 4.525506928563118 6.110025390982627 4.7306158095598221 3.9525422155857086 10.546823829412459 135.33021372556686 8.4024987220764142
leaf_count=921 31 4 25 15 38 61 12 18 17 18 30 327 24
internal_value=0.000120511 0.032316 0.0353819 0.0380092 -0.0389388 -0.0228294 -0.00627377 0.0384164 -0.00971541 -0.0238709 0.039109 0.0398822 0.0404803
internal_weight=335.666 184.095 174.92 165.439 151.571 19.7353 10.0886 164.774 9.48094 9.17448 160.39 149.843 143.733
internal_count=1541 509 460 418 1032 111 50 414 42 49 399 369 351
is_linear=0
shrinkage=0.03


Tree=18
num_leaves=11
num_cat=0
split_feature=3 4 7 3 8 0 8 5 2 4
split_gain=453.958 29.4218 19.9155 9.91166 6.92543 15.1665 4.86507 3.32319 0.318084 0.193757
threshold=13.687129974365236 35.094516754150398 -0.93602878778951892 12.926437377929689 2.9312958016524484 13.957610607147219 1.195531609593196 227.48091888427737 21.889920234680179 38.426225662231452
decision_type=2 2 2 2 2 2 2 2 2 2
left_child=3 6 -3 -1 5 -5 -2 -4 -9 -10
right_child=1 2 7 4 -6 -7 -8 8 9 -11
leaf_value=-0.04112562943321902 -0.023821301463764561 -0.013470385487551558 0.01358647252535722 -0.0370331268989691 -0.039303465981906531 0.025124538096904032 0.0077651617988692629 0.021609300373701457 0.040530434437759624 0.028515537549400099
leaf_weight=133.81716869771481 6.7245435565710094 6.5109043866395941 6.0747847557067862 5.3433514982461947 6.5442101061344138 6.9823709577322006 9.3511667251586896 4.7772537618875495 129.95013988018036 12.27153520286083
leaf_count=952 36 30 20 37 44 21 36 14 320 34
internal_value=-0.000526026 0.032277 0.0361535 -0.0382291 -0.016652 -0.00257853 -0.00606887 0.038338 0.0392621 0.0397001
internal_weight=328.347 175.66 159.585 152.687 18.8699 12.3257 16.0757 153.074 146.999 142.222
internal_count=1544 490 418 1054 102 58 72 388 368 354
is_linear=0
shrinkage=0.03


Tree=19
num_leaves=14
num_cat=0
split_feature=4 8 0 8 4 1 4 1 1 4 8 1 2
split_gain=257.842 99.0934 43.9924 99.9004 13.1906 10.8573 6.24683 4.76873 5.14506 1.04017 0.212979 0.0961692 0.0408855
threshold=36.958717346191413 2.8925652622144127 13.957610607147219 2.7211913247447574 35.518205642700202 15.058192729949953 38.795892715454109 11.155070781707765 9.3230810165405291 38.501655578613288 3.1664919375798388 16.256471633911136 24.16547775268555
decision_type=2 2 2 2 2 2 2 2 2 2 2 2 2
left_child=2 5 -1 4 7 9 -7 8 -4 -2 -5 -3 -6
right_child=1 11 3 10 12 6 -8 -9 -10 -11 -12 -13 -14
leaf_value=-0.041620921429990479 0.040698537210128082 -0.022045120552835126 -0.0090408719623593266 -0.019757958668736648 0.023317539090938161 -0.0066650609019643708 0.029024881119690919 -0.01669827153639572 0.025612891498364494 0.024928582202351581 -0.04139608446218191 -0.041049805853633881 0.037298041844893673
leaf_weight=78.986131191253662 110.42177984118462 4.5087147802114513 5.7850417494773891 3.1689629256725302 7.6677877157926586 7.7837554514408138 8.3464087992906553 6.9434258490800849 8.5554152429103834 10.009732380509375 46.931958213448524 13.071434110403059 17.762498036026955
leaf_count=577 274 25 28 20 23 33 23 34 27 29 341 92 45
internal_value=-0.000363095 0.0278637 -0.0251299 -0.0113877 0.0199663 0.0365065 0.0124187 0.00227777 0.0119553 0.0396039 -0.0404409 -0.0376246 0.0341243
internal_weight=329.943 154.142 175.801 96.8151 46.7142 136.562 16.1302 21.2839 14.3405 120.432 50.1009 17.5801 25.4303
internal_count=1571 476 1095 518 157 359 56 89 55 303 361 117 68
is_linear=0
shrinkage=0.03


Tree=20
num_leaves=12
num_cat=0
split_feature=3 4 1 3 8 1 3 1 5 7 8
split_gain=419.274 26.8231 24.2069 8.55853 6.00482 15.3497 4.89103 4.50167 3.6462 3.06552 0.975101
threshold=13.687129974365236 35.208374023437507 16.306790351867679 12.926437377929689 2.9312958016524484 9.8798122406005877 17.313705444335941 9.2324047088623065 224.23816680908206 -0.91017741815175801 2.3104267749292009
decision_type=2 2 2 2 2 2 2 2 2 2 2
left_child=3 7 8 -1 5 -5 -4 -2 -3 -10 -11
right_child=1 2 6 4 -6 -7 -8 -9 9 10 -12
leaf_value=-0.040102050095819838 -0.024845884059685897 -0.0035013240612032262 -0.02949378799718597 -0.036978938666044896 -0.038371092135354279 0.024228131739326638 0.010355763247372113 0.0061836701995238545 -0.00059592229952510419 0.039391679180376081 0.025169530549616643
leaf_weight=131.16228273510933 5.8078278005123165 1.7708913981914509 4.874825716018675 5.9053295850753802 6.7841259390115729 6.9372849017381668 4.5122773200273514 10.250412508845328 1.8035199344158162 133.86090278625488 11.680462956428526
leaf_count=966 33 7 26 42 47 21 16 39 7 340 34
internal_value=-0.000788382 0.0307837 0.0345072 -0.0372999 -0.017537 -0.0045545 -0.0111857 -0.00583751 0.037439 0.0379513 0.0384298
internal_weight=325.35 174.561 158.503 150.789 19.6267 12.8426 9.3871 16.0582 149.116 147.345 145.541
internal_count=1578 502 430 1076 110 63 42 72 388 381 374
is_linear=0
shrinkage=0.03


Tree=21
num_leaves=14
num_cat=0
split_feature=4 8 0 8 5 8 8 1 1 5 1 2 6
split_gain=260.333 53.1486 39.6047 97.3962 14.3926 5.89768 5.05557 4.78959 4.64502 4.10694 2.60317 0.546367 0.409564
threshold=37.201108932495124 2.7599112036002964 13.957610607147219 2.7211913247447574 255.32027435302737 1.195531609593196 2.1971727537611283 15.018054485321047 16.256471633911136 235.4142990112305 10.236512660980226 23.376268386840824 8.0742635726928729
decision_type=2 2 2 2 2 2 2 2 2 2 2 2 2
left_child=2 6 -1 4 9 -6 12 -8 -3 -4 -7 -11 -2
right_child=1 8 3 -5 5 10 7 -9 -10 11 -12 -13 -14
leaf_value=-0.040673268163571134 0.039726445809659616 -0.0036689967182370635 0.0030528082322127275 -0.039812371458289544 -0.028231753675320825 0.019750289184630569 0.02883348927368861 -0.0083291955094478131 -0.039871766941787137 0.021972551981685132 -0.0071572370124747117 0.037616550028397776 0.027268674421854974
leaf_weight=74.650460094213486 100.54628293216228 5.4960270375013334 4.7734555900096884 52.822729557752609 5.1513830274343517 6.1131577491760236 7.9669385403394681 4.2221105694770813 7.4061229079961777 8.549822539091112 5.2036009132862091 19.478709742426872 12.471442192792891
leaf_count=565 257 25 19 393 28 21 22 18 52 26 25 50 36
internal_value=-0.000133195 0.0306053 -0.0241896 -0.0118591 0.0183055 -0.00444112 0.0365787 0.0163054 -0.0258234 0.0295189 0.00780126 0.0337658 0.038603
internal_weight=314.852 138.109 176.743 102.093 49.2701 16.4681 125.207 12.189 12.9021 32.802 11.3168 28.0285 113.018
internal_count=1537 410 1127 562 169 74 333 40 77 95 46 76 293
is_linear=0
shrinkage=0.03


Tree=22
num_leaves=12
num_cat=0
split_feature=3 4 1 4 8 4 4 8 6 3 3
split_gain=372.222 27.7693 22.3431 7.4113 10.7104 5.80409 5.40031 2.09046 0.624375 0.588522 1.34443
threshold=13.630921363830568 35.208374023437507 16.360185623168949 37.478509902954109 3.2742938318771642 34.09923171997071 39.147346496582038 2.3104267749292009 8.0840406417846697 12.994469642639162 13.299135684967043
decision_type=2 2 2 2 2 2 2 2 2 2 2
left_child=3 5 7 9 -5 -2 -4 8 -3 -1 -11
right_child=1 2 6 4 -6 -7 -8 -9 -10 10 -12
leaf_value=-0.039080150610771171 0.0065785130326822747 0.038641971284236569 -0.031936322479024268 0.021826947798950003 -0.036310140194246443 -0.02941203298485405 0.01109319600371164 0.021562693275085629 0.026334958869943002 -0.0094331686965361174 -0.035971115218780103
leaf_weight=121.03986352682114 8.8417360186576825 118.46460637450218 4.4583721160888654 4.4502940922975522 5.0953883826732635 5.9994323253631583 4.3163745403289795 12.716853961348532 13.54689699411392 4.4910664558410636 3.3445955514907837
leaf_count=924 35 310 26 15 36 34 15 39 40 25 23
internal_value=-0.000133321 0.0297544 0.033526 -0.0364347 -0.00970645 -0.00890866 -0.0118003 0.0363362 0.0375865 -0.0383245 -0.0235498
internal_weight=306.765 168.344 153.503 138.421 9.54568 14.8412 8.77475 144.728 132.012 128.876 7.83566
internal_count=1522 499 430 1023 51 69 41 389 350 972 48
is_linear=0
shrinkage=0.03


Tree=23
num_leaves=11
num_cat=0
split_feature=3 0 1 3 8 1 2 8 3 6
split_gain=363.885 22.5472 20.1915 9.16355 7.40979 13.0618 2.95828 2.91358 1.92378 0.815148
threshold=13.687129974365236 16.240607261657718 16.415191650390629 12.917111396789553 2.9312958016524484 9.8798122406005877 19.881338119506839 2.3104267749292009 17.02138710021973 8.0840406417846697
decision_type=2 2 2 2 2 2 2 2 2 2
left_child=3 6 7 -1 5 -5 -2 9 -4 -3
right_child=1 2 8 4 -6 -7 -8 -9 -10 -11
leaf_value=-0.03909903065850396 0.0051251735332567142 0.038242473602678316 -0.020040665895500579 -0.034592701075684615 -0.037643415188836661 0.025568354681780966 -0.024575299451613769 0.01788995024531238 0.005165176415638054 0.026729568301808167
leaf_weight=119.09486043453217 5.0143106728792173 115.65397168695927 4.9948508292436582 4.5918053835630435 6.7513966411352149 6.7492324113845825 5.6252161264419556 10.614191591739653 4.3913585543632507 17.228341683745384
leaf_count=929 21 307 25 34 48 20 32 34 17 51
internal_value=-0.000168435 0.0299769 0.0329072 -0.0360575 -0.0150368 0.0003808 -0.01134 0.0356836 -0.00888616 0.0369606
internal_weight=300.71 163.522 152.883 137.187 18.0924 11.341 10.6395 143.497 9.38621 132.882
internal_count=1518 487 434 1031 102 54 53 392 42 358
is_linear=0
shrinkage=0.03


Tree=24
num_leaves=12
num_cat=0
split_feature=3 0 1 8 5 3 8 8 6 1 7
split_gain=351.822 30.9834 19.7451 3.95006 3.70977 3.46019 4.24733 10.7829 2.56111 0.651114 0.568034
threshold=13.687129974365236 16.240607261657718 16.494662284851078 2.1971727537611283 236.2900314331055 12.917111396789553 2.9312958016524484 1.3598715450933121 8.0840406417846697 9.2324047088623065 -0.89306374493345342
decision_type=2 2 2 2 2 2 2 2 2 2 2
left_child=5 9 3 8 -5 -1 7 -7 -3 -2 -4
right_child=1 2 10 4 -6 6 -8 -9 -10 -11 -12
leaf_value=-0.03819967941988793 -0.02979014694865607 0.038461174338877649 -0.01664199148337182 0.0038152767962219107 0.031555995851803471 -0.035522749544160168 -0.037675625640294516 0.020485824940266625 0.022941024322781198 -0.010340338898258569 -0.0014456114180189481
leaf_weight=117.38348826766014 4.9193794429302198 112.05988807976246 4.7917570173740387 8.1216660290956515 9.1488049626350385 5.2024670243263262 7.4786570519208899 5.2484305500984192 16.438852936029434 4.2613944560289383 3.9185955226421338
leaf_count=931 30 300 24 30 25 39 54 17 51 20 16
internal_value=-0.00054897 0.0289645 0.0321588 0.0347725 0.0194334 -0.0361959 -0.0217524 -0.00806264 0.0366682 -0.0226647 -0.0106584
internal_weight=298.973 163.66 154.48 145.769 17.2705 135.313 17.9296 10.4509 128.499 9.18077 8.71035
internal_count=1537 496 446 406 55 1041 110 56 351 50 40
is_linear=0
shrinkage=0.03


Tree=25
num_leaves=13
num_cat=0
split_feature=3 0 1 4 3 8 1 8 7 4 8 5
split_gain=331.664 22.1742 17.5472 6.81001 6.16681 5.99859 13.7165 3.38191 3.20256 3.065 1.35123 2.46026
threshold=13.687129974365236 16.240607261657718 16.130197525024418 38.882535934448249 12.917111396789553 2.9312958016524484 9.8798122406005877 1.0390091371380692 -0.91017741815175801 33.941772460937507 2.0385454941786887 236.2900314331055
decision_type=2 2 2 2 2 2 2 2 2 2 2 2
left_child=4 7 8 -4 -1 6 -6 -2 -3 -10 -11 -12
right_child=1 2 3 -5 5 -7 -8 -9 9 10 11 -13
leaf_value=-0.03733830434391066 -0.029216306394462113 -0.0036533265735403165 -0.024724870601767437 0.017966755579564845 -0.034445969638175311 -0.03692864086099544 0.026730603794565551 0.0034509271595487027 0.0039691111751950963 0.0372844947172681 0.0084156082593366734 0.032847853290657758
leaf_weight=117.38948076963425 4.7547970712184888 1.7607671171426762 5.7445114105939847 5.7341522723436356 5.3254749178886431 7.0568959265947333 5.9008969664573669 5.2822513580322266 3.04718393087387 115.43340346962214 6.5040790885686901 11.58867848664522
leaf_count=947 29 7 30 18 41 52 17 23 11 318 23 32
internal_value=-0.000404133 0.0287944 0.0316819 -0.00366756 -0.0347649 -0.0171627 -0.0027336 -0.0132693 0.0346204 0.0351368 0.0358133 0.0249656
internal_weight=295.523 159.85 149.813 11.4787 135.673 18.2833 11.2264 10.037 138.334 136.573 133.526 18.0928
internal_count=1548 491 439 48 1057 110 58 52 391 384 373 55
is_linear=0
shrinkage=0.03


Tree=26
num_leaves=12
num_cat=0
split_feature=3 0 7 3 8 8 8 5 2 0 2
split_gain=337.212 20.2344 12.876 6.86815 4.32027 9.82705 4.09302 3.61982 2.0009 1.82512 1.09125
threshold=13.687129974365236 16.240607261657718 -0.97091782375839342 12.994469642639162 2.9312958016524484 1.3689495893238617 2.3104267749292009 237.25339508056643 19.954070091247562 21.066511154174808 21.48048305511475
decision_type=2 2 2 2 2 2 2 2 2 2 2
left_child=3 8 -3 -1 5 -5 9 -8 -2 10 -4
right_child=1 2 6 4 -6 -7 7 -9 -10 -11 -12
leaf_value=-0.03751460765584428 0.0029798577677012158 -0.019179755598728889 0.014134224242074587 -0.033499593527117545 -0.034552628075626056 0.022020793973925791 -0.0019461835325164686 0.029568013963185025 -0.021720437179494873 0.018277542153523223 0.036758528270141144
leaf_weight=113.94622655212879 5.2989793270826322 3.6450238525867453 3.6276585906743994 4.0100386291742307 4.9233606308698645 5.7201282829046249 5.8892983198165876 6.0895590335130692 5.1118745356798172 8.5743491500616056 125.76787904649973
leaf_count=937 23 19 12 31 37 18 23 17 29 27 353
internal_value=0.00121478 0.0296558 0.0323902 -0.0350053 -0.0143431 -0.00185008 0.0337626 0.0151182 -0.00998896 0.0352609 0.0362375
internal_weight=292.604 164.005 153.594 128.6 14.6535 9.73017 149.949 11.9789 10.4109 137.97 129.396
internal_count=1526 503 451 1023 86 49 432 40 52 392 365
is_linear=0
shrinkage=0.03


Tree=27
num_leaves=13
num_cat=0
split_feature=3 0 7 3 8 1 8 7 1 4 4 1
split_gain=312.949 22.0944 19.8303 7.00567 6.98038 13.8181 4.51967 4.17099 3.94699 0.932731 0.911498 0.255301
threshold=13.687129974365236 16.240607261657718 -0.97882521492757479 12.917111396789553 2.9312958016524484 9.8798122406005877 2.1971727537611283 -0.042969107824024085 15.534647941589357 33.437402725219734 35.664554595947273 14.289785385131838
decision_type=2 2 2 2 2 2 2 2 2 2 2 2
left_child=3 9 -3 -1 5 -5 7 10 11 -2 -4 -8
right_child=1 2 6 4 -6 -7 8 -9 -10 -11 -12 -13
leaf_value=-0.03657813211720707 -0.0034038714260606266 -0.03689742593079863 0.016571568515165953 -0.033131632647114113 -0.035968383362006605 0.03198708155116417 0.030529223163708586 0.012020456945439245 -0.0056429728144844222 -0.021709711948742355 0.036830356094496447 0.016333105568326161
leaf_weight=114.25071064382792 5.0662336647510511 2.9788556247949591 4.4091665893793097 4.4458941519260424 6.6044102087616912 5.3599148392677307 7.0928465425968188 8.0809609889984113 4.6194230616092673 4.9873819947242737 117.11835949122906 7.0857434421777725
leaf_count=959 24 19 14 35 50 14 20 28 19 28 333 23
internal_value=0.000453591 0.0283129 0.0311693 -0.0339218 -0.0143889 0.00212883 0.0327734 0.0348303 0.0175484 -0.0136275 0.0362366 0.0249782
internal_weight=292.1 161.439 151.385 130.661 16.4102 9.80581 148.407 129.608 18.798 10.0536 121.528 14.1786
internal_count=1566 508 456 1058 99 49 437 375 62 52 347 43
is_linear=0
shrinkage=0.03


Tree=28
num_leaves=13
num_cat=0
split_feature=3 4 8 5 3 8 4 5 4 6 4 2
split_gain=293.624 13.3533 12.0423 13.012 5.89511 7.57021 11.7564 3.29462 2.44977 1.46199 1.21618 0.659957
threshold=13.731204986572267 35.208374023437507 2.3104267749292009 236.95379638671878 12.917111396789553 2.8430144265406736 34.132165908813484 230.793327331543 34.154930114746101 8.0840406417846697 32.496261596679695 22.460786819458011
decision_type=2 2 2 2 2 2 2 2 2 2 2 2
left_child=4 8 7 -4 -1 6 -6 -3 10 11 -2 -9
right_child=1 2 3 -5 5 -7 -8 9 -10 -11 -12 -13
leaf_value=-0.036138328155123058 0.0016622226450978982 0.016324225406691942 -0.024429233807397137 0.033845631891368994 -0.034215689199668192 -0.037551487427533808 0.022369724169874618 0.018289655215798378 -0.011173944682651808 0.020950749505133315 0.020993703938093324 0.037212957557468576
leaf_weight=108.44038316607475 6.3786152750253695 11.63584418594837 6.6561983525753003 5.2780916392803192 4.6018040403723734 8.0445183366537076 7.0592609792947769 4.6565416008234015 6.2155554741621009 10.660864584147928 4.7294590771198273 98.543792933225632
leaf_count=928 26 38 34 14 36 61 23 15 30 35 16 286
internal_value=0.000104641 0.0278368 0.0309453 0.00196771 -0.0333422 -0.016953 -0.000899304 0.0336636 0.00283357 0.035278 0.010947 0.0365428
internal_weight=282.901 154.755 137.431 11.9343 128.146 19.7056 11.6611 125.497 17.3236 113.861 11.1081 103.2
internal_count=1542 494 422 48 1048 120 59 374 72 336 42 301
is_linear=0
shrinkage=0.03


Tree=29
num_leaves=13
num_cat=0
split_feature=3 4 1 3 1 5 6 7 5 2 6 4
split_gain=279.215 17.0577 12.8051 7.16772 4.50183 8.66437 3.02802 2.45754 1.6881 0.677166 0.441498 0.0525889
threshold=13.745976448059084 35.094516754150398 16.494662284851078 12.917111396789553 9.8798122406005877 238.05030059814456 8.0365109443664569 -0.93602878778951892 230.793327331543 27.945035934448246 8.0840406417846697 36.376699447631843
decision_type=2 2 2 2 2 2 2 2 2 2 2 2
left_child=3 6 7 -1 -5 9 -2 -3 -9 -6 -10 -12
right_child=1 2 -4 4 5 -7 -8 8 10 -11 11 -13
leaf_value=-0.035745217552315453 0.0066456846622788184 0.0058271411189569867 -0.0062909107201538621 -0.034828114994103605 -0.034609979525568012 0.016505910254808166 -0.020396445081493159 0.018607309945711071 0.036130854979580802 -0.010903334555825473 0.029959349195865181 0.017326155108864302
leaf_weight=104.79806863516569 9.5306985527276975 3.3382407426834098 7.5111518651247016 6.165026560425761 4.0768991410732252 7.3608361333608627 4.7983721643686286 9.7756767868995649 102.3308699503541 3.0312420278787613 6.6503577530384046 7.2218914106488228
leaf_count=915 39 12 33 49 31 25 24 31 304 19 19 25
internal_value=0.000418118 0.0277939 0.0310338 -0.0325312 -0.0153095 -0.00527909 -0.00314973 0.0332334 0.033908 -0.027092 0.0350254 0.0249897
internal_weight=276.589 151.157 136.828 125.432 20.634 14.469 14.3291 129.317 125.979 7.10814 116.203 13.8722
internal_count=1526 487 424 1039 124 75 63 391 379 50 348 44
is_linear=0
shrinkage=0.03


Tree=30
num_leaves=15
num_cat=0
split_feature=4 8 5 8 5 5 6 1 6 1 1 8 1 7
split_gain=167.459 57.7005 20.8947 57.4858 7.31118 6.63989 6.15362 5.62 5.16697 3.17703 0.447835 0.414605 0.324013 0.101212
threshold=37.018722534179695 2.8925652622144127 266.76861572265631 2.7211913247447574 224.23816680908206 256.65979003906256 8.0382428169250506 15.400683879852297 8.1858873367309588 15.058192729949953 16.256471633911136 3.2166294850270467 9.8798122406005877 0.38640753904084252
decision_type=2 2 2 2 2 2 2 2 2 2 2 2 2 2
left_child=2 4 3 5 -2 7 -7 -1 12 -6 -3 -5 13 -4
right_child=1 10 8 11 9 6 -8 -9 -10 -11 -12 -13 -14 -15
leaf_value=0.031940775710274677 -0.00075340219690661256 -0.015997306230417011 -0.037689671177943376 -0.015419188206846084 0.035450971347561734 0.012297790806158006 -0.029433596971837138 -0.0012701294823961652 0.0067599251990437511 0.014443535113564675 -0.036538227060313205 -0.037058043172707611 -0.015551389856461706 -0.019859919439865332
leaf_weight=18.475611194968227 5.7759864181280127 3.7232866436243048 58.828841611742973 2.8391177654266349 94.806775458157063 7.9234498813748342 3.9511080905795097 5.900737799704074 2.3084975853562346 8.9837685227394086 9.6335693970322591 37.529458925127983 2.6818669885396949 3.874602645635604
leaf_count=54 23 22 525 21 288 33 24 25 10 30 81 337 20 31
internal_value=-0.000838421 0.0247851 -0.0226844 -0.0117201 0.0319766 0.0154979 -0.00279545 0.0241682 -0.034743 0.0337878 -0.0323254 -0.0359457 -0.0362881 -0.036917
internal_weight=267.237 122.923 144.313 76.6195 109.567 36.2509 11.8746 24.3763 67.6938 103.791 13.3569 40.3686 65.3853 62.7034
internal_count=1524 444 1080 494 341 136 57 79 586 318 103 358 576 556
is_linear=0
shrinkage=0.03


Tree=31
num_leaves=13
num_cat=0
split_feature=3 4 1 3 1 1 6 5 3 6 1 7
split_gain=255.914 21.2988 11.9336 9.2355 4.97708 10.1681 4.96836 2.62072 2.87472 0.83526 0.248974 0.0303151
threshold=13.745976448059084 35.094516754150398 16.494662284851078 12.917111396789553 15.242475509643556 9.8798122406005877 8.0242857933044451 233.35565948486331 15.227270603179933 8.0231323242187518 10.989904403686525 -0.76668749490091115
decision_type=2 2 2 2 2 2 2 2 2 2 2 2
left_child=3 6 7 -1 5 -5 -2 8 -3 -10 -8 -11
right_child=1 2 -4 4 -6 -7 10 -9 9 11 -12 -13
leaf_value=-0.035694338279976368 -0.026528557824277415 0.0029243093873699022 -0.0093341783052599391 -0.03298885945449731 -0.03378728164580428 0.016914148881054563 0.010288347504773726 0.035439692386930385 0.013328119658047612 0.037184421390064934 0.0009855654348069039 0.022076070721115258
leaf_weight=102.60798558592796 5.4373822063207617 5.5857591032981899 5.9143449962139121 4.8634495586156872 5.5279305651783934 8.8535916805267316 5.7208306789398176 95.408712826669216 5.2055454999208477 7.524556845426563 4.5899929255247116 7.379022158682341
leaf_count=936 31 22 27 40 45 32 22 293 18 20 18 25
internal_value=-0.000322201 0.0268489 0.0309025 -0.032116 -0.0122166 -0.00181853 -0.00573906 0.0329279 0.0226232 0.0276973 0.00660036 0.0315625
internal_weight=264.619 142.766 127.018 121.853 19.245 13.717 15.7482 121.104 25.6949 20.1091 10.3108 14.9036
internal_count=1529 476 405 1053 117 72 71 378 85 63 40 45
is_linear=0
shrinkage=0.03


Tree=32
num_leaves=14
num_cat=0
split_feature=3 5 1 8 2 5 8 3 6 7 8 1 7
split_gain=252.466 19.5012 19.1692 5.04314 3.35579 2.87837 4.30639 2.59794 4.05796 1.60671 1.60413 10.6171 0.237235
threshold=13.630921363830568 255.06929779052737 16.494662284851078 1.0288624698825137 28.774748802185062 233.35565948486331 2.0551117177701812 12.655354499816896 8.0584621429443377 -0.76668749490091115 1.7924084829970808 9.8798122406005877 -0.83023111391020199
decision_type=2 2 2 2 2 2 2 2 2 2 2 2 2
left_child=7 2 5 -3 -4 6 9 -1 10 -2 11 -9 -7
right_child=1 3 4 -5 -6 12 -8 8 -10 -11 -12 -13 -14
leaf_value=-0.035210896599218972 0.034227518825870454 -0.026665241817816633 -0.023306358946969828 0.0070366214784055832 0.0093396087822850762 0.018182485598901298 0.00064619348110636404 -0.033901607888418749 0.0095867956311681303 0.013772707806369909 -0.037436728107984783 0.025525928612575122 0.035732547458137913
leaf_weight=93.832578018307686 14.973862245678905 5.4891941696405402 5.7092391029000265 9.6133996695280057 4.1663414537906647 3.9227740317583075 6.3876856118440619 7.8784777224063927 2.7877269387245169 6.9969637244939813 7.1641004905104628 3.0421973466873169 94.135261781513691
leaf_count=875 43 32 31 38 16 14 25 71 13 26 56 10 292
internal_value=0.000516077 0.025881 0.0294443 -0.00610793 -0.0099412 0.032575 0.0225372 -0.0328964 -0.0213574 0.0285965 -0.0263797 -0.0165942 0.0352211
internal_weight=266.1 151.395 136.292 15.1026 9.87558 126.417 28.3585 114.705 20.8725 21.9708 18.0848 10.9207 98.058
internal_count=1542 517 447 70 47 400 94 1025 150 69 137 81 306
is_linear=0
shrinkage=0.03


Tree=33
num_leaves=15
num_cat=0
split_feature=3 1 0 4 8 4 8 4 3 5 0 5 5 0
split_gain=235.369 25.189 21.6707 6.04971 10.0407 4.04975 3.97158 1.4786 1.45357 0.346247 0.16205 0.0537894 7.91716 0.0275535
threshold=13.630921363830568 16.494662284851078 16.570536613464359 37.478509902954109 3.193446367804023 33.694814682006843 2.406802220668987 35.094516754150398 17.02138710021973 233.35565948486331 19.814307212829593 265.78849792480474 262.90486145019537 20.678366661071781
decision_type=2 2 2 2 2 2 2 2 2 2 2 2 2 2
left_child=3 2 5 11 -5 -2 7 -4 -3 10 -9 12 -1 -12
right_child=1 8 6 4 -6 -7 -8 9 -10 -11 13 -13 -14 -15
leaf_value=-0.033081196250561544 0.0080493066548830722 -0.033759216605975306 0.01099668313627236 0.025997214103449649 -0.032810678311503333 -0.02542586703685552 0.012411022495492936 0.015763086481775192 -0.0063587248291834281 0.036072917046986792 0.034099195589377088 -0.036639260367553314 0.015423185286396862 0.020342222821876223
leaf_weight=40.769556440412998 5.426131531596182 4.5054066702723494 3.6209604144096366 3.7843543067574483 4.8187233731150627 5.9397867619991302 9.8530128300189954 5.1779504418373135 3.3697014600038528 91.244745455682278 8.5776893496513349 58.84308297932148 2.6984249651432028 7.2598960846662512
leaf_count=377 22 28 12 12 40 35 35 19 15 288 26 564 16 23
internal_value=0.000711562 0.0258036 0.028822 -0.0320235 -0.00692865 -0.0100861 0.032391 0.0339691 -0.0240723 0.0346065 0.0268901 -0.0340462 -0.029791 0.0293757
internal_weight=255.889 144.975 137.1 110.914 8.60308 11.3659 125.734 115.881 7.87511 112.26 21.0155 102.311 43.468 15.8376
internal_count=1512 503 460 1009 52 57 403 368 43 356 68 957 393 49
is_linear=0
shrinkage=0.03


Tree=34
num_leaves=15
num_cat=0
split_feature=3 4 7 3 5 5 4 2 4 7 5 7 7 2
split_gain=246.045 17.0371 9.38525 6.36236 3.02681 2.92209 2.56755 5.27473 2.11851 1.621 0.909331 0.993215 0.910428 0.398673
threshold=13.687129974365236 35.208374023437507 -0.97882521492757479 12.926437377929689 269.39382934570318 224.23816680908206 38.237934112548835 22.813458442687992 34.09923171997071 -0.082514380192168127 233.35565948486331 -0.77137529605205468 -0.82460142096716549 19.881338119506839
decision_type=2 2 2 2 2 2 2 2 2 2 2 2 2 2
left_child=3 4 -3 -1 8 -4 7 13 -2 10 11 -7 -12 -5
right_child=1 2 5 6 -6 9 -8 -9 -10 -11 12 -13 -14 -15
leaf_value=-0.035472938050345765 -0.00019056673147157288 -0.014901699117097683 0.0063864801048911218 -0.0095737783503043791 0.016619142472123722 0.028562879474789925 -0.031046074348459973 0.015861684130681043 -0.024862984371062838 0.013465365798678918 0.01469098932336977 0.011939783374820696 0.035186142854411427 -0.029636797455505376
leaf_weight=98.114129416644573 7.3668284416198713 3.5962476581335059 4.7929480671882621 2.9719141051173192 4.1147698238492003 17.616502493619922 4.125894382596015 5.1413925439119339 4.4691447764635086 6.0917481184005728 4.0153271779417983 6.5308834537863723 87.790838815271854 2.955203466117382
leaf_count=954 31 19 17 17 15 55 36 20 25 22 15 25 286 26
internal_value=0.000376423 0.0259929 0.0295474 -0.0326558 -0.00310138 0.0309143 -0.013398 -0.00479205 -0.0107178 0.0318179 0.0326587 0.0247206 0.0344577 -0.0224113
internal_weight=259.694 146.385 130.434 113.309 15.9507 126.838 15.1944 11.0685 11.836 122.045 115.954 24.1474 91.8062 5.92712
internal_count=1563 510 439 1053 71 420 99 63 56 403 381 80 301 43
is_linear=0
shrinkage=0.03


Tree=35
num_leaves=14
num_cat=0
split_feature=4 8 1 8 2 1 4 8 7 4 5 6 7
split_gain=132.022 59.091 25.9531 56.714 10.6802 5.37669 4.48102 4.47619 4.08826 3.63623 0.906191 0.864511 0.0662184
threshold=36.934047698974616 2.9312958016524484 9.165898799896242 2.7211913247447574 21.48048305511475 15.058192729949953 38.501655578613288 1.7715400323817727 -0.068137881701508307 38.795892715454109 269.10319519042974 8.0891404151916522 -0.4385247824796899
decision_type=2 2 2 2 2 2 2 2 2 2 2 2 2
left_child=2 5 10 4 7 6 -2 8 -4 -7 -1 12 -6
right_child=1 -3 3 -5 11 9 -8 -9 -10 -11 -12 -13 -14
leaf_value=-0.015964400064485084 0.034947817261408644 -0.03644896045229825 0.016999258086232597 -0.03579249698941054 0.036037866577226199 -0.0029642620640615122 0.0066836292155841382 -0.031315704781334192 -0.014176532827879819 0.024722792664104591 -0.036196191166171302 0.015308097524172386 0.020827501311489794
leaf_weight=4.4152022898197165 85.15021800249815 12.546407826244829 8.5658096075057983 35.021515354514122 10.994085520505909 7.0033013522624996 5.9291144087910643 2.8797172158956519 5.3286497741937646 9.2116586714982969 53.831050753593445 6.8521295115351668 6.1146922856569299
leaf_count=26 282 112 37 348 34 31 24 25 33 28 539 24 19
internal_value=0.000328254 0.0231053 -0.0200618 -0.0083026 0.0156229 0.0303415 0.0332004 -0.00273446 0.00489399 0.0132871 -0.0349579 0.0280688 0.032052
internal_weight=253.844 119.841 134.003 75.7566 40.7351 107.294 91.0793 16.7742 13.8945 16.215 58.2463 23.9609 17.1088
internal_count=1562 477 1085 520 172 365 306 95 70 59 565 77 53
is_linear=0
shrinkage=0.03


Tree=36
num_leaves=15
num_cat=0
split_feature=3 0 1 3 6 6 0 7 2 2 6 5 1 0
split_gain=209.931 20.3388 16.875 4.52232 4.95499 3.48206 3.38055 2.82914 2.24617 1.53672 1.35825 0.65303 0.295144 0.86527
threshold=13.687129974365236 16.240607261657718 16.494662284851078 12.917111396789553 8.0579099655151385 8.0712928771972674 21.143773078918461 -0.56338846762589367 19.881338119506839 27.945035934448246 8.0278406143188494 248.62323760986331 15.018054485321047 20.318565368652347
decision_type=2 2 2 2 2 2 2 2 2 2 2 2 2 2
left_child=3 10 5 -1 8 6 12 -7 -5 -10 -2 -9 -3 -14
right_child=1 2 -4 4 -6 7 -8 11 9 -11 -12 -13 13 -15
leaf_value=-0.033682385216783038 -0.0049702173388209972 0.034975094593169546 -0.015276627389345855 -0.00022973579056264574 0.016806862028415508 0.00025880068370113087 0.0076278013336420645 0.030529077572114646 -0.035830935700181289 -0.0082982250186702175 -0.027717406595395368 0.013083593096803549 0.031668456346533189 0.013373299913327386
leaf_weight=93.793799124658108 5.3323175609111768 81.604236908257008 7.2730190306901923 3.20722867548466 2.8099040836095801 6.2925076857209232 5.3993217200040808 7.5498783066868764 7.2389470934867841 3.2951772883534431 4.1908136755228043 5.7306493669748306 7.4891031086444837 6.6152232512831688
leaf_count=949 26 274 36 17 11 27 19 25 62 23 26 20 23 23
internal_value=-0.000413348 0.0242482 0.0273987 -0.0310806 -0.0152573 0.030075 0.0324028 0.0170596 -0.0225093 -0.0286846 -0.0166632 0.0244445 0.0337071 0.0245411
internal_weight=247.822 137.477 127.954 110.345 16.5513 120.681 101.108 19.573 13.7414 10.5341 9.52313 13.2805 95.7086 14.1043
internal_count=1561 499 447 1062 113 411 339 72 102 85 52 45 320 46
is_linear=0
shrinkage=0.03


Tree=37
num_leaves=14
num_cat=0
split_feature=4 8 0 8 5 6 0 0 8 4 1 4 5
split_gain=115.974 64.2055 21.9357 42.1696 9.47672 4.96996 4.72058 5.11932 3.68126 2.40133 1.23668 0.366798 0.808382
threshold=36.698650360107429 3.0382405033136943 13.957610607147219 2.7211913247447574 230.793327331543 8.0335593223571795 16.570536613464359 15.509354114532472 1.3475136826223062 38.265760421752937 14.906283855438234 35.094516754150398 240.9055099487305
decision_type=2 2 2 2 2 2 2 2 2 2 2 2 2
left_child=2 4 -1 6 5 -2 7 8 -4 10 -6 -8 -13
right_child=1 -3 3 -5 9 -7 11 -9 -10 -11 -12 12 -14
leaf_value=-0.035724711238246602 -0.012830163245888777 -0.033771624154606251 -0.0046606478063219749 -0.035235251436315652 0.034804999022545309 0.019487801522923946 0.012799028923782775 -0.023830036383713813 0.029343949436863706 0.014239443295434383 0.015739139252769443 0.035034672514205403 0.015698230535878013
leaf_weight=55.115788854658604 6.4199158921837798 16.633508160710335 5.43478214740753 29.229318484663963 75.039882011711597 9.3339615762233716 5.62507335841656 4.2838903591036788 4.5553081408143044 8.3738268688321096 5.683101497590541 5.9364431053400022 6.9238386005163193
leaf_count=576 33 155 27 303 259 30 20 24 17 33 21 18 25
internal_value=-0.000895871 0.019561 -0.0221037 -0.00961805 0.0282607 0.00633808 0.0136054 0.00046544 0.012104 0.0320237 0.0336717 0.0232072 0.0265078
internal_weight=238.589 121.484 117.104 61.9887 104.851 15.7539 32.7593 14.274 9.99009 89.0968 80.723 18.4854 12.8603
internal_count=1541 531 1010 434 376 63 131 68 44 313 280 63 43
is_linear=0
shrinkage=0.03


Tree=38
num_leaves=13
num_cat=0
split_feature=3 4 1 4 4 4 5 7 4 3 5 7
split_gain=205.866 19.1435 13.6749 4.82761 5.32239 3.8147 1.60174 2.17141 1.23753 0.533229 4.41513 0.136542
threshold=13.630921363830568 35.208374023437507 16.494662284851078 37.639591217041023 38.220436096191413 34.154930114746101 233.35565948486331 -0.77137529605205468 33.17766189575196 12.655354499816896 266.76861572265631 -0.82039465835011771
decision_type=2 2 2 2 2 2 2 2 2 2 2 2
left_child=3 5 6 9 -5 8 7 -3 -2 -1 -11 -8
right_child=1 2 -4 4 -6 -7 11 -9 -10 10 -12 -13
leaf_value=-0.034220799098257121 -0.0025501416935943869 0.027895612974236005 -0.0077997006559197782 0.018726718452640168 -0.028761110750299006 -0.022647856004898079 0.018236226828327134 0.0064845280200868001 0.015823936396012598 0.0031699580593745075 -0.03345128121929062 0.034193367939340927
leaf_weight=81.726122930645943 7.2172313928604144 17.105456680059437 8.1520824357867223 3.3230644688010207 3.2197203561663628 5.6384199261665335 4.1748094707727423 6.5378802046179763 4.7388102561235428 3.9737017750740042 9.0399260520935041 86.300294876098633
leaf_count=871 32 54 39 12 30 32 16 27 18 21 90 302
internal_value=0.00119797 0.0247154 0.028896 -0.0312022 -0.00535704 -0.00432874 0.0315623 0.0224784 0.00539173 -0.0329125 -0.0228408 0.0336645
internal_weight=241.148 139.865 122.271 101.283 6.54278 17.5945 114.118 23.6433 11.956 94.7398 13.0136 90.4751
internal_count=1544 520 438 1024 42 82 399 81 50 982 111 318
is_linear=0
shrinkage=0.03


Tree=39
num_leaves=12
num_cat=0
split_feature=4 8 0 8 5 8 8 1 1 4 0
split_gain=120.329 51.7786 23.0943 43.4483 5.79456 6.14871 4.80231 4.76669 2.50473 2.05522 1.06617
threshold=36.958717346191413 2.9312958016524484 13.957610607147219 3.0382405033136943 256.65979003906256 1.3598715450933121 2.1971727537611283 14.540793895721437 15.590679645538332 35.374334335327156 21.20941257476807
decision_type=2 2 2 2 2 2 2 2 2 2 2
left_child=2 6 -1 4 8 -6 10 -8 9 -4 -2
right_child=1 -3 3 -5 5 -7 7 -9 -10 -11 -12
leaf_value=-0.035279143027816755 0.034010594053555887 -0.032692320848378448 0.0092473506353903893 -0.034771837771047219 -0.020606975707033005 0.015961868393430521 0.030931388020650295 -0.0011378260371218264 0.0031936080609016276 0.033202697856045994 0.01577774563470823
leaf_weight=50.867339119315147 78.71087484806776 12.54142754524946 5.539664760231978 30.3944406285882 7.1715918630361539 7.3976951986551285 6.7062045484781256 8.9456519782543165 5.5602348446845999 12.495144240558146 5.6322017908096305
leaf_count=556 282 116 20 331 39 31 22 38 28 41 18
internal_value=0.00074551 0.0229002 -0.0201478 -0.00857535 0.0126429 -0.0022062 0.0301273 0.0136349 0.0215288 0.0267168 0.0329922
internal_weight=231.962 112.536 119.426 68.5588 38.1643 14.5693 99.9949 15.6519 23.595 18.0348 84.3431
internal_count=1522 476 1046 490 159 70 360 60 89 61 300
is_linear=0
shrinkage=0.03


Tree=40
num_leaves=15
num_cat=0
split_feature=4 8 1 8 5 1 4 7 2 2 4 1 5 4
split_gain=116.56 46.1088 18.6409 39.1784 11.0494 6.81297 5.25364 4.50848 4.6883 7.09539 2.76128 2.60412 1.09305 0.459458
threshold=36.934047698974616 2.8925652622144127 9.165898799896242 3.0382405033136943 256.65979003906256 15.058192729949953 38.795892715454109 0.22477932595760108 18.202941894531254 17.496645927429203 38.501655578613288 15.840736389160158 268.64813232421881 35.518205642700202
decision_type=2 2 2 2 2 2 2 2 2 2 2 2 2 2
left_child=2 5 12 4 11 10 -7 8 9 -6 -2 13 -1 -4
right_child=1 -3 3 -5 7 6 -8 -9 -10 -11 -12 -13 -14 -15
leaf_value=-0.01382546276436249 0.033975422895874373 -0.030102269077229557 0.014733366314641286 -0.034569590374266095 -0.029472839370024317 -0.0081816861208914241 0.024651488758241635 0.017947664608507347 -0.041496328791808888 0.022935354196250764 0.011494219613810275 0.0032238572912503577 -0.035178599138437745 0.03119870900763088
leaf_weight=4.097025901079177 76.586223974823952 12.708859786391256 4.9709208458662095 30.620148651301861 3.557826600968836 7.2604820728302029 8.7738514840602857 3.1596675366163245 3.8629704415798187 3.7583679780364037 6.6482298895716658 5.2345805987715712 47.710657492280006 13.453653141856192
leaf_count=24 282 115 17 342 37 33 27 10 26 18 27 27 532 46
internal_value=6.06497e-05 0.0219922 -0.0203455 -0.00985987 0.010428 0.0288952 0.0101768 -0.00993142 -0.0186378 -0.0030299 0.0323375 0.0226693 -0.0337837 0.0277436
internal_weight=232.403 111.978 120.426 68.6181 37.998 99.2688 16.0343 14.3388 11.1792 7.31619 83.2345 23.6592 51.8077 18.4246
internal_count=1563 484 1079 523 181 369 60 91 81 55 309 90 556 63
is_linear=0
shrinkage=0.03


Tree=41
num_leaves=15
num_cat=0
split_feature=3 5 7 4 5 4 4 5 6 4 7 3 0 4
split_gain=163.672 10.7334 9.16615 5.9867 6.50677 4.28119 2.77459 1.29825 0.93247 0.900151 0.862344 0.723373 3.5916 0.312636
threshold=13.745976448059084 255.06929779052737 -0.93602878778951892 37.276920318603523 230.29364013671878 33.437402725219734 38.426225662231452 230.793327331543 8.0636782646179217 36.611444473266609 -0.068652598606626924 12.655354499816896 13.957610607147219 36.977537155151374
decision_type=2 2 2 2 2 2 2 2 2 2 2 2 2 2
left_child=3 2 -2 11 -5 -3 7 -4 -8 -9 -7 13 -13 -1
right_child=1 5 6 4 -6 10 8 9 -10 -11 -12 12 -14 -15
leaf_value=-0.033461215348832327 -0.0073379271873438533 0.015281326192048144 0.010841641520801621 -0.030935811541674858 0.013402706736548628 -0.0047952447408330986 0.021756208813761529 0.01937196826833509 0.0055570738769875217 0.032617017196225277 -0.025480837812925157 -0.032423217034209875 -0.00069758896816608286 -0.016411304470846905
leaf_weight=72.91815010458231 6.5909394472837439 6.0120507478713971 4.3568014353513709 4.3033993393182737 5.8963158950209618 3.9782207235693932 6.3803370445966703 10.714138209819792 7.2955191060900688 71.234000161290169 3.5433583408594131 8.0829546675086004 5.0374060273170462 3.9328242093324652
leaf_count=831 30 22 15 42 26 20 21 39 31 272 20 86 25 42
internal_value=-0.000746364 0.0227863 0.025955 -0.0289084 -0.0063962 -0.00223529 0.0282007 0.030251 0.0140821 0.0311397 -0.0163867 -0.0313621 -0.0211546 -0.0328107
internal_weight=220.276 120.105 106.572 100.171 10.1997 13.5336 99.9808 86.3049 13.6759 81.9481 7.52158 89.9713 13.1204 76.851
internal_count=1522 470 408 1052 68 62 378 326 52 311 40 984 111 873
is_linear=0
shrinkage=0.03


Tree=42
num_leaves=12
num_cat=0
split_feature=3 1 0 8 2 2 4 1 8 8 5
split_gain=179.802 11.8261 12.5709 4.39364 3.61994 2.88032 0.917396 0.695605 18.5603 2.42953 0.111629
threshold=13.687129974365236 16.494662284851078 16.240607261657718 2.0551117177701812 26.787408828735355 20.139817237854007 35.664554595947273 9.8798122406005877 2.8925652622144127 1.7924084829970808 233.35565948486331
decision_type=2 2 2 2 2 2 2 2 2 2 2
left_child=7 2 5 6 -5 -2 -4 -1 9 -9 -8
right_child=1 -3 3 4 -6 -7 10 8 -10 -11 -12
leaf_value=-0.034615281507098486 0.0078013383683391661 -0.011145691968805268 0.016189285282953155 0.024144230537981821 -0.0027363499474213422 -0.025071117799655811 0.025026869938213063 0.028005241431941059 -0.034861851809773858 -0.0027305770473178043 0.033779557260600369
leaf_weight=46.250049360096455 3.9899072498083106 7.6567973494529715 6.5291057080030432 10.648982033133509 7.0525431185960761 3.9035016819834709 17.731178410351276 3.9225387796759597 39.194963254034519 4.0636759400367737 68.851203218102455
leaf_count=543 18 37 21 40 30 25 65 14 443 29 264
internal_value=0.000525958 0.0237819 0.0261091 0.0287036 0.013861 -0.00944613 0.0313481 -0.0308459 -0.0265091 0.0138023 0.0322933
internal_weight=219.794 126.363 118.706 110.813 17.7015 7.89341 93.1115 93.4312 47.1812 7.98621 86.5824
internal_count=1529 500 463 420 70 43 350 1029 486 43 329
is_linear=0
shrinkage=0.03


Tree=43
num_leaves=12
num_cat=0
split_feature=3 5 5 4 8 3 3 5 8 8 4
split_gain=172.884 12.5531 10.3885 8.68297 7.15517 2.78147 2.0197 2.59973 13.1956 1.46908 1.22535
threshold=13.687129974365236 258.14437866210943 230.793327331543 38.795892715454109 1.0390091371380692 19.41027927398682 12.655354499816896 266.76861572265631 2.7211913247447574 1.9316474860825088 38.196466445922859
decision_type=2 2 2 2 2 2 2 2 2 2 2
left_child=6 2 3 5 -3 -2 -1 8 -8 -4 -11
right_child=1 4 9 -5 -6 -7 7 -9 -10 10 -12
leaf_value=-0.033140117942833815 -0.029853066635863543 -0.030934989071622041 0.032821985411494413 0.024638297253153266 0.012224262673973261 0.0014180675769805261 0.030331974765746436 -0.031819838395162163 -0.033321412394993255 0.025191234498596341 0.0065971923005044928
leaf_weight=73.712712973356247 4.2419057562947291 4.6589252203702909 71.297687381505966 9.1843917369842512 7.9620621204376221 4.8346425592899323 3.9275803714990634 7.8273348510265341 6.3330796435475349 17.99832417815924 4.8842561021447173
leaf_count=880 25 31 276 29 32 19 11 88 60 69 22
internal_value=0.000347996 0.0232232 0.0263844 0.00533271 -0.00480906 -0.0147087 -0.0307299 -0.0196862 -0.00842627 0.0303673 0.0216648
internal_weight=216.863 125.062 112.441 18.2609 12.621 9.07655 91.8007 18.088 10.2607 94.1803 22.8826
internal_count=1542 503 440 73 63 44 1039 159 71 367 91
is_linear=0
shrinkage=0.03


Tree=44
num_leaves=13
num_cat=0
split_feature=3 5 0 8 3 8 2 8 5 6 2 2
split_gain=155.996 12.0362 9.57967 8.77846 4.95944 4.98634 8.79485 3.84578 3.67302 3.16622 1.99801 1.7269
threshold=13.731204986572267 258.14437866210943 21.143773078918461 1.0390091371380692 12.917111396789553 2.9312958016524484 22.813458442687992 2.0551117177701812 235.28456878662112 8.0278406143188494 19.334495544433597 21.889920234680179
decision_type=2 2 2 2 2 2 2 2 2 2 2 2
left_child=4 2 7 -3 -1 6 10 11 -9 -4 -6 -2
right_child=1 3 9 -5 5 -7 -8 8 -10 -11 -12 -13
leaf_value=-0.031629479014336694 0.011502226034112375 -0.032473304828920926 -0.01522170040367566 0.015272150622741608 3.2886901185070771e-05 -0.032665315394003136 0.031009533072151908 -0.0046889720221984822 0.024147711305139534 0.014429024935255958 -0.031097868672032639 0.03243719243095991
leaf_weight=77.76796005666256 5.2034538090229026 5.0008020550012571 5.627433627843855 7.2653188779950142 2.9301313385367411 5.8774372562766066 4.0234977751970291 5.8412361890077582 9.8108489513397199 5.3462004661560059 4.0493585765361786 78.237451732158661
leaf_count=943 19 33 28 28 14 56 11 25 38 18 41 311
internal_value=0.00034619 0.022643 0.0257617 -0.00517383 -0.0284078 -0.0126268 -9.32034e-05 0.0286791 0.0137508 -0.000777652 -0.0196623 0.0312833
internal_weight=216.981 122.333 110.067 12.2661 94.6484 16.8804 11.003 99.093 15.6521 10.9736 6.97949 83.4409
internal_count=1565 500 439 61 1065 122 66 393 63 46 55 330
is_linear=0
shrinkage=0.03


Tree=45
num_leaves=15
num_cat=0
split_feature=3 0 4 3 8 8 2 0 6 2 3 5 0 4
split_gain=143.667 13.869 12.1338 5.7081 5.69427 5.06153 10.1926 4.66641 2.42952 1.7401 0.773563 0.588989 0.416564 0.153163
threshold=13.745976448059084 21.598626136779789 35.208374023437507 12.917111396789553 2.1971727537611283 2.9312958016524484 22.813458442687992 19.777164459228519 8.0840406417846697 20.385624885559086 13.299135684967043 244.52995300292972 20.678366661071781 36.977537155151374
decision_type=2 2 2 2 2 2 2 2 2 2 2 2 2 2
left_child=3 2 9 13 8 6 10 -6 12 -2 -5 -10 -4 -1
right_child=1 -3 4 5 7 -7 -8 -9 11 -11 -12 -13 -14 -15
leaf_value=-0.032739402641558564 -0.014829304315372868 -0.018723200128483004 0.033069187304867124 -0.0080423350225623143 0.026236628033053721 -0.032311838123544954 0.029757495119428587 -0.0061860556539006005 0.0045820081739096977 0.0059173936210365607 -0.031818020883406094 0.020228677110590891 0.01913982378594211 -0.017558640553363529
leaf_weight=70.83383447676897 5.5753644928336126 6.6790214926004401 68.067294023931026 2.9704373627901095 6.4159341156482688 5.8027577102184287 4.8979630619287491 8.0084090158343297 4.6415920034050924 7.2804129645228386 3.3387865498661995 4.836286723613739 6.9819414392113677 4.3860665112733832
leaf_count=886 31 34 279 22 24 57 14 34 22 29 30 19 26 51
internal_value=-0.000630153 0.0211509 0.0236777 -0.0285386 0.0272085 -0.0118981 0.000452637 0.00900152 0.0301739 -0.00350104 -0.023256 0.0137347 0.032042 -0.0320962
internal_weight=210.716 118.486 111.807 92.2298 98.9515 17.0099 11.2072 14.4243 84.5271 12.8558 6.30922 9.47788 75.0492 75.2199
internal_count=1558 498 464 1060 404 123 66 58 346 60 52 41 305 937
is_linear=0
shrinkage=0.03


Tree=46
num_leaves=15
num_cat=0
split_feature=4 8 0 8 8 1 6 4 2 6 1 4 8 0
split_gain=85.9627 41.2745 19.2671 37.7438 8.29368 7.66377 2.34178 2.12518 3.39555 5.22294 2.09322 2.03933 0.44421 0.164424
threshold=36.934047698974616 2.6007191487644761 13.957610607147219 2.7211913247447574 1.0390091371380692 14.503366470336916 8.0797824859619158 33.672384262084968 21.889920234680179 8.0338735580444354 15.058192729949953 38.882535934448249 1.8926658774058909 19.814307212829593
decision_type=2 2 2 2 2 2 2 2 2 2 2 2 2 2
left_child=2 6 -1 4 -4 -3 10 -6 9 -9 -2 -7 -12 -10
right_child=1 5 3 -5 7 11 -8 8 13 -11 12 -13 -14 -15
leaf_value=-0.034028243074287368 0.032416180403091167 0.013168453027409918 -0.019044227067972833 -0.033619067953606023 0.0016930941021204629 -0.038338040190871739 0.0074371629071201088 0.025081097479153734 0.035314561571760494 -0.016043037681587914 0.022399829876642238 -0.010474099269576608 0.0089586042779848992 0.01907012776267112
leaf_weight=43.931052483618259 63.060125596821308 4.0301581844687488 5.5036327540874472 27.914816185832024 5.660045929253104 9.4991545453667623 5.1752148941159239 5.2094159275293368 9.3367108702659589 4.1221595406532288 6.1550789475440961 4.2955396696925154 6.4458867833018303 5.4407260641455641
leaf_count=563 265 19 30 355 26 97 24 20 31 24 20 29 24 22
internal_value=-0.000456642 0.019644 -0.0189807 -0.0081518 0.0123742 -0.0208099 0.0287096 0.0186129 0.0223595 0.0071203 0.0300486 -0.0309559 0.0166883 0.0309215
internal_weight=205.78 98.6612 107.119 63.1875 35.2727 17.8249 80.8363 29.7691 24.109 9.33158 75.6611 13.7947 12.601 14.7774
internal_count=1549 478 1071 508 153 145 333 123 97 44 309 126 44 53
is_linear=0
shrinkage=0.03


Tree=47
num_leaves=15
num_cat=0
split_feature=3 1 5 5 3 4 3 1 1 4 3 1 6 4
split_gain=141.854 12.8205 12.3709 3.39059 2.37037 2.26895 1.82352 2.68418 11.7903 1.67646 1.16063 1.39229 0.414953 0.290534
threshold=13.630921363830568 16.494662284851078 255.06929779052737 233.35565948486331 17.403747558593754 33.694814682006843 12.655354499816896 9.8798122406005877 13.093044757843019 34.749164581298835 16.441803932189945 14.906283855438234 8.0316958427429217 36.977537155151374
decision_type=2 2 2 2 2 2 2 2 2 2 2 2 2 2
left_child=6 2 3 10 -3 -4 13 -8 -9 -7 11 -2 -12 -1
right_child=1 4 5 -5 -6 9 7 8 -10 -11 12 -13 -14 -15
leaf_value=-0.032182911471665174 0.017694501564834136 -0.025573573187528162 0.010676370545515852 0.031547188373557279 0.0047679332526700457 -0.020798247669354359 -0.030872723135778032 0.028277073458831709 -0.033150191610567079 0.0045501189063281711 0.013276985334397657 -0.0029367121463237601 0.029153186038811257 -0.015785062282819336
leaf_weight=62.802068300545216 5.3206784054636973 4.6275293454527837 7.9566320627927807 73.512581340968609 3.4806590378284454 4.6329366937279683 7.1504035592079189 4.073315501213072 5.3608254119753838 3.5107637643814087 5.7336582541465742 5.0517551451921463 6.0234880223870277 3.956659570336341
leaf_count=823 23 29 32 311 14 29 88 13 53 14 23 21 21 48
internal_value=0.000806711 0.021641 0.0242844 0.0283405 -0.0134552 -5.88514e-05 -0.0290552 -0.0181426 -0.00645995 -0.010568 0.0167849 0.00827167 0.0230584 -0.0314583
internal_weight=203.194 119.851 111.742 95.6422 8.10819 16.1003 83.3433 16.5845 9.43414 8.1437 22.1296 10.3724 11.7571 66.7587
internal_count=1542 517 474 399 43 75 1025 154 66 43 88 44 44 871
is_linear=0
shrinkage=0.03


Tree=48
num_leaves=15
num_cat=0
split_feature=3 0 1 3 8 0 1 8 8 5 5 3 3 3
split_gain=139.468 12.2051 8.78506 5.55117 5.38457 8.1272 2.43358 2.03643 1.88691 1.7155 1.41112 0.789962 0.110675 0.961699
threshold=13.769841670989992 16.240607261657718 16.494662284851078 12.917111396789553 2.7211913247447574 17.278176307678226 9.2324047088623065 2.0385454941786887 1.3689495893238617 236.2900314331055 255.06929779052737 19.582293510437015 12.161772251129152 12.280636310577394
decision_type=2 2 2 2 2 2 2 2 2 2 2 2 2 2
left_child=3 6 7 12 5 8 -2 10 -5 -9 11 -3 -1 -14
right_child=1 2 -4 4 -6 -7 -8 9 -10 -11 -12 -13 13 -15
leaf_value=-0.032810418681224848 -0.024738109781976127 0.031884978672781436 -0.0066911570959997122 -0.030043866706131111 -0.032706454327328188 0.028946625124878639 0.0052870884062624158 0.0043659118906311028 0.0008140899434226442 0.025517698353166196 0.012533928341582644 0.014256220463638197 -0.0013233843576657654 -0.025985155529277677
leaf_weight=58.85311046987772 4.2628767639398557 70.809975259006023 6.7211709618568412 3.890069246292116 5.6626896485686293 4.509375736117363 3.9705048352479935 7.2869690209627134 2.7261492013931274 6.543074831366539 5.8845983147621146 4.7633344605565062 1.7708768770098675 9.6409628316760045
leaf_count=794 28 303 30 42 57 14 17 29 12 27 20 20 20 125
internal_value=0.000428151 0.0227539 0.0255814 -0.027782 -0.0113737 0.0012861 -0.0112542 0.0279036 -0.0188917 0.0154188 0.0298105 0.0309745 -0.0314878 -0.0225731
internal_weight=197.296 110.243 102.009 87.0532 16.7883 11.1256 8.23338 95.288 6.61622 13.83 81.4579 75.5733 70.265 11.4118
internal_count=1538 474 429 1064 125 68 45 399 54 56 343 323 939 145
is_linear=0
shrinkage=0.03


Tree=49
num_leaves=13
num_cat=0
split_feature=3 7 2 5 4 4 8 2 4 8 8 3
split_gain=128.287 13.5025 13.8298 3.94737 3.63056 2.22246 10.143 1.66909 1.27051 2.68754 1.00635 0.681837
threshold=13.687129974365236 -0.93602878778951892 21.48048305511475 230.793327331543 34.02820014953614 36.977537155151374 3.1664919375798388 19.881338119506839 38.265760421752937 1.8199518948874889 2.1971727537611283 13.192718029022219
decision_type=2 2 2 2 2 2 2 2 2 2 2 2
left_child=5 -2 7 10 -5 11 -7 -3 -6 -10 -4 -1
right_child=1 2 3 4 8 6 -8 -9 9 -11 -12 -13
leaf_value=-0.031468489312347914 -0.023848447392036367 0.0020754101384600375 0.015371091499272025 0.0025652642076669477 0.031169280513319624 0.026745060405507119 -0.031398529785694664 -0.019314310876941489 0.029037357352329974 -0.0021754231860945123 -0.0017312466831232453 -0.012124784870591767
leaf_weight=67.178672775626183 5.1881824359297743 6.9812146499752981 6.82691542804241 4.8834033012390128 73.50364051014185 3.0404934585094434 7.6447259336709976 4.9230517074465752 4.8603508025407773 4.0816033408045769 4.8182447403669357 3.3934493809938422
leaf_count=910 30 32 25 19 322 13 91 31 20 21 19 29
internal_value=-4.35946e-06 0.0201702 0.0224246 0.0260734 0.0282629 -0.0287162 -0.0139808 -0.00758163 0.029736 0.0160043 0.0087176 -0.0307208
internal_weight=197.324 116.067 110.878 98.9742 87.329 81.2573 10.6852 11.9043 82.4456 8.94195 11.6452 70.5721
internal_count=1562 519 489 426 382 1043 104 63 363 41 44 939
is_linear=0
shrinkage=0.03


Tree=50
num_leaves=15
num_cat=0
split_feature=4 1 0 1 4 5 7 4 0 7 5 4 6 7
split_gain=78.9621 32.9248 16.584 14.006 6.78012 6.45731 9.19034 7.5792 4.64686 4.48409 4.36089 1.39105 1.33696 1.24583
threshold=36.729564666748054 15.058192729949953 14.133542537689211 16.256471633911136 39.347274780273445 237.17185974121097 -0.32746816546320434 36.211288452148445 15.267641544342043 -0.91017741815175801 256.65979003906256 38.537466049194343 8.049753665924074 -0.37382471941912571
decision_type=2 2 2 2 2 2 2 2 2 2 2 2 2 2
left_child=2 11 -1 5 9 -4 7 13 -8 12 -10 -2 -3 -7
right_child=1 4 3 -5 -6 6 8 -9 10 -11 -12 -13 -14 -15
leaf_value=-0.033581504893886227 0.029691882476425277 -0.029536075779750686 0.03196188399125597 -0.033902352859792664 0.020662976391692952 -0.033280749385623122 0.028590459607082248 0.020846097592958503 0.016932199364028663 0.0015429784426838514 -0.018618681259817582 0.010114917017018242 -0.0018276024093037107 -0.00545870873237554
leaf_weight=41.2327481508255 70.41493234038353 12.347073376178743 4.4541595652699462 12.531327262520788 4.499930463731288 10.305526264011855 6.9723937734961572 2.6442145556211463 4.9812348335981351 7.8617793768644342 5.4674815982580185 4.8085487186908713 1.9312362819910056 2.167963594198226
leaf_count=575 326 138 19 167 16 142 26 13 20 36 29 22 12 14
internal_value=0.000493193 0.0185385 -0.0197418 -0.00778252 -0.00985017 0.00172499 -0.00324364 -0.0197039 0.0113345 -0.0166768 -0.00167185 0.0285896 -0.0261532 -0.0292092
internal_weight=192.621 101.864 90.757 49.5243 26.64 36.993 32.5388 15.1177 17.4211 22.1401 10.4487 75.2235 14.2783 12.4735
internal_count=1555 550 1005 430 202 263 244 169 75 186 49 348 150 156
is_linear=0
shrinkage=0.03


Tree=51
num_leaves=13
num_cat=0
split_feature=3 1 3 1 8 8 2 1 8 6 3 0
split_gain=109.35 10.5236 6.91261 6.31641 5.8061 5.06592 8.58079 2.59135 3.05727 1.88214 1.54283 1.45959
threshold=13.856672763824465 16.494662284851078 12.994469642639162 10.425409317016603 1.1504986282323244 2.9312958016524484 22.813458442687992 14.847980976104738 1.9365449016937606 8.0840406417846697 13.299135684967043 17.062447547912601
decision_type=2 2 2 2 2 2 2 2 2 2 2 2
left_child=2 3 -1 4 -2 6 10 9 -9 11 -4 -5
right_child=1 -3 5 7 -6 -7 -8 8 -10 -11 -12 -13
leaf_value=-0.030240304409993299 -0.021916778033334458 -0.012075426223470442 -0.0026104422282067245 0.011570039948507065 0.01978479752643977 -0.031894463385963703 0.023263221234948388 0.023943677268794993 -0.0023411981553192649 0.011731374209625573 -0.032508592493308876 0.031694223853361396
leaf_weight=67.051670618355274 4.5829902663826925 7.7619955092668524 2.6226556897163409 5.0566513091325751 5.5078446269035339 4.848857268691062 6.8263213634490967 8.6796508654952031 6.4878814071416846 7.2947328090667716 3.6237922981381416 54.338420212268829
leaf_count=948 27 37 22 23 20 52 26 32 28 35 34 253
internal_value=-0.00100189 0.0202176 -0.025847 0.0230443 0.000576623 -0.00868057 0.00158432 0.0257736 0.013251 0.0283838 -0.022048 0.0302009
internal_weight=184.683 99.7102 84.9733 91.9482 10.0908 17.9216 13.0728 81.8573 15.1675 66.6898 6.24645 59.3951
internal_count=1537 455 1082 418 47 134 82 371 60 311 56 276
is_linear=0
shrinkage=0.03


Tree=52
num_leaves=15
num_cat=0
split_feature=3 4 1 4 3 1 1 8 2 4 6 3 3 4
split_gain=108.289 9.74167 11.332 4.92888 3.21216 3.2685 10.5428 3.08155 4.60631 2.27605 1.42329 1.55019 1.19052 1.1527
threshold=13.630921363830568 35.208374023437507 16.494662284851078 38.882535934448249 12.655354499816896 9.8798122406005877 13.093044757843019 2.0551117177701812 26.23016452789307 34.154930114746101 8.0742635726928729 19.582293510437015 15.170776367187502 37.984342575073249
decision_type=2 2 2 2 2 2 2 2 2 2 2 2 2 2
left_child=4 9 7 -4 -1 -6 -7 10 -9 12 11 -3 -2 -12
right_child=1 2 3 -5 5 6 -8 8 -10 -11 13 -13 -14 -15
leaf_value=-0.030508688596123251 0.014095167886764582 0.03235317219063686 -0.028912030961131457 0.012562450652555578 -0.029749308008147676 0.029115534594739353 -0.027258820182289201 0.027738447081183667 -0.0039162995892550777 -0.017322539509719383 0.02354271368407428 0.011288130867699583 -0.0040048830166343769 0.0037687609092186955
leaf_weight=60.761324547231197 5.5268951803445834 52.647189274430275 4.3412280678749067 4.163984015583992 6.0986834615469006 4.3031992241740209 5.8444522470235825 7.4913365319371206 7.6463682800531387 5.0090349316596976 7.055889353156088 4.8164643943309775 5.869756743311882 4.6164950206875801
leaf_count=892 25 247 29 15 83 14 57 31 36 28 31 21 25 24
internal_value=-0.000229449 0.0189196 0.0226518 -0.00942151 -0.0272743 -0.0141101 -0.00288547 0.0259613 0.0124971 -0.0022755 0.0286891 0.0308108 0.00520182 0.0166365
internal_weight=186.192 109.185 92.779 8.50521 77.0077 16.2463 10.1477 84.2737 15.1377 16.4057 69.136 57.4637 11.3967 11.6724
internal_count=1558 512 434 44 1046 154 71 390 67 78 323 268 50 55
is_linear=0
shrinkage=0.03


Tree=53
num_leaves=15
num_cat=0
split_feature=3 5 8 4 8 4 4 4 5 8 1 1 3 3
split_gain=112.75 14.1268 7.47775 4.66517 3.16358 2.60204 4.94882 2.05414 2.14192 1.93963 0.425293 9.21652 1.24212 3.46467
threshold=13.687129974365236 258.14437866210943 2.5689543096333955 38.237934112548835 1.195531609593196 37.478509902954109 38.061271667480476 35.374334335327156 233.35565948486331 1.9365449016937606 9.8798122406005877 11.155070781707765 6.0876493453979501 11.896371841430666
decision_type=2 2 2 2 2 2 2 2 2 2 2 2 2 2
left_child=5 2 7 -4 -3 10 -7 -2 9 -9 -1 -12 -13 -14
right_child=1 4 3 -5 -6 6 -8 8 -10 -11 11 12 13 -15
leaf_value=-0.032828364680141262 0.0076429696253063539 -0.024417986442185992 0.016557082648152064 -0.02482119895561612 0.0057977776842239922 0.020599931435838933 -0.027380345929992288 0.024381951475743419 0.03154043148136821 0.0042574530113323869 0.019782967276052447 -0.032414955496873586 0.013106024417703763 -0.031790069802739573
leaf_weight=34.827770456671715 5.4759858548641196 5.674667648971079 4.2751514539122573 3.5992821678519249 5.2671010792255402 2.5054505988955489 3.4121984764933586 14.658737525343897 58.878575071692467 6.6231074780225745 3.1279048994183567 24.371196523308758 2.1648484095931044 2.2411646172404289
leaf_count=531 20 37 19 21 22 10 41 60 283 28 21 370 21 19
internal_value=0.000964651 0.0208518 0.0246058 -0.003022 -0.0106054 -0.0275227 -0.00702485 0.0271518 0.0283739 0.0185912 -0.0292099 -0.0243823 -0.0296859 -0.011387
internal_weight=177.103 104.453 93.5108 7.87443 10.9418 72.6505 5.91765 85.6364 80.1604 21.2818 66.7329 31.9051 28.7772 4.40601
internal_count=1503 490 431 40 59 1013 51 391 371 88 962 431 410 40
is_linear=0
shrinkage=0.03


Tree=54
num_leaves=15
num_cat=0
split_feature=3 0 1 3 1 1 5 7 3 5 2 5 2 4
split_gain=98.4149 14.1042 9.29993 3.81188 3.51216 7.90156 3.34208 3.70672 3.32521 2.25987 1.90847 0.880096 0.861569 0.388239
threshold=13.630921363830568 16.240607261657718 16.494662284851078 12.655354499816896 9.8798122406005877 13.093044757843019 233.35565948486331 -0.77137529605205468 17.313705444335941 255.06929779052737 27.945035934448246 228.70483398437503 19.881338119506839 36.196105957031257
decision_type=2 2 2 2 2 2 2 2 2 2 2 2 2 2
left_child=3 12 6 -1 -5 -6 7 11 -4 13 -7 -3 -2 -8
right_child=1 2 8 4 5 10 9 -9 -10 -11 -12 -13 -14 -15
leaf_value=-0.030160243462904593 -0.0053329029862929176 0.027440824329587016 -0.024546308130969342 -0.029213456460863062 0.027992405039935799 -0.032031442429814608 0.016059363652888587 -0.0077379475008623961 0.010293195599191274 0.0075573707784793659 0.0010568545335172541 0.010673115038018325 -0.025302300669970305 0.030349233245671056
leaf_weight=58.70233304426074 4.1000052466988546 7.2191305458545703 4.1391120031476003 5.6898217201232901 3.9765509814023954 3.8125618919730186 5.5311586037278166 5.2961675971746436 3.9323477149009705 5.4847690463066092 2.2353661134839058 7.4757166504859924 4.3777604699134827 56.255557931959629
leaf_count=905 21 23 25 81 13 38 23 29 15 20 18 35 31 281
internal_value=-0.000487106 0.0183204 0.0216275 -0.0266188 -0.0123763 -0.00103663 0.0244593 0.0127332 -0.0083092 0.0277064 -0.021387 0.0201341 -0.0172264 0.0293462
internal_weight=178.228 103.812 95.334 74.4166 15.7143 10.0245 87.2625 19.991 8.07146 67.2715 6.04793 14.6948 8.47777 61.7867
internal_count=1558 503 451 1055 150 69 411 87 40 324 56 58 52 304
is_linear=0
shrinkage=0.03


Tree=55
num_leaves=15
num_cat=0
split_feature=3 5 5 6 3 0 4 0 8 6 4 8 2 5
split_gain=103.594 9.63335 8.3122 8.66897 4.40895 4.40009 3.86875 3.60967 8.32219 0.76031 0.685815 0.680019 0.575669 0.309478
threshold=13.630921363830568 255.06929779052737 233.35565948486331 8.0616440773010272 12.655354499816896 21.598626136779789 33.808483123779304 13.957610607147219 1.7924084829970808 8.049753665924074 36.611444473266609 2.1971727537611283 27.945035934448246 244.39571380615237
decision_type=2 2 2 2 2 2 2 2 2 2 2 2 2 2
left_child=4 2 3 5 -1 9 -3 -6 -9 -2 13 -12 -10 -4
right_child=1 6 10 -5 7 -7 -8 8 12 -11 11 -13 -14 -15
leaf_value=-0.030866261126217407 0.014811467469968675 0.010351894758726214 0.023683285038317771 -0.0283615057037853 -0.029029992558283559 -0.0027932425722294826 -0.020027173113843669 0.025749188082761564 -0.03025516553629614 0.031113874453353712 0.032596256827182465 0.016477708640617438 -0.0055911452332687876 0.0097396927981153007
leaf_weight=54.611761040985584 8.3336102366447538 7.3685562163591367 5.497437968850134 3.7413895204663268 5.5195564925670615 7.5107640996575347 5.91439388692379 4.7479609698057157 3.4934102669358253 8.3574796468019468 47.064304813742638 5.8832884505391112 1.7119912356138227 4.8161727488040924
leaf_count=864 39 31 24 22 80 37 35 16 37 29 244 27 16 20
internal_value=0.00114523 0.0200021 0.0234459 0.00936821 -0.0268538 0.0160948 -0.00362988 -0.0116779 -0.000283628 0.0242716 0.0294216 0.0311439 -0.0243517 0.0186084
internal_weight=174.572 104.487 91.2044 27.9432 70.0847 24.2019 13.283 15.4729 9.95336 16.6911 63.2612 52.9476 5.2054 10.3136
internal_count=1521 508 442 127 1013 105 66 149 69 68 315 271 53 44
is_linear=0
shrinkage=0.03


Tree=56
num_leaves=13
num_cat=0
split_feature=3 0 4 3 8 4 8 7 5 7 4 7
split_gain=97.6009 9.05227 7.94618 6.58288 4.9359 6.98895 3.63067 2.77161 2.5615 2.02024 0.467439 1.11556
threshold=13.769841670989992 21.598626136779789 34.786550521850593 12.917111396789553 2.9312958016524484 34.132165908813484 2.0551117177701812 0.011449462427884234 235.28456878662112 -0.045762684979522177 36.977537155151374 -1.1883121979158278
decision_type=2 2 2 2 2 2 2 2 2 2 2 2
left_child=3 2 7 10 5 -5 9 -2 -8 -4 -1 -12
right_child=1 -3 6 4 -6 -7 8 -9 -10 -11 11 -13
leaf_value=-0.031811203523450828 -0.014932766218027889 -0.014096992259273243 0.029589159866284968 -0.028456287679798901 -0.030486336220696124 0.018026291194810706 -0.0023699254894493376 0.012433055841723167 0.021760428989909743 0.0063470394380950165 -0.023683281149246484 0.0052784324092227568
leaf_weight=54.648511998355389 5.812238506972788 6.1819914430379859 59.18310118466615 3.3535867556929606 5.0777323469519606 7.8195097669959068 7.1307362169027311 5.5308295786380768 7.4299984350800514 4.2296073138713899 2.3738816231489186 1.3779689744114865
leaf_count=890 32 31 301 41 58 32 30 22 35 19 37 18
internal_value=-0.000767932 0.0192372 0.0216749 -0.0262757 -0.00870634 0.00288309 0.0250481 -0.00166307 0.0105503 0.0281615 -0.0309358 -0.014174
internal_weight=170.15 95.4985 89.3165 74.6512 16.2508 11.1731 77.9734 11.3431 14.5607 63.4127 58.4004 3.75185
internal_count=1546 470 439 1076 131 73 385 54 65 320 945 55
is_linear=0
shrinkage=0.03


Tree=57
num_leaves=15
num_cat=0
split_feature=3 1 0 3 2 6 1 3 3 2 0 6 7 7
split_gain=89.5981 13.3625 12.2484 3.71148 2.07464 1.83032 1.90946 1.64595 1.62693 1.54454 1.07271 0.480499 0.346578 0.962819
threshold=13.630921363830568 16.494662284851078 16.863557815551761 12.926437377929689 19.881338119506839 8.0840406417846697 14.540793895721437 13.403564453125002 15.227270603179933 28.699160575866703 18.425703048706058 8.0303802490234393 -0.83023111391020199 -0.60728607019027037
decision_type=2 2 2 2 2 2 2 2 2 2 2 2 2 2
left_child=3 2 4 -1 -2 6 -4 11 -8 -3 -7 -5 -10 -14
right_child=1 9 5 7 -6 10 8 -9 12 -11 -12 -13 13 -15
leaf_value=-0.029739889440374444 0.0056575794655212182 -0.026040808159356599 0.030435941874033225 -0.0064931086676581293 -0.018834687028113816 0.01928260960710659 0.0064910701703796486 -0.022785622676323329 0.030333474850036748 -0.00042554808229839958 0.00057498605385537859 0.0074721788925788879 0.0034817772193066676 0.024367222900672104
leaf_weight=55.773121114820242 4.9916788935661298 5.0226243138313276 48.803825031965971 3.7530465722084028 5.9314562752842903 5.9201512187719327 8.2971078008413333 3.8398539051413536 6.60459180176258 3.3202243149280548 4.6922411769628525 3.1563546508550644 3.8093528673052779 4.2689922600984564
leaf_count=916 22 31 258 28 38 24 39 42 21 16 26 21 20 20
internal_value=0.000206042 0.0178583 0.0211202 -0.0266358 -0.00810638 0.0250454 0.0268189 -0.00936945 0.0181884 -0.0169833 0.0117729 2.46514e-05 0.023963 0.015987
internal_weight=168.185 101.662 93.3194 66.5224 10.9231 82.3963 71.7839 10.7493 22.98 8.34285 10.6124 6.9094 14.6829 8.07835
internal_count=1522 515 468 1007 60 408 358 91 100 47 50 49 61 40
is_linear=0
shrinkage=0.03


Tree=58
num_leaves=14
num_cat=0
split_feature=3 1 4 4 8 2 1 8 2 4 6 0 3
split_gain=86.8513 13.5586 11.3083 4.84682 3.64787 2.75535 2.22913 20.7754 2.08517 1.96714 0.954647 1.00972 0.510897
threshold=13.630921363830568 16.494662284851078 35.374334335327156 38.882535934448249 2.0385454941786887 26.306632041931156 9.8798122406005877 2.8925652622144127 27.331101417541507 33.437402725219734 8.0862870216369647 20.678366661071781 12.962865352630617
decision_type=2 2 2 2 2 2 2 2 2 2 2 2 2
left_child=6 2 9 -3 10 -6 -1 12 -7 -2 11 -4 -8
right_child=1 3 4 -5 5 8 7 -9 -10 -11 -12 -13 -14
leaf_value=-0.032296095079502728 0.0069000591596409516 -0.039146482809649538 0.032127033325870857 0.0047122834179427102 0.024308437392965464 -0.013267368912835331 0.028784145856835402 -0.03233028680166615 0.013343871535799636 -0.014425178451689643 0.01472333604698947 0.014631211242970121 0.0094345208032409148
leaf_weight=32.592931590974331 7.1221644729375821 3.7052588686346999 48.13258046656847 4.0086054876446724 7.1141836270689955 4.3357864096760732 4.0447575114667407 25.637212179601192 4.2648862451314926 6.5770612135529518 6.6956348940730086 5.7868929877877227 3.5071794539690018
leaf_count=559 30 27 261 16 33 23 31 417 17 38 34 24 13
internal_value=9.46278e-05 0.0179653 0.0212518 -0.0184295 0.0257054 0.0117683 -0.0263301 -0.019698 -5.60253e-05 -0.00362312 0.029069 0.0305499 0.021952
internal_weight=163.525 97.7431 90.0292 7.71386 76.33 15.7149 65.7821 33.1891 8.60067 13.6992 60.6151 53.9195 7.55194
internal_count=1523 503 460 43 392 73 1020 461 40 68 319 285 44
is_linear=0
shrinkage=0.03


Tree=59
num_leaves=13
num_cat=0
split_feature=3 3 1 5 1 4 6 5 5 1 0 6
split_gain=89.5235 8.33626 5.82003 6.26328 5.53238 9.82721 4.39437 4.21034 2.24719 4.91344 0.749243 0.479219
threshold=13.841785430908205 12.655354499816896 16.494662284851078 255.06929779052737 9.8798122406005877 38.196466445922859 8.0477557182312029 233.35565948486331 226.9949645996094 14.738187789916994 20.104891777038578 8.0256662368774432
decision_type=2 2 2 2 2 2 2 2 2 2 2 2
left_child=1 -1 3 7 -3 11 -5 8 -2 10 -10 -6
right_child=2 4 -4 6 5 -7 -8 -9 9 -11 -12 -13
leaf_value=-0.030347914047878961 0.028233422682167615 -0.029676477825189996 -0.0056033785489008232 0.014531613713333275 0.007406116062820863 -0.032495395884359152 -0.019756327663409921 0.030044855474376311 0.0066898590730844441 -0.016071498775280049 0.026999782921942894 0.021664877098035516
leaf_weight=51.930607434362173 4.4813695698976543 6.2082815282046822 6.8376971036195746 8.8602339401841146 5.1510774418711645 4.2742765843868247 4.1225960850715628 53.902006965130568 3.7416991591453534 5.1662907376885414 3.9497998356819153 6.3130920305848122
leaf_count=903 13 91 31 38 27 52 21 291 20 27 20 30
internal_value=0.000488499 -0.0238743 0.0202984 0.0224423 -0.00790149 0.0019478 0.00300951 0.025893 0.0120519 0.00478166 0.019026 0.0163663
internal_weight=164.939 73.8773 91.0617 84.224 21.9467 15.7384 12.9828 71.2412 17.3392 12.8578 7.6915 11.4642
internal_count=1564 1103 461 430 200 109 59 371 80 67 40 57
is_linear=0
shrinkage=0.03


Tree=60
num_leaves=15
num_cat=0
split_feature=3 0 8 5 7 2 7 3 1 1 2 7 2 5
split_gain=83.5379 9.40706 8.40842 3.65835 4.17025 3.62483 2.73354 2.18516 2.18969 6.58287 1.70053 1.31885 0.694179 0.0359903
threshold=13.630921363830568 16.240607261657718 2.5145060069904721 233.35565948486331 -0.77137529605205468 27.100527763366703 -0.034685613910063938 12.655354499816896 9.8798122406005877 13.093044757843019 19.676839828491214 -0.89306374493345342 27.888125419616703 240.9055099487305
decision_type=2 2 2 2 2 2 2 2 2 2 2 2 2 2
left_child=7 10 3 4 11 -4 13 -1 -9 -10 -2 -3 -11 -5
right_child=1 2 5 6 -6 -7 -8 8 9 12 -12 -13 -14 -15
leaf_value=-0.028929498797761233 0.0043645155392870987 0.0064791940328248563 0.0098483875450986053 0.031255522886253731 -0.0092721982629402153 -0.023310106124744805 0.0047562551423853293 -0.028183470292348783 0.021982774666435362 -0.030453674514333923 -0.019475899784322997 0.026118359833600932 -0.004569092821179504 0.022470884796294211
leaf_weight=49.320329789072275 4.1028984636068326 5.509487211704255 6.037976920604704 41.617906164377921 5.437774069607257 4.1826742365956306 4.8173416554927888 4.968689549714326 3.9571626186370832 3.6224106773734093 5.4376150071620941 9.6191574931144714 1.6719430349767206 14.621309235692022
leaf_count=876 18 21 27 236 30 29 22 79 14 40 37 42 18 74
internal_value=0.000892024 0.0177369 0.02067 0.0238502 0.0120483 -0.00458939 0.0275674 -0.0258437 -0.0139436 -0.00429259 -0.00978194 0.0198114 -0.024304 0.0294041
internal_weight=164.925 101.384 91.8436 81.623 20.5664 10.2207 61.0566 63.5405 14.2202 9.25152 9.54051 15.1286 5.29435 56.2392
internal_count=1563 536 481 425 93 56 332 1027 151 72 55 63 58 310
is_linear=0
shrinkage=0.03


Tree=61
num_leaves=15
num_cat=0
split_feature=0 1 4 7 5 4 5 7 0 5 7 2 1 5
split_gain=48.5613 26.2094 13.1899 5.3371 6.18243 4.96411 4.62936 3.3481 3.10983 4.82826 2.71332 1.92588 1.61094 5.67309
threshold=14.133542537689211 16.472542762756351 36.15374946594239 -0.35004594658662064 237.4740905761719 39.347274780273445 233.35565948486331 -0.77137529605205468 15.071187973022463 256.65979003906256 -0.83023111391020199 29.773436546325687 15.058192729949953 227.48091888427737
decision_type=2 2 2 2 2 2 2 2 2 2 2 2 2 2
left_child=-1 2 3 4 -2 11 7 12 -5 -10 -8 -3 -4 -14
right_child=1 5 6 8 -6 -7 10 -9 9 -11 -12 -13 13 -15
leaf_value=-0.031365696637568372 0.022862939092386611 -0.028431012557991329 0.026166104626928838 0.023038916003829079 -0.027764237751966618 0.014636449605200396 -0.0035960923550591665 -0.0097887067111493628 0.016263972585267229 -0.018919800600647102 0.028630820398027019 -0.00033237076489873736 0.026963713808440305 -0.016040154723514152
leaf_weight=32.914835326373577 1.9699087440967584 17.016912620514638 7.2466726973652902 6.724472530186179 8.7977271415293199 2.6313237845897666 2.2471154332160941 5.1416240260004988 6.0901856459677202 5.957109447568655 48.968351647257805 2.5270875915884963 4.7665476948022825 4.3817048817873001
leaf_count=581 9 255 34 28 141 11 22 30 25 34 292 25 18 23
internal_value=0.000487987 0.00909445 0.0155029 -0.00139081 -0.0173464 -0.01986 0.022288 0.00997619 0.00817585 -0.00125026 0.0271751 -0.0249908 0.0163811 0.00681538
internal_weight=157.382 124.467 102.291 29.5394 10.7676 22.1753 72.752 21.5365 18.7718 12.0473 51.2155 19.544 16.3949 9.14825
internal_count=1528 947 656 237 150 291 419 105 87 59 314 280 75 41
is_linear=0
shrinkage=0.03


Tree=62
num_leaves=15
num_cat=0
split_feature=3 7 5 8 1 8 5 3 1 8 6 5 5 7
split_gain=77.1833 8.79083 8.79739 5.9706 3.1805 2.59047 3.03317 2.21793 5.46179 11.5215 0.48823 0.283413 0.325853 0.18525
threshold=13.591570377349855 -0.97091782375839342 258.14437866210943 1.0390091371380692 16.494662284851078 2.0385454941786887 235.28456878662112 12.161772251129152 9.8798122406005877 1.7924084829970808 8.0862870216369647 254.26270294189456 228.30340576171878 -1.1826339367435201
decision_type=2 2 2 2 2 2 2 2 2 2 2 2 2 2
left_child=7 -2 4 -4 5 10 -7 13 -9 -10 11 12 -3 -1
right_child=1 2 3 -5 -6 6 -8 8 9 -11 -12 -13 -14 -15
leaf_value=-0.015889013956682112 -0.02066935426620627 0.014666948753381127 -0.028240809716712965 0.011627481943679912 0.0012757528851055882 -0.0021926436147085256 0.02399073244847591 -0.029972013121655178 0.031968654765395454 -0.030875732627856103 0.015153375727475386 0.014796016956947546 0.030886061650232881 -0.030514413736440357
leaf_weight=4.3863452821969977 4.3434167131781569 3.9254856780171385 4.408393368124961 8.0686263330280763 5.603915497660636 6.8773439377546293 7.9792362600564957 9.2306563965976256 4.5208852514624578 4.0107819400727749 6.1098764538764945 4.2354355305433264 44.602134499698877 37.513168320059776
leaf_count=77 32 15 31 34 23 30 40 166 15 47 34 15 263 706
internal_value=0.00107839 0.0176498 0.0196658 -0.00350909 0.0233089 0.0249441 0.0124962 -0.0254796 -0.015182 0.0022854 0.0278242 0.0289823 0.0298967 -0.0293894
internal_weight=155.816 96.1539 91.8104 12.477 79.3334 73.7295 14.8566 59.6618 17.7623 8.53167 58.8729 52.7631 48.5276 41.8995
internal_count=1528 517 485 65 420 397 70 1011 228 62 327 293 278 783
is_linear=0
shrinkage=0.03


Tree=63
num_leaves=15
num_cat=0
split_feature=4 1 0 8 4 4 8 8 4 4 4 8 8 0
split_gain=46.5382 24.8038 12.6109 18.8527 8.93377 5.46997 5.21999 4.13681 5.66685 5.10457 3.0218 3.27825 2.27954 1.89885
threshold=36.729564666748054 15.058192729949953 14.133542537689211 2.7211913247447574 38.795892715454109 37.029376983642585 3.419280392719624 1.33662678048117 34.410953521728523 33.652214050292976 38.501655578613288 2.5689543096333955 2.272837553724194 21.356954574584964
decision_type=2 2 2 2 2 2 2 2 2 2 2 2 2 2
left_child=2 10 -1 7 5 6 -3 9 -9 -4 11 -2 -6 -7
right_child=1 4 3 -5 12 13 -8 8 -10 -11 -12 -13 -14 -15
leaf_value=-0.03228321972892239 0.030526288147274021 0.026930223009395734 0.012428764125148234 -0.030985845898031085 0.02617849291530331 -0.05892556799958721 -0.024336958830324933 -0.010625177732963037 0.028099724742615205 -0.031206117481495932 0.0015123708951414053 0.0033642634720825945 -0.0026436285256208176 -0.02279527211318335
leaf_weight=30.72512099891901 45.664847034960985 2.3463704735040691 4.647341042757037 15.992990620434282 3.9999995082616788 2.603952080011366 2.8373368158936501 3.9964547157287624 12.067004151642321 3.2862830832600594 4.2775934264063826 4.6636772826313964 4.5526893362402916 5.8512754328548908
leaf_count=573 274 11 19 305 13 21 53 22 53 21 25 30 34 62
internal_value=-0.000702078 0.0153724 -0.0181302 -0.00673382 -0.0110212 -0.0253989 -0.000528907 0.0100221 0.0184072 -0.00711568 0.026104 0.0281239 0.0121655 -0.0389776
internal_weight=147.513 76.7977 70.7152 39.9901 22.1916 13.6389 5.18371 23.9971 16.0635 7.93362 54.6061 50.3285 8.55269 8.45523
internal_count=1516 523 993 420 194 147 64 115 75 40 329 304 47 83
is_linear=0
shrinkage=0.03


Tree=64
num_leaves=15
num_cat=0
split_feature=3 7 5 5 8 3 8 4 4 7 6 5 8 4
split_gain=72.3262 5.79531 6.20574 4.25455 3.44774 2.6201 2.2371 1.75896 1.21055 0.777337 1.12363 0.545029 17.2433 0.209502
threshold=13.703940391540529 -0.93602878778951892 258.14437866210943 230.793327331543 1.195531609593196 13.066060066223146 2.9312958016524484 34.931970596313484 38.501655578613288 -0.1849010436402676 8.0862870216369647 265.78849792480474 2.8925652622144127 38.20697212219239
decision_type=2 2 2 2 2 2 2 2 2 2 2 2 2 2
left_child=5 -2 3 -3 -4 11 7 -7 9 10 13 12 -1 -5
right_child=1 2 4 8 -6 6 -8 -9 -10 -11 -12 -13 -14 -15
leaf_value=0.03760102259948462 -0.0086103636099239909 0.0027227099651833441 -0.018003891583939179 0.030208686316368492 0.013357340173677857 -0.01179606661309745 -0.026138253374184683 0.016264574680571322 0.0069641556119989798 0.013488672219110282 0.0085088384739633038 -0.031552279703240552 -0.031463740357966952 0.015184825499293911
leaf_weight=2.9441263154149082 6.5008400306105605 8.5656218901276571 4.9495991915464383 44.233261801302426 5.7259117662906647 3.0778975747525674 3.0184438414871693 2.9901519566774368 3.8251008242368689 6.5362541377544465 3.5143591538071624 26.812282681465149 21.248003020882607 4.0678962245583525
leaf_count=20 34 35 33 264 23 30 41 11 22 32 21 538 405 26
internal_value=0.000293684 0.0175581 0.0197266 0.0229028 -0.00147965 -0.0248398 -0.00874835 0.00237618 0.0255958 0.0266792 0.0280562 -0.0274831 -0.0218998 0.0292771
internal_weight=148.01 87.9188 81.418 70.7425 10.6755 60.0909 9.08649 6.06805 62.1769 58.3518 51.8155 51.0044 24.1921 48.3012
internal_count=1535 490 456 400 56 1045 82 41 365 343 311 963 425 290
is_linear=0
shrinkage=0.03


Tree=65
num_leaves=15
num_cat=0
split_feature=3 1 5 4 5 0 6 5 6 2 2 1 2 2
split_gain=66.7502 7.80425 6.73782 5.185 7.24555 2.60021 1.86566 1.81512 2.37805 1.53115 1.6268 0.69673 7.50999 0.185806
threshold=13.856672763824465 16.494662284851078 255.06929779052737 36.611444473266609 237.25339508056643 15.267641544342043 8.0840406417846697 232.17485809326175 8.049753665924074 27.945035934448246 24.406964302062992 9.8798122406005877 18.202941894531254 27.519779205322269
decision_type=2 2 2 2 2 2 2 2 2 2 2 2 2 2
left_child=3 2 6 11 9 -4 7 8 -2 10 -5 -1 -13 -12
right_child=1 -3 5 4 -6 -7 -8 -9 -10 -11 13 12 -14 -15
leaf_value=-0.031589770907136147 -0.00024461086973699589 -0.014853515810518919 0.014537895368462461 0.0020009309297329453 0.020796589762886831 -0.0099278147944062874 0.0073660619083547848 0.029410492610273536 0.023981860941209288 7.6589786433121337e-05 -0.032054380648056158 0.015490120492736591 -0.029356906576216625 -0.010219324611614801
leaf_weight=26.903530895709991 5.6321359723806372 5.357087366282939 6.1877992451190931 1.6337589472532297 4.7780212052166453 7.585139662027359 6.2127817608416072 43.485019203275442 9.2402905747294408 2.8818479478359214 6.7172074951231462 3.5314485356211689 15.714593503624199 1.6565332077443597
leaf_count=544 27 27 27 28 25 35 36 271 37 25 113 35 286 15
internal_value=0.000535316 0.0180667 0.0204766 -0.0223823 -0.00797048 0.00130399 0.0244839 0.0261515 0.01537 -0.0193638 -0.0244604 -0.0276134 -0.0207693 -0.0292859
internal_weight=147.517 83.7003 78.3432 63.8169 17.6674 13.7729 64.5702 58.3574 14.8724 12.8893 10.0075 46.1496 19.246 8.37374
internal_count=1531 460 433 1071 206 62 371 335 64 181 156 865 321 128
is_linear=0
shrinkage=0.03


Tree=66
num_leaves=15
num_cat=0
split_feature=4 0 0 1 7 4 6 0 6 4 5 6 2 2
split_gain=43.4812 19.3528 11.442 6.18292 5.08135 2.01285 2.37783 2.78128 1.69074 1.5951 3.52881 1.49015 1.42108 3.55814
threshold=36.611444473266609 21.474822998046879 14.133542537689211 14.738187789916994 -0.35004594658662064 38.882535934448249 8.0167708396911639 22.297799110412601 8.0797824859619158 37.177669525146491 228.30340576171878 8.0840406417846697 19.881338119506839 26.61718845367432
decision_type=2 2 2 2 2 2 2 2 2 2 2 2 2 2
left_child=2 3 -1 8 11 6 7 -3 -2 -5 -11 -4 -6 -14
right_child=1 5 4 9 12 -7 -8 -9 -10 10 -12 -13 13 -15
leaf_value=-0.031825310715301869 0.02926303686241722 0.018404500289656182 -0.020834566639714239 0.018997468653195088 0.012732799194693148 0.0032880325690877342 -0.034085733732128337 -0.023151793232757605 0.008526474891899791 0.015018476459930567 -0.015317040673369944 0.0012975831291952059 -0.014072860344603049 0.017167281983151594
leaf_weight=28.045277569442987 42.762620467692614 1.8311473354697212 16.268263313919309 4.4437342099845436 8.0418285802006739 2.9878738038241854 5.9242367967963219 1.9959812201559541 4.9537140354514113 5.7294657677412015 6.0858117565512657 3.1195669919252387 7.9535866379737836 4.1979222260415554
leaf_count=568 278 16 281 34 35 23 81 34 28 27 33 29 46 17
internal_value=-9.1286e-05 0.0152761 -0.0174925 0.0219674 -0.00680296 -0.01748 -0.0235574 -0.0035749 0.0273295 0.0055594 -0.000582691 -0.0173845 0.00369736 -0.00279575
internal_weight=144.341 76.7146 67.6264 63.9753 39.5812 12.7392 9.75137 3.82713 47.7163 16.259 11.8153 19.3878 20.1933 12.1515
internal_count=1530 554 976 400 408 154 131 50 306 94 60 310 98 63
is_linear=0
shrinkage=0.03


Tree=67
num_leaves=15
num_cat=0
split_feature=3 4 4 1 1 4 3 0 6 7 0 2 3 4
split_gain=62.4503 9.70854 6.3185 6.16467 5.44325 5.15066 5.74497 1.18294 1.56151 2.4019 0.718915 6.57011 0.90801 3.00456
threshold=13.856672763824465 35.208374023437507 36.934047698974616 16.494662284851078 10.037214279174806 38.196466445922859 9.6900167465209979 21.143773078918461 8.0712928771972674 -0.59151485292900807 14.133542537689211 17.938968658447269 6.0876493453979501 36.15374946594239
decision_type=2 2 2 2 2 2 2 2 2 2 2 2 2 2
left_child=2 4 10 7 -2 6 -4 8 -3 -10 -1 -12 -13 -14
right_child=1 3 5 -5 -6 -7 -8 -9 9 -11 11 12 13 -15
leaf_value=-0.031559035396034031 0.010485245952052125 0.028235110553377674 -0.023516221776621181 -0.0041936220522304814 -0.025121688674258721 -0.030653387675804857 0.022986554752107664 0.0076680682488115505 -0.0049394531064822283 0.022796289141376467 0.025439055550560828 -0.030318498519035311 -0.026118334244221896 0.013477459287382662
leaf_weight=26.98678120970726 7.7918981686234456 46.980076801031828 2.578326899558304 7.2048357874155036 5.9680977910757065 3.2477931231260291 6.5074844211339951 4.5605840086936942 3.8045962005853653 7.2211946882307512 1.7007234320044542 14.05164483562112 3.7003292292356482 1.9468734189867971
leaf_count=568 35 298 52 33 32 43 36 17 22 39 9 299 42 17
internal_value=0.000330867 0.0170797 -0.0226136 0.0215714 -0.00561417 -0.00313394 0.00876702 0.0245576 0.0257331 0.0136108 -0.0274149 -0.0210133 -0.026059 -0.0124937
internal_weight=144.251 83.5313 60.72 69.7713 13.76 12.3336 9.08581 62.5665 58.0059 11.0258 48.3864 21.3996 19.6988 5.6472
internal_count=1542 476 1066 409 67 131 88 376 359 61 935 367 358 59
is_linear=0
shrinkage=0.03


Tree=68
num_leaves=12
num_cat=0
split_feature=3 5 1 8 8 1 3 1 8 1 2
split_gain=60.7233 10.3687 11.0533 6.54745 6.0518 3.0519 2.57437 2.28679 2.20565 3.70392 1.65489
threshold=13.687129974365236 255.32027435302737 16.494662284851078 1.0288624698825137 2.0385454941786887 14.369328975677492 12.926437377929689 15.180657386779787 2.9312958016524484 9.8798122406005877 28.550621032714847
decision_type=2 2 2 2 2 2 2 2 2 2 2
left_child=6 2 4 -3 10 -6 -1 -7 9 -8 -2
right_child=1 3 -4 -5 5 7 8 -9 -10 -11 -12
leaf_value=-0.029218981108576708 0.028077367910289888 -0.03828738927021498 -0.016682270932991568 0.00601414296963396 0.02139245797498596 -0.019191509459392655 -0.023290173853929227 0.007643948524136219 -0.026446349901992898 0.01870492533373393 0.0034429910943969311
leaf_weight=43.341766513884068 50.042115349322557 3.9669060930609685 6.5741947516798964 7.0268259346485138 5.1424784250557414 4.4021536186337453 2.2154217734932882 5.2295540869235992 3.3099020570516586 3.5938673764467239 2.8940045833587638
leaf_count=925 319 32 37 31 31 26 37 21 47 12 14
internal_value=-0.00104463 0.0145301 0.0185367 -0.0118308 0.0221492 0.00477651 -0.0261604 -0.00527263 -0.0101728 0.00162135 0.0268194
internal_weight=137.739 85.2782 74.2845 10.9937 67.7103 14.7742 52.461 9.63171 9.11919 5.80929 52.9361
internal_count=1532 511 448 63 411 78 1021 47 96 49 333
is_linear=0
shrinkage=0.03


Tree=69
num_leaves=15
num_cat=0
split_feature=3 0 5 6 0 7 4 2 0 2 3 3 3 4
split_gain=59.5786 7.64892 6.16015 9.05616 3.46435 2.86858 2.7106 2.33603 2.07758 10.516 2.02967 3.21621 1.2652 1.15482
threshold=13.630921363830568 16.240607261657718 233.35565948486331 8.0625395774841326 21.598626136779789 0.094752847610363719 35.208374023437507 19.626227378845218 13.957610607147219 18.202941894531254 6.0876493453979501 10.288906097412111 16.173662185668949 37.639591217041023
decision_type=2 2 2 2 2 2 2 2 2 2 2 2 2 2
left_child=8 7 3 4 12 6 -4 -2 -1 -10 -11 -12 -3 -13
right_child=1 2 5 -5 -6 -7 -8 -9 9 10 11 13 -14 -15
leaf_value=-0.031089229153287393 0.0056578842391717763 0.011265177762104728 0.0024422524207220616 -0.030022646790950663 -0.0024962436532889785 -0.00024514753783445213 0.029084427851399551 -0.023940419658385007 0.029302140807369016 -0.030429497220978662 0.017215803304111855 -0.031798277390679759 0.030953896122846863 -0.0061442677496406934
leaf_weight=24.308701772242785 3.8980228528380376 7.3137379214167648 3.9336555153131476 4.0299334898591033 7.0802478641271582 3.7370723187923423 43.462852481752634 4.1703251451253891 2.9498016610741642 15.746317449957134 1.9856363423168639 2.9076682440936565 7.3333476036787033 3.6654164120554924
leaf_count=553 17 35 15 24 38 15 292 31 17 349 28 30 33 38
internal_value=0.000772421 0.0161521 0.0190586 0.00674296 0.0145831 0.0250139 0.0269694 -0.0105937 -0.0243932 -0.0175321 -0.0241495 -0.0106209 0.022471 -0.0201929
internal_weight=136.523 84.9592 76.8908 25.7573 21.7273 51.1336 47.3965 8.06835 51.5635 27.2548 24.305 8.55872 14.6471 6.57308
internal_count=1515 500 452 130 106 322 307 48 1015 462 445 96 68 68
is_linear=0
shrinkage=0.03


Tree=70
num_leaves=14
num_cat=0
split_feature=3 5 8 5 1 3 8 5 6 8 3 8 3
split_gain=54.2289 6.1914 23.6869 5.12335 4.69321 3.35591 2.87142 3.6594 2.77086 2.73175 1.70491 0.803454 0.361667
threshold=14.104630947113039 265.78849792480474 2.9312958016524484 255.32027435302737 14.738187789916994 13.442567348480226 1.8926658774058909 226.9949645996094 8.0840406417846697 1.195531609593196 19.274097442626957 2.3104267749292009 18.58281230926514
decision_type=2 2 2 2 2 2 2 2 2 2 2 2 2
left_child=1 2 5 4 8 -1 12 -8 10 -5 -2 -7 -6
right_child=3 -3 -4 9 6 11 7 -9 -10 -11 -12 -13 -14
leaf_value=0.033814306905899899 0.030280261513367789 -0.031726673660609855 -0.031642449396177781 -0.016543344251425656 0.023563401573322651 0.011183166368191118 0.01515404364045703 -0.017036304259634854 0.0032241626913716731 0.01152606241778306 0.004425938923892452 -0.0059906291895878254 0.0092045398052357039
leaf_weight=5.4897534549236289 33.87509897351265 27.170599926263094 21.050365690141916 5.153066620230673 5.7611598372459429 4.9714367985725385 4.7740531042218191 6.1053306981921196 4.6837737374007693 5.3607667535543442 2.8585715070366851 3.3321013562381268 4.722151555120945
leaf_count=28 237 598 433 29 27 30 18 33 30 20 20 21 20
internal_value=-0.000658969 -0.0211256 -0.0122045 0.0167092 0.0199101 0.0175941 0.00797924 -0.00282408 0.0257307 -0.00247335 0.0284389 0.00438839 0.0184603
internal_weight=135.308 62.0143 34.8437 73.294 62.7801 13.7933 21.3627 10.8794 41.4174 10.5138 36.7337 8.30354 10.4833
internal_count=1544 1110 512 434 385 79 98 51 287 49 257 51 47
is_linear=0
shrinkage=0.03


Tree=71
num_leaves=14
num_cat=0
split_feature=0 8 1 5 5 7 5 1 7 7 4 4 0
split_gain=37.5036 46.0686 7.10225 3.35259 3.1098 1.99626 1.85229 3.73935 1.05872 0.854687 0.523897 0.299488 0.00865698
threshold=16.240607261657718 2.9312958016524484 16.472542762756351 256.65979003906256 232.17485809326175 -0.83023111391020199 265.78849792480474 10.63657331466675 0.38640753904084252 -0.82185117579592293 36.14000320434571 38.882535934448249 14.242908477783205
decision_type=2 2 2 2 2 2 2 2 2 2 2 2 2
left_child=6 2 3 4 5 -2 7 -1 -8 -6 -11 -3 -9
right_child=1 11 -4 -5 9 -7 8 12 -10 10 -12 -13 -14
leaf_value=0.0099926879913595588 0.018330752941368031 -0.031817757897610432 -0.0090176629592907866 -0.0044346290619759043 0.0072532743987114385 -0.0044730148483453887 -0.031841518217307359 -0.010912401324628226 -0.0050731056893342577 0.017107640671889125 0.030105633711409781 -0.011017561177256845 -0.031414997482233364
leaf_weight=3.5530870147049418 8.7765787020325643 17.489186350256208 6.3450684435665599 3.5406337454915038 2.6040468513965598 4.8315689638257018 24.157773151993755 1.5614421963691709 1.8463826067745674 8.0025805681943876 43.777320701628923 2.0797481387853614 2.8668931201100349
leaf_count=17 34 371 36 16 19 29 538 18 28 36 301 25 41
internal_value=0.000402544 0.00988092 0.0202206 0.0229027 0.0243699 0.0104823 -0.0262804 -0.0115719 -0.0301991 0.0275929 0.028459 -0.0302503 -0.0275278
internal_weight=131.432 97.4467 77.8778 71.5327 67.9921 13.6081 33.9856 7.98142 26.0042 54.3839 51.7799 19.5689 4.42834
internal_count=1509 867 471 435 419 63 642 76 566 356 337 396 59
is_linear=0
shrinkage=0.03


Tree=72
num_leaves=15
num_cat=0
split_feature=3 1 4 3 3 0 1 4 6 6 4 6 7 4
split_gain=49.6612 4.7772 5.62934 4.51578 3.7808 5.76393 5.76822 3.42631 3.22853 2.60654 2.253 1.0771 1.3564 0.948409
threshold=13.769841670989992 15.534647941589357 35.664554595947273 17.313705444335941 12.161772251129152 13.957610607147219 13.093044757843019 38.537466049194343 8.0241112709045428 8.0477557182312029 33.437402725219734 8.0862870216369647 -0.83675434338598031 36.977537155151374
decision_type=2 2 2 2 2 2 2 2 2 2 2 2 2 2
left_child=4 2 9 -3 13 -6 -7 11 -8 10 -2 12 -4 -1
right_child=1 3 7 -5 5 6 8 -9 -10 -11 -12 -13 -14 -15
leaf_value=-0.029376630811099324 0.022607519332992283 -0.015965140056780236 0.0077949831794311376 0.016142745564801671 -0.028981508910850422 0.026915845227797074 0.0075588381427202679 -0.0044022713339972683 -0.027690287420704625 -0.014967308281620555 -0.0039492970977996287 0.010401351549021548 0.029200235587184386 -0.0070529068586674898
leaf_weight=30.822187185287476 5.1504311114549619 7.1824512481689435 3.8094551041722218 6.608699157834053 7.9817019179463413 4.354125037789343 3.5896756127476692 3.3783985599875441 4.266697708517313 4.4218277335166922 4.9218712449073792 5.4268896430730811 36.95927536115051 2.5954609289765349
leaf_count=739 18 39 20 26 179 16 24 21 54 23 27 32 272 53
internal_value=0.000246544 0.0154729 0.0188724 -0.00052793 -0.0217456 -0.0107274 0.00249552 0.0235987 -0.0125496 0.0022272 0.0104458 0.0256964 0.0274346 -0.0278981
internal_weight=131.469 77.8593 64.0681 13.7912 53.6098 20.1922 12.2105 49.574 7.85637 14.4941 10.0723 46.1956 40.7687 33.4176
internal_count=1543 478 413 65 1065 273 94 345 78 68 45 324 292 792
is_linear=0
shrinkage=0.03


Tree=73
num_leaves=11
num_cat=0
split_feature=0 8 0 0 1 7 2 2 6 8
split_gain=32.559 40.0828 4.23683 6.41117 4.23263 2.08438 1.86324 3.63934 0.936262 0.619973
threshold=14.133542537689211 2.8925652622144127 17.062447547912601 15.267641544342043 14.738187789916994 -0.50230104458816094 27.100527763366703 28.003631591796879 8.0742635726928729 1.6510952603657658
decision_type=2 2 2 2 2 2 2 2 2 2
left_child=-1 2 3 -2 8 6 -6 -8 -4 -10
right_child=1 -3 4 -5 5 -7 7 -9 9 -11
leaf_value=-0.031218340790739221 0.019802846281985014 -0.028226674285689344 0.028233788345450071 -0.021592327953163876 0.022809071025341958 -0.0091836563037533368 -0.014589977201323483 0.018320481159022853 0.02132335687220166 0.0060440422781393938
leaf_weight=23.542456429451704 6.1576787978410703 21.421320717781782 33.085616696625948 5.3589466474950314 8.2991521656513267 3.9555024281144133 4.5237562805414182 5.7431960701942444 6.3920054808258993 5.1240645200014114
leaf_count=568 27 446 249 37 38 25 27 22 31 31
internal_value=-0.000225283 0.00730353 0.0172148 0.000354565 0.0200599 0.00890851 0.0130354 0.00381178 0.0253719 0.0155509
internal_weight=123.604 100.061 78.6399 11.5166 67.1233 22.5216 18.5661 10.267 44.6017 11.5161
internal_count=1501 933 487 64 423 112 87 49 311 62
is_linear=0
shrinkage=0.03


Tree=74
num_leaves=15
num_cat=0
split_feature=3 4 8 1 1 7 3 7 1 4 4 4 2 7
split_gain=50.9458 8.98549 11.2909 4.77439 5.18036 2.58255 2.48094 3.75491 1.96198 4.9447 4.18392 0.896828 1.99845 0.71505
threshold=13.066060066223146 35.094516754150398 2.5689543096333955 11.226923465728762 8.6481337547302264 -0.034685613910063938 14.556005001068117 -0.80943679044670414 15.400683879852297 38.795892715454109 38.501655578613288 36.977537155151374 25.118460655212406 -1.0173138938102368
decision_type=2 2 2 2 2 2 2 2 2 2 2 2 2 2
left_child=11 3 8 4 -2 -6 7 13 10 -10 -3 -1 -13 -4
right_child=1 2 6 -5 5 -7 -8 -9 9 -11 -12 12 -14 -15
leaf_value=-0.028508503073126697 -0.02695618823781544 0.028811998566002174 -0.010148225891441468 -0.032194079547633467 -0.00093754982043551475 0.026293960665294085 0.0089749890614288421 0.011752325736482182 -0.01106219783960957 0.028362095592286012 -0.0040827253606906854 0.014050114579286789 -0.02299379790886109 -0.039847482224670057
leaf_weight=37.207283541560173 2.9936333820223835 42.734288617968559 1.993263874202966 3.5228409618139258 6.3157347142696381 5.0954224765300733 3.6726998016238213 1.9810216128826121 4.7078131996095163 4.9856378734111786 3.529573716223239 1.3288297541439527 2.2815511114895344 2.8916473723948006
leaf_count=918 44 306 22 21 30 17 14 11 26 16 23 17 46 31
internal_value=6.26647e-05 0.0133438 0.0183674 -0.00527525 0.00297056 0.012361 -0.00940123 -0.0191223 0.0236704 0.00997099 0.0262691 -0.0270691 -0.0092693 -0.0315126
internal_weight=125.241 84.4236 66.4959 17.9276 14.4048 11.4112 10.5386 6.86593 55.9573 9.69345 46.2639 40.8177 3.61038 4.88491
internal_count=1542 561 449 112 91 47 78 64 371 42 329 981 63 53
is_linear=0
shrinkage=0.03


Tree=75
num_leaves=15
num_cat=0
split_feature=3 1 8 5 5 6 2 2 2 4 4 4 1 6
split_gain=44.0057 5.01179 18.4787 4.02268 5.07831 5.30802 3.186 4.3813 2.77704 1.44667 1.36378 1.01004 1.25431 0.240943
threshold=14.104630947113039 9.4675192832946795 2.9312958016524484 258.14437866210943 230.793327331543 8.0453376770019549 26.056502342224125 23.676937103271488 18.202941894531254 34.667175292968757 35.374334335327156 38.501655578613288 14.906283855438234 8.0862870216369647
decision_type=2 2 2 2 2 2 2 2 2 2 2 2 2 2
left_child=1 -1 6 4 5 -2 7 8 9 -3 -6 12 13 -12
right_child=3 2 -4 -5 10 -7 -8 -9 -10 -11 11 -13 -14 -15
leaf_value=-0.030909095421498528 -0.019340860123384557 0.029120387997200285 -0.031256988612113117 -0.0038648964311338574 0.0044480730150861523 0.018266286182807612 -0.011197662274480857 0.038770819904932294 -0.017631771959607346 -0.00072470062220798771 0.029850692123028318 0.0058474086371584962 0.01134502402178356 0.014561437282296552
leaf_weight=21.420120947062969 5.2648687884211522 2.2450592741370183 18.946206126362085 7.5810233652591696 3.7210708707571021 6.3329460024833679 3.4891940020024768 4.6275088042020798 2.6559419818222523 2.5737438909709454 29.113204896450043 3.0687192305922499 6.4276594929397097 4.0141974799334994
leaf_count=543 27 9 438 37 14 24 22 29 17 39 238 20 35 26
internal_value=-0.000330642 -0.0196827 -0.0120463 0.0162436 0.0188955 0.00101428 0.0117748 0.0187471 0.00323865 0.0157949 0.0232543 0.0247565 0.0260431 0.028479
internal_weight=121.481 55.9578 34.5377 65.5237 57.9427 11.5978 15.5914 12.1023 7.47475 4.8188 46.3449 42.6238 39.5551 33.1274
internal_count=1518 1097 554 421 384 51 116 94 65 48 333 319 299 264
is_linear=0
shrinkage=0.03


Tree=76
num_leaves=15
num_cat=0
split_feature=3 5 5 3 3 0 1 2 8 1 7 7 0 5
split_gain=41.6536 6.09162 6.47255 5.68285 3.0782 4.98679 6.27822 1.9996 1.80522 2.0304 1.59086 1.56717 5.56478 0.453484
threshold=13.630921363830568 255.06929779052737 233.35565948486331 15.227270603179933 12.161772251129152 13.957610607147219 13.093044757843019 27.945035934448246 2.3748204583955461 15.400683879852297 -0.045762684979522177 -0.83023111391020199 20.716280937194828 236.2900314331055
decision_type=2 2 2 2 2 2 2 2 2 2 2 2 2 2
left_child=4 2 3 -2 13 -6 -7 -8 9 -4 -3 -5 -13 -1
right_child=1 10 8 11 5 6 7 -9 -10 -11 -12 12 -14 -15
leaf_value=-0.017872879090869053 -0.019391693149376832 -0.017845902533703297 0.027963898885735763 0.019812920482595427 -0.028059675430805536 0.026895626467938853 -0.029400042871548192 0.005829862374352476 0.0038345856401532478 0.0023331794435008024 0.0029670206814380895 0.020792959541754551 -0.024368692216609179 -0.030516808473622332
leaf_weight=9.3987017907202262 5.7801304422318962 4.5131336897611618 35.680220056325197 10.293132372200493 6.7836927697062519 4.4701746404170972 3.1281190849840641 1.7956661060452459 4.0365855805575839 3.2169005498290053 7.6720802783966047 4.907199472188946 3.2088950350880623 21.158829975873232
leaf_count=226 36 28 278 41 174 17 41 17 26 18 37 32 17 569
internal_value=0.000443374 0.0136319 0.0171368 0.00446755 -0.0217539 -0.0102664 0.00404612 -0.0177367 0.0240106 0.0259558 -0.00551046 0.012572 0.00222276 -0.0273175
internal_weight=126.043 79.3083 67.1231 24.1894 46.7352 16.1777 9.39396 4.92379 42.9337 38.8971 12.1852 18.4092 8.11609 30.5575
internal_count=1557 513 448 126 1044 249 75 58 322 296 65 90 49 795
is_linear=0
shrinkage=0.03


Tree=77
num_leaves=15
num_cat=0
split_feature=3 4 5 6 6 5 4 6 4 3 6 1 3 3
split_gain=42.7188 4.96213 4.9577 7.16851 5.24108 6.54086 4.25426 4.13102 4.10327 4.41685 2.01735 1.85878 1.32968 1.71031
threshold=13.841785430908205 35.208374023437507 233.35565948486331 8.0600395202636737 8.0303802490234393 231.01960754394534 36.934047698974616 8.0382428169250506 38.220436096191413 9.6900167465209979 8.0228414535522479 15.058192729949953 12.994469642639162 13.299135684967043
decision_type=2 2 2 2 2 2 2 2 2 2 2 2 2 2
left_child=6 7 3 4 5 -3 12 10 9 -8 -2 -4 -1 -14
right_child=1 2 11 -5 -6 -7 8 -9 -10 -11 -12 -13 13 -15
leaf_value=-0.027798589467720427 -0.005322141830343111 -0.024586739240999137 0.027791933075273056 -0.025090157413051057 0.028321185907863689 0.023289667137894009 -0.022076592694140178 -0.025793452500978975 -0.029618964991953947 0.021066950736379635 0.020888188354818465 0.0054603593125909112 0.0058347997421624408 -0.022514461934754194
leaf_weight=33.079801596701145 4.3927005901932699 4.5556173697114044 31.901123315095901 4.0676938295364371 10.375771835446356 3.7859929502010345 2.2102023698389512 3.5061220601201049 2.769141461700201 5.6503858156502247 4.5950010418891907 4.357356183230876 2.8898212797939768 3.2413691692054272
leaf_count=881 25 26 260 24 41 25 55 20 43 33 16 25 25 40
internal_value=0.000187155 0.0149644 0.0185454 0.00714296 0.0150651 -0.00269015 -0.0209 -0.00207945 -0.00364626 0.00781359 0.00882773 0.0253268 -0.0253703 -0.0102081
internal_weight=121.378 71.5374 59.0436 22.7851 18.7174 8.34161 49.8407 12.4938 10.6297 7.86059 8.9877 36.2585 39.211 6.13119
internal_count=1539 462 401 116 92 51 1077 61 131 88 41 285 946 65
is_linear=0
shrinkage=0.03


Tree=78
num_leaves=14
num_cat=0
split_feature=0 8 7 8 8 1 6 7 6 0 7 0 2
split_gain=25.2189 32.61 4.05512 5.7579 4.37937 8.32624 3.96376 3.67763 1.87926 1.81382 1.60497 0.764211 0.238002
threshold=13.957610607147219 3.0382405033136943 -0.20595377985685925 2.0255606532048276 1.0288624698825137 10.63657331466675 8.0588221549987811 -0.91017741815175801 8.0862870216369647 21.740300178527836 -0.61208818941192566 17.278176307678226 27.375854492187504
decision_type=2 2 2 2 2 2 2 2 2 2 2 2 2
left_child=-1 2 3 8 -4 -6 7 -5 9 11 12 -2 -9
right_child=1 -3 4 6 5 -7 -8 10 -10 -11 -12 -13 -14
leaf_value=-0.030432712473821684 0.011422355124628403 -0.029064166996497869 -0.022604128103204543 -0.012462649830463121 0.026747321554919826 -0.021246234521093376 -0.021383372653688091 0.015144178236613503 0.0031767029519476873 0.0034514301970609436 0.00087144972558016653 0.029656935771937874 0.032220273409715748
leaf_weight=20.133829414844513 4.0413798093795767 18.534247811883688 4.1532500535249737 3.9858485534787222 8.0577520318329316 4.1756857074797145 3.4507974833250037 5.2623853124678153 3.8955910615622988 3.2858841866254798 3.6103325784206364 30.554415121674538 3.4681489765644073
leaf_count=564 22 453 27 26 30 30 22 34 25 13 29 244 13
internal_value=-0.000729847 0.00571755 0.0142519 0.0177324 0.000910009 0.00999791 0.00411557 0.0104281 0.0239318 0.0259295 0.0182013 0.0279076 0.0245417
internal_weight=116.61 96.4757 77.9415 61.5548 16.3867 12.2334 19.7775 16.3267 41.7773 37.8817 12.3409 34.5958 8.73053
internal_count=1532 968 515 428 87 60 124 102 304 279 76 266 47
is_linear=0
shrinkage=0.03


Tree=79
num_leaves=15
num_cat=0
split_feature=3 7 1 8 6 7 1 6 0 1 6 7 7 4
split_gain=43.1876 5.4235 5.52999 3.34858 3.14554 2.92095 5.08251 2.95422 1.68116 1.19611 1.03642 0.628651 1.5817 0.395227
threshold=13.591570377349855 -0.97091782375839342 9.165898799896242 2.0551117177701812 8.0537385940551776 -0.20595377985685925 12.21301317214966 8.0840406417846697 20.813953399658207 15.058192729949953 8.069681644439699 -1.1826339367435201 -1.1980816942265766 34.786550521850593
decision_type=2 2 2 2 2 2 2 2 2 2 2 2 2 2
left_child=10 -2 -3 5 9 7 -7 8 13 -5 11 12 -1 -4
right_child=1 2 3 4 -6 6 -8 -9 -10 -11 -12 -13 -14 -15
leaf_value=-0.021543246734462861 -0.018959554301565148 -0.014834050911240628 0.010463215618911474 0.019493121528858966 -0.017905904970816861 0.017727384365303755 -0.02106055044625978 -0.0012724857435100752 0.008677334781828791 0.00025571611571176457 -0.0044515640867591015 -0.028405866732403307 0.013760511556876564 0.029748853368210048
leaf_weight=2.0529499202966695 3.8593248464167109 4.7298270650207987 2.4439208656549445 5.8577972650527936 3.6134303808212271 9.155602462589739 3.3923661783337584 3.8209142163395873 5.5116649791598311 5.0982940793037415 2.3595027811825267 33.634993430227041 0.97945931553840537 29.989017263054848
leaf_count=54 32 38 9 39 19 42 22 27 22 23 39 876 20 252
internal_value=-0.000561719 0.0123779 0.014253 0.0164339 0.00338043 0.019811 0.0064605 0.0235772 0.0260479 0.0113113 -0.0259157 -0.027142 -0.0095556 0.0286521
internal_weight=116.499 77.4722 73.6128 68.883 14.5695 54.3135 12.548 41.7655 37.9446 10.9561 39.0269 36.6674 3.03241 32.4329
internal_count=1514 525 493 455 81 374 64 310 283 62 989 950 74 261
is_linear=0
shrinkage=0.03


Tree=80
num_leaves=15
num_cat=0
split_feature=3 3 0 8 0 6 4 8 5 7 8 3 6 0
split_gain=43.5713 4.23426 4.68633 6.84199 3.65282 4.29038 4.19041 3.98774 3.45797 3.45771 3.40026 2.64209 0.414504 0.304196
threshold=13.841785430908205 12.161772251129152 14.133542537689211 2.9312958016524484 21.006048202514652 8.0316958427429217 36.611444473266609 1.0390091371380692 262.23223876953131 -0.28477459805095845 2.0385454941786887 14.943321228027346 8.0862870216369647 20.627570152282718
decision_type=2 2 2 2 2 2 2 2 2 2 2 2 2 2
left_child=1 -1 -3 -4 6 -6 7 -2 9 -9 12 -12 13 -8
right_child=4 2 3 -5 5 -7 10 8 -10 -11 11 -13 -14 -15
leaf_value=-0.030647216973421362 -0.015533494948296072 -0.028634655151333604 0.016556004400721448 -0.028450217889679229 -0.020254439123066691 0.014059052712660848 0.029332718774389685 0.015401572009090489 0.029803578730575264 -0.018102972876661117 -0.0093523612752120962 0.021505327513884509 0.01140480428165188 0.010266594062050188
leaf_weight=26.948345329612494 5.0971731916070011 7.1454547345638302 7.7833260633051378 3.6503963693976402 4.9626238048076612 6.2965148836374283 26.136109612882144 5.5165742449462414 5.5649515837430945 3.828481908887623 4.7385874688625318 3.4855650812387466 3.3471105247735968 2.2158943824470034
leaf_count=788 32 185 39 57 28 23 239 28 18 22 32 17 24 16
internal_value=-0.000506199 -0.0231405 -0.0112431 0.00105455 0.014089 -0.00148359 0.016991 0.00542216 0.0131122 0.00125235 0.0225144 0.00463936 0.0268683 0.0282431
internal_weight=116.717 45.5275 18.5792 11.4337 71.1896 11.2591 59.9304 20.0072 14.91 9.34506 39.9233 8.22415 31.6991 28.352
internal_count=1548 1069 281 96 479 51 428 100 68 50 328 49 279 255
is_linear=0
shrinkage=0.03


Tree=81
num_leaves=14
num_cat=0
split_feature=3 8 5 1 8 0 2 5 3 6 5 6 8
split_gain=34.6176 5.02248 6.05909 4.09743 19.9618 3.10643 2.86033 2.49424 1.77953 2.59611 0.502293 0.436785 0.310504
threshold=13.769841670989992 2.5145060069904721 258.14437866210943 9.8798122406005877 2.9312958016524484 15.267641544342043 23.726450920104984 233.35565948486331 16.441803932189945 8.0231323242187518 249.74717712402347 8.0862870216369647 2.0812038414772887
decision_type=2 2 2 2 2 2 2 2 2 2 2 2 2
left_child=3 2 7 -1 6 -4 -5 8 -2 -10 11 12 -9
right_child=1 -3 5 4 -6 -7 -8 10 9 -11 -12 -13 -14
leaf_value=-0.030207668000107945 -0.0032332499492691729 -0.011669854969263168 0.009195565735907494 0.0045330361080834752 -0.030452560941861471 -0.021151685206307846 0.036843099231433918 0.029698617724947987 -0.002438717100768947 0.025944750994619212 0.013935843246693431 0.010961903425653167 0.013054988722044015
leaf_weight=18.886714151129127 5.898724444210532 5.7696012556552878 5.9164368808269483 5.0542054772377032 16.806135572493076 4.4775774255394936 4.4994148910045624 22.426568180322654 4.1948575675487501 7.3645833879709244 7.2904733866453162 3.2721523083746424 3.4589005336165419
leaf_count=571 37 36 30 37 449 25 23 210 20 37 34 24 25
internal_value=0.000465818 0.0136077 0.0160198 -0.0197402 -0.0114103 -0.00458657 0.0217991 0.0200042 0.00986246 0.0162705 0.0244689 0.0265531 0.0280429
internal_weight=115.316 70.0699 64.3003 45.2465 26.3598 10.394 9.55362 53.9063 17.4582 11.5594 36.4481 29.1576 25.8855
internal_count=1558 478 442 1080 509 55 60 387 94 57 293 259 235
is_linear=0
shrinkage=0.03


Tree=82
num_leaves=15
num_cat=0
split_feature=1 8 8 6 7 7 5 1 5 4 7 6 4 1
split_gain=23.9012 31.9851 4.00096 4.23701 3.7456 3.37555 2.11243 1.99144 2.28738 1.43715 1.05307 0.813812 0.314539 0.153446
threshold=9.2324047088623065 3.0382405033136943 1.9365449016937606 8.0673027038574237 -0.48416004377881589 0.032273558532716934 262.90486145019537 10.425409317016603 224.23816680908206 34.132165908813484 -0.91017741815175801 8.0862870216369647 38.882535934448249 14.540793895721437
decision_type=2 2 2 2 2 2 2 2 2 2 2 2 2 2
left_child=6 2 5 4 10 7 -1 -2 -9 -10 -4 -11 -3 -12
right_child=1 12 3 -5 -6 -7 -8 8 9 11 13 -13 -14 -15
leaf_value=0.0084137481594054094 0.0023895051524608166 -0.030439228408446001 0.0021874880981567995 -0.024280691041886279 -0.017851288835585986 -0.0036035754367120926 -0.031019153160453412 0.0023894452169312503 0.0022913746408240831 0.029325157921909813 0.024951428092605209 0.011060532921769759 -0.0094829519478522896 0.012717255475861004
leaf_weight=0.90297804772854107 4.3872825019061557 15.252098357304932 4.2797420844435736 2.924079328775405 2.7928152866661557 4.7131544407457104 18.352741299197078 4.1773873120546332 2.3157358616590491 33.605281449854374 5.4403832219541055 4.0865973234176627 1.864423282444476 6.1686364412307739
leaf_count=4 38 428 26 19 33 27 535 17 9 278 44 27 24 34
internal_value=0.000691109 0.00711641 0.0155979 0.00444249 0.00994356 0.019956 -0.0288459 0.0222686 0.0241459 0.026304 0.0155969 0.0276819 -0.028806 0.0199748
internal_weight=111.263 92.0076 74.8911 21.6057 18.6816 53.2854 19.2557 48.5723 44.185 40.0076 15.8888 37.6919 17.1165 11.609
internal_count=1543 1004 552 156 137 396 539 369 331 314 104 305 452 78
is_linear=0
shrinkage=0.03


Tree=83
num_leaves=15
num_cat=0
split_feature=3 1 5 8 7 8 0 4 1 0 5 4 4 4
split_gain=33.4517 7.87322 8.67788 8.07314 5.09608 3.72678 2.59266 2.16422 1.8098 2.24827 2.37381 1.42371 0.725706 1.25358
threshold=12.994469642639162 16.472542762756351 256.65979003906256 1.0288624698825137 -0.034685613910063938 2.0551117177701812 21.20941257476807 38.882535934448249 14.503366470336916 20.839991569519047 234.69338226318362 35.374334335327156 36.977537155151374 37.120244979858406
decision_type=2 2 2 2 2 2 2 2 2 2 2 2 2 2
left_child=12 2 5 -4 -5 6 11 -3 -7 10 -10 -2 -1 -14
right_child=1 7 3 4 -6 8 -8 -9 9 -11 -12 -13 13 -15
leaf_value=-0.027000357925854635 0.0049736557993372184 -0.034625483723468402 -0.037197000817271259 -0.015616546443337844 0.023009299316266413 0.01832499102581139 -0.0038184446518160571 -0.0020681669947691301 -0.027669837136881731 0.014096091425582848 0.0055048619399045828 0.027061515130077599 0.012429865434491661 -0.01977445107570338
leaf_weight=29.215464217588309 3.3802470788359633 2.8850247338414183 4.2451862804591647 4.3008862622082225 6.5260450914502135 5.1946178488433352 2.6988218352198592 3.7449048087000847 3.0981155410408956 3.7595868371427059 3.1632227376103401 34.994400009512901 1.0383989512920373 1.4990922361612318
leaf_count=902 13 24 47 29 31 37 12 30 21 17 19 300 22 33
internal_value=-0.000154451 0.0104164 0.0133654 -0.00651549 0.00764251 0.0187096 0.0233336 -0.0189168 0.00555835 -0.00212184 -0.01246 0.0252916 -0.0256438 -0.00680741
internal_weight=109.744 77.9911 71.3611 15.0721 10.8269 56.289 41.0735 6.62993 15.2155 10.0209 6.26134 38.3746 31.753 2.53749
internal_count=1537 580 526 107 60 419 325 54 94 57 40 313 957 55
is_linear=0
shrinkage=0.03


Tree=84
num_leaves=15
num_cat=0
split_feature=3 5 1 8 1 3 5 5 0 5 8 1 5 8
split_gain=32.0613 7.75792 7.68277 5.33613 5.33438 3.11536 2.07751 2.04162 2.60742 1.49761 13.4151 0.491752 0.458376 0.319381
threshold=13.591570377349855 255.06929779052737 15.400683879852297 1.0390091371380692 9.8798122406005877 17.313705444335941 227.48091888427737 234.37496185302737 20.349967002868656 265.40240478515631 2.8925652622144127 14.847980976104738 251.54431152343753 1.7924084829970808
decision_type=2 2 2 2 2 2 2 2 2 2 2 2 2 2
left_child=9 2 7 -3 -5 6 -4 8 -2 10 -1 12 -9 -10
right_child=1 3 5 4 -6 -7 -8 11 13 -11 -12 -13 -14 -15
leaf_value=0.025165266390125042 -0.0067169828944651554 -0.034227028651434316 -0.00077735588108957042 0.022513403340891445 -0.02010350050715988 0.012424963476197169 -0.028443347971176973 0.02852379230254579 0.0096309244814500178 -0.029923127730553899 -0.029810023240521118 0.0090789473143008236 0.0093444703961311493 0.026390768768001688
leaf_weight=4.5559344850480583 4.6030118353664857 4.045359779149293 5.4583360441029054 5.0165375433862192 3.7418645918369293 6.3286537230014792 3.5086122564971447 26.003838721662767 3.60728520154953 17.449520584195852 14.283166484907268 2.7496199235320082 2.4662007912993422 3.7197421044111252
leaf_count=28 36 35 35 22 20 28 21 248 29 576 421 18 11 20
internal_value=-0.000687582 0.0109789 0.0155736 -0.0096034 0.00411181 -0.00258979 -0.0133702 0.0219249 0.0101542 -0.0232737 -0.0159168 0.0259681 0.0272359 0.020287
internal_weight=107.538 71.2491 58.4453 12.8038 8.7584 15.2956 8.96695 43.1497 11.93 36.2886 18.8391 31.2197 28.47 7.32703
internal_count=1548 523 446 77 42 84 56 362 85 1025 449 277 259 49
is_linear=0
shrinkage=0.03


Tree=85
num_leaves=15
num_cat=0
split_feature=3 0 7 6 5 7 1 0 5 8 8 5 7 7
split_gain=32.3699 8.91158 4.71485 2.71619 8.21521 2.51743 2.4577 2.25024 1.8511 12.3717 0.77751 0.223121 0.167245 0.0506424
threshold=13.591570377349855 16.240607261657718 -0.97091782375839342 8.0616440773010272 233.35565948486331 -0.478250392948601 14.490328788757326 14.195915699005129 265.78849792480474 2.8925652622144127 1.6910406365248629 251.54431152343753 -0.33522770445545158 -0.93602878778951892
decision_type=2 2 2 2 2 2 2 2 2 2 2 2 2 2
left_child=8 7 -3 5 -5 13 12 -2 9 -1 11 -6 -7 -4
right_child=1 2 3 4 10 6 -8 -9 -10 -11 -12 -13 -14 -15
leaf_value=0.020856120019781224 0.002587070577622442 -0.015135392187722779 0.012600549821867871 -0.02714632531243405 0.027235648493364996 0.0083331638514315323 -0.012030073654132691 -0.028056141900674212 -0.029903466426805199 -0.029633663637088598 0.0048849694724764706 0.011223651579879894 0.022699601703713469 0.02628411218977203
leaf_weight=5.4481089711189297 3.2645248398184767 3.4010456986725321 3.0615946948528245 3.8231465369462994 5.6392514035105687 3.2230692990124226 3.1997097358107567 4.5701712444424629 16.558831380680203 13.343062121421097 3.5601081401109687 3.4039537459611893 2.7817950844764692 31.602809987962249
leaf_count=33 25 29 12 24 49 25 19 30 556 401 25 14 18 254
internal_value=0.000674306 0.0122481 0.0159764 0.0179496 0.00697778 0.0218108 0.00691003 -0.0164403 -0.0224381 -0.014681 0.0185638 0.0229262 0.017279 0.0254628
internal_weight=106.881 71.5312 63.6965 60.2954 16.4265 43.869 9.20457 7.8347 35.35 18.7912 12.6033 9.04321 6.00486 34.6644
internal_count=1514 524 469 440 112 328 62 55 990 434 88 63 43 266
is_linear=0
shrinkage=0.03


Tree=86
num_leaves=15
num_cat=0
split_feature=3 7 1 8 4 5 4 3 4 5 4 0 8 3
split_gain=29.913 5.8604 5.53727 17.061 2.18613 3.78742 3.23003 1.85256 1.02308 2.52207 0.934995 0.721824 0.661729 0.0308213
threshold=14.104630947113039 0.016626395964777784 9.8798122406005877 2.9312958016524484 35.208374023437507 230.793327331543 38.882535934448249 13.442567348480226 37.984342575073249 235.2328796386719 38.097080230712898 19.18537521362305 1.8456792521016332 14.483413696289064
decision_type=2 2 2 2 2 2 2 2 2 2 2 2 2 2
left_child=2 4 -1 7 -2 6 -6 12 13 -10 -11 -9 -4 -7
right_child=1 -3 3 -5 5 8 -8 11 9 10 -12 -13 -14 -15
leaf_value=-0.030111001974188027 0.0012606553194011245 -0.01485455301115465 0.030863345818710065 -0.030300895857490597 -0.0081207855518986571 0.012770774420074618 0.019712088126481779 -0.0064496140136348599 -0.0079903876594393762 0.0034440321556650612 0.027474178145152777 0.010617680056561872 0.0092812088748266061 0.029616413883352524
leaf_weight=17.019751908257604 6.6446574032306662 4.7376211136579505 4.2040948905050772 14.722110163420437 6.9451456442475301 2.2810798287391689 6.2444211691617966 3.4815609306097031 2.7223167754709712 2.2010980471968633 6.4965079203248024 3.5080629512667656 3.2821918204426765 21.822862200438976
leaf_count=566 29 27 17 439 35 19 22 28 22 23 67 23 34 190
internal_value=0.00100732 0.0148581 -0.0169357 -0.00851293 0.0176194 0.0197805 0.00551686 0.0141717 0.0247804 0.015076 0.0223751 0.00237318 0.0236098 0.0285944
internal_weight=106.313 60.0957 46.2178 29.198 55.3581 48.7134 13.1896 14.4759 35.5239 11.4199 8.69761 6.98962 7.48629 24.1039
internal_count=1541 434 1107 541 407 378 57 102 321 112 90 51 51 209
is_linear=0
shrinkage=0.03


Tree=87
num_leaves=13
num_cat=0
split_feature=3 5 8 5 8 8 0 6 6 7 1 6
split_gain=26.4185 6.25789 4.82409 2.8514 16.166 2.73338 2.71289 1.97483 1.52487 1.16033 0.900265 0.366085
threshold=13.687129974365236 255.06929779052737 2.5145060069904721 265.78849792480474 2.8925652622144127 1.0390091371380692 20.813953399658207 8.0862870216369647 8.0316958427429217 -0.28477459805095845 15.629499435424806 8.0742635726928729
decision_type=2 2 2 2 2 2 2 2 2 2 2 2
left_child=3 2 6 4 -1 -3 7 9 -8 11 -4 -2
right_child=1 5 10 -5 -6 -7 8 -9 -10 -11 -12 -13
leaf_value=0.025438512616038876 0.028278249749269756 -0.023926988930432075 0.0039439725728525835 -0.0296850620686443 -0.029606495101175433 0.0034400507780896821 -0.00649945104173838 0.0021073722869637246 0.015392739515475833 0.0061768691655879554 -0.013862120906373341 0.01167833584641188
leaf_weight=6.2614195607602623 26.62645926699042 4.5439161136746389 4.581170126795767 15.885229069739578 13.568295830860732 7.5416035428643227 5.0658987611532194 3.9765107333660117 4.5541500449180603 3.404214955866343 3.9516365937888622 3.3186470791697493
leaf_count=35 255 35 25 566 425 34 23 32 18 29 24 24
internal_value=0.000169673 0.0111651 0.0153827 -0.0203687 -0.0118387 -0.0078916 0.0190928 0.0226832 0.00433789 0.0250039 -0.00489134 0.0268754
internal_weight=103.279 67.5642 55.4787 35.7149 19.8297 12.0855 46.9459 37.3258 9.62005 33.3493 8.53281 29.9451
internal_count=1525 499 430 1026 460 69 381 340 41 308 49 279
is_linear=0
shrinkage=0.03


Tree=88
num_leaves=15
num_cat=0
split_feature=0 8 5 5 2 4 8 8 0 5 4 6 0 8
split_gain=20.3334 24.7496 3.64329 4.85684 3.23306 3.70131 2.5139 2.72488 2.23328 1.0912 1.90636 1.01489 0.389437 0.1458
threshold=14.133542537689211 2.8925652622144127 233.35565948486331 241.83421325683597 27.411670684814457 38.795892715454109 1.6510952603657658 0.95720385928807106 21.555535316467289 262.23223876953131 36.14000320434571 8.0853395462036151 20.422254562377933 3.0382405033136943
decision_type=2 2 2 2 2 2 2 2 2 2 2 2 2 2
left_child=-1 2 4 11 5 -2 7 -5 -6 10 -9 12 -4 -3
right_child=1 13 3 6 8 -7 -8 9 -10 -11 -12 -13 -14 -15
leaf_value=-0.030117691672721783 -0.02951929537323263 -0.0086972639188193385 0.029836387422485133 -0.0081187556494522924 0.022378125234951217 0.0086537825704269631 -0.010297055309349811 -0.0076827896293852598 -0.0015844250587621627 0.025848532739171707 0.021064002282264446 0.0044290799878040649 0.012628351640700863 -0.028043863676591941
leaf_weight=16.322842249646783 3.8785394355654743 1.5180932655930544 20.687953945249326 3.9810641109943452 6.5170363858342153 3.6372759640216827 5.0156890228390685 3.2500411793589574 6.3196438923478127 7.1687245443463326 3.3076210990548134 2.2124293930828562 3.4920424520969382 14.699707536026834
leaf_count=564 29 15 209 28 38 16 33 17 30 26 29 16 36 444
internal_value=-0.000449202 0.00548477 0.0133058 0.0176571 0.00246991 -0.0121986 0.00703318 0.0122301 0.0113192 0.0182824 0.00768539 0.0262133 0.0279514 -0.0268432
internal_weight=102.009 85.6859 69.4681 49.1156 20.3525 7.51582 22.7231 17.7075 12.8367 13.7264 6.55766 26.3924 24.18 16.2178
internal_count=1530 966 507 394 113 45 133 100 68 72 46 261 245 459
is_linear=0
shrinkage=0.03


Tree=89
num_leaves=15
num_cat=0
split_feature=3 1 1 3 4 4 7 6 2 7 1 2 2 4
split_gain=23.0528 4.54789 4.4317 8.70101 5.25543 2.77172 3.2878 4.68772 2.84122 1.66172 1.54156 1.29406 1.4573 1.13709
threshold=13.841785430908205 16.494662284851078 9.8798122406005877 6.0876493453979501 38.16643142700196 35.208374023437507 -0.60728607019027037 8.0682625770568865 27.100527763366703 -0.074788294607539982 15.058192729949953 22.813458442687992 25.178301811218265 37.678613662719734
decision_type=2 2 2 2 2 2 2 2 2 2 2 2 2 2
left_child=2 5 -1 -4 11 9 7 8 -7 -2 13 -5 -13 -10
right_child=1 -3 3 4 -6 6 -8 -9 10 -11 -12 12 -14 -15
leaf_value=-0.029534010177093312 -0.01150765772426259 -0.010496015304135796 -0.028531946939132739 0.0022774461446671678 -0.026827667028788305 0.02644517937139829 0.026424653087010249 -0.018358768314824588 0.02137255313568133 0.0093454113643061231 -0.0071764770253037978 0.037858206915508029 0.0089443604782031925 -0.003751185637758466
leaf_weight=14.987309915944932 4.3943323716521254 6.7297549396753302 10.156758366152646 4.8098716437816602 2.4565150924026957 9.5520146638155001 20.782755464315418 3.6286544725298873 3.9710821881890279 8.5515038594603521 5.0996217727661133 2.4139690119773149 4.510359313338995 2.0160505473613739
leaf_count=555 23 35 373 35 46 77 197 25 40 38 23 16 38 17
internal_value=0.000717956 0.011668 -0.017143 -0.00865132 0.00651943 0.0143742 0.0178247 0.00970541 0.01526 0.00194944 0.0042325 0.0150591 0.0225298 0.0135865
internal_weight=104.061 64.7258 39.3348 24.3475 14.1907 57.996 45.0502 24.2674 20.6388 12.9458 11.0868 11.7342 6.92433 5.98713
internal_count=1538 475 1063 508 135 440 379 182 157 61 80 89 54 57
is_linear=0
shrinkage=0.03


Tree=90
num_leaves=15
num_cat=0
split_feature=3 1 4 4 4 1 5 7 4 4 5 1 3 8
split_gain=30.0915 4.5646 7.93456 4.10494 7.44372 2.64934 2.9118 3.4252 2.29142 2.21896 2.22254 1.86489 1.61577 0.672204
threshold=13.192718029022219 15.534647941589357 35.094516754150398 38.882535934448249 37.187461853027351 11.155070781707765 265.78849792480474 0.38640753904084252 36.977537155151374 37.91930007934571 234.86022949218753 16.472542762756351 9.6900167465209979 2.3748204583955461
decision_type=2 2 2 2 2 2 2 2 2 2 2 2 2 2
left_child=8 2 5 4 -3 6 -2 -8 -1 -4 -11 -5 -10 -12
right_child=1 3 9 11 -6 -7 7 -9 12 10 13 -13 -14 -15
leaf_value=-0.027776024000946364 0.01702930719295111 0.010583270717655078 0.028147655872336166 0.028003767208890529 -0.043557329122009644 -0.024219979076179125 -0.028480663064605893 0.012495035806122911 -0.018720430554440476 -0.0029698203393170425 0.022774012039736429 -0.0012257869581172357 0.014338361982849754 0.0026550994085743668
leaf_weight=24.324531922116879 5.9833671748638135 3.9219129905104619 23.976436980068684 2.753899484872818 3.6008578799664974 3.0388374999165526 3.0704291090369225 2.5508175604045391 1.4667980261147016 5.3421880714595344 9.444306477904318 3.9538295976817608 1.8929523751139639 2.0785783715546122
leaf_count=873 22 20 213 11 35 17 45 12 49 37 109 33 18 17
internal_value=0.00124382 0.0117443 0.0155752 -0.00323431 -0.0174018 -0.0032256 0.00375743 -0.0108078 -0.0246865 0.0222321 0.0127174 0.0128509 -0.00107789 0.0196466
internal_weight=97.3997 69.7155 55.485 14.2305 7.52277 14.6435 11.6046 5.62125 27.6843 40.8415 16.8651 6.70773 3.35975 11.5229
internal_count=1511 571 472 99 55 96 79 57 940 376 163 44 67 126
is_linear=0
shrinkage=0.03


Tree=91
num_leaves=15
num_cat=0
split_feature=3 4 7 6 5 6 4 6 4 3 2 0 7 0
split_gain=31.314 2.84306 3.83276 2.7902 1.93712 4.837 3.25772 3.07485 1.56659 2.36292 1.37212 2.80173 1.35793 1.1526
threshold=13.945298671722414 36.611444473266609 -0.55850508152991574 8.0165042877197283 234.42679595947268 8.0625395774841326 36.784280776977546 8.0453376770019549 38.20697212219239 9.6900167465209979 25.922245025634769 15.267641544342043 -0.047990677988810029 20.813953399658207
decision_type=2 2 2 2 2 2 2 2 2 2 2 2 2 2
left_child=1 -1 8 -2 5 7 10 13 9 -3 11 -6 -13 -5
right_child=3 2 -4 4 6 -7 -8 -9 -10 -11 -12 12 -14 -15
leaf_value=-0.027538091728480058 -0.0097210296586627415 -0.023355915977903076 0.021383218953934587 0.011916443529600772 0.019646198108414909 -0.022350530368533589 0.02680031284169835 0.026147160357018896 -0.032908999728760192 0.0087232060234408819 0.020505156859204031 0.003108510144172582 -0.018822223264367478 -0.0082722920464397588
leaf_weight=26.464611947536469 4.125980492681264 2.9088895469903928 2.12452115304768 3.413661967962982 4.5629342570900944 3.4290555864572516 18.211881283670664 7.1966497823595992 2.6825931034982204 3.5710734650492668 4.8783883005380622 5.0624963156878948 3.6630733981728536 5.012712299823761
leaf_count=898 34 104 16 34 18 23 210 33 46 33 28 27 22 24
internal_value=-0.0012001 -0.0222474 -0.00861063 0.0122883 0.0140698 0.00589383 0.0180795 0.0130647 -0.0169851 -0.00687454 0.00839488 0.0028251 -0.00708689 0.000303005
internal_weight=97.3085 37.7517 11.2871 59.5568 55.4309 19.0521 36.3788 15.623 9.16256 6.47996 18.1669 13.2885 8.72557 8.42637
internal_count=1550 1097 199 453 419 114 305 91 183 137 95 67 49 58
is_linear=0
shrinkage=0.03


Tree=92
num_leaves=15
num_cat=0
split_feature=3 0 8 3 5 8 3 5 7 0 5 7 6 0
split_gain=23.8215 3.88385 16.0073 3.048 2.78123 4.29255 3.58246 2.34712 2.06303 2.57562 1.60366 1.25959 1.0255 0.22302
threshold=13.841785430908205 13.957610607147219 2.9312958016524484 13.442567348480226 255.06929779052737 2.0551117177701812 15.890749454498293 234.42679595947268 0.22477932595760108 15.267641544342043 223.44328308105472 -0.28477459805095845 8.0862870216369647 21.143773078918461
decision_type=2 2 2 2 2 2 2 2 2 2 2 2 2 2
left_child=1 -1 3 -3 5 10 7 -7 9 -6 -2 12 13 -12
right_child=4 2 -4 -5 8 6 -8 -9 -10 -11 11 -13 -14 -15
leaf_value=-0.029294068848156569 -0.0012813640383844203 0.031450813453346674 -0.030020855643828861 -0.0021937320742025229 0.0056788566757079951 -0.020442537617623636 0.020399953456942496 0.0082611709108288897 0.015603553511045622 -0.024253932775245231 0.027820043853537594 0.0054315823663208633 0.0037144962892876111 0.0099226028205723696
leaf_weight=14.520759014412759 2.5319014340639105 5.7550017908215541 12.683406602591274 3.5870311111211777 5.1797883212566358 5.4752853959798795 4.646061345934867 3.5245490819215775 4.1190845966339102 3.6401237025856972 24.086831845343113 3.9406359754502835 2.2276590652763835 2.134547494351863
leaf_count=590 11 32 427 23 28 30 22 27 15 21 251 33 19 9
internal_value=0.00124042 -0.01766 -0.00905086 0.0195694 0.0125736 0.0158068 0.00137828 -0.00949948 0.000174245 -0.00788674 0.0212496 0.0229965 0.0251624 0.0267811
internal_weight=98.0527 36.5462 22.0254 9.34203 61.5065 48.5675 13.6459 8.99983 12.939 8.81991 34.9216 32.3897 28.449 26.2214
internal_count=1538 1072 482 55 466 402 79 57 64 49 323 312 279 260
is_linear=0
shrinkage=0.03


Tree=93
num_leaves=15
num_cat=0
split_feature=0 8 7 5 1 8 4 6 4 1 5 8 4 4
split_gain=18.3946 22.9305 4.00849 4.78817 4.1398 3.54972 3.47793 3.41287 2.37482 1.58332 0.941778 0.332963 0.500809 0.0390655
threshold=14.133542537689211 2.8925652622144127 -0.20595377985685925 233.35565948486331 12.072017192840578 1.195531609593196 38.882535934448249 8.0891404151916522 37.626707077026374 14.768144607543947 228.30340576171878 2.9312958016524484 38.882535934448249 34.786550521850593
decision_type=2 2 2 2 2 2 2 2 2 2 2 2 2 2
left_child=-1 2 3 6 5 -4 8 13 9 -2 -10 -3 -13 -5
right_child=1 11 4 7 -6 -7 -8 -9 10 -11 -12 12 -14 -15
leaf_value=-0.029618481894360876 0.023942069479608339 -0.0045421739256140967 -0.010887648512292358 0.013475345304689664 -0.025674053624313256 0.021456719811899751 0.023799164926175551 -0.0071845130219125976 -0.0018626636584707188 -0.0028362048897856598 -0.021549965903392455 -0.029907635912929113 -0.0072615962395947064 0.029026078508910702
leaf_weight=14.179616918787358 2.9309064447879818 1.0370772853493679 4.2914202734827978 2.7507230192422929 3.2230489999055854 6.6240991652011871 5.9253796190023413 2.3117927163839331 4.5313423946499807 3.6400003395974636 3.6399774774909019 11.834752781316636 1.7661119252443302 25.502593077719212
leaf_count=561 26 7 27 10 22 33 22 19 22 21 25 425 29 269
internal_value=0.000696024 0.0063678 0.0139977 0.0178335 -0.000161558 0.00889403 0.00625256 0.0252182 -0.0018638 0.0106928 -0.012026 -0.0264227 -0.0276657 0.0280245
internal_weight=94.1888 80.0092 65.3713 51.2327 14.1386 10.9155 20.6676 30.5651 14.7422 6.57091 8.17132 14.6379 13.6009 28.2533
internal_count=1518 957 496 414 82 60 116 298 94 47 47 461 454 279
is_linear=0
shrinkage=0.03


Tree=94
num_leaves=15
num_cat=0
split_feature=3 0 0 3 4 5 6 2 2 4 3 2 2 6
split_gain=25.2663 3.67859 3.81996 3.12892 4.05187 2.48269 4.62336 2.13477 3.88719 1.38192 1.31378 0.797262 0.586091 0.333087
threshold=14.104630947113039 21.143773078918461 16.240607261657718 13.066060066223146 38.220436096191413 234.37496185302737 8.0659065246582049 23.726450920104984 18.308194160461429 35.208374023437507 16.139122009277347 21.889920234680179 26.194494247436527 8.053007125854494
decision_type=2 2 2 2 2 2 2 2 2 2 2 2 2 2
left_child=3 2 -2 13 7 6 10 8 -5 -7 -4 -11 -9 -1
right_child=1 -3 5 4 -6 9 -8 12 -10 11 -12 -13 -14 -15
leaf_value=-0.027496646510011182 -0.008754526606935327 -0.0063327325241814888 0.0032054425030718981 0.018625804188889195 -0.032776187211709371 0.0067405436527591001 -0.022336975270025421 0.022229747740762949 -0.02767016958767677 0.0059706667911377806 0.025107333200291699 0.027733765682166525 0.0028320230002610788 -0.012973684494402584
leaf_weight=20.237253542989496 4.6967243552207938 7.661515235900878 4.606009438633917 1.8055918514728526 2.9645720329135647 4.8750144019722965 2.8394083380699149 2.705706886947155 3.167786518111825 2.3038371652364757 5.2800689078867435 21.672401107847691 2.7939454726874828 4.515432145446538
leaf_count=799 27 36 32 6 55 18 18 27 48 12 45 242 19 163
internal_value=-0.000881804 0.0122559 0.0154025 -0.0192751 -0.00691867 0.018273 0.00654875 0.00261958 -0.010558 0.0230516 0.0161349 0.0259654 0.0143271 -0.025454
internal_weight=92.1253 53.935 46.2735 38.1903 13.4376 41.5767 12.7255 10.473 4.97338 28.8513 9.88608 23.9762 5.49965 24.7527
internal_count=1547 430 394 1117 155 367 95 100 54 272 77 254 46 962
is_linear=0
shrinkage=0.03


Tree=95
num_leaves=15
num_cat=0
split_feature=3 1 4 3 5 4 2 2 5 1 4 2 6 6
split_gain=24.5745 4.2509 4.59151 2.71773 2.15948 2.05036 2.62672 3.25994 1.90668 2.34574 4.08935 0.792358 0.46976 2.38554
threshold=13.841785430908205 16.494662284851078 33.241127014160163 12.994469642639162 265.40240478515631 38.220436096191413 23.726450920104984 18.447871208190922 233.35565948486331 14.598510742187502 38.237934112548835 18.553855895996097 8.053007125854494 8.0537385940551776
decision_type=2 2 2 2 2 2 2 2 2 2 2 2 2 2
left_child=3 2 -2 12 8 6 7 -5 9 -4 -11 -10 -1 -14
right_child=1 -3 4 5 -6 -7 -8 -9 11 10 -12 -13 13 -15
leaf_value=-0.027262483456689662 -0.013803088777943182 -0.010433386413958141 -0.0093520301295434739 0.016486033158227331 -0.0064004452583671101 -0.027144795358164869 0.016518642863073016 -0.02813725778390045 0.0049680538658087763 -0.0061970238508179528 0.029662119615651315 0.024678505725844103 0.021887102160643303 -0.021019010706640955
leaf_weight=19.493541082367305 3.9077822715044013 6.0431019663810721 3.8289297148585311 1.4925002977251987 2.7582281306385985 2.1137836612761012 4.1218862570822239 3.0859241727739573 2.5740771964192417 4.2190673649311048 6.3127078711986542 27.980285789817572 0.65520920604467292 3.7990515679121017
leaf_count=790 21 31 33 5 18 43 29 55 14 29 22 300 14 147
internal_value=0.000106369 0.0120611 0.0148448 -0.0194939 0.0174284 -0.00624607 0.00110629 -0.013243 0.0189993 0.00907559 0.0160051 0.0232281 -0.0249861 -0.0118519
internal_weight=92.3861 57.6242 51.5811 34.7619 47.6733 10.8141 8.70031 4.57842 44.9151 14.3607 10.5318 30.5544 23.9478 4.45426
internal_count=1551 468 437 1083 416 132 89 60 398 84 51 314 951 161
is_linear=0
shrinkage=0.03


Tree=96
num_leaves=15
num_cat=0
split_feature=3 1 5 8 7 4 1 3 8 6 5 3 4 3
split_gain=16.5602 5.24488 4.16523 3.97564 3.78352 3.09057 4.83083 2.56123 2.10264 1.91661 1.901 1.8818 1.36976 1.5216
threshold=12.917111396789553 16.472542762756351 255.32027435302737 1.9365449016937606 0.320214981300529 38.265760421752937 15.058192729949953 19.582293510437015 1.33662678048117 8.0862870216369647 262.90486145019537 15.515195369720461 36.977537155151374 2.1292581558227544
decision_type=2 2 2 2 2 2 2 2 2 2 2 2 2 2
left_child=12 2 3 7 8 6 -5 9 10 -2 -4 -3 -1 -14
right_child=1 11 4 5 -6 -7 -8 -9 -10 -11 -12 -13 13 -15
leaf_value=-0.024556840120483134 0.025985221696318252 -0.03084497045140884 -0.00019625678925259873 0.021460237472590394 0.022902415977516792 -0.01904424026786217 -0.016354584955135341 -0.0060559449082483712 0.0012732688588861314 0.0030670468471492838 -0.034735353632667186 -0.0024313951479323398 -0.015691781118074902 0.023395935537986644
leaf_weight=20.41763968765736 23.931659244000919 2.8105453737080088 2.1313359588384611 8.0757855772972089 2.6206667721271506 3.786765355616807 3.6983379796147338 2.6412503384053698 5.533819418400526 4.1154356487095347 3.4575638379901648 5.0903249233961105 1.0078206453472365 0.62884843163192261
leaf_count=865 250 45 11 73 10 25 26 19 27 34 56 23 39 11
internal_value=-0.000523797 0.00684693 0.00990371 0.0141433 -0.00435506 0.00161639 0.00923188 0.0202438 -0.0121367 0.0228437 -0.0235926 -0.0148687 -0.0225271 0.00250397
internal_weight=89.9478 67.8935 59.9926 46.2492 13.7434 15.5609 11.7741 30.6883 11.1227 28.0471 5.5889 7.90087 22.0543 1.63667
internal_count=1514 599 531 427 104 124 99 303 94 284 67 68 915 50
is_linear=0
shrinkage=0.03


Tree=97
num_leaves=15
num_cat=0
split_feature=3 8 4 1 6 3 1 8 3 3 6 8 8 6
split_gain=16.8699 4.42882 4.73642 4.1551 3.77714 3.4604 3.10341 12.0631 3.5569 1.94734 1.31927 1.01869 0.672759 0.324937
threshold=13.856672763824465 1.9316474860825088 35.664554595947273 14.458760738372805 8.0365109443664569 16.566885948181156 9.8798122406005877 2.9312958016524484 13.442567348480226 18.58281230926514 8.0192070007324237 1.6510952603657658 1.7622405608787532 8.0486626625061053
decision_type=2 2 2 2 2 2 2 2 2 2 2 2 2 2
left_child=6 2 4 -3 -2 -5 -1 8 -8 11 -11 -4 -13 -14
right_child=1 3 9 5 -6 -7 7 -9 -10 10 -12 12 13 -15
leaf_value=-0.028950867248222392 0.010669812039503686 0.018030649949294701 0.030376233546114531 -0.025707663621923327 -0.021540896872087226 0.0082148233281391387 0.027601803336769943 -0.029145661691931894 -0.0078194244589496302 0.01858310448162134 -0.0070155056822514975 0.00019051074644693699 0.024353956379546446 0.0066945843530831998
leaf_weight=12.62902472168207 7.9115183688700181 4.1384183336049309 13.370504721999174 6.9070317447185499 4.1851384490728378 3.5185650661587715 5.8120976164937037 11.566519912332295 3.5028731599450111 2.161958582699298 3.3796578794717789 2.4021878652274591 3.2302276045084 2.5171576254069805
leaf_count=571 37 44 149 45 25 16 41 445 26 15 34 27 38 23
internal_value=-0.00120538 0.00916738 0.0143224 -0.00472263 -0.00126813 -0.0145421 -0.0176183 -0.00975451 0.014815 0.0210883 0.00428541 0.0250327 0.0139041 0.0187582
internal_weight=87.2329 53.7224 39.1584 14.564 12.0967 10.4256 33.5105 20.8815 9.31497 27.0617 5.54162 21.5201 8.14957 5.74739
internal_count=1536 453 348 105 62 61 1083 512 67 286 49 237 88 61
is_linear=0
shrinkage=0.03


Tree=98
num_leaves=15
num_cat=0
split_feature=3 4 0 6 7 6 8 6 4 2 3 2 6 7
split_gain=19.2491 4.66332 5.11701 3.39173 3.56069 2.91769 2.7935 2.37189 2.19296 2.29499 1.62612 1.34721 0.965818 0.881135
threshold=12.994469642639162 35.094516754150398 21.143773078918461 8.0712928771972674 -0.680812239922158 8.0228414535522479 2.5689543096333955 8.0365109443664569 36.977537155151374 25.0717306137085 15.515195369720461 21.889920234680179 8.0977010726928729 -0.1849010436402676
decision_type=2 2 2 2 2 2 2 2 2 2 2 2 2 2
left_child=8 5 3 6 -5 13 11 -7 -1 -10 -4 -3 -6 -2
right_child=1 2 10 4 12 7 -8 -9 9 -11 -12 -13 -14 -15
leaf_value=-0.027221126529249878 -0.0052793700275857863 -2.0817677348695271e-05 -0.022598405003293603 -0.023064676864176913 0.020876268281748822 0.013706838831307067 0.0018456316688692492 -0.011922679866114441 0.023346246768067503 -0.018903719052902498 0.0018860636269472492 0.026811894013253956 -0.0013074179361134541 -0.031994359851401699
leaf_weight=20.046731319278482 2.2273056618869305 1.8037064522504866 3.0558395944535715 2.8665407001972198 3.6147308461368066 6.4133465681225044 5.8786998987197867 4.8174772132188082 1.1898813396692269 1.4567470755428074 5.785341776907444 24.055233400315046 2.680787805467844 2.8144468292593983
leaf_count=894 16 10 44 20 32 40 38 30 14 49 25 281 19 32
internal_value=-0.000748596 0.00747727 0.0119805 0.0163906 0.000230811 -0.00618468 0.0209061 0.00263708 -0.0239827 0.00128443 -0.00801305 0.0250092 0.0125455 -0.0230196
internal_weight=88.7068 66.0135 49.7409 40.8997 9.16206 16.2726 31.7376 11.2308 22.6934 2.64663 8.84118 25.8589 6.29552 5.04175
internal_count=1544 587 469 400 71 118 329 70 957 63 69 291 51 48
is_linear=0
shrinkage=0.03


Tree=99
num_leaves=15
num_cat=0
split_feature=3 8 1 7 6 1 4 4 5 3 3 8 8 5
split_gain=17.0691 6.17219 14.9746 2.49447 2.82934 1.98034 2.73303 4.40941 1.60887 1.58468 1.06015 0.859645 0.659327 0.471701
threshold=14.104630947113039 2.8925652622144127 9.4675192832946795 0.025330804396446662 8.0840406417846697 15.058192729949953 38.237934112548835 37.018722534179695 254.26270294189456 19.274097442626957 12.685965538024904 2.3748204583955461 2.1425991001078724 258.14437866210943
decision_type=2 2 2 2 2 2 2 2 2 2 2 2 2 2
left_child=1 2 -1 4 5 8 7 -7 9 12 -4 13 -2 -12
right_child=3 -3 10 -5 -6 6 -8 -9 -10 -11 11 -13 -14 -15
leaf_value=-0.028972943221419068 0.029752076621669961 -0.031048753102554102 0.030066833239160713 -0.0062779514103396506 -0.0068363350624452935 0.013697119804413528 0.017493855961320703 -0.028900718346467374 0.0068915474311119886 -0.0015796644217638666 0.02160087993468697 -0.0032642716696892064 0.0057814259050674105 0.0048112869192954251
leaf_weight=11.36546669714153 16.897259268909703 12.069206399843095 3.0808437932282677 5.448835849761962 4.6460483521223059 3.8994813188910511 9.3906841799616796 3.0115311816334724 6.2804578915238372 1.6661693565547455 3.4841125309467298 2.8492298871278763 1.6788518279790867 3.3748356960713863
leaf_count=518 225 463 45 29 39 22 37 18 27 17 27 19 16 17
internal_value=0.00124012 -0.0143995 -0.00517687 0.0120141 0.0141999 0.0165861 0.00768397 -0.00617207 0.0215796 0.0255978 0.016538 0.00983776 0.0279917 0.0150032
internal_weight=89.143 36.2237 24.1545 52.9193 47.4705 42.8244 16.3017 6.91101 26.5227 20.2423 12.789 9.70818 18.5761 6.85895
internal_count=1519 1089 626 430 401 362 77 40 285 258 108 63 241 44
is_linear=0
shrinkage=0.03


Tree=100
num_leaves=13
num_cat=0
split_feature=3 8 2 4 1 1 4 5 5 4 8 3
split_gain=17.3817 3.71402 12.611 3.42293 4.18879 2.11177 1.90244 3.21899 3.20512 5.02006 1.22702 0.54068
threshold=13.841785430908205 2.9312958016524484 23.726450920104984 32.098018646240241 16.494662284851078 9.8798122406005877 35.094516754150398 233.35565948486331 228.30340576171878 37.720029830932624 1.3598715450933121 14.079647064208986
decision_type=2 2 2 2 2 2 2 2 2 2 2 2
left_child=1 2 5 -2 6 -1 10 8 -8 -10 -5 -9
right_child=3 -3 -4 4 -6 -7 7 11 9 -11 -12 -13
leaf_value=-0.028473460511674063 -0.016470602993718896 -0.029345834664996292 0.028403813071082237 -0.005295790802745096 -0.0084829558166713021 -0.0032914490889462884 0.020038192958833839 0.0049195735772922444 0.01510964329443275 -0.030020485687392549 0.014154389540251918 0.026285577121154657
leaf_weight=10.649200649932032 3.0220561996102324 11.435772808268664 5.319941420108079 5.634527921676634 6.7111562862992278 4.4210714288055888 6.6031625121831876 1.6592098083347107 3.673302173614502 3.3091533780097961 4.3170686513185501 22.947731480002403
leaf_count=526 16 470 35 34 35 37 27 19 34 21 16 280
internal_value=0.00120907 -0.016297 -0.00794877 0.0109487 0.0127271 -0.0217505 0.0157962 0.0187833 0.00641746 -0.00736001 0.00366383 0.0250933
internal_weight=89.7034 31.826 20.3902 57.8774 54.8553 15.0703 48.1442 38.1926 13.5856 6.98246 9.9516 24.6069
internal_count=1550 1068 598 482 466 563 431 381 82 55 50 299
is_linear=0
shrinkage=0.03


Tree=101
num_leaves=15
num_cat=0
split_feature=3 1 8 7 3 6 8 0 4 1 6 1 6 3
split_gain=14.5072 4.90292 14.304 3.73613 3.24967 2.82876 5.7728 2.26173 2.61104 0.350519 0.318144 1.38759 0.763776 0.0325558
threshold=14.164433956146242 9.8798122406005877 2.9312958016524484 0.016626395964777784 13.61273241043091 8.0600395202636737 1.6910406365248629 21.598626136779789 35.374334335327156 13.701046943664553 8.0468769073486346 14.906283855438234 8.0436449050903338 16.65492153167725
decision_type=2 2 2 2 2 2 2 2 2 2 2 2 2 2
left_child=1 -1 4 5 -3 7 13 8 -2 -6 11 12 -10 -7
right_child=3 2 -4 -5 9 6 -8 -9 10 -11 -12 -13 -14 -15
leaf_value=-0.029027533594878679 0.0017699238790696104 0.028289708134053428 -0.0295106567634928 -0.01144292216940076 -0.0084078407303288579 0.023857425102121022 -0.021258658419225116 -0.00061219637435194329 0.028205132117451872 0.0049867461215518357 0.032393169371505708 0.0046526710117594083 0.003151872912214599 0.0085822480876192632
leaf_weight=11.810029689222572 5.3910459727048901 6.9577992707490939 10.618550747632979 5.2075403705239287 2.5598575230687857 3.1125881411135179 4.9212301336228848 5.0395077988505355 9.4983027316629904 2.5501254387199879 7.7374795116484156 4.5734188891947261 1.5255587957799424 1.8389884978532789
leaf_count=562 25 45 448 29 19 37 38 22 139 24 63 32 22 17
internal_value=0.000526421 -0.0141372 -0.00548732 0.0109582 0.0162917 0.0138279 -0.000312407 0.0178525 0.0210034 -0.00200117 0.0251916 0.0198826 0.0252886 0.0205795
internal_weight=83.342 34.4964 22.6863 48.8457 12.0678 43.6381 9.87281 33.7653 28.7258 5.10998 23.3348 15.5973 11.0239 4.95158
internal_count=1522 1098 536 424 88 395 92 303 281 43 256 193 161 54
is_linear=0
shrinkage=0.03


Tree=102
num_leaves=14
num_cat=0
split_feature=3 8 5 8 6 7 4 3 4 5 2 2 5
split_gain=19.7986 4.09085 3.9387 13.1516 2.68741 3.32897 3.72721 1.85668 1.80272 3.81788 0.887645 0.501031 0.0671654
threshold=13.841785430908205 2.0551117177701812 264.30863952636724 2.9312958016524484 8.0862870216369647 -0.20595377985685925 33.694814682006843 13.442567348480226 38.882535934448249 234.42679595947268 19.626227378845218 28.774748802185062 254.61253356933597
decision_type=2 2 2 2 2 2 2 2 2 2 2 2 2
left_child=2 4 3 7 5 11 -7 -1 9 -3 -8 12 -2
right_child=1 8 -4 -5 -6 6 10 -9 -10 -11 -12 -13 -14
leaf_value=0.03194386007257087 0.027099966070166081 -0.026944322603501495 -0.030304835961694161 -0.029083982520399725 -0.0034129458352558872 0.023354611135802481 0.0007559285244468334 0.0018554386157479169 0.013243262657196235 0.01042207895265973 -0.020893570124410801 0.0066676987007128329 0.011471011058102781
leaf_weight=4.2362181432545247 21.867152610793713 4.4340998083353025 12.310138864442704 9.9948703274130803 4.9686131402850142 3.9585104808211344 3.043986864387989 3.0515449792146683 3.1982858628034583 3.7447047084569931 2.6880320459604263 2.1139559894800177 2.3587374091148368
leaf_count=25 264 28 576 433 37 14 17 23 11 34 26 9 9
internal_value=0.00133425 0.0123474 -0.0179243 -0.0079306 0.0166772 0.019465 0.00391046 0.0210892 -0.00334242 -0.0105644 -0.0109921 0.0248352 0.0260933
internal_weight=81.9689 52.3761 29.5928 17.2826 40.999 36.0304 9.69053 7.28776 11.3771 8.1788 5.73202 26.3398 24.2259
internal_count=1506 449 1057 481 376 339 57 48 73 62 43 282 273
is_linear=0
shrinkage=0.03


Tree=103
num_leaves=15
num_cat=0
split_feature=0 8 8 4 2 7 1 5 2 7 7 7 2 0
split_gain=11.8798 13.7655 2.61424 3.24707 3.3059 3.66016 2.47736 1.45425 1.42477 1.3542 1.0107 2.3163 1.58131 0.902305
threshold=13.957610607147219 3.0382405033136943 2.0551117177701812 34.786550521850593 28.774748802185062 -0.042969107824024085 17.705100059509281 236.2900314331055 27.331101417541507 -0.50230104458816094 -0.72374642351593466 -0.80943679044670414 27.100527763366703 17.228413581848148
decision_type=2 2 2 2 2 2 2 2 2 2 2 2 2 2
left_child=-1 2 3 13 5 10 7 8 -4 -9 11 -5 -13 -2
right_child=1 -3 6 4 -6 -7 -8 9 -10 -11 -12 12 -14 -15
leaf_value=-0.028381756028019914 -0.0039042224007182196 -0.026175679810335174 -0.025461984129784617 0.022291226723445714 -0.013764806381446452 -0.0072305755126677446 0.01956436085209827 0.014747991613193998 -0.00078403081705402927 -0.01184966023395073 0.027756652993042571 0.010837527474764798 -0.024211332194374432 0.011673843143963887
leaf_weight=10.727614201605318 10.460636615753172 10.552699238061903 3.8429511003196257 6.0633263476192951 2.1108253449201575 3.4412387758493486 3.079478431493043 3.334653865545989 3.8411450907588005 1.9327126145362843 19.346027687191963 1.4666751399636253 1.3287448100745676 3.7300184518098822
leaf_count=568 57 449 23 49 10 22 20 32 19 19 228 23 17 15
internal_value=-0.000293189 0.00407197 0.00938711 0.0128317 0.0177693 0.0202299 -0.00106386 -0.0070194 -0.0146367 0.00465519 0.0237132 0.0129632 -0.00781188 0.000689412
internal_weight=85.2587 74.5311 63.9784 47.9475 33.7568 31.646 16.0309 12.9515 7.6841 5.26737 28.2048 8.85875 2.79542 14.1907
internal_count=1551 983 534 421 349 339 113 93 42 51 317 89 40 72
is_linear=0
shrinkage=0.03


Tree=104
num_leaves=15
num_cat=0
split_feature=3 4 0 6 7 7 8 7 6 0 4 8 0 7
split_gain=19.7236 3.27562 2.5256 3.71772 2.24689 2.17077 1.81738 1.63572 3.74067 3.33448 1.51724 2.01122 1.20775 0.427691
threshold=13.591570377349855 35.094516754150398 19.430189132690433 8.0600395202636737 -0.074788294607539982 -0.97882521492757479 1.9365449016937606 -0.85274598216868391 8.0398368835449237 20.678366661071781 37.478509902954109 2.9807005722994706 15.267641544342043 -0.032833893120667444
decision_type=2 2 2 2 2 2 2 2 2 2 2 2 2 2
left_child=10 4 13 5 -2 -4 -5 -7 9 -9 -1 -12 -6 -3
right_child=1 2 3 6 12 7 -8 8 -10 -11 11 -13 -14 -15
leaf_value=-0.024105799662933851 -0.01710163075984052 0.026262102593004388 -0.0081816149741692334 0.0058340261990528107 0.016885199035884303 0.028077669975816552 -0.025175860001835075 0.025729476120259571 -0.022173822286897849 -0.0073150048560163923 0.021261544297835885 -0.018750619983148267 -0.0045354229064725913 0.0063156269100888675
leaf_weight=21.47718005254865 4.8658103626221418 12.402478799223898 2.9592052269726983 2.4602045826613894 3.9298269338905794 7.1112842448055771 2.915052130818367 8.1920789368450695 1.8764972668141116 3.3923103325068942 1.1491553336381906 1.385831633582711 3.9175709635019302 1.8563577756285656
leaf_count=982 33 158 27 21 24 31 19 119 21 19 5 37 20 12
internal_value=0.000585209 0.0103415 0.0142099 0.00861247 -0.00287147 0.0136946 -0.0122941 0.0170748 0.00972241 0.0162406 -0.0216244 0.000271158 0.00688766 0.0242494
internal_weight=79.8908 55.8787 43.1655 28.9066 12.7132 23.5314 5.37526 20.5722 13.4609 11.5844 24.0122 2.53499 7.8474 14.2588
internal_count=1528 504 427 257 77 217 40 190 159 138 1024 42 44 170
is_linear=0
shrinkage=0.03


Tree=105
num_leaves=13
num_cat=0
split_feature=3 4 8 3 8 5 2 8 5 5 6 0
split_gain=15.3042 3.68571 3.62185 6.17151 3.34552 12.1475 2.95977 2.39158 1.83035 1.5219 1.58877 0.228717
threshold=13.841785430908205 32.098018646240241 2.0551117177701812 15.890749454498293 2.9312958016524484 265.78849792480474 23.726450920104984 2.7211913247447574 258.14437866210943 223.44328308105472 8.0862870216369647 20.678366661071781
decision_type=2 2 2 2 2 2 2 2 2 2 2 2
left_child=4 -2 8 7 5 6 -1 -4 9 -3 11 -11
right_child=1 2 3 -5 -6 -7 -8 -9 -10 10 -12 -13
leaf_value=4.5198003526605848e-06 -0.01686029962611298 -0.0031277508041559952 -0.028873153371379811 0.026422272916316301 -0.029017626729476598 -0.028320080856309934 0.034150678257868862 0.0014129772194631262 0.0020633600026521881 0.025463857526961824 0.0014491455533952135 0.012360375098732022
leaf_weight=4.2491329163312965 3.2323676198720923 2.1671657115221015 4.2901667561382038 3.7514897659420958 10.247761430218814 10.165516925975679 3.9422445185482502 4.0572763755917549 6.4307243004441252 22.848123118281372 3.3148624822497359 4.3976975269615641
leaf_count=27 18 9 34 17 477 559 25 23 37 277 32 27
internal_value=0.00143247 0.0107092 0.0127371 -0.00153087 -0.0160038 -0.00761504 0.0183656 -0.0155762 0.0170739 0.0198747 0.0215533 0.0238613
internal_weight=83.0945 54.4899 51.2575 12.0989 28.6047 18.3569 8.19138 8.34744 39.1586 32.7278 30.5607 27.2458
internal_count=1562 474 456 74 1088 611 52 57 382 345 336 304
is_linear=0
shrinkage=0.03


Tree=106
num_leaves=15
num_cat=0
split_feature=3 1 8 2 3 1 7 1 1 8 3 2 2 3
split_gain=13.3656 6.49663 4.99742 2.53489 2.2849 2.20421 1.85656 4.59251 2.4537 1.83322 1.94215 2.06606 4.23877 0.996987
threshold=12.161772251129152 9.165898799896242 2.5145060069904721 29.291781425476078 14.556005001068117 14.503366470336916 -0.042969107824024085 10.842390537261965 10.425409317016603 1.9365449016937606 16.441803932189945 26.194494247436527 27.331101417541507 14.783325195312502
decision_type=2 2 2 2 2 2 2 2 2 2 2 2 2 2
left_child=-1 13 3 6 5 -4 8 -8 -3 -10 11 -11 -13 -2
right_child=1 2 4 -5 -6 -7 7 -9 9 10 -12 12 -14 -15
leaf_value=-0.025484368720117515 -0.027946930004682572 -0.0084171674769093017 0.0067287028875719019 -0.013671913612252168 0.0069839482678808627 -0.028230311727176362 0.016961587093656721 -0.025685776877703268 0.022207091879226298 0.015819877765871088 0.024571574038373734 -0.037183361321603325 0.012406609171928911 0.0008447127182846792
leaf_weight=14.606859646737574 4.601783324033021 2.7694376986473719 1.7800721563398818 2.4253534525632849 4.1842475607991219 4.9285160303115845 4.7619235012680354 2.752563364803791 27.857741396874189 2.4510998800396901 2.4364603087306023 2.1509598419070244 2.3234086520969868 1.270448178052902
leaf_count=786 175 25 16 12 19 74 30 20 299 27 13 21 19 7
internal_value=-0.000462709 0.00531287 0.00831882 0.0123061 -0.00945536 -0.0192847 0.0138869 0.000157832 0.0164 0.0184185 0.00609 -0.00269196 -0.0138703 -0.0225014
internal_weight=81.3009 66.694 60.8218 49.9289 10.8928 6.70859 47.5036 7.51449 39.9891 37.2197 9.36193 6.92547 4.47437 5.87223
internal_count=1543 757 575 466 109 90 454 50 404 379 80 67 40 182
is_linear=0
shrinkage=0.03


Tree=107
num_leaves=15
num_cat=0
split_feature=3 1 8 4 2 2 0 6 4 3 1 8 3 4
split_gain=17.5247 4.25571 3.17552 3.1499 2.05125 2.62735 1.90174 2.07698 3.56525 1.15715 0.985852 0.944707 0.912306 0.849494
threshold=12.994469642639162 9.165898799896242 2.3104267749292009 38.288749694824226 21.48048305511475 18.553855895996097 20.813953399658207 8.0742635726928729 37.984342575073249 14.556005001068117 15.058192729949953 1.195531609593196 15.46491861343384 37.968294143676765
decision_type=2 2 2 2 2 2 2 2 2 2 2 2 2 2
left_child=13 11 4 9 5 -3 7 10 -9 -4 -6 -2 -5 -1
right_child=1 2 3 12 6 -7 -8 8 -10 -11 -12 -13 -14 -15
leaf_value=-0.026740409106070964 -0.027529863849822526 0.013887789347711467 -0.0019112772448646477 -0.030958611748649997 0.026608389919800808 -0.015727339876797482 0.0016546422757743135 0.017813988663849409 -0.018560477301184937 0.020147583139268038 0.0049563630623473357 0.0015089946570383287 -0.0025029136026579399 0.00386789927635885
leaf_weight=17.839947480708364 2.7116478607058521 4.6519370824098569 4.8670647423714382 2.5872771013528109 17.909511521458633 4.1554721109569073 7.1848593056201926 6.2649570032954198 2.6982598453760147 2.6164398416876793 2.6813837960362426 1.2475971300154922 1.6776714250445364 0.60694973543286224
leaf_count=954 52 21 36 50 253 26 31 41 26 14 21 13 8 6
internal_value=-0.000735353 0.00703936 0.00921211 -0.00440133 0.0127427 -0.000263979 0.0157852 0.0190539 0.00610008 0.00726692 0.024149 -0.0199203 -0.0223666 -0.0255862
internal_weight=79.701 61.2541 57.2948 11.7485 45.5464 8.80741 36.739 29.5541 8.96322 7.4835 20.5909 3.95924 4.26495 18.4469
internal_count=1552 592 527 108 419 47 372 341 67 50 274 65 58 960
is_linear=0
shrinkage=0.03


Tree=108
num_leaves=15
num_cat=0
split_feature=3 1 1 4 4 4 7 4 1 2 7 0 6 3
split_gain=14.5621 4.58338 4.00359 4.83065 1.83278 2.97807 3.06214 3.67336 3.77424 3.39739 3.11371 1.07649 1.2442 1.12544
threshold=12.161772251129152 8.6481337547302264 16.472542762756351 39.347274780273445 38.882535934448249 38.471553802490241 -0.83675434338598031 35.664554595947273 11.155070781707765 18.308194160461429 -0.047990677988810029 20.716280937194828 8.0977010726928729 13.343986511230471
decision_type=2 2 2 2 2 2 2 2 2 2 2 2 2 2
left_child=-1 -2 4 -4 5 6 -3 8 9 -8 -11 12 13 -9
right_child=1 2 3 -5 -6 -7 7 11 -10 10 -12 -13 -14 -15
leaf_value=-0.028909414583589234 -0.025393910268026069 -0.011140181556351388 -0.028803473832469215 0.014783218271065981 0.028957190697205135 -0.014891526402024947 0.030352836573104152 -0.0016799778200127056 -0.020349627363104764 -0.019646182068329118 0.012838450586450258 -0.0026447054651713492 -0.00030396626119459229 0.024195302905044788
leaf_weight=13.701563644222913 3.4852677816525093 5.0271032452583304 4.9788188505917779 2.917025413364172 2.9441682174801818 4.1025907490402451 3.5819470332935479 1.4914043657481766 4.3855776116251937 3.6848956421017647 5.1391766369342786 1.7400402911007393 2.3524877838790408 20.754624858498573
leaf_count=794 149 38 57 13 13 37 38 21 27 29 20 9 21 285
internal_value=-0.00186951 0.00404005 0.0060366 -0.0128492 0.0089184 0.00726698 0.00941923 0.0120137 0.000913791 0.00938775 -0.00134596 0.0187979 0.0203588 0.0224629
internal_weight=80.2867 66.5851 63.0999 7.89584 55.204 52.2598 48.1573 43.1302 16.7916 12.406 8.82407 26.3386 24.5985 22.246
internal_count=1551 757 608 70 538 525 488 450 114 87 49 336 327 306
is_linear=0
shrinkage=0.03


Tree=109
num_leaves=15
num_cat=0
split_feature=3 1 4 0 1 6 4 6 0 7 6 3 3 3
split_gain=11.7031 4.1867 2.89023 3.40768 2.52643 3.08352 2.23277 2.0805 3.87708 1.39508 1.37285 2.48072 1.29352 1.13012
threshold=13.856672763824465 16.494662284851078 36.15374946594239 19.480252265930179 9.2324047088623065 8.0682625770568865 37.984342575073249 8.0303802490234393 20.678366661071781 -0.28477459805095845 8.0288915634155291 9.6900167465209979 15.515195369720461 12.655354499816896
decision_type=2 2 2 2 2 2 2 2 2 2 2 2 2 2
left_child=2 4 13 -4 -2 7 12 8 9 -6 11 -5 -7 -1
right_child=1 -3 3 10 5 6 -8 -9 -10 -11 -12 -13 -14 -15
leaf_value=-0.028392944396741369 -0.013433893857363287 -0.011744364736806932 0.023487321894855553 -0.021247574113400256 0.024142297487415719 0.023080458998004066 -0.016610123941592479 0.025107059954231112 -0.01514410626631589 -0.0019499382497647798 -0.026453796897396416 0.014240116552571189 -0.0024242880862395287 -0.0093024598039529137
leaf_weight=11.140575927682226 2.4797655567526808 6.963165931403636 2.322331300005315 2.2167776860296726 6.9820844307541838 2.4767488539218885 3.7239431403577328 17.579329084604979 3.6247973330318919 2.2142044231295612 2.606732371263206 2.9620578400790691 3.338243804872036 5.3591544823721042
leaf_count=682 19 37 28 128 98 21 34 180 23 12 97 28 24 111
internal_value=9.03403e-06 0.00861147 -0.0156902 -0.00263845 0.0121464 0.014024 -0.000829066 0.0185626 0.00842191 0.0182849 -0.0122178 -0.00193055 0.0102315 -0.0230782
internal_weight=75.9899 49.3823 26.6076 10.1079 42.4191 39.9394 9.53894 30.4004 12.8211 9.19629 7.78557 5.17884 5.81499 16.4997
internal_count=1522 448 1074 281 411 392 79 313 133 110 253 156 45 793
is_linear=0
shrinkage=0.03


Tree=110
num_leaves=15
num_cat=0
split_feature=3 0 2 1 3 4 6 2 6 2 2 6 1 0
split_gain=14.4369 4.66144 3.52389 3.03654 6.24082 4.28137 3.89835 3.37636 3.08976 1.15916 2.37393 0.936769 0.91454 6.75004
threshold=12.161772251129152 13.957610607147219 29.291781425476078 14.369328975677492 15.227270603179933 32.098018646240241 8.0514039993286151 26.61718845367432 8.0213117599487322 27.888125419616703 26.496774673461918 8.0977010726928729 11.155070781707765 16.951104164123539
decision_type=2 2 2 2 2 2 2 2 2 2 2 2 2 2
left_child=-1 -2 3 5 6 -3 9 -6 -7 10 -5 12 -10 -14
right_child=1 2 -4 4 7 8 -8 -9 11 -11 -12 -13 13 -15
leaf_value=-0.028656302224228922 -0.024266327745259719 -0.01775263386200357 -0.023503782830270829 0.010375069615950572 -0.006442726134819359 -0.011930927929762233 -0.046931146735905489 0.02207104808484249 0.033429042260267494 0.0083281224407833494 -0.026627194409193273 0.0022444321699646103 -0.028570021475265356 0.023547901530003898
leaf_weight=12.6611061533913 3.5073744412511578 2.4966043233871451 2.2109740376472464 1.8630771394819037 5.0679854266345492 2.1805280782282379 1.859892791137099 10.119447845965622 6.2056524157524171 2.8624530229717493 2.9914168063551188 2.4392690025269976 1.6958191953599477 17.039762906730175
leaf_count=785 189 14 16 15 32 16 16 72 23 33 41 19 15 237
internal_value=-0.000685969 0.00533843 0.00747228 0.00906322 0.00107501 0.0150149 -0.0168885 0.0127459 0.0182726 -0.00509452 -0.0130798 0.0210136 0.0226919 0.0176219
internal_weight=75.2014 62.5403 59.0329 56.8219 24.7643 32.0576 9.57684 15.1874 29.561 7.71695 4.85449 27.3805 24.9412 18.7356
internal_count=1523 738 549 533 209 324 105 104 310 89 56 294 275 252
is_linear=0
shrinkage=0.03


Tree=111
num_leaves=15
num_cat=0
split_feature=3 4 1 1 4 4 5 6 4 3 4 1 7 4
split_gain=8.66451 4.60893 4.18105 3.48366 3.53048 2.78303 3.04112 2.05808 1.75914 5.82491 1.00699 0.88336 1.40931 1.86121
threshold=12.161772251129152 31.026197433471683 15.75525999069214 8.6481337547302264 38.501655578613288 39.347274780273445 230.793327331543 8.0165042877197283 36.15374946594239 6.0876493453979501 38.882535934448249 15.242475509643556 -0.83675434338598031 35.374334335327156
decision_type=2 2 2 2 2 2 2 2 2 2 2 2 2 2
left_child=8 -2 3 -3 7 6 10 -5 -1 -10 -4 12 -9 -14
right_child=1 2 5 4 -6 -7 -8 11 9 -11 -12 -13 13 -15
leaf_value=-0.027834400066771556 -0.030748636313517652 -0.021545398978450182 -0.039440782060844254 -0.0087725234258461734 -0.012824565573344073 0.012693988505875416 0.0059497257615653155 -0.0011524036923085002 -0.023524136310637943 0.03766219496358135 -0.0083053629835963851 0.00021240747681789524 0.0098301667607679881 0.024874946979069296
leaf_weight=9.0073123946785909 2.1301435753703108 2.0384294334799042 3.0343833863735181 2.5778792984783641 3.9067031331360331 2.8652686290442944 2.7460657339543104 3.2548335026949564 3.2500368924811474 1.0961471293121574 2.0744829084724188 2.9132099896669379 14.383180130273109 20.53068632632494
leaf_count=577 60 99 34 28 35 15 16 23 203 12 27 20 96 286
internal_value=0.000179875 0.00493886 0.00667987 0.0103339 0.0121155 -0.00966709 -0.0183362 0.0145844 -0.0208716 -0.0039342 -0.0302272 0.0162236 0.0174091 0.0191234
internal_weight=75.8088 62.4553 60.3251 49.6049 47.5665 10.7202 7.85493 43.6598 13.3535 4.34618 5.10887 41.0819 38.1687 34.9139
internal_count=1531 739 679 587 488 92 77 453 792 215 61 425 405 382
is_linear=0
shrinkage=0.03


Tree=112
num_leaves=15
num_cat=0
split_feature=3 8 5 7 6 2 2 6 3 4 5 7 8 6
split_gain=13.6471 4.79442 5.39732 3.08098 2.91834 3.06595 4.15487 2.58494 2.34341 2.00691 3.23103 1.58631 1.30633 0.81158
threshold=12.161772251129152 1.9365449016937606 265.78849792480474 -0.042969107824024085 8.0673027038574237 26.757817268371586 27.945035934448246 8.0445437431335467 14.104630947113039 33.941772460937507 224.23816680908206 -0.97091782375839342 2.1971727537611283 8.0476903915405291
decision_type=2 2 2 2 2 2 2 2 2 2 2 2 2 2
left_child=-1 2 3 9 5 8 12 -4 -3 -2 -11 -8 -7 -9
right_child=1 4 7 -5 -6 6 11 13 -10 10 -12 -13 -14 -15
leaf_value=-0.028609335144767056 -0.001632844975417218 -0.0087765117144259098 -0.022738774730838306 -0.005606244782933055 -0.032243738926954833 -0.0025942373075947831 -0.0094750874245314691 0.021395062365044619 0.022423663921423274 -0.0087232596581942792 0.024824650161153795 0.020867480836463864 -0.03726818071957963 -0.0041627817379347514
leaf_weight=12.498931964859365 3.6771078407764461 2.7743609845638337 4.991872618906199 5.0425671860575667 2.5422536805272093 1.4458396695554236 2.0639441180974245 1.236534506082535 4.7819919586181641 2.3892582505941418 23.822084374725819 2.3638301007449627 3.5650021284818649 1.7020017411559818
leaf_count=808 16 35 165 33 16 14 29 4 41 11 290 13 43 39
internal_value=-0.00123479 0.00461331 0.0101564 0.0151713 -0.00744982 -0.00215522 -0.0129625 -0.0111579 0.0112814 0.0187448 0.0215584 0.00758387 -0.0293594 0.00929354
internal_weight=74.8976 62.3986 42.8614 34.931 19.5372 16.995 9.43862 7.93041 7.55635 29.8885 26.2113 4.42777 5.01084 2.93854
internal_count=1557 749 558 350 191 175 99 208 76 317 301 42 57 43
is_linear=0
shrinkage=0.03


Tree=113
num_leaves=15
num_cat=0
split_feature=0 8 4 5 7 7 4 5 8 6 0 6 2 5
split_gain=10.1625 10.8182 4.47941 2.88031 3.51242 3.24738 1.8361 1.15573 2.68846 2.26298 1.32649 1.83035 0.79423 1.04324
threshold=14.133542537689211 2.9312958016524484 32.098018646240241 234.37496185302737 -0.77137529605205468 0.032273558532716934 37.984342575073249 238.25845336914065 1.9572819244026749 8.0210433006286639 16.369443893432621 8.0376157760620135 27.945035934448246 227.48091888427737
decision_type=2 2 2 2 2 2 2 2 2 2 2 2 2 2
left_child=-1 2 -2 4 12 7 -6 -5 9 -9 -11 -12 13 -4
right_child=1 -3 3 5 6 -7 -8 8 -10 10 11 -13 -14 -15
leaf_value=-0.02838972737124907 -0.021377652722989821 -0.02529759748643513 0.012942525420964204 0.027840414523668814 0.0037414564842910298 -0.0076165456537687654 -0.029834738753147069 -0.0074150473656580699 -0.011026126920510006 0.033050884856969061 -0.0074182563324164301 0.020128504185304159 0.016009638859698617 -0.006189545128692249
leaf_weight=9.1763731660321337 3.2659426592290393 8.8957951581105572 3.5486926883459109 10.125057723373176 1.9979543946683396 4.0654653944075099 2.9938539117574692 2.2142264954745832 2.6661404576152554 5.7617589086294165 2.4170934334397298 6.7146904207766056 6.5665971562266341 4.9524525310844183
leaf_count=576 23 457 18 152 27 24 22 15 31 18 17 89 33 41
internal_value=-0.000457107 0.00378055 0.00865224 0.0108232 0.00167279 0.016025 -0.0180144 0.0193821 0.0139195 0.0182013 0.0222366 0.0128246 0.00891022 0.00231852
internal_weight=75.3621 66.1857 57.2899 54.024 20.0596 33.9644 4.99181 29.899 19.7739 17.1078 14.8935 9.13178 15.0677 8.50115
internal_count=1543 967 510 487 141 346 49 322 170 139 124 106 92 59
is_linear=0
shrinkage=0.03


Tree=114
num_leaves=15
num_cat=0
split_feature=0 1 5 5 0 2 5 5 2 0 1 5 4 2
split_gain=9.84305 4.23408 5.27101 2.41297 7.15165 2.00084 1.72925 1.60104 2.54286 1.45363 1.69268 2.97946 6.6987 1.89004
threshold=14.448084354400637 16.472542762756351 222.96865844726565 256.65979003906256 15.267641544342043 26.886362075805668 266.76861572265631 220.42852020263675 29.773436546325687 21.555535316467289 14.503366470336916 228.70483398437503 37.720029830932624 21.737498283386234
decision_type=2 2 2 2 2 2 2 2 2 2 2 2 2 2
left_child=6 3 7 9 -5 -6 -1 8 -3 10 13 -12 -13 -2
right_child=1 2 -4 4 5 -7 -8 -9 -10 -11 11 12 -14 -15
leaf_value=-0.0041795381910428109 -0.0058670334057331222 -0.024539522507594478 -0.032883707354668876 0.029585562313284321 -0.034903232514729814 0.0012055519561706724 -0.028664095013890729 0.018692051346224519 0.016826817520545063 -0.0077620974015250267 0.024934637147550516 0.010157069538459117 -0.036385211133123416 0.02149741039943491
leaf_weight=4.0009629661217323 2.1180446306243566 2.0172115452587591 4.3279283046722412 2.5170535817742339 3.438847872428596 1.9106762949377296 9.1826751390472037 3.3254748834297061 1.4827580638229845 2.4622396584600201 4.2324328944087055 9.9045546613633615 2.7395942732691756 20.614222094416618
leaf_count=35 54 81 146 16 55 9 564 47 22 13 24 168 19 291
internal_value=0.000503264 0.00564754 -0.010418 0.0093698 -0.00534221 -0.0238476 -0.0220521 0.00620897 -0.00716983 0.0121809 0.0135812 0.00588262 -0.00185483 0.018808
internal_weight=74.2747 61.091 11.1534 49.9377 7.86658 5.34952 13.1836 6.82544 3.49997 42.0711 39.6088 16.8766 12.6441 22.7323
internal_count=1544 945 296 649 80 64 599 150 103 569 556 211 187 345
is_linear=0
shrinkage=0.03


Tree=115
num_leaves=15
num_cat=0
split_feature=0 8 2 7 8 6 2 2 1 6 5 7 5 2
split_gain=9.2376 11.5884 2.36791 1.92769 2.38024 3.54368 2.75552 2.30792 1.76144 1.45109 1.34399 0.88529 0.571209 0.478573
threshold=14.133542537689211 3.0382405033136943 29.227619171142582 0.032273558532716934 1.9365449016937606 8.0673027038574237 26.826959609985355 23.993132591247562 15.058192729949953 8.0862870216369647 264.30863952636724 -0.042969107824024085 265.40240478515631 25.3719596862793
decision_type=2 2 2 2 2 2 2 2 2 2 2 2 2 2
left_child=12 2 3 4 9 6 7 -6 -8 10 11 -2 -1 -9
right_child=1 -3 -4 -5 5 -7 8 13 -10 -11 -12 -13 -14 -15
leaf_value=-0.0017371927413682448 0.024696942113644045 -0.024874760873877428 -0.013448527600326624 -0.0044615215081306638 -0.0040697132402377567 -0.022353224295478518 0.01295767970871483 0.042456037726965171 -0.013576287280939727 -0.00094718909034536614 0.0010226157486763216 0.0034755921713710536 -0.027628103769598487 0.015775373282696209
leaf_weight=0.98992896545678277 22.857580147683624 8.7084027025848609 2.6787372566759577 5.2662558034062377 1.9675997477024809 2.6428024619817725 2.9325711466372013 2.0963296256959438 4.3139545004814863 2.9513371996581546 2.8849754035472861 2.2976993322372499 8.1090775681659562 3.2530755698680878
leaf_count=15 267 465 15 31 21 19 23 16 29 31 14 12 549 35
internal_value=0.00147714 0.00555548 0.0106283 0.0120594 0.0139185 0.00460605 0.0106202 0.0224209 -0.00256918 0.0187831 0.0208209 0.0229656 -0.0252622 0.0312709
internal_weight=73.9503 64.8513 56.1429 53.4642 48.1979 17.2063 14.5635 7.317 7.24653 30.9916 28.0403 25.1553 9.09901 5.34941
internal_count=1542 978 513 498 467 143 124 72 52 324 293 279 564 51
is_linear=0
shrinkage=0.03


Tree=116
num_leaves=15
num_cat=0
split_feature=3 1 1 2 5 7 5 2 7 5 1 7 7 7
split_gain=10.997 4.45021 2.27451 3.57126 1.93536 5.21933 2.2901 2.1982 4.01033 1.92369 2.38676 1.85014 1.64601 2.19879
threshold=12.161772251129152 8.6481337547302264 16.472542762756351 28.774748802185062 233.35565948486331 -0.77137529605205468 254.26270294189456 18.361955642700199 -0.047990677988810029 228.70483398437503 15.058192729949953 -0.068137881701508307 -1.1826339367435201 -1.1883121979158278
decision_type=2 2 2 2 2 2 2 2 2 2 2 2 2 2
left_child=12 -2 4 -4 5 9 -6 11 -9 -3 -11 -8 13 -1
right_child=1 2 3 -5 6 -7 7 8 -10 10 -12 -13 -14 -15
leaf_value=-0.016847251945646995 -0.024367101151472555 0.023700986290217621 -0.023684899689987261 0.013188940982949095 0.021141922370754122 -0.025382690120520454 0.032788836852347174 -0.020865789482990407 0.012854381080628596 0.017130028378267551 -0.017213484710778396 -0.00039427533164778446 -0.02801845628008362 0.031257964732923103
leaf_weight=1.1768418867141006 2.9333832813426843 5.1468845736235362 3.798579071648418 3.7509314883500338 20.273156009614468 3.6628044843673697 2.8483387995511293 4.7122018095105895 6.1657963171601269 2.507842730730772 2.7898859307169914 2.4523821370676187 10.047882643528281 0.41568116843700309
leaf_count=72 147 27 45 20 312 34 24 36 25 26 17 27 727 6
internal_value=0.00164052 0.00681544 0.00877517 -0.00596456 0.0110491 0.00146848 0.0146187 0.00568981 -0.00227965 0.01228 -0.00081739 0.0198106 -0.023889 0.00292283
internal_weight=72.6826 61.0422 58.1088 7.54951 50.5593 14.1074 36.4519 16.1787 10.878 10.4446 5.29773 5.30072 11.6404 1.59252
internal_count=1545 740 593 65 528 104 424 112 61 70 43 51 805 78
is_linear=0
shrinkage=0.03


Tree=117
num_leaves=15
num_cat=0
split_feature=8 1 1 2 6 6 8 2 5 5 1 1 4 2
split_gain=10.1145 9.94232 4.86491 2.6315 1.58504 2.3748 2.98694 1.24121 1.22949 1.195 0.454836 1.0752 2.00293 0.485949
threshold=2.9312958016524484 8.6481337547302264 16.472542762756351 17.496645927429203 8.0198678970336932 8.0682625770568865 1.6910406365248629 28.003631591796879 251.54431152343753 235.28456878662112 15.695492267608644 15.058192729949953 38.220436096191413 23.676937103271488
decision_type=2 2 2 2 2 2 2 2 2 2 2 2 2 2
left_child=1 -1 3 -3 7 10 8 9 -7 -5 11 12 13 -6
right_child=-2 2 -4 4 5 6 -8 -9 -10 -11 -12 -13 -14 -15
leaf_value=-0.027147877693448411 -0.028498686674470444 -0.019434736245015183 -0.015096056815830962 -0.021217066887173456 0.015379900774911911 0.024727648483854898 -0.015321069359185629 0.015371101399903223 -0.00022952809783747456 0.0038310615510869666 0.033370256503406033 0.00046675419888696863 -0.0076795540823575755 0.027568545169108418
leaf_weight=6.6263514198362818 8.2268495820462686 1.403075300157069 5.668002024292945 1.8489692844450454 11.683409627527011 3.5403177104890329 3.8550734892487526 2.6451201662421227 2.8885565549135208 3.6911053527146578 2.7826792523264876 2.9375570751726618 1.7329880632460106 10.806438455358146
leaf_count=476 474 76 38 17 80 41 34 29 14 33 13 18 22 183
internal_value=0.00085268 0.00513044 0.00939782 0.012427 0.013725 0.0161212 0.00327846 0.00147571 0.0149927 -0.00649455 0.0202835 0.0178053 0.0198062 0.0221609
internal_weight=70.3365 62.1096 55.4833 49.8153 48.4122 40.227 10.2839 8.18519 6.42887 5.54007 29.9431 27.1604 24.2228 22.4898
internal_count=1548 1074 598 560 484 405 89 79 55 50 316 303 285 263
is_linear=0
shrinkage=0.03


Tree=118
num_leaves=15
num_cat=0
split_feature=1 8 2 2 5 1 5 6 5 2 4 8 6 8
split_gain=7.59791 9.14535 2.71008 2.36435 3.32307 3.14119 3.69869 3.57997 2.89231 4.50936 2.26138 2.37889 1.26361 1.31723
threshold=8.6481337547302264 2.8925652622144127 29.369420051574711 23.676937103271488 234.25231933593753 11.155070781707765 264.30863952636724 8.0242857933044451 228.30340576171878 27.411670684814457 35.374334335327156 1.6327112570193962 8.0862870216369647 1.6229259139554841
decision_type=2 2 2 2 2 2 2 2 2 2 2 2 2 2
left_child=-1 2 3 5 8 6 -2 -8 -5 -10 -7 -12 -6 -14
right_child=1 -3 -4 4 12 10 7 -9 9 -11 11 -13 13 -15
leaf_value=-0.027389110330485661 0.031074511952350645 -0.021897247208208882 -0.020068768153219865 0.017072328595582661 0.028227055868649154 -0.029344922205701732 -0.027442811795529942 0.012986648269115553 -0.029851180685247371 0.011024056983875999 0.020955146385222688 -0.016467534615240084 0.020158429922568062 -0.00449478882988093
leaf_weight=6.832039449363946 3.875066179782154 9.3977035358548147 1.8786384239792813 6.6212285161018354 12.582816483452918 2.9605467766523352 2.2549657681956887 4.0352663667872548 3.4696029536426067 4.4942518807947636 1.9647604636847971 2.1660583019256592 3.4507884681224814 2.9346316829323769
leaf_count=488 14 481 11 34 226 21 58 51 30 40 28 23 21 28
internal_value=0.000487086 0.00394014 0.00887059 0.0103073 0.0148378 0.00116801 0.0114243 -0.00328305 0.00367391 -0.00812753 -0.0131291 0.00194702 0.0228081 0.00975375
internal_weight=68.9184 62.0863 52.6886 50.81 33.5533 17.2567 10.1653 6.29023 14.5851 7.96385 7.09137 4.13082 18.9682 6.38542
internal_count=1554 1066 585 574 379 195 123 109 104 70 72 51 275 49
is_linear=0
shrinkage=0.03


Tree=119
num_leaves=15
num_cat=0
split_feature=0 8 3 7 2 3 0 8 2 6 2 2 0 8
split_gain=9.02028 9.78908 3.39684 2.23097 2.48747 2.05743 1.96037 1.67541 2.51714 2.48477 1.14415 2.84352 0.86643 0.852163
threshold=14.133542537689211 3.0382405033136943 12.887044906616213 -0.97091782375839342 22.658034324646 15.46491861343384 15.267641544342043 1.9365449016937606 29.291781425476078 8.0600395202636737 27.945035934448246 26.194494247436527 17.278176307678226 2.3104267749292009
decision_type=2 2 2 2 2 2 2 2 2 2 2 2 2 2
left_child=-1 2 -2 -4 6 -3 -5 8 12 10 11 -9 -6 -13
right_child=1 5 3 4 7 -7 -8 9 -10 -11 -12 13 -14 -15
leaf_value=-0.024995732263661554 0.040104037581898656 -0.02783378729004261 -0.014537136176063916 0.010040206698403036 0.00098187974729750725 0.015625968670171238 -0.012372383559639958 0.023690207756614196 -0.012535783830203094 -0.016303309836527148 0.026103286047583153 0.0029841527952674187 0.023401873973200604 -0.01801698261167067
leaf_weight=8.5793284671381098 2.4332789052277795 7.1346359122544518 2.6372779924422494 5.8985700234770757 1.776265949010855 0.47064468264579762 6.1725455932319164 3.286474294960497 1.4845297336578358 2.791763871908187 2.5871543362736693 2.9630803242325783 19.386908512562513 2.5161463916301727
leaf_count=583 21 438 21 27 19 1 40 39 8 17 9 29 258 19
internal_value=0.00215089 0.00627463 0.0108466 0.00872674 0.0102487 -0.023641 -0.00149019 0.0140376 0.0189732 0.00540402 0.0116297 0.00512237 0.0216493 -0.00795217
internal_weight=70.1186 61.5393 53.934 51.5007 48.8634 7.60528 12.0711 36.7923 22.6477 14.1446 11.3529 8.7657 21.1632 5.47923
internal_count=1529 946 507 486 465 439 67 398 285 113 96 87 277 48
is_linear=0
shrinkage=0.03


Tree=120
num_leaves=15
num_cat=0
split_feature=0 8 3 8 4 2 8 8 3 3 2 2 2 8
split_gain=7.75011 7.98423 3.38893 2.29508 2.88626 4.26307 2.46732 4.21125 2.36346 1.9947 1.40208 2.77624 0.698732 0.276548
threshold=13.957610607147219 3.0382405033136943 12.719022750854494 2.0551117177701812 36.698650360107429 28.947386741638187 1.4828291437063668 1.0288624698825137 15.515195369720461 15.46491861343384 27.888125419616703 26.23016452789307 25.788427352905277 1.7518307522353112
decision_type=2 2 2 2 2 2 2 2 2 2 2 2 2 2
left_child=-1 2 -2 4 6 13 7 -4 -8 -3 11 12 -5 -6
right_child=1 9 3 10 5 -7 8 -9 -10 -11 -12 -13 -14 -15
leaf_value=-0.026881419528066195 0.036921392690203551 -0.02733726486282578 -0.012581301389845088 -0.0044450003619586941 0.02535769850693765 -0.021475064302444124 0.0062486136227127851 0.021052849028095531 -0.026821821042078704 0.015494201062249271 0.0099296987217880085 -0.023914589113685696 0.014968701566313809 0.013051345588170647
leaf_weight=6.9962684586644164 2.5823815092444411 6.844941694289445 4.4766811989247826 2.6280955113470537 11.866420486941939 1.4757465720176686 2.9538025073707095 8.0888945609331113 3.3567860201001167 0.46893775463104237 3.7557068262249222 4.8192861154675484 2.3517141100019217 6.3409053497016421
leaf_count=553 24 446 30 20 193 8 23 33 26 1 23 35 22 90
internal_value=0.000955824 0.00447332 0.0085026 0.00642575 0.0100911 0.0178361 0.00152405 0.00902603 -0.0126052 -0.0230577 -0.00397801 -0.00973433 0.00569314 0.0219745
internal_weight=69.0066 62.0103 54.6964 52.114 38.5592 19.6831 18.8762 12.5656 6.31059 7.31388 13.5548 9.7991 4.97981 18.2073
internal_count=1527 974 527 503 403 291 112 63 49 447 100 77 42 283
is_linear=0
shrinkage=0.03


Tree=121
num_leaves=15
num_cat=0
split_feature=0 8 7 2 8 8 4 5 2 5 4 8 8 4
split_gain=10.6718 8.87267 7.05208 2.65389 2.21572 3.06086 2.11213 1.4631 2.4421 2.0584 1.28514 0.715352 3.35263 0.670034
threshold=14.133542537689211 3.0382405033136943 0.032273558532716934 29.227619171142582 1.9365449016937606 2.680877288440811 33.17766189575196 234.42679595947268 27.586211204528812 238.66213989257815 38.034402847290046 1.3475136826223062 1.1329643220069021 38.882535934448249
decision_type=2 2 2 2 2 2 2 2 2 2 2 2 2 2
left_child=-1 2 3 4 6 7 -2 8 -6 -9 -7 12 -8 -3
right_child=1 13 -4 -5 5 10 11 9 -10 -11 -12 -13 -14 -15
leaf_value=-0.028051315108717709 -0.0050758707759586017 -0.026686481504346465 -0.021756524395437859 -0.011905682138826179 -0.027524790416385617 0.034981062943773372 0.024722633065026842 0.020243379301882095 0.0063352566634521257 -0.013458662052621591 0.0054010164636946779 0.025873314500006597 -0.011097999104684153 -0.0010434223143630753
leaf_weight=8.1498665558174235 2.3618476353585747 5.8420967357233158 4.5773375667631617 2.6354934740811577 3.0242279693484324 2.5937087368220082 5.7246891446411627 3.2860262840986252 3.0811081826686859 1.7673227097839115 2.7768822088837624 20.276114858686924 2.896423252299428 1.1554966270923612
leaf_count=599 12 403 32 16 22 19 60 40 20 26 21 233 46 25
internal_value=0.00226308 0.00662998 0.0107591 0.0140764 0.015724 0.00631622 0.0203487 -0.00291084 -0.0119503 0.00818046 0.0229352 0.0225269 0.0127854 -0.023112
internal_weight=70.1486 61.9988 55.0012 50.4238 47.7884 16.5293 31.2591 11.1587 6.10534 5.05335 5.37059 28.8972 8.62111 6.99759
internal_count=1574 975 547 515 499 148 351 108 42 66 40 339 106 428
is_linear=0
shrinkage=0.03


Tree=122
num_leaves=15
num_cat=0
split_feature=3 1 4 1 3 4 2 2 6 2 2 0 4 4
split_gain=8.11722 4.51531 2.2168 1.84028 4.69418 2.09598 2.67875 3.44923 2.25278 1.73616 1.43175 1.37578 1.2665 2.00796
threshold=12.161772251129152 9.165898799896242 36.977537155151374 14.738187789916994 15.227270603179933 38.501655578613288 21.48048305511475 18.202941894531254 8.0977010726928729 26.496774673461918 28.126243591308597 22.35029220581055 38.795892715454109 36.758516311645515
decision_type=2 2 2 2 2 2 2 2 2 2 2 2 2 2
left_child=2 -2 -1 5 9 6 7 -3 -8 -5 -11 -4 13 -6
right_child=1 3 11 4 12 -7 8 -9 -10 10 -12 -13 -14 -15
leaf_value=-0.027718619765035275 -0.020375555391695926 0.015333200905193285 0.028370813127508835 0.0049418739719565277 0.015748585429820348 -0.010885645754449374 0.023853216540849591 -0.022258810648500101 0.00046500187048528383 -0.035737910305413574 -0.0026169746561054965 -0.0125137320532873 0.021068769074852021 -0.010729630650207937
leaf_weight=8.926669290289281 4.7417480004951349 3.8776398813352051 0.47324928920715936 1.8637977503240133 4.1622140407562238 2.5461552627384654 17.797667495906357 3.0035530179738998 4.6670565642416468 3.1724170558154583 1.8695126706734297 0.65927999746054411 5.1606233417987815 4.1871297098696232
leaf_count=724 184 34 8 17 27 27 291 23 32 40 30 41 23 26
internal_value=0.000586561 0.00506585 -0.0229782 0.0077111 0.000605535 0.012103 0.0143906 -0.00181755 0.0192212 -0.0180212 -0.0259227 0.00986317 0.0107125 0.00274261
internal_weight=67.1087 57.0495 10.0592 52.3078 20.4157 31.8921 29.3459 6.88119 22.4647 6.90573 5.04193 1.13253 13.51 8.34934
internal_count=1527 754 773 570 163 407 380 57 323 87 70 49 76 53
is_linear=0
shrinkage=0.03


Tree=123
num_leaves=15
num_cat=0
split_feature=0 8 3 4 5 4 2 0 8 3 1 5 5 0
split_gain=6.9598 8.37202 3.28326 3.61937 2.90915 3.08048 2.89163 4.51352 2.83146 2.00233 1.93173 1.13176 0.53293 0.063576
threshold=14.133542537689211 2.9312958016524484 13.476888179779055 35.208374023437507 234.37496185302737 38.882535934448249 27.411670684814457 21.555535316467289 1.405733192482771 15.46491861343384 15.058192729949953 231.82182312011722 265.40240478515631 17.875490188598636
decision_type=2 2 2 2 2 2 2 2 2 2 2 2 2 2
left_child=12 2 -2 8 5 6 -5 11 -4 -3 13 -8 -1 -6
right_child=1 9 3 4 10 -7 7 -9 -10 -11 -12 -13 -14 -15
leaf_value=-0.001523091985530676 0.029219299753096936 -0.027990333702490055 0.002444406929405498 -0.023858980107979433 0.0096878527467007813 0.018545289034251646 0.025751711043861026 -0.022179305209840003 -0.026991546707930608 0.015197447592043254 -0.0016876249366702899 -0.00039347266833127792 -0.02701378513869522 0.024343516919234944
leaf_weight=0.95058748964220185 5.0415288824588051 7.0158507497981182 7.3089990764856321 4.3227535896003273 2.1744997799396542 5.5666580721735945 3.9151719249784929 2.9808306023478508 3.760827898979187 0.46488162875175465 3.376581732183694 2.0956870075315237 6.9304306851699948 12.190236713737248
leaf_count=15 33 460 38 40 36 23 25 19 22 1 29 34 566 224
internal_value=0.000366823 0.00396226 0.00827509 0.00550647 0.0100024 0.00160198 -0.00628257 0.00370948 -0.0089638 -0.0238309 0.01838 0.0178803 -0.0244569 0.0228999
internal_weight=68.0955 60.2145 52.7338 47.6922 36.6224 18.8811 13.3144 8.99169 11.0698 7.48073 17.7413 6.01086 7.88102 14.3647
internal_count=1565 984 523 490 430 141 118 78 60 461 289 59 581 260
is_linear=0
shrinkage=0.03


Tree=124
num_leaves=15
num_cat=0
split_feature=8 0 3 8 4 0 3 8 6 5 2 6 5 3
split_gain=8.49613 9.08597 3.10942 2.04133 2.78177 2.15737 1.57178 1.59775 1.3736 0.834305 0.78732 0.649899 0.623839 0.184782
threshold=2.9312958016524484 14.133542537689211 12.719022750854494 2.3104267749292009 36.452892303466804 20.678366661071781 16.543918609619144 1.33662678048117 8.0712928771972674 261.83042907714849 27.100527763366703 8.0869922637939471 265.40240478515631 19.274097442626957
decision_type=2 2 2 2 2 2 2 2 2 2 2 2 2 2
left_child=1 12 -3 4 6 8 7 -4 13 -9 -5 -10 -1 -6
right_child=-2 2 3 10 5 -7 -8 9 11 -11 -12 -13 -14 -15
leaf_value=0.00024779549862538716 -0.028116605690265081 0.037146866223632301 -0.0051557779437679339 0.0026614160667180228 0.028578924337991109 0.0017724536718474473 -0.013394972068827962 0.0033886887609280124 -0.003409267808079416 0.02257218236220988 -0.014302214154204412 0.01576488506417589 -0.026712230348271377 0.0064683361308769871
leaf_weight=0.83969045989215274 6.8245739983394733 2.5093736443668595 6.1314263418316868 4.6521020308136922 11.072202872484928 6.5638653300702563 4.0224228911101809 4.2306283414363843 2.5555915795266619 3.8707350790500641 3.6772698760032654 2.2423537485301495 6.5853095697239041 1.0551485549658526
leaf_count=6 457 16 35 34 230 33 25 31 28 14 22 24 561 18
internal_value=0.00133672 0.00509233 0.00957089 0.0074887 0.0101611 0.0167708 0.00122693 0.00596739 0.0221641 0.0140274 -0.00555801 0.00672538 -0.0239958 0.0272945
internal_weight=66.8327 60.0081 52.5831 50.0737 41.7444 23.4892 18.2552 14.2328 16.9253 8.10136 8.32937 4.79795 7.425 12.1274
internal_count=1534 1077 510 494 438 333 105 80 300 45 56 52 567 248
is_linear=0
shrinkage=0.03


Tree=125
num_leaves=15
num_cat=0
split_feature=3 5 6 4 1 3 2 6 8 5 2 3 1 3
split_gain=7.80661 1.51777 1.77515 2.50494 2.66537 2.57916 2.32657 2.02776 1.47291 4.8492 1.19336 0.939905 0.261969 0.13379
threshold=13.945298671722414 224.23816680908206 8.0712928771972674 36.611444473266609 14.906283855438234 15.170776367187502 26.306632041931156 8.049753665924074 2.9312958016524484 263.94094848632818 27.035266876220707 13.476888179779055 9.8798122406005877 19.274097442626957
decision_type=2 2 2 2 2 2 2 2 2 2 2 2 2 2
left_child=8 -2 3 5 13 -3 -4 -6 9 11 -8 -1 -11 -5
right_child=1 2 6 4 7 -7 10 -9 -10 12 -12 -13 -14 -15
leaf_value=0.019030910987841747 -0.0090352018417717145 0.012042075192012234 -0.023719799003469121 0.027886110871675376 -0.010348540113175856 -0.014020019002405126 0.015578386774710231 0.017149028405798739 -0.027379011968066368 -0.026497931267340215 -0.007797789983141388 -0.0027025668937145936 -0.0086155015652712389 0.006928527301215852
leaf_weight=3.1964482534676817 4.9398309588432303 6.3103929162025469 2.5466146767139417 9.5245444178581256 4.0199213176965705 5.4176157601177692 3.6147971861064434 3.6964443027973175 6.7072876449674359 6.3628873033449036 2.6068336144089699 2.7413314580917358 2.2623758800327778 1.0949124302715052
leaf_count=23 26 32 26 213 26 38 26 18 484 568 19 28 25 19
internal_value=-0.00187533 0.00537445 0.00738831 0.010773 0.0174078 -0.000152639 -0.00413168 0.00328011 -0.016366 -0.00986036 0.00606037 0.0100538 -0.0231898 0.0265075
internal_weight=65.0422 43.7719 38.8321 30.0638 18.3358 11.728 8.76825 7.71637 21.2703 14.563 6.22163 5.93778 8.62526 10.6195
internal_count=1571 443 417 346 276 70 71 44 1128 644 45 51 593 232
is_linear=0
shrinkage=0.03


Tree=126
num_leaves=15
num_cat=0
split_feature=3 8 7 3 8 1 4 5 6 6 1 7 7 3
split_gain=9.64232 2.58191 5.71672 1.49579 1.48336 1.34388 2.59768 1.43065 2.93632 2.64515 2.51282 1.41801 1.38269 0.914384
threshold=14.104630947113039 2.8925652622144127 -0.13687907554492901 13.745976448059084 0.41149222285036463 9.4152956008911151 35.208374023437507 234.37496185302737 8.0600395202636737 8.0453376770019549 15.058192729949953 -0.93602878778951892 -0.83023111391020199 13.945298671722414
decision_type=2 2 2 2 2 2 2 2 2 2 2 2 2 2
left_child=1 2 3 -1 -2 -6 -7 8 9 11 -9 -8 -13 -4
right_child=4 -3 13 -5 5 6 7 10 -10 -11 -12 12 -14 -15
leaf_value=0.0181249850283942 -0.014120106259715475 -0.029633426598660154 -0.028638224414810332 -0.0070121629855562778 0.023377456218186016 -0.0089444879067283305 -0.017047425349727599 0.023835216174780759 -0.018556272725999915 0.024930246232258993 -0.0044376106592463769 0.017102307633736762 -0.0075186589203170119 0.0023332869298543051
leaf_weight=5.0919816680252561 1.7000637017190445 7.0062212068587533 6.4027843642979869 2.6088892929255962 4.5868653878569594 6.6680148243904105 2.2116588577628136 10.98756121098995 3.0549783408641806 5.4096542298793784 3.3362425267696372 3.6836316958069801 2.870607424527412 0.80794158205389965
leaf_count=70 19 478 510 36 19 34 14 214 22 28 28 22 38 5
internal_value=0.000166865 -0.015705 -0.00770967 0.00978189 0.00815606 0.00934281 0.00710551 0.0106677 0.00443199 0.0102825 0.0173902 -0.000384131 0.00675106 -0.0253064
internal_weight=66.4271 21.9178 14.9116 7.70087 44.5093 42.8092 38.2223 31.5543 17.2305 14.1756 14.3238 8.7659 6.55424 7.21073
internal_count=1537 1099 621 106 438 419 400 366 124 102 242 74 60 515
is_linear=0
shrinkage=0.03


Tree=127
num_leaves=15
num_cat=0
split_feature=3 2 8 4 5 6 2 2 4 4 2 3 2 2
split_gain=8.40747 2.71507 7.19973 1.67945 2.3073 2.04786 3.86463 2.44405 2.08873 1.41469 0.83505 2.64657 0.363703 1.11869
threshold=13.856672763824465 24.16547775268555 2.8925652622144127 38.819355010986335 230.793327331543 8.0356855392456072 27.081704139709476 22.361833572387699 38.310621261596687 36.211288452148445 17.938968658447269 12.655354499816896 26.203649520874027 25.965239524841312
decision_type=2 2 2 2 2 2 2 2 2 2 2 2 2 2
left_child=1 10 -3 4 -2 9 7 -7 12 -6 11 -1 13 -9
right_child=3 2 -4 -5 5 6 -8 8 -10 -11 -12 -13 -14 -15
leaf_value=-0.023783190566636556 -0.0092776237196661726 0.024134299522231131 -0.025772736746920273 0.022094870309875191 0.0060113101854752876 -0.0078823163392347708 -0.022758742582376933 0.019110614570438039 -0.0079456459517469012 0.025914264651284359 -0.029654092406454158 0.014630760067958656 0.027989438424508475 -0.008219329818209966
leaf_weight=3.4443047456443328 6.9836643971502772 4.154278399422763 4.2549699833616614 5.6137738972902289 6.6878454349935037 4.974732540547854 3.4444056991487733 3.4697554372251016 2.162693675607442 6.989184582605958 7.0935336602851748 1.7050531348213551 4.5494905300438404 1.2638729009777305
leaf_count=333 39 33 285 24 35 30 37 77 26 129 420 31 47 25
internal_value=0.00083942 -0.0146484 -0.00117332 0.0079355 0.00548924 0.00874338 0.00233722 0.00860564 0.0158294 0.0172547 -0.0231165 -0.0107528 0.0216023 0.0116527
internal_weight=66.7916 20.6521 8.40925 46.1394 40.5256 33.542 19.865 16.4205 11.4458 13.677 12.2429 5.14936 9.28312 4.73363
internal_count=1571 1102 318 469 445 406 242 205 175 164 784 364 149 102
is_linear=0
shrinkage=0.03


Tree=128
num_leaves=15
num_cat=0
split_feature=0 8 3 3 6 8 3 2 2 6 0 8 8 8
split_gain=5.74571 6.10032 5.16917 3.02902 2.65987 1.97131 1.99757 3.66459 1.54625 1.42524 2.15902 0.981712 1.531 1.44758
threshold=13.957610607147219 2.8925652622144127 15.46491861343384 12.719022750854494 8.0165042877197283 2.3104267749292009 15.994133949279787 22.658034324646 19.495705604553226 8.0742635726928729 21.555535316467289 1.6910406365248629 0.97975128536507883 1.7991250186756378
decision_type=2 2 2 2 2 2 2 2 2 2 2 2 2 2
left_child=-1 3 -3 -2 -5 6 8 -8 -6 10 -9 12 -10 -13
right_child=1 2 -4 4 5 -7 7 9 11 -11 -12 13 -14 -15
leaf_value=-0.026129843985612685 0.032997821869732324 -0.029972269634275274 0.025869906097510116 -0.018103351834945627 -4.4104453575115763e-05 -0.0073807319459948447 -0.027237264886393549 0.019143388500908777 0.0011447972788724231 -0.0086001336713474822 -0.0096265719669946775 -0.0110398864544016 0.030928694877639711 0.015515041026746093
leaf_weight=5.8471554080024353 2.6913674399256697 6.7085862662643185 1.0374996513128278 3.318243294954299 4.9352680332958725 6.8891178406774989 2.3669418916106251 8.3450141977518779 2.003982540220024 3.0920314267277709 2.4461045116186133 1.6696278117597083 7.3721697703003883 6.3765882942825556
leaf_count=565 20 460 3 38 28 49 16 134 16 23 11 24 81 89
internal_value=-8.96851e-05 0.00287103 -0.0203901 0.006691 0.00460731 0.0066174 0.0092385 0.00109117 0.0148599 0.00742646 0.0123585 0.0188551 0.0252868 0.00939351
internal_weight=65.0997 59.2525 7.74609 51.5065 48.8151 45.4968 38.6077 16.2501 22.3576 13.8832 10.7911 17.4224 9.37615 8.04622
internal_count=1557 992 463 529 509 471 422 184 238 168 145 210 97 113
is_linear=0
shrinkage=0.03


Tree=129
num_leaves=15
num_cat=0
split_feature=0 8 3 0 0 3 8 4 4 3 1 4 4 8
split_gain=5.18777 5.10645 3.8638 2.60354 2.67815 1.78112 1.50418 2.74025 2.04835 2.82115 1.84158 1.16916 1.54381 0.825988
threshold=13.957610607147219 3.0382405033136943 13.442567348480226 21.143773078918461 14.448084354400637 15.46491861343384 1.9316474860825088 38.265760421752937 36.698650360107429 16.566885948181156 12.431427955627443 38.034402847290046 37.187461853027351 1.7099585220956541
decision_type=2 2 2 2 2 2 2 2 2 2 2 2 2 2
left_child=-1 2 -2 4 -4 -3 8 11 9 10 -6 12 -8 -5
right_child=1 5 3 13 6 -7 7 -9 -10 -11 -12 -13 -14 -15
leaf_value=-0.025884990676826251 0.027035943901008348 -0.026662399688663376 -0.019018294354256615 -0.0018574082771342076 0.021365437999606263 0.014566183780340669 0.013688723867954685 -0.019351167788799039 0.020623180063903842 -0.017663456206287752 -0.00425901910772283 0.023010008113566436 -0.011545130897980859 -0.0217500500423242
leaf_weight=5.5018799621611825 5.5706171924248329 5.5003347778692833 2.7447379864752284 3.5611939877271643 5.3824248313903826 0.45527172088623036 3.3111526854336244 3.7356216572225085 11.509865563362835 3.2482986040413371 3.7051206193864346 2.2895097695291042 3.4244612082839012 3.525302842259407
leaf_count=544 37 442 21 17 23 1 23 22 242 23 29 31 36 28
internal_value=-0.000459599 0.00235182 0.00548573 0.00238516 0.00545323 -0.0218697 0.00774502 -0.000582452 0.0120454 0.00309575 0.0115315 0.00834153 0.00102554 -0.0132193
internal_weight=63.4658 57.9639 52.0083 46.4377 39.3512 5.95561 36.6065 12.7607 23.8457 12.3358 9.08755 9.02512 6.73561 7.0865
internal_count=1519 975 532 495 450 443 429 112 317 75 52 90 59 45
is_linear=0
shrinkage=0.03


Tree=130
num_leaves=15
num_cat=0
split_feature=1 8 5 7 8 3 3 8 4 5 8 3 4 5
split_gain=6.92301 5.78182 1.89555 4.73766 4.09612 3.00124 2.55728 3.18656 1.90411 2.46866 1.54834 1.47116 1.40733 1.51045
threshold=9.165898799896242 2.8925652622144127 234.37496185302737 -0.48416004377881589 1.9572819244026749 16.441803932189945 14.213488578796388 1.9365449016937606 36.698650360107429 262.90486145019537 1.3689495893238617 15.46491861343384 38.795892715454109 229.87637329101565
decision_type=2 2 2 2 2 2 2 2 2 2 2 2 2 2
left_child=-1 2 5 -4 8 6 -2 -8 9 -5 -11 -3 13 -7
right_child=1 11 3 4 -6 12 7 -9 -10 10 -12 -13 -14 -15
leaf_value=-0.028493777984656771 0.0074983233939143155 -0.025447654733472599 0.026572144497757515 -0.010806013244321613 -0.030934253315504423 -0.011993981798270463 0.0045243318852751652 -0.036917062276351643 0.024012463682921592 -0.0030652946527006644 0.02322703941026381 0.011325082488023672 0.023064275714027804 0.014799886431712119
leaf_weight=6.6601333105936638 3.1381268091499823 6.5433016410097471 9.6505680773407203 6.8231069780886262 2.0137280924245706 3.1593793258070928 2.2451171800494194 3.8461362421512604 3.4070949703454962 3.0354705071076751 3.9819088131189346 0.5487534999847411 3.3009762093424797 2.4762137103825808
leaf_count=530 19 446 184 45 32 17 29 29 68 28 36 2 17 32
internal_value=-0.00179049 0.00194961 0.00586506 0.0105114 0.00155006 -0.00169233 -0.0130207 -0.0231585 0.00683015 0.00126738 0.0128901 -0.0215544 0.0101402 0.000235103
internal_weight=60.83 54.1699 47.0778 28.9119 19.2613 18.1659 9.22938 6.09125 17.2476 13.8405 7.01738 7.09206 8.93657 5.63559
internal_count=1514 984 536 393 209 143 77 58 177 109 64 448 66 49
is_linear=0
shrinkage=0.03


Tree=131
num_leaves=15
num_cat=0
split_feature=8 0 6 7 7 4 2 8 7 2 8 7 7 0
split_gain=5.60996 6.5847 1.24147 2.89507 2.09103 1.39006 1.27441 3.11372 2.38543 2.55274 5.4697 1.3357 2.07777 0.979795
threshold=3.0382405033136943 14.133542537689211 8.0712928771972674 -0.680812239922158 0.016626395964777784 36.196105957031257 27.100527763366703 2.406802220668987 -0.45249585738213621 18.553855895996097 1.0487262710501755 -0.61773435947833499 -0.83023111391020199 17.029743194580082
decision_type=2 2 2 2 2 2 2 2 2 2 2 2 2 2
left_child=1 -1 4 -4 6 -5 8 11 -3 -10 -11 12 -8 -12
right_child=-2 2 3 5 -6 -7 7 -9 9 10 13 -13 -14 -15
leaf_value=-0.023030255926732697 -0.026251420360095652 0.024987768849607912 -0.022980579766240787 -0.004546819438919535 -0.010639567887792871 0.01976901448704136 0.013901560529604005 -0.018441715740971733 0.021330739470191415 0.022650437765812711 -0.037277137281914501 0.025713464072439539 -0.012884194136953065 -0.0066922410218362149
leaf_weight=6.4633947825059286 5.3605147181078783 11.388962857425209 2.9706441797316074 3.4864159375429136 3.5047417171299449 3.4069577530026436 6.1812606863677484 3.1908311182633033 4.0917763635516202 2.6609298810362816 1.9338946044445036 3.0871695671230546 3.1543943472206593 2.1807765103876591
leaf_count=568 456 162 22 23 24 44 35 25 19 19 14 70 39 31
internal_value=0.000519107 0.00341091 0.00712329 -0.00225749 0.00936023 0.00845295 0.0114372 0.00446102 0.0159291 0.00512997 -0.0061387 0.0112793 0.00448009 -0.0255449
internal_weight=63.0627 57.7022 51.2388 9.86402 41.3747 6.89337 37.87 15.6137 22.2563 10.8674 6.7756 12.4228 9.33566 4.11467
internal_count=1551 1095 527 89 438 67 414 169 245 83 64 144 74 45
is_linear=0
shrinkage=0.03


Tree=132
num_leaves=15
num_cat=0
split_feature=3 7 6 8 5 3 3 8 0 6 4 4 3 3
split_gain=5.31174 3.02011 3.00704 2.69318 5.38782 2.70646 1.4066 1.03726 3.2096 0.867928 0.865366 0.917824 0.692894 1.687
threshold=14.104630947113039 0.025330804396446662 8.0840406417846697 2.9312958016524484 266.76861572265631 12.962865352630617 20.384386062622074 1.0487262710501755 17.062447547912601 8.0682625770568865 37.276920318603523 37.91930007934571 15.329659938812258 14.783325195312502
decision_type=2 2 2 2 2 2 2 2 2 2 2 2 2 2
left_child=3 2 6 4 5 -1 7 -2 -9 12 -7 -12 13 -10
right_child=1 -3 -4 -5 -6 10 -8 8 9 -11 11 -13 -14 -15
leaf_value=0.028297165132206249 0.026515734477090033 -0.01249719296056021 -0.013129716503440192 -0.026874462617996944 -0.025958012585860904 -0.01036735426429565 -0.0049396765930223288 -0.016273103811802025 0.017086656175093241 -0.0013394235018797461 0.018501216741520783 -0.0066037680915625296 0.021793969384679854 -0.01307848400251616
leaf_weight=3.0657065864652413 5.8963258266449037 5.089563012123107 3.495222143828868 5.6411554515361777 5.3000053977593771 3.9534929525107145 2.8813899829983702 2.432186450809243 3.7489476036280456 2.2364104241132727 1.8771871998906138 1.686674879863858 12.094930877909063 1.689509494230151
leaf_count=26 50 31 38 466 537 24 15 15 52 24 15 26 179 27
internal_value=0.000916538 0.00738915 0.0105945 -0.0107809 -0.00381169 0.00856273 0.013598 0.0156034 0.0116875 0.0157452 -0.00186271 0.00777615 0.0178791 0.00713974
internal_weight=61.0887 39.5645 34.4749 21.5242 15.8831 10.5831 30.9797 28.0983 22.202 19.7698 7.51736 3.56386 17.5334 5.43846
internal_count=1525 431 400 1094 628 91 362 347 297 282 65 41 258 79
is_linear=0
shrinkage=0.03


Tree=133
num_leaves=15
num_cat=0
split_feature=8 4 7 6 8 4 4 1 2 8 6 1 7 0
split_gain=4.03696 4.99104 1.9722 2.90126 2.51547 2.59462 3.18983 4.7601 4.43927 2.67879 1.95014 2.47428 2.18067 2.11669
threshold=3.0382405033136943 34.410953521728523 -0.042969107824024085 8.1373691558837908 1.9365449016937606 37.177669525146491 38.882535934448249 14.369328975677492 27.375854492187504 2.680877288440811 8.0862870216369647 10.842390537261965 -0.074788294607539982 20.678366661071781
decision_type=2 2 2 2 2 2 2 2 2 2 2 2 2 2
left_child=1 -1 4 -4 10 9 7 -7 -9 -6 11 12 -3 -13
right_child=-2 2 3 -5 5 6 -8 8 -10 -11 -12 13 -14 -15
leaf_value=-0.017219624513345459 -0.026388963879033289 -0.025004948137613447 -0.029067954180663345 0.01409484045356966 -0.0046718984132809753 0.012487780064777498 0.014948737539816799 -0.051827984202859397 -0.0042680803343408038 0.035168846814506209 -0.010204757275943091 0.027185049116555518 0.016754886529455532 0.0018011238202688428
leaf_weight=11.817871849052606 5.2330503761768332 1.5597549220547082 2.6001976253464809 1.5225213617086408 2.7518275501206544 2.7577918078750354 2.8480561822652808 3.0080418214201927 3.5095937699079514 1.9106980226933954 2.1427582725882521 11.276590177789329 1.0992952072992981 4.09072721004486
leaf_count=511 470 46 52 9 39 46 11 21 31 12 27 237 10 24
internal_value=-0.00355127 -0.000844194 0.0041642 -0.0134881 0.00643698 -0.00211898 -0.00933639 -0.0175223 -0.0301925 0.0149823 0.0133215 0.0165074 -0.00787994 0.0209508
internal_weight=58.1288 52.8957 41.0779 4.12272 36.9551 16.786 12.1235 9.27543 6.51764 4.66253 20.1691 18.0264 2.65905 15.3673
internal_count=1546 1076 565 61 504 160 109 98 52 51 344 317 56 261
is_linear=0
shrinkage=0.03


Tree=134
num_leaves=15
num_cat=0
split_feature=0 3 6 0 0 6 1 2 6 6 1 4 2 3
split_gain=6.04673 4.45318 2.10844 1.91741 3.37794 1.69467 2.11018 3.70832 1.70566 2.58564 2.45994 2.04385 1.68715 0.977828
threshold=13.957610607147219 6.0876493453979501 8.0162868499755877 15.509354114532472 16.240607261657718 8.0173735618591326 16.472542762756351 28.774748802185062 8.0303802490234393 8.0862870216369647 15.058192729949953 34.132165908813484 27.035266876220707 15.227270603179933
decision_type=2 2 2 2 2 2 2 2 2 2 2 2 2 2
left_child=-1 -2 -3 -4 -5 -6 8 -8 10 13 11 -7 -11 -10
right_child=1 2 3 4 5 6 7 -9 9 12 -12 -13 -14 -15
leaf_value=-0.025421275929102635 -0.023335468532683777 -0.011834428115013958 0.023546828922384001 -0.025857978952655732 0.029599469005114173 -0.016267120800888112 -0.024137831640937971 0.017521730326830555 0.0086329098224545726 0.0088964849588663974 -0.018783680138377837 0.017889564614545043 -0.021556075233194957 0.024533234966992831
leaf_weight=4.9684862112626424 3.3000491857528678 3.4416126171126953 7.2788341473788014 1.6632814668118943 2.5070136450231066 1.2521840482950191 3.7604866744950405 2.318787295371294 6.972111367620534 2.9760866947472087 3.1860920209437609 5.194118931889534 1.8364101536571977 11.612579567357896
leaf_count=546 379 36 31 23 35 7 55 13 100 39 26 76 14 154
internal_value=0.00342214 0.00631632 0.00851975 0.010108 0.00736704 0.00927057 0.00726193 -0.00801734 0.0102271 0.0144476 -0.00041916 0.00996112 -0.00443332 0.0193135
internal_weight=62.2681 57.2996 53.9996 50.558 43.2792 41.6159 39.1089 6.07927 33.0296 23.3972 9.6324 6.4463 4.8125 18.5847
internal_count=1534 988 609 573 542 519 484 68 416 307 109 83 53 254
is_linear=0
shrinkage=0.03


Tree=135
num_leaves=15
num_cat=0
split_feature=0 8 3 3 2 2 2 4 3 4 4 7 2 3
split_gain=6.27452 4.67303 2.073 1.68812 1.00749 2.43335 2.00079 2.60069 2.01767 2.55924 1.93519 2.60508 1.61138 1.48178
threshold=14.133542537689211 3.0382405033136943 12.719022750854494 15.46491861343384 29.291781425476078 27.945035934448246 27.100527763366703 37.878076553344734 16.674709320068363 38.310621261596687 35.374334335327156 -0.074788294607539982 27.411670684814457 16.25876617431641
decision_type=2 2 2 2 2 2 2 2 2 2 2 2 2 2
left_child=-1 2 -2 -3 5 6 8 12 9 10 11 -4 -8 -12
right_child=1 3 4 -5 -6 -7 7 -9 -10 -11 13 -13 -14 -15
leaf_value=-0.026708543075229664 0.02818453005017257 -0.025919262878385849 -0.019397260762132683 0.014408755646918342 -0.010642152588668718 0.020318514650809853 -0.014552418092015315 -0.034079080530361315 0.02073990012776419 -0.019759330557296437 0.018909621075580342 0.0089703713441946099 0.013361401663085871 -0.010147221862659718
leaf_weight=5.7234246055595568 2.8668893724679938 4.7712955144233993 4.0303779542446136 0.45266652107238758 2.5508180260658255 7.8410641476511946 2.330402383580803 1.7871760502457616 5.7017292771488419 3.1240007951855651 8.8459056261926872 5.9883405417203992 3.2277278918772936 1.2275763582438219
leaf_count=573 24 451 24 1 15 80 26 21 56 24 153 28 45 25
internal_value=0.000680685 0.00397184 0.00692907 -0.0206712 0.00505894 0.00618284 0.00266309 -0.0104204 0.00622359 0.00194926 0.00610136 -0.00316621 0.00122336 0.0147721
internal_weight=60.4694 54.746 49.522 5.22396 46.6551 44.1043 36.2632 7.34531 28.9179 23.2162 20.0922 10.0187 5.55813 10.0735
internal_count=1546 973 521 452 497 482 402 92 310 254 230 52 71 178
is_linear=0
shrinkage=0.03


Tree=136
num_leaves=15
num_cat=0
split_feature=3 2 2 2 0 6 2 2 2 0 3 0 5 4
split_gain=4.92691 1.97788 1.89327 2.25243 2.24459 2.18347 1.6566 3.49552 2.20971 4.3357 2.16484 1.64999 1.22916 1.15526
threshold=14.104630947113039 29.291781425476078 28.003631591796879 27.100527763366703 16.240607261657718 8.0320386886596697 26.194494247436527 24.16547775268555 18.202941894531254 13.957610607147219 6.0876493453979501 19.501204490661625 231.01960754394534 38.795892715454109
decision_type=2 2 2 2 2 2 2 2 2 2 2 2 2 2
left_child=6 2 3 4 -2 12 7 8 9 -1 -9 -6 -5 -13
right_child=1 -3 -4 5 11 -7 -8 10 -10 -11 -12 13 -14 -15
leaf_value=-0.022817251146845217 -0.0097629783069633561 -0.019085372437613855 0.021214240368211349 -0.011145839017715053 0.017849167176197892 -0.027389955312986904 -0.028053534293340395 -0.015399131005524628 -0.026400934566709236 0.022296192730972796 0.023615019393270899 -0.010173634830371018 0.016367619496144497 0.011579051984969835
leaf_weight=3.0108146993443423 4.6997961550951066 2.0202706530690184 5.3824165873229495 1.8572130426764482 12.595571337267758 2.8175165206193924 4.3658978729508808 1.0254982244223345 6.6260678372345865 2.6764128189533949 3.2952661775052547 3.7748949415981761 2.0548613108694553 3.0707454904913902
leaf_count=373 29 12 58 10 176 32 169 116 395 19 52 42 52 16
internal_value=-0.00189542 0.00450505 0.00629671 0.00311174 0.00738156 -0.0111787 -0.0132351 -0.00797543 -0.0158399 -0.00142746 0.0132015 0.011801 0.00369595 -0.000183881
internal_weight=59.2732 38.2733 36.253 30.8706 24.141 6.72959 21 16.6341 12.3133 5.68723 4.32076 19.4412 3.91207 6.84564
internal_count=1551 427 415 357 263 94 1124 955 787 392 168 234 62 58
is_linear=0
shrinkage=0.03


Tree=137
num_leaves=14
num_cat=0
split_feature=3 2 8 3 5 0 1 2 5 8 3 8 6
split_gain=6.86626 3.50669 2.4176 2.38659 1.5789 1.5778 1.42031 1.37692 1.33601 3.81117 1.58152 1.27722 0.498999
threshold=13.856672763824465 29.227619171142582 1.9316474860825088 14.903959274291994 255.06929779052737 15.267641544342043 15.75525999069214 26.787408828735355 265.78849792480474 2.9312958016524484 13.476888179779055 2.2309783467139472 8.0862870216369647
decision_type=2 2 2 2 2 2 2 2 2 2 2 2 2
left_child=8 2 4 7 6 -6 12 -4 9 10 -1 -5 -2
right_child=1 -3 3 11 5 -7 -8 -9 -10 -11 -12 -13 -14
leaf_value=0.016434014081340143 0.025472741818904399 -0.023837873679259155 0.0024107556183086101 -0.0041757876938468205 0.016337307272903695 -0.0040489905718959079 -0.001933744052123279 -0.026385359931274676 -0.02606593535181068 -0.025829291566753763 -0.010211945833151536 0.018603664944583265 0.0046012600305655807
leaf_weight=4.282023452222349 12.445546189323073 2.0763439089059821 2.1831763796508294 3.3694112561643124 5.323990957811473 6.7594632655382156 2.1091426834464064 2.8685295507311821 5.2676941482350221 4.7021425603888929 2.384030245244503 4.1176498495042324 1.6571265719830979
leaf_count=32 250 12 28 35 25 35 12 25 583 446 22 21 21
internal_value=0.00117974 0.00751159 0.00963738 -0.00128796 0.0143575 0.00549541 0.0202598 -0.0155987 -0.0146524 -0.00768382 0.00681541 0.00906808 0.0234873
internal_weight=59.5463 42.9104 40.834 12.5388 28.2953 12.0835 16.2118 5.05171 16.6359 11.3682 6.66605 7.48706 14.1027
internal_count=1547 464 452 109 343 60 283 53 1083 500 54 56 271
is_linear=0
shrinkage=0.03


Tree=138
num_leaves=15
num_cat=0
split_feature=8 1 7 7 1 8 3 2 6 5 8 3 2 5
split_gain=3.79825 4.44411 1.91623 4.27563 2.20038 3.13959 3.55488 2.15733 2.09722 2.04861 1.83116 3.93792 1.67915 1.61479
threshold=3.0382405033136943 8.6481337547302264 0.38640753904084252 0.016626395964777784 18.350676536560062 2.0551117177701812 15.890749454498293 28.947386741638187 8.0840406417846697 241.83421325683597 1.0487262710501755 15.498984813690187 18.202941894531254 235.9809265136719
decision_type=2 2 2 2 2 2 2 2 2 2 2 2 2 2
left_child=1 -1 3 4 5 7 13 8 9 -3 -11 12 -12 -7
right_child=-2 2 -4 -5 -6 6 -8 -9 -10 10 11 -13 -14 -15
leaf_value=-0.025634910224812027 -0.025795282680218225 0.02056323249344796 0.024589248802856643 -0.027973408511080659 0.025907171208322994 -0.027625305313201464 0.017205558322696376 -0.020010891380730398 -0.011106029961915981 0.018766235952655044 0.02298224698457987 -0.030402527125491692 -0.0060243208514601772 -0.0021421204930350637
leaf_weight=4.4365102318115524 4.6399447000585488 12.250413028523335 2.4291687458753577 3.1137282485142341 2.7848246805369845 5.6257342454045993 2.3941003233194342 1.5001908987760533 3.1255476437509051 3.3255985621362916 2.6480381898581964 2.4788226317614317 2.8956414675340056 3.6514368215575814
leaf_count=488 454 238 7 48 16 42 16 8 36 32 52 24 26 49
internal_value=-0.00239709 0.000106866 0.00294777 0.00129884 0.00402591 0.00190239 -0.0106228 0.00726806 0.00946595 0.0125314 0.00289775 -0.00503114 0.00922593 -0.0187797
internal_weight=57.2997 52.6598 48.2232 45.7941 42.6803 39.8955 11.6713 28.2243 26.7241 23.5985 11.3481 8.0225 5.54368 9.27717
internal_count=1536 1082 594 587 539 523 107 416 408 372 134 102 78 91
is_linear=0
shrinkage=0.03


Tree=139
num_leaves=15
num_cat=0
split_feature=0 8 8 7 1 3 0 7 6 1 7 6 8 4
split_gain=5.11294 3.8043 2.43076 4.33038 3.0729 2.74602 2.24216 1.7556 2.48483 2.28226 1.68715 3.0756 2.17718 1.95644
threshold=14.133542537689211 3.0382405033136943 0.91265505516689327 -0.1757363467879012 9.4675192832946795 12.962865352630617 16.863557815551761 -0.93602878778951892 8.0320386886596697 16.494662284851078 -0.1757363467879012 8.0862870216369647 1.9365449016937606 38.310621261596687
decision_type=2 2 2 2 2 2 2 2 2 2 2 2 2 2
left_child=-1 2 3 -2 -4 -6 -7 -8 -9 10 11 12 -10 -14
right_child=1 -3 4 -5 5 6 7 8 9 -11 -12 -13 13 -15
leaf_value=-0.025974077767636911 0.015841501284744899 -0.019847814627489697 0.032129661451874639 -0.035409642238396856 0.028758750555410141 -0.016043103108951452 -0.012644169581681264 0.018605976041939757 0.019965075269892055 -0.023794899308133007 0.023553847322892698 -0.02479291179003382 0.0075569026712346381 -0.023006739052658463
leaf_weight=5.0973669458180657 1.8843821585178373 4.8635478424839667 3.3235578984022132 2.3267605453729621 3.0233922144398084 4.1186546832323065 3.4110539257526318 10.664346270263204 5.1109755635261518 1.9141441136598576 2.4860483631491723 2.4644316472113124 3.9550513103604317 2.0988844186067581
leaf_count=580 27 436 12 19 23 24 27 135 120 12 24 26 53 12
internal_value=3.33792e-05 0.00304493 0.00579049 -0.013837 0.00800509 0.00521459 0.00252968 0.00532497 0.00781498 0.000789848 0.00492961 0.000154645 0.00724672 -0.00479879
internal_weight=56.7426 51.6452 46.7817 4.21114 42.5705 39.247 36.2236 32.1049 28.6939 18.0295 16.1154 13.6293 11.1649 6.05394
internal_count=1530 950 514 46 468 456 433 409 382 247 235 211 185 65
is_linear=0
shrinkage=0.03


Tree=140
num_leaves=15
num_cat=0
split_feature=1 8 2 8 8 2 2 3 7 3 3 1 2 1
split_gain=4.39089 3.95824 3.62754 2.24988 2.5454 3.45355 2.74583 1.6517 1.49347 1.24667 1.21603 0.885944 3.05899 1.19808
threshold=9.165898799896242 3.0382405033136943 29.227619171142582 1.9365449016937606 2.680877288440811 27.331101417541507 26.23016452789307 15.46491861343384 0.032273558532716934 15.329659938812258 15.065034389495851 10.989904403686525 18.308194160461429 16.61068153381348
decision_type=2 2 2 2 2 2 2 2 2 2 2 2 2 2
left_child=10 2 3 8 5 9 -6 -3 11 -5 -1 12 -2 -13
right_child=1 7 -4 4 6 -7 -8 -9 -10 -11 -12 13 -14 -15
leaf_value=-0.026882244801783521 0.02200709515819551 -0.025553343008912616 -0.025151486859528338 -0.029076889875455581 0.031059409350255196 0.012687038184156084 -0.0058820728009360739 0.014417183125571255 -0.0047903497415676573 -0.0042252457330805172 0.0050512976460978512 0.020701905176259545 -0.015504885308983876 -0.0052396159511894757
leaf_weight=5.0329661504365495 3.089848584495491 4.3703482970595351 2.161707727238535 4.0436915196478385 2.8796884333714834 3.806799428537488 2.8940263260155916 0.45280811190605152 3.1940097408369175 3.4560096021741629 0.96097241342067707 17.905881863087419 2.7976725650951266 1.3594246953725804
leaf_count=540 33 444 15 62 20 29 21 1 22 32 5 294 22 6
internal_value=0.000590417 0.00350762 0.00624905 0.00825284 -0.00038178 -0.00849133 0.014408 -0.0199694 0.0132913 -0.0194692 -0.0217723 0.0156828 0.00451878 0.0187032
internal_weight=58.4059 52.4119 47.5888 45.4271 17.0802 11.3065 5.77371 4.82316 28.3468 7.4997 5.99394 25.1528 5.88752 19.2653
internal_count=1546 1001 556 541 164 123 41 445 377 94 545 355 55 300
is_linear=0
shrinkage=0.03


Tree=141
num_leaves=15
num_cat=0
split_feature=0 8 2 0 5 8 4 3 8 2 0 3 1 4
split_gain=4.31071 3.64513 3.41166 2.35993 5.39467 2.0914 2.04064 1.80094 2.01721 1.5976 3.28756 1.65864 1.76033 1.33528
threshold=14.133542537689211 3.3155893090753241 29.291781425476078 15.267641544342043 256.65979003906256 1.6736990558919886 36.758516311645515 14.021656036376955 2.7211913247447574 26.203649520874027 18.7666130065918 16.173662185668949 15.058192729949953 38.10753250122071
decision_type=2 2 2 2 2 2 2 2 2 2 2 2 2 2
left_child=-1 2 3 -2 5 6 -5 -7 9 10 -9 12 13 -11
right_child=1 -3 -4 4 -6 7 -8 8 -10 11 -12 -13 -14 -15
leaf_value=-0.021884126093334528 0.023147065267300922 -0.023139028237497444 -0.024031204675406866 0.00054806842107381749 -0.024709081420777788 0.015785927151469464 0.02544116949744642 0.010173633546277087 0.016459694987323848 0.015772530041918489 -0.03610640192727671 0.013031296825631648 -0.024974230129796136 -0.014367760702155558
leaf_weight=5.4668283653445533 6.882872447371482 3.1522085461765519 2.2239811182953408 4.3084507882595053 3.9344529574736944 6.2447347338311401 8.8237405922263843 1.6299555357545639 3.2790487110614768 2.2875827234238373 2.717643778771162 4.1609429363161325 2.3963412865996361 1.2598907351493833
leaf_count=574 28 381 19 28 44 83 177 29 17 39 31 45 16 20
internal_value=0.00129566 0.00403229 0.00615917 0.00802269 0.0049961 0.00871137 0.0178908 0.00316858 -0.00188059 -0.00683765 -0.0200977 0.000163596 -0.00942379 0.00426257
internal_weight=58.7687 53.3018 50.1496 47.9257 41.0428 37.1083 13.1322 23.9761 17.7314 14.4524 4.3476 10.1048 5.94381 3.54747
internal_count=1531 957 576 557 529 485 205 280 197 180 60 120 75 59
is_linear=0
shrinkage=0.03


Tree=142
num_leaves=15
num_cat=0
split_feature=8 7 6 1 7 7 5 6 6 7 8 6 7 0
split_gain=4.32557 4.43144 3.03336 2.20846 3.28016 2.16919 1.73751 3.21634 1.61209 1.54365 2.5114 1.2869 2.73592 1.85787
threshold=2.9312958016524484 -0.07284748346220643 8.1373691558837908 10.425409317016603 -0.65466087996447275 -0.082514380192168127 222.96865844726565 8.0196290016174334 8.0673027038574237 -0.50012370070945877 1.8705135971439584 8.0477557182312029 -0.83675434338598031 20.813953399658207
decision_type=2 2 2 2 2 2 2 2 2 2 2 2 2 2
left_child=1 3 -3 5 6 -1 -5 -8 11 -6 -11 12 -9 -14
right_child=-2 2 -4 4 9 -7 7 8 -10 10 -12 -13 13 -15
leaf_value=-0.027193022129111975 -0.026413528275949148 -0.02161831108894223 0.011149629723196056 0.016192620429797078 0.029263175027511829 0.012114883398340113 -0.029791961004734684 -0.023024329318794206 -0.014887037951164639 0.016754708020174432 -0.014469943876162109 0.019109930132676915 0.020455329302643554 -0.014100890127191724
leaf_weight=2.3959619291126728 4.6844715694896868 9.4422768033109588 2.6681145876646033 3.7149520181119433 5.8411925490945569 1.2835195860825472 2.5617136433720615 2.1984653286635902 2.9070693999528876 8.2894911188632303 2.2401460427790871 3.929167790338397 3.809799393638964 1.1646351516246793
leaf_count=109 461 501 16 16 119 7 20 23 21 102 29 31 82 6
internal_value=-0.00155225 0.001121 -0.0140992 0.00592121 0.00821745 -0.0138224 2.29536e-05 -0.00431731 0.00201554 0.0177857 0.00943291 0.00730588 -0.000707187 0.0113589
internal_weight=57.131 52.4465 12.1104 40.3361 36.6566 3.67948 20.2858 16.5709 14.0091 16.3708 10.5296 11.1021 7.1729 4.97443
internal_count=1543 1082 517 565 449 116 199 183 163 250 131 142 111 88
is_linear=0
shrinkage=0.03


Tree=143
num_leaves=15
num_cat=0
split_feature=8 0 7 8 1 8 6 5 7 7 6 2 8 5
split_gain=4.8075 5.21219 2.19832 2.20007 1.84223 2.65813 1.74129 1.5977 1.64381 1.40525 0.94477 1.02324 0.709915 0.568146
threshold=2.9312958016524484 14.133542537689211 -0.20595377985685925 1.9365449016937606 12.431427955627443 1.0288624698825137 8.0862870216369647 228.30340576171878 -0.82185117579592293 -0.84661106220278759 8.0356855392456072 26.194494247436527 1.1611903715294614 265.40240478515631
decision_type=2 2 2 2 2 2 2 2 2 2 2 2 2 2
left_child=1 13 3 6 5 -4 9 -5 -9 -3 -10 -12 -11 -1
right_child=-2 2 4 7 -6 -7 -8 8 10 12 11 -13 -14 -15
leaf_value=0.00078880174067557827 -0.025529684509424787 0.0012314321789545467 -0.016070217012250452 0.014659541795264939 -0.0192354262119467 0.014351377964677321 -0.0037226526817526269 -0.019961647081554495 0.015853273993863513 0.0074547237486993151 0.0077357868002418039 -0.015591251964998522 0.028985884571335642 -0.025086459215343734
leaf_weight=0.81828220002353091 4.3942040819674721 2.6311438698321554 2.9933091104030591 5.480427708476781 3.3202773742377749 6.4649373777210712 2.4953128658235064 2.8872248008847228 2.4795099832117549 2.5325032100081488 2.5882308036088943 2.2950324025005102 10.44501514546573 4.4677400793880224
leaf_count=6 467 23 20 28 26 39 29 21 27 52 36 20 182 558
internal_value=0.00148185 0.00420826 0.0075262 0.0114395 -0.00291349 0.00410765 0.0182966 0.00292583 -0.00409331 0.0218289 0.00377216 -0.00401408 0.0256181 -0.0215927
internal_weight=56.2932 51.8989 46.6129 33.8344 12.7785 9.45825 18.104 15.7304 10.25 15.6087 7.36277 4.88326 12.9775 5.28602
internal_count=1534 1067 503 418 85 59 286 132 104 257 83 56 234 564
is_linear=0
shrinkage=0.03


Tree=144
num_leaves=15
num_cat=0
split_feature=0 8 6 4 8 5 1 0 8 7 6 4 6 5
split_gain=3.08505 3.33351 2.32239 2.53232 1.51833 6.2267 2.11364 6.11689 2.34464 1.94567 1.82637 1.21769 2.61866 1.1092
threshold=13.957610607147219 1.9365449016937606 8.0673027038574237 36.611444473266609 1.0288624698825137 258.14437866210943 10.63657331466675 16.951104164123539 1.3475136826223062 -0.67211850962639097 8.0862870216369647 36.990837097167976 8.0198678970336932 233.81174468994143
decision_type=2 2 2 2 2 2 2 2 2 2 2 2 2 2
left_child=-1 4 3 -3 5 -2 -6 -8 9 -9 -10 -5 -13 -14
right_child=1 2 -4 11 6 -7 7 8 10 -11 -12 12 13 -15
leaf_value=-0.024308027033124919 0.01728564591287015 -0.023576399155069455 -0.031032303329308442 0.016865395920473793 0.022458449494656994 -0.034975964102701651 -0.032365213566006218 -0.030650719663576371 0.021477674001256771 0.009917499303105962 -0.0074504467126271963 -0.028088112971563856 0.0089707703840505859 -0.0094699888899869682
leaf_weight=3.9809566964395335 3.8398894220590618 3.6699432898312869 2.4526788396760812 2.6413417784497168 7.3217205591499832 2.5929195955395699 2.4977866411209133 1.1066947448998692 10.331351928412912 1.4213992748409499 1.8534362502396096 1.9103133268654335 8.5189148788340372 3.3136480655521146
leaf_count=563 40 295 37 77 32 23 18 14 184 44 23 50 98 63
internal_value=-0.00172579 0.000370825 -0.0082119 -0.00407953 0.00667086 -0.00565132 0.00999674 0.00375316 0.0115545 -0.0114956 0.0168461 0.0013926 -0.00252348 0.003471
internal_weight=57.453 53.472 22.5068 20.0542 30.9652 6.43281 24.5324 17.2107 14.7129 2.52809 12.1848 16.3842 13.7429 11.8326
internal_count=1561 998 620 583 378 63 315 283 265 58 207 288 211 161
is_linear=0
shrinkage=0.03


Tree=145
num_leaves=15
num_cat=0
split_feature=0 8 3 6 6 5 6 6 0 2 6 8 8 1
split_gain=4.75138 5.42114 2.83399 2.4787 1.69575 2.42284 1.01622 1.69289 0.961729 3.23803 1.39693 1.23493 1.29527 0.85811
threshold=14.133542537689211 2.7599112036002964 14.641907691955568 8.0162868499755877 8.0712928771972674 235.2328796386719 8.0210433006286639 8.0183701515197772 15.071187973022463 22.540110588073734 8.0451097488403338 1.405733192482771 2.3748204583955461 9.8401131629943865
decision_type=2 2 2 2 2 2 2 2 2 2 2 2 2 2
left_child=-1 3 -3 -2 6 -6 7 -5 -8 -10 11 -11 -13 -7
right_child=1 2 -4 4 5 13 8 -9 9 10 -12 12 -14 -15
leaf_value=-0.025479834038023799 -0.016873186595705098 -0.028468661869273364 0.012611183384824309 0.015535924569308664 -0.023887322765459466 -0.0060634871466143424 0.025443131256747784 -0.013791786953717305 -0.012481996388239568 -0.014170856532008107 0.024524034087094488 0.016744493633200692 -0.0095771178335072177 0.013584290128448811
leaf_weight=4.6138006253167978 2.5864051431417456 5.3919852878898373 1.3440352231264112 2.3920476734638241 2.1588138528168184 2.3563454914838076 5.7315618991851833 2.707815196365118 3.593050247058275 1.2077500000596062 8.3672191668301803 6.4760946333408356 1.4592463187873361 4.7349423132836819
leaf_count=589 24 457 6 36 21 15 21 26 31 33 118 95 12 51
internal_value=0.000743131 0.00358675 -0.0197014 0.00753059 0.0094268 -0.00174648 0.012618 0.00025594 0.0148737 0.0109819 0.0162108 0.00693528 0.011374 0.00711308
internal_weight=55.1211 50.5073 6.73602 43.7713 41.1849 9.2501 31.9348 5.09986 26.8349 21.1034 17.5103 9.14309 7.93534 7.09129
internal_count=1535 946 463 483 459 87 372 62 310 289 258 140 107 66
is_linear=0
shrinkage=0.03


Tree=146
num_leaves=15
num_cat=0
split_feature=0 8 8 8 3 6 6 6 0 7 3 0 8 5
split_gain=3.41538 2.81158 1.76478 1.78767 2.32652 1.79975 5.8573 1.88551 2.03075 1.77257 1.29459 1.5971 1.61891 2.22389
threshold=13.957610607147219 3.3155893090753241 0.41149222285036463 1.9316474860825088 18.462421417236332 8.0483665466308612 8.0600395202636737 8.0173735618591326 19.933433532714847 -0.49308505402488073 13.442567348480226 14.448084354400637 1.5041604757592573 240.9055099487305
decision_type=2 2 2 2 2 2 2 2 2 2 2 2 2 2
left_child=-1 2 -2 10 5 7 -7 -5 9 -9 -4 -12 -13 -14
right_child=1 -3 3 4 -6 6 -8 8 -10 -11 11 12 13 -15
leaf_value=-0.024134024817109585 -0.020374228386813468 -0.022575654915713495 0.025420055606435676 0.012982997118786421 0.0231103559400959 0.026441092809604091 -0.024052710187637317 0.013963136712331597 -0.031559139782272393 -0.020044624732839637 -0.011269291940439779 0.015746663886849477 0.010718303281122405 -0.014303717423248185
leaf_weight=3.8492939854040733 1.5884244944900263 2.8689650571905068 3.0894732810556915 1.1954181045293824 1.7703547030687321 3.771882902365177 2.6761256959289312 2.045329277869314 4.3182716863229871 1.5291243251413109 3.0483489185571697 13.979716284200551 6.8979109134525043 4.3722583595663309
leaf_count=565 18 384 16 18 7 32 31 44 62 22 22 150 134 41
internal_value=-1.42329e-05 0.00214597 0.00396922 0.00515732 -0.00249819 -0.00663739 0.00506887 -0.0146221 -0.0197929 -0.00178666 0.00932521 0.00676039 0.00928345 0.000636417
internal_weight=57.0009 53.1516 50.2826 48.6942 17.3065 15.5362 6.44801 9.08814 7.89273 3.57445 31.3877 28.2982 25.2499 11.2702
internal_count=1546 981 597 579 216 209 63 146 128 66 363 347 325 175
is_linear=0
shrinkage=0.03


Tree=147
num_leaves=15
num_cat=0
split_feature=0 8 4 4 0 8 1 7 5 4 4 8 0 4
split_gain=4.12822 2.9234 2.04692 4.64933 3.39125 2.48081 1.86074 2.25608 1.75411 2.08654 1.41942 1.0116 0.825717 0.713276
threshold=14.133542537689211 3.3155893090753241 37.91930007934571 38.882535934448249 19.430189132690433 0.64385361916780159 9.4152956008911151 0.032273558532716934 230.29364013671878 35.208374023437507 38.061271667480476 2.7211913247447574 20.678366661071781 38.310621261596687
decision_type=2 2 2 2 2 2 2 2 2 2 2 2 2 2
left_child=-1 2 5 4 10 -2 -7 8 -8 -10 -4 12 -11 -12
right_child=1 -3 3 -5 -6 6 7 -9 9 11 13 -13 -14 -15
leaf_value=-0.025238248855858257 -0.018968644965401037 -0.022661858404037592 -0.017527265351449321 0.016312559986374663 -0.027921808971863395 0.027668731281316365 -0.0089173544899420355 -0.015967795987616655 -8.422491741712561e-05 0.024689701509788609 0.021147980152355052 -0.00011418587856235822 0.0012997067959954858 -0.0044848528267231848
leaf_weight=4.3431514170952132 1.8844964019954193 2.9092302415519944 0.88183640129864027 5.4040059410035601 6.3496869085356593 3.9699934865348032 3.1525434604846003 2.5012550903484216 7.5873502385802594 11.179228506982325 2.2102523930370812 2.1435524965636423 1.6581895649433125 0.97249577566981305
leaf_count=585 23 393 25 33 71 25 23 18 39 201 64 36 14 16
internal_value=-8.9375e-05 0.00240976 0.00428816 -0.00444102 -0.0156958 0.00835131 0.0104739 0.00719103 0.00995643 0.0128594 0.00514565 0.0190099 0.0219807 0.0141161
internal_weight=57.1473 52.8041 49.8949 15.8183 10.4143 34.0766 32.1921 28.2221 25.7209 22.5683 4.06458 14.981 12.8374 3.18275
internal_count=1566 981 588 209 176 379 356 331 313 290 105 251 215 80
is_linear=0
shrinkage=0.03


Tree=148
num_leaves=15
num_cat=0
split_feature=3 4 8 5 1 7 6 8 3 4 3 6 7 1
split_gain=3.66737 3.45015 4.12913 1.72783 1.49295 2.31057 2.63332 1.62138 3.84317 1.50159 1.27936 1.34172 1.32604 1.1808
threshold=14.436128139495851 36.15374946594239 2.8925652622144127 233.35565948486331 12.888986110687258 -0.478250392948601 8.0673027038574237 1.3475136826223062 19.41027927398682 32.098018646240241 15.769877910614015 8.0468769073486346 -0.91017741815175801 14.679885387420656
decision_type=2 2 2 2 2 2 2 2 2 2 2 2 2 2
left_child=1 -1 3 -3 9 6 7 8 -6 -2 11 13 -12 -9
right_child=4 2 -4 -5 5 -7 -8 10 -10 -11 12 -13 -14 -15
leaf_value=-0.020541560505845029 -0.002540335782621317 -0.00087165104946817552 -0.020567690715228931 0.02571697620004065 0.01700679011964755 -0.015478925403763825 -0.014715798821084059 0.0073387635417345252 -0.035000307629261901 0.022318504345840089 0.0023895863659204146 0.017131236595421481 0.028407873600191293 -0.026289217167136981
leaf_weight=9.8538264068774897 2.6792658120393735 3.7058184780180436 3.5714043290354311 4.1930319294333458 2.131323445588357 4.0876542683690813 3.1926742792129508 1.1122104451060293 1.1866439655423162 7.5937933288514614 2.5474821478128469 1.5648947320878503 6.6317415777593798 1.0413656271994112
leaf_count=761 14 22 266 64 46 57 31 30 10 64 14 15 92 13
internal_value=0.00110972 -0.00840037 0.00284068 0.0145465 0.00718392 0.00274837 0.00715764 0.0120689 -0.0053913 0.016185 0.0166253 0.0012239 0.0221312 -0.0121021
internal_weight=55.0931 21.3241 11.4703 7.89885 33.769 23.496 19.4083 16.2157 3.31797 10.2731 12.8977 3.71847 9.17922 2.15358
internal_count=1499 1113 352 86 386 308 251 220 56 78 164 58 106 43
is_linear=0
shrinkage=0.03


Tree=149
num_leaves=15
num_cat=0
split_feature=3 5 4 5 8 6 6 5 4 3 8 8 6 4
split_gain=2.7467 1.69262 3.97985 2.3256 2.38021 1.77731 1.78165 1.76533 1.70929 2.40352 2.55734 1.42765 1.16496 1.30427
threshold=13.591570377349855 233.35565948486331 38.882535934448249 238.25845336914065 2.5145060069904721 8.0625395774841326 8.0303802490234393 270.82958984375006 36.611444473266609 15.498984813690187 1.3598715450933121 2.0812038414772887 8.053007125854494 36.15374946594239
decision_type=2 2 2 2 2 2 2 2 2 2 2 2 2 2
left_child=12 2 5 4 -3 6 -2 8 9 10 -5 -10 -1 -14
right_child=1 3 -4 7 -6 -7 -8 -9 11 -11 -12 -13 13 -15
leaf_value=-0.01904657686133639 -0.016313320678929946 0.024539461275853266 0.013204055613687149 -0.015565934393783685 -0.013203931483648366 -0.035961466660224276 0.010430522224690361 0.019094615030374653 0.018910879507696939 -0.024050096283173342 0.017264835839917361 -0.010587685612033935 -0.014982766025194697 0.018851559329979149
leaf_weight=9.3629642841406149 5.9510953295975906 6.8696490637958068 5.3419080795720211 3.059329487383371 1.1873687990009782 2.2010210230946532 2.4952516555786133 2.5018200278282157 3.2974566649645558 4.9796019122004509 3.5193138737231493 1.464753985404968 0.96565700648352448 1.1842097509652374
leaf_count=866 57 174 34 34 11 17 23 12 97 36 21 18 135 37
internal_value=-0.00246771 0.00111672 -0.00637535 0.00564224 0.0181335 -0.0164888 -0.00814475 -0.000349783 -0.00426082 -0.0102699 0.00195786 0.00957491 -0.0148371 0.00372231
internal_weight=54.3814 42.8686 15.9893 26.8793 8.05702 10.6474 8.44635 18.8223 16.3205 11.5582 6.57864 4.76221 11.5128 2.14987
internal_count=1572 534 131 403 185 97 80 218 206 91 55 115 1038 172
is_linear=0
shrinkage=0.03


Tree=150
num_leaves=15
num_cat=0
split_feature=3 4 7 7 3 1 6 0 1 0 4 2 3 0
split_gain=2.83709 2.33591 2.05319 1.88251 1.83714 1.82075 1.51448 1.52568 1.94518 1.62801 2.30569 2.73142 1.65531 1.24422
threshold=12.161772251129152 36.977537155151374 0.032273558532716934 0.320214981300529 16.348674774169925 16.472542762756351 8.0207700729370135 15.071187973022463 15.203289508819582 16.570536613464359 37.91930007934571 26.170396804809574 14.943321228027346 18.905592918396
decision_type=2 2 2 2 2 2 2 2 2 2 2 2 2 2
left_child=1 -1 4 -4 5 6 13 -8 9 -9 -11 -12 -13 -2
right_child=2 -3 3 -5 -6 -7 7 8 -10 10 11 12 -14 -15
leaf_value=-0.025968295493363817 -0.026594674003335546 0.015601261803859455 -0.028807325947935784 0.0048033083849424599 0.012404985596770085 -0.0217837967177885 0.018211563487522415 -0.028031216724591818 0.016492182443055628 0.010685844728072508 0.0086672058132641599 -0.040410004577304433 -0.001297272524604259 0.0018743484701133806
leaf_weight=5.2911322745494536 1.8092070291750193 0.80235698167234648 2.6476228665560475 2.1260322295129299 13.006284045055507 2.3103179163299492 4.8352121603675213 1.3115758523345018 4.1476880088448516 6.7933591436594707 2.6206079497933388 1.977883384563029 1.5486540906131265 2.4788073282688856
leaf_count=764 30 48 114 30 163 51 65 9 29 93 70 29 24 44
internal_value=-0.00136147 -0.0190669 0.00125006 -0.015599 0.00344055 -0.000743205 0.00172478 0.00484363 0.000573044 -0.00483735 -0.00064441 -0.0129089 -0.027315 -0.0128951
internal_weight=53.7067 6.09349 47.6133 4.77366 42.8396 29.8333 27.523 23.235 18.3998 14.2521 12.9405 6.14715 3.52654 4.28801
internal_count=1563 812 751 144 607 444 393 319 254 225 216 123 53 74
is_linear=0
shrinkage=0.03


Tree=151
num_leaves=15
num_cat=0
split_feature=3 1 4 5 4 4 4 5 6 4 3 6 1 6
split_gain=3.18881 2.76716 2.87256 2.5626 2.36231 1.94383 1.70866 1.93549 1.57314 3.11523 1.43126 1.42235 1.21939 1.14792
threshold=12.161772251129152 15.695492267608644 38.882535934448249 230.793327331543 33.17766189575196 36.977537155151374 38.501655578613288 265.40240478515631 8.0255064964294451 35.374334335327156 14.483413696289064 8.0256662368774432 9.8401131629943865 8.0457029342651385
decision_type=2 2 2 2 2 2 2 2 2 2 2 2 2 2
left_child=5 4 3 -3 -2 -1 7 8 -6 -10 -11 -9 -13 -4
right_child=1 2 13 -5 6 -7 -8 11 9 10 -12 12 -14 -15
leaf_value=-0.025786564587118924 -0.01325147920595878 -0.036814706208085912 0.019187305079556752 0.0023507881558169309 0.022420188537765603 0.011684974032648126 -0.011110711525483813 -0.022247330888015029 -0.020490334117201556 -0.0031802422524786302 0.018313262148360942 -0.011551301218642087 0.020782122654094046 -0.0062333998643621311
leaf_weight=5.037025357130914 3.9380785706453016 3.3494211062788946 2.0200303690508008 2.1239026905968785 11.022167102433746 0.94612004049122322 2.6208215393126002 1.670301298610865 2.1445943638682357 3.4256667168810955 9.587308092042802 1.0370234381407502 1.3487729877233503 2.6366685936227441
leaf_count=742 93 42 21 13 126 53 31 74 16 71 190 55 4 25
internal_value=-9.84654e-05 0.00266304 -0.0105572 -0.0236013 0.00648575 -0.0190364 0.00917291 0.0112305 0.014162 0.00714091 0.0128319 -0.00674925 0.00746714 0.0062364
internal_weight=52.9079 46.9248 10.13 5.47332 36.7947 5.98315 32.8567 30.2358 26.1797 15.1576 13.013 4.0561 2.3858 4.6567
internal_count=1556 761 101 55 660 795 567 536 403 277 261 133 59 46
is_linear=0
shrinkage=0.03


Tree=152
num_leaves=15
num_cat=0
split_feature=8 0 4 3 1 6 8 3 0 0 8 8 8 0
split_gain=4.26939 3.82904 2.92373 2.25008 1.53675 1.6767 2.18585 1.48151 1.14203 1.11433 0.597042 1.01398 2.18469 0.751015
threshold=2.9312958016524484 13.957610607147219 32.098018646240241 13.442567348480226 16.527109146118168 8.0712928771972674 1.732156600042204 14.104630947113039 21.555535316467289 19.18537521362305 0.6816885911549645 1.1021990216024526 1.3598715450933121 17.029743194580082
decision_type=2 2 2 2 2 2 2 2 2 2 2 2 2 2
left_child=1 -1 -3 -4 5 7 -7 9 10 -5 -9 -12 -13 -14
right_child=-2 2 3 4 -6 6 -8 8 -10 -11 11 12 13 -15
leaf_value=-0.023240407215116526 -0.025404201883454297 -0.021127258166140743 0.025158407957594456 -0.012069587472373059 -0.010453467996596983 0.0092892334643418159 -0.02188430713482041 -0.00332945548508338 -0.0066954051155488723 0.011071404592445924 0.030131172812245085 -0.014018552484471567 -0.0023551496980357143 0.01886515532686554
leaf_weight=3.28418558044359 3.8795548141933969 2.291890285909175 5.2810917459428302 3.400737619027498 3.960297003388404 3.4792274050414553 2.7924963235855103 1.0219665020704329 1.6218877881765354 2.290949571877718 3.9615585561841753 1.7029974032193411 1.4691047891974438 11.578275971114634
leaf_count=554 463 19 30 34 25 40 28 19 8 22 31 37 8 218
internal_value=0.00139243 0.00402516 0.0064849 0.0084227 0.00545658 0.00759714 -0.00569158 0.0107716 0.0142601 -0.00249259 0.0162222 0.0174048 0.0122907 0.0164782
internal_weight=52.0162 48.1367 44.8525 42.5606 37.2795 33.3192 6.27172 27.0475 21.3558 5.69169 19.7339 18.7119 14.7504 13.0474
internal_count=1536 1073 519 500 470 445 68 377 321 56 313 294 263 226
is_linear=0
shrinkage=0.03


Tree=153
num_leaves=15
num_cat=0
split_feature=3 8 8 2 1 6 3 1 1 2 0 6 3 5
split_gain=3.97635 2.36825 2.11725 1.49648 4.51793 1.69273 1.46149 1.43121 1.37939 1.50122 1.33903 1.15262 0.877464 1.66829
threshold=12.917111396789553 2.3104267749292009 0.41149222285036463 28.003631591796879 16.130197525024418 8.0210433006286639 15.065034389495851 14.503366470336916 20.187353134155277 24.406964302062992 20.601184844970707 8.049753665924074 14.73831081390381 254.26270294189456
decision_type=2 2 2 2 2 2 2 2 2 2 2 2 2 2
left_child=8 2 -2 4 5 6 -4 -3 -1 -10 -9 -12 -7 -14
right_child=1 7 3 -5 -6 12 -8 10 9 -11 11 -13 13 -15
leaf_value=-0.026408925884159114 -0.020450432003645037 0.0097433593473184432 -0.021378000613984583 0.021168627622718379 -0.030503372198263747 0.019009100610601862 0.0095891181100494927 -0.030884512407068292 0.025850531541345041 -0.014918629490201139 -0.017194714108321536 0.0083573768477521806 0.013209903695178537 -0.0068546623455661843
leaf_weight=5.5473512415774158 1.6250974922440935 1.705646974965928 2.1146921426989205 5.2273066136986008 2.0085893869400016 7.9487674380652633 1.6621121801435945 2.4118114346638322 0.46461733942851402 0.86643900768831372 2.1108114188537002 2.3655996760353446 9.5425363536924106 4.997166968882083
leaf_count=815 27 24 35 58 14 111 19 27 2 100 50 17 191 26
internal_value=-0.00104054 0.00244189 0.00591187 0.00774635 0.00462647 0.00833319 -0.00859541 -0.010879 -0.0206758 0.00429695 -0.0165733 -0.00463112 0.0114212 0.00631655
internal_weight=50.5985 43.7201 35.1263 33.5012 28.2739 26.2653 3.7768 8.59387 6.87841 1.33106 6.88822 4.47641 22.4885 14.5397
internal_count=1516 599 481 454 396 382 54 118 917 102 94 67 328 217
is_linear=0
shrinkage=0.03


Tree=154
num_leaves=15
num_cat=0
split_feature=1 8 3 8 1 6 1 2 3 2 8 1 6 1
split_gain=3.05394 2.81378 3.45751 2.34095 2.62127 2.42061 1.66621 1.35642 6.12759 1.32195 1.2999 2.18428 1.41991 1.09679
threshold=8.6481337547302264 1.9365449016937606 14.903959274291994 1.3475136826223062 8.7663502693176287 8.0303802490234393 13.913162708282472 26.194494247436527 14.903959274291994 27.081704139709476 2.8925652622144127 15.180657386779787 8.033292770385744 15.75525999069214
decision_type=2 2 2 2 2 2 2 2 2 2 2 2 2 2
left_child=-1 3 10 4 -2 6 -6 8 -5 -7 11 12 -3 -9
right_child=1 2 -4 7 5 9 -8 13 -10 -11 -12 -13 -14 -15
leaf_value=-0.023833792795047729 0.024574185138032483 0.0018860350042348994 0.0093021357676307589 0.02431979768868121 -0.03487313201052672 0.010628745624197375 0.0042980541092421101 0.028442699352616653 -0.018832640831590683 -0.013958522964259373 -0.027740049722419717 0.010659410027783428 -0.028024469393091517 0.0010388854071802535
leaf_weight=3.1738643320277324 1.7935202247463191 2.0127076869830507 7.6365729216486207 6.0626624366268533 2.5197501215152429 5.0513031366281211 1.0757005866616962 6.4594477917999011 4.1649522725492716 1.9439596533775327 3.9164143414236596 3.1603619530797005 3.0867798333056271 1.6900349482893942
leaf_count=478 12 22 53 89 45 71 21 128 53 23 456 20 53 11
internal_value=0.000867268 0.00284949 -0.0057918 0.00842232 -0.00164001 -0.0078165 -0.0247687 0.014938 0.00663479 0.00290477 -0.0152458 -0.00696564 -0.0178454 0.0234944
internal_weight=53.748 50.5742 19.8128 30.7613 12.3842 10.5907 3.59545 18.3771 10.2276 6.99526 12.1763 8.25985 5.09949 8.14948
internal_count=1535 1057 604 453 172 160 66 281 142 94 551 95 75 139
is_linear=0
shrinkage=0.03


Tree=155
num_leaves=15
num_cat=0
split_feature=3 4 8 6 5 6 4 5 2 3 8 5 6 8
split_gain=2.99415 2.24678 1.4512 1.2941 3.25584 1.65394 1.53107 1.36639 1.14757 1.29917 2.55218 2.90419 1.66824 1.40222
threshold=12.161772251129152 36.977537155151374 0.41149222285036463 8.0600395202636737 233.35565948486331 8.0165042877197283 35.094516754150398 223.44328308105472 29.227619171142582 14.436128139495851 1.3598715450933121 262.90486145019537 8.026090621948244 1.0487262710501755
decision_type=2 2 2 2 2 2 2 2 2 2 2 2 2 2
left_child=1 -1 -2 5 -5 7 -6 -4 9 10 -7 12 -12 -11
right_child=2 -3 3 4 6 8 -8 -9 -10 13 11 -13 -14 -15
leaf_value=-0.025459996274281256 -0.017627864592106121 0.015800030708102916 0.011027078004262269 -0.025593265953781915 -0.012272154141370216 -0.022204273458972933 0.014674819908597691 -0.023341731164367246 -0.012165921694890282 0.029162083037459003 0.011167182260398723 0.026697347723056004 -0.014692331395410735 0.0097786145321498361
leaf_weight=4.7043964401818803 1.7806687201373268 0.77574547892436374 0.90341282635927145 3.1621326217427832 1.8389455117285249 1.9830816504545499 5.3260264284908772 1.8335711960680781 1.3212044378742565 4.2489179354161051 3.2145878365263325 3.8824513186700642 3.860705706756562 14.990309836342929
leaf_count=758 49 45 5 25 22 117 76 49 10 29 37 41 80 217
internal_value=0.00111405 -0.0180825 0.00361237 0.00477813 -0.00428435 0.00740644 0.0071027 -0.0120823 0.00930268 0.0105242 0.00285215 0.00886442 -0.00301537 0.0152887
internal_weight=53.8262 5.48014 48.346 46.5653 10.3271 36.2382 7.16497 2.73698 33.5013 32.1801 12.9408 10.9577 7.07529 19.2392
internal_count=1560 803 757 708 123 585 98 54 531 521 275 158 117 246
is_linear=0
shrinkage=0.03


Tree=156
num_leaves=15
num_cat=0
split_feature=8 0 6 6 8 5 6 6 3 3 8 4 2 3
split_gain=3.04827 3.00153 2.03911 1.45424 1.81291 1.36396 1.02152 1.69503 2.16048 2.31282 1.60598 2.15113 1.75936 1.63357
threshold=3.0382405033136943 13.957610607147219 8.0165042877197283 8.0600395202636737 1.6910406365248629 251.54431152343753 8.0514039993286151 8.0340056419372576 16.064401626586918 14.104630947113039 1.33662678048117 33.497381210327156 18.361955642700199 18.462421417236332
decision_type=2 2 2 2 2 2 2 2 2 2 2 2 2 2
left_child=1 -1 -3 6 5 -5 7 10 9 -9 11 -4 -12 -14
right_child=-2 2 3 4 -6 -7 -8 8 -10 -11 12 -13 13 -15
leaf_value=-0.022870822267011485 -0.024222451231783178 -0.017783242048413375 0.017075451857729278 0.019443433388077105 -0.01527488719655209 -0.008978573339136476 0.022092352834706747 -0.019689829160314587 -0.026221298884787306 0.013010514318408212 0.033687144893305834 -0.018107392503689437 0.0035913697215895031 0.029345874212127563
leaf_weight=3.0589906736277035 3.3668936146423212 2.6164953159168354 1.7008469775319159 2.7386223170906288 5.0401225984096527 1.7894018981605766 3.6129861865192643 1.7520517185330371 1.8545306846499441 5.8120525032281876 2.8479675687849513 2.7805605828762054 11.029006753116844 1.898710824549197
leaf_count=550 454 38 6 53 45 12 51 30 34 65 8 44 123 11
internal_value=-0.000198106 0.00192394 0.00404812 0.00575606 -0.00422168 0.00861914 0.00866343 0.00636159 -0.0038785 0.00402154 0.0110812 -0.00407521 0.015373 0.00920939
internal_weight=51.8992 48.5323 45.4734 42.8569 9.56815 4.52802 33.2887 29.6757 9.41863 7.5641 20.2571 4.48141 15.7757 12.9277
internal_count=1524 1070 520 482 110 65 372 321 129 95 192 50 142 134
is_linear=0
shrinkage=0.03


Tree=157
num_leaves=15
num_cat=0
split_feature=0 1 2 0 6 5 6 4 4 6 7 6 6 1
split_gain=3.07067 2.29224 2.73404 1.90604 1.39839 2.74639 1.33028 1.21019 2.04459 0.995417 1.24308 0.934054 0.87618 1.9505
threshold=13.957610607147219 16.472542762756351 28.774748802185062 21.555535316467289 8.0712928771972674 233.6293640136719 8.0564970970153826 38.882535934448249 28.480535507202152 8.0977010726928729 0.320214981300529 8.0162868499755877 8.026090621948244 15.695492267608644
decision_type=2 2 2 2 2 2 2 2 2 2 2 2 2 2
left_child=-1 3 6 4 11 -6 -3 8 -4 -7 -11 -2 -13 -14
right_child=1 2 7 -5 5 9 -8 -9 -10 10 -12 12 13 -15
leaf_value=-0.022804818896237831 -0.0096486225901317915 -0.031660288719731131 0.02167676840546209 -0.015517591512898511 -0.026424770345741963 0.018915713808126493 0.0029826894506808969 0.020979164564010524 -0.02261776926019711 -0.01496687310447827 0.012650443350375148 0.019813498320073425 0.003234557472192659 0.026717008600599949
leaf_weight=3.0277926740236571 1.0358161292970205 3.1134574883617443 0.5752020329236992 2.1800171686336389 1.8794857040047626 2.7932809181511402 1.1044653546996412 1.8530847532674668 1.4343032045289872 2.0899944994598632 1.8111864626407621 10.503012210596355 15.466852155048402 3.1330570024438193
leaf_count=561 17 212 2 13 12 37 16 9 62 41 7 118 359 45
internal_value=0.00246642 0.0044539 -0.00936227 0.00734233 0.00898796 -0.00156904 -0.0237559 0.00800851 -0.00694906 0.00793659 -0.00218005 0.0119452 0.0130087 0.00835136
internal_weight=52.001 48.9732 8.08051 40.8927 38.7127 8.57395 4.21792 3.86259 2.00951 6.69446 3.90118 30.1387 29.1029 18.5999
internal_count=1511 950 301 649 636 97 228 73 64 85 48 539 522 404
is_linear=0
shrinkage=0.03


Tree=158
num_leaves=15
num_cat=0
split_feature=3 7 2 3 6 6 1 0 4 2 3 0 6 2
split_gain=2.85731 2.37493 1.48869 2.94496 3.0809 1.34631 1.26757 3.0727 2.05866 1.45737 1.24021 1.72615 1.0487 1.03841
threshold=12.161772251129152 0.032273558532716934 18.308194160461429 14.903959274291994 8.0862870216369647 8.053007125854494 14.738187789916994 17.278176307678226 38.196466445922859 26.470845222473148 16.348674774169925 17.875490188598636 8.0533647537231463 29.291781425476078
decision_type=2 2 2 2 2 2 2 2 2 2 2 2 2 2
left_child=5 2 -2 6 13 -1 7 -4 -9 -8 11 -3 -7 -5
right_child=1 10 3 4 -6 12 9 8 -10 -11 -12 -13 -14 -15
leaf_value=-0.025142091072292681 0.02110816263345789 -0.01490091246053604 -0.021368960577922324 0.014453051007920603 -0.020005540713173078 0.022432373206004035 0.0053275272796352935 0.020885701494168532 -0.014288629236548278 -0.02631509047861957 -0.031581712319507071 0.019044899016817392 -0.012366395763368709 -0.0076785373384895385
leaf_weight=4.2424751324579111 3.8196209371089926 2.7365435152314599 2.8835361143574101 20.954313201829798 2.0083360448479644 0.51915615051984765 1.4149503558874119 4.461793864145875 1.2655341178178785 3.6499032401479781 1.3882132172584531 1.1264266669750211 0.68866603681817651 1.4763918220996846
leaf_count=688 51 140 38 300 24 9 14 87 18 66 10 5 125 8
internal_value=0.000369981 0.00287338 0.00533511 0.0032552 0.00935996 -0.0183885 -0.00754866 -0.000133714 0.0121448 -0.0180543 -0.0144939 -0.00312162 0.00597673 0.0127308
internal_weight=52.6359 47.1856 41.9344 38.1148 24.439 5.4503 13.6757 8.61086 5.72733 5.06485 5.25118 3.86297 1.20782 22.4307
internal_count=1583 761 606 555 332 822 223 143 105 80 155 145 134 308
is_linear=0
shrinkage=0.03


Tree=159
num_leaves=15
num_cat=0
split_feature=0 8 8 8 3 7 7 3 8 7 2 8 2 3
split_gain=2.49095 2.0359 1.6779 1.05836 2.20804 2.20107 1.11245 1.98586 2.19935 1.68782 1.40383 1.37163 1.06774 1.34765
threshold=13.957610607147219 3.3155893090753241 0.41149222285036463 1.9745326495828672 18.179350852966312 -1.0173138938102368 -0.4385247824796899 15.170776367187502 1.4828291437063668 -0.68759691053844352 27.79027080535889 1.3598715450933121 27.483889579772953 15.227270603179933
decision_type=2 2 2 2 2 2 2 2 2 2 2 2 2 2
left_child=-1 2 -2 6 5 -5 9 11 -9 10 -4 -8 13 -7
right_child=1 -3 3 4 -6 12 7 8 -10 -11 -12 -13 -14 -15
leaf_value=-0.022576357329133712 -0.019883090545191492 -0.020922764472177866 0.015017644602982912 0.018359269740878738 0.023133763544693035 -0.023389011891874395 -0.0017590747923448228 0.0054804632049525416 -0.022864154795782025 0.027965550914788244 -0.0085447613383581554 0.02122151334908981 0.0031019932661700135 -0.00054263556639673146
leaf_weight=2.9174323021434239 1.5982510615140189 2.2165485084988168 4.176497070118784 2.011943605262787 1.9000350758433331 5.4826402775943262 3.5582340974360758 5.1099544353783113 3.2790624257177114 4.4078877847641698 3.1914876084774733 5.0998879633843899 3.6127858166582891 3.6976503524929285
leaf_count=567 18 378 79 24 9 106 24 53 31 123 27 34 31 26
internal_value=0.000476118 0.00226049 0.00376299 0.00500257 -0.00098712 -0.00535056 0.00839073 0.00316276 -0.00685394 0.015119 0.00500999 0.0125729 -0.0101401 -0.0151441
internal_weight=52.2603 49.3429 47.1263 45.5281 16.7051 14.805 28.823 17.0471 8.38902 11.7759 7.36798 8.65812 12.7931 9.18029
internal_count=1530 963 585 567 196 187 371 142 84 229 106 58 163 132
is_linear=0
shrinkage=0.03


Tree=160
num_leaves=15
num_cat=0
split_feature=8 1 2 4 8 8 8 1 0 4 5 6 5 5
split_gain=2.76303 2.90515 1.14443 1.72062 1.72998 3.64447 2.85108 2.13196 1.65728 2.54869 1.57242 2.3923 1.11885 1.10779
threshold=3.0382405033136943 8.6481337547302264 19.495705604553226 37.626707077026374 2.680877288440811 1.6327112570193962 0.91265505516689327 15.400683879852297 18.7666130065918 38.882535934448249 234.42679595947268 8.0464572906494158 231.44509124755862 240.9055099487305
decision_type=2 2 2 2 2 2 2 2 2 2 2 2 2 2
left_child=1 -1 -3 4 5 6 -4 13 -5 10 12 -12 -10 -7
right_child=-2 2 3 8 -6 7 -8 -9 9 -11 11 -13 -14 -15
leaf_value=-0.023023709602380541 -0.023499598670978249 -0.0074236130651696769 -0.0071797927975469937 0.02036166239503413 0.031989712113006413 0.013374828299288334 0.024862149464700334 -0.02833040830695471 -0.008144473532385876 0.012347259514010844 0.01733413631694395 -0.020576720019533309 -0.033124894175860495 -0.012248924576166305
leaf_weight=2.762901139445602 3.0157875414006403 5.5346136647276571 2.8285227138549152 1.9617174025625015 2.4118625931441775 2.7617234829813233 8.9857455696910602 2.1261823587119579 5.0261336565017718 5.0662519019097081 2.7978138066828251 1.4862407166510818 2.2972233463078737 1.5902161970734594
leaf_count=480 447 124 28 60 16 45 97 18 36 28 90 30 30 15
internal_value=0.000426059 0.00239275 0.00442541 0.00623513 0.0119766 0.00781646 0.0172292 -0.0093581 -0.000428799 -0.00388856 -0.0113922 0.00277687 -0.0190188 0.00347258
internal_weight=50.6529 47.6371 44.8742 39.3396 20.7043 18.2924 11.8143 6.47812 18.6354 16.6737 11.6074 4.28405 7.32336 4.35194
internal_count=1544 1097 617 493 219 203 125 78 274 214 186 120 66 60
is_linear=0
shrinkage=0.03


Tree=161
num_leaves=15
num_cat=0
split_feature=3 7 2 4 7 7 6 2 2 8 3 4 1 2
split_gain=2.62774 1.38373 1.77464 1.74967 1.41879 3.16223 1.32927 1.12498 2.11002 1.60241 1.38265 1.65149 2.38827 2.00093
threshold=12.161772251129152 -0.97091782375839342 28.003631591796879 31.026197433471683 0.320214981300529 0.011449462427884234 8.053007125854494 18.361955642700199 21.48048305511475 1.1504986282323244 17.137381553649906 38.310621261596687 15.058192729949953 23.676937103271488
decision_type=2 2 2 2 2 2 2 2 2 2 2 2 2 2
left_child=6 -2 3 -3 5 7 -1 -5 -9 -10 11 12 13 -11
right_child=1 2 -4 4 -6 -7 -8 8 9 10 -12 -13 -14 -15
leaf_value=-0.024249698605030016 -0.01605737937714263 -0.023720384203545768 0.020037107553642967 0.018911302875084673 0.022037008899065395 -0.025282442214746879 0.0071306294315532119 -0.014789127027040374 0.025165224337801707 -0.011189859452626696 0.017315647220613354 -0.015234906990581653 -0.014376351790555471 0.018938441232575334
leaf_weight=3.6715559987351289 1.8275982569903124 1.0942857423797239 5.6907891463488331 3.7240024134516743 2.7694449014961711 2.3615272832103065 1.1292896084487436 4.0994020546786514 2.5530305206775692 1.8726007826626352 3.8001994593068948 4.1960462299175552 3.3427929151803246 7.3301752936094999
leaf_count=656 46 58 67 44 20 83 121 46 45 22 59 41 36 167
internal_value=0.00216866 0.00454508 0.00577039 0.00311657 0.00454946 0.0024938 -0.0169114 0.00534097 0.0028778 0.00649737 0.00311674 -0.000900609 0.00466448 0.012312
internal_weight=49.4627 44.6619 42.8343 37.1435 36.0492 33.2798 4.80085 30.9182 27.1942 23.0948 20.5418 16.7416 12.5456 9.20278
internal_count=1511 734 688 621 563 543 777 460 416 370 325 266 225 189
is_linear=0
shrinkage=0.03


Tree=162
num_leaves=15
num_cat=0
split_feature=1 7 4 3 1 1 4 4 6 3 3 4 0 1
split_gain=2.75872 1.61312 1.49211 1.28847 2.94321 1.86299 1.34097 1.47787 1.23654 1.51767 1.36695 2.64628 1.39994 1.07501
threshold=9.165898799896242 -0.93602878778951892 39.147346496582038 17.313705444335941 16.256471633911136 16.18293380737305 34.410953521728523 38.265760421752937 8.0210433006286639 12.161772251129152 15.994133949279787 36.492065429687507 19.999267578125004 15.109243869781496
decision_type=2 2 2 2 2 2 2 2 2 2 2 2 2 2
left_child=-1 2 13 4 5 6 -3 8 -8 -10 12 -12 -11 -2
right_child=1 3 -4 -5 -6 -7 7 -9 9 10 11 -13 -14 -15
leaf_value=-0.021111069539710741 0.0081352292855745023 -0.013929486184267323 0.0053400472190485446 0.012773141982065141 -0.027661910075900756 0.029246482232707996 -0.0080762101429304092 -0.011875535387160265 -0.015761882395649882 0.021522087777186415 -0.027315286108056561 0.015373382952068478 -0.0038270076171753901 -0.029084696218041203
leaf_weight=5.0667599162552497 0.3971366817131633 3.8008936173282661 2.0212636166252196 7.8731325725093475 2.1704386989586046 1.2109632533974934 3.3762698248028817 3.7488479372113934 1.0277052298188234 9.8595225075259787 1.2811651937663548 2.088523568585515 2.0599870178848496 2.9056901466101408
leaf_count=556 4 31 21 89 116 4 76 42 153 159 9 60 31 170
internal_value=-0.00215011 0.000464294 -0.013614 0.00270667 -0.000203367 0.0027592 0.000587976 0.00341544 0.00675949 0.0101184 0.0127188 -0.00339375 0.017184 -0.0237587
internal_weight=48.8883 43.8215 5.32409 38.4974 30.6243 28.4539 27.2429 23.442 19.6932 16.3169 15.2892 3.36969 11.9195 3.30283
internal_count=1521 965 195 770 681 565 561 530 488 412 259 69 190 174
is_linear=0
shrinkage=0.03


Tree=163
num_leaves=15
num_cat=0
split_feature=0 8 2 2 1 4 4 1 2 7 7 4 2 8
split_gain=2.47188 1.97252 0.939419 3.63995 2.48302 1.48493 1.29212 1.82003 1.99676 2.24821 1.95266 1.47795 1.17897 1.05382
threshold=13.957610607147219 3.3155893090753241 27.945035934448246 27.100527763366703 15.75525999069214 37.878076553344734 36.611444473266609 11.155070781707765 18.308194160461429 -0.047990677988810029 -0.28477459805095845 37.720029830932624 27.411670684814457 2.2309783467139472
decision_type=2 2 2 2 2 2 2 2 2 2 2 2 2 2
left_child=-1 2 3 6 -4 12 7 8 -2 -10 -9 -8 -5 -13
right_child=1 -3 4 5 -6 -7 11 10 9 -11 -12 13 -14 -15
leaf_value=-0.022321216171010037 0.025242167406205735 -0.020497064791060712 0.026757991885904924 -0.01871745620473849 -0.0051265074029195074 -0.034186060955687395 0.027245223105236534 0.0059069884804219793 -0.017695652000981135 0.011461161841963902 -0.023051306700301911 0.013088796308565147 0.0070713201015634537 -0.0055750055430074923
leaf_weight=2.795263360021635 3.1449701786041313 2.0854140324518076 4.0803358769044271 1.914464488159864 3.3928417209535837 1.8072176687419412 3.7044297582469872 3.2710448587313303 3.0103148305788636 4.8563670162111521 3.561593681573866 5.7464660955592972 2.6900389632210135 3.8200225536711514
leaf_count=574 11 394 59 25 41 23 66 46 33 25 31 138 48 32
internal_value=0.00101225 0.00283284 0.00433609 0.00223327 0.0133857 -0.0167877 0.00655349 0.00110707 0.00839049 -0.000433574 -0.0102037 0.0132861 -0.00507769 0.0058138
internal_weight=49.8808 47.0855 45.0001 37.5269 7.47318 6.41172 31.1152 17.8443 11.0117 7.86668 6.83264 13.2709 4.6045 9.56649
internal_count=1546 972 578 478 100 96 382 146 69 58 77 236 73 170
is_linear=0
shrinkage=0.03


Tree=164
num_leaves=15
num_cat=0
split_feature=8 1 8 8 8 5 2 5 4 7 2 5 8 3
split_gain=3.155 2.83994 1.18628 1.21296 1.79973 2.17361 4.59482 1.70827 1.88608 1.74744 1.45949 1.38692 1.58518 1.37869
threshold=2.7599112036002964 8.6481337547302264 0.41149222285036463 0.84277748333915381 1.0288624698825137 262.23223876953131 22.719851493835453 234.37496185302737 38.795892715454109 -0.70968719298604366 27.586211204528812 237.4740905761719 1.6910406365248629 14.021656036376955
decision_type=2 2 2 2 2 2 2 2 2 2 2 2 2 2
left_child=1 -1 -3 -4 -5 6 -6 8 9 10 -8 -9 -13 -14
right_child=-2 2 3 4 5 -7 7 11 -10 -11 -12 12 13 -15
leaf_value=-0.022986952317874221 -0.020026956047138177 -0.016249034412698149 0.021363024636103994 -0.019827038514572123 -0.025993749959361333 0.017733402291838729 -0.031504905998708164 0.025483505221371033 0.015791138749300132 0.0090664937636190882 -0.0041078666888005131 0.018143216091326936 0.012164215702807055 -0.016226414681882628
leaf_weight=2.7477195304818443 5.5643136454746118 1.4707885552197684 2.8959546484984449 1.7909393291920412 3.7750776465982225 8.4377587977796775 2.1965618878602973 4.3531777327880254 3.1097406893968573 2.9909645095467594 4.6674375515431166 3.3527637403458339 1.5805330369621513 3.0686371736228466
leaf_count=494 498 21 25 32 34 112 27 98 18 34 42 64 18 77
internal_value=-0.000542813 0.00216478 0.00422556 0.00529828 0.00361476 0.00521885 0.00112087 0.00599756 -0.00164034 -0.00808887 -0.0157666 0.013535 0.00492604 -0.00612997
internal_weight=52.0024 46.4381 43.6903 42.2195 39.3236 37.5327 29.0949 25.3198 12.9647 9.85496 6.864 12.3551 8.00193 4.64917
internal_count=1594 1096 602 581 556 524 412 378 121 103 69 257 159 95
is_linear=0
shrinkage=0.03


Tree=165
num_leaves=15
num_cat=0
split_feature=0 8 4 7 1 4 8 3 8 0 3 3 6 7
split_gain=2.30604 1.99219 1.95279 1.86127 2.64628 2.02133 1.54727 1.37319 2.17253 1.5906 1.45816 1.21318 1.15779 1.04757
threshold=13.957610607147219 3.3155893090753241 37.720029830932624 -0.50012370070945877 11.155070781707765 36.611444473266609 1.0390091371380692 15.227270603179933 2.0385454941786887 20.813953399658207 19.582293510437015 15.498984813690187 8.0682625770568865 -0.65466087996447275
decision_type=2 2 2 2 2 2 2 2 2 2 2 2 2 2
left_child=-1 2 3 13 6 11 -5 8 -4 -10 12 -6 -9 -2
right_child=1 -3 7 4 5 -7 -8 10 9 -11 -12 -13 -14 -15
leaf_value=-0.022000421409331502 0.0092574018478780856 -0.020626170475276363 0.011706339657765416 -0.0042805436659441431 -0.001539649015135251 0.014220351476551586 0.018192363696440089 0.014957405953868684 -0.034091224382579624 -0.0018431665078131911 -0.016333334779416203 -0.027505530824152895 -0.0061249036033416814 0.031185075778943975
leaf_weight=2.6546142795123151 6.0738842943683267 2.1174460023175916 1.6770922280848051 3.451733807101852 2.8317806711420408 1.6331060724332926 8.3151621762663108 6.059910746291278 2.7600373104214668 2.3616765411570668 1.7925195433199395 3.2186498939990997 2.8351048305630684 3.2616924033500236
leaf_count=576 104 398 59 23 26 47 43 86 35 30 12 23 33 76
internal_value=0.00101943 0.00270215 0.00418341 0.00887342 0.00322325 -0.00973015 0.0117812 -0.00359965 -0.0132125 -0.0219514 0.00312274 -0.0172948 0.00829795 0.0191946
internal_weight=51.0444 48.3898 46.2724 28.786 19.4504 7.68354 11.7669 17.4863 6.79881 5.12171 10.6875 6.05043 8.89502 9.33558
internal_count=1571 995 597 342 162 96 66 255 124 65 131 49 119 180
is_linear=0
shrinkage=0.03


Tree=166
num_leaves=15
num_cat=0
split_feature=1 8 6 8 7 1 7 4 2 2 1 2 8 2
split_gain=2.20681 1.8147 1.32241 2.23744 1.96395 3.11315 2.43938 1.94175 1.73698 1.91259 1.59803 1.04101 0.816119 0.918786
threshold=9.2324047088623065 3.3155893090753241 8.0600395202636737 1.8705135971439584 -0.47494828320067178 11.155070781707765 -0.93602878778951892 39.147346496582038 27.100527763366703 27.287961006164554 14.369328975677492 18.447871208190922 1.195531609593196 26.23016452789307
decision_type=2 2 2 2 2 2 2 2 2 2 2 2 2 2
left_child=-1 2 4 12 6 11 7 -2 -8 -10 -11 -6 -4 -14
right_child=1 -3 3 -5 5 -7 8 -9 9 10 -12 -13 13 -15
leaf_value=-0.01834631944890832 -0.021264060540885872 -0.020338026725858879 -0.0089975050708380553 -0.022015532738867045 0.020938854721753927 -0.015825469224326757 0.028077105330919023 0.010890405629526841 -0.019060131886429344 -0.013560579565320427 0.018506641880585525 -0.0014506643703987429 -0.0050796155818524941 0.020457681703375839
leaf_weight=4.2595541607588521 2.3381136422976807 2.0308152490761122 1.5896213557571153 3.4536428758874536 3.3539532436989266 6.6298032840713859 6.8445643209852305 2.5299069210886955 1.1426171027123908 0.96256699878722418 6.3518627397716045 3.0618923455476761 1.4473709184676407 2.593420222401619
leaf_count=564 30 395 24 32 44 84 155 17 12 34 86 16 30 29
internal_value=4.93222e-05 0.00218264 0.0037086 -0.00597657 0.00645467 -0.0025254 0.0121079 -0.00554527 0.0177196 0.0072545 0.0131632 0.0114989 0.00569817 0.0121174
internal_weight=48.5897 44.3302 42.2993 9.08406 33.2153 13.0456 20.1696 4.86802 15.3016 8.45705 7.31443 6.41585 5.63041 4.04079
internal_count=1552 988 593 115 478 144 334 47 287 132 120 60 83 59
is_linear=0
shrinkage=0.03


Tree=167
num_leaves=15
num_cat=0
split_feature=2 2 7 2 8 7 6 8 1 3 8 6 5 3
split_gain=2.34292 2.56256 3.10858 2.72696 2.09536 2.83753 2.44691 1.68179 1.87484 1.82226 2.84242 1.43698 1.48317 1.25047
threshold=29.227619171142582 27.375854492187504 -0.97091782375839342 27.081704139709476 2.8925652622144127 -0.48416004377881589 8.0600395202636737 1.9745326495828672 8.6481337547302264 15.994133949279787 1.4828291437063668 8.0256662368774432 264.30863952636724 22.69757175445557
decision_type=2 2 2 2 2 2 2 2 2 2 2 2 2 2
left_child=1 3 -3 4 5 6 -1 8 -7 11 -11 12 -10 -2
right_child=13 2 -4 -5 -6 7 -8 -9 9 10 -12 -13 -14 -15
leaf_value=0.02296492245493954 -0.036010477306740341 -0.020833650504616913 0.019192767940603372 -0.028911103486333089 -0.024299541475536136 -0.02209003536371314 -0.0060775364695914774 -0.027991625539980386 0.01081532490149731 0.010060258333666978 -0.032697265042820556 0.017585667388290795 -0.017845059553654542 0.0039385386671207381
leaf_weight=6.4929889943450672 1.6801174082793289 1.2839130186475802 8.2968065086752159 2.6861002065706989 2.2666374265681943 2.4532183897681668 3.4722109194844961 1.6772514062467951 2.4048260301351529 2.021341890096664 1.8880398124456403 5.8519118537660688 2.155574316624552 0.71101576089858998
leaf_count=129 63 36 137 42 393 483 33 38 14 26 18 86 67 3
internal_value=-0.00246483 -0.000556337 0.0123668 -0.00451848 -0.00153805 0.00104178 0.0132142 -0.00587336 -0.00221148 0.0024131 -0.0130435 0.00885082 -0.00350462 -0.026473
internal_weight=45.342 42.9508 9.58072 33.3701 30.684 28.4174 9.9652 18.4522 16.7749 14.3217 3.90938 10.4123 4.5604 2.39113
internal_count=1568 1502 173 1329 1287 894 162 732 694 211 44 167 81 66
is_linear=0
shrinkage=0.03


Tree=168
num_leaves=15
num_cat=0
split_feature=8 0 6 6 5 8 0 4 6 5 6 8 5 8
split_gain=2.55504 2.81576 1.85343 1.52997 1.54086 4.25715 1.56509 2.92177 1.18107 1.10821 1.10152 2.68469 1.02925 1.02243
threshold=3.0382405033136943 13.957610607147219 8.0162868499755877 8.026090621948244 238.25845336914065 1.4828291437063668 18.7666130065918 35.374334335327156 8.0600395202636737 233.35565948486331 8.049753665924074 2.406802220668987 264.30863952636724 1.9316474860825088
decision_type=2 2 2 2 2 2 2 2 2 2 2 2 2 2
left_child=1 -1 -3 12 8 -6 7 -7 10 -10 11 -5 -4 -9
right_child=-2 2 3 4 5 6 -8 13 9 -11 -12 -13 -14 -15
leaf_value=-0.021695220731339816 -0.022047390769044838 -0.015539973468996656 0.020274741568031093 0.017091893067205884 0.011684172629949519 -0.028586339567825345 -0.037947527146227525 0.020741290301339442 -0.011260038298695034 0.011795180704301056 0.027248170417584639 -0.020633168613987101 -0.00067812697866206798 -0.008755680294739842
leaf_weight=2.5235133999958625 2.5658818515948942 2.3728159945458165 9.8804394053295237 4.6431101029738802 7.4087595073506218 2.0297492053359747 1.7274930952116845 1.8989261183887722 3.13785496354103 2.437959723174572 3.6258329786360264 1.4796305652707813 2.5390124358236781 0.96305028907954682
leaf_count=564 451 28 125 91 73 17 28 38 22 32 30 18 14 22
internal_value=0.00253004 0.00431551 0.00625004 0.00782219 0.00383401 -0.0032554 -0.0193158 -0.00741206 0.0101255 -0.000918677 0.0159402 0.00635834 0.0162598 0.0111186
internal_weight=49.234 46.6681 44.1446 41.7718 29.3524 14.028 6.61922 4.89173 15.3244 5.57581 9.74857 6.12274 12.4195 2.86198
internal_count=1553 1102 538 510 371 178 105 77 193 54 139 109 139 60
is_linear=0
shrinkage=0.03


Tree=169
num_leaves=15
num_cat=0
split_feature=5 8 8 7 6 5 7 4 8 2 3 2 5 8
split_gain=3.28382 3.46672 3.38701 2.16522 1.9604 2.82917 1.01609 1.40113 2.10336 1.39498 1.37453 1.46679 1.37015 1.69678
threshold=256.65979003906256 1.0390091371380692 3.0382405033136943 0.22477932595760108 8.0222535133361834 264.30863952636724 -0.042969107824024085 37.533786773681648 2.1971727537611283 27.859560012817386 16.064401626586918 27.287961006164554 240.9055099487305 1.6668868442765798
decision_type=2 2 2 2 2 2 2 2 2 2 2 2 2 2
left_child=2 -2 6 4 5 -3 7 12 10 -10 -9 -12 -1 -14
right_child=1 3 -4 -5 -6 -7 -8 8 9 -11 11 -13 13 -15
leaf_value=0.025010893360347026 -0.032450242289719107 0.029070929998121005 -0.022278561524791348 0.020522120768707557 -0.019722535843486301 -0.018821892228786809 -0.010239304730426878 0.021250143612046034 -0.017975396797981137 0.0073650830202081213 0.014637642953891408 -0.010722341802099553 0.01711274299870744 -0.012178011349726747
leaf_weight=7.5841029928997141 3.5290432383771977 1.5335144847631439 2.4708797959610811 2.2072796821594238 4.2246474255807698 1.077136975713074 1.5459091141819978 5.6109763775020856 3.9341235198080531 2.515156289562583 2.8841991778463125 3.3648791825398803 2.9938402976840734 2.2787866853177547
leaf_count=99 243 4 411 42 269 120 17 130 35 19 63 44 28 19
internal_value=0.0015961 -0.0110256 0.0062862 -0.000265583 -0.00874087 0.00957056 0.00904067 0.0102856 0.00454364 -0.0084308 0.0117059 0.00138691 0.0175447 0.00453023
internal_weight=47.7545 12.5716 35.1829 9.04258 6.8353 2.61065 32.712 31.1661 18.3093 6.44928 11.8601 6.24908 12.8567 5.27263
internal_count=1543 678 865 435 393 124 454 437 291 54 237 107 146 47
is_linear=0
shrinkage=0.03


Tree=170
num_leaves=15
num_cat=0
split_feature=3 4 4 2 2 7 2 2 3 6 7 8 8 8
split_gain=2.46657 1.60988 1.68142 1.58349 3.92757 2.79214 1.77218 1.5638 1.52144 1.26544 2.65482 2.50615 1.37849 1.22063
threshold=14.104630947113039 36.611444473266609 37.91930007934571 28.003631591796879 27.100527763366703 -0.70295380645493899 29.291781425476078 18.308194160461429 12.655354499816896 8.0600395202636737 -0.478250392948601 1.6910406365248629 1.405733192482771 2.9312958016524484
decision_type=2 2 2 2 2 2 2 2 2 2 2 2 2 2
left_child=1 7 13 4 9 -6 -5 8 -1 10 -2 -11 -12 -3
right_child=3 2 -4 6 5 -7 -8 -9 -10 11 12 -13 -14 -15
leaf_value=-0.018993500951533827 0.025668894400369499 0.01899550283746897 -0.01538620455068144 0.024693025371666021 -0.036635292193782337 0.0035016314948444131 -0.005351671485518625 -0.029660084252249627 0.012499299409488997 0.010899319919444449 0.0094081935279204873 -0.020851352368159125 -0.011407814670024432 -0.012656089501991798
leaf_weight=1.6458212733268722 5.2958750110119608 3.1607217881828551 2.5393898678012192 4.4908041423186651 2.900621784850955 2.3321479838341466 2.1536374464631081 4.2972804422024637 1.9201914477162061 3.8640471445396534 5.7262217514216918 3.1991084143519402 3.9875866286456585 0.70939049567095924
leaf_count=370 114 26 78 56 39 46 11 498 32 57 34 25 36 120
internal_value=-0.000954901 -0.0109952 0.000397196 0.00345993 7.83426e-05 -0.0210552 0.0155286 -0.0192785 -0.00301205 0.00578386 0.0104932 -0.00428397 0.000595879 0.0117863
internal_weight=48.2228 14.2728 6.4095 33.9501 27.3056 5.23277 6.64444 7.86329 3.56601 22.0728 15.0097 7.06316 9.71381 3.87011
internal_count=1542 1124 224 418 351 85 67 900 402 266 184 82 70 146
is_linear=0
shrinkage=0.03


Tree=171
num_leaves=15
num_cat=0
split_feature=2 3 4 1 2 3 3 2 1 2 1 4 7 2
split_gain=2.07871 2.16533 2.1926 1.79231 1.73663 1.31632 1.46421 1.08646 1.57703 1.18249 1.07544 1.31345 1.14359 1.21004
threshold=29.985845565795902 15.065034389495851 37.91930007934571 8.723429203033449 26.170396804809574 6.0876493453979501 14.483413696289064 22.813458442687992 11.155070781707765 24.469734191894535 16.494662284851078 32.098018646240241 0.025330804396446662 27.100527763366703
decision_type=2 2 2 2 2 2 2 2 2 2 2 2 2 2
left_child=1 2 3 -1 -4 -5 7 8 -7 -9 11 -3 13 -13
right_child=-2 10 4 5 -6 6 -8 9 -10 -11 -12 12 -14 -15
leaf_value=-0.021251558337452504 -0.030850750028296882 -0.010515364609765479 0.0039748398621662394 -0.017613942807312401 -0.030656231458626917 0.0089822557437947669 -0.012907490206692407 0.034971233242989751 -0.020504788075877876 0.0068726734638323694 -0.0059448060029663767 0.019993884542997296 -0.007897572020788262 0.0022405919701785639
leaf_weight=2.187826384091756 0.99874826823361118 1.8627976775169433 1.5205348571762431 1.4011802736204106 3.6456256695091724 5.1692775639239681 2.0760103510692707 1.6275235754437742 1.2230101656168697 4.135333270765841 4.3135083094239226 10.613278967328371 1.6849922165274609 5.3130675898864856
leaf_count=480 22 11 40 358 80 102 24 12 20 71 23 162 11 112
internal_value=-0.000888801 0.000383339 -0.00605053 -0.000676467 -0.0214718 0.00330772 0.00638883 0.0104152 0.00132999 0.0188058 0.00659375 0.00952574 0.0120966 0.0145536
internal_weight=47.7727 46.774 22.9863 17.8202 5.16616 15.6323 14.2312 12.1551 6.39229 5.76286 23.7876 19.4741 17.6113 15.9263
internal_count=1528 1506 1187 1067 120 587 229 205 122 83 319 296 285 274
is_linear=0
shrinkage=0.03


Tree=172
num_leaves=15
num_cat=0
split_feature=0 5 7 8 3 8 8 8 0 1 7 2 8 8
split_gain=1.69069 1.74745 2.42087 1.66394 2.56452 1.28575 1.5646 2.9273 3.04718 1.99555 1.33342 1.30916 1.28427 1.36922
threshold=13.957610607147219 273.01007080078131 0.032273558532716934 2.8925652622144127 12.887044906616213 0.82260384972484102 1.3475136826223062 1.405733192482771 17.062447547912601 14.738187789916994 -0.67211850962639097 21.02431678771973 2.5145060069904721 2.0385454941786887
decision_type=2 2 2 2 2 2 2 2 2 2 2 2 2 2
left_child=-1 2 3 4 -2 -6 10 -8 -9 -10 -7 -12 13 -11
right_child=1 -3 -4 -5 5 6 7 8 9 12 11 -13 -14 -15
leaf_value=-0.021101688690574834 0.028253809468001496 0.022538157983589872 -0.025157997414854229 -0.014839856754503281 0.01690061197954229 -0.033775960910093078 0.028450815249706267 -0.02764948283126481 0.011554547649159216 -0.010534785613302552 -0.017809434752442233 0.012635408403117275 -0.018230103873533965 0.011771280752734892
leaf_weight=2.3011161217000327 2.4606396667659274 2.1925941291265181 2.3060166370123616 3.9732620122376821 3.1031110212206832 1.198985109105706 2.3054663520306375 2.4896695576608208 10.263683427125217 3.7021238915622217 1.4463911782950192 1.6678580734878776 3.722563099116087 4.2481024600565434
leaf_count=560 15 14 22 446 30 16 19 18 228 38 13 45 26 23
internal_value=-0.000368723 0.00112455 -0.000458794 0.00151598 0.00363852 0.0011114 -0.000944975 0.00194185 -0.00158076 0.00245439 -0.0158345 -0.0023964 -0.00582759 0.00136768
internal_weight=47.3816 45.0805 42.8879 40.5819 36.6086 34.148 31.0448 26.7316 24.4261 21.9365 4.31323 3.11425 11.6728 7.95023
internal_count=1513 953 939 917 471 456 426 352 333 315 74 58 87 61
is_linear=0
shrinkage=0.03


Tree=173
num_leaves=15
num_cat=0
split_feature=1 8 6 5 2 1 6 6 8 5 1 4 5 5
split_gain=2.00724 1.81716 1.23171 1.28179 2.96126 2.72906 2.52068 2.41687 1.50388 1.22231 2.12993 0.994661 0.611025 1.04182
threshold=8.6481337547302264 2.9312958016524484 8.0977010726928729 234.37496185302737 22.658034324646 11.155070781707765 8.0673027038574237 8.0213117599487322 1.3598715450933121 228.30340576171878 14.768144607543947 35.374334335327156 266.76861572265631 273.01007080078131
decision_type=2 2 2 2 2 2 2 2 2 2 2 2 2 2
left_child=-1 2 3 6 5 7 8 -5 -2 -10 -11 -7 -9 -14
right_child=1 -3 -4 4 -6 11 -8 12 9 10 -12 -13 13 -15
leaf_value=-0.021651786149057758 -0.013854358148570698 -0.016096381208400592 -0.010965932446960936 -0.01472381339732038 0.020935618677848333 -0.031155803308926817 -0.023709974405743437 0.02166868590804855 0.01642644972462649 0.016893966720545023 -0.016006222513229876 -0.0024578959115971626 -0.016184561704482757 0.014844522178236987
leaf_weight=2.2184961959719649 2.2700597681105164 3.2246017211582503 3.3193415962159625 2.0869123265147227 11.166131163947282 1.5723528377711766 2.4058045819401732 5.1444191271439195 7.0033305808901769 2.1476641707122326 3.0643767677247524 2.2075741705484688 0.74475347623229016 1.2138877811376003
leaf_count=460 27 460 31 27 276 14 17 23 38 43 20 27 30 41
internal_value=0.00132848 0.00282388 0.00452427 0.00600862 0.0103037 0.000307003 -0.000361551 0.00905953 0.00479696 0.00904912 -0.00191222 -0.0184161 0.0170019 0.00156357
internal_weight=49.7897 47.5712 44.3466 41.0273 24.136 12.9699 16.8912 9.18997 14.4854 12.2154 5.21204 3.77993 7.10306 1.95864
internal_count=1534 1074 614 583 438 162 145 121 128 101 63 41 94 71
is_linear=0
shrinkage=0.03


Tree=174
num_leaves=13
num_cat=0
split_feature=0 8 4 8 2 0 3 0 7 0 4 4
split_gain=2.62268 2.46378 1.93196 2.43443 1.75275 2.54097 2.32671 1.57198 1.9719 0.778097 0.73633 0.578257
threshold=14.133542537689211 3.0382405033136943 37.91930007934571 0.91265505516689327 28.126243591308597 19.430189132690433 16.674709320068363 16.951104164123539 -0.89306374493345342 20.678366661071781 38.034402847290046 38.310621261596687
decision_type=2 2 2 2 2 2 2 2 2 2 2 2
left_child=-1 2 3 -2 5 10 -7 -5 -9 -10 -4 -12
right_child=1 -3 4 7 -6 6 -8 8 9 -11 11 -13
leaf_value=-0.023385505878553137 -0.01224528173024118 -0.021933797799751534 -0.011210100141063743 -0.00036334179669974203 0.0095198629560934861 -0.032989186330638819 0.0052950430555704425 -0.0058812803365807719 0.024581219809026167 0.0034458384644229525 0.020155629781876475 -0.0033474852348111786
leaf_weight=2.7662532227113834 3.1868132967501905 2.3891465875785789 0.68451623059809064 5.7793349940329817 4.7686878889799109 3.927667997777462 1.664027042686939 2.3241191562265184 11.745957777835427 2.1972437398508182 1.9261671490967276 1.0199648942798374
leaf_count=568 34 436 18 38 24 44 21 14 204 20 73 20
internal_value=0.000626503 0.00273402 0.00474445 0.0095697 -0.00401595 -0.0112616 -0.0225213 0.0131175 0.0176506 0.0217041 0.00719842 0.0132324
internal_weight=44.3799 41.6136 39.2245 25.2335 13.991 9.22234 5.5917 22.0467 16.2673 13.9432 3.63065 2.94613
internal_count=1514 946 510 310 200 176 65 276 238 224 111 93
is_linear=0
shrinkage=0.03


Tree=175
num_leaves=15
num_cat=0
split_feature=1 7 7 8 8 8 6 8 2 8 7 3 2 2
split_gain=1.90975 1.66832 2.2568 2.10665 2.96085 2.41333 1.70523 1.67899 1.36626 1.98821 1.29282 2.38858 2.10345 1.87093
threshold=8.6481337547302264 0.38640753904084252 0.032273558532716934 1.0487262710501755 1.3475136826223062 1.405733192482771 8.0600395202636737 3.3155893090753241 26.203649520874027 2.0385454941786887 -0.50012370070945877 15.994133949279787 27.100527763366703 27.888125419616703
decision_type=2 2 2 2 2 2 2 2 2 2 2 2 2 2
left_child=-1 2 3 -2 -5 -6 7 10 -8 -10 12 -12 -7 -14
right_child=1 -3 -4 4 5 6 8 -9 9 -11 11 -13 13 -15
leaf_value=-0.021256662846342582 0.018989610258951364 0.024618247356364885 -0.021908772020852025 -0.024124364225800027 0.027856736123650482 0.022914046529840935 -0.02501606976630795 -0.018699517029367372 0.016113572499855979 -0.019282198830823161 0.0080685893157801895 -0.024376861775796791 -0.013761681031669616 0.011617126329493214
leaf_weight=2.1130637538153669 5.5674208942800751 2.0174788832664481 2.440510041313245 2.943655220558866 2.2665700744837514 6.6738146760035333 2.6564099523238829 1.6156120330560941 2.2285122424364094 1.5619677857030181 4.9585809169802877 2.1307687237858772 3.4529990628361684 5.3447729966137558
leaf_count=473 69 6 44 70 20 142 46 386 30 23 89 20 46 69
internal_value=0.00154317 0.00302493 0.00150442 0.00336873 0.000492079 0.00334208 0.000704138 0.00441338 -0.0119307 0.000547439 0.00679194 -0.00349113 0.0114297 0.00126838
internal_weight=47.9721 45.8591 43.8416 41.4011 35.8337 32.89 30.6234 24.1765 6.44689 3.79048 22.5609 7.08935 15.4716 8.79777
internal_count=1533 1060 1054 1010 941 871 851 752 99 53 366 109 257 115
is_linear=0
shrinkage=0.03


Tree=176
num_leaves=15
num_cat=0
split_feature=3 8 8 3 0 8 7 5 4 7 8 5 7 7
split_gain=1.96152 1.70282 2.86989 1.98046 1.61498 1.4535 3.18082 1.78277 1.27202 1.08589 0.944025 1.21652 0.727871 1.25303
threshold=15.065034389495851 1.3332371378501853 2.0255606532048276 14.823591232299806 13.957610607147219 1.4673485030035305 -0.4385247824796899 230.793327331543 38.10753250122071 0.48241401747569573 2.9312958016524484 231.16900634765628 -0.68454331317188444 -0.034685613910063938
decision_type=2 2 2 2 2 2 2 2 2 2 2 2 2 2
left_child=1 9 3 4 -3 12 7 -7 -9 -1 11 -4 -2 -14
right_child=5 2 10 -5 -6 6 -8 8 -10 -11 -12 -13 13 -15
leaf_value=-0.02608348715824365 0.00081630304832520212 -0.012560086653342227 0.0092927709057693906 -0.019576647397517678 0.023116162372359059 -0.0045606245899389017 -0.021164530889679758 0.027611430537861376 -0.0002125991987320159 0.0077801796224890819 -0.022989143255534774 -0.012184644865070806 0.030733092634770479 0.0044759418667478599
leaf_weight=3.4264281985815641 2.3316396018490195 0.71013785642572003 3.0138044580817205 0.65027273446321476 5.895428953692317 4.5791991353034955 3.3342292131856075 3.6733415639027953 2.1410568514838815 0.57501728110946704 2.692651391029357 4.9957727533765137 3.4576913947239518 3.211671534925701
leaf_count=406 26 176 18 16 77 29 34 90 36 5 469 74 76 21
internal_value=0.00112768 -0.00514998 -0.000793241 0.0127921 0.0181336 0.00715428 0.00076001 0.0090336 0.018838 -0.0206346 -0.0103098 -0.00396878 0.0158554 0.0203211
internal_weight=44.6883 21.9595 17.9581 7.25584 6.60557 22.7288 13.7278 10.3936 5.8144 4.00145 10.7022 8.00958 9.001 6.66936
internal_count=1553 1241 830 269 253 312 189 155 126 411 561 92 123 97
is_linear=0
shrinkage=0.03


Tree=177
num_leaves=15
num_cat=0
split_feature=4 8 8 2 6 6 1 0 4 8 8 0 6 5
split_gain=2.20306 1.65776 3.21243 2.32428 1.58444 1.57923 1.44447 2.22096 1.57609 1.47796 1.26506 3.1287 1.46417 1.47918
threshold=36.611444473266609 1.7220740916525099 1.7715400323817727 28.947386741638187 8.1966772079467791 8.0891404151916522 16.472542762756351 17.062447547912601 33.694814682006843 0.78202887872996796 2.1971727537611283 20.544383049011234 8.0464572906494158 236.95379638671878
decision_type=2 2 2 2 2 2 2 2 2 2 2 2 2 2
left_child=4 3 -3 -2 5 6 7 8 9 -1 -4 12 13 -12
right_child=1 2 10 -5 -6 -7 -8 -9 -10 -11 11 -13 -14 -15
leaf_value=-0.018971424491434356 0.024629148387424971 -0.04070635064720024 0.014600209114607826 -0.012195678058270923 0.019087587692853372 -0.03003663910583618 -0.02463231910385983 0.016485753607276769 -0.01693947985106713 0.010473197742968923 -0.019485496222828233 0.0091121532139179801 -0.037362443359989353 0.015957923035946911
leaf_weight=1.0844079414382699 6.1148893255740431 0.52141586598009126 6.1238670339807895 1.309398755431175 1.0931805372238148 1.7533372764009971 1.8979793274775136 3.6380408352706572 6.3909955737181008 4.9697143684606999 1.1492555367294688 7.9963930589146912 1.4272528383880851 1.1058318130671976
leaf_count=90 193 12 104 7 4 44 127 120 404 199 23 179 16 17
internal_value=0.000678285 0.00643635 0.00129851 0.0174577 -0.00640891 -0.00867373 -0.00511793 -0.00150793 -0.00760289 0.00325736 0.00462828 -0.00133974 -0.0211353 -0.00254205
internal_weight=46.576 25.7483 18.324 7.42429 20.8277 19.7345 17.9811 16.0832 12.4451 6.05412 17.8026 11.6787 3.68234 2.25509
internal_count=1539 551 351 200 988 984 940 813 693 289 339 235 56 40
is_linear=0
shrinkage=0.03


Tree=178
num_leaves=15
num_cat=0
split_feature=4 2 6 2 6 7 3 4 3 3 2 6 7 2
split_gain=1.81734 1.1437 1.11818 0.927701 1.95143 1.68974 1.35347 2.54657 1.34331 1.23973 1.51405 1.22159 0.940024 0.892925
threshold=31.026197433471683 17.637055397033695 8.0147328376770037 27.081704139709476 8.0862870216369647 -0.93602878778951892 16.674709320068363 38.288749694824226 16.543918609619144 6.0876493453979501 23.676937103271488 8.0477557182312029 -0.074788294607539982 28.353446960449222
decision_type=2 2 2 2 2 2 2 2 2 2 2 2 2 2
left_child=-1 -2 -3 6 5 13 7 8 9 -4 11 12 -11 -5
right_child=1 2 3 4 -6 -7 -8 -9 -10 10 -12 -13 -14 -15
leaf_value=-0.024807727459294052 -0.018635847428372699 -0.017893255952000194 -0.014981358706343029 -0.027689414867084049 -0.028479498074408929 0.0075366925956787444 0.019672166786112718 -0.019699025457984534 -0.018370671084668562 -0.0018374203106088706 0.021745510304778143 -0.014240525074527546 0.014728127350807687 0.0028162221190327253
leaf_weight=1.5412017598282535 1.4731377956923086 1.3536485391668964 0.98653187905439566 1.2805156675167375 1.2796112000942219 9.5019310049246979 4.6201866157352915 2.811896303202956 0.85143868997692962 4.9175855400972122 6.2364814970642319 1.761365484446286 6.4523009515833074 1.1191781158559022
leaf_count=157 340 106 276 27 11 152 59 30 12 57 148 63 92 23
internal_value=-0.000118143 0.00125897 0.00234434 0.00340199 -0.00302868 0.00170302 0.00636419 0.00312017 0.00689687 0.00876462 0.0106503 0.00421492 0.00799404 -0.0168186
internal_weight=46.187 44.6458 43.1727 41.819 13.1812 11.9016 28.6378 24.0176 21.2057 20.3543 19.3677 13.1313 11.3699 2.39969
internal_count=1553 1396 1056 950 213 202 737 678 648 636 360 212 149 50
is_linear=0
shrinkage=0.03


Tree=179
num_leaves=15
num_cat=0
split_feature=0 0 5 8 8 8 2 2 5 1 0 4 6 8
split_gain=1.80255 2.78794 2.00346 1.30762 1.25139 1.39321 1.86651 2.45676 2.54904 1.96432 1.67454 1.54646 1.17837 1.08709
threshold=14.133542537689211 15.267641544342043 256.65979003906256 1.0146760334710561 1.3475136826223062 1.8705135971439584 27.945035934448246 24.505477905273441 236.2900314331055 14.234852313995363 17.062447547912601 38.882535934448249 8.0204081535339373 1.9316474860825088
decision_type=2 2 2 2 2 2 2 2 2 2 2 2 2 2
left_child=-1 -2 3 -3 -5 10 7 8 -7 -9 -6 -11 -8 -10
right_child=1 2 -4 4 5 6 12 9 13 11 -12 -13 -14 -15
leaf_value=-0.0178079473466718 0.020615436396561878 0.019736450900736512 -0.018268120228703551 -0.017473890938421548 -0.014371025602748416 0.027803237811306006 -0.010447544517660912 0.0081461836782037531 0.012420120609094136 -0.027205064734445908 0.017018855518267269 0.0008207247890610538 0.021833320260635156 -0.020483018721519069
leaf_weight=2.9983080779202274 5.9771864349022499 2.5443281484767821 3.7772724959067991 2.1644362714141634 1.0736997351050392 2.246873787604275 0.70147469174116794 2.2109322231262913 0.57536670751869712 6.2221818550024164 7.3004769254475832 2.2721844855695963 2.9424916380085051 1.620201386278495
leaf_count=571 39 36 58 59 6 52 59 50 5 205 178 28 30 142
internal_value=0.00149733 0.0032729 -0.000117778 0.00252337 0.000428698 0.00242483 -0.00218101 -0.00690297 0.0103208 -0.0143215 0.0118905 -0.0204115 0.0147076 -0.0106721
internal_weight=44.6274 41.6291 35.6519 31.8746 29.3303 27.1659 18.7917 15.1477 4.44244 10.7053 8.37418 8.49437 3.64397 2.19557
internal_count=1518 947 908 850 814 755 571 482 199 283 184 233 89 147
is_linear=0
shrinkage=0.03


Tree=180
num_leaves=15
num_cat=0
split_feature=2 6 0 2 2 4 2 0 5 3 0 4 4 2
split_gain=2.58955 1.91671 1.467 1.19718 1.89617 1.80523 1.24182 1.2987 2.13665 1.01691 1.9444 1.29672 0.998573 0.969833
threshold=29.291781425476078 8.0165042877197283 13.957610607147219 27.945035934448246 27.100527763366703 37.878076553344734 26.61718845367432 15.267641544342043 256.65979003906256 18.462421417236332 19.480252265930179 35.374334335327156 38.426225662231452 27.411670684814457
decision_type=2 2 2 2 2 2 2 2 2 2 2 2 2 2
left_child=1 12 -3 4 6 13 7 -4 9 10 11 -9 -1 -6
right_child=-2 2 3 -5 5 -7 -8 8 -10 -11 -12 -13 -14 -15
leaf_value=-0.02616335442778913 -0.031087005737588842 -0.019408569724176972 0.011182676513367447 0.015917275103253307 -0.013195484174668657 -0.030356885416684045 0.017377321885111832 -0.0087155233716795164 -0.026558836391787265 0.01942718097228989 -0.016166601446387506 0.012216224498878804 0.0095827877527180794 0.0091855383111835737
leaf_weight=2.4589098340366031 1.5454503486398596 1.7906834366731335 7.6268020656425568 4.6663270974531761 2.126136480132117 2.0013572061434388 4.4878538604825726 3.1041453643702024 1.9050342177506525 1.4064570404589165 4.4475420031230888 7.1645485167391598 0.33487483859062184 2.9430951522663236
leaf_count=171 62 488 52 81 29 38 68 18 46 14 156 272 1 51
internal_value=-0.00162451 -1.02311e-05 0.00172866 0.00306401 0.0010779 -0.0119128 0.00440985 0.00157456 -0.00286433 0.00132296 -0.00153332 0.00567681 -0.0204821 -0.000829007
internal_weight=48.0092 46.4638 43.67 41.8793 37.213 7.07059 30.1424 25.6545 18.0277 16.1227 14.7162 10.2687 2.79378 5.06923
internal_count=1547 1485 1313 825 744 118 626 558 506 460 446 290 172 80
is_linear=0
shrinkage=0.03


Tree=181
num_leaves=15
num_cat=0
split_feature=6 0 6 6 5 1 6 7 3 4 1 5 0 4
split_gain=1.8003 1.36315 1.31132 1.42997 1.05812 2.54967 1.794 1.44721 1.05506 0.937684 0.918672 2.57439 1.42799 1.58634
threshold=8.0162868499755877 13.957610607147219 8.0457029342651385 8.0509853363037127 237.25339508056643 12.630872249603273 8.0600395202636737 -0.71687896939514906 16.25876617431641 38.426225662231452 14.906283855438234 224.6286544799805 19.501204490661625 37.802375793457038
decision_type=2 2 2 2 2 2 2 2 2 2 2 2 2 2
left_child=9 -2 10 -4 6 8 -5 -8 -6 -1 -3 -12 -13 -14
right_child=1 2 3 4 5 -7 7 -9 -10 -11 11 12 13 -15
leaf_value=-0.024532631082313919 -0.019628462217761614 0.0098487891350507277 -0.022259018281805747 0.023196767539987596 0.01749712731808176 -0.027687752835507479 -0.015711718275037839 0.011056808013956202 -0.0074764867616917202 0.0095239330600282862 0.01490190687328999 0.010282788835441994 -0.030312571938684758 0.0050179916682039751
leaf_weight=3.0051635066047306 1.8484545012470324 17.033123021246869 2.3398845717310932 2.5592002095654589 2.1012240839190781 2.5024240263737738 2.928094691131264 2.4414859360549599 2.1706584021449089 0.33304321765899647 3.8788619257975352 1.072463873773813 3.0247067280579358 1.2449253099039195
leaf_count=212 513 270 82 45 61 76 26 33 22 1 80 46 90 9
internal_value=-0.00126203 0.00050084 0.00178392 -0.00453711 -0.000478915 -0.00854316 0.00659627 -0.00371536 0.00579625 -0.0197228 0.00590316 -0.00163577 -0.0141 -0.0210136
internal_weight=48.4837 45.1455 43.2971 17.043 14.7031 6.77431 7.92878 5.36958 4.27188 3.33821 26.2541 9.22096 5.3421 4.26963
internal_count=1566 1353 840 345 263 159 104 59 83 213 495 225 145 99
is_linear=0
shrinkage=0.03


Tree=182
num_leaves=15
num_cat=0
split_feature=3 8 5 5 2 1 1 5 5 8 8 8 3 3
split_gain=1.91342 1.46927 1.64609 2.34299 1.38075 1.65744 1.40733 1.31458 2.48226 1.16278 1.4272 1.07124 0.906807 0.715748
threshold=14.104630947113039 1.1834300336419619 265.40240478515631 226.27620697021487 18.308194160461429 9.8798122406005877 20.187353134155277 265.07513427734381 240.9055099487305 2.1971727537611283 1.3475136826223062 2.6007191487644761 15.515195369720461 9.6900167465209979
decision_type=2 2 2 2 2 2 2 2 2 2 2 2 2 2
left_child=4 2 3 -2 5 -1 -6 8 9 10 -3 -11 -10 -8
right_child=1 7 -4 -5 6 -7 13 -9 12 11 -12 -13 -14 -15
leaf_value=-0.01684057161145143 -0.023293390698241913 -0.010414428898869902 -0.026644912915499981 0.012000954175155397 -0.018078310630416379 0.015999172815499597 -0.0085661313234924076 0.026150352450774388 0.0032683114014517636 -0.0099161788797188788 0.019790681938159752 0.011140451926565934 -0.020665095534661993 0.023677336367176456
leaf_weight=1.1818313302937884 1.4072598218917871 0.99429682549090159 1.5505207329988477 4.7288371026515961 8.6714032911695504 2.9346278824377805 0.38670916832052249 2.223515309393405 1.8695883499458421 3.4444676991552106 9.4190446455031616 3.258868508040905 2.885836967267096 0.48111644387245178
leaf_count=345 9 30 14 71 612 42 95 7 30 24 197 21 31 1
internal_value=0.000461963 0.00448101 -0.00636383 0.00177664 -0.00855947 0.0051222 -0.0143893 0.00805629 0.00515395 0.0104216 0.0162468 0.000437938 -0.0123227 0.0124156
internal_weight=45.4379 31.7822 7.68662 6.1361 13.6557 4.11646 9.53923 24.0956 21.8721 17.1167 10.4133 6.70334 4.75543 0.867826
internal_count=1529 434 94 80 1095 387 708 340 333 272 227 45 61 96
is_linear=0
shrinkage=0.03


Tree=183
num_leaves=15
num_cat=0
split_feature=5 8 6 5 0 8 0 6 4 1 6 4 3 5
split_gain=1.57171 2.09598 2.26383 1.84981 1.76439 1.45435 1.53982 2.47891 2.25283 2.90694 2.70986 1.00182 0.969113 0.865705
threshold=256.65979003906256 1.0288624698825137 8.0213117599487322 262.23223876953131 14.133542537689211 2.8925652622144127 19.430189132690433 8.0673027038574237 38.237934112548835 15.058192729949953 8.0188894271850604 35.374334335327156 15.46491861343384 224.23816680908206
decision_type=2 2 2 2 2 2 2 2 2 2 2 2 2 2
left_child=5 -2 -3 -4 -5 6 11 8 9 -8 -11 -1 -7 -10
right_child=1 2 3 4 -6 12 7 -9 13 10 -12 -13 -14 -15
leaf_value=6.8827254513222492e-05 -0.029041097303994408 -0.02584786578746533 -0.020090189229398238 -0.010804658076908481 0.020150782872626744 -0.019184204782081875 0.014542892064583653 -0.021543966361969129 0.0048686326650990049 0.0064110210146183597 -0.028800708362480162 0.01952526309648173 0.011302443050847965 0.026513962104691358
leaf_weight=3.3764965571463126 2.5392238968051961 1.6404176326468567 1.0635659899562595 1.5692929963115601 4.9656508299522102 2.9822261887602504 3.8454305669292861 2.9280909746885291 3.706323165446519 2.7774007506668568 3.8963919654488564 7.142980920150876 0.50547207891941059 3.1490511149168015
leaf_count=17 230 118 29 242 46 428 130 29 20 22 30 178 2 31
internal_value=-0.000385748 -0.00939395 -0.00168518 0.00593065 0.0122698 0.00288512 0.00506733 9.19365e-05 0.00471222 -0.00402249 -0.015221 0.0138283 -0.0132318 0.016921
internal_weight=46.088 11.7782 9.23893 7.59851 6.53494 34.3099 30.8222 20.3027 17.3746 10.5192 6.67379 10.5195 3.4877 6.85537
internal_count=1552 665 435 317 288 887 457 262 233 182 52 195 430 51
is_linear=0
shrinkage=0.03


Tree=184
num_leaves=15
num_cat=0
split_feature=1 8 6 6 3 7 1 6 4 8 6 7 6 6
split_gain=1.85534 1.48026 1.57504 1.70118 1.36423 1.05677 1.87809 1.81645 1.74779 2.30728 1.42758 2.12777 1.34037 0.95704
threshold=8.6481337547302264 3.3155893090753241 8.0840406417846697 8.1966772079467791 15.433680057525637 -0.45249585738213621 11.155070781707765 8.0213117599487322 37.533786773681648 2.3104267749292009 8.0275053977966326 -0.042969107824024085 8.049753665924074 8.0269455909729022
decision_type=2 2 2 2 2 2 2 2 2 2 2 2 2 2
left_child=-1 2 5 4 -4 8 7 -7 -2 13 -8 -12 -11 -10
right_child=1 -3 3 -5 -6 6 10 -9 9 12 11 -13 -14 -15
leaf_value=-0.020516578037019163 0.023360388682259235 -0.018252630579752689 0.0011816461703930141 0.013413965545856244 -0.028681521964371983 -0.012125971058302855 -0.030141848640861248 0.016842264527955394 -0.0023604595040599844 -0.021345178063669923 0.013612877327414757 -0.022308646845704019 0.0041180274075720705 0.019096416779062354
leaf_weight=1.8902580044232298 6.9897028834093353 1.5198059126269061 2.2485897969454518 1.6547868773341177 2.266092699021101 1.8266626980621383 1.3007306717336167 6.5004350121598691 2.1755796447396261 2.5367929739877573 2.7735708481632169 1.4467500708997252 3.3664948251098394 7.0145702883601189
leaf_count=462 124 403 41 7 27 31 20 93 32 45 62 15 22 149
internal_value=0.00289506 0.00434665 0.00556703 -0.00756355 -0.0162907 0.00796532 0.00131232 0.00986891 0.0118998 0.00547065 -0.0111275 -0.000615772 -0.00833112 0.0142838
internal_weight=45.5108 43.6206 42.1008 6.16947 4.51468 35.9313 13.8481 8.3271 22.0831 15.0934 5.52105 4.22032 5.90329 9.19015
internal_count=1533 1071 668 75 68 593 221 124 372 248 97 77 67 181
is_linear=0
shrinkage=0.03


Tree=185
num_leaves=15
num_cat=0
split_feature=2 7 6 7 3 4 6 0 3 6 2 3 1 0
split_gain=4.00554 2.17994 1.53888 1.50908 1.22815 1.41905 1.63633 1.11877 1.11237 1.08396 1.43912 0.758245 1.09869 0.944047
threshold=29.291781425476078 0.032273558532716934 8.0162868499755877 0.38640753904084252 15.227270603179933 37.984342575073249 8.0514039993286151 13.957610607147219 6.0876493453979501 8.0486626625061053 26.23016452789307 12.792937755584719 14.906283855438234 16.570536613464359
decision_type=2 2 2 2 2 2 2 2 2 2 2 2 2 2
left_child=1 2 -1 -3 5 7 9 -4 -9 10 -7 -10 13 -13
right_child=-2 3 4 -5 -6 6 -8 8 11 -11 -12 12 -14 -15
leaf_value=-0.013488122043732998 -0.033287655974127285 -0.024448052361765615 -0.014649155777813968 0.0058512801220947869 0.014189561103390452 0.013840874562836418 -0.028182722308421469 -0.013483103118097573 0.02548881547454469 0.018933020795436541 -0.021739725454223476 0.0014200228943450459 -0.010525437861955051 0.020990179297394048
leaf_weight=2.2122177365235975 1.6811287906020869 2.7261473413091144 0.93580606742762285 1.9233741047792134 16.911783549934626 0.86920238938182581 1.4848671839572487 0.80898312269709904 2.4441110785119227 1.1735303285531697 1.4791291246656326 4.3244553394615632 1.6435955325141538 3.9199369633570313
leaf_count=128 55 270 244 37 266 29 25 252 37 10 49 23 21 73
internal_value=0.00238776 0.00451427 0.00693678 -0.013097 0.00852271 0.00304432 -0.00947321 0.00782946 0.0103529 0.00290308 -0.0083696 0.0128106 0.00762365 0.011989
internal_weight=44.5383 42.8571 38.2076 4.64952 35.9954 19.0836 5.00673 14.0769 13.1411 3.52186 2.34833 12.3321 9.88799 8.24439
internal_count=1519 1464 1157 307 1029 763 113 650 406 88 78 154 117 96
is_linear=0
shrinkage=0.03


Tree=186
num_leaves=15
num_cat=0
split_feature=4 2 2 2 1 3 4 3 2 2 0 5 7 3
split_gain=1.52703 1.02719 1.23363 1.7241 1.71215 1.16134 1.07097 1.41915 1.96652 1.60887 1.11115 0.90552 1.64313 0.961386
threshold=31.026197433471683 29.291781425476078 27.945035934448246 27.767491340637211 15.75525999069214 17.313705444335941 37.91930007934571 15.227270603179933 26.170396804809574 26.306632041931156 13.957610607147219 270.82958984375006 0.032273558532716934 6.0876493453979501
decision_type=2 2 2 2 2 2 2 2 2 2 2 2 2 2
left_child=-1 2 3 5 -4 6 10 8 -8 -9 -2 12 13 -12
right_child=1 -3 4 -5 -6 -7 7 9 -10 -11 11 -13 -14 -15
leaf_value=-0.023724172534733776 -0.017489826675393918 -0.017610141216762916 0.023460638172032738 -0.025233561953673423 -0.0073198072592535563 0.013805969283550422 0.0038000276724499248 -0.014177133592848121 -0.035097465321980492 0.016047685625029531 -0.015197950299921189 0.020884238908766194 -0.01816715695464639 0.0068679854093770419
leaf_weight=1.4331741763744492 1.3726402046158934 1.6245329955127079 3.7645150376483789 1.3586401978973288 1.8851150746922938 4.6129400599747887 1.5842704279348239 2.0137959802523255 2.1279708831571043 2.3613154552876949 1.0166108636185622 1.5884964270517219 2.1884219674393526 18.363325655460358
leaf_count=150 416 54 59 30 38 67 48 44 42 26 322 8 22 212
internal_value=-0.000560744 0.000653901 0.00169905 -0.000348541 0.0136339 0.00119589 -0.000945162 -0.00976623 -0.0212136 0.00208635 0.00223177 0.0040764 0.00196798 0.00502154
internal_weight=47.2958 45.8626 44.2381 38.5884 5.64963 37.2298 32.6168 8.08735 3.71224 4.37511 24.5295 23.1569 21.5684 19.3799
internal_count=1538 1388 1334 1237 97 1207 1140 160 90 70 980 564 556 534
is_linear=0
shrinkage=0.03


Tree=187
num_leaves=15
num_cat=0
split_feature=1 8 3 3 7 8 0 3 3 0 8 8 5 7
split_gain=2.21183 1.27328 0.989908 0.89827 1.07219 0.784384 1.43476 1.45409 1.3238 1.24303 1.24051 0.760452 2.22293 2.01411
threshold=9.165898799896242 3.3155893090753241 15.065034389495851 9.8885154724121112 -0.97091782375839342 2.0551117177701812 20.544383049011234 14.903959274291994 15.994133949279787 16.570536613464359 1.3598715450933121 1.6327112570193962 240.18156433105472 -0.61773435947833499
decision_type=2 2 2 2 2 2 2 2 2 2 2 2 2 2
left_child=2 3 -1 -2 -5 8 7 -7 9 10 -6 13 -13 -10
right_child=1 -3 -4 4 5 6 -8 -9 11 -11 -12 12 -14 -15
leaf_value=-0.024961767520663085 0.023241781565423565 -0.017748182774209892 0.0058476791479241414 -0.01448377148750259 -0.013737970874445447 -0.020647033552233105 0.0078438586186707557 0.0081227120857442509 -0.01257595532776494 0.021683760413514854 0.012115468782940503 0.0071844133227028928 -0.03076687550373515 0.015190941787594366
leaf_weight=2.8133156490512188 1.2746044287923712 1.4196984509471793 0.81196539103984822 1.8123783967457701 1.7735906261950747 3.7100677164271456 6.1690304912626743 1.7193292658776043 2.7362507050856939 7.139170840382576 3.2388649494387209 2.7655893722549072 1.3128147777169941 5.6303924443200222
leaf_count=543 39 395 5 31 27 62 32 20 41 157 39 46 13 98
internal_value=0.00143487 0.00358809 -0.0182889 0.00478066 0.0035816 0.00485125 -0.00150239 -0.0116901 0.00778893 0.0144271 0.00220415 0.000716282 -0.00868472 0.00573685
internal_weight=44.3271 40.7018 3.62528 39.2821 38.0075 36.1951 11.5984 5.4294 24.5967 12.1516 5.01246 12.445 4.0784 8.36664
internal_count=1548 1000 548 605 566 535 114 82 421 223 66 198 59 139
is_linear=0
shrinkage=0.03


Tree=188
num_leaves=15
num_cat=0
split_feature=6 6 0 3 0 8 8 8 6 3 5 1 3 0
split_gain=1.53541 1.76756 1.77671 1.95593 1.46386 1.48903 2.62067 1.33421 2.03943 1.27688 1.20902 1.07557 0.973994 2.33258
threshold=8.0162868499755877 8.0862870216369647 18.7666130065918 16.25876617431641 13.957610607147219 1.0889366723673597 1.3598715450933121 1.9316474860825088 8.0169057846069354 15.227270603179933 227.48091888427737 15.629499435424806 15.994133949279787 17.029743194580082
decision_type=2 2 2 2 2 2 2 2 2 2 2 2 2 2
left_child=-1 4 3 -3 -2 -6 -7 12 -9 -10 -11 -12 -8 -14
right_child=1 2 -4 -5 5 6 7 8 9 10 11 -13 13 -15
leaf_value=-0.018199296385393124 -0.018437378829297173 0.016385986222980674 -0.035449363394329921 -0.020046005067033416 0.018136594540280368 -0.022101809846881312 0.019301956784907422 0.027394678743211141 -0.010414746402586834 0.018874741234573292 0.0086927351889013234 -0.017836196590014525 -0.028026775992418523 0.012528380127822486
leaf_weight=2.9243584475480011 1.5637420827988524 1.873429128667339 1.1942542716860769 1.463757090270519 5.5313572045415631 2.5685191228985813 6.6193605279549974 1.1245739790610993 9.3084511475171876 2.5212080031633368 1.9408718291670086 1.6812555789947508 0.78856502473354328 3.4650453384965658
leaf_count=210 489 44 16 9 61 59 104 15 387 13 29 11 5 83
internal_value=-0.000247261 0.00141058 -0.0144789 -0.000531339 0.00367966 0.00513038 0.00222629 0.00519961 -0.000281923 -0.00383893 0.00618796 -0.00481579 0.0128764 0.0011063
internal_weight=44.5687 41.6444 4.53144 3.33719 37.1129 35.5492 30.0179 27.4493 16.5764 15.4518 6.14334 3.62213 10.873 4.25361
internal_count=1535 1325 69 53 1256 767 706 647 455 440 53 40 192 88
is_linear=0
shrinkage=0.03


Tree=189
num_leaves=15
num_cat=0
split_feature=1 8 6 6 4 5 1 1 1 8 0 6 0 0
split_gain=1.30131 1.01113 0.787092 1.83243 1.72925 1.37332 1.2981 1.92508 1.66855 1.03739 0.949764 1.23968 1.09851 1.35752
threshold=8.6481337547302264 3.0382405033136943 8.0356855392456072 8.0423593521118182 37.968294143676765 265.78849792480474 16.527109146118168 15.133561134338381 12.630872249603273 1.195531609593196 19.814307212829593 8.0840406417846697 17.875490188598636 19.480252265930179
decision_type=2 2 2 2 2 2 2 2 2 2 2 2 2 2
left_child=-1 2 5 4 -4 -2 7 8 9 -5 11 12 -10 -14
right_child=1 -3 3 6 -6 -7 -8 -9 10 -11 -12 -13 13 -15
leaf_value=-0.01935293548978826 0.01012689647505584 -0.013213872704684812 -0.035606349298499193 -0.0056933653986282837 0.0068055154458241908 -0.013293658314909747 -0.014429864030755584 0.022376489171650832 -0.019804861789080735 0.020437695860957703 0.0064946966892577528 -0.033325307913848558 0.016101301646487522 -0.017883661566448775
leaf_weight=1.6393153727985907 18.541508156806234 2.5122026388999066 1.3275311021134286 1.4992902262602017 0.9415099499747156 1.6778953233733762 2.3036359394900492 3.7621133327484122 1.3486202443018553 3.1684375500772148 2.1186696486547589 1.128003593534231 2.329887830652297 0.60993594676256169
leaf_count=477 218 454 18 22 29 82 17 26 19 47 23 13 85 11
internal_value=0.00114676 0.00234304 0.00359543 -0.000564656 -0.0213096 0.00764846 0.00298416 0.00619934 -0.000105113 0.0125207 -0.00847694 -0.0144327 -0.00410142 0.00630078
internal_weight=44.9086 43.2692 40.757 20.5376 2.26904 20.2194 18.2686 15.965 12.2028 4.66773 7.53512 5.41645 4.28844 2.93982
internal_count=1541 1064 610 310 47 300 263 246 220 69 151 128 115 96
is_linear=0
shrinkage=0.03


Tree=190
num_leaves=15
num_cat=0
split_feature=7 3 2 4 6 2 2 6 1 4 1 6 3 2
split_gain=1.59994 1.41694 2.87115 1.955 1.74498 1.1828 1.73582 2.07744 2.57439 2.41037 1.1834 2.56498 1.59455 1.81263
threshold=0.320214981300529 22.69757175445557 29.227619171142582 35.664554595947273 8.0355548858642596 28.126243591308597 27.100527763366703 8.0320386886596697 14.906283855438234 38.265760421752937 16.472542762756351 8.0169057846069354 15.227270603179933 26.170396804809574
decision_type=2 2 2 2 2 2 2 2 2 2 2 2 2 2
left_child=1 2 3 4 -1 6 10 8 -8 -9 12 -12 13 -5
right_child=-2 -3 -4 5 -6 -7 7 9 -10 -11 11 -13 -14 -15
leaf_value=-0.0034841513622318951 0.017271064946975775 0.020215395896933906 -0.035660532542145566 0.012917625235548293 -0.027534088107140479 0.016959883957533246 0.018307676558930692 -0.048319582730498446 -0.018286955149743322 0.0020858072197991232 0.016768787316714825 -0.02408788590188268 0.018855004412978667 -0.016196962870237742
leaf_weight=7.7745052122045291 2.5873207719996563 1.161590889096259 1.554988712305202 2.8202192448079639 3.4842495115008205 3.0022134920582166 2.5646143816411486 1.2237214362248781 2.3628606873098761 1.2572691580280659 1.4571653685998165 2.3428934752009809 6.1957267578691244 2.8959620972163975
leaf_count=424 62 4 59 177 205 59 74 18 25 27 78 117 136 49
internal_value=-0.00201438 -0.00364873 -0.00484904 -0.00267163 -0.0125658 0.00189881 -0.000678944 -0.0117712 0.000634895 -0.0295149 0.00494264 -0.00819147 0.00944251 -0.00204798
internal_weight=42.6853 40.098 38.9364 37.3814 11.2588 26.1226 23.1204 7.40847 4.92748 2.48099 15.712 3.80006 11.9119 5.71618
internal_count=1514 1452 1448 1389 629 760 701 144 99 45 557 195 362 226
is_linear=0
shrinkage=0.03


Tree=191
num_leaves=15
num_cat=0
split_feature=1 5 6 2 2 6 3 5 0 2 1 2 6 6
split_gain=1.11887 1.47434 1.27249 1.01395 1.4576 1.2971 1.25867 1.19921 2.13512 1.21647 1.59019 3.31638 2.04751 1.21135
threshold=8.6481337547302264 270.82958984375006 8.0977010726928729 21.48048305511475 18.202941894531254 8.026090621948244 15.065034389495851 234.37496185302737 19.814307212829593 24.505477905273441 14.906283855438234 28.126243591308597 8.0509853363037127 8.0518689155578631
decision_type=2 2 2 2 2 2 2 2 2 2 2 2 2 2
left_child=-1 2 3 4 5 -2 -6 8 -5 -10 -11 12 -12 -9
right_child=1 -3 -4 7 6 -7 -8 13 9 10 11 -13 -14 -15
leaf_value=-0.019273546728784046 0.02165666196588183 0.019831596817212343 -0.02142313085238276 -0.026310624493004597 -0.02485206523881053 -0.010385272455883669 0.0020806921685152793 0.0028755207895374449 0.021261870485314333 0.01576522093958193 -0.031347032912209742 0.011241016306674474 0.00089030071636574386 0.022002200875446309
leaf_weight=1.6249267505481828 1.4858835940249249 2.411264997906982 1.5050799511373032 1.7438224446959854 3.5176751604303718 1.2713780126068739 2.1660969853401184 8.6652478396426869 1.5710515489336092 2.8559311823919407 3.6633995987940562 4.8051540774758905 2.7741215787827969 3.8568686163052908
leaf_count=474 18 76 27 32 91 34 17 284 40 49 152 78 37 119
internal_value=-0.000260395 0.00089842 -0.000703385 0.000632636 -0.00799053 0.00805029 -0.0158123 0.00324383 -0.00186301 0.00227282 -0.00111124 -0.00633585 -0.0192031 0.00995809
internal_weight=43.9179 42.293 39.8817 38.3766 8.44103 2.75726 5.68377 29.9356 17.4135 15.6697 14.0986 11.2427 6.43752 12.5221
internal_count=1528 1054 978 951 160 52 108 791 388 356 316 267 189 403
is_linear=0
shrinkage=0.03


Tree=192
num_leaves=15
num_cat=0
split_feature=2 3 7 2 7 8 8 8 7 0 7 2 2 5
split_gain=2.35686 1.38583 1.40484 1.72348 1.35041 1.23186 1.08129 2.17665 1.10507 0.99562 0.870239 1.28399 1.43166 0.855041
threshold=27.945035934448246 15.065034389495851 -0.42646839695767769 27.720981597900394 0.38640753904084252 1.5041604757592573 1.3804995924359986 2.0255606532048276 -0.53479981739813176 14.133542537689211 -0.97091782375839342 29.227619171142582 29.773436546325687 262.23223876953131
decision_type=2 2 2 2 2 2 2 2 2 2 2 2 2 2
left_child=1 4 3 -3 6 -4 13 8 -8 -10 -2 -12 -13 -1
right_child=10 2 5 -5 -6 -7 7 -9 9 -11 11 12 -14 -15
leaf_value=0.0069948868207722337 -0.0046829652555795583 0.014531756870013211 0.0021747990873877709 -0.016274232770897248 0.014140697158830666 -0.019085191230282648 -0.016975156621888782 -0.016267151466669592 -0.011268380699770391 0.018206367622209244 0.026965686836645218 -0.022648608736785515 0.014124487796493302 -0.02896994869668611
leaf_weight=0.2963195182383126 1.4228823781013487 7.9857917726039904 5.6995247928425652 1.1283328849822281 1.1005342351272691 3.0835150340572 0.4856149274855851 7.6786574928555638 0.58569250279106011 3.8392115375027061 3.7029808000661424 0.62249338370747853 1.3148262314498422 3.2889453533571213
leaf_count=11 31 155 63 18 36 30 24 474 160 50 63 32 28 378
internal_value=-0.000870585 -0.00412089 0.00172395 0.00948598 -0.00993923 -0.00647698 -0.0123056 -0.00707617 0.00761654 0.012947 0.0138185 0.0184883 -0.00137931 -0.0251202
internal_weight=42.2353 35.1721 17.8972 9.11412 17.275 8.78304 16.1744 12.5892 4.91052 4.4249 7.06318 5.6403 1.93732 3.58526
internal_count=1553 1399 266 173 1133 93 1097 708 234 210 154 123 60 389
is_linear=0
shrinkage=0.03


Tree=193
num_leaves=15
num_cat=0
split_feature=7 2 8 2 2 4 1 2 5 5 3 5 5 5
split_gain=1.96264 1.67662 1.82555 1.56205 1.64991 1.9671 1.5216 1.42932 1.42579 3.00822 1.40362 1.21547 0.988337 0.703085
threshold=0.014322257991118458 29.985845565795902 3.0382405033136943 28.126243591308597 26.170396804809574 35.549814224243171 11.155070781707765 26.886362075805668 234.37496185302737 238.25845336914065 14.264554500579836 265.78849792480474 231.70142364501956 230.29364013671878
decision_type=2 2 2 2 2 2 2 2 2 2 2 2 2 2
left_child=1 2 3 4 5 6 11 -2 10 -10 -6 -1 13 -12
right_child=7 -3 -4 -5 8 -7 -8 -9 9 -11 12 -13 -14 -15
leaf_value=0.01285633522460483 -0.02711160263005202 -0.026228319450902194 -0.020194092579326792 0.020012958235552679 0.0071813219868358709 0.018238020976230909 -0.016406893341251477 0.002632478850423235 0.018776468826657299 -0.025895677821490944 -0.016673047797882042 -0.011641933199031007 -0.034934492240990711 0.0039466277673153912
leaf_weight=5.4252738188952261 3.0355102678295216 0.86101409769616921 1.8664487886708219 4.177690688520669 1.8369894167408327 7.7064530765637747 2.9192494759336114 2.017688199877739 3.6337198372930288 0.95458318479359139 2.6108263023197651 1.6636570428963748 1.5530799292027948 1.9946419447660444
leaf_count=24 339 21 435 41 12 151 22 10 114 21 22 257 31 23
internal_value=-0.000907881 0.00162794 0.00297259 0.00476065 0.00208537 0.00780572 -0.00115436 -0.0167622 -0.00594915 0.00651175 -0.0130289 0.00637851 -0.0192183 -0.0086317
internal_weight=42.2568 37.2036 36.3426 34.4762 30.2985 17.7146 10.0082 5.0532 12.5838 4.5883 7.99554 7.08893 6.15855 4.60547
internal_count=1523 1174 1153 718 677 454 303 349 223 135 88 281 76 45
is_linear=0
shrinkage=0.03


Tree=194
num_leaves=15
num_cat=0
split_feature=8 5 8 1 0 2 4 5 5 4 2 3 1 8
split_gain=1.84416 1.88013 1.64712 1.28211 1.96809 1.84216 1.32128 1.58684 1.41945 1.82695 1.13861 2.8723 0.734021 1.06485
threshold=1.0288624698825137 258.14437866210943 3.0382405033136943 10.63657331466675 13.957610607147219 22.719851493835453 37.177669525146491 237.4740905761719 234.42679595947268 38.882535934448249 27.411670684814457 16.906509399414066 13.379576683044435 1.732156600042204
decision_type=2 2 2 2 2 2 2 2 2 2 2 2 2 2
left_child=1 -1 3 4 -2 -5 7 -7 9 10 -8 -12 13 -10
right_child=2 -3 -4 5 -6 6 8 -9 12 -11 11 -13 -14 -15
leaf_value=0.0044805436959142429 -0.015139398427762034 -0.028783029052275297 -0.019629279973912766 -0.014905524552007167 0.019784466350776023 0.024005795439806788 -0.023859877919924687 -0.0021545446878033533 0.013974922109047333 0.011204083612493207 0.013089784837189741 -0.023935557808235669 0.018982258964643568 -0.018378530610432594
leaf_weight=2.2384940823540083 1.0033394175115962 2.6254803055198863 1.8004588177427638 4.343298125080767 6.9664287976920605 4.3943560849875238 3.3814910128712672 3.154431065544486 0.84660032391548046 3.3321804385632268 3.4726673746481538 2.2767631569877267 3.1298358170315623 0.84048687014728785
leaf_count=40 333 252 453 44 38 42 40 35 37 20 47 25 127 17
internal_value=0.000398493 -0.015321 0.00269631 0.00426482 0.0141901 0.0011728 0.00445357 0.0141008 -0.000301661 -0.00563679 -0.0122819 -0.00294616 0.0120982 -0.0029844
internal_weight=43.8063 4.86397 38.9423 37.1419 7.96977 29.1721 24.8288 7.54879 17.28 12.4631 9.13092 5.74943 4.81692 1.68709
internal_count=1550 292 1258 805 371 434 390 77 313 132 112 72 181 54
is_linear=0
shrinkage=0.03


Tree=195
num_leaves=15
num_cat=0
split_feature=2 2 2 7 0 8 8 5 2 4 8 2 0 7
split_gain=2.00778 1.88963 1.35626 1.23082 1.20128 1.42424 1.52589 3.13996 1.45904 1.87901 1.32165 1.10767 2.65911 2.18625
threshold=29.985845565795902 28.003631591796879 27.720981597900394 -0.97091782375839342 14.133542537689211 2.0551117177701812 0.95720385928807106 258.14437866210943 23.942375183105472 36.990837097167976 2.8925652622144127 25.81765174865723 15.509354114532472 -0.28477459805095845
decision_type=2 2 2 2 2 2 2 2 2 2 2 2 2 2
left_child=1 2 4 -3 -1 6 7 -6 -7 10 -10 12 -8 -14
right_child=-2 3 -4 -5 5 8 11 -9 9 -11 -12 -13 13 -15
leaf_value=-0.016213240079424932 -0.028690115207494923 -0.0050294789802943999 -0.018726543381689689 0.023572659844380357 0.014632188933277376 -0.027516282172246043 0.018776626225888861 -0.029409725015773863 0.026176289486907301 -0.0096168556101670147 -0.011014829670390689 0.019678628899470006 0.0089512327976026661 -0.021799804206256532
leaf_weight=2.4483624236891037 1.089279860490932 1.4370009354315696 2.5870537706650785 4.006501115160062 2.0010286727920241 1.3507481808774162 5.0367178972810525 1.9562735781073568 1.9797339430078849 6.0784994659479707 0.56422935402952124 6.1670412570238105 3.1088721938431263 3.4685324179008603
leaf_count=582 24 30 42 92 23 166 20 19 17 125 149 147 77 37
internal_value=3.31795e-05 0.00142186 -0.00117489 0.0164134 0.000649154 0.00240689 0.00662848 -0.00868044 -0.00656035 -0.000759083 0.0171471 0.0103164 0.00417909 -0.0080019
internal_weight=43.2799 42.1906 36.7471 5.4435 34.16 31.7117 21.7385 3.9573 9.97321 8.62246 2.54396 17.7812 11.6141 6.5774
internal_count=1550 1526 1404 122 1362 780 323 42 457 291 166 281 134 114
is_linear=0
shrinkage=0.03


Tree=196
num_leaves=15
num_cat=0
split_feature=8 8 4 0 3 5 8 3 4 8 4 7 0 4
split_gain=2.26095 1.73436 2.35474 1.24581 1.50689 1.29312 1.12281 1.22585 1.34775 1.32314 2.31786 1.32416 0.978424 0.969065
threshold=1.3598715450933121 1.3848532734144536 34.02820014953614 14.448084354400637 18.864840507507328 254.61253356933597 3.3155893090753241 13.745976448059084 38.882535934448249 1.7220740916525099 37.878076553344734 -0.1849010436402676 14.133542537689211 38.136690139770515
decision_type=2 2 2 2 2 2 2 2 2 2 2 2 2 2
left_child=3 -2 -3 -1 5 -5 7 12 9 11 -11 -9 -4 -12
right_child=1 2 6 4 -6 -7 -8 8 -10 10 13 -13 -14 -15
leaf_value=-0.026710558181744615 0.024187960335945859 -0.022683054644940102 -0.010122193632964455 0.01711837931055726 -0.022179094010331062 -0.0071250875548900233 -0.016730536175310451 0.018250884904465397 0.016606484308706721 0.0060760214575846985 -0.032362097435682378 -0.0077928779462627983 0.020470968656757217 -0.0074763166453883922
leaf_weight=2.5303846776951096 2.3314746478572479 2.3137577583547708 0.48881023540162161 2.4030494559556228 1.9977017873898146 3.8295925222337246 1.2378509209956963 3.7190612917765975 3.4980996176600447 5.7796708503738028 1.9481547102332113 2.0815961994230809 5.215332297841087 4.3319349866360426
leaf_count=381 23 124 91 73 31 24 381 100 18 76 44 23 79 64
internal_value=-0.000314736 0.00361962 0.00133766 -0.011644 -0.00461986 0.00329664 0.00400864 0.00551964 0.00191121 -0.00169486 -0.00720368 0.00913331 0.0167305 -0.018581
internal_weight=43.7065 32.9457 30.6143 10.7607 8.23034 6.23264 28.3005 27.0627 21.3585 17.8604 12.0598 5.80066 5.70414 6.28009
internal_count=1532 1023 1000 509 128 97 876 495 325 307 184 123 170 108
is_linear=0
shrinkage=0.03


Tree=197
num_leaves=15
num_cat=0
split_feature=3 7 2 7 2 6 6 6 8 8 3 3 2 1
split_gain=1.96471 2.31925 1.91853 1.65761 1.29958 1.52559 1.58994 1.15055 1.19146 1.11019 0.946514 0.823038 0.811199 1.04367
threshold=15.227270603179933 -0.35661939255491382 26.056502342224125 -0.93602878778951892 24.16547775268555 8.0219860076904315 8.0340056419372576 8.0673027038574237 1.1834300336419619 2.8925652622144127 16.566885948181156 13.785173416137697 28.275661468505863 14.906283855438234
decision_type=2 2 2 2 2 2 2 2 2 2 2 2 2 2
left_child=2 3 4 -2 5 -1 -7 8 -5 -6 -3 -8 13 -4
right_child=1 10 12 7 9 6 11 -9 -10 -11 -12 -13 -14 -15
leaf_value=-0.02421643304262797 -0.0087084830627497129 0.0011700486568488606 -0.00822360221435651 -0.0043749889550739199 0.020629163409487148 0.010955215459289071 -0.024266348855945974 -0.0010527163223142207 0.024494156229333309 -0.01141804288720167 -0.019980888968773394 0.0015541070577840671 0.0014079280992077047 -0.036779828453595696
leaf_weight=1.9655969567829767 2.2207167223095903 4.071056547574698 3.0576367280445984 1.1739613311365236 2.7368771787732835 4.8285021902993304 1.4991843907628211 2.6013495530933151 8.3182280296459776 0.59688758687116195 2.4151539597660303 1.7974265618249772 1.264648860087618 2.0945328127127141
leaf_count=251 16 48 72 26 46 233 296 34 155 139 24 23 75 88
internal_value=-0.000595925 0.00571492 -0.00716862 0.0122038 -0.000374845 -0.00579424 0.000827816 0.0164157 0.020847 0.0135806 -0.00832256 -0.013103 -0.0194148 -0.023924
internal_weight=40.6418 20.8005 19.8413 14.3143 13.4245 10.0907 8.12511 12.0935 9.49219 3.33376 6.48621 3.29661 6.41682 5.15217
internal_count=1526 303 1223 231 988 803 552 215 181 185 72 319 235 160
is_linear=0
shrinkage=0.03


Tree=198
num_leaves=15
num_cat=0
split_feature=2 7 0 6 5 6 8 6 4 5 4 0 7 6
split_gain=1.77731 1.57378 1.79193 1.73494 1.64354 1.46801 1.59989 1.29721 1.46135 1.2891 1.37796 2.02427 1.99563 1.14944
threshold=29.985845565795902 -0.93602878778951892 14.133542537689211 8.0356855392456072 237.88254547119143 8.0509853363037127 0.88119588333900012 8.0165042877197283 30.232754707336429 270.82958984375006 35.374334335327156 18.7666130065918 -0.73906285743430611 8.049753665924074
decision_type=2 2 2 2 2 2 2 2 2 2 2 2 2 2
left_child=1 5 -3 7 13 6 -1 8 -4 10 -6 -12 -13 -5
right_child=-2 2 3 4 9 -7 -8 -9 -10 -11 11 12 -14 -15
leaf_value=0.012075909255570564 -0.027864797598377185 -0.020231428829299347 0.018381919915504343 -0.010173073734716818 -0.030350696030755867 0.013613664937507928 -0.028304321215569091 0.01491706028170605 -0.017525592158462482 0.0088683110157058691 0.0068137049886510571 0.011199480785703512 -0.036608481699925713 0.012738852066277022
leaf_weight=0.5167084932327265 1.0166768140625198 1.81179409532342 0.61170865595341029 1.7725310362875477 2.1450938461348397 0.66742658521980036 3.1593498836737126 14.128264422528444 1.9605630901642142 2.1722020742017767 4.3376511016394943 0.59284815401770208 1.5072476663626728 7.1975823999382555
leaf_count=2 21 559 2 62 28 9 199 203 73 23 185 24 40 98
internal_value=-0.000337742 0.000943801 0.00300335 0.00466873 -0.00138379 -0.0143562 -0.0212598 0.0114917 -0.00623114 -0.008924 -0.0138825 -0.00505237 -0.0238533 0.00764511
internal_weight=43.5976 42.581 38.2375 36.4257 19.7252 4.34348 3.67606 16.7005 2.57227 10.755 8.58284 6.43775 2.1001 8.97011
internal_count=1528 1507 1297 738 460 210 201 278 75 300 277 249 64 160
is_linear=0
shrinkage=0.03


Tree=199
num_leaves=15
num_cat=0
split_feature=3 2 8 2 4 4 5 5 0 8 5 0 6 2
split_gain=2.13654 1.72856 1.75384 1.43907 1.0225 2.15346 2.58987 1.28283 1.54585 1.23248 1.98793 1.20957 1.12878 1.24279
threshold=13.856672763824465 23.942375183105472 2.9312958016524484 17.716012954711918 38.882535934448249 37.626707077026374 234.42679595947268 237.4740905761719 18.096292495727543 0.95720385928807106 262.23223876953131 17.062447547912601 8.0464572906494158 25.788427352905277
decision_type=2 2 2 2 2 2 2 2 2 2 2 2 2 2
left_child=1 3 -3 -1 5 7 -7 -2 9 -9 11 -11 -8 -14
right_child=4 2 -4 -5 -6 6 12 8 -10 10 -12 -13 13 -15
leaf_value=-5.8023513416603695e-05 0.01863822765521736 0.014935132706818701 -0.018294978927668525 -0.033434176362066748 0.014900725933732338 -0.020474679099220273 0.020122847330668211 -0.0086282586678159186 -0.017282625794647205 -0.017232101437405726 0.021970837012822417 0.010407677928301681 0.014218107180703632 -0.018448633856261575
leaf_weight=1.626233350369146 4.5531268306076589 2.4786205394193535 1.4316272251307962 3.1094447051873431 4.0903708487749091 6.5776229966431838 1.9295383198186753 3.0246080569922915 2.198883223347365 1.9865132234990581 5.1443932801485062 1.8114150222390888 0.8696548976004127 1.5186274750158189
leaf_count=333 91 31 305 401 25 63 93 35 37 18 23 23 48 28
internal_value=-0.00101563 -0.0134856 0.00152072 -0.0239812 0.00247957 0.000333269 -0.00975844 0.00640419 0.00150229 0.00602059 0.0113448 -0.00462775 0.00734669 -0.00586795
internal_weight=42.3507 8.64593 3.91025 4.73568 33.7048 29.6144 10.8954 18.7189 14.1658 11.9669 8.94232 3.79793 4.31782 2.38828
internal_count=1554 1070 336 734 484 459 232 227 136 99 64 41 169 76
is_linear=0
shrinkage=0.03


Tree=200
num_leaves=15
num_cat=0
split_feature=2 2 8 4 1 1 8 5 4 0 0 0 8 8
split_gain=1.38908 2.38455 1.4802 1.12035 1.33116 2.08401 1.08888 1.65943 1.84582 1.36849 2.25213 1.09119 0.870054 0.881754
threshold=29.985845565795902 28.003631591796879 2.6007191487644761 31.581495285034183 16.472542762756351 20.187353134155277 1.9365449016937606 226.9949645996094 38.265760421752937 18.905592918396 20.813953399658207 13.957610607147219 1.7991250186756378 1.732156600042204
decision_type=2 2 2 2 2 2 2 2 2 2 2 2 2 2
left_child=1 3 -3 -1 6 -6 11 -8 9 -9 -11 -5 13 -13
right_child=-2 2 -4 4 5 -7 7 8 -10 10 -12 12 -14 -15
leaf_value=-0.022122869369943569 -0.025132976127631559 0.025193196639422717 -0.0075454762499904092 -0.015809721294942111 -0.02592291324080263 0.01696427081567084 0.018863977113459829 -0.022646831735489072 -0.032388490256501784 0.013458568527729498 -0.020601942536715774 0.0065634701753950198 0.021849890965050755 -0.012538469443018976
leaf_weight=1.3130279809702177 0.91454142774455149 4.142278399784117 1.1302760164253411 1.0990331537323133 2.7816886029904704 0.61897642957046617 1.1264808112755407 1.3282310863723958 1.6181479617953298 4.9187807026319206 1.5009513497352598 16.60602219495923 2.1737409969791761 1.5462650982663024
leaf_count=150 25 61 62 414 168 44 7 172 13 107 9 240 51 28
internal_value=-0.000133874 0.000984805 0.018091 -0.00189269 -0.000552165 -0.0160357 0.00153455 -0.00602799 -0.0105528 -0.00281131 0.00379176 0.00534184 0.00717322 0.0043666
internal_weight=42.8184 41.9039 5.27255 36.6313 35.3183 3.40067 31.9177 10.4926 9.36611 7.74796 6.41973 21.4251 20.326 18.1523
internal_count=1551 1526 123 1403 1253 212 1041 308 301 288 116 733 319 268
is_linear=0
shrinkage=0.03


Tree=201
num_leaves=15
num_cat=0
split_feature=2 3 2 2 7 5 2 2 2 4 1 1 5 4
split_gain=2.8001 1.35302 1.20837 3.26738 1.22479 1.02259 2.24061 1.44223 2.22849 0.950104 1.39886 1.06378 0.888439 0.767199
threshold=29.291781425476078 14.104630947113039 28.003631591796879 27.100527763366703 -0.70295380645493899 266.76861572265631 18.361955642700199 23.726450920104984 24.505477905273441 35.374334335327156 9.4152956008911151 16.494662284851078 237.25339508056643 38.310621261596687
decision_type=2 2 2 2 2 2 2 2 2 2 2 2 2 2
left_child=1 5 3 9 -5 6 -1 -8 -9 10 -3 13 -10 -11
right_child=-2 2 -4 4 -6 -7 7 8 12 11 -12 -13 -14 -15
leaf_value=0.020351130194835313 -0.030509825706028108 0.012978541006468811 0.020409914076939081 -0.023683334330497203 0.0027482420105771907 -0.021138609854529696 -0.024707609987424873 0.024377731939343134 -0.017799175958621773 0.024424426170623893 -0.010029763896610561 -0.0034898467108392499 0.0066526763188044444 0.0054072303150698277
leaf_weight=2.2611671807244411 1.4678164650686074 3.4250570088625052 3.4465128188021472 3.631844537332654 2.1049898713827124 1.9754302642540995 2.2369231641059724 1.3848826047033069 3.0528913009911776 5.7274950044229609 4.1450175046920776 2.1583115532994261 1.3586256143171338 3.6506699351593852
leaf_count=25 53 19 55 46 51 586 160 51 215 166 26 13 37 45
internal_value=0.000551979 0.00238314 0.00593572 0.00321566 -0.0150166 -0.00563783 -0.00105513 -0.00866631 0.000248819 0.00916457 0.000679979 0.0142337 -0.0104309 0.0182559
internal_weight=42.0276 40.5598 28.2899 24.8434 5.73683 12.2699 10.2945 8.03332 5.7964 19.1066 7.57007 11.5365 4.41152 9.37816
internal_count=1548 1495 421 366 97 1074 488 463 303 269 45 224 252 211
is_linear=0
shrinkage=0.03


Tree=202
num_leaves=15
num_cat=0
split_feature=6 2 5 8 2 1 4 2 8 2 8 6 3 5
split_gain=1.37243 1.19693 1.51749 1.76934 1.32145 2.1078 1.81944 1.36259 1.14879 2.07498 1.79614 1.36082 1.23424 1.14968
threshold=8.0862870216369647 29.985845565795902 241.83421325683597 1.8926658774058909 24.505477905273441 15.242475509643556 38.882535934448249 27.331101417541507 1.0487262710501755 18.447871208190922 0.75204543227704146 8.0340056419372576 14.483413696289064 266.76861572265631
decision_type=2 2 2 2 2 2 2 2 2 2 2 2 2 2
left_child=1 2 3 -1 -5 7 -7 -6 10 11 -4 13 -12 -10
right_child=-2 -3 8 4 5 6 -8 -9 9 -11 12 -13 -14 -15
leaf_value=0.020109756890726395 -0.014576209627357959 -0.02214790086325084 -0.015069842764305751 0.019627104070904112 -0.0029513475251691929 -0.026329870286123568 0.0039036463974615899 0.021687277497280083 0.025606007888387555 -0.019806354460840291 -0.010821480092370361 -0.012700237435406252 0.025232999241664517 -0.0063543377283389125
leaf_weight=6.5536579499021199 3.9496942257974288 0.74794317642226715 1.3127209085505445 2.1111396081978446 3.8566210647113603 3.2230391884222627 2.7172098751179874 2.8125784667208791 1.9480335125699624 5.771688298904337 0.49570924486033652 1.5407608973328022 2.6881964523345232 1.0393189189489929
leaf_count=214 69 20 123 103 70 222 37 26 9 236 122 125 12 170
internal_value=0.000285804 0.00222338 0.00331255 0.00828914 0.00208212 -0.00208168 -0.0139305 0.00891239 -0.00391454 -0.00919148 0.0076458 0.00547394 0.0183748 0.0156818
internal_weight=40.7683 36.8186 36.0707 21.2742 14.7206 12.6094 5.94025 6.6692 14.7964 10.2998 4.49663 4.52811 3.18391 2.98735
internal_count=1558 1489 1469 672 458 355 259 96 797 540 257 304 134 179
is_linear=0
shrinkage=0.03


Tree=203
num_leaves=15
num_cat=0
split_feature=6 0 0 5 6 8 0 3 0 6 6 7 8 4
split_gain=1.79193 1.20713 1.15316 1.67976 1.22214 1.56528 1.14803 1.72153 1.14114 1.06755 1.0796 1.24165 1.18209 0.826967
threshold=8.0862870216369647 13.957610607147219 21.143773078918461 222.96865844726565 8.0165042877197283 1.9316474860825088 18.7666130065918 16.25876617431641 17.875490188598636 8.0610542297363299 8.0480809211730975 -0.82460142096716549 2.5689543096333955 36.758516311645515
decision_type=2 2 2 2 2 2 2 2 2 2 2 2 2 2
left_child=1 -1 4 -4 -3 13 7 -2 -7 10 11 12 -10 -6
right_child=6 2 3 -5 5 8 -8 -9 9 -11 -12 -13 -14 -15
leaf_value=-0.017763028192945427 0.014634580165560062 -0.015897093263350526 0.0059441520541111265 -0.018488237986221182 0.0088002031434356483 -0.023352565052402571 -0.031939348121478445 -0.022395797180370595 0.0074374470556706858 -0.012933998438397246 0.019954703203925148 0.010011059784290019 -0.027804089445897288 0.024822455210721343
leaf_weight=1.4309840012574557 1.5899012740701435 1.0625151371350536 4.9566752320388314 3.5258813698310405 11.393369453027846 0.68195087125059117 1.2933138646185396 1.0114317983388899 0.8569430038332907 1.9158351717051108 2.8970449735643342 3.1107289760839212 1.1614723382517693 4.1833989825099698
leaf_count=580 48 52 156 89 72 94 16 8 9 15 74 87 59 212
internal_value=0.000683066 0.00285854 0.00414501 -0.00509021 0.00709684 0.00857947 -0.0164246 -0.00198413 -0.000375173 0.00319108 0.00804662 -0.000837654 -0.0153348 0.0143411
internal_weight=41.0714 37.1768 35.7458 8.48256 27.2633 26.2007 3.89465 2.60133 10.624 9.94202 8.02619 5.12914 2.01842 15.5768
internal_count=1571 1499 919 245 674 622 72 56 338 244 229 155 68 284
is_linear=0
shrinkage=0.03


Tree=204
num_leaves=15
num_cat=0
split_feature=2 8 4 2 5 4 8 1 7 7 8 4 8 5
split_gain=1.82574 1.79435 2.18626 1.23361 1.31544 1.19231 1.20948 1.04852 1.1586 1.96963 1.37105 0.952534 0.935226 0.910379
threshold=21.48048305511475 2.3104267749292009 36.990837097167976 27.767491340637211 236.95379638671878 35.741550445556648 3.1183472501205114 9.8401131629943865 -0.72374642351593466 -0.77533059536265581 2.0812038414772887 37.984342575073249 1.5883251422662321 266.76861572265631
decision_type=2 2 2 2 2 2 2 2 2 2 2 2 2 2
left_child=13 7 5 4 -4 -3 -7 -2 9 12 -10 -5 -9 -1
right_child=1 2 3 11 -6 6 -8 8 10 -11 -12 -13 -14 -15
leaf_value=-0.0040698349853701245 -0.0094501787015146745 -0.014402012044725221 -0.03180720852341009 0.0167157513619209 0.0030043683550080814 0.026271972465847618 -0.01012010563678614 -0.0087712130813923997 0.020092531864787391 -0.023774565853436385 -0.0076710712671331938 -0.011543893742473121 0.014609921724256379 -0.023620172468187595
leaf_weight=7.5582426089094934 1.8032326940447152 0.50324529549106811 3.0558214606717229 0.97186730429530177 1.0743767470121381 2.2708084294572477 0.50576916383579362 1.3601111480966208 10.047658176161343 1.1931328801438255 1.3339896406978375 1.3692570526618508 4.6425825729966164 2.3448097337968647
leaf_count=128 16 77 80 5 24 15 199 23 250 34 17 44 61 557
internal_value=0.000127241 0.00382428 -0.00633598 -0.0156815 -0.0239313 0.011459 0.0187185 0.00875444 0.0109139 0.00117082 0.0164817 0.00167931 0.00881613 -0.0104407
internal_weight=40.0349 30.1319 9.75115 6.47132 4.1302 3.27982 2.77658 20.3807 18.5775 7.19583 11.3816 2.34112 6.00269 9.90305
internal_count=1530 845 444 153 104 291 214 401 385 118 267 49 84 685
is_linear=0
shrinkage=0.03


Tree=205
num_leaves=15
num_cat=0
split_feature=1 1 8 4 1 3 4 1 6 6 4 6 3 1
split_gain=0.845693 0.911938 0.938414 2.56413 2.0022 1.55015 2.12009 2.61736 1.3272 1.9236 1.39337 0.982171 1.69621 1.47924
threshold=8.6481337547302264 8.7663502693176287 1.3475136826223062 32.68754959106446 13.839918136596681 21.069143295288089 34.02820014953614 14.503366470336916 8.049753665924074 8.0600395202636737 37.177669525146491 8.0465388298034686 15.615539550781252 13.011304378509523
decision_type=2 2 2 2 2 2 2 2 2 2 2 2 2 2
left_child=-1 -2 3 -3 -5 6 -4 11 10 -10 -9 -8 13 -13
right_child=1 2 5 4 -6 -7 7 8 9 -11 -12 12 -14 -15
leaf_value=-0.018077363585231567 0.020223490177579354 0.014554917200448001 -0.023553279231488769 -0.027956835599225179 0.0033140113604985559 0.025224578551235752 0.019433685136529624 0.0033311483047771847 0.017750387740973334 -0.012493596196998885 -0.02045548466199703 0.011597316267950077 0.019950073329391246 -0.02243062269322102
leaf_weight=1.3525138166733075 0.99248998332768579 2.3460913971066457 2.0657808128744426 4.2319557666778564 2.5466163428500295 1.397515296936034 6.774881331133658 2.9798134643351641 3.3144491130951783 2.4469111219514161 5.5263378529343754 1.07186091656331 1.7068792115896938 2.0211675162427127
leaf_count=452 15 10 43 98 38 5 210 268 64 25 114 52 43 62
internal_value=-0.000601868 0.000430057 -0.000581052 -0.00847567 -0.0172931 0.0020756 8.39203e-05 0.00278051 -0.00568025 0.00495741 -0.0126489 0.0128319 0.00176965 -0.0106861
internal_weight=40.7753 39.4228 38.4303 9.12466 6.77857 29.3056 27.9081 25.8423 14.2675 5.76136 8.50615 11.5748 4.79991 3.09303
internal_count=1499 1047 1032 146 136 886 881 838 471 89 382 367 157 114
is_linear=0
shrinkage=0.03


Tree=206
num_leaves=15
num_cat=0
split_feature=8 5 0 4 5 5 4 8 0 0 8 0 5 8
split_gain=1.4001 1.29838 1.79507 1.718 1.28419 1.52698 1.18688 0.967264 0.766173 1.36362 1.66794 1.63748 0.588207 0.534367
threshold=3.0382405033136943 238.25845336914065 18.7666130065918 35.664554595947273 234.37496185302737 231.44509124755862 37.759532928466804 1.5883251422662321 17.278176307678226 15.267641544342043 1.0288624698825137 14.133542537689211 240.45979309082034 1.9083166260164477
decision_type=2 2 2 2 2 2 2 2 2 2 2 2 2 2
left_child=1 4 3 8 5 7 -7 -1 9 10 -3 -12 -4 -5
right_child=-2 2 12 13 -6 6 -8 -9 -10 -11 11 -13 -14 -15
leaf_value=-0.005906697590267268 -0.019616403096687818 -0.020493636202765984 -0.0034804724401711652 0.022438492367799965 0.019832912250155949 0.0057840826276121873 -0.023759533241509728 0.012697020834174426 0.0097147656948990222 -0.017915622349235105 -0.012282674495852467 0.016949385555829765 -0.03414311707638782 -0.0026882470193395134
leaf_weight=2.7133920472115305 1.7259161855326954 1.3927212258568085 1.1507383752614253 2.5746249211952086 4.8413174366578451 1.5506300702691072 1.9343666108325122 8.8311139503493887 2.1922060102224341 4.6973775438964367 1.6685694759944452 4.5103473011404276 0.94273970182985056 0.71764591615647066
leaf_count=21 452 220 30 77 161 46 22 66 10 40 341 21 13 21
internal_value=0.00123934 0.00260512 -0.00276785 0.000859332 0.00784714 0.00298985 -0.0122556 0.00820215 -0.0038468 -0.00681948 0.00135147 0.00844415 -0.0238621 0.0176111
internal_weight=41.4437 39.7178 19.847 17.7535 19.8708 15.0295 3.485 11.5445 14.4612 12.269 7.57164 6.17892 2.09348 3.29227
internal_count=1541 1089 773 730 316 155 68 87 632 622 582 362 43 98
is_linear=0
shrinkage=0.03


Tree=207
num_leaves=15
num_cat=0
split_feature=0 2 5 6 1 8 5 1 6 6 8 1 8 1
split_gain=2.47535 1.74577 1.22609 1.19647 1.07352 1.23745 1.16449 1.20423 1.08323 1.37183 1.19582 1.00574 0.907313 0.846198
threshold=16.863557815551761 29.291781425476078 220.83675384521487 8.0977010726928729 14.540793895721437 1.4900460912726832 223.1991882324219 16.472542762756351 8.0468769073486346 8.0642995834350604 1.6910406365248629 13.540494918823244 2.9807005722994706 8.6799950599670428
decision_type=2 2 2 2 2 2 2 2 2 2 2 2 2 2
left_child=13 2 -2 4 5 11 -6 8 10 -10 -8 -4 -9 -1
right_child=1 -3 3 -5 6 -7 7 12 9 -11 -12 -13 -14 -15
leaf_value=0.00098911250865389667 -0.01991780308125073 -0.019491138558882907 -0.015118984937935887 -0.0092411324292601335 0.021184314612281568 0.022194285628711747 0.012956555190570046 -0.022990669105534295 0.022670409849265851 -0.0047324193707637416 -0.012128382842088189 0.014420187095246267 0.0065964970039228601 -0.019761091845295106
leaf_weight=2.2241627577459422 0.747507255524403 1.9163377006771032 1.3119300706312116 3.1209577172994605 1.7805521441623557 6.5229354614857584 1.6060766745358686 1.9724366492591792 3.402303968090564 2.1547467280179262 4.1998988823033869 0.89779014140367497 0.82654496561735857 6.1861870643915609
leaf_count=473 55 58 50 32 52 190 27 20 56 20 112 52 123 221
internal_value=-0.00127875 0.00279191 0.00489703 0.00623287 0.00847374 0.0163757 0.00343434 -4.73319e-05 0.004495 0.0129437 -0.00430513 -0.00236393 -0.014817 -0.0147516
internal_weight=38.8704 30.46 28.5437 27.7962 24.6752 8.73266 15.9426 14.162 11.363 5.55705 5.80598 2.20972 2.79898 8.41035
internal_count=1541 847 789 734 702 292 410 358 215 76 139 102 143 694
is_linear=0
shrinkage=0.03


Tree=208
num_leaves=15
num_cat=0
split_feature=1 8 8 6 7 4 2 0 0 6 2 2 1 7
split_gain=1.05177 0.855259 0.946144 1.54145 1.59007 1.59576 1.47514 2.27145 1.34309 1.11635 1.08865 1.35258 1.47275 1.2728
threshold=8.6481337547302264 0.41149222285036463 1.9316474860825088 8.0213117599487322 -0.50012370070945877 37.201108932495124 27.156339645385746 20.03808689117432 18.905592918396 8.0600395202636737 27.100527763366703 27.945035934448246 14.974328041076662 -0.48957941501952756
decision_type=2 2 2 2 2 2 2 2 2 2 2 2 2 2
left_child=-1 -2 3 4 5 -3 -5 -8 -4 10 13 12 -12 -10
right_child=1 2 8 6 -6 -7 7 -9 9 -11 11 -13 -14 -15
leaf_value=-0.018040176738408163 -0.01595092018698906 0.025352454889704359 -0.022098842422346356 0.014992538722141024 -0.023828658983565332 -0.01127556853864824 -0.030946422501115428 0.010151464056664816 0.01763436526766337 -0.013991869497693947 0.0070766540642655286 0.0087751059062576471 -0.028971542988025931 -0.014037730116914162
leaf_weight=1.3571407550480206 1.1539954217150796 1.0547749269753697 1.5379264601506317 14.809818204259502 1.7319798811804528 1.3760502920486031 0.90944977384060566 2.4217057377099991 5.7173829814419124 2.3875868236646047 1.1352552082389595 3.0769564188085496 1.6426350553520022 0.60093492257874537
leaf_count=481 19 11 188 272 36 39 22 55 261 22 23 75 31 27
internal_value=0.00149879 0.00259744 0.00354549 0.0074184 -0.00770843 0.00737498 0.0111109 -0.00562328 -0.00194025 0.00147227 0.00533723 -0.00374553 -0.0162659 0.0131155
internal_weight=40.9136 39.5565 38.4025 22.3038 4.16281 2.43083 18.141 3.33116 16.0987 14.5608 12.1732 5.85485 2.77789 6.31832
internal_count=1562 1081 1062 435 86 50 349 77 627 439 417 129 54 288
is_linear=0
shrinkage=0.03


Tree=209
num_leaves=15
num_cat=0
split_feature=6 0 8 8 0 3 8 8 6 2 2 3 3 8
split_gain=1.52784 0.985982 1.03193 0.910277 0.883714 1.57801 0.875179 1.45214 1.26548 1.04024 1.70252 1.02214 0.953478 2.1839
threshold=8.0862870216369647 14.133542537689211 1.0487262710501755 0.6816885911549645 18.7666130065918 16.25876617431641 1.3475136826223062 1.405733192482771 8.0162868499755877 22.813458442687992 18.553855895996097 16.65492153167725 13.745976448059084 2.9312958016524484
decision_type=2 2 2 2 2 2 2 2 2 2 2 2 2 2
left_child=1 -1 3 -3 5 -2 -4 -8 -9 10 -10 12 13 -11
right_child=4 2 6 -5 -6 -7 7 8 9 11 -12 -13 -14 -15
leaf_value=-0.014754153868878784 0.01377356880324381 -0.0024925164822543304 -0.012131252409203142 0.02187485869173271 -0.029431502609318108 -0.019791559337248132 0.024167018713615217 -0.01943464411884651 0.0086765356684371363 0.026465285208970093 -0.023622987319393655 0.018346922469250099 -0.0023402303117903162 -0.014947433374330528
leaf_weight=2.1235684116836628 1.5540850437246256 1.7757655987516034 3.2624854724854258 3.2009755512699485 1.3743356782943008 1.5260370783507822 1.5238430034369255 1.646602399181577 1.9693885627202714 2.3766827955842049 2.2169506470672786 3.3377422252669922 12.300204070750622 0.95342305907979596
leaf_count=577 53 28 61 32 16 10 17 123 23 14 116 60 200 201
internal_value=-0.000701449 0.00146295 0.00284615 0.014218 -0.0155278 -0.0036311 0.000531057 0.00248685 0.000269724 0.00241757 -0.00968505 0.00543993 0.00174625 0.0138949
internal_weight=41.1421 36.6876 34.5641 4.97674 4.45446 3.08012 29.5873 26.3248 24.801 23.1544 4.18634 18.9681 15.6303 3.33011
internal_count=1531 1452 875 60 79 63 815 754 737 614 139 475 415 215
is_linear=0
shrinkage=0.03


Tree=210
num_leaves=15
num_cat=0
split_feature=0 7 8 8 7 8 4 6 8 6 7 6 8 6
split_gain=1.62557 0.828807 1.77048 1.66944 1.65901 1.54361 1.5357 1.28835 1.20647 1.00753 0.976043 0.673703 0.653504 0.607501
threshold=14.133542537689211 -0.20595377985685925 1.8705135971439584 1.3332371378501853 -0.48450021494237777 0.88119588333900012 34.609809875488288 8.0600395202636737 3.3155893090753241 8.0648794174194354 -0.93602878778951892 8.0759630203247088 2.7211913247447574 8.0356855392456072
decision_type=2 2 2 2 2 2 2 2 2 2 2 2 2 2
left_child=-1 2 3 5 7 -2 -3 8 10 -8 12 -9 -4 -6
right_child=1 6 4 -5 13 -7 9 11 -10 -11 -12 -13 -14 -15
leaf_value=-0.020291398683803353 0.014878860691492551 0.0062844822872165805 -0.013879999874364255 0.022245047972329759 0.0021939001790588176 -0.016957562169106901 -0.023515945492724118 -0.020595385470091536 -0.014938946677747181 0.0031860123917730352 0.015827378177605194 0.0023784553440518758 0.0082631496333225793 -0.03281048727510999
leaf_weight=1.6821548200678069 1.6729495637118836 6.1856578923761827 1.3839821293950092 7.7198388059623539 0.44362782954704083 1.8244225261732934 2.7734019634081051 1.6365960519760858 0.97581239661667574 1.5946352556347845 8.1946877161972171 1.707403003470972 1.4845514032058416 0.71351996879093349
leaf_count=569 27 40 13 175 18 52 31 15 339 23 133 29 27 43
internal_value=0.00240646 0.00389389 0.00655079 0.015212 0.000144541 -0.00180658 -0.0030562 0.00339312 0.00793401 -0.0149903 0.0110226 -0.011018 -0.00324657 -0.0245946
internal_weight=39.9932 38.3111 27.7574 11.2172 16.5402 3.49737 10.5537 15.383 12.039 4.36804 11.0632 3.344 2.86853 1.15715
internal_count=1534 965 871 254 617 79 94 556 512 54 173 44 40 61
is_linear=0
shrinkage=0.03


Tree=211
num_leaves=15
num_cat=0
split_feature=6 3 1 6 3 3 2 1 1 8 5 3 0 6
split_gain=0.886057 2.03071 0.965346 0.996594 0.986071 1.31016 1.38333 2.04291 1.36952 1.51889 1.04638 0.922801 1.27212 1.11236
threshold=8.0162868499755877 22.69757175445557 18.350676536560062 8.0198678970336932 19.582293510437015 17.313705444335941 27.888125419616703 16.472542762756351 16.021356582641605 1.9365449016937606 236.2900314331055 16.566885948181156 16.570536613464359 8.0448503494262713
decision_type=2 2 2 2 2 2 2 2 2 2 2 2 2 2
left_child=1 -1 3 -2 5 6 7 8 9 11 -11 12 13 -5
right_child=2 -3 -4 4 -6 -7 -8 -9 -10 10 -12 -13 -14 -15
leaf_value=-0.024900349466726601 -0.015035048351091457 0.017808082015790459 0.017607301757344897 0.0036709346214395446 -0.020754272835190105 0.018439626383342577 0.017582030753353628 -0.028198831452779363 0.018546072441365483 -0.024472441169123515 -0.0010116469275058167 -0.013316785717443285 0.015579193886228332 -0.020752902937905961
leaf_weight=2.3875470048515122 2.7908311228966332 0.60230479389429081 1.8698830505600188 6.1777198173804404 0.74560618307441373 3.0101671041920772 2.5575173255056134 1.4904117617988948 2.2481128706131122 2.8128430568613103 3.2674068501219153 1.7016286915168155 5.5566592775285244 1.2040882353903724
leaf_count=216 148 2 69 291 12 65 46 67 29 33 230 33 149 130
internal_value=-0.000579652 -0.0139898 0.000904833 -0.000508209 0.00124103 0.00243852 6.1139e-05 -0.00238956 0.000391816 -0.00234105 -0.0137886 0.00299091 0.00593718 -0.00231362
internal_weight=38.4227 2.98985 35.4329 33.563 30.7722 30.0266 27.0164 24.4589 22.9685 20.7203 6.08025 14.6401 12.9385 7.38181
internal_count=1520 218 1302 1233 1085 1073 1008 962 895 866 263 603 570 421
is_linear=0
shrinkage=0.03


Tree=212
num_leaves=15
num_cat=0
split_feature=8 8 0 3 4 8 7 6 3 6 6 5 0 4
split_gain=0.868112 2.13822 1.92163 2.48728 1.9082 1.531 1.41226 1.48801 1.35569 1.09114 1.69424 1.07135 1.03168 1.03089
threshold=1.3598715450933121 1.3848532734144536 14.448084354400637 18.864840507507328 33.941772460937507 0.91265505516689327 -0.93602878778951892 8.0320386886596697 13.61273241043091 8.0198678970336932 8.0191164016723651 228.30340576171878 19.933433532714847 37.91930007934571
decision_type=2 2 2 2 2 2 2 2 2 2 2 2 2 2
left_child=2 -2 -1 5 -3 -4 8 9 -6 10 -8 -9 13 -13
right_child=1 4 3 -5 6 -7 7 11 -10 -11 -12 12 -14 -15
leaf_value=-0.026312447812158701 0.025854708069703553 -0.022964668976543555 -0.0045980075390761408 -0.022305640919751096 0.0063678766771870284 0.022603460158090762 0.011530664443984156 0.013006891118245933 -0.025474811857029635 0.021278839929656738 -0.024457824076207713 0.0080341286634527664 -0.02146025925952498 -0.010525885952640965
leaf_weight=2.4438715873984602 2.071376501000489 2.0521299508400288 2.9772025961428881 2.0245730690658092 1.4724906991468807 2.9719287334010005 2.7422576049575569 2.5871733161620787 1.9735439140349624 5.3336542453616858 0.71778332698158909 4.8154214103706163 1.848273743642493 4.020548811648041
leaf_count=382 20 112 36 28 170 62 93 20 30 149 9 244 52 115
internal_value=-0.000534867 0.00210977 -0.00758389 0.000448765 -0.000517357 0.0102879 0.00208643 0.00499975 -0.0134965 0.0138773 0.000255037 -0.00144279 -0.00575549 -0.000622601
internal_weight=40.0522 29.6347 10.4176 7.9737 27.5633 5.94913 25.5111 22.0651 3.44603 8.7937 3.46004 13.2714 10.6842 8.83597
internal_count=1522 1014 508 126 994 98 882 682 200 251 102 431 411 359
is_linear=0
shrinkage=0.03


Tree=213
num_leaves=15
num_cat=0
split_feature=3 6 4 4 8 3 6 8 0 4 1 0 8 8
split_gain=1.35469 1.04065 1.38782 1.50643 1.59048 0.992587 1.08007 1.64745 1.8301 1.45247 1.65085 1.2873 1.83723 1.2496
threshold=22.69757175445557 8.0207700729370135 36.359355926513679 37.177669525146491 1.7220740916525099 19.582293510437015 8.0862870216369647 2.0551117177701812 20.648555755615238 36.698650360107429 11.155070781707765 18.7666130065918 0.99939305585065119 0.78202887872996796
decision_type=2 2 2 2 2 2 2 2 2 2 2 2 2 2
left_child=1 2 -1 -4 -5 6 7 9 -9 10 13 12 -8 -3
right_child=-2 5 3 4 -6 -7 11 8 -10 -11 -12 -13 -14 -15
leaf_value=-0.027389390674987114 0.021215011611166575 -0.015165063743536301 0.012705268788637793 0.0065828385502219996 -0.028832648508900296 -0.02243609516948538 -0.023340065582697331 -0.017933542985907859 0.0063134740391419773 0.019236330499659723 -0.012539988368231749 -0.030887317512491214 0.01451476568139224 0.014574960761077832
leaf_weight=2.5920130175072682 1.042800411581992 0.7066232525976498 2.3135247845202684 1.4737662696279588 1.63908906863071 0.86664623953401942 0.86430053343065072 5.0127075513591972 4.5140511342324317 5.582679796498268 3.8960167653858662 1.0583350677043197 2.0281161202583462 5.8866922076558694
leaf_count=254 3 90 121 33 37 14 15 263 93 208 36 13 48 308
internal_value=-0.00274386 -0.0039154 -0.0128727 -0.00275556 -0.0145416 -0.00121946 0.000116845 0.00250788 -0.00693626 0.00818432 0.00113986 -0.012753 0.000112912 0.00981024
internal_weight=39.4774 38.4346 8.01839 5.42638 3.11286 30.4162 29.5495 25.5988 9.52676 16.072 10.4893 3.95075 2.89242 6.59332
internal_count=1536 1533 445 191 70 1088 1074 998 356 642 434 76 63 398
is_linear=0
shrinkage=0.03


Tree=214
num_leaves=15
num_cat=0
split_feature=0 6 0 7 3 1 5 2 2 1 3 1 2 2
split_gain=1.23911 1.18544 0.8413 1.82863 1.77921 0.873632 1.22043 1.18549 0.849378 1.55276 1.1191 0.994568 1.19305 0.783945
threshold=14.133542537689211 8.0862870216369647 15.267641544342043 -0.042969107824024085 15.227270603179933 12.549790859222414 230.793327331543 28.550621032714847 26.23016452789307 13.624213695526125 6.0876493453979501 14.906283855438234 27.375854492187504 28.126243591308597
decision_type=2 2 2 2 2 2 2 2 2 2 2 2 2 2
left_child=-1 2 -2 4 8 -6 7 -7 9 -4 -11 12 -10 -13
right_child=1 -3 3 -5 5 6 -8 -9 11 10 -12 13 -14 -15
leaf_value=-0.018985620334391967 0.014762559214994407 -0.010817010643785575 -0.015729135765038534 -0.02045531783385621 -0.0058193924172279914 -0.0073361090840813239 0.022150208250657225 0.015029997698947115 -0.012849959929224429 -0.01147209967147874 0.020092743665749525 -0.029922761855451022 0.016678568592203055 -0.0006222415189028527
leaf_weight=1.5221097868634377 5.1721675716107702 4.1334544415585688 1.4780319478595645 1.8795156553387666 1.8189725494012225 3.5147142093628627 6.5017568552866578 3.1351714767515659 1.5838826238177719 0.61534142540767822 3.1928181652911007 1.7342639651615175 1.360950492788106 1.2368746493011711
leaf_count=576 39 68 68 23 27 27 199 15 31 255 51 70 26 81
internal_value=0.00143675 0.0027421 0.00469576 0.00239544 0.00472879 0.0111951 0.0137932 0.00379498 -0.00412202 0.00425322 0.0136672 -0.0111386 0.00156521 -0.0209533
internal_weight=38.88 37.3579 33.2245 28.0523 26.1728 14.9706 13.1516 6.64989 11.2022 5.28619 3.80816 5.91597 2.94483 2.97114
internal_count=1556 980 912 873 850 268 241 42 582 374 306 208 57 151
is_linear=0
shrinkage=0.03


Tree=215
num_leaves=15
num_cat=0
split_feature=2 7 6 7 7 2 4 3 6 6 2 1 4 4
split_gain=1.55695 1.24362 1.17834 1.43595 2.94761 2.177 1.38946 1.38404 1.75148 1.15371 1.07679 0.867316 0.822628 0.663094
threshold=29.985845565795902 0.014322257991118458 8.0977010726928729 -0.71687896939514906 -0.75342913436422265 24.16547775268555 34.667175292968757 15.329659938812258 8.0238070487976092 8.1966772079467791 27.767491340637211 14.369328975677492 38.632978439331062 32.098018646240241
decision_type=2 2 2 2 2 2 2 2 2 2 2 2 2 2
left_child=1 2 3 4 7 6 13 8 -1 -3 -9 -10 -7 -5
right_child=-2 9 -4 5 -6 12 -8 10 11 -11 -12 -13 -14 -15
leaf_value=0.0076761369941136352 -0.025482627831263035 -0.019675209012522635 -0.018819746655959941 -0.011720534893170096 -0.037013971522506031 0.024597959531154796 -0.0096624041107168275 0.018737380441121283 0.0076839574424902562 0.008931031615930585 -0.0029661157698478791 -0.026851754707512318 -0.0024715059906459942 0.012387139217869299
leaf_weight=2.7977262386120838 1.0396623400738452 3.2705227955011642 1.059459467884152 0.39153289096430466 0.95202657463959894 6.6052399520995086 5.0100252830889076 4.2318282146006823 0.34382841293700073 1.1245505884289739 2.9946042709052563 2.4359407509909943 0.96670184098184098 6.2611557905329391
leaf_count=153 24 343 39 24 30 247 233 61 18 6 23 108 12 207
internal_value=7.75635e-05 0.00139728 0.00342838 0.00467551 -0.00263305 0.00977416 0.00122913 0.00241953 -0.00802483 -0.0120571 0.0104763 -0.0216773 0.0212569 0.00962217
internal_weight=39.4848 38.4451 34.0501 32.9906 13.756 19.2347 11.6627 12.8039 5.5775 4.39507 7.22643 2.77977 7.57194 6.65269
internal_count=1528 1504 1155 1116 393 723 464 363 279 349 84 126 259 231
is_linear=0
shrinkage=0.03


Tree=216
num_leaves=15
num_cat=0
split_feature=2 2 0 2 7 0 8 6 7 8 8 3 3 0
split_gain=1.02161 1.1659 0.785352 2.35519 1.14895 1.00011 1.18421 0.787675 1.2947 1.0967 0.930282 0.765844 0.664504 1.08341
threshold=29.985845565795902 28.003631591796879 20.678366661071781 27.720981597900394 -0.83023111391020199 17.062447547912601 2.7211913247447574 8.0673027038574237 -0.28477459805095845 1.7518307522353112 2.0812038414772887 14.556005001068117 16.348674774169925 15.267641544342043
decision_type=2 2 2 2 2 2 2 2 2 2 2 2 2 2
left_child=1 2 5 4 -4 12 7 8 10 -9 -7 -3 13 -1
right_child=-2 11 3 -5 -6 6 -8 9 -10 -11 -12 -13 -14 -15
leaf_value=-0.00057346647024836479 -0.021847253836621186 -0.0066138658144230126 0.0093492936255142687 -0.038082871228729616 -0.019002631584063776 0.025691019364300634 -0.011255392917718921 0.010314537932802851 -0.011638192189671895 -0.012281747042268374 0.0031504553596562283 0.017304563585290401 0.010909653452448419 -0.01901873283613369
leaf_weight=7.6933531936956587 0.81993480445817013 0.96433124225586553 3.468365567154251 0.94945293199270953 0.81050646386574854 4.532496795989573 2.2382031300803638 3.372306937351822 0.81741990521550345 2.4658948481082916 2.7919470686465502 4.5571346455253661 1.1465229205787171 3.6296652380842716
leaf_count=641 24 58 140 15 28 188 169 47 12 26 35 64 9 104
internal_value=0.00014394 0.00113012 -0.00107322 -0.0107363 0.00139645 0.000990181 0.00575053 0.00904278 0.0145408 0.000370139 0.0185096 0.0127536 -0.00516854 -0.00754975
internal_weight=40.2575 39.4376 33.9161 5.22832 4.27887 28.6878 16.2183 13.9801 8.14186 5.8382 7.32444 5.52147 12.4695 11.323
internal_count=1560 1536 1414 183 168 1231 477 308 235 73 223 122 754 745
is_linear=0
shrinkage=0.03


Tree=217
num_leaves=15
num_cat=0
split_feature=0 5 8 5 6 6 8 5 2 8 6 6 1 0
split_gain=1.07504 1.67075 1.48216 2.10494 1.36796 1.26285 2.3623 1.9102 1.46861 0.986444 0.953164 1.28054 1.14931 0.878874
threshold=21.143773078918461 223.1991882324219 0.95720385928807106 258.14437866210943 8.0165042877197283 8.026090621948244 1.4673485030035305 237.88254547119143 19.601031303405765 2.3104267749292009 8.049753665924074 8.0625395774841326 14.598510742187502 14.133542537689211
decision_type=2 2 2 2 2 2 2 2 2 2 2 2 2 2
left_child=2 9 3 -1 -4 13 8 10 -7 -2 12 -12 -8 -6
right_child=1 -3 4 -5 5 6 7 -9 -10 -11 11 -13 -14 -15
leaf_value=0.014914874114365763 0.011591542394446227 -0.022942154436994877 -0.018131366598550733 -0.02781869787470476 -0.0064061869793006071 -0.0037171172076857543 0.0085967936118631957 -0.015843616086647694 0.026462868952371044 -0.013063337193703521 0.024446962297498598 -0.0022577099464660753 -0.023088983373892921 0.017983813907607983
leaf_weight=0.80359817529097144 2.9997917413711539 3.2230033045634627 1.2757336980430434 2.0761174649232998 1.0423476999858419 1.8308401041431377 1.2740030940622076 6.4181132159428671 3.4196121455170214 1.3313429799163712 2.3014784534461796 2.8648508172482252 1.0764126771828157 8.0350028758402896
leaf_count=24 14 82 90 206 154 96 55 364 92 145 39 29 34 137
internal_value=2.40232e-05 -0.00946631 0.00245258 -0.0151231 0.00460514 0.00621597 0.00160986 -0.00495066 0.0170281 0.0029841 0.00511842 0.0116739 -0.00847451 0.0148253
internal_weight=39.9722 7.55414 32.4181 2.87972 29.5384 28.2627 19.1853 13.9349 5.25045 4.33113 7.51675 5.16633 2.35042 9.07735
internal_count=1561 241 1320 230 1090 1000 709 521 188 159 157 68 89 291
is_linear=0
shrinkage=0.03


Tree=218
num_leaves=15
num_cat=0
split_feature=2 2 7 2 6 8 4 4 0 8 7 6 8 6
split_gain=1.3771 1.45288 1.02372 0.925027 1.3376 1.81648 1.00764 0.96119 0.627571 0.752992 1.7319 1.96493 1.1195 0.979326
threshold=29.985845565795902 27.945035934448246 -0.97091782375839342 27.100527763366703 8.0320386886596697 2.406802220668987 38.237934112548835 31.581495285034183 13.957610607147219 1.9365449016937606 -0.48450021494237777 8.0600395202636737 3.3155893090753241 8.0210433006286639
decision_type=2 2 2 2 2 2 2 2 2 2 2 2 2 2
left_child=1 3 -3 7 5 -5 -6 -1 -9 13 11 12 -11 -10
right_child=-2 2 -4 4 6 -7 -8 8 9 10 -12 -13 -14 -15
leaf_value=-0.019462193426752056 -0.024737801556738787 -0.0057066041986112816 0.01978130663281449 0.015278074473407583 -0.031868631061337666 -0.021132570194449096 8.7217460534843864e-05 -0.01450657359809459 -0.0093811764304981039 0.016378297778499504 -0.026585892449265933 -0.016852828265289596 -0.012562361836881926 0.010019999604602347
leaf_weight=0.988391292863528 1.0267975629540149 1.4333256045356391 4.2209041079040608 2.3788794721476729 1.9798578973859551 0.95063309278339136 1.257348630344495 0.92704537953250366 1.9692147234454775 5.2303025561850536 1.2477020244114054 2.2076068832539022 0.71261581266298879 13.701346239540724
leaf_count=148 25 31 88 64 22 15 27 430 25 91 63 19 281 219
internal_value=-0.00062093 0.000610279 0.0134336 -0.00187705 -0.0111496 0.00240232 -0.0223655 0.000697261 0.00215629 0.00330532 -0.00320123 0.00289273 0.0115985 0.00716549
internal_weight=40.232 39.2052 5.65423 33.5509 6.56672 3.32951 3.23721 26.9842 25.9958 25.0688 9.39823 8.15053 5.94292 15.6706
internal_count=1548 1523 119 1404 128 79 49 1276 1128 698 454 391 372 244
is_linear=0
shrinkage=0.03


Tree=219
num_leaves=15
num_cat=0
split_feature=5 5 1 0 5 0 6 4 6 6 8 5 8 1
split_gain=0.823251 2.51491 2.1315 1.34052 1.65879 1.35138 1.11697 1.32858 0.830103 1.37481 0.827005 0.89407 0.935098 1.71284
threshold=234.37496185302737 237.88254547119143 17.41402626037598 18.7666130065918 240.9055099487305 17.875490188598636 8.0196290016174334 37.720029830932624 8.049753665924074 8.0636782646179217 1.9572819244026749 254.26270294189456 0.95720385928807106 10.236512660980226
decision_type=2 2 2 2 2 2 2 2 2 2 2 2 2 2
left_child=2 -2 6 5 -5 10 -1 -8 -9 -10 11 -3 -13 -14
right_child=1 3 -4 4 -6 -7 7 8 9 -11 -12 12 13 -15
leaf_value=-0.032070436497758224 0.019779774419638557 0.016995600374798189 0.0075677186965532224 -0.0015389073185157172 -0.041511069054838125 0.018916753379403458 0.010847491552763898 -0.026168942885193884 0.011094692296820396 -0.016805037446993215 -0.023060530714729417 -0.018407391828973257 0.012492385579279532 -0.010474627946021211
leaf_weight=1.7434506270801637 4.2676575785735649 1.1933795325458056 5.058033305220305 2.2440811687847595 0.70692559413146216 1.9326657380443055 1.7617313314694891 2.1135643583256751 1.9979124381206927 2.4910757504403591 0.70256796211469996 1.9962317008757953 4.6645336959045363 5.0408197864890099
leaf_count=30 179 42 234 80 19 84 54 32 27 21 140 203 377 33
internal_value=-0.00218154 0.00143889 -0.0073653 -0.00359429 -0.0191973 0.000352542 -0.0148465 -0.008215 -0.0140592 -0.00462868 -0.00340119 -0.000747523 -0.00375265 0.000699482
internal_weight=37.9146 22.7489 15.1658 18.4812 2.95101 15.5302 10.1077 8.36428 6.60255 4.48899 13.5975 12.895 11.7016 9.70535
internal_count=1555 1157 398 978 99 879 164 134 80 48 795 655 613 410
is_linear=0
shrinkage=0.03


Tree=220
num_leaves=15
num_cat=0
split_feature=8 8 4 4 8 5 4 1 2 8 7 4 8 8
split_gain=1.33613 1.7089 3.27167 1.34166 1.25636 1.46537 1.39839 1.40958 1.30149 0.958027 0.949246 1.02167 1.63426 0.872485
threshold=1.3475136826223062 1.405733192482771 34.02820014953614 32.210746765136726 1.9316474860825088 231.44509124755862 37.759532928466804 14.369328975677492 24.063302040100101 2.7211913247447574 -0.074788294607539982 37.984342575073249 1.7220740916525099 1.8456792521016332
decision_type=2 2 2 2 2 2 2 2 2 2 2 2 2 2
left_child=3 -2 -3 -1 10 -6 8 -8 -7 -10 11 -4 -13 -14
right_child=1 2 4 -5 5 6 7 -9 9 -11 -12 12 13 -15
leaf_value=0.008102106627278895 0.025160558894585787 -0.03039874028125563 0.023834801830184021 -0.016002453383830616 0.0064796511765311971 -0.017340253375414401 -5.7619474531518828e-05 -0.036553628249237927 0.019055370089963452 -0.008669625856995657 -0.0051800545586931507 0.019407427044051156 -0.026452968130964309 0.0052856936719383029
leaf_weight=2.1003318086732161 1.6830788539955417 1.8636149087687979 4.3803922217339277 7.1100157630862668 8.4868454928509909 1.3532493057427917 1.5015495913103225 1.6196078751236198 2.2443935796618466 1.0001511947484685 1.9578217850066737 1.4080089149065318 0.87095027742907383 0.86009660735726357
leaf_count=154 37 119 136 347 251 188 46 14 28 60 56 34 18 23
internal_value=-0.000886504 0.00230558 7.66935e-05 -0.0102505 0.00334443 -0.00178732 -0.0105774 -0.0232702 0.000656798 0.0104799 0.0114526 0.0158829 0.00170884 -0.014522
internal_weight=38.4401 29.2298 27.5467 9.21035 25.6831 16.2058 7.71895 3.12116 4.59779 3.24454 9.47727 7.51945 3.13906 1.73105
internal_count=1511 1010 973 501 854 587 336 60 276 88 267 211 75 41
is_linear=0
shrinkage=0.03


Tree=221
num_leaves=15
num_cat=0
split_feature=1 8 2 8 1 0 3 5 8 0 5 5 0 1
split_gain=0.994342 1.05927 0.834198 0.587276 0.788607 1.13001 0.992934 1.57876 0.992322 0.748194 1.1593 1.50161 1.02762 0.968011
threshold=8.6481337547302264 2.8925652622144127 27.081704139709476 0.43726431928606252 9.4152956008911151 14.448084354400637 13.299135684967043 256.65979003906256 0.88119588333900012 16.863557815551761 234.37496185302737 231.82182312011722 20.401513099670414 13.379576683044435
decision_type=2 2 2 2 2 2 2 2 2 2 2 2 2 2
left_child=-1 3 -3 -2 5 -5 -6 8 -8 -10 11 -11 13 -12
right_child=1 2 -4 4 6 -7 7 -9 9 10 12 -13 -14 -15
leaf_value=-0.016998371400813124 -0.010693883297634951 -0.021869754767474867 0.0051258560648205836 -0.0052294457544604673 0.016755266974240943 0.026399116144696338 0.02199195834148613 -0.014315355498518431 -0.015079737058441614 0.0037061662951619573 0.0018889525918335795 -0.019780652271213062 -0.012230827479622531 0.022002984901906927
leaf_weight=1.1935752033023153 1.0805319407954801 1.4948574196314433 1.2241327899973837 1.030795767786912 3.8516415369231281 2.4754429664462805 1.7342740893364013 3.5884100627154103 1.0129335373640085 8.7022803109139222 3.7096014092676306 2.2953078420832744 0.72984413150698024 4.9061807198449969
leaf_count=465 19 381 98 61 64 11 21 28 6 74 86 47 23 165
internal_value=0.00280496 0.00385128 -0.0116057 0.00533624 0.00613583 0.0180036 0.00424512 0.00189893 0.00490838 0.00259941 0.00414499 -0.00243591 0.0113761 0.0144398
internal_weight=39.0298 37.8362 2.71899 35.1172 34.0367 3.50624 30.5305 26.6788 23.0904 21.3561 20.3432 10.9976 9.34563 8.61578
internal_count=1549 1084 479 605 586 72 514 450 422 401 395 121 274 251
is_linear=0
shrinkage=0.03


Tree=222
num_leaves=15
num_cat=0
split_feature=6 8 4 0 7 8 8 2 7 6 8 2 6 7
split_gain=1.22131 1.49959 2.99373 1.12349 1.45464 1.12389 1.35042 1.11464 1.95665 1.10445 0.806973 1.16032 1.0135 1.62882
threshold=8.0355548858642596 1.33662678048117 33.383050918579109 16.570536613464359 -0.32746816546320434 2.7211913247447574 0.88119588333900012 18.447871208190922 -0.28477459805095845 8.053007125854494 2.406802220668987 24.406964302062992 8.0236010551452654 -0.61773435947833499
decision_type=2 2 2 2 2 2 2 2 2 2 2 2 2 2
left_child=1 2 -1 -2 5 6 -5 -3 10 -7 12 -12 13 -9
right_child=3 7 -4 4 -6 9 -8 8 -10 -11 11 -13 -14 -15
leaf_value=0.013328869506228783 -0.025219704106220309 0.021135640439405426 -0.027221333914735295 0.012864288949899482 0.0080054500597449337 0.014500111129837064 -0.019031909398357662 -0.014638250825588086 -0.022124229188687061 -0.015723218494001073 0.013843360446333556 -0.01279733493975593 0.022645979288834113 0.015981981718221176
leaf_weight=1.9805199707625458 2.2954283483559292 2.4593845853814846 3.0023582896683365 0.66708012018353002 4.4568764348514351 2.0835869153961553 8.1744366986677033 2.0253834314644337 1.5787670845165838 0.72610503120813508 1.3789639342576263 2.946967309108004 3.1281320648267865 2.2435943027958256
leaf_count=155 251 124 168 14 64 98 184 21 25 57 90 196 57 44
internal_value=-0.00360452 0.00139353 -0.0115701 -0.0090197 -0.00537197 -0.0107175 -0.0155628 0.00593774 0.00184643 0.00461256 0.00655979 -0.00330042 0.0120325 0.00143344
internal_weight=39.1476 20.7441 4.98288 18.4035 16.1081 11.6512 8.84152 15.7612 13.3018 2.80969 11.723 4.32593 7.39711 4.26898
internal_count=1548 880 323 668 417 353 198 557 433 155 408 286 122 65
is_linear=0
shrinkage=0.03


Tree=223
num_leaves=15
num_cat=0
split_feature=3 7 2 2 2 8 2 2 8 3 5 5 0 7
split_gain=1.21849 1.08793 0.85639 1.00963 0.872425 0.857947 0.82181 1.82706 1.48902 0.771582 0.762552 1.03895 2.51979 1.42924
threshold=13.785173416137697 -0.93602878778951892 29.227619171142582 28.003631591796879 27.081704139709476 1.8775883196178309 24.16547775268555 18.202941894531254 2.7211913247447574 12.161772251129152 273.01007080078131 237.4740905761719 18.7666130065918 -0.61208818941192566
decision_type=2 2 2 2 2 2 2 2 2 2 2 2 2 2
left_child=6 -2 3 4 10 -6 7 9 -8 -1 11 -3 -13 -14
right_child=1 2 -4 -5 5 -7 8 -9 -10 -11 -12 12 13 -15
leaf_value=-0.013249186378862939 -0.011855940055482144 0.015679563372783499 -0.011724046934776283 0.022892064848407712 -0.015785288599403344 0.0056047434658088331 0.016184923934152183 -0.031765486297821298 -0.014226517280165548 0.012835512575637118 0.022412803029466966 0.0067719806586835395 0.0055082692040856994 -0.034161158153525432
leaf_weight=0.75743546884041135 2.9589207433164146 4.2436487483792176 1.631893828511237 2.0516441208310416 2.5469628232531241 2.4791880734264851 1.8717052834108474 2.1430603066692129 1.9284740671282632 1.4791173586854709 1.627535969018935 9.991088583134113 0.84050432406365905 1.5664024925790716
leaf_count=301 26 70 9 46 64 29 23 374 288 90 6 144 38 32
internal_value=0.000181345 0.00302485 0.00502232 0.00650455 0.00417845 -0.00605525 -0.0094216 -0.0169724 0.00100337 0.00263742 0.00716204 0.00448463 -0.000231516 -0.0227577
internal_weight=38.1176 29.9378 26.9789 25.347 23.2953 5.02615 8.17979 4.37961 3.80018 2.23655 18.2692 16.6416 12.398 2.40691
internal_count=1540 464 438 429 383 93 1076 765 311 391 290 284 214 70
is_linear=0
shrinkage=0.03


Tree=224
num_leaves=15
num_cat=0
split_feature=7 6 7 7 8 0 7 4 1 7 1 4 8 0
split_gain=0.979141 0.994212 0.752386 1.60291 1.45935 1.21256 1.94959 3.22271 0.966011 0.88701 1.23539 2.05042 1.6914 1.59447
threshold=-0.97091782375839342 8.0509853363037127 -0.86101789635400328 -0.83675434338598031 0.91265505516689327 20.678366661071781 -0.83023111391020199 28.480535507202152 10.989904403686525 -0.77137529605205468 11.155070781707765 35.664554595947273 1.6510952603657658 14.133542537689211
decision_type=2 2 2 2 2 2 2 2 2 2 2 2 2 2
left_child=1 -1 -2 -4 8 9 -7 -8 -5 -6 13 -12 -13 -11
right_child=2 -3 3 4 5 6 7 -9 -10 10 11 12 -14 -15
leaf_value=-0.025374123986695633 0.0084437082023561295 0.0088349783111608109 -0.028418574302651836 -0.026967213326652844 0.018695716176573941 0.01561847085819381 0.01993974573901405 -0.037872473135152858 0.0041127659388067381 -0.011631733594654784 -0.022008394099841531 0.021259987835373532 -0.0044112734537033261 0.016994940451749537
leaf_weight=1.9340203979518258 5.1782843118999144 0.4709481531754135 1.0895863206824277 1.9360900940373604 2.2323916753521251 0.81008994777221266 0.49664840102195684 2.0499183578649536 0.95835552550852288 1.549599793623204 3.0529283386422312 2.2663423456251603 7.0647882360499352 6.0276210634037852
leaf_count=182 61 4 27 173 78 5 1 85 25 409 68 123 264 46
internal_value=-0.00268402 -0.0180479 -0.00114402 -0.00304653 -0.0011425 0.00141178 -0.0131739 -0.0241544 -0.0182629 0.00409067 0.0016433 -0.00413417 0.00327809 0.010467
internal_weight=37.1176 2.40497 34.7126 29.5344 28.4448 25.5503 3.35666 2.54657 2.89445 22.1937 19.9613 12.3841 9.33113 7.57722
internal_count=1551 186 1365 1304 1277 1079 91 86 198 988 910 455 387 455
is_linear=0
shrinkage=0.03


Tree=225
num_leaves=15
num_cat=0
split_feature=7 5 6 5 7 7 5 2 6 3 3 2 5 4
split_gain=0.964968 1.60006 1.47975 1.08061 1.18441 1.02218 1.98124 1.25945 2.00676 1.62892 1.03937 1.2811 1.22032 1.51989
threshold=0.38640753904084252 264.30863952636724 8.0862870216369647 262.23223876953131 -0.042969107824024085 -0.68454331317188444 238.25845336914065 24.505477905273441 8.0198678970336932 21.069143295288089 18.336423873901371 27.411670684814457 235.89527893066409 38.795892715454109
decision_type=2 2 2 2 2 2 2 2 2 2 2 2 2 2
left_child=1 2 3 4 5 7 -7 -1 9 -9 11 12 13 -10
right_child=-2 -3 -4 -5 -6 6 -8 8 10 -11 -12 -13 -14 -15
leaf_value=0.015864618905043537 0.013813249086765372 -0.019062817053229299 -0.018958128218988391 0.017400856571222735 -0.020572932671232939 0.023262198428686015 -0.0023268054665906415 -0.03745285732520217 -0.025331205812937928 0.0064333111484267159 -0.020597637198035024 0.012975272725523746 0.014939393894778281 0.0044096271555742403
leaf_weight=1.5867160806665239 2.0169470325345165 4.3675973442150271 2.7919385901186606 2.2096320965792975 1.5293385463301117 3.5172934005968273 6.4537079874426126 1.7919807990547263 2.468957325909285 0.69084280729293812 1.0279536927118886 4.7248110079672188 1.0102628795430062 2.3332383593078703
leaf_count=95 40 598 42 15 19 179 216 109 89 4 13 80 50 27
internal_value=-0.00263827 -0.00389133 -0.00131636 0.000931566 -0.00098035 0.000919112 0.00799734 -0.00380439 -0.00693262 -0.0269006 -0.000846184 0.00269895 -0.00633287 -0.0126115
internal_weight=38.5212 36.5043 32.1367 29.3447 27.1351 25.6058 9.971 15.6348 14.048 2.48282 11.5652 10.5373 5.81246 4.8022
internal_count=1576 1536 938 896 881 862 395 467 372 113 259 246 166 116
is_linear=0
shrinkage=0.03


Tree=226
num_leaves=15
num_cat=0
split_feature=0 8 0 0 6 6 3 7 8 2 0 7 3 3
split_gain=1.29434 1.20367 1.20522 1.84525 1.02492 1.38396 1.25011 1.06412 0.61321 0.443714 1.24551 0.416458 0.386476 1.09452
threshold=14.133542537689211 2.3104267749292009 20.544383049011234 22.297799110412601 8.0213117599487322 8.0862870216369647 18.7304801940918 -0.1757363467879012 0.43726431928606252 26.826959609985355 19.501204490661625 -0.56994636921857367 15.498984813690187 16.024677276611332
decision_type=2 2 2 2 2 2 2 2 2 2 2 2 2 2
left_child=-1 4 11 -4 6 8 -2 -7 -6 10 12 -3 -10 -14
right_child=1 2 3 -5 5 7 -8 -9 9 -11 -12 -13 13 -15
leaf_value=-0.019310152731961808 -0.015530497158354849 -0.021049481208563203 0.011219690574966452 -0.020653447175539678 -0.0071175913500137519 -0.018235237017909741 0.0097176892356898078 0.0071578632676703759 0.017694323988428965 0.021628419352459519 -0.0084380711783869772 0.0021731625002032605 -0.015100728678994488 0.01322808861641616
leaf_weight=1.4743468035012472 3.001017656177285 2.9058125403244022 4.8966860526707023 1.2736359740374608 0.75001755356789246 1.836003979668021 2.2617930574342608 2.2954045273363581 6.5435013915412146 4.6810820717364541 2.1407576655037692 0.63288514269515994 0.91346326610073481 2.5579380146227777
leaf_count=568 56 158 100 155 13 27 19 22 97 102 27 100 25 50
internal_value=0.00178091 0.00311828 -0.00555291 0.00267778 0.00632552 0.0091308 -0.00486055 -0.00548137 0.0126737 0.0139049 0.00951265 -0.0173325 0.0137675 0.00406361
internal_weight=38.1643 36.69 9.70902 6.17032 26.981 21.7182 5.26281 4.13141 17.5868 16.8367 12.1557 3.5387 10.0149 3.4714
internal_count=1519 951 513 255 438 363 75 49 314 301 199 258 172 75
is_linear=0
shrinkage=0.03


Tree=227
num_leaves=15
num_cat=0
split_feature=8 0 0 7 7 7 8 3 3 3 5 6 8 7
split_gain=1.03507 1.42547 1.45026 1.10281 1.21586 1.0313 1.41721 1.20175 1.36758 0.97149 1.68582 0.917381 0.795046 0.577473
threshold=2.3104267749292009 20.544383049011234 22.297799110412601 -0.4385247824796899 0.320214981300529 -0.60728607019027037 1.7991250186756378 15.515195369720461 19.582293510437015 15.498984813690187 265.78849792480474 8.0519270896911639 1.405733192482771 -0.56994636921857367
decision_type=2 2 2 2 2 2 2 2 2 2 2 2 2 2
left_child=3 13 11 5 9 6 7 -1 -9 10 -5 -3 -11 -2
right_child=1 2 -4 4 -6 -7 -8 8 -10 12 -12 -13 -14 -15
leaf_value=-0.030238354207064593 -0.027026879432585239 0.014925645526624348 -0.020205403557931358 0.0077485292936632488 0.012913645225747724 0.01985296744246531 0.011347162244901187 0.017700920870586084 -0.012982100571379477 -0.0010539689149834388 -0.01807907578580473 -0.010354357470970224 -0.024496736986403863 -0.00011822834889660031
leaf_weight=0.73725102329626491 2.7258413784438749 3.5739586851559579 1.2032343738246707 6.095071919262411 2.3686313729267559 3.4074789946898809 5.2819303181022406 1.3119718525558712 2.0096059152856469 2.0976370340213171 2.3486940423026681 0.99459998845122743 2.890161425806582 0.89997335546649804
leaf_count=27 156 85 161 63 63 122 80 54 15 40 530 21 28 122
internal_value=-0.00129263 -0.00940825 0.00045767 0.00160687 -0.00360857 0.00786319 0.00199245 -0.0100178 0.000428784 -0.00721516 -0.000589269 0.00855095 -0.0164603 -0.0218172
internal_weight=37.946 9.39761 5.77179 28.5484 15.8002 12.7482 9.34076 4.05883 3.32158 13.4316 8.44377 4.56856 4.9878 3.62581
internal_count=1567 545 267 1022 724 298 176 96 69 661 593 106 68 278
is_linear=0
shrinkage=0.03


Tree=228
num_leaves=15
num_cat=0
split_feature=1 7 4 3 5 7 4 1 5 8 1 5 0 1
split_gain=0.778589 2.15733 1.51996 1.38212 1.55531 1.61198 1.26157 1.10599 1.03375 1.03284 1.42062 1.39732 1.03281 1.01732
threshold=13.457069396972658 -0.53479981739813176 36.452892303466804 17.137381553649906 233.35565948486331 -0.77137529605205468 35.208374023437507 16.256471633911136 231.44509124755862 1.0288624698825137 11.155070781707765 258.14437866210943 14.133542537689211 15.319528579711916
decision_type=2 2 2 2 2 2 2 2 2 2 2 2 2 2
left_child=1 -1 9 4 5 13 -6 -8 -7 11 12 -3 -11 -2
right_child=3 2 -4 -5 6 8 7 -9 -10 10 -12 -13 -14 -15
leaf_value=-0.029780519377763236 0.012060321826374421 0.011997411017326308 0.020093721354726604 0.016060466622862077 -0.01727210756722072 0.0028057960184178134 0.017255633333550437 -0.012624421350900476 -0.037993264464951285 -0.010495262696337332 -0.014174677283898254 -0.026716442190333728 0.012720607982329201 -0.0082171936046767369
leaf_weight=1.4756922743981729 2.548401468899101 0.50317980349063818 1.920319260098039 5.6915160063654175 0.53607360273599525 0.58715866424609497 6.3092948575504124 0.57446128409355868 1.0845258636400101 1.4388155421474929 2.9044585700612515 2.0160072807921097 6.1979953972622752 4.9872083334485069
leaf_count=63 34 2 76 77 4 52 278 48 15 347 62 234 35 204
internal_value=0.000982323 -0.00383626 0.000422995 0.00454742 -8.10832e-05 -0.00794999 0.00946796 0.0134771 -0.0279766 -0.00369265 0.000920386 -0.0177719 0.00763787 -0.000750173
internal_weight=38.7751 16.4565 14.9808 22.3186 16.6271 9.20729 7.41983 6.88376 1.67168 13.0605 10.5413 2.51919 7.63681 7.53561
internal_count=1531 819 756 712 635 305 330 326 67 680 444 236 382 238
is_linear=0
shrinkage=0.03


Tree=229
num_leaves=15
num_cat=0
split_feature=0 8 8 8 2 5 2 8 5 4 1 5 4 7
split_gain=0.682472 1.85475 1.07096 1.16767 0.847228 0.646185 0.923203 0.597124 0.549786 1.08859 0.91892 0.976002 0.655844 0.539048
threshold=14.448084354400637 1.3598715450933121 1.6510952603657658 0.41149222285036463 22.813458442687992 222.15700531005862 30.055940628051761 1.3848532734144536 231.44509124755862 38.265760421752937 14.768144607543947 239.53742218017581 37.177669525146491 -0.68454331317188444
decision_type=2 2 2 2 2 2 2 2 2 2 2 2 2 2
left_child=1 -1 3 -2 -4 6 -6 -3 -7 10 11 -10 -12 -5
right_child=2 7 4 13 5 8 -8 -9 9 -11 12 -13 -14 -15
leaf_value=-0.025530182610348406 -0.014353359235129799 0.01791891677063288 -0.019130648229676531 -0.00042602047056371244 -0.024213895010409214 0.0069624702790966574 0.0089106148185267697 -0.0043114843830583385 0.017119224734478931 -0.021224673415800279 0.0023381175082680663 -0.0064660566403915406 -0.021587007215365203 0.013868194511996501
leaf_weight=2.2030949512263751 1.0724589051678766 0.98273818835150484 1.6032493908423955 3.0377848739735773 1.1686467754188949 7.4071561348391723 0.52631880692206312 1.748061168938875 3.205392010509966 1.3779246499761937 1.7238965579308572 1.8525670818053184 1.0528419995680449 8.9932861714623851
leaf_count=396 17 13 127 50 109 150 19 192 108 21 111 47 9 168
internal_value=-0.00041124 -0.00979042 0.00123673 0.0075954 -0.0031096 -0.000789282 -0.0144384 0.00634725 0.00134316 -0.00341425 0.00176602 0.00883931 -0.0100473 0.0105033
internal_weight=37.9554 4.93389 33.0215 13.1035 19.918 18.3147 1.69497 2.7308 16.6198 9.21262 7.8347 5.05796 2.77674 12.0311
internal_count=1537 601 936 235 701 574 128 205 446 296 275 155 120 218
is_linear=0
shrinkage=0.03


Tree=230
num_leaves=15
num_cat=0
split_feature=8 5 7 5 8 2 8 6 5 7 2 4 4 2
split_gain=1.08558 1.14947 1.22815 1.21851 1.19298 0.850177 1.25112 0.891875 0.832861 1.11626 0.676111 0.668867 1.19784 2.06475
threshold=2.3104267749292009 237.88254547119143 0.320214981300529 233.35565948486331 1.8988775702343823 18.553855895996097 1.3689495893238617 8.0340056419372576 225.830924987793 -0.86667000901180791 27.945035934448246 36.677911758422859 37.944084167480476 25.788427352905277
decision_type=2 2 2 2 2 2 2 2 2 2 2 2 2 2
left_child=1 3 5 4 -1 6 -3 -8 -2 -10 -11 -7 -13 -14
right_child=8 2 -4 -5 -6 11 7 -9 9 10 -12 12 13 -15
leaf_value=-0.0065455905906536219 -0.024247886205696879 -0.015252684671868875 0.015027494847738508 0.022752722975882201 0.014669591959316901 -0.015063786468697059 0.020339194965213872 -0.0059764464944549577 0.0097435952622048003 -0.016311362911595559 0.0099311123384134819 0.015378566320898408 0.013378504934637339 -0.034960176866334382
leaf_weight=5.1210692161694187 1.7254979748977328 1.2602365989005218 1.9055333184078325 2.8444451834075144 2.9292014362290502 7.4494860140839574 2.3885302293347199 1.2006570358062161 2.5211220512865102 3.6961811841465542 0.38449659943580616 1.5281988903880122 0.76854777289554455 0.65856322785839438
leaf_count=61 191 201 63 141 19 221 108 67 84 252 2 67 40 19
internal_value=-0.00126676 0.00162719 -0.00318111 0.00883126 0.00194179 -0.00624029 0.00364022 0.012152 -0.0101456 -0.00375479 -0.0123707 -0.0107608 0.00115211 -0.0141416
internal_weight=36.3818 28.0545 17.1598 10.8947 8.05027 15.2542 4.84942 3.58919 8.3273 6.6018 4.08068 10.4048 2.95531 1.42711
internal_count=1536 1007 786 221 80 723 376 175 529 338 254 347 126 59
is_linear=0
shrinkage=0.03


Tree=231
num_leaves=15
num_cat=0
split_feature=0 4 4 7 5 5 8 7 4 8 7 0 0 7
split_gain=1.23805 1.1593 2.22084 1.40977 1.37216 0.810081 1.64606 1.86386 1.20457 0.806774 0.826171 0.941614 0.786435 1.84808
threshold=14.133542537689211 37.878076553344734 38.136690139770515 -0.73149881227698266 224.23816680908206 230.793327331543 1.4170302357415652 -1.1826339367435201 31.581495285034183 2.7211913247447574 0.032273558532716934 16.863557815551761 19.814307212829593 -0.68759691053844352
decision_type=2 2 2 2 2 2 2 2 2 2 2 2 2 2
left_child=-1 5 3 -3 -4 6 -2 -8 -7 10 11 -10 13 -6
right_child=1 2 4 -5 12 8 7 -9 9 -11 -12 -13 -14 -15
leaf_value=-0.019107223483853575 0.01828721115472013 0.0027039593502421631 -0.011161709908875449 -0.037652765112740683 -0.019489603855206289 -0.016621295324597565 0.013376309474875024 -0.029767010707339468 0.0053029581491274985 -0.0054614921630928787 -0.0020111037985939728 0.021215276832967471 0.017359374657141921 0.017389244115882489
leaf_weight=1.4418058469891537 0.83562278002500834 0.96500693820416961 3.3433829788118583 1.4109038524329651 1.5035788426175707 0.69504572590813296 0.65410988032817896 1.7035671551711853 6.4531697761267486 1.9700390881625924 2.7327703386545172 8.6305958535522205 3.8547330847941339 1.398220058996231
leaf_count=570 3 42 53 34 28 26 69 110 40 218 24 228 43 58
internal_value=0.00165162 0.00297158 -0.0042119 -0.0253158 0.00258606 0.00677429 -0.0059101 -0.0173785 0.00893498 0.0105891 0.0125598 0.0151606 0.00995092 -0.00181725
internal_weight=37.5926 36.1507 12.4758 2.37591 10.0999 23.6749 3.1933 2.35768 20.4816 19.7866 17.8165 15.0838 6.75653 2.9018
internal_count=1546 976 258 76 182 718 182 179 536 510 292 268 129 86
is_linear=0
shrinkage=0.03


Tree=232
num_leaves=15
num_cat=0
split_feature=0 0 0 8 4 1 3 2 2 3 2 0 8 6
split_gain=0.863322 0.782658 1.41886 1.90711 1.85955 1.0106 0.827466 0.808209 1.46806 1.03664 0.84098 1.07875 0.811525 0.76851
threshold=14.133542537689211 15.267641544342043 17.278176307678226 0.99939305585065119 35.374334335327156 13.093044757843019 17.02138710021973 24.16547775268555 24.505477905273441 14.903959274291994 26.306632041931156 21.317837715148929 2.9807005722994706 8.026090621948244
decision_type=2 2 2 2 2 2 2 2 2 2 2 2 2 2
left_child=-1 -2 3 -3 -5 6 -4 12 -9 13 -11 -12 -7 -10
right_child=1 2 5 4 -6 7 -8 8 9 10 11 -13 -14 -15
leaf_value=-0.017433942069270531 0.011079432232823393 0.01111727261027908 0.022822262938791506 -0.033041605633509885 0.0099378580555429929 -0.021995727669466062 -0.0024377248398236694 0.024182830746772601 0.002598774584471331 -0.010288488439370396 0.016821803873460526 -0.0015627416424767568 0.0073591174819697819 -0.016297111615880669
leaf_weight=1.2420644690282632 5.6475968267768613 1.3377107530832315 2.4993546498008103 2.6908878819085662 0.69117527699563641 1.6456575545016705 1.4855431113392112 1.3920982960844437 2.7401881626574349 1.9469924205914129 4.8715510452166182 5.3202118799090385 0.65988381940405805 4.0781507918145508
leaf_count=576 50 14 51 43 63 41 24 30 189 53 145 30 101 146
internal_value=0.000678083 0.00172869 -0.000245661 -0.0138392 -0.0239947 0.00257629 0.0148055 -0.00010976 0.002032 -0.000724863 0.00445804 0.00794274 -0.0139093 -0.00934205
internal_weight=38.2491 37.007 31.3594 4.71977 3.38206 26.6396 3.9849 22.6547 20.3492 18.9571 12.1388 10.1918 2.30554 6.81834
internal_count=1556 980 930 120 106 810 75 735 593 563 228 175 142 335
is_linear=0
shrinkage=0.03


Tree=233
num_leaves=15
num_cat=0
split_feature=6 0 3 3 6 7 7 4 2 2 0 3 2 1
split_gain=0.761424 0.785533 0.750722 0.719958 0.845902 1.25821 1.13035 0.683146 1.0865 1.93197 0.771138 0.756122 0.72247 0.559047
threshold=8.0862870216369647 18.7666130065918 16.25876617431641 14.104630947113039 8.0228414535522479 -0.61773435947833499 -0.20595377985685925 37.944084167480476 22.813458442687992 18.308194160461429 13.957610607147219 6.0876493453979501 26.056502342224125 14.490328788757326
decision_type=2 2 2 2 2 2 2 2 2 2 2 2 2 2
left_child=3 2 -2 7 5 -5 -7 8 9 10 -1 -10 -9 -6
right_child=1 -3 -4 4 13 6 -8 12 11 -11 -12 -13 -14 -15
leaf_value=-0.011841851103532714 0.013389964447085961 -0.023049550835673501 -0.010539061705106831 -0.016339341310634109 0.014264773990586743 0.022714812584115954 -0.0077062426131682691 0.0066320096833801688 -0.010384087076752851 -0.02603161789152194 0.013909750590953644 0.015930430476243672 -0.024698692702079045 0.0031781640256077306
leaf_weight=0.64843551942612832 1.1826133200665929 1.2772558368742464 1.5707445181906221 2.6428603120148182 7.5408744602464166 1.2341654435731473 1.4304328411817575 0.44466571975499292 0.52652473980560932 1.9134203477879053 2.3124351078877226 3.2596154571510851 1.2341782416915519 9.310619571246205
leaf_count=382 52 15 11 30 215 44 12 13 254 312 22 45 55 75
internal_value=0.000902269 -0.0100103 0.000567993 0.00251413 0.00548815 -0.00436036 0.00873742 -0.00378161 0.000281511 -0.00839019 0.00670424 0.0108659 -0.0170224 0.00866048
internal_weight=36.5288 4.03061 2.75336 32.4982 22.159 5.30746 2.6646 10.3393 8.66043 4.87429 2.96087 3.78614 1.67884 16.8515
internal_count=1537 78 63 1459 376 86 56 1083 1015 716 404 299 68 290
is_linear=0
shrinkage=0.03


Tree=234
num_leaves=15
num_cat=0
split_feature=8 3 1 6 0 3 6 1 8 3 5 6 6 8
split_gain=1.17998 1.36093 1.1045 1.29168 1.15956 0.857415 0.857162 1.06657 1.02026 1.68233 1.4034 0.796936 1.28569 1.22808
threshold=1.3598715450933121 17.685867309570316 8.7663502693176287 8.0311546325683612 14.448084354400637 17.685867309570316 8.0207700729370135 20.187353134155277 1.9316474860825088 16.543918609619144 238.25845336914065 8.0590357780456561 8.049753665924074 2.3104267749292009
decision_type=2 2 2 2 2 2 2 2 2 2 2 2 2 2
left_child=2 6 4 -4 -1 -5 7 -2 9 -8 11 12 13 -10
right_child=1 -3 3 5 -6 -7 8 -9 10 -11 -12 -13 -14 -15
leaf_value=-0.0146279835252421 -0.019943107952418715 0.015553046494785583 -0.028778455502234002 0.0041054438585982978 0.017027450128587616 -0.01908924326239329 0.01302541798409625 0.010052797462682781 0.011795573976875206 -0.016256306566058427 -0.022808298457894699 -0.011216420714477504 0.02041724635056032 -0.015636968029356175
leaf_weight=0.77991269476478775 3.0064080345910109 4.007052617147564 2.7539549524663016 3.4877076342236251 1.6547797992825506 1.1646277033723889 8.1322235929546896 0.76087513717357058 1.6850448837503771 1.2906250907108177 1.9914877348346625 2.3825431315926835 2.2951295537641272 2.333219152642414
leaf_count=352 189 46 64 60 8 28 262 91 29 31 222 24 38 111
internal_value=-0.00190353 0.00131722 -0.0103093 -0.0155753 0.00558059 -0.0040509 -0.00160095 -0.013047 0.00105971 0.00783988 -0.00507752 0.000916636 0.006403 -0.00407507
internal_weight=37.7256 27.8846 9.84098 7.40629 2.43469 4.65234 23.8776 3.76728 20.1103 9.42285 10.6874 8.69594 6.31339 4.01826
internal_count=1555 1043 512 152 360 88 997 280 717 293 424 202 178 140
is_linear=0
shrinkage=0.03


Tree=235
num_leaves=15
num_cat=0
split_feature=3 2 6 2 2 0 6 2 6 3 7 5 0 8
split_gain=1.00987 1.85971 0.826672 0.890873 1.56135 0.990334 1.90031 0.697663 1.30206 0.792661 0.786715 1.00967 0.74998 0.525771
threshold=22.69757175445557 28.947386741638187 8.0162868499755877 28.048530578613285 27.100527763366703 20.678366661071781 8.0436449050903338 26.61718845367432 8.0673027038574237 15.350901603698732 -0.52865166272666253 251.54431152343753 14.133542537689211 0.64385361916780159
decision_type=2 2 2 2 2 2 2 2 2 2 2 2 2 2
left_child=1 2 -1 4 7 6 -6 8 12 -9 -10 -12 -4 -14
right_child=-2 -3 3 -5 5 -7 -8 9 10 -11 11 -13 13 -15
leaf_value=-0.017395954231980398 0.019740595908449749 -0.027117879630430306 -0.01125797563010392 0.015715880627386151 0.014720662710539938 -0.024466747672102152 -0.018357449554499191 -0.004820288958213073 -0.021456137150421446 0.020583344903016831 0.01573463964307591 -0.01600737789628157 -0.010167255353345856 0.0079059419603982242
leaf_weight=1.3718028630828474 1.0186693668365467 1.4875823660986487 1.5451638823142406 2.3109184876084319 2.121939353644847 2.4420425588032231 2.1459209234453738 1.1370023911586025 2.3351852234918624 2.5564562417566776 1.0608925251290191 0.61736710683908302 0.74381956085562606 14.69827104161959
leaf_count=156 3 59 488 65 74 35 25 39 33 30 44 19 14 451
internal_value=-0.000964865 -0.00205158 -0.000266825 0.00091116 -0.000629646 -0.0124528 -0.00223887 0.00294256 0.000577426 0.0134022 -0.0129696 0.00244099 0.00432119 0.00646997
internal_weight=37.593 36.5744 35.0868 33.715 31.4041 6.7099 4.26786 24.6942 21.0007 3.69346 4.01344 1.67826 16.9873 15.4421
internal_count=1535 1532 1473 1317 1252 134 99 1118 1049 69 96 63 953 465
is_linear=0
shrinkage=0.03


Tree=236
num_leaves=15
num_cat=0
split_feature=1 2 1 2 7 6 7 7 5 5 7 8 4 7
split_gain=0.684258 1.4471 1.33995 2.18492 1.0191 0.94664 0.822532 1.05218 1.31931 1.51594 1.04351 1.06594 0.935802 1.60003
threshold=18.350676536560062 29.227619171142582 15.75525999069214 27.945035934448246 -0.52598270005125147 8.0509853363037127 -0.84661106220278759 -0.77137529605205468 233.35565948486331 237.88254547119143 -0.1757363467879012 0.75204543227704146 36.418359756469734 -0.54586125003554553
decision_type=2 2 2 2 2 2 2 2 2 2 2 2 2 2
left_child=1 2 3 6 -2 -4 -1 -8 -9 -10 12 -12 -11 -14
right_child=4 -3 5 -5 -6 -7 7 8 9 10 11 -13 13 -15
leaf_value=-0.019859234148035306 0.016247199719719069 -0.028727620448756402 -0.026175294742247397 0.023458635411749654 -0.013721209252313784 -0.00090740675127908509 0.017202856446329275 -0.022603869411378485 0.019204715338615778 -0.020263523813818612 -0.017046597029122718 0.0063796196878546287 -0.021561860905912913 0.013986273097832885
leaf_weight=1.229310230351994 2.6507249037967999 0.99457262363284726 2.2115071405423796 2.3192582023330024 0.56210828945040603 2.4104621722362936 1.6407930477289614 1.6704439306631638 2.1240675011649754 3.6663915246026777 1.1261597623233512 9.1834581457078439 0.80736049450933967 2.0896269581280649
leaf_count=32 146 11 129 53 17 58 72 23 93 175 123 498 31 81
internal_value=-0.00250831 -0.00392296 -0.00222666 0.000635372 0.00899158 -0.0155029 -0.00247788 -0.000709137 -0.00285949 -7.97915e-05 -0.00344612 0.00253968 -0.0119411 0.00108861
internal_weight=34.6862 31.4734 30.4788 25.8569 3.21283 4.62197 23.5376 22.3083 20.6675 18.9971 16.873 10.3096 6.56338 2.89699
internal_count=1542 1379 1368 1181 163 187 1128 1096 1024 1001 908 621 287 112
is_linear=0
shrinkage=0.03


Tree=237
num_leaves=15
num_cat=0
split_feature=3 1 7 4 4 7 1 7 5 8 5 1 7 5
split_gain=1.05773 1.44985 1.08857 1.28107 0.908435 1.70506 1.5227 1.46177 0.914344 0.897562 0.97609 1.40816 0.795723 0.877088
threshold=22.69757175445557 16.472542762756351 -1.1826339367435201 39.347274780273445 36.14000320434571 -0.54586125003554553 13.540494918823244 0.38640753904084252 237.4740905761719 1.9365449016937606 231.44509124755862 14.503366470336916 -0.35004594658662064 263.94094848632818
decision_type=2 2 2 2 2 2 2 2 2 2 2 2 2 2
left_child=1 4 -3 -4 7 6 -6 8 -1 -8 -11 -12 -10 -14
right_child=-2 2 3 -5 5 -7 9 -9 12 10 11 -13 13 -15
leaf_value=0.013097085584134058 0.019775018803226886 0.0089727601030287468 -0.029438282675974179 0.0019218893981267663 -0.023091967048456348 0.020428854847177734 0.013208903712267071 0.014994768201101816 -0.029272208936760094 0.0068845332175910623 0.0059242767353843827 -0.025636298642414741 0.00046092651141551422 -0.016074655059321728
leaf_weight=0.6933734212070729 0.99882999062538047 0.77982399496249843 3.0907715967623508 1.479940158780664 1.3213715301826621 3.5850515624042592 4.0384754873812181 1.7716906765708689 1.0492852828465373 3.8216586760245264 1.730058850720525 1.8793589840643106 6.0542502856114879 4.4261004904401489
leaf_count=10 3 74 214 12 35 150 129 39 159 36 39 44 52 547
internal_value=-0.00154332 -0.0026617 -0.0156978 -0.020762 6.21041e-05 0.0047288 -0.000833875 -0.00534984 -0.00920971 0.00337663 -0.0028997 -0.0125054 -0.0114894 -0.00731434
internal_weight=36.72 35.7212 5.35054 4.57071 30.3707 16.376 12.7909 13.9947 12.223 11.4696 7.43108 3.60942 11.5296 10.4804
internal_count=1543 1540 300 226 1240 433 283 807 768 248 119 83 758 599
is_linear=0
shrinkage=0.03


Tree=238
num_leaves=15
num_cat=0
split_feature=8 6 0 3 6 8 3 1 3 0 2 1 2 0
split_gain=0.826487 0.831345 0.804756 1.07483 0.751617 0.799414 1.12081 1.03491 1.02843 1.10588 2.26327 1.69359 1.05649 0.868081
threshold=3.0382405033136943 8.0862870216369647 18.7666130065918 16.25876617431641 8.0759630203247088 1.0487262710501755 14.483413696289064 18.350676536560062 14.783325195312502 17.062447547912601 27.720981597900394 14.540793895721437 28.003631591796879 20.463283538818363
decision_type=2 2 2 2 2 2 2 2 2 2 2 2 2 2
left_child=1 4 3 -3 5 6 -1 8 -7 -10 11 -11 -12 -13
right_child=-2 2 -4 -5 -6 7 -8 -9 9 10 12 13 -14 -15
leaf_value=-0.013318531309542279 -0.018209364653005364 0.014541846133934562 -0.023085601012291228 -0.013231309360207839 0.018342352871693553 0.0019352772533648627 0.015579373411396532 0.012589576962050457 -0.02848227095702793 0.021587404891032339 -0.038169900095573243 -0.017666339266362296 -0.0035830815266164407 0.0060581980175413294
leaf_weight=0.72410946903983742 1.4315259138820682 1.3660319722257548 1.5815370269119737 1.6687664091587064 1.2803577273152758 11.375750662409706 4.5021008574403822 2.8411633730866006 1.516031808219849 2.2658378002233786 1.0542487418279054 1.8320059487596156 1.6747864228673277 1.9833421278744934
leaf_count=236 481 34 18 11 16 459 56 19 14 122 19 22 38 20
internal_value=-0.00128612 -0.00012877 -0.0107724 -0.000224249 0.00174041 0.000453455 0.0100794 -0.00191065 -0.00427992 -0.0106931 -0.00504076 0.00544308 -0.0235971 -0.00663659
internal_weight=37.0976 35.6661 4.61634 3.0348 31.0497 29.7694 5.22621 24.5432 21.702 10.3263 8.81022 6.08119 2.72904 3.81535
internal_count=1565 1084 63 45 1021 1005 292 713 694 235 221 164 57 42
is_linear=0
shrinkage=0.03


Tree=239
num_leaves=15
num_cat=0
split_feature=1 1 0 0 6 3 7 7 0 3 7 7 1 4
split_gain=0.777234 1.58753 1.72335 1.03063 1.05456 0.981699 0.871065 1.54632 1.23944 1.03718 1.43099 0.885214 0.861088 1.22368
threshold=13.624213695526125 13.344200134277346 17.278176307678226 15.071187973022463 8.0213117599487322 16.139122009277347 -0.50012370070945877 -0.65466087996447275 19.501204490661625 15.227270603179933 -0.93602878778951892 -1.0565588820967353 14.738187789916994 38.16643142700196
decision_type=2 2 2 2 2 2 2 2 2 2 2 2 2 2
left_child=1 2 3 4 -1 -5 7 9 -8 11 -11 -2 13 -13
right_child=6 -3 -4 5 -6 -7 8 -9 -10 10 -12 12 -14 -15
leaf_value=-0.019169434083258489 0.0096069931359599493 -0.030831493709765963 0.012392286704330147 -0.029258166262659788 0.0057392083627490174 -0.00035540693588537831 0.0067812433089480652 0.023213754244368577 -0.022447983914049549 -0.012143737629836069 0.013048353433008317 0.016019335297422301 -0.020857344869428619 -0.017873279516222335
leaf_weight=1.0434754561283606 1.3227155533386419 1.02457347488962 4.0783684838097534 2.0974298674846072 5.0924636390991509 1.6438256595283744 1.8220753176137798 2.5702703559072697 1.7314385746140031 1.8181677274405954 7.3457721821032447 1.2877395665273086 3.0229384332196787 0.66113360878080119
leaf_count=189 150 40 94 70 444 19 40 135 55 16 97 42 153 13
internal_value=-0.000918943 -0.0059611 -0.00219574 -0.00880476 -0.00058946 -0.0193123 0.00268979 0.00540864 -0.00926276 0.00121762 0.0073471 -0.00748991 -0.0128855 0.0023596
internal_weight=36.5624 14.9801 13.9556 9.87719 6.13594 3.74126 21.5823 18.0287 3.55351 15.4585 9.16394 6.29453 4.97181 1.94887
internal_count=1557 856 816 722 633 89 701 606 95 471 113 358 208 55
is_linear=0
shrinkage=0.03


Tree=240
num_leaves=15
num_cat=0
split_feature=6 0 8 7 0 7 1 6 8 7 0 3 4 3
split_gain=1.0139 1.11051 0.971722 0.917289 1.11891 1.05187 1.24624 0.742758 1.81046 1.14282 0.7381 0.713637 0.696658 0.462223
threshold=8.0840406417846697 14.133542537689211 1.732156600042204 -0.84661106220278759 20.648555755615238 -0.20595377985685925 12.431427955627443 8.0198678970336932 1.5621244497221016 -0.61773435947833499 21.006048202514652 16.566885948181156 38.327720642089851 10.0014705657959
decision_type=2 2 2 2 2 2 2 2 2 2 2 2 2 2
left_child=1 -1 11 4 12 7 -7 8 -5 -10 -6 -2 -3 -12
right_child=2 3 -4 5 10 6 -8 -9 9 -11 13 -13 -14 -15
leaf_value=-0.016950687476513106 0.014666291458244999 -0.029842555310944936 -0.02298157219168017 0.021417128281097628 0.015205931889615115 0.0070646334654030736 -0.015832420681661508 0.017123273806326247 -0.032446822420700301 0.0041909202595059106 0.011072673779754976 -0.010001967871305896 0.0039407298919844286 -0.0069676809170054312
leaf_weight=1.1667556446627738 1.0898350335191933 0.81018750462681211 1.6525602693436665 0.9955912171863085 1.8666748891118912 6.0292544215917534 2.0753946797922254 10.194241112330927 0.62090834404807549 1.0759039910044517 0.69912624824792136 1.1713161356747148 0.48939160257577896 4.6440631406148896
leaf_count=569 33 58 37 18 27 44 29 404 45 41 104 10 7 69
internal_value=0.00218285 0.00409555 -0.0105882 0.00545638 -0.00263665 0.00870784 0.000106337 0.0137203 -0.00031241 -0.016276 0.00281105 0.00273912 -0.0209392 -0.00323373
internal_weight=34.5812 30.6675 3.91371 29.5007 8.50944 20.9913 8.10465 12.8866 2.6924 1.69681 7.20986 2.26115 1.29958 5.34319
internal_count=1495 1415 80 846 265 581 73 508 104 86 200 43 65 173
is_linear=0
shrinkage=0.03


Tree=241
num_leaves=15
num_cat=0
split_feature=1 1 3 4 1 4 7 5 6 6 0 7 6 1
split_gain=0.649096 0.672846 0.712262 1.08247 0.857998 1.48684 1.54342 0.71795 0.626431 0.756491 0.735662 1.88479 0.688096 0.494165
threshold=8.6481337547302264 9.5904235839843768 22.69757175445557 32.098018646240241 16.256471633911136 39.347274780273445 -1.1826339367435201 224.23816680908206 8.0862870216369647 8.0198678970336932 17.875490188598636 -0.35004594658662064 8.0192070007324237 14.369328975677492
decision_type=2 2 2 2 2 2 2 2 2 2 2 2 2 2
left_child=-1 -2 3 -3 7 6 -6 -5 9 12 11 -11 -9 -12
right_child=1 2 -4 4 5 -7 -8 8 -10 10 13 -13 -14 -15
leaf_value=-0.015084035049022575 0.013683335215134991 -0.021280083083564993 0.018571701085345057 -0.012343520119213263 0.01188594802728421 0.009989478572926605 -0.025530978845377073 0.0074524109960784207 -0.0060832066910507625 -0.026533671425262324 0.022625660724512019 0.0083631640230324971 -0.017298362466638822 0.0076633608923924821
leaf_weight=0.93080999393714492 3.502719579380936 1.0059486696263835 0.99485699087381263 1.2821031957864821 0.66149070044048119 1.9517283714376388 3.0446055444190274 1.1017422543373023 2.8507969640195361 0.74654284608550359 3.4784559851977956 5.9204182103276279 1.1653194893151519 6.6928660675184801
leaf_count=470 100 15 3 7 71 13 220 53 39 104 187 81 11 137
internal_value=0.00196113 0.00283543 0.00121519 5.54315e-05 0.00148513 -0.00811498 -0.017746 0.00406085 0.00551473 0.00746181 0.00963185 0.00150443 -0.00667065 0.0143476
internal_weight=35.3304 34.3996 30.8969 29.902 28.8961 5.65782 3.7061 23.2382 21.9561 19.1053 16.8383 6.66696 2.26706 10.1713
internal_count=1511 1041 941 938 923 304 291 619 612 573 509 185 64 324
is_linear=0
shrinkage=0.03


Tree=242
num_leaves=15
num_cat=0
split_feature=7 7 7 8 6 8 8 2 0 6 5 8 4 2
split_gain=1.37205 0.810312 1.94583 1.11764 1.11178 1.79706 0.953364 1.57261 1.92785 1.08723 1.04722 0.842188 0.808677 0.808303
threshold=-0.97882521492757479 -0.75342913436422265 -0.71687896939514906 2.0551117177701812 8.0196290016174334 2.6007191487644761 1.1834300336419619 26.203649520874027 18.7666130065918 8.0210433006286639 258.14437866210943 1.0288624698825137 33.672384262084968 27.081704139709476
decision_type=2 2 2 2 2 2 2 2 2 2 2 2 2 2
left_child=-1 4 -3 6 -2 -6 10 8 9 -8 -4 -12 -11 -7
right_child=1 2 3 -5 5 13 7 -9 -10 12 11 -13 -14 -15
leaf_value=-0.023760066742687769 -0.010769090062177094 -0.032685671212559358 0.0061170505525995926 -0.015678994043434487 0.01826200507410411 -0.020034141992345506 -0.01727626708135916 0.018958822243671836 -0.026370280363384221 -0.0063474159112062428 -0.025841388547398023 0.0012071519582196053 0.014080198725325708 0.0077145914626067773
leaf_weight=1.6085724581498642 2.048138251877389 0.98105036502238263 2.3553249249234893 3.1594146189745507 5.9284871998243016 1.2879555140389132 0.76131965854437833 4.1856595473363987 1.2331255427561698 1.7276514398399738 1.9900684208841997 1.454254063835833 5.4448672980070114 0.90337738418020297
leaf_count=181 36 29 53 236 95 63 88 122 25 52 244 82 202 14
internal_value=-0.00279324 -0.00112506 -0.00417076 -0.00156863 0.00560075 0.0104579 0.00142158 0.00574308 -0.00156248 0.00481343 -0.00790926 -0.0167191 0.00898517 -0.00976189
internal_weight=35.0693 33.4607 23.2927 22.3117 10.168 8.11982 19.1523 13.3526 9.16696 7.93384 5.79965 3.44432 7.17252 2.19133
internal_count=1522 1341 1133 1104 208 172 868 489 367 342 379 326 254 77
is_linear=0
shrinkage=0.03


Tree=243
num_leaves=15
num_cat=0
split_feature=4 3 7 5 0 4 7 7 1 5 7 4 1 2
split_gain=1.39744 0.728461 0.725429 1.44464 1.28076 1.18699 1.04635 0.830767 1.0671 0.865889 0.800297 1.32882 0.647412 0.604484
threshold=38.882535934448249 15.515195369720461 -0.71687896939514906 237.88254547119143 20.439356803894047 28.480535507202152 -0.75342913436422265 -0.83675434338598031 20.187353134155277 230.793327331543 -0.54586125003554553 36.611444473266609 13.575432777404787 18.447871208190922
decision_type=2 2 2 2 2 2 2 2 2 2 2 2 2 2
left_child=2 -2 6 4 -4 -6 7 8 -1 -9 12 13 -5 -12
right_child=1 -3 3 10 5 -7 -8 9 -10 -11 11 -13 -14 -15
leaf_value=-0.019358022825132749 -0.0024815094918170864 0.020360935877258172 0.020040536523467427 -0.033865232611747544 0.017083145547594433 -0.016804282474586249 -0.032896213908569769 -0.013162923215014147 0.010528158662025141 0.013279112848915401 0.0013608698836412242 0.013500522577666286 0.0044279937575809301 -0.011635467089238433
leaf_weight=3.7126564789796248 1.7425718575250351 2.2130037508904934 3.1796999592334059 0.5296446894062744 0.48573267459869418 1.6795048342319203 0.88337570882868188 0.76682831952348385 0.69902226538397361 2.2310322349658236 4.3464502071146844 2.2647445858456186 0.25728409725707024 9.6185142543399689
leaf_count=184 35 14 124 34 1 83 29 19 50 92 416 91 37 351
internal_value=-0.00312694 0.0118279 -0.00536936 -0.00232506 0.0101053 -0.00620685 -0.0124447 -0.0063846 -0.0135522 0.00491478 -0.00657361 -0.00419042 -0.0258737 -0.00776985
internal_weight=34.6101 3.95558 30.6545 22.3616 5.34494 2.16524 8.29292 7.40954 4.41168 2.99786 17.0166 16.2297 0.786929 13.965
internal_count=1560 49 1511 1137 208 84 374 345 234 111 929 858 71 767
is_linear=0
shrinkage=0.03


Tree=244
num_leaves=15
num_cat=0
split_feature=8 4 8 8 8 6 2 6 4 4 3 6 6 2
split_gain=0.64478 1.83858 1.47558 1.29419 1.13425 0.877743 0.854297 1.71633 0.884491 0.947003 1.18452 1.0919 0.743707 0.70936
threshold=1.3475136826223062 33.383050918579109 1.0288624698825137 2.3104267749292009 0.82260384972484102 8.0238070487976092 28.003631591796879 8.0210433006286639 33.672384262084968 37.984342575073249 15.994133949279787 8.0840406417846697 8.0163154602050799 25.618793487548832
decision_type=2 2 2 2 2 2 2 2 2 2 2 2 2 2
left_child=1 2 -1 6 -3 12 7 -2 -9 10 -10 -11 -5 -12
right_child=3 4 -4 5 -6 -7 -8 8 9 11 13 -13 -14 -15
leaf_value=-0.011964292123731115 -0.018892537824679461 0.0033512342954366858 0.01951078080902912 -0.013363101568892923 -0.023234119098245475 -0.013216862881590758 0.019217868021992608 -0.011671009866592828 0.019956552526992126 0.0069093896147825939 -0.014281375652951516 -0.021197198582804649 0.011232594726691332 0.0098868497564831188
leaf_weight=1.335382306191603 1.7501917270710752 1.6904378121835177 2.4842746939393692 0.63413299503736054 4.1505994644248858 5.6782045769505203 2.8427572129294267 1.1911486195167516 6.7126190959243086 2.7699132733978327 1.2331573003903034 0.87695473246276368 2.7100743867922574 1.1870846250094471
leaf_count=139 82 82 71 125 216 326 38 37 204 91 13 10 99 34
internal_value=-0.000335022 -0.00662374 0.00830759 0.00202195 -0.0161749 -0.00682752 0.00645213 0.0031325 0.00696932 0.0094276 0.0141765 -0.00295648 0.00456624 -0.00300247
internal_weight=37.2469 9.66069 3.81966 27.5862 5.84104 9.02241 18.5638 15.7211 13.9709 12.7797 9.13286 3.64687 3.34421 2.42024
internal_count=1567 508 210 1059 298 550 509 471 389 352 251 101 224 47
is_linear=0
shrinkage=0.03


Tree=245
num_leaves=15
num_cat=0
split_feature=6 0 0 6 1 3 4 3 6 1 7 1 6 7
split_gain=0.688266 1.03916 0.848259 0.59811 1.42572 1.15171 1.13388 1.06997 1.25895 0.771966 1.35542 0.761013 0.737948 0.719624
threshold=8.0862870216369647 18.7666130065918 17.875490188598636 8.0300655364990252 16.472542762756351 13.769841670989992 39.347274780273445 22.69757175445557 8.026090621948244 15.75525999069214 -1.1826339367435201 16.18293380737305 8.0165042877197283 -0.034685613910063938
decision_type=2 2 2 2 2 2 2 2 2 2 2 2 2 2
left_child=3 2 -2 7 5 11 -6 8 9 12 -11 -5 -1 -7
right_child=1 -3 -4 4 6 13 -8 -9 -10 10 -12 -13 -14 -15
leaf_value=-0.013729113997267671 -0.01071010898460955 -0.024418192998040291 0.016211563409615125 -0.015779817933296348 -0.024944707391454771 0.016174583136240109 0.0049538731298187305 0.018105165886637988 -0.025824324313210408 0.011794163080843918 -0.024652698625350127 0.01184739047578637 0.0055379534878220596 -0.0026396070244750288
leaf_weight=1.196788627305067 1.238183145993389 1.4825202897191045 1.0170065201818941 1.7280567002599156 1.3327520731836551 9.3196310661733133 1.7027338533662257 0.96622511744499284 1.3298547666636302 0.66116405650973353 1.7377004103036586 0.48204684874508519 9.0184313032077608 1.9136189520359028
leaf_count=98 41 15 15 361 80 227 12 3 120 72 140 13 331 18
internal_value=-0.000279651 -0.0109528 0.00268115 0.0012902 0.00508811 0.00925928 -0.0111017 -0.00296327 -0.00553702 -0.00165843 -0.0140928 -0.00794051 0.00225779 0.0130157
internal_weight=35.1267 3.73771 2.25519 31.389 16.4788 13.4434 3.03549 14.9102 13.9439 12.6141 2.39886 2.2101 10.2152 11.2333
internal_count=1546 71 56 1475 711 619 92 764 761 641 212 374 429 245
is_linear=0
shrinkage=0.03


Tree=246
num_leaves=15
num_cat=0
split_feature=0 2 6 1 1 3 3 8 3 3 6 3 3 0
split_gain=1.95091 1.56215 0.716954 1.02567 1.50406 0.96854 0.8231 0.70766 0.75814 0.709538 0.952053 0.680627 0.667042 0.697756
threshold=16.240607261657718 18.308194160461429 8.0356855392456072 16.472542762756351 15.109243869781496 15.855410099029543 16.65492153167725 2.0812038414772887 15.433680057525637 15.632257461547853 8.0558943748474139 12.655354499816896 15.498984813690187 22.297799110412601
decision_type=2 2 2 2 2 2 2 2 2 2 2 2 2 2
left_child=1 11 5 4 7 12 -7 8 -4 -10 -11 -1 13 -2
right_child=2 -3 3 -5 -6 6 -8 -9 9 10 -12 -13 -14 -15
leaf_value=-0.012947501191458027 0.0086917339834646223 -0.024724086187046475 0.01452331797486367 -0.014442691824093157 0.019788703026850388 0.026595431800936289 0.0055929624320576491 -0.013988890558382332 -0.020501722996813593 -0.015973676606982512 0.0093493632746895119 0.010591104165439055 -0.018854649713369358 -0.0135240127709508
leaf_weight=0.73076561541529317 4.3219742650399002 3.4001941071473993 2.0103699578903598 2.7136128026759243 2.6618246919242656 2.5696609769947827 4.5181960591580719 2.3823999973246828 0.69526169961318363 0.92349834879860271 3.4332826002500951 2.1499292961088941 0.44920692779123772 0.7162131534423678
leaf_count=350 186 260 77 72 60 26 74 93 16 37 74 42 12 141
internal_value=0.000429222 -0.0134377 0.00396973 -0.000556251 0.00342075 0.00895177 0.0155541 -0.00264516 0.00244192 -0.00397102 0.00200177 0.00282221 -0.000659308 0.00381689
internal_weight=33.6764 6.28089 27.3955 14.8203 12.1066 12.5753 7.08786 9.44481 7.06241 5.05204 4.35678 2.88069 5.48739 5.03819
internal_count=1520 652 868 429 357 439 100 297 204 127 111 392 339 327
is_linear=0
shrinkage=0.03


Tree=247
num_leaves=15
num_cat=0
split_feature=4 3 6 8 8 6 1 8 8 6 3 1 8 6
split_gain=1.45435 1.83811 0.878284 0.865765 0.77801 0.881024 0.748223 0.66647 0.70465 0.613262 0.606981 0.544604 0.548003 0.520729
threshold=37.177669525146491 15.227270603179933 8.0269455909729022 0.41149222285036463 1.9572819244026749 8.0518689155578631 8.6481337547302264 2.0385454941786887 1.7622405608787532 8.0797824859619158 6.0876493453979501 15.695492267608644 1.2092827156150963 8.0891404151916522
decision_type=2 2 2 2 2 2 2 2 2 2 2 2 2 2
left_child=3 7 11 -1 5 -4 -5 8 -2 -7 -8 12 -3 -12
right_child=1 2 4 6 -6 9 10 -9 -10 -11 13 -13 -14 -15
leaf_value=-0.016444502711826722 -0.014805724973162251 -0.0128621192880906 -0.015498967108708468 -0.013498397335578024 0.01482789206544282 0.014673400758682051 -0.011460439544101973 -0.024151691726152263 0.013002407743688299 -0.0090954875764487769 0.010444694005254331 -0.023824757526656682 0.010967931049821428 -0.0035948488027187785
leaf_weight=0.72971929790219547 0.54813187289982923 0.57240875298157179 1.646907750982791 0.76962857140461238 3.286591715645045 1.8403080119751396 0.6151754650054525 4.4553326761815697 0.74400264816358685 0.67760973423719395 15.735539804445581 0.76607045158743847 0.94126741169020534 2.2658149304334065
leaf_count=48 31 13 58 447 32 63 365 120 43 10 236 7 45 44
internal_value=-0.000870051 -0.0075282 0.000740466 0.00436711 0.00579253 -0.00282798 0.00591871 -0.019563 -0.000106879 0.00750964 0.00736863 -0.0125037 0.000424549 0.00858136
internal_weight=35.5945 15.4786 9.73116 20.1159 7.45142 4.16483 19.3862 5.74747 1.29213 2.51792 18.6165 2.27975 1.51368 18.0014
internal_count=1562 422 228 1140 163 131 1092 194 74 73 645 65 58 280
is_linear=0
shrinkage=0.03


Tree=248
num_leaves=15
num_cat=0
split_feature=4 7 1 2 0 7 4 7 1 2 1 8 1 3
split_gain=0.970708 0.837834 1.08669 0.795406 1.45547 0.918921 1.47537 1.23008 1.07618 1.05265 1.05427 0.904343 2.04366 1.3813
threshold=38.882535934448249 -0.91017741815175801 15.133561134338381 29.985845565795902 20.943070411682132 -0.71687896939514906 36.14000320434571 -0.08689904132971496 14.679885387420656 18.308194160461429 12.549790859222414 0.95720385928807106 10.236512660980226 13.066060066223146
decision_type=2 2 2 2 2 2 2 2 2 2 2 2 2 2
left_child=1 2 -1 4 5 -3 7 9 -8 -7 -11 -9 13 -13
right_child=-2 3 -4 -5 -6 6 8 11 -10 10 -12 12 -14 -15
leaf_value=0.0070607556605195698 0.01139109166048478 -0.013634759222781666 -0.026350490354424883 -0.021256082903502199 0.017054108134933611 0.0052373443428489442 0.017237624799005209 -0.013349237858932413 -0.0051142722540770602 -0.032004105541729298 -0.0025228933094283736 -0.011935969951529825 -0.014996665404004366 0.023950856846936316
leaf_weight=0.75451206276193561 3.2624163803411639 4.907890827162201 1.8838910125195978 0.82593891385476936 2.6279913133475921 1.2876379022491269 4.7080502919852725 1.5857682385831049 2.3687983803683892 2.3199892267584801 1.9020055414875967 0.56707882415503252 1.6782943420112131 3.6096211916301399
leaf_count=6 48 159 180 22 63 101 227 199 62 47 110 285 19 31
internal_value=-0.00215235 -0.00388759 -0.0174812 -0.0020724 -0.0007735 -0.00323753 -0.000162316 -0.00606272 0.010049 -0.0156067 -0.0217493 0.00201596 0.00751777 0.0177139
internal_weight=34.2899 31.0275 2.6384 28.3891 27.5631 24.9351 20.0272 12.9504 7.07685 5.50963 4.22199 7.44076 5.85499 4.1767
internal_count=1559 1511 186 1325 1303 1240 1081 792 289 258 157 534 335 316
is_linear=0
shrinkage=0.03


Tree=249
num_leaves=15
num_cat=0
split_feature=8 2 2 2 8 5 1 7 2 7 2 0 0 2
split_gain=0.672919 0.718339 1.13418 1.40409 0.560784 1.92423 1.32316 1.57675 1.14278 1.00103 1.17465 0.630725 1.34947 0.620995
threshold=3.0382405033136943 29.985845565795902 28.003631591796879 27.79027080535889 0.95720385928807106 258.14437866210943 10.236512660980226 -0.074788294607539982 18.126547813415531 -0.44255690569814082 18.498483657836918 16.951104164123539 18.096292495727543 26.826959609985355
decision_type=2 2 2 2 2 2 2 2 2 2 2 2 2 2
left_child=1 2 3 4 5 -1 7 -6 -9 13 -11 -12 -13 -8
right_child=-2 -3 -4 -5 6 -7 9 8 -10 10 11 12 -14 -15
leaf_value=0.012187172936261982 -0.017097190344185897 -0.018975288931109634 0.013310753766083398 -0.025297416530309633 -0.013816358776434319 -0.02542460573607562 0.0083538176929152663 -0.0057090285298707971 0.027276322648605016 0.0053658143362907218 -0.029080339943951108 0.0088435590965923669 -0.022609741683209068 -0.004602349092000543
leaf_weight=1.3837838969193463 1.2382345749647345 0.72809329628944297 4.5225316677242509 1.0757934181019653 0.75549432350090295 1.7671230448177082 7.5255644735880214 0.81680835637962168 3.4030820817570202 2.5016155110206446 1.575063783675432 1.8687911117449405 1.2420304445549843 4.6412759381346405
leaf_count=23 463 6 72 24 82 190 173 215 88 27 15 31 42 77
internal_value=-0.00116654 -0.00010862 0.000851268 -0.00150555 0.000281366 -0.00994998 0.00194692 0.0143042 0.0210211 -0.00177644 -0.00994395 -0.0176235 -0.00615969 0.00343726
internal_weight=35.0453 33.8071 33.079 28.5564 27.4806 3.15091 24.3297 4.97538 4.21989 19.3543 7.1875 4.68589 3.11082 12.1668
internal_count=1528 1065 1059 987 963 213 750 385 303 365 115 88 73 250
is_linear=0
shrinkage=0.03


Tree=250
num_leaves=15
num_cat=0
split_feature=0 7 6 5 5 5 8 0 6 8 7 4 5 8
split_gain=0.932929 0.686553 1.11691 1.09844 1.45661 1.84921 1.22338 1.16925 1.11731 0.982141 1.46067 1.29976 1.73644 1.72072
threshold=22.110056877136234 -0.91017741815175801 8.0509853363037127 231.44509124755862 234.37496185302737 237.88254547119143 2.8430144265406736 18.7666130065918 8.0266852378845233 0.95720385928807106 -0.034685613910063938 33.941772460937507 264.30863952636724 2.0956046797931318
decision_type=2 2 2 2 2 2 2 2 2 2 2 2 2 2
left_child=1 2 -1 -3 -5 6 -6 9 -9 -7 11 -11 13 -13
right_child=-2 3 -4 4 5 7 -8 8 -10 10 -12 12 -14 -15
leaf_value=-0.027478806516831763 0.009323767652887071 0.0087950273547725381 0.0060961742057259365 -0.022424038857919305 0.021371065593746876 -0.0173640189592171 -0.012549693055126074 0.0070311870107863973 -0.030444469016810551 -0.02339010079842985 0.013150320499917151 0.021150635055743543 -0.017420785586156538 -0.01758022642966665
leaf_weight=1.5896678668214037 4.1758295169565818 5.0149313028669011 0.89322768733836699 2.8929850496351746 3.0917578835506023 2.1837395717157078 0.52860986627638329 0.52733601862564627 1.8495850845938546 1.8062452579033657 4.5308036885689829 3.0381807642988865 1.7715229570749214 0.5504174563102423
leaf_count=107 173 56 12 77 133 218 31 13 67 76 261 75 121 116
internal_value=-0.00259072 -0.00448002 -0.0171178 -0.00279531 -0.00561048 -0.00220667 0.0147741 -0.00662498 -0.0225102 -0.00257496 0.00133611 -0.00682887 0.00155206 0.0126735
internal_weight=34.4448 30.269 2.4829 27.7861 22.7712 19.8782 3.62037 16.2578 2.37692 13.8809 11.6972 7.16637 5.36012 3.5886
internal_count=1536 1363 119 1244 1188 1111 164 947 80 867 649 388 312 191
is_linear=0
shrinkage=0.03


Tree=251
num_leaves=15
num_cat=0
split_feature=1 1 1 7 7 7 1 6 2 1 0 6 7 6
split_gain=0.628375 0.850931 1.37676 1.17106 1.73946 1.67795 0.821479 0.777558 0.887629 0.772049 1.06171 0.819894 0.759104 0.928244
threshold=9.165898799896242 11.155070781707765 13.624213695526125 -0.50012370070945877 -0.65466087996447275 -0.75342913436422265 14.540793895721437 8.0242857933044451 18.361955642700199 13.344200134277346 17.278176307678226 8.0862870216369647 -0.93602878778951892 8.0600395202636737
decision_type=2 2 2 2 2 2 2 2 2 2 2 2 2 2
left_child=-1 7 9 4 5 12 -7 8 -2 10 -3 -12 -4 -14
right_child=1 2 3 -5 -6 6 -8 -9 -10 -11 11 -13 13 -15
leaf_value=-0.014299305463988381 0.0097579516192549936 -0.018762564750863773 -0.0055349559584799823 -0.014156118129336011 0.022888590764347027 -0.00012678215737580074 -0.029521813840697408 0.014020986211506806 -0.019327895144865753 -0.030864616339900182 0.01765122447442221 -0.0088426409353762475 0.014563649205500691 -0.0062307101247052006
leaf_weight=2.3477196177118449 1.0070769747253496 1.9378183417720745 3.8742879016208507 2.9492376252310342 2.4969470050418741 1.380238900310361 1.2890243681613354 4.6857499129837379 0.89453508844599117 1.0687956627225501 1.2711483291350307 1.114951893687248 6.1341507104225439 2.0026817265897989
leaf_count=562 33 80 217 89 131 31 54 58 12 46 51 19 145 19
internal_value=-0.00192647 -0.000617143 -0.00313428 0.000684818 0.00387151 -0.000616469 -0.0184991 0.00826208 -0.00586998 -0.0152653 -0.00633635 0.00631605 0.00447398 0.00932385
internal_weight=34.4544 32.1066 25.5193 20.1266 17.1773 14.6804 2.66926 6.58736 1.90161 5.39271 4.32392 2.3861 12.0111 8.13683
internal_count=1547 985 882 686 597 466 85 103 45 196 150 70 381 164
is_linear=0
shrinkage=0.03


Tree=252
num_leaves=15
num_cat=0
split_feature=8 2 2 2 1 6 2 6 7 7 1 1 4 3
split_gain=0.852165 0.936843 1.94034 1.59495 1.00058 1.57228 0.995819 1.52068 1.90991 1.22959 0.804648 0.988576 0.929063 0.77687
threshold=2.8925652622144127 27.100527763366703 28.003631591796879 29.291781425476078 14.906283855438234 8.0862870216369647 22.658034324646 8.0673027038574237 -0.30200783229049127 -0.52865166272666253 11.155070781707765 10.989904403686525 35.374334335327156 15.46491861343384
decision_type=2 2 2 2 2 2 2 2 2 2 2 2 2 2
left_child=1 6 4 -4 5 -3 10 8 -8 -9 11 -1 -12 -2
right_child=13 2 3 -5 -6 -7 7 9 -10 -11 12 -13 -14 -15
leaf_value=-0.0030054307411189105 -0.02226090233829776 0.0093546610304105215 0.016481891532042121 -0.012723781939271454 -0.02787188328675963 -0.024087254947905316 0.022308366500515653 -0.015285436211637179 -0.013543209352197215 0.010058170720277433 -0.025550951079768125 0.020260941326975101 0.0029561950423006127 0.0086979778219094996
leaf_weight=6.0759044148726407 1.7669514603912824 2.4111938504502164 3.6189735583029687 1.7533159255981443 2.5768974311649799 1.0390615649521349 6.7774157947860658 2.5323659451678395 0.91745280334725787 2.4190185498446226 1.3986090086400511 1.1618468910455702 1.4769204903859643 0.38858025148510922
leaf_count=588 475 73 66 11 22 8 180 24 13 59 17 4 26 2
internal_value=-0.000772384 0.000588636 -0.00611341 0.0064493 -0.0166354 -0.00386603 0.00406147 0.00937461 0.0169678 -0.00329414 -0.00282811 0.00273557 -0.0139244 -0.0156921
internal_weight=36.3145 34.159 11.3994 5.37229 6.02715 3.45026 22.7595 12.6463 7.69487 4.95138 10.1133 7.23775 2.87553 2.15553
internal_count=1568 1091 180 77 103 81 911 276 193 83 635 592 43 477
is_linear=0
shrinkage=0.03


Tree=253
num_leaves=15
num_cat=0
split_feature=1 1 2 2 0 7 5 7 4 4 2 4 0 1
split_gain=0.752616 1.1118 0.553571 1.09524 0.717836 0.996871 1.68457 1.42717 1.39155 1.10672 0.900077 0.780189 0.634771 0.624293
threshold=18.350676536560062 16.472542762756351 29.985845565795902 28.239186286926273 20.678366661071781 -0.83675434338598031 237.88254547119143 -0.1757363467879012 36.359355926513679 37.91930007934571 25.788427352905277 38.632978439331062 20.03808689117432 8.6481337547302264
decision_type=2 2 2 2 2 2 2 2 2 2 2 2 2 2
left_child=1 2 3 4 5 12 11 8 -8 -10 -11 -7 -1 -9
right_child=-2 -3 -4 -5 -6 6 7 13 9 10 -12 -13 -14 -15
leaf_value=-0.028377776483060033 0.010301592247933146 -0.018908666556043216 -0.018629662904213994 0.019049059684351034 -0.01423760990498826 0.018891170437260171 -0.025438038429606354 -0.013202602506765295 0.016143903303140437 0.0057320099585464962 -0.023943516308215469 -0.0045536986107955627 0.0018574704352394614 0.0064464773385806088
leaf_weight=0.73556112393272133 2.8945838060462838 2.8281441111466838 0.6252034604549398 1.3591191293671716 2.8665453270077697 4.7090791051741787 2.989970453083532 0.75356135331092744 1.3085425239987674 1.1415689960122111 0.97999448562040914 1.2126965103670952 0.79656956274993718 8.9049441344104689
leaf_count=34 158 131 4 27 35 175 207 466 58 54 23 17 14 140
internal_value=-0.00226321 -0.00371211 -0.00160593 -0.00058803 -0.00225737 -0.000277155 0.00170063 -0.00343473 -0.0133908 0.000482235 -0.0112548 0.0141257 -0.0181327 0.00381859
internal_weight=34.1061 31.2115 28.3834 27.7582 26.399 23.5325 22.0004 16.0786 6.42008 3.43011 2.12156 5.92178 1.53213 9.65851
internal_count=1543 1385 1254 1250 1223 1188 1140 948 342 135 77 192 48 606
is_linear=0
shrinkage=0.03


Tree=254
num_leaves=15
num_cat=0
split_feature=2 2 2 3 4 6 0 8 6 4 0 3 1 0
split_gain=1.25674 1.75969 1.23885 1.25064 1.07361 1.03384 0.850702 0.893313 1.37614 0.990492 1.14614 0.852139 0.824354 0.735967
threshold=27.945035934448246 29.985845565795902 27.79027080535889 16.674709320068363 39.236480712890632 8.0862870216369647 20.839991569519047 1.9316474860825088 8.0210433006286639 37.187461853027351 19.356113433837894 16.566885948181156 14.42799758911133 16.570536613464359
decision_type=2 2 2 2 2 2 2 2 2 2 2 2 2 2
left_child=2 -2 3 4 6 -5 7 8 -1 10 -9 13 -11 -10
right_child=1 -3 -4 5 -6 -7 -8 9 11 12 -12 -13 -14 -15
leaf_value=-0.018453719080555184 0.020921082399081515 -0.011856503974797684 -0.026861571659380575 0.019519882266539574 -0.025127501754563335 -0.0064611698074255302 0.0124222442451941 -0.015758336559852648 0.00040790421001561851 -0.0020126403267396562 0.013818105221789846 -0.016310132544384251 -0.027342874343720021 0.015494571111761658
leaf_weight=1.6504617497557941 4.2848933011991894 1.3014820067910475 0.67954367818310757 3.4425370970275244 0.8747158203041171 1.4158192779868839 2.4729577524121842 0.99541741685243268 6.0324682800564879 1.9649410713464019 1.9104096029186619 0.54672202840447504 2.5605127867311239 4.7246489743702114
leaf_count=198 119 25 22 90 10 10 140 207 412 58 96 7 28 141
internal_value=0.000786113 0.012644 -0.00181989 -0.000337086 -0.00327833 0.012138 -0.00142409 -0.00360611 0.00124918 -0.0112142 0.00224585 0.005392 -0.0186993 0.00778844
internal_weight=34.8575 5.58638 29.2712 28.5916 23.7333 4.85836 22.8585 20.3856 12.9543 7.43128 2.90583 11.3038 4.52545 10.7571
internal_count=1563 144 1419 1397 1297 100 1287 1147 758 389 303 560 86 553
is_linear=0
shrinkage=0.03


Tree=255
num_leaves=15
num_cat=0
split_feature=8 8 4 0 5 3 7 1 4 4 1 8 3 7
split_gain=0.670513 1.30174 1.26724 1.22805 2.19633 1.16031 1.14173 1.21371 1.52568 1.13231 1.15137 1.12029 1.06231 0.870231
threshold=1.3475136826223062 1.3848532734144536 33.241127014160163 18.7666130065918 240.9055099487305 16.566885948181156 -1.0440268710670038 14.738187789916994 37.91930007934571 33.383050918579109 13.839918136596681 1.4969847507677219 12.161772251129152 -0.91017741815175801
decision_type=2 2 2 2 2 2 2 2 2 2 2 2 2 2
left_child=9 -2 -3 11 5 6 -5 8 -8 -1 -11 -4 -13 -7
right_child=1 2 3 4 -6 13 7 -9 -10 10 -12 12 -14 -15
leaf_value=0.0046882026514200913 0.019720158881294251 -0.023993990094482325 -0.0092921074330540657 0.011527841193971995 -0.037729561537278376 -0.0064848482551527822 0.018725751620345159 -0.017841243619372931 -0.010746591722228416 -0.024555159117963739 0.0011578686668149141 -0.010548128960424903 0.021190752740422439 0.018640886818346327
leaf_weight=2.8842366487369855 1.5961899447720522 1.2666119057685161 1.3482713625999192 1.9346185794565922 0.63899436127394338 1.2361694648861883 1.7236339277587776 5.7717040247516707 2.7868427629582584 3.8157479931833223 2.1949541037902236 0.52356245717965055 4.1685946335783228 2.7800085209310046
leaf_count=201 25 55 47 152 19 11 64 190 73 259 45 239 87 60
internal_value=-0.00309645 -0.000526939 -0.00259368 -0.000456714 -0.00461932 -0.00120222 -0.00580166 -0.00979502 0.00187034 -0.0097365 -0.0163396 0.0101748 0.0164183 0.0111562
internal_weight=34.6701 25.7752 24.179 22.9124 16.872 16.233 12.2168 10.2822 4.51048 8.89494 6.0107 6.04043 4.69216 4.01618
internal_count=1527 1022 997 942 569 550 479 327 137 505 304 373 326 71
is_linear=0
shrinkage=0.03


Tree=256
num_leaves=15
num_cat=0
split_feature=4 4 3 8 5 1 3 5 0 8 8 5 2 3
split_gain=0.993136 1.24103 1.07023 0.992626 1.76529 1.1058 1.05564 0.936338 1.0355 0.934353 0.827395 0.86696 0.756286 1.38416
threshold=37.878076553344734 33.672384262084968 22.69757175445557 1.33662678048117 258.14437866210943 12.936228275299074 12.161772251129152 240.9055099487305 19.39708232879639 1.0487262710501755 1.0288624698825137 261.83042907714849 29.227619171142582 16.65492153167725
decision_type=2 2 2 2 2 2 2 2 2 2 2 2 2 2
left_child=1 2 9 4 -3 6 -5 -7 -9 10 11 -1 13 -2
right_child=12 3 -4 5 -6 7 -8 8 -10 -11 -12 -13 -14 -15
leaf_value=0.01126157609893271 -0.011311022738553229 0.012466651225654038 0.015591623311526274 -0.0096187011391655596 -0.023860608714506373 0.0075746043404760688 0.023921475425281183 0.0026414774270570604 -0.030405042819874713 -0.022947714168664913 0.016580674510561944 -0.020003124402704044 -0.026787312497465195 0.011136375026984923
leaf_weight=0.46994850039482416 8.0153782323468423 1.3730762591585546 0.47020533680915821 0.45151311880908807 1.6195009439834391 6.6741393969277834 4.0948528574081138 1.6972249930258843 0.46953573171049345 2.9424995782319456 0.7348877612967043 1.1567117613740263 0.9517507890705027 2.5104519654996702
leaf_count=2 196 59 1 170 158 367 70 107 12 168 12 151 11 47
internal_value=-0.00245334 0.00130423 -0.00964976 0.00549879 -0.00824494 0.00893058 0.0194568 0.00209045 -0.0118596 -0.0140057 0.000648086 -0.010122 -0.00922948 -0.00545552
internal_weight=33.6317 22.1541 5.77425 16.3798 2.99258 13.3873 4.54637 8.8409 2.16676 5.30405 2.36155 1.62666 11.4776 10.5258
internal_count=1531 1277 334 943 217 726 240 486 119 333 165 153 254 243
is_linear=0
shrinkage=0.03


Tree=257
num_leaves=15
num_cat=0
split_feature=2 2 2 3 8 1 4 8 6 6 8 8 2 1
split_gain=1.09991 1.10888 1.07623 1.09186 0.892645 1.07228 1.82103 0.913031 1.89965 0.879227 1.24028 0.864375 0.715002 1.06294
threshold=29.985845565795902 27.411670684814457 27.100527763366703 14.104630947113039 0.6816885911549645 9.4152956008911151 35.374334335327156 1.9316474860825088 8.0600395202636737 8.0165042877197283 1.7099585220956541 2.3748204583955461 18.308194160461429 13.701046943664553
decision_type=2 2 2 2 2 2 2 2 2 2 2 2 2 2
left_child=1 2 3 12 -5 -6 -7 -8 11 10 -3 -9 -1 -14
right_child=-2 9 -4 4 5 6 7 8 -10 -11 -12 -13 13 -15
leaf_value=0.0047880734932850061 -0.020779448458322552 0.012460717403468524 -0.017138694580822646 -0.013376356994218554 0.022973236356796177 -0.012630321933407086 0.021944487473458577 -0.0033408063340862747 -0.017254872047689392 0.017028432062133139 -0.022371927511461762 0.024007099994145523 -0.024242593510993209 0.0011413510378079793
leaf_weight=2.4868971066316687 0.88146284566027944 1.05090080667287 2.0612197115551671 0.98209507064893742 2.5779631938785306 3.3360896073281747 2.9569099792279303 1.29078307421878 1.8086292073130605 5.8626511504407972 0.7111885210033505 1.86816213093698 2.2910930206999183 2.5487530676764436
leaf_count=392 22 11 45 25 12 24 128 33 15 147 43 15 277 313
internal_value=0.0016024 0.00283615 -0.000436877 0.0017908 0.00635189 0.00855908 0.00365454 0.0111573 0.00213498 0.0120738 -0.0046077 0.014716 -0.00709026 -0.0129685
internal_weight=32.7148 31.8333 24.2086 22.1474 14.8206 13.8385 11.2606 7.92448 4.96757 7.62474 1.76209 3.15895 7.32674 4.83985
internal_count=1502 1480 1279 1234 252 227 215 191 63 201 54 48 982 590
is_linear=0
shrinkage=0.03


Tree=258
num_leaves=15
num_cat=0
split_feature=4 4 8 0 2 2 1 0 0 5 4 1 1 2
split_gain=0.729405 0.853418 2.58 1.20202 1.11999 1.26172 0.776361 0.70129 1.46201 1.41679 1.46221 1.73183 1.41 0.620163
threshold=38.882535934448249 33.383050918579109 1.3689495893238617 14.448084354400637 29.227619171142582 28.003631591796879 15.590679645538332 16.570536613464359 18.7666130065918 240.9055099487305 37.15100288391114 14.906283855438234 13.624213695526125 18.202941894531254
decision_type=2 2 2 2 2 2 2 2 2 2 2 2 2 2
left_child=1 2 3 -1 5 7 -7 13 -9 10 -10 12 -12 -3
right_child=-2 4 -4 -5 -6 6 -8 8 9 -11 11 -13 -14 -15
leaf_value=-0.01135393952947792 0.009691619553356132 -0.0034903039666286063 -0.017789455809069456 0.023619902380901451 -0.026487333589299514 0.021318701324676233 -0.0068250432616165308 0.010740031580168606 0.011528652368121197 -0.03445651745515798 -0.020776577573289486 -0.026062462309082025 0.0081599326170691249 -0.025198315155231247
leaf_weight=0.45990164059913041 3.673695833887904 2.684412582835658 1.7905213690246453 3.6969566978514194 1.1220471870619793 1.76686688279733 0.72312012896873046 4.3251009748200913 3.0561642072861988 0.61265418655239123 1.0861104060895721 2.7124711032956839 4.5423722136765718 1.8412584193865766
leaf_count=197 50 328 66 18 46 51 23 174 234 18 39 49 143 116
internal_value=-0.00142197 -0.00302985 0.00643756 0.0182991 -0.00549304 -0.0034379 0.0135318 -0.0059898 -0.00268162 -0.00796919 -0.00388081 -0.0101567 0.0002841 -0.0152841
internal_weight=34.0937 30.42 5.94738 4.15686 24.4726 23.3505 2.48999 20.8605 16.3349 12.0098 11.3971 8.34095 5.62848 4.52567
internal_count=1552 1502 281 215 1221 1175 74 1101 657 483 465 231 182 444
is_linear=0
shrinkage=0.03


Tree=259
num_leaves=15
num_cat=0
split_feature=5 1 8 1 4 0 7 2 8 5 4 0 0 8
split_gain=0.640034 1.58957 1.23327 1.28788 0.897141 0.921511 0.659892 0.65175 1.09336 1.4137 0.622252 1.08816 1.75434 0.489757
threshold=241.83421325683597 11.155070781707765 1.0288624698825137 10.989904403686525 32.496261596679695 13.957610607147219 0.79988291960353453 29.985845565795902 1.7099585220956541 220.83675384521487 34.02820014953614 18.7666130065918 16.951104164123539 1.7991250186756378
decision_type=2 2 2 2 2 2 2 2 2 2 2 2 2 2
left_child=7 2 3 -2 6 -6 -4 8 -1 -10 -3 12 -12 -11
right_child=1 10 4 -5 5 -7 -8 -9 9 13 11 -13 -14 -15
leaf_value=0.018532227568039107 -0.023327069666275228 -0.030890728697308415 -0.017704781746613187 0.013088718307751867 -0.010049073429706214 0.019449894119504037 0.010381038935862582 -0.010737211147404007 -0.021940185988513775 -0.01096684278486266 -0.017116263281315353 -0.028038042062270035 0.017542503701081829 0.0068184225295957373
leaf_weight=4.122778957244015 1.4770621838979408 0.8182479590177526 0.84116158232791327 0.56563937664031971 0.50039079063571978 4.7828479493036866 0.43432602286338806 1.2730227031861421 0.95057540386915107 0.64931503590196271 1.4145747797447263 0.49625918245874334 1.9007944574113933 13.073475136014165
leaf_count=150 247 7 82 2 284 35 2 23 92 31 95 16 89 399
internal_value=0.00173308 -0.00324357 0.00441604 -0.0122557 0.0105429 0.0155013 -0.00778188 0.00501233 0.00656752 0.00223788 -0.0157304 -0.00673233 0.00221504 0.00528916
internal_weight=33.3005 13.2313 8.60143 2.0427 6.55873 5.28324 1.27549 20.0692 18.7961 14.6734 4.62988 3.81163 3.31537 13.7228
internal_count=1554 859 652 249 403 319 84 695 672 522 207 200 184 430
is_linear=0
shrinkage=0.03


Tree=260
num_leaves=15
num_cat=0
split_feature=4 7 6 6 4 4 1 1 7 5 5 6 4 8
split_gain=0.642712 0.834472 0.953633 0.954977 1.54959 1.06914 1.07603 0.695046 0.856677 0.69364 1.01727 0.898237 0.634215 0.631223
threshold=38.882535934448249 -0.97091782375839342 8.0340056419372576 8.1966772079467791 35.208374023437507 36.211288452148445 14.400018215179445 12.630872249603273 -0.87499961605412746 229.87637329101565 264.30863952636724 8.0256662368774432 39.335397720336921 1.7099585220956541
decision_type=2 2 2 2 2 2 2 2 2 2 2 2 2 2
left_child=1 -1 9 4 -4 6 -6 -7 -9 13 -11 -12 -2 -3
right_child=12 2 3 -5 5 7 -8 8 -10 10 11 -13 -14 -15
leaf_value=-0.020555513265560345 0.018008337576496711 0.0020886960962581244 -0.028269490376655989 0.013048270972633487 -0.010570489047795489 0.0085401397564120012 0.01987638433438297 0.011047797905492759 -0.015617480519930803 0.010372862251892245 -0.017482308125424523 0.0091437951974548508 -0.0042938108657932595 -0.021612192315931231
leaf_weight=1.4825323221157329 1.6170817014062771 1.9329529479146033 2.2590660085552345 0.96038155257701951 0.87088542780838851 0.96947894757613351 1.8380062829237429 0.53786627668887099 6.6675722307991263 9.5859691272489709 1.8529070515651249 1.0962031723465768 1.4867604257306082 0.81418204295914609
leaf_count=166 28 11 214 7 90 39 73 8 208 209 279 123 19 60
internal_value=-0.00241394 -0.00379288 -0.00229852 -0.00767106 -0.0100006 -0.00414895 0.00987711 -0.00936668 -0.0125232 0.00282617 0.00584397 -0.00777597 0.00888231 -0.00882872
internal_weight=33.9718 30.868 29.3855 14.1033 13.1429 10.8838 2.70889 8.17492 7.20544 15.2822 12.5351 2.94911 3.10384 2.74713
internal_count=1534 1487 1321 639 632 418 163 255 216 682 611 402 47 71
is_linear=0
shrinkage=0.03


Tree=261
num_leaves=15
num_cat=0
split_feature=6 6 7 2 4 0 7 7 2 3 0 7 6 0
split_gain=0.813697 1.30475 1.33801 1.60658 1.17678 1.13989 1.11846 1.26491 0.876401 0.754345 0.7081 0.687405 0.622197 0.571433
threshold=8.0862870216369647 8.0300655364990252 -0.4385247824796899 18.308194160461429 37.029376983642585 18.7666130065918 -0.83675434338598031 -0.89306374493345342 17.975518226623539 16.566885948181156 20.562693595886234 -0.034685613910063938 8.0198678970336932 20.839991569519047
decision_type=2 2 2 2 2 2 2 2 2 2 2 2 2 2
left_child=1 2 4 -4 -1 9 7 -3 -8 -2 -10 -5 -6 -14
right_child=5 6 3 11 12 -7 8 -9 10 -11 -12 -13 13 -15
leaf_value=0.014007418267954591 0.01317075279511472 0.0050852221221138775 0.0064597359652514615 -0.031422563055758246 -0.016677913108075273 -0.027229197579828827 -0.009022830914659349 -0.021633436804306773 0.016879124650738341 -0.010779308531572742 -0.0055235684942819595 -0.0013275613789202011 0.012229325345833238 -0.0090250306099879957
leaf_weight=3.2203134045703345 1.2852594030555331 4.0028072595596313 1.5702647503931082 2.6135422603110787 1.9175387783907352 1.3346183933317659 0.96785699966130678 1.3848279949743325 9.0573343837750109 1.460569132119417 0.97213778563309539 0.95477797620696936 1.406911861849949 1.2041951994178814
leaf_count=195 56 73 210 75 78 14 164 25 425 11 21 111 55 23
internal_value=-0.000715378 0.00117001 -0.00572739 -0.0162152 0.0022859 -0.0118089 0.00661252 -0.0040941 0.0117618 0.000954489 0.0144038 -0.0254233 -0.00707524 0.0026424
internal_weight=33.353 29.2725 12.8875 5.13858 7.74896 4.08045 16.385 5.38764 10.9973 2.74583 10.0295 3.56832 4.52865 2.61111
internal_count=1536 1455 747 396 351 81 708 98 610 67 446 186 156 78
is_linear=0
shrinkage=0.03


Tree=262
num_leaves=15
num_cat=0
split_feature=2 7 2 5 2 2 7 2 0 2 7 0 0 1
split_gain=0.949703 1.29526 0.89592 0.839444 0.650166 0.542392 0.467322 0.465535 0.773034 0.998854 0.593966 0.77299 0.577556 0.527065
threshold=27.945035934448246 -0.93602878778951892 27.100527763366703 231.44509124755862 26.61718845367432 29.985845565795902 -0.97091782375839342 25.118460655212406 14.448084354400637 18.308194160461429 -0.83023111391020199 18.998286247253422 13.957610607147219 14.458760738372805
decision_type=2 2 2 2 2 2 2 2 2 2 2 2 2 2
left_child=1 -1 4 -4 7 6 -2 8 9 12 -9 -12 -3 -13
right_child=5 2 3 -5 -6 -7 -8 10 -10 -11 11 13 -14 -15
leaf_value=-0.022757175310799075 -0.0013994359609639736 -0.010585226267539983 0.0064023097975898606 -0.018537000120623023 0.012976718279737825 -0.0055000336107524648 0.019361098868210511 -0.021579586421123023 0.0074539391780743605 -0.018396748582281502 -0.014264926437402983 0.017151262127724904 0.012847383483750391 -0.003830303316717955
leaf_weight=1.5316068615065912 1.1092314064735544 0.54247433540877965 1.161205681040882 2.9410065102856606 3.1909794001840046 0.97473251592600707 3.1418235197197637 0.80265318800229568 9.2276254007010703 2.0200486471876502 1.3061551041901101 1.2665209406986835 1.8057644785149021 1.4914231124566866
leaf_count=182 32 381 17 81 61 22 98 12 280 209 50 66 17 45
internal_value=5.55629e-05 -0.0022807 -0.000258004 -0.0116063 0.00230932 0.0106617 0.0147091 -0.000106385 0.00276765 -0.0066762 -0.00723856 -0.000704241 0.00588945 0.00780501
internal_weight=32.5133 27.2875 25.7559 4.10221 21.6536 5.22579 4.25105 18.4627 13.5959 4.36829 4.86675 4.0641 2.34824 2.75794
internal_count=1553 1401 1219 98 1121 152 130 1060 887 607 173 161 398 111
is_linear=0
shrinkage=0.03


Tree=263
num_leaves=15
num_cat=0
split_feature=3 7 3 3 3 2 7 8 5 0 8 0 2 2
split_gain=1.31358 1.33406 1.24632 0.695782 1.0389 1.59468 1.06521 0.781787 1.30147 0.641748 1.30225 0.925093 0.726801 1.0521
threshold=15.065034389495851 0.016626395964777784 14.73831081390381 15.498984813690187 16.348674774169925 27.859560012817386 -0.78660338765590454 1.9365449016937606 254.61253356933597 14.133542537689211 2.0385454941786887 19.091469764709476 26.23016452789307 27.945035934448246
decision_type=2 2 2 2 2 2 2 2 2 2 2 2 2 2
left_child=2 3 9 -2 7 -6 -7 8 -5 -1 -11 -12 -13 -14
right_child=1 -3 -4 4 5 6 -8 -9 -10 10 11 12 13 -15
leaf_value=-0.017366958214834277 0.02030534151421514 -0.013541256123594747 -0.024950984461033936 0.018635572613046939 0.020677531783272494 -0.019209294849208271 0.008865093109034031 -0.019685071767766949 -0.011414365330312653 0.01075182978906055 -0.027297653646595803 0.008874098776189188 -0.019725414958814764 0.0069937973833880691
leaf_weight=1.1436768302810403 2.777451571077111 1.908114494755863 1.6688103969208885 1.3865349967963978 4.5878577053081244 1.3014861736446621 1.6998859676532445 1.2128343852236865 1.8741553574800489 5.1375059657730144 0.70440694567514572 2.4160941741429269 2.1672619695309554 1.5957144559943115
leaf_count=551 45 20 35 59 105 12 33 16 12 85 154 202 74 80
internal_value=7.171e-05 0.00567371 -0.00621231 0.00884321 0.00485165 0.0110916 -0.00506706 -0.0058266 0.00273847 -0.00224311 0.000419032 -0.00767849 -0.00195107 -0.00930545
internal_weight=31.5818 16.7483 14.8335 14.8402 12.0628 7.58923 3.00137 4.47352 3.26069 13.1647 12.021 6.88348 6.17907 3.76298
internal_count=1483 302 1181 282 237 150 45 87 71 1146 595 510 356 154
is_linear=0
shrinkage=0.03


Tree=264
num_leaves=15
num_cat=0
split_feature=8 2 2 1 2 1 1 1 7 5 7 4 8 2
split_gain=0.906545 0.79088 1.27731 1.04531 0.925491 0.847777 0.813311 1.09795 0.738218 0.652107 1.31693 0.719011 0.661797 0.521617
threshold=2.7599112036002964 28.003631591796879 27.79027080535889 16.472542762756351 29.291781425476078 14.642970085144045 14.234852313995363 13.624213695526125 -0.37051252927604988 264.30863952636724 0.320214981300529 33.17766189575196 1.33662678048117 27.945035934448246
decision_type=2 2 2 2 2 2 2 2 2 2 2 2 2 2
left_child=1 2 3 5 -3 6 7 8 -1 11 12 -10 -11 -2
right_child=13 4 -4 -5 -6 -7 -8 -9 9 10 -12 -13 -14 -15
leaf_value=-0.015042276197930344 -0.022081634947447807 0.018216821853337731 -0.025195192538220699 -0.017498473902845198 -0.0049116640768269281 0.011310557522107585 -0.017221243351773743 0.018362954714921512 -0.0069096320362123289 -0.024261937490827511 0.010650844365804202 0.012334372787530069 -0.00087505908991162196 0.0020640437466219702
leaf_weight=2.2171165738254919 1.8210079584387124 3.0472323102876535 1.011489801108836 1.8483078125864256 1.9675307683646677 5.1840711245313278 1.5661924704909314 1.7423812889028329 1.7399967163801244 1.8338240333250726 2.0005605038022622 4.8329953155480325 1.8947806985815985 0.90474467101739708
leaf_count=80 394 62 24 17 11 63 30 89 12 346 64 76 203 77
internal_value=-0.00168515 1.07645e-06 -0.0022 -0.000326293 0.0098345 0.00172427 -0.00151596 0.000906679 -0.00223641 0.0010288 -0.00584451 0.0070004 -0.0150757 -0.0156642
internal_weight=33.6122 30.8865 25.8717 24.8602 5.01476 23.0119 17.8278 16.2617 14.5193 12.3022 5.72917 6.57299 3.7286 2.72575
internal_count=1548 1077 1004 980 73 963 900 870 781 701 613 88 549 471
is_linear=0
shrinkage=0.03


Tree=265
num_leaves=15
num_cat=0
split_feature=2 2 3 1 1 4 5 1 5 1 0 8 2 2
split_gain=0.879432 2.03168 0.961581 0.581729 1.14734 0.813438 0.901897 0.869184 0.698451 0.599469 0.665649 1.19766 1.07814 1.06546
threshold=29.985845565795902 27.945035934448246 17.961747169494632 16.472542762756351 20.187353134155277 38.882535934448249 233.35565948486331 15.109243869781496 235.8682556152344 14.234852313995363 17.278176307678226 1.0487262710501755 18.308194160461429 25.788427352905277
decision_type=2 2 2 2 2 2 2 2 2 2 2 2 2 2
left_child=1 2 3 5 -5 6 -1 8 -8 10 11 -10 -13 -12
right_child=-2 -3 -4 4 -6 -7 7 -9 9 -11 13 12 -14 -15
leaf_value=-0.014757551870257415 -0.019796482810116277 0.018381764989948521 0.014776025514409015 -0.02308418997584263 0.010038616445977306 0.017053945493447714 0.014120173732318003 0.016245693201808378 0.0062356819232974965 -0.018129132104819184 0.01933996594112701 0.0026216815354883549 -0.023326541145608639 -0.0040969506970844321
leaf_weight=3.7005956317298283 0.82117542315972869 4.4425418265745966 1.9227248914539803 2.069012451160233 0.68863122758921225 0.97437442094087501 1.0935093061998546 1.5807860200293351 3.2753404267714341 1.4389591079670925 1.9080914927180845 1.9045377512229604 3.2339196884422563 3.6927945005008951
leaf_count=57 20 133 44 165 57 9 42 83 266 36 80 282 190 94
internal_value=0.000515112 0.00162293 -0.0016363 -0.00338071 -0.0143425 -0.00150819 -0.00304751 -1.0501e-05 -0.00240082 -0.00435698 -0.00182968 -0.0068504 -0.0148487 0.00560777
internal_weight=32.747 31.9258 27.4833 25.5606 2.75764 22.8029 21.8285 18.1279 16.5472 15.4536 14.0147 8.4138 5.13846 5.60089
internal_count=1558 1538 1405 1361 222 1139 1130 1073 990 948 912 738 472 174
is_linear=0
shrinkage=0.03


Tree=266
num_leaves=15
num_cat=0
split_feature=0 2 5 2 4 6 4 5 5 0 3 2 4 3
split_gain=0.848463 1.19504 1.11535 0.887042 1.35965 0.716263 0.949923 1.43785 1.192 1.39662 1.21839 0.777631 0.491366 0.486775
threshold=21.143773078918461 28.275661468505863 230.793327331543 29.291781425476078 28.480535507202152 8.0165042877197283 37.91930007934571 228.30340576171878 240.9055099487305 18.096292495727543 13.856672763824465 18.202941894531254 36.376699447631843 12.161772251129152
decision_type=2 2 2 2 2 2 2 2 2 2 2 2 2 2
left_child=5 2 -2 -3 -5 -1 8 -8 -7 10 11 13 -11 -10
right_child=1 3 -4 4 -6 6 7 -9 9 12 -12 -13 -14 -15
leaf_value=-0.017035930374384341 -0.03173032787213164 0.010446435662547571 0.0065523370274903009 0.014535613304855191 -0.024289215063710751 0.017611110434477308 0.012716106330281423 -0.013850548031091422 -0.010498409183141759 -0.03134925055728139 0.010088571902533434 -0.020667877864323267 0.00081172277290237878 0.011747455651675282
leaf_weight=0.84778702131007477 1.8080628126626828 2.4002529695862904 0.51276710012461979 0.45477235317230214 1.2779945812071671 4.5508433541981566 1.713136204285546 5.1902681835927069 0.51911208312958423 0.47735475143417605 8.6186427769716811 1.423463894810993 0.53247083048336208 1.2476252661435863
leaf_count=114 141 29 7 1 61 219 19 156 282 35 91 260 14 88
internal_value=-0.00154958 -0.0104446 -0.023846 0.000260243 -0.0125092 0.00104805 0.00232876 -0.00648304 0.00599322 0.000892713 0.00448176 -0.00945831 -0.0224248 0.00377904
internal_weight=31.5746 6.45385 2.32083 4.13302 1.73277 25.1207 24.2729 6.9034 17.3695 12.8187 11.8088 3.1902 1.00983 1.76674
internal_count=1517 239 148 91 62 1278 1164 175 989 770 721 630 49 370
is_linear=0
shrinkage=0.03


Tree=267
num_leaves=15
num_cat=0
split_feature=6 0 8 2 0 0 0 8 1 6 2 1 6 7
split_gain=0.781507 1.30312 0.694055 0.646416 0.565383 0.528677 1.2273 0.61938 0.714335 1.09817 0.989007 1.53095 0.780196 0.673061
threshold=8.0862870216369647 18.7666130065918 3.0382405033136943 29.985845565795902 14.133542537689211 15.267641544342043 16.240607261657718 0.88119588333900012 13.624213695526125 8.0514039993286151 24.543199539184574 15.534647941589357 8.0165042877197283 -0.35004594658662064
decision_type=2 2 2 2 2 2 2 2 2 2 2 2 2 2
left_child=2 -2 3 4 -1 -6 -7 -8 9 13 -10 12 -12 -9
right_child=1 -3 -4 -5 5 6 7 8 10 -11 11 -13 -14 -15
leaf_value=-0.010975602490569395 0.0027671427061914202 -0.028225928820021416 -0.015803862934139684 -0.016406862775638346 0.012502406944374102 -0.019467285962663641 0.018060170268927991 -0.028259047946021288 0.018458963776373533 0.012837038268695148 -0.010009322823945286 -0.0099230669258519658 0.01263400508807542 -0.00076590885382679186
leaf_weight=1.4051510043209514 2.2776476138969879 1.2871487382799385 1.0471039163530793 0.60666085407137771 4.7206776179373291 1.1812773384153867 1.5751998713240052 1.0639942749403419 2.7506637384649393 0.73545625992119301 0.88266622647642901 5.6763299689628184 6.8116715271025896 1.4038896192796557
leaf_count=557 57 14 429 5 30 17 30 28 26 59 19 56 192 18
internal_value=-0.000583512 -0.0121555 0.00114707 0.0022725 0.00322224 0.0043346 0.00212241 0.00417588 0.00221124 -0.00901415 0.00483795 0.00094629 0.00918396 -0.01735
internal_weight=33.4255 3.5648 29.8607 28.8136 28.207 26.8018 22.0811 20.8999 19.3247 3.20334 16.1213 13.3707 7.69434 2.46788
internal_count=1537 71 1466 1037 1032 475 445 428 398 105 293 267 211 46
is_linear=0
shrinkage=0.03


Tree=268
num_leaves=15
num_cat=0
split_feature=2 2 3 2 0 3 7 8 3 3 1 0 2 0
split_gain=0.762132 0.887851 1.38745 0.840534 0.700155 0.658333 0.512663 0.510518 1.08982 0.671385 0.529975 0.963385 1.07003 1.16009
threshold=27.945035934448246 29.291781425476078 22.69757175445557 27.100527763366703 14.133542537689211 14.556005001068117 -0.69448464573430335 2.8925652622144127 12.719022750854494 15.46491861343384 14.458760738372805 18.998286247253422 25.788427352905277 17.278176307678226
decision_type=2 2 2 2 2 2 2 2 2 2 2 2 2 2
left_child=3 5 -3 4 -1 -2 -5 8 -6 -9 11 12 13 -10
right_child=1 2 -4 6 7 -7 -8 9 10 -11 -12 -13 -14 -15
leaf_value=-0.017299909821627733 -0.0050575222667196412 -0.022231449773986806 0.012961153118911946 -0.019356328189936212 0.019448169290301718 0.021268557468149138 -0.0011226419470876632 -0.019630277387572184 -0.0026607219162011861 0.0095546158111487513 -0.0074008671953666848 0.019123553976298668 -0.017913433464312612 0.020136175885512718
leaf_weight=1.1448820024379589 0.69062514160759692 1.041400741727557 1.077457882463932 3.3012285224976949 1.8473927602171958 2.5665175262838602 2.2404728760593562 1.20660753751872 6.6829002569429594 0.33399903774261464 5.6283542956225565 1.6624059879686672 1.6315221702679981 1.7649154253304002
leaf_count=595 30 55 4 63 14 60 64 345 67 1 66 92 26 70
internal_value=-0.00178573 0.00766111 -0.00591789 -0.0038405 -0.000975764 0.0158097 -0.0132831 0.000678293 0.00224206 -0.0120327 -0.000546962 0.00306142 -0.00107469 0.0037292
internal_weight=32.8207 5.376 2.11886 27.4447 21.903 3.25714 5.5417 20.7581 19.2175 1.54061 17.3701 11.7417 10.0793 8.44782
internal_count=1552 149 59 1403 1276 90 127 681 335 346 321 255 163 137
is_linear=0
shrinkage=0.03


Tree=269
num_leaves=15
num_cat=0
split_feature=5 5 3 7 5 7 8 5 1 0 8 2 2 3
split_gain=0.561326 1.03697 1.03224 0.913459 1.1148 1.10372 0.896346 1.5321 0.661633 0.716769 1.5056 0.588677 1.08164 0.695337
threshold=223.1991882324219 220.42852020263675 22.69757175445557 -0.145770648117029 240.9055099487305 -0.57348037313257494 1.0288624698825137 258.14437866210943 12.431427955627443 14.448084354400637 1.3598715450933121 29.227619171142582 28.126243591308597 14.903959274291994
decision_type=2 2 2 2 2 2 2 2 2 2 2 2 2 2
left_child=1 2 -1 4 5 11 7 -5 9 10 -8 12 13 -2
right_child=3 -3 -4 6 -6 -7 8 -9 -10 -11 -12 -13 -14 -15
leaf_value=-0.019885736138470257 -0.016236315824433252 0.018956583176501837 0.010001602412662142 0.014649751436044621 -0.019826730053949169 0.013317848291721305 -0.018667340044190534 -0.023033275316213277 -0.0066537766327118223 0.022085349857494396 0.015806614387401299 -0.02310170401188355 0.014029058490499253 -0.0010422569930596906
leaf_weight=1.0930763515061725 3.7981965165236051 1.9908406396862117 1.1927056536078453 0.74326791055500008 3.8670526924543074 2.1308456175029304 1.0098458818974907 1.471578932541888 1.2411771965562364 2.6756969559937716 1.6396791465813292 0.73066335916519243 1.6062442352995283 6.5741825366858393
leaf_count=99 204 51 5 6 268 127 159 242 19 27 166 5 33 137
internal_value=-0.00207331 0.00701288 -0.00599303 -0.00368348 -0.00730794 -0.00300006 0.00399566 -0.00976411 0.0093139 0.0134991 0.00115246 -0.00650781 -0.00379363 -0.00754453
internal_weight=31.7651 4.27662 2.28578 27.4884 18.7072 14.8401 8.78125 2.21485 6.5664 5.32522 2.64953 12.7093 11.9786 10.3724
internal_count=1548 155 104 1393 774 506 619 248 371 352 325 379 374 341
is_linear=0
shrinkage=0.03


Tree=270
num_leaves=15
num_cat=0
split_feature=7 0 4 5 3 5 0 8 3 5 0 8 7 5
split_gain=0.748019 1.86705 2.14405 1.06322 1.22216 0.835773 1.16052 1.67639 1.2179 0.895829 0.982094 0.778035 0.577799 0.477625
threshold=-0.83023111391020199 20.678366661071781 28.480535507202152 220.83675384521487 15.890749454498293 237.88254547119143 18.7666130065918 2.3104267749292009 13.785173416137697 254.26270294189456 15.509354114532472 2.8925652622144127 -0.65466087996447275 233.12497711181643
decision_type=2 2 2 2 2 2 2 2 2 2 2 2 2 2
left_child=3 5 -3 -1 11 12 8 -8 -7 -10 -11 -5 13 -2
right_child=1 2 -4 4 -6 6 7 -9 9 10 -12 -13 -14 -15
leaf_value=-0.016647435800837107 0.009497942239318562 0.014314512554720977 -0.034967077435284072 0.0058911626851903941 0.021468967817699726 -0.013887994794271163 -0.033231765828924509 0.0086738882181186666 0.019700538010293089 0.010779230668593216 -0.0091193106422062919 -0.017504583107556922 0.018560596819686657 -0.0075993455569536685
leaf_weight=0.73667299700901168 1.7339825136587026 0.45106709003448431 2.140491058351472 3.1097467709332709 2.950572844594717 3.3122178977937429 1.5342784221284085 0.78395769133931015 1.7694034716114382 2.9955403031781316 4.0601371917873621 0.86678316438337777 1.6657666612882227 2.1838208148255944
leaf_count=58 34 1 85 32 29 708 43 33 85 30 35 165 107 76
internal_value=-0.00215708 -0.00486411 -0.0247922 0.00547538 0.00963134 -0.00123102 -0.00499175 -0.0207172 -0.000639814 0.00523992 -0.000381856 -0.0017012 0.0077846 0.000360375
internal_weight=30.2944 22.6307 2.59156 7.66378 6.9271 20.0391 14.4555 2.31824 12.1373 8.82508 7.05568 3.97653 5.58357 3.9178
internal_count=1521 1237 86 284 226 1151 934 76 858 150 65 197 217 110
is_linear=0
shrinkage=0.03


Tree=271
num_leaves=15
num_cat=0
split_feature=3 3 7 8 8 3 3 8 1 0 8 1 8 8
split_gain=0.72743 0.871898 0.59316 1.13649 1.33718 0.946443 0.927039 0.616591 0.536803 1.13803 0.53617 1.15631 0.593644 1.13329
threshold=14.436128139495851 19.582293510437015 -0.77137529605205468 1.6668868442765798 0.91265505516689327 15.433680057525637 16.25876617431641 2.0385454941786887 10.236512660980226 16.951104164123539 2.7211913247447574 13.624213695526125 1.9997283961610242 1.3598715450933121
decision_type=2 2 2 2 2 2 2 2 2 2 2 2 2 2
left_child=10 2 -2 4 -4 7 -7 -5 -6 -10 11 12 13 -1
right_child=1 -3 3 5 8 6 -8 -9 9 -11 -12 -13 -14 -15
leaf_value=-0.01885248429498176 0.012270044657213614 -0.011315900449959813 -0.010668874005300989 0.015700848816619144 0.023205935560503852 -0.028516560429978001 0.0028798717481367791 -0.0075741393995915583 -0.015155535682791908 0.014771833879485228 -0.016093196314858844 0.012521881395336644 -0.02545970160718318 0.0073579450886170922
leaf_weight=1.4122214714880117 5.7375023439526602 2.4615570586174718 1.72499872604385 0.99200572678819332 2.4636445268988609 1.5745558505877855 1.0099775397684423 1.231177285313606 0.89585762098431621 1.9698151249904183 2.7393034169799648 2.3405420267954469 0.58541824115673069 2.9408667415846139
leaf_count=378 89 29 35 34 12 26 30 12 9 110 484 45 30 185
internal_value=-0.000595357 0.0026916 0.00515382 0.00102544 0.00824916 -0.00916919 -0.0188669 0.00446048 0.0150907 0.00391572 -0.0068242 -0.0018135 -0.0095721 -0.00307854
internal_weight=30.0794 20.0611 17.5995 11.862 7.05432 4.80772 2.58453 2.22318 5.32932 2.86567 10.0184 7.27905 4.93851 4.35309
internal_count=1508 386 357 268 166 102 56 46 131 119 1122 638 593 563
is_linear=0
shrinkage=0.03


Tree=272
num_leaves=15
num_cat=0
split_feature=4 4 7 2 8 8 1 4 1 2 4 3 8 8
split_gain=0.776277 1.16808 1.07224 0.736508 0.616964 1.00084 0.927579 0.885697 1.00471 2.55391 0.971316 1.16658 0.890459 0.688822
threshold=38.882535934448249 37.91930007934571 -0.86101789635400328 26.170396804809574 1.1834300336419619 1.405733192482771 10.989904403686525 33.241127014160163 14.768144607543947 22.460786819458011 37.15100288391114 16.543918609619144 2.8925652622144127 1.0288624698825137
decision_type=2 2 2 2 2 2 2 2 2 2 2 2 2 2
left_child=1 4 -3 -4 6 -6 13 -7 9 -9 11 12 -10 -1
right_child=-2 2 3 -5 5 7 -8 8 10 -11 -12 -13 -14 -15
leaf_value=-0.02428588903182553 0.010593144025233104 0.0074030048904939125 -0.00068199972835417512 -0.022695885856680986 0.015964886670261667 -0.019645342682936648 0.0075766173398953817 -0.010284450317641863 0.018584113287347895 0.024201820406594018 -0.01795114581175836 -0.017362352509785142 -0.010697091080392377 0.0011815203304791897
leaf_weight=1.721699471410836 3.7382295737043014 1.5023563592112621 1.9388007251545776 4.2251543053425848 3.6186542868963469 0.8571586498292153 1.7472780472598968 2.5959272512118314 2.4886436285451063 3.5584117529215291 2.2388722712639719 0.77248711325228203 0.54162226530024771 1.3363517521647734
leaf_count=254 48 34 92 77 141 50 45 260 32 128 41 12 273 80
internal_value=-0.000719607 -0.00247398 -0.0117777 -0.0168334 0.00122323 0.00396213 -0.00732489 -0.000264591 0.00248305 0.0102511 -0.00576196 0.00365789 0.0119949 -0.0156081
internal_weight=32.8816 29.1434 7.66631 6.16396 21.4771 16.6718 4.80533 13.0531 12.196 6.15434 6.04163 3.80275 3.03027 3.05805
internal_count=1567 1519 203 169 1316 937 379 796 746 388 358 317 305 334
is_linear=0
shrinkage=0.03


Tree=273
num_leaves=15
num_cat=0
split_feature=4 4 1 4 2 8 4 2 2 8 3 2 1 4
split_gain=0.622195 0.956745 1.21584 0.810732 0.833475 0.674104 0.519915 0.745841 1.73201 0.745296 0.670876 0.566785 0.566119 0.471724
threshold=38.426225662231452 37.626707077026374 15.058192729949953 37.91930007934571 26.170396804809574 2.3104267749292009 36.611444473266609 20.473372459411625 25.922245025634769 0.82260384972484102 13.856672763824465 18.202941894531254 9.8798122406005877 38.237934112548835
decision_type=2 2 2 2 2 2 2 2 2 2 2 2 2 2
left_child=1 6 3 -3 -5 -2 7 10 9 -9 11 12 -1 -6
right_child=5 2 -4 4 13 -7 -8 8 -10 -11 -12 -13 -14 -15
leaf_value=-0.011130996691305087 0.014566579532886202 0.015614075513612975 -0.023393891923215202 0.0076649427987435532 -0.025887314077446565 -0.0048142679733527557 0.0094457095298118906 0.0019230442080346581 0.0078387443645131227 -0.024812428711221676 0.013825930323457209 -0.0170373148067125 0.012272097579317626 0.00018237559407852121
leaf_weight=0.53705220337725279 3.7087531061843029 1.0524210787843902 2.6510574442800134 1.3257126118987801 0.89145150035619714 1.8531359602930022 4.5950240720412685 1.0540648748865353 3.171676674974151 2.9310025674640201 3.105881659546867 0.74939907761290658 1.5534940019133499 0.91198738710954785
leaf_count=344 40 67 33 80 34 43 249 11 100 219 31 237 37 19
internal_value=0.000123884 -0.00199774 -0.0107442 0.000242631 -0.0074566 0.00835958 0.00177308 -0.00139667 -0.00746462 -0.0187736 0.00593023 -0.00405664 0.00460365 -0.0173415
internal_weight=30.0921 24.5302 6.83263 4.18157 3.12915 5.56189 17.6976 13.1026 7.15674 3.98507 5.94583 2.83995 2.09055 1.80344
internal_count=1544 1461 233 200 133 83 1228 979 330 230 649 618 381 53
is_linear=0
shrinkage=0.03


Tree=274
num_leaves=15
num_cat=0
split_feature=8 0 3 8 8 3 1 8 7 1 1 0 5 8
split_gain=0.994842 1.22727 1.27713 1.43384 0.817481 1.15466 0.883968 0.807177 0.739059 0.61686 0.601071 0.437467 1.22534 0.373526
threshold=2.8925652622144127 16.951104164123539 14.213488578796388 2.5145060069904721 1.1834300336419619 15.227270603179933 14.738187789916994 0.84277748333915381 0.38640753904084252 15.534647941589357 14.847980976104738 15.071187973022463 264.30863952636724 1.3598715450933121
decision_type=2 2 2 2 2 2 2 2 2 2 2 2 2 2
left_child=1 8 -3 4 7 6 -6 -4 10 -7 11 12 -1 -14
right_child=-2 2 3 -5 5 9 -8 -9 -10 -11 -12 -13 13 -15
leaf_value=0.013082588191686608 -0.015967583230476156 0.019625458962226144 0.0075846162562829313 -0.017134783686763581 0.0062743753416899181 0.018543187695171576 -0.022730967961330867 -0.018098947686098526 0.011910945367811293 0.0024775910708896075 0.010210696992751921 -0.021034484897487313 -0.021666292838717734 -0.0020193749192532959
leaf_weight=1.3774051573127559 1.8568956477683958 4.0663585131987956 1.2433495451696246 1.9418984688818444 1.3339439453557127 5.9946009926497918 0.77049761358648527 1.424452514387667 0.79466028785100196 3.6085657794028521 0.45571641623973835 2.316160143353045 1.4757758986088449 1.6946885995566843
leaf_count=9 470 65 26 18 61 180 12 38 32 32 4 33 364 191
internal_value=0.000974763 0.00258259 0.00643832 0.00220851 0.00576597 0.00909056 -0.0082466 -0.00732458 -0.00674686 0.0133093 -0.0099606 -0.0124279 -0.00504335 -0.0141669
internal_weight=30.355 28.4981 20.3837 16.3173 14.3754 11.7076 2.10444 2.6678 8.11441 9.60317 7.31975 6.86403 4.54787 3.17046
internal_count=1535 1065 432 367 349 285 73 64 633 212 601 597 564 555
is_linear=0
shrinkage=0.03


Tree=275
num_leaves=15
num_cat=0
split_feature=7 7 8 4 8 0 4 8 1 4 4 8 6 5
split_gain=0.675858 1.35904 1.12154 0.946879 1.19117 0.921412 0.8714 1.22228 2.02064 1.00514 1.32357 0.821988 0.717835 0.895339
threshold=-0.75342913436422265 -0.84661106220278759 2.272837553724194 33.383050918579109 1.3689495893238617 20.678366661071781 36.611444473266609 1.33662678048117 12.888986110687258 37.91930007934571 38.136690139770515 0.78202887872996796 8.0600395202636737 220.83675384521487
decision_type=2 2 2 2 2 2 2 2 2 2 2 2 2 2
left_child=1 2 -1 4 11 6 7 -5 -9 -8 -11 -2 13 -4
right_child=3 -3 12 5 -6 -7 9 8 -10 10 -12 -13 -14 -15
leaf_value=-0.018484006027679831 -0.010823328468903833 0.016597405382788654 -0.013863819514269682 -0.025894098074524325 -0.012834136596854602 -0.02693571924904305 0.016568012637654846 0.011008799882894323 -0.019837365229878376 -0.022572416981309011 0.007618618562033273 0.017090664475455715 -0.01461057420678639 0.013165551492642594
leaf_weight=1.9433148819953201 0.46024154275073925 3.8997703982749972 0.52433856506831933 2.192623620037919 1.4851513453759251 1.1589534761733364 2.0500244202557942 3.5272359034861438 2.3229306121356785 1.2720208731479945 2.2528963936492801 3.8291852626134641 0.58971983357332636 4.3187205210560933
leaf_count=30 90 129 56 204 46 56 145 236 148 32 70 133 10 177
internal_value=-0.00138464 0.00428347 -0.00343122 -0.00454901 0.00514195 -0.00842201 -0.00511149 -0.0109202 -0.00234721 0.00365485 -0.005857 0.0126156 0.00398957 0.00836732
internal_weight=31.8271 11.2759 7.37609 20.5513 5.77458 14.7767 13.6177 8.04279 5.85017 5.57494 3.52492 4.28943 5.43278 4.84306
internal_count=1562 402 273 1160 269 891 835 588 384 247 102 223 243 233
is_linear=0
shrinkage=0.03


Tree=276
num_leaves=15
num_cat=0
split_feature=6 8 8 6 1 8 8 6 3 8 4 0 5 0
split_gain=0.719605 1.25548 0.795247 1.76554 0.999388 1.2163 1.06196 0.756787 0.869232 0.840021 1.86198 0.757057 0.859615 0.676774
threshold=8.0355548858642596 2.5689543096333955 2.5689543096333955 8.0533647537231463 12.630872249603273 0.99939305585065119 1.1329643220069021 8.0207700729370135 21.069143295288089 1.3332371378501853 33.383050918579109 21.317837715148929 264.30863952636724 14.448084354400637
decision_type=2 2 2 2 2 2 2 2 2 2 2 2 2 2
left_child=1 7 4 -4 5 -2 -6 8 11 10 -9 12 -1 -7
right_child=2 -3 3 -5 6 13 -8 9 -10 -11 -12 -13 -14 -15
leaf_value=0.0097491350314869336 -0.016502766362661708 -0.015108821104964608 0.01770305485317538 -0.018275814544567389 0.0078882797337311555 -0.009753777742622571 -0.017838231615443866 0.017775290091515093 0.014777294788721506 0.015728688528064028 -0.020984978438591408 -0.025864132783056583 -0.01643695737762315 0.017623280670923037
leaf_weight=1.9580693955067578 0.98180166934617163 1.9316213178099122 2.4848534776247102 0.94759562495164562 1.1341556804254631 0.36030702502466772 7.7836292465217412 1.1465842875186338 0.80660876631736744 6.9045693153748289 1.3446087450720368 0.69147650897502888 0.82419490173924703 2.493022674228996
leaf_count=61 62 283 148 77 26 105 182 76 4 171 124 7 171 51
internal_value=-0.00144461 0.00305836 -0.00571217 0.00588809 -0.0090355 0.00322332 -0.0141009 0.00647895 -0.00344625 0.010897 -0.00316379 -0.010035 -0.000302886 0.0125321
internal_weight=31.7931 15.6077 16.1854 3.43245 12.7529 3.83513 8.91778 13.6761 4.28035 9.39576 2.49119 3.47374 2.78226 2.85333
internal_count=1548 897 651 225 426 218 208 614 243 371 200 239 232 156
is_linear=0
shrinkage=0.03


Tree=277
num_leaves=15
num_cat=0
split_feature=1 0 2 5 0 7 8 5 8 1 5 7 2 1
split_gain=0.438633 1.56263 0.91654 1.25126 0.614374 1.01438 0.556217 1.04138 1.57083 0.650636 0.922663 0.892711 1.01419 1.29223
threshold=16.472542762756351 22.193042755126957 29.227619171142582 227.48091888427737 22.530364036560062 -0.78660338765590454 1.2281992012083098 262.90486145019537 1.0440833637166091 15.400683879852297 231.82182312011722 -0.83675434338598031 26.203649520874027 14.906283855438234
decision_type=2 2 2 2 2 2 2 2 2 2 2 2 2 2
left_child=2 -2 3 -1 -3 -6 7 -5 -9 10 -8 -12 -13 -14
right_child=1 4 -4 6 5 -7 9 8 -10 -11 11 12 13 -15
leaf_value=0.020611945902302135 -0.026441862919189447 0.016398673224781845 -0.021996535157840131 0.015189618785312968 -0.019260434972808656 0.010566705731525256 0.013873800297479887 -0.022149466433979144 0.01298791678003194 -0.015753130387562903 -0.024639882297130534 -0.0073752618911651132 0.014943027865712655 -0.015747974280648992
leaf_weight=1.5700162851717383 1.7322795354994003 0.93422151001868803 0.70698964595794578 3.4159284597262767 1.048420819686726 1.152208127256017 2.0437435177154901 1.4482511415844785 1.2555271542514672 2.4396500635193652 0.71741515654140187 8.7682972296606625 4.1421897960826746 0.73792697396129359
leaf_count=18 130 35 5 78 77 50 38 253 81 78 21 520 158 10
internal_value=-0.0023108 -0.00975598 -0.000682504 0.00066342 0.00362938 -0.00522139 -0.00133633 0.00591926 -0.00673174 -0.00387152 -0.00130166 -0.00422298 -0.00154097 0.00841328
internal_weight=32.1131 4.86713 27.2459 26.5389 3.13485 2.20063 24.9689 6.11971 2.70378 18.8492 16.4096 14.3658 13.6484 4.88012
internal_count=1552 292 1260 1255 162 127 1237 412 334 825 747 709 688 168
is_linear=0
shrinkage=0.03


Tree=278
num_leaves=15
num_cat=0
split_feature=8 4 2 1 0 7 0 4 2 1 7 1 3 3
split_gain=1.18602 1.67132 2.02538 1.58825 1.45686 0.98504 0.977665 0.790866 0.760916 1.27241 0.737954 0.671226 0.631417 0.568013
threshold=1.3598715450933121 37.177669525146491 27.888125419616703 14.42799758911133 18.998286247253422 -0.93602878778951892 18.7666130065918 33.383050918579109 22.813458442687992 11.155070781707765 0.025330804396446662 13.540494918823244 6.0876493453979501 15.227270603179933
decision_type=2 2 2 2 2 2 2 2 2 2 2 2 2 2
left_child=7 8 3 4 6 -4 -3 10 9 -2 -1 -9 -10 -5
right_child=1 2 5 13 -6 -7 -8 11 12 -11 -12 -13 -14 -15
leaf_value=0.014136197698079363 0.012649946816441351 0.0037059468733740279 -0.0078234142846734522 -0.031203175381776933 0.014453486187936911 0.022328305371618687 -0.032047853209509092 -0.023712236946398423 -0.007749080886069298 -0.013700026995831092 -0.011210051785931444 -0.00017653561047020397 0.019192217688971641 -0.0079736556503002872
leaf_weight=1.2298026283970132 2.6808767065522279 0.97543686162680232 0.83411854854784939 2.1919899295317009 2.441307385917753 2.0165333217009893 0.43200390785932541 2.9479721296811476 0.34703550883568812 1.9922473960323257 0.96424734665197309 1.5276723424904046 5.7652417784556746 2.6844385443255305
leaf_count=36 209 54 37 62 106 41 14 245 245 140 160 49 98 29
internal_value=-0.000812352 0.00257539 -0.00515326 -0.0121141 0.00230309 0.0137652 -0.0160219 -0.0110252 0.0106039 0.00098165 0.00297479 -0.0171782 0.0167881 -0.0219485
internal_weight=29.0309 22.3612 11.5758 8.72518 3.84875 2.85065 1.40744 6.66969 10.7854 4.67312 2.19405 4.47564 6.11228 4.87643
internal_count=1525 1035 343 265 174 78 68 490 692 349 196 294 343 91
is_linear=0
shrinkage=0.03


Tree=279
num_leaves=15
num_cat=0
split_feature=1 3 8 4 5 0 8 0 8 8 0 0 8 4
split_gain=0.781576 1.455 0.739243 0.627443 1.16142 1.33807 1.04104 0.96173 0.842509 0.790017 0.697649 0.56921 0.610263 0.549389
threshold=16.472542762756351 22.69757175445557 1.4673485030035305 38.795892715454109 234.37496185302737 18.905592918396 1.9997283961610242 19.814307212829593 1.7459312538040519 2.8430144265406736 20.422254562377933 20.678366661071781 2.2309783467139472 39.394298553466804
decision_type=2 2 2 2 2 2 2 2 2 2 2 2 2 2
left_child=3 2 -2 4 7 6 8 -1 -6 10 -7 12 -9 -4
right_child=1 -3 13 -5 5 9 -8 11 -10 -11 -12 -13 -14 -15
leaf_value=-0.026909012043661692 0.0062803821609398519 0.012081746082106928 -0.027563242441362032 0.01534715250183318 -0.001770169514280349 0.024623622941382796 -0.022438520045159584 0.017005243772913809 0.017385021081511069 -0.0083675009625573584 -0.0026860570145783818 -0.010053142665075921 -0.0061362239500608222 0.0052666829415977199
leaf_weight=1.2086432776413953 0.42960568517446462 1.0465552061796186 2.6414677056600344 1.5646313421893854 11.179905315395443 3.3914818016346535 0.84339594078483138 1.1425580959767105 1.4982373797683983 0.49990660813637067 0.81509094638749946 3.0304192653857172 1.224970292416401 0.19691242184489954
leaf_count=21 3 4 282 22 641 152 188 37 81 46 30 32 18 2
internal_value=-0.000849947 -0.011358 -0.0199364 0.00121928 -0.000230403 0.00370379 -0.00134226 -0.010145 0.001599 0.0158957 0.0198324 -0.00277223 0.00676514 -0.0245069
internal_weight=30.7138 4.31454 3.26799 26.3992 24.8346 18.228 13.5215 6.60659 12.6781 4.70648 4.20657 5.39795 2.36753 2.83838
internal_count=1559 291 287 1268 1246 1138 910 108 722 228 182 87 55 284
is_linear=0
shrinkage=0.03


Tree=280
num_leaves=15
num_cat=0
split_feature=0 2 0 7 8 2 8 8 2 2 2 8 6 8
split_gain=0.7442 0.826114 0.949578 1.03762 1.17289 0.807092 1.3976 0.92691 0.794628 0.72201 0.693903 0.635856 0.68329 0.666875
threshold=16.863557815551761 27.100527763366703 20.03808689117432 -0.91017741815175801 1.7220740916525099 18.308194160461429 1.0487262710501755 1.3689495893238617 26.61718845367432 27.411670684814457 25.178301811218265 1.1834300336419619 8.0198678970336932 1.4170302357415652
decision_type=2 2 2 2 2 2 2 2 2 2 2 2 2 2
left_child=5 8 -3 4 -4 7 -7 -1 10 -5 -2 -11 13 -13
right_child=1 2 3 9 -6 6 -8 -9 -10 11 -12 12 -14 -15
leaf_value=-0.015562305585649232 0.0090395810189141876 -0.021109082249903745 0.0111160185456903 -0.011884066827092444 -0.022430133528330884 0.0045652838657011434 -0.027704708573955711 0.011505903394101097 0.019082591667104749 -0.0064025552915231284 -0.0051479186766416199 0.014902685379650171 0.023385219648568222 -0.010924107142901044
leaf_weight=0.74360342771979349 5.6538657372584584 1.3121211878024031 0.67639496922492925 0.63040388887748022 1.8100532030221073 1.5512278944370339 2.1747949615237303 2.353366909082979 2.6743234929745077 0.90243288967758406 4.919741899415385 0.56398964766412962 2.4754447506275028 1.1188116077100856
leaf_count=200 279 31 4 13 63 132 155 207 68 19 215 6 60 81
internal_value=-0.000274659 0.0023788 -0.00413002 0.000597576 -0.0127336 -0.00829103 -0.0161467 0.00279451 0.00700378 0.00745459 0.00256392 0.011427 0.0157875 6.0206e-05
internal_weight=29.5606 22.7376 9.48965 8.17753 2.48645 6.82299 3.72602 3.09697 13.2479 5.69108 10.5736 5.06068 4.15825 1.6828
internal_count=1533 839 277 246 67 694 287 407 562 179 494 166 147 87
is_linear=0
shrinkage=0.03


Tree=281
num_leaves=15
num_cat=0
split_feature=3 4 3 4 3 0 3 8 6 8 5 4 4 5
split_gain=0.69422 1.04185 0.990389 1.31236 0.873979 0.769396 0.796596 0.776102 0.574311 0.813831 0.78267 0.577833 0.535967 0.950867
threshold=15.065034389495851 37.91930007934571 15.498984813690187 38.501655578613288 15.855410099029543 14.133542537689211 14.943321228027346 2.9312958016524484 8.0365109443664569 1.5431859989639414 234.42679595947268 35.664554595947273 36.359355926513679 230.793327331543
decision_type=2 2 2 2 2 2 2 2 2 2 2 2 2 2
left_child=1 5 -2 4 -4 -1 7 -7 9 -6 -10 -12 -11 -14
right_child=2 -3 3 -5 8 6 -8 -9 10 12 11 -13 13 -15
leaf_value=-0.016412224549143293 0.01669941856239637 -0.017018131712424465 -0.022582945002755955 0.014282662498826044 0.016294498033140641 0.010232938875856435 -0.017443572470270886 -0.012654436809658162 -0.021886564382358708 -0.013914627024917917 -0.0089064830867121234 0.010604951232265535 -0.010068653561857238 0.018547700209630542
leaf_weight=1.0253275495197183 3.021309245843443 3.6026236538309595 1.1079218604136247 3.2844335800036779 2.0761928663123381 7.1786867466289532 0.42303183861076821 0.7137481755344196 1.2667746613733468 1.439659044146538 1.8364329747855666 1.6381124565377829 1.2112113535404208 1.0634904556209219
leaf_count=576 54 130 33 39 51 90 7 403 27 9 14 65 9 41
internal_value=-0.000261916 -0.00533481 0.00348542 -7.03524e-05 -0.00492994 0.000381266 0.0039915 0.00697284 -0.00127562 0.00473999 -0.00816842 0.000606634 -0.00380494 0.00488871
internal_weight=30.889 12.9434 17.9455 14.9242 11.6398 9.34079 8.31547 7.89243 10.5319 5.79055 4.74132 3.47455 3.71436 2.2747
internal_count=1548 1206 342 288 249 1076 500 493 216 110 106 79 59 50
is_linear=0
shrinkage=0.03


Tree=282
num_leaves=15
num_cat=0
split_feature=6 1 6 0 8 8 7 1 2 0 6 6 0 0
split_gain=0.586911 0.885607 0.783931 0.624108 0.62419 1.07215 0.93658 0.854904 0.959888 0.970438 0.974227 0.967209 0.873416 2.08198
threshold=8.0165042877197283 26.839264869689945 8.0840406417846697 14.133542537689211 1.0487262710501755 1.4351574074248215 -1.0000000180025095e-35 14.974328041076662 28.126243591308597 19.501204490661625 8.0173735618591326 8.0509853363037127 17.228413581848148 14.310317039489748
decision_type=2 2 2 2 2 2 2 2 2 2 2 2 2 2
left_child=1 -1 3 -2 -5 6 -6 12 9 -9 -11 -12 13 -7
right_child=2 -3 -4 4 5 7 -8 8 -10 10 11 -13 -14 -15
leaf_value=-0.02077477118689423 -0.015484250339473933 0.0094318949289660652 -0.01171414465455895 0.011826348654698693 -0.021414591590090452 0.018601494897739664 0.0071616911307939343 0.011263542928758648 0.011596704624398038 0.012319553242448359 -0.026219670969603495 -0.0016739061578604046 0.015967102809138638 -0.021363177012365391
leaf_weight=2.1368085171270645 0.90285251199384831 0.54692323005292554 4.1026764652342527 4.0169915673323002 2.3261595037765805 1.2197675857460146 0.91339603066444652 1.0738329944433624 2.0579577998723835 0.4881595565821043 2.8795546203036793 2.5336589019279927 5.2998386151739396 1.5129012928227892
leaf_count=215 495 5 81 57 75 7 7 64 30 11 142 56 224 77
internal_value=-0.00243218 -0.0137296 -0.000979759 0.00114622 0.00235066 8.97232e-06 -0.0135687 0.00319481 -0.00303805 -0.00826856 -0.0129398 -0.0167834 0.00976447 -0.00332003
internal_weight=32.0115 2.68373 29.3277 25.2251 24.3222 20.3052 3.23956 17.0657 9.03316 6.97521 5.90137 5.41321 8.03251 2.73267
internal_count=1546 220 1326 1245 750 693 82 611 303 273 209 198 308 84
is_linear=0
shrinkage=0.03


Tree=283
num_leaves=15
num_cat=0
split_feature=6 7 3 4 2 5 5 2 2 6 1 7 3 4
split_gain=1.18844 0.8061 0.668726 0.996936 1.26127 0.772413 1.60605 0.803074 0.646734 0.584009 0.518937 0.514225 0.451616 0.417304
threshold=8.0862870216369647 -0.31652862775510709 15.065034389495851 37.029376983642585 27.82015419006348 230.793327331543 223.1991882324219 22.658034324646 22.813458442687992 8.0213117599487322 11.155070781707765 -1.0565588820967353 6.0876493453979501 38.632978439331062
decision_type=2 2 2 2 2 2 2 2 2 2 2 2 2 2
left_child=2 -2 3 8 11 6 -4 -7 9 -1 -11 -5 -10 -9
right_child=1 -3 5 4 -6 7 -8 13 12 10 -12 -13 -14 -15
leaf_value=-0.016595915819065034 -0.027248285284677664 -0.00032115794322088451 0.013803900892864252 0.004133754262279082 0.0083384800340300744 -0.0016509427569622735 -0.012927303497924442 0.020036059766336392 -0.0065829360881246883 0.0064834199588756263 -0.012730434033321397 -0.021719200457895466 0.018473299068924701 -0.0024907152001729777
leaf_weight=0.82821158386651017 1.3294022073387171 1.7963594359462138 2.5212881769984943 0.47311348654329721 1.5235536638065239 2.6422352148219943 3.7757535893470049 4.7259195417864248 0.28024810616625506 4.8743986833724193 0.63909803418209765 3.8761559280101205 2.0225481663364917 0.6140128057450055
leaf_count=184 44 31 14 40 46 29 38 198 215 386 122 115 28 12
internal_value=-0.000525335 -0.015602 0.00157988 -0.0028669 -0.0114617 0.00599256 -0.00179937 0.0116555 0.00355514 -0.0017872 0.00264371 -0.0186599 0.0143541 0.0174615
internal_weight=31.9223 3.12576 28.7965 14.5173 5.87282 14.2792 6.29704 7.98217 8.6445 6.34171 5.5135 4.34927 2.3028 5.33993
internal_count=1502 75 1427 1136 201 291 52 239 935 692 508 155 243 210
is_linear=0
shrinkage=0.03


Tree=284
num_leaves=15
num_cat=0
split_feature=7 1 3 5 2 2 5 6 3 6 3 3 7 1
split_gain=0.690693 0.828912 0.892969 0.851956 0.680864 1.09707 0.868642 0.944847 0.669976 0.603732 1.36697 0.978517 0.634845 0.556337
threshold=-0.28477459805095845 12.431427955627443 13.856672763824465 264.30863952636724 27.100527763366703 27.411670684814457 255.32027435302737 8.0600395202636737 6.0876493453979501 8.0196290016174334 21.069143295288089 18.864840507507328 -0.91017741815175801 14.458760738372805
decision_type=2 2 2 2 2 2 2 2 2 2 2 2 2 2
left_child=4 2 3 -2 6 -6 7 8 -1 10 -7 12 -11 -9
right_child=1 -3 -4 -5 5 9 -8 13 -10 11 -12 -13 -14 -15
leaf_value=-0.0085644126638189134 0.0088712724339161282 -0.019246295172371766 0.0051163388703193667 -0.02264847645239015 -0.019309624773870621 -0.019170497133818857 -0.01447447608319156 0.0096961931408592831 0.017550155908805223 -0.00015312013523501573 0.01382693202189476 -0.0091550735940263799 0.02185511920034261 -0.010588096169434799
leaf_weight=0.39820922515355395 0.48485065251588633 2.1785649144439958 5.8511464199982584 1.499633386993082 1.7082936873193819 1.892659959790761 0.58143532980466339 1.0558585589751603 7.0530267502181232 1.7811335574951939 0.96252316236495961 1.5167594209779052 2.4144087053136913 2.0974955734563991
leaf_count=300 3 35 71 539 39 98 75 40 190 37 5 25 58 23
internal_value=-0.000166832 -0.00631578 -0.000949291 -0.0145554 0.00285574 -0.00261258 0.00768126 0.0100387 0.0153063 0.00238697 -0.00734545 0.00762113 0.0142808 -0.00309691
internal_weight=31.476 10.0142 7.83563 1.98448 21.4618 10.2758 11.186 10.6046 7.45124 8.56748 2.85518 5.7123 4.19554 3.15335
internal_count=1538 648 613 542 890 262 628 553 490 223 103 120 95 63
is_linear=0
shrinkage=0.03


Tree=285
num_leaves=15
num_cat=0
split_feature=6 1 3 5 6 4 6 8 2 6 8 8 6 1
split_gain=0.753444 0.573299 0.609197 0.429254 0.831452 0.651125 0.940214 1.08127 0.766226 0.637372 0.711256 0.986139 0.777956 0.617933
threshold=8.0862870216369647 12.630872249603273 16.25876617431641 264.30863952636724 8.0256662368774432 37.177669525146491 8.0198678970336932 1.7220740916525099 22.813458442687992 8.0338735580444354 2.7211913247447574 1.9365449016937606 8.0518689155578631 11.155070781707765
decision_type=2 2 2 2 2 2 2 2 2 2 2 2 2 2
left_child=3 2 -2 5 -5 8 7 -7 13 -8 11 12 -11 -1
right_child=1 -3 -4 4 -6 6 9 -9 -10 10 -12 -13 -14 -15
leaf_value=0.0083913627148093483 0.011560422390580114 -0.022211632105413291 -0.012238039979805784 -0.021118270002860234 0.0031526510967056927 0.0041010220083457635 0.010555297692681107 -0.029514323992209771 0.014355988835519315 -0.0080330873546645472 0.01010427653385639 -0.015897190088743299 0.017204222961768736 -0.010056756069790345
leaf_weight=2.1500943672144874 0.97450628643855386 1.4792362097650764 0.89930646121501923 1.2250199560658068 2.4554448330018204 1.109348920406773 3.7719634630484498 1.0674994806759057 5.4397265883744694 1.3185060466639682 1.8478025987860744 3.7841583183035254 1.2323488597758112 2.4174463753006421
leaf_count=17 51 17 7 282 310 30 102 25 315 58 51 51 69 149
internal_value=-0.00113656 -0.0127464 -0.000145334 0.000656488 -0.00771179 0.00218841 -0.00194953 -0.016485 0.007678 0.00176544 -0.00299457 -0.00767192 0.00557079 -0.0014252
internal_weight=31.1724 3.35305 1.87381 27.8194 3.68046 24.1389 14.1316 2.17685 10.0073 11.9548 8.18282 6.33501 2.55085 4.56754
internal_count=1534 75 58 1459 592 867 386 55 481 331 229 178 127 166
is_linear=0
shrinkage=0.03


Tree=286
num_leaves=15
num_cat=0
split_feature=8 4 1 8 5 7 4 8 4 6 8 7 4 6
split_gain=1.2466 1.05968 0.757507 0.700204 0.969408 1.16309 0.759285 0.862054 0.7354 0.647648 0.574192 0.563415 0.58048 0.485534
threshold=1.3475136826223062 32.337776184082038 13.839918136596681 2.3104267749292009 237.88254547119143 -0.35004594658662064 33.672384262084968 1.9316474860825088 36.990837097167976 8.0193605422973651 3.0382405033136943 -0.44255690569814082 37.984342575073249 8.0198678970336932
decision_type=2 2 2 2 2 2 2 2 2 2 2 2 2 2
left_child=1 -1 9 4 13 11 -7 -8 10 -3 -5 12 -6 -2
right_child=3 2 -4 8 5 6 7 -9 -10 -11 -12 -13 -14 -15
leaf_value=0.0082211397968500726 0.0028205218744535689 0.0033297970003112127 0.0020570680197965628 0.015886186057306635 0.012093096613143249 -0.0084918908873278746 0.017428176466545518 -0.010517305943901429 -0.0082047531124127028 -0.024356115768824155 -0.0090926068741963972 -0.024493221099563398 -0.011302111678971513 0.021182551726508358
leaf_weight=1.8459073744888908 2.167413181159648 0.65194966536364507 1.6659305565990505 1.7348915542243042 0.78597484249621663 1.1749496465199616 4.3512862526113167 0.51895433716708783 5.2775289301062003 3.4193915130745154 0.4334321318892761 0.79979629267472674 1.0521982409991322 4.3348533323733136
leaf_count=145 39 38 37 23 28 51 180 35 151 283 360 17 36 129
internal_value=0.00130481 -0.00853506 -0.0143462 0.00482355 0.00834572 0.00135693 0.00834873 0.013166 -0.00249735 -0.0201403 0.0095992 -0.0125562 -0.000562407 0.0162537
internal_weight=30.2145 7.58318 5.73727 22.6313 15.1854 8.68316 6.04519 4.87024 7.44585 4.07134 2.16832 2.63797 1.83817 6.50227
internal_count=1552 503 358 1049 515 347 266 215 534 321 383 81 64 168
is_linear=0
shrinkage=0.03


Tree=287
num_leaves=15
num_cat=0
split_feature=7 6 7 2 2 2 0 2 3 0 7 3 4 2
split_gain=0.515701 0.654262 0.859792 0.648929 0.979411 0.689157 0.872962 0.85437 1.69978 0.809618 0.798107 0.829621 0.632362 0.606114
threshold=0.38640753904084252 8.0712928771972674 0.032273558532716934 27.720981597900394 27.945035934448246 24.16547775268555 18.998286247253422 26.23016452789307 16.139122009277347 17.062447547912601 -0.08689904132971496 13.945298671722414 37.984342575073249 17.938968658447269
decision_type=2 2 2 2 2 2 2 2 2 2 2 2 2 2
left_child=1 2 3 5 -5 6 9 -7 -9 10 13 -12 -3 -1
right_child=-2 12 -4 4 -6 7 -8 8 -10 -11 11 -13 -14 -15
leaf_value=0.0052007091383248893 0.01078501289377853 -0.001418310172978852 -0.018939158617344166 -0.023689029211143485 0.00057106809630390505 0.019346742556947058 -0.022126269479708388 -0.010395460487480305 0.019988601226813136 0.016573706265015743 -0.011207940989761241 0.012476510848975171 -0.022049212006371617 -0.021398254836629847
leaf_weight=0.62473408307415512 1.5645429668365967 2.7008149335742919 1.2053655595518638 1.2020945001859207 4.5409829540294595 3.1946511209825967 0.66053691133856762 3.5081238076090813 1.6221112639177588 1.4173167094122616 1.1454276458243904 2.7346820547245443 1.9708612486720083 1.6330507764359934
leaf_count=91 40 66 275 34 151 222 66 112 66 90 181 21 32 101
internal_value=-0.00225169 -0.00332098 -0.00106531 0.000673407 -0.00726689 0.00368747 -0.00238945 0.00929782 0.000905074 0.0017207 -0.00355048 0.00462079 -0.012475 -0.0147011
internal_weight=29.7253 28.1608 23.4891 22.2837 5.74308 16.5406 8.21575 8.32489 5.13024 7.55521 6.13789 3.88011 4.67168 2.25778
internal_count=1548 1508 1410 1135 185 950 550 400 178 484 394 202 98 192
is_linear=0
shrinkage=0.03


Tree=288
num_leaves=15
num_cat=0
split_feature=2 2 6 7 6 3 6 6 0 8 7 8 1 1
split_gain=0.521623 1.08738 0.893842 0.703028 0.69111 0.575869 0.45326 0.75354 0.79126 0.798366 0.442752 0.410897 0.943025 0.363206
threshold=27.100527763366703 26.61718845367432 8.0244326591491717 0.38640753904084252 8.0163154602050799 16.674709320068363 8.0338735580444354 8.0303802490234393 20.678366661071781 1.7099585220956541 -1.0565588820967353 1.3475136826223062 8.6799950599670428 14.768144607543947
decision_type=2 2 2 2 2 2 2 2 2 2 2 2 2 2
left_child=1 2 4 5 -1 10 7 8 13 -10 -4 12 -6 -2
right_child=6 -3 3 -5 11 -7 -8 -9 9 -11 -12 -13 -14 -15
leaf_value=-0.012466360799673819 0.014709363230983258 0.016555910784860132 0.0085134607570849334 0.012369650065252346 0.013873891863910519 0.0057014711477238562 -0.015463248637202951 0.013633036139055145 -0.00012530554330300741 -0.024021092552092872 -0.012411034114085628 0.014543383900540162 -0.016616676513190265 -0.0058063253691117396
leaf_weight=0.60652721006773447 0.98784146457910338 2.2136557163903481 0.30642286670627328 0.72567474289098832 0.84055930946487911 1.5450201921630657 3.2084813014953397 1.0847328880336133 2.3095340123400092 1.7927263908786697 10.125272250967091 3.8865688442601822 0.82109766232315451 0.58172229840420187
leaf_count=139 77 72 4 27 95 38 65 22 18 86 703 160 23 12
internal_value=-0.00236224 0.0003816 -0.00225525 -0.0066483 0.0064733 -0.00866503 -0.00766971 -0.00245237 -0.00711097 -0.0132292 -0.0111054 0.0101314 -0.00177516 0.00780517
internal_weight=31.0358 21.0708 18.8571 12.7024 6.15475 11.9767 9.96504 6.75656 5.67182 4.10226 10.4317 5.54823 1.66166 1.56956
internal_count=1541 1261 1189 772 417 745 280 215 193 104 707 278 118 89
is_linear=0
shrinkage=0.03


Tree=289
num_leaves=15
num_cat=0
split_feature=6 5 4 1 6 6 8 1 1 1 8 4 5 5
split_gain=0.604509 1.16988 0.754648 0.965873 0.711166 1.04881 1.30286 1.59467 1.02727 0.907005 0.748215 0.69832 1.1642 1.39076
threshold=8.0355548858642596 270.82958984375006 35.208374023437507 16.360185623168949 8.0300655364990252 8.026090621948244 1.33662678048117 15.695492267608644 20.187353134155277 14.289785385131838 2.5689543096333955 37.759532928466804 231.44509124755862 239.80818939208987
decision_type=2 2 2 2 2 2 2 2 2 2 2 2 2 2
left_child=4 2 -2 11 5 6 9 10 -9 -1 -8 -4 -13 -14
right_child=1 -3 3 -5 -6 -7 7 8 -10 -11 -12 12 13 -15
leaf_value=-0.025067936292359858 -0.024881178157849657 0.01233751470711022 0.009217325801281458 -0.020567619626934066 0.012545603782972136 -0.021558807281758432 0.020442982576485604 -0.022144319447912068 0.0065522964643583495 0.0091580701242804027 -0.0055393550119583494 0.010700896830242751 -0.01995911378318652 0.012904781579176827
leaf_weight=1.279480021417841 1.5238733849837434 1.698431967786745 3.0059928773553093 2.0251164662186047 3.1673529183899509 1.0333200324093912 4.3468566647497937 1.2782192510785537 1.5301043249201027 0.39932169998064626 0.7765273349941707 1.7647075187414882 3.9918997713830322 0.75807959213852871
leaf_count=203 29 173 198 80 126 120 191 115 101 14 14 26 112 41
internal_value=-0.00244931 -0.00647899 -0.00962732 -0.00579129 0.00200609 -0.00193832 0.00200429 0.00734387 -0.0088941 -0.0165472 0.0162435 -0.000992034 -0.00630251 -0.013382
internal_weight=28.5793 14.7681 13.0697 11.5458 13.8112 10.6438 9.61051 7.93171 2.80832 1.6788 5.12338 9.52068 6.51469 4.74998
internal_count=1543 659 486 457 884 758 638 421 216 217 205 377 179 153
is_linear=0
shrinkage=0.03


Tree=290
num_leaves=15
num_cat=0
split_feature=4 2 0 1 4 6 6 6 1 6 7 4 2 7
split_gain=0.526375 0.604723 0.845937 1.03389 0.550018 0.957771 0.548848 0.471376 0.699083 0.662978 0.419306 1.07636 0.40218 0.370262
threshold=38.426225662231452 27.081704139709476 20.172245979309086 15.058192729949953 35.374334335327156 8.0448503494262713 8.0213117599487322 8.053007125854494 13.624213695526125 8.046976566314699 -0.83023111391020199 30.700502395629886 27.005163192749027 0.011449462427884234
decision_type=2 2 2 2 2 2 2 2 2 2 2 2 2 2
left_child=1 4 -3 -4 5 6 13 8 -6 -10 -5 -12 -7 -1
right_child=-2 2 3 10 7 12 -8 -9 9 -11 11 -13 -14 -15
leaf_value=-0.016712832270520471 0.010020427265560572 -0.019094024933227042 0.013743336932592252 0.00084124401288994453 -0.013666341799620584 -0.021833603749633595 0.0066976966069856913 0.017229929871079422 0.013797069545291415 -0.0080328717778646724 0.0091518868075013936 -0.026933019239428369 0.0053982355659485887 0.004858399590605471
leaf_weight=0.87663528125268342 5.3193882369669145 1.9886883781291524 2.146190085913986 2.2816014831187208 0.87060593499336292 1.3244895312527649 7.109126576804556 2.6536236155661754 3.1043841081555001 1.0341289108619092 0.5320146083831786 1.1402481848490422 0.19122198224067677 0.58078549470519647
leaf_count=115 90 43 93 36 83 154 304 133 310 46 2 53 1 79
internal_value=0.00225848 0.000346365 -0.00601721 0.000334822 0.00341334 -0.00123556 0.00320164 0.00896667 0.00245032 0.00784051 -0.00824849 -0.0163242 -0.0176179 -0.00963767
internal_weight=31.1531 25.8337 8.08874 6.10005 17.745 10.0823 8.56655 7.66274 5.00912 4.13851 3.95386 1.67226 1.51571 1.45742
internal_count=1542 1452 227 184 1225 653 498 572 439 356 91 55 155 194
is_linear=0
shrinkage=0.03


Tree=291
num_leaves=15
num_cat=0
split_feature=6 6 8 5 5 6 3 3 8 3 3 6 8 7
split_gain=0.713237 0.740235 0.888654 0.741226 1.07823 0.587871 0.597469 0.945664 0.721203 0.998246 0.650559 1.16237 0.583709 0.542911
threshold=8.0162868499755877 8.0192070007324237 1.1834300336419619 258.14437866210943 224.23816680908206 8.0198678970336932 16.674709320068363 15.994133949279787 2.0551117177701812 15.26053047180176 13.841785430908205 8.0862870216369647 1.4438539718196941 -0.52124762465111818
decision_type=2 2 2 2 2 2 2 2 2 2 2 2 2 2
left_child=-1 -2 3 4 -3 -4 7 8 10 13 12 -12 -7 -10
right_child=1 2 5 -5 -6 6 -8 -9 9 -11 11 -13 -14 -15
leaf_value=-0.015771554984655173 0.012008051263902395 -0.019688583667084789 -0.018169625644552784 -0.024266922650513254 0.010700102060394907 -0.016084535669087248 0.01288249893554338 -0.013357183741002305 -0.0035881735861350095 0.013591996909521809 0.021595939654982927 -0.0069860744832895812 0.0063560868714723738 -0.025029515675479994
leaf_weight=2.0373487381730255 2.7618785768281695 0.69345446676016154 0.40765198034933092 1.689388461760245 1.7755404133349655 0.71569489780814022 2.6470835953950873 3.0194681123830369 4.3254888869123667 1.2437387183308599 3.6313538386020809 1.2163861636072395 1.7488388837664386 0.63673016597748322
leaf_count=214 156 5 22 230 57 80 79 46 252 9 107 23 146 102
internal_value=-0.00199956 -0.000406481 -0.00227694 -0.0133581 -0.0010502 0.000609453 0.00188888 -0.000505022 0.00308797 -0.00410472 0.00895186 0.0144559 -0.00292227 -0.010076
internal_weight=28.55 26.5127 23.7508 4.15838 2.46899 19.5924 19.1848 16.5377 13.5182 6.20596 7.31227 4.84774 2.46453 4.96222
internal_count=1528 1314 1158 292 62 866 844 765 719 363 356 130 226 354
is_linear=0
shrinkage=0.03


Tree=292
num_leaves=15
num_cat=0
split_feature=1 1 4 6 4 1 3 2 1 1 6 4 6 8
split_gain=1.0216 0.808049 0.804819 0.945945 0.891915 0.733325 0.76065 0.894417 1.0432 0.665698 0.628959 0.455209 0.893165 1.78506
threshold=13.624213695526125 14.17882013320923 38.882535934448249 8.0238070487976092 35.98231506347657 13.344200134277346 16.024677276611332 26.306632041931156 8.6799950599670428 8.6481337547302264 8.1236267089843768 37.029376983642585 8.0202574729919451 1.7220740916525099
decision_type=2 2 2 2 2 2 2 2 2 2 2 2 2 2
left_child=5 -2 3 11 -5 6 7 8 9 -1 -8 -3 13 -13
right_child=1 2 -4 4 -6 -7 10 -9 -10 -11 -12 12 -14 -15
leaf_value=-0.011054049612467278 0.014800745557894537 0.010275618396187408 0.0095978022434246076 0.0054644287012554915 -0.017708927409466457 -0.026684483745223055 0.012727746746325016 0.011144248454770028 -0.021983668074844042 0.016276534237083154 -0.0075850846802361666 0.011822339043509185 0.013695135409664621 -0.028387089128947936
leaf_weight=0.55538951608468934 2.2370750406989854 2.8802914526895602 3.4417592404643065 1.4720024495036339 4.9457342263194732 1.1073888842365693 2.0694159832783048 0.60488989792065684 4.119196369079873 0.7557898111990653 1.5955946054309604 0.9928866443224259 0.81228748057037581 1.3139917963417245
leaf_count=473 123 178 51 40 190 46 56 22 220 5 14 35 22 55
internal_value=-0.00330399 0.00111661 -0.00157711 -0.00515901 -0.0123737 -0.0101734 -0.00597084 -0.0118359 -0.0157306 0.00492598 0.00415411 0.00322382 -0.00420167 -0.0127392
internal_weight=28.9037 18.096 15.859 12.4172 6.41774 10.8077 9.70028 6.03527 5.43038 1.31118 3.66501 5.99946 3.11917 2.30688
internal_count=1530 694 571 520 230 836 790 720 698 478 70 290 112 90
is_linear=0
shrinkage=0.03


Tree=293
num_leaves=15
num_cat=0
split_feature=6 0 0 1 5 5 5 5 1 3 3 6 3 7
split_gain=0.39675 0.592352 0.560583 1.16953 1.00896 1.02741 0.719053 0.686716 0.872114 0.43327 0.349255 0.549511 0.56714 0.498732
threshold=8.0862870216369647 18.7666130065918 21.143773078918461 17.41402626037598 231.44509124755862 234.37496185302737 238.25845336914065 220.42852020263675 26.839264869689945 16.25876617431641 13.785173416137697 8.0423593521118182 16.139122009277347 -0.074788294607539982
decision_type=2 2 2 2 2 2 2 2 2 2 2 2 2 2
left_child=2 9 4 -4 -1 -6 -7 8 -5 -2 -8 13 -13 -12
right_child=1 -3 3 7 5 6 10 -9 -10 -11 11 12 -14 -15
leaf_value=0.014440685229781747 0.011145703650956084 -0.020007509738181443 -0.019901223594987152 -0.018908924773369008 -0.015620011088622928 0.014359637408452988 -0.0082651403964024012 0.014214025518185479 0.012689972874135116 -0.008300887086078082 -0.010138254958476339 0.016556642488050607 -0.0063998784188000991 0.0058805811452016798
leaf_weight=3.4487385767861367 0.92748621565988276 1.5458038263022897 2.6225004724110468 1.0116600089240821 2.7163186528487158 2.3206286597996941 3.3864431777619748 1.6058182695996945 0.42405256116762746 1.2257638126611707 3.1384363365359604 2.2293648985214536 0.75851699151098717 2.1704310399945808
leaf_count=61 51 16 37 94 90 190 711 99 5 10 50 54 27 21
internal_value=-0.00217559 -0.0101995 -0.000689348 -0.00825629 0.00172531 -0.00156432 0.00202142 0.00422415 -0.00819766 0.000953739 -0.00136827 0.00203303 0.0105854 -0.0036952
internal_weight=29.532 3.69905 25.8329 5.66403 20.1689 16.7201 14.0038 3.04153 1.43571 2.15325 11.6832 8.29675 2.98788 5.30887
internal_count=1516 77 1439 235 1204 1143 1053 198 99 61 863 152 81 71
is_linear=0
shrinkage=0.03


Tree=294
num_leaves=15
num_cat=0
split_feature=6 7 4 3 7 1 6 5 0 7 3 1 1 3
split_gain=0.935686 1.04131 1.07676 0.685687 0.63983 0.546279 0.607899 0.888039 1.22368 0.879245 0.7722 0.457295 0.467298 0.451591
threshold=8.0198678970336932 -0.61397033755775821 38.237934112548835 19.582293510437015 -0.4385247824796899 17.770727157592777 8.0673027038574237 238.25845336914065 18.842317581176761 -0.71687896939514906 13.856672763824465 9.8401131629943865 14.234852313995363 13.299135684967043
decision_type=2 2 2 2 2 2 2 2 2 2 2 2 2 2
left_child=1 2 -1 5 -3 6 7 -2 10 -8 13 -11 -13 -9
right_child=3 4 -4 -5 -6 -7 9 8 -10 11 -12 12 -14 -15
leaf_value=-0.02971643779517499 0.013692248567257594 0.013599100177108397 0.0041974626334262133 -0.017661729131043639 -0.0086873733787565487 -0.014064234529171223 -0.017563067565021274 0.0026122229652862728 -0.021203093852534688 -0.0071197851519386787 0.01029965788991141 0.015268483337889889 -0.0050470501059263961 -0.016801766509840357
leaf_weight=1.8821916928864086 8.2284304682980416 1.299291964794975 0.87658459809608746 0.48755942611023684 1.3912539334560303 0.57931439141975616 1.585443968477193 1.8962414925626911 0.93464290280826468 1.4806854347698379 6.2104568411596119 2.1562651367858057 0.91762172244489182 0.96206116839312006
leaf_count=170 272 55 11 11 174 59 27 522 45 39 95 60 12 30
internal_value=-0.000191815 -0.0104316 -0.0206907 0.00231329 0.00284364 0.00336915 0.00432153 0.00697813 0.000712903 -0.00343938 0.00485311 0.00375386 0.00945364 -0.00658333
internal_weight=30.888 5.44932 2.75878 25.4387 2.69055 24.9512 24.3718 18.2318 10.0034 6.14002 9.06876 4.55457 3.07389 2.8583
internal_count=1582 410 181 1172 229 1161 1102 964 692 138 647 111 72 552
is_linear=0
shrinkage=0.03


Tree=295
num_leaves=15
num_cat=0
split_feature=0 0 8 8 3 4 3 8 2 8 2 2 5 2
split_gain=0.560336 0.690964 0.474891 1.83078 1.06797 0.819132 0.517638 0.946799 0.802694 0.514026 0.460446 0.616116 0.398998 0.398359
threshold=14.133542537689211 15.267641544342043 1.7622405608787532 1.6736990558919886 14.903959274291994 37.91930007934571 17.685867309570316 1.3598715450933121 18.308194160461429 2.9312958016524484 28.126243591308597 26.194494247436527 230.793327331543 26.61718845367432
decision_type=2 2 2 2 2 2 2 2 2 2 2 2 2 2
left_child=-1 -2 3 6 5 9 8 -8 -3 -4 11 -7 -6 -10
right_child=1 2 4 -5 12 10 7 -9 13 -11 -12 -13 -14 -15
leaf_value=-0.015590126632714299 0.010872453207387408 -0.014629133462346162 0.0078609746294343516 -0.02794222329496578 0.0019102557352722732 0.0017607155080020557 -0.018532809205915535 0.0070969032478890156 0.0024879933388140645 -0.011758838675515247 0.003893678784696757 -0.025246002140131726 0.016606807964821755 0.017699612593866806
leaf_weight=0.93625855896971444 4.3489100519218509 0.65264172479510474 3.9995851288549584 1.547135151689871 3.120522627606988 0.87372430926188904 1.8742326200008395 1.6221666722558437 4.2635143334046006 0.63130560610443343 0.68859071843326081 1.8055278359679503 3.4516048822551966 1.8584999772720037
leaf_count=573 44 9 59 34 25 35 44 24 111 389 28 48 78 60
internal_value=8.00211e-05 0.0010335 -0.000925721 -0.00517372 0.00263075 -0.00453787 0.000430738 -0.00770802 0.00508231 0.00357303 -0.0139553 -0.0183541 0.0108025 0.00894269
internal_weight=31.6742 30.738 26.3891 11.8182 14.5709 7.99873 10.2711 3.4964 6.77466 4.63089 3.36784 2.67925 6.57213 6.12201
internal_count=1561 988 944 282 662 559 248 68 180 448 111 83 103 171
is_linear=0
shrinkage=0.03


Tree=296
num_leaves=15
num_cat=0
split_feature=3 2 3 7 8 0 4 2 2 8 8 8 0 4
split_gain=0.403046 0.834226 0.801401 0.562791 0.92896 0.79779 0.671174 0.557831 1.54276 0.546108 0.597191 0.482838 0.474049 0.747479
threshold=16.674709320068363 27.081704139709476 18.911209106445316 -0.30200783229049127 1.33662678048117 14.448084354400637 33.672384262084968 23.676937103271488 24.505477905273441 1.732156600042204 1.7991250186756378 1.8705135971439584 19.933433532714847 38.310621261596687
decision_type=2 2 2 2 2 2 2 2 2 2 2 2 2 2
left_child=3 -2 -3 7 5 -5 -6 -1 -9 -10 -11 -12 13 -13
right_child=1 2 -4 4 6 -7 -8 8 9 10 11 12 -14 -15
leaf_value=-0.021138228657523524 0.014973831900633913 -0.017809296891240878 0.005253637843126705 -0.019862149296459741 -0.010048037401245786 0.0032749906828467711 0.015888353355738023 0.019073457990896769 0.0076082794383354269 -0.026862958418697198 0.010598189014830367 0.012192461669798711 -0.01308749086873943 -0.011348127256872561
leaf_weight=1.1603986886329991 2.7773946779780081 1.2035232235211881 2.7027085265144706 1.2744949884072423 0.39731608412694219 2.707381559535861 3.5652899683918804 1.2676908753346641 1.027192095061763 0.78667560499161382 0.51650924002751608 1.5548599882167748 5.2323542122030631 1.3210556609556077
leaf_count=188 58 42 34 392 45 38 182 66 70 18 21 72 280 13
internal_value=-0.00117347 0.0047857 -0.00403375 -0.00321896 0.00284644 -0.00663098 0.0117871 -0.00689921 -0.00393524 -0.00815264 -0.0104384 -0.0063049 -0.00842701 0.0012411
internal_weight=27.4948 6.68363 3.90623 20.8112 7.94448 3.98188 3.96261 12.8667 11.7063 10.4386 9.41145 8.62478 8.10827 2.87592
internal_count=1519 134 76 1385 657 430 227 728 540 474 404 386 365 85
is_linear=0
shrinkage=0.03


Tree=297
num_leaves=15
num_cat=0
split_feature=3 8 1 8 6 7 7 2 2 3 7 6 1 2
split_gain=0.874353 0.732139 1.37264 1.20912 0.750389 1.21048 0.936351 0.666919 0.56153 0.515195 0.709375 0.505345 0.495444 0.432344
threshold=13.785173416137697 0.91265505516689327 10.037214279174806 1.3475136826223062 8.0673027038574237 -0.1849010436402676 -0.93602878778951892 27.483889579772953 26.253895759582523 16.139122009277347 -0.7448928489201333 8.0477557182312029 11.155070781707765 17.716012954711918
decision_type=2 2 2 2 2 2 2 2 2 2 2 2 2 2
left_child=7 12 -3 -4 5 6 -5 13 -6 10 11 -8 -2 -1
right_child=1 2 3 4 8 -7 9 -9 -10 -11 -12 -13 -14 -15
leaf_value=0.0012088241346387841 -0.02034942414350811 0.018909864869722542 -0.016613359359006187 -0.006104377352120059 -0.018062063644322227 -0.013887516138592741 -0.0115438821992935 0.0071184590308452462 0.002812111136301075 0.02032856398256231 0.016170972464247896 0.0075635308544650358 0.0023367171041660142 -0.019769230885679921
leaf_weight=0.98029946713359351 1.1393282025819673 3.211238662479448 2.3272965080104795 2.1259318422526201 1.3502080114558332 1.4071103669702925 1.7936661653220722 0.86868365231202904 1.8370542381890116 4.3251640334492549 1.9183677332475713 1.3390268199145792 1.145585329737514 3.1978759956255089
leaf_count=342 21 23 72 24 17 17 47 86 34 86 81 12 30 639
internal_value=-0.000919406 0.00159475 0.00345754 -7.06549e-05 0.00315299 0.0063538 0.00974276 -0.0111286 -0.00823247 0.0135779 0.00539317 -0.00352275 -0.0117265 -0.0155644
internal_weight=28.9668 23.92 21.6351 18.4238 16.0965 12.9093 11.5022 5.04686 3.18726 9.37622 5.05106 3.13269 2.28491 4.17818
internal_count=1531 464 413 390 318 267 250 1067 51 226 140 59 51 981
is_linear=0
shrinkage=0.03


Tree=298
num_leaves=15
num_cat=0
split_feature=8 4 5 5 0 5 5 4 2 8 6 8 7 8
split_gain=0.523937 0.52324 1.06352 1.18936 1.05373 1.04745 1.02489 0.539985 0.67053 0.541765 0.469481 0.448915 0.331972 0.323368
threshold=2.8925652622144127 38.882535934448249 234.37496185302737 237.88254547119143 18.7666130065918 231.44509124755862 240.9055099487305 31.026197433471683 23.676937103271488 1.9316474860825088 8.0213117599487322 2.272837553724194 0.011449462427884234 0.52421483205595409
decision_type=2 2 2 2 2 2 2 2 2 2 2 2 2 2
left_child=1 2 5 -4 7 11 -6 -5 9 10 12 -1 -9 -12
right_child=-2 -3 3 4 6 -7 -8 8 -10 -11 13 -13 -14 -15
leaf_value=-0.0078068945019785256 -0.014635430498364231 0.0097338889927424468 0.018110009921951473 -0.013886865290782206 -0.00035129938573129213 -0.023178431493790376 -0.031948189419685143 -0.016018243094147393 0.016484195583457751 -0.016698728295930911 -0.0080911201633463142 0.0069464535853990079 0.004723690817191613 0.0080655326616389713
leaf_weight=3.5092825209722012 1.561381883046123 2.961963457055389 2.4807993535650921 0.60161896367208001 1.9944881815463298 2.4947097734548151 0.75831272453069676 0.80422048596664886 2.2420949849765739 0.43851909198565486 0.48041485037538212 2.1984086688607931 0.5450614151195623 6.7975462483300362
leaf_count=37 481 22 130 132 60 66 12 89 68 39 39 20 28 358
internal_value=-0.00163944 -0.000447685 -0.00196185 0.00233158 -0.0013239 -0.0102134 -0.0152491 0.00282672 0.00477199 0.00052551 0.0030446 -0.00193597 -0.00919517 0.00615045
internal_weight=29.8688 28.3074 25.3455 17.1431 14.6623 8.2024 2.7528 11.9095 11.3079 9.06576 8.62724 5.70769 1.34928 7.27796
internal_count=1581 1100 1078 955 825 123 72 753 621 553 514 57 117 397
is_linear=0
shrinkage=0.03


Tree=299
num_leaves=15
num_cat=0
split_feature=6 6 0 7 2 2 1 0 5 0 0 3 3 2
split_gain=0.584742 0.784356 0.854089 0.676663 0.753008 1.21265 0.657672 1.07108 0.68027 0.783833 1.81349 0.89259 0.611009 0.828894
threshold=8.0596179962158221 8.0278406143188494 16.240607261657718 -0.71687896939514906 26.203649520874027 25.788427352905277 18.56916427612305 20.678366661071781 265.07513427734381 15.267641544342043 17.361338615417484 13.630921363830568 14.079647064208986 26.194494247436527
decision_type=2 2 2 2 2 2 2 2 2 2 2 2 2 2
left_child=1 6 -3 -2 5 -5 7 8 9 -1 -11 -12 13 -4
right_child=3 2 12 4 -6 -7 -8 -9 -10 10 11 -13 -14 -15
leaf_value=0.019194143868171819 -0.017566859828712825 -0.007625003946853527 0.010108785059430695 0.0066499513589222143 0.0092046865295663909 -0.028892812876966257 0.0093286735137511605 -0.020427317853624397 -0.012631292053821156 -0.027203447871301308 -0.011899980010249776 0.018402814970067904 0.015071886000686369 -0.016534576608225847
leaf_weight=1.4303223900497011 2.2045746519579552 1.9699433821951959 1.455369933508335 1.2218032135569945 2.709352056554053 0.62583547754911695 1.9837588859372761 2.3984979896340519 1.455051544413436 0.7367048375308517 0.46214229939505491 1.8824346968904135 7.2044830722734332 0.84719849942484859
leaf_count=6 36 283 161 101 48 12 154 51 293 8 58 97 171 57
internal_value=0.000114551 0.00252959 0.0076372 -0.00700258 0.000349712 -0.0113076 -0.00330861 -0.00698159 0.0005797 0.00635914 -0.00284198 0.0106577 0.0112244 -0.00173254
internal_weight=28.5875 21.8259 11.477 6.76157 4.55699 1.84764 10.3489 8.36515 5.96666 4.5116 3.08128 2.34458 9.50705 2.30257
internal_count=1536 1339 672 197 161 113 667 513 462 169 163 155 389 218
is_linear=0
shrinkage=0.03


Tree=300
num_leaves=15
num_cat=0
split_feature=2 3 8 2 3 8 3 3 6 5 3 6 6 4
split_gain=0.761552 1.34746 1.01452 0.771517 1.00945 0.776512 1.07923 0.760214 0.612737 0.775407 0.540139 0.519616 0.623443 0.482796
threshold=26.382439613342289 15.227270603179933 1.1611903715294614 20.473372459411625 17.685867309570316 0.82260384972484102 14.483413696289064 13.992669105529787 8.0198678970336932 220.83675384521487 14.079647064208986 8.0213117599487322 8.0477557182312029 36.176334381103523
decision_type=2 2 2 2 2 2 2 2 2 2 2 2 2 2
left_child=3 7 -3 11 5 -5 10 -2 -4 -10 13 -1 -13 -7
right_child=1 2 8 4 -6 6 -8 -9 9 -11 -12 12 -14 -15
leaf_value=-0.01350538108442656 0.0052137361785864113 -0.0084495786889865199 -0.00067556132965677072 0.0052034175518408674 0.010626693391299279 0.005391973984514316 -0.025909649775574452 -0.018261194002745264 -0.0049438991619937906 0.021682783839493125 0.012340703051307494 0.0097349608581275941 -0.010285961295140342 -0.015332385301969918
leaf_weight=0.61844422743889182 1.4228007898200297 1.639795777387915 1.9878776203840969 1.1737793918000514 1.0092668351717282 0.94469115449464958 4.1996866308618337 2.2737399521283805 0.78484093397855748 5.0707469399785623 0.58450276521034528 4.9127059797174297 0.94750428918632668 1.8194156984100116
leaf_count=183 147 32 36 28 15 116 112 60 5 111 18 342 136 211
internal_value=-0.00158754 0.00362011 0.00939431 -0.00578603 -0.0107394 -0.0140505 -0.017303 -0.0100394 0.0136585 0.0179134 -0.00303287 0.00209534 0.00547039 -0.00869865
internal_weight=29.3898 13.1798 9.48326 16.21 9.73134 8.72208 7.5483 3.69654 7.84347 5.85559 3.34861 6.47865 5.86021 2.76411
internal_count=1552 391 184 1161 500 485 457 207 152 116 345 661 478 327
is_linear=0
shrinkage=0.03


Tree=301
num_leaves=15
num_cat=0
split_feature=5 5 2 0 8 0 2 3 1 8 5 8 8 8
split_gain=0.958597 0.820429 0.703732 1.13555 0.98315 0.928947 0.63535 0.551979 0.821167 0.51915 0.458103 0.575115 0.405021 0.388981
threshold=231.44509124755862 234.37496185302737 26.253895759582523 18.7666130065918 0.91265505516689327 19.999267578125004 24.505477905273441 15.769877910614015 16.472542762756351 2.1306069966670935 254.61253356933597 2.3748204583955461 1.8705135971439584 1.5518149710095581
decision_type=2 2 2 2 2 2 2 2 2 2 2 2 2 2
left_child=6 -2 3 10 -4 -6 -1 8 -8 -5 11 -3 -7 -12
right_child=1 2 4 9 5 12 7 -9 -10 -11 13 -13 -14 -15
leaf_value=0.019759091357822927 -0.020527752586490543 0.013919730218780372 -0.015039561688073758 -0.03343309062294253 0.020758908749642733 0.0084847546003835993 0.0051557171886791623 0.0070476456330712473 -0.018742038996967959 -0.0045979785644243813 -0.0095500306872233712 -0.011024019568259141 -0.013736145737539573 0.0026466346391433018
leaf_weight=1.042423262028026 2.2298592166043845 1.8640539743937581 0.66760322218760748 0.85860604816116337 2.364474700938445 0.38626670627854742 1.9921018891036495 4.6956216581165791 1.5090361187467349 1.3450324097066184 5.4705328771378827 0.3298078411608002 0.83252664282917976 3.1378023390716407
leaf_count=30 98 92 11 40 86 46 31 41 196 90 485 82 14 200
internal_value=-0.00284623 -0.00651674 -0.00368105 -0.00703684 0.00597102 0.0123129 0.00477569 0.000928882 -0.00702001 -0.022762 -0.0021721 0.00789234 -0.0060437 -0.0052915
internal_weight=28.7257 19.4866 17.2567 13.0058 4.25087 3.58327 9.23918 8.19676 3.50114 2.20364 10.8022 2.19386 1.21879 8.60834
internal_count=1542 1244 1146 989 157 146 298 268 227 130 859 174 60 685
is_linear=0
shrinkage=0.03


Tree=302
num_leaves=15
num_cat=0
split_feature=6 6 2 1 5 1 1 6 6 3 6 4 5 5
split_gain=0.382077 1.05279 0.861429 1.02773 0.789682 1.08 1.27728 0.641563 0.773214 0.573924 0.535786 0.493843 1.42503 0.475926
threshold=8.0278406143188494 8.0355548858642596 18.361955642700199 18.56916427612305 270.82958984375006 13.624213695526125 16.472542762756351 8.0514039993286151 8.0862870216369647 16.139122009277347 8.0616440773010272 36.400951385498054 232.17485809326175 266.76861572265631
decision_type=2 2 2 2 2 2 2 2 2 2 2 2 2 2
left_child=2 9 13 11 5 7 10 -3 -9 -2 -7 -4 -13 -1
right_child=1 4 3 -5 -6 6 -8 8 -10 -11 -12 12 -14 -15
leaf_value=0.016121666111524349 -0.00066976264718572392 -0.028296983446249899 -0.023088480842782703 0.0065057969136182491 0.012573945918000491 0.01223388749815657 -0.01597181011490038 0.010484451383499307 -0.013856567470681955 0.020948374046755983 -0.0033045294559029968 -0.016549950057779452 0.012305585120011245 -0.008227881980225317
leaf_weight=1.3061968591064239 1.6535272040637239 1.367594248993554 2.739117419900138 2.132436592830345 1.5581561505096022 4.4680796704487857 2.0499615239677951 1.0153789921314458 2.0312848509056494 2.0037126638926566 2.5944139892235398 3.0810870874556713 1.580988513480406 0.33004486179561343
leaf_count=7 188 79 160 156 178 185 71 91 40 21 34 65 108 185
internal_value=-0.00206227 0.000595051 -0.00620356 -0.0096579 -0.00307109 -0.00561477 0.000623451 -0.0162292 -0.00515809 0.0131292 0.00682395 -0.014535 -0.00631945 0.00995215
internal_weight=29.912 18.7421 11.1699 9.53363 15.0849 13.5267 9.11246 4.41426 3.04666 3.65724 7.06249 7.40119 4.66208 1.63624
internal_count=1568 887 681 489 678 500 290 210 131 209 219 333 173 192
is_linear=0
shrinkage=0.03


Tree=303
num_leaves=15
num_cat=0
split_feature=6 2 2 1 2 3 2 0 0 0 3 1 5 1
split_gain=0.648782 0.320009 1.39323 0.860764 0.736038 0.97652 0.699012 0.477719 1.07586 0.71486 0.714123 0.659641 0.59468 0.456282
threshold=8.0862870216369647 28.126243591308597 27.720981597900394 14.906283855438234 29.291781425476078 22.69757175445557 27.411670684814457 19.480252265930179 16.951104164123539 15.267641544342043 16.674709320068363 20.187353134155277 264.30863952636724 14.503366470336916
decision_type=2 2 2 2 2 2 2 2 2 2 2 2 2 2
left_child=1 2 6 -4 -3 -6 7 8 9 12 11 13 -1 -9
right_child=-2 4 3 -5 5 -7 -8 10 -10 -11 -12 -13 -14 -15
leaf_value=0.014046122632168513 -0.010888429259195337 0.015631502002178888 0.0029176261758888837 -0.030186637967022947 -0.019378644183242165 0.010990717243338345 0.017755236139324337 0.0041749147110565835 0.014078210385356124 -0.014367216160892636 0.0093737656677382528 0.0096221893480230875 -0.0038837668056732597 -0.016625803343160061
leaf_weight=1.6688645011163474 3.8446013495558864 2.6382872301037414 0.81926396710332383 1.1123019500519147 0.92272472579497822 0.98148340731859207 1.2961698790895742 0.72834813431836565 4.4018019681680016 2.2326110221620183 1.4288275402504949 0.60786612087395031 3.6141556587535888 4.4208492556936108
leaf_count=31 86 60 41 21 51 4 39 32 241 78 30 48 571 210
internal_value=-0.000773918 0.00101181 -0.000565219 -0.01994 0.00746776 -0.00533084 0.00211539 0.000223802 0.00380656 -0.00315616 -0.00545717 -0.00998053 0.00311425 -0.0134831
internal_weight=30.7182 26.8736 22.3311 1.93157 4.5425 1.90421 20.3995 19.1033 11.9174 7.51563 7.18589 5.75706 5.28302 5.1492
internal_count=1543 1457 1342 62 115 55 1280 1241 921 680 320 290 602 242
is_linear=0
shrinkage=0.03


Tree=304
num_leaves=15
num_cat=0
split_feature=6 6 6 5 5 6 5 5 0 0 7 7 4 2
split_gain=0.649561 0.838263 0.753224 0.66867 0.625369 0.721365 0.594489 0.503766 0.9272 0.861941 0.732447 0.490659 0.484533 0.468291
threshold=8.0355548858642596 8.0162868499755877 8.0451097488403338 237.4740905761719 225.1523132324219 8.0673027038574237 264.30863952636724 255.06929779052737 21.986321449279789 20.678366661071781 -0.35661939255491382 -0.71687896939514906 38.426225662231452 18.308194160461429
decision_type=2 2 2 2 2 2 2 2 2 2 2 2 2 2
left_child=1 12 -2 4 -4 -6 7 8 9 10 -3 -7 -1 -8
right_child=2 6 3 -5 5 11 13 -9 -10 -11 -12 -13 -14 -15
leaf_value=-0.018545842057663516 -0.018512142954393039 0.012674431524061565 -0.010448531748661763 -0.0097710673182190028 0.016843723445584002 -0.01194030643182617 0.0039772584312636411 0.01745753173081814 0.016829256792624814 -0.016725174018817117 -0.010803308767801082 0.0078365572098910152 0.0074607713321845912 -0.017473912924044269
leaf_weight=1.4658919440116758 2.8851398328843052 2.3547566877678037 1.3017064247978831 5.5947979633347131 2.5828178627416492 1.3604580257087948 1.2877196434128557 2.5644919723272324 1.8460587668814694 1.7420881805592214 0.94846456684172009 1.2304639960639177 0.26473104953765858 0.77634787291754026
leaf_count=210 179 170 20 352 73 15 235 12 64 44 16 29 1 122
internal_value=-0.00285121 0.00192941 -0.00694232 -0.00297203 0.00342362 0.00804092 0.00509518 0.00819944 0.00297856 -0.00403489 0.00498923 -0.00298125 -0.0132923 -0.00716071
internal_weight=28.2059 13.2506 14.9554 12.0702 6.47545 5.17374 11.5199 9.45586 6.89137 5.04531 3.30322 2.59092 1.73062 2.06407
internal_count=1542 874 668 489 137 117 663 306 294 230 186 44 211 357
is_linear=0
shrinkage=0.03


Tree=305
num_leaves=15
num_cat=0
split_feature=4 1 6 4 6 2 7 6 5 2 6 4 2 6
split_gain=0.533992 0.45477 0.361982 0.54587 0.533221 0.402803 0.62024 1.0678 1.10027 0.967043 0.833387 0.74232 0.506101 0.921096
threshold=34.667175292968757 8.6481337547302264 8.0165042877197283 38.426225662231452 8.0173735618591326 24.16547775268555 -0.84661106220278759 8.0862870216369647 230.793327331543 27.945035934448246 8.0509853363037127 38.632978439331062 18.594945907592777 8.0514039993286151
decision_type=2 2 2 2 2 2 2 2 2 2 2 2 2 2
left_child=1 -1 3 -2 -4 12 9 8 -8 10 -7 -10 -6 -14
right_child=2 -3 4 -5 5 6 7 -9 11 -11 -12 -13 13 -15
leaf_value=-0.010953390662035699 -0.021276868291004929 0.0071282943058705401 0.014080082532379246 0.0074219525461516429 0.00018317951266167039 -0.027268526115770565 -0.0080032277071557089 -0.010743870001004447 0.018291196383780465 0.007017427367508826 -0.00016036769669160471 -0.0057131425183444863 -0.026723338580962798 0.0079745850202567279
leaf_weight=0.54690954464604313 1.0607493433635706 7.9686227236525156 0.71965741866734134 0.26338285207748402 2.1632221751788192 1.6173753782059148 2.0311867704149211 2.7187006231397399 5.1163026772555895 1.72414190613199 1.6926528092008082 0.93532402021810401 1.4914151906559707 0.43125227751443151
leaf_count=468 103 166 36 1 88 99 25 40 265 36 23 17 141 65
internal_value=-0.00107803 0.00493793 -0.00352377 -0.0148311 -0.0021466 -0.00337776 -0.00095524 0.00310174 0.00842893 -0.00873149 -0.0166597 0.0142971 -0.0107328 -0.018875
internal_weight=30.4809 8.51553 21.9654 1.32413 20.6412 19.9216 15.8357 10.8015 8.08281 5.03417 3.31003 6.05163 4.08589 1.92267
internal_count=1573 634 939 104 835 799 505 347 307 158 122 282 294 206
is_linear=0
shrinkage=0.03


Tree=306
num_leaves=15
num_cat=0
split_feature=2 2 2 6 3 0 8 8 0 2 2 6 3 2
split_gain=0.585819 1.24601 1.16686 0.710443 1.09629 0.937719 0.925596 0.621714 0.95079 0.549247 1.25238 0.748913 0.56636 0.525427
threshold=28.003631591796879 29.291781425476078 27.720981597900394 8.0862870216369647 16.348674774169925 18.7666130065918 1.3332371378501853 1.9365449016937606 17.062447547912601 26.23016452789307 23.726450920104984 8.0537385940551776 15.26053047180176 18.202941894531254
decision_type=2 2 2 2 2 2 2 2 2 2 2 2 2 2
left_child=2 -2 3 4 6 -5 -1 8 13 10 -9 -12 -11 -8
right_child=1 -3 -4 5 -6 -7 7 9 -10 12 11 -13 -14 -15
leaf_value=-0.014437433004337925 0.017894145826048834 -0.010919583645962658 -0.02262499951926681 0.0021902003283939897 0.014228379507632871 -0.025901251347157903 0.0087212310611190363 -0.019087794532313594 0.020928790031170784 -0.01928303218965435 0.017454821305336925 -0.0085354143935461087 0.0019330754061628694 -0.010177164798020966
leaf_weight=3.4018139844993298 2.5402800554293203 1.3444388330681247 1.6213433591183264 1.7777526353602291 3.4030841349158427 1.2352128960192201 1.4529455998563192 0.70627621927997086 1.9505956934299318 1.8868967330199669 2.6511701818672013 0.68619659927207965 1.589377414435148 1.9159591379575429
leaf_count=415 84 54 38 56 87 11 161 203 90 69 166 32 14 29
internal_value=-0.00187549 0.00772818 -0.00365707 -0.00140074 0.00090452 -0.0129109 -0.0025506 0.00141446 0.00846094 -0.00397816 0.0033248 0.0113751 -0.011318 -0.00189601
internal_weight=28.1633 3.88472 24.2786 22.6573 19.6443 3.01297 16.2412 12.8394 5.3195 7.51992 4.04364 3.33737 3.47627 3.3689
internal_count=1509 138 1371 1333 1266 67 1179 764 280 484 401 198 83 190
is_linear=0
shrinkage=0.03


Tree=307
num_leaves=15
num_cat=0
split_feature=2 4 3 4 3 4 2 4 2 5 3 4 0 7
split_gain=0.639902 1.33436 1.00104 0.40031 0.773359 1.06419 0.715543 0.67105 0.52167 0.382399 0.361472 0.484831 0.940573 0.324918
threshold=27.100527763366703 38.237934112548835 14.213488578796388 36.611444473266609 16.348674774169925 38.288749694824226 23.676937103271488 35.98231506347657 26.787408828735355 234.37496185302737 12.161772251129152 35.374334335327156 15.267641544342043 -0.91017741815175801
decision_type=2 2 2 2 2 2 2 2 2 2 2 2 2 2
left_child=3 2 -2 7 5 6 -5 10 -8 -4 -1 12 -12 -3
right_child=1 13 9 4 -6 -7 8 -9 -10 -11 11 -13 -14 -15
leaf_value=-0.011168714828808057 0.0052188915360694317 -0.0020692261767343355 -0.024657936310683349 -0.01138343012266305 0.021308433901116482 -0.0099339001870167188 0.019667663022825622 -0.016006425228786592 -0.0052641305036194141 -0.0027407231513106233 0.0092586236544722218 0.01709461085468374 -0.0088153610813581501 0.013594582314603068
leaf_weight=0.57878507240093924 1.4342002264456803 1.6383603019057775 3.0369556667283177 0.33538113150279825 1.7739264960400758 2.8466218154644594 2.9009656891576019 1.0800811049411994 0.48939965554745857 1.2044946795795111 4.6101955485646595 1.1498228907585133 3.8252769783139229 1.8830660218372939
leaf_count=484 70 46 57 33 58 37 212 154 12 71 213 13 36 23
internal_value=0.000357862 -0.00580033 -0.0139134 0.00339022 0.00797935 0.00204286 0.0113593 -0.000389667 0.0156895 -0.0201442 0.00255494 0.00436044 0.00099689 0.00746108
internal_weight=28.7875 9.19708 5.67565 19.5905 8.34629 6.57237 3.72575 11.2442 3.39037 4.24145 10.1641 9.5853 8.43547 3.52143
internal_count=1519 267 198 1252 352 294 257 900 224 128 746 262 249 69
is_linear=0
shrinkage=0.03


Tree=308
num_leaves=15
num_cat=0
split_feature=7 8 8 3 8 2 8 8 7 8 2 6 8 6
split_gain=0.602705 1.68044 0.776681 1.02498 1.20005 0.899278 0.806572 0.631996 0.770564 0.617511 0.555559 0.470956 0.419646 0.384735
threshold=-0.44255690569814082 1.3848532734144536 2.3104267749292009 18.58281230926514 1.3598715450933121 26.23016452789307 2.680877288440811 0.61761077065304182 -0.074788294607539982 3.0382405033136943 17.975518226623539 8.0273594856262225 1.8926658774058909 8.0486626625061053
decision_type=2 2 2 2 2 2 2 2 2 2 2 2 2 2
left_child=2 7 3 12 -5 6 -4 -2 11 -8 -10 -9 -1 -14
right_child=1 -3 5 4 -6 -7 9 8 10 -11 -12 -13 13 -15
leaf_value=0.021649664808423556 -0.012806401696836452 -0.01951199788728912 -0.012650819407274225 -0.021539082027463258 0.0073643270635940054 -0.014901179934648272 0.018192216613953784 -0.018851600002191365 -0.0090386210763631954 -0.0084992104929700676 0.015000195828670003 0.0072596606179415532 0.011700131209190423 -0.0045239798478940458
leaf_weight=2.3095159181393701 0.91930493674590064 4.4880076750414446 0.77308588009327595 1.2053402871824803 2.2834618622437119 3.3541024649748579 2.0192403770051901 0.6228093210957012 0.34952777894795861 0.39293509486014944 4.1977018020697869 0.3347358759783674 1.9271762340795251 1.6451251232065258
leaf_count=154 106 289 11 25 27 168 20 34 153 300 154 32 49 21
internal_value=-0.00217125 -0.00728634 0.00156043 0.00680878 -0.00519527 -0.0058658 0.00493561 0.00273252 0.00689737 0.0126277 0.0118561 -0.0106781 0.0136493 0.00487322
internal_weight=26.8221 10.9121 15.91 9.37062 3.4888 6.53936 3.18526 6.42408 5.50477 2.41218 4.54723 0.957545 5.88182 3.5723
internal_count=1543 768 775 276 52 499 331 479 373 320 307 66 224 70
is_linear=0
shrinkage=0.03


Tree=309
num_leaves=15
num_cat=0
split_feature=6 7 6 5 7 3 6 5 8 8 2 8 8 7
split_gain=1.02168 0.610259 0.577578 1.04987 1.32393 0.490454 0.740616 0.55391 0.466456 0.874155 0.622009 0.590509 0.454067 0.408438
threshold=8.0862870216369647 0.032273558532716934 8.0196290016174334 223.1991882324219 -0.61773435947833499 14.903959274291994 8.026090621948244 255.06929779052737 2.0255606532048276 2.406802220668987 26.685159683227543 2.8430144265406736 1.5780440969185852 -0.95761609581481444
decision_type=2 2 2 2 2 2 2 2 2 2 2 2 2 2
left_child=1 2 3 -1 12 6 -4 13 -8 -10 11 -11 -5 -7
right_child=-2 -3 5 4 -6 7 8 -9 9 10 -12 -13 -14 -15
leaf_value=0.010887954213964969 -0.014460914956578058 -0.013274666429531122 0.0084902849867171965 0.0016464800332237899 0.0052348236883047565 -0.0036160267493852106 0.0060221067657536516 -0.007545089076024027 -0.02553352712312458 0.017684332833167022 -0.012265247648221561 -0.0082543386068928068 -0.031557591634006822 0.013931497711857144
leaf_weight=1.4259951158310382 3.3982815603376357 1.4047718461370085 4.0057020311651304 0.32562145218253125 1.5094893695495559 0.96979272551834483 1.1972748978587331 0.86013033986091691 1.1973498663865032 1.1425238884985449 1.113468838157132 0.51704923689248961 1.3988758796476757 7.5228581179399017
leaf_count=101 72 292 173 5 137 9 119 7 38 12 54 191 82 231
internal_value=-0.00113304 0.00120188 0.00259156 -0.00600166 -0.0142616 0.00494973 -9.13545e-05 0.00942534 -0.00704143 -0.0113998 -0.000147189 0.00953795 -0.0269848 0.0117579
internal_weight=27.9892 24.5909 23.1861 4.65998 3.23399 18.5261 9.17337 9.35278 5.16767 3.97039 2.77304 1.65957 1.7245 8.49265
internal_count=1523 1451 1159 325 224 834 587 247 414 295 257 203 87 240
is_linear=0
shrinkage=0.03


Tree=310
num_leaves=15
num_cat=0
split_feature=7 1 3 4 7 4 3 3 4 3 7 4 3 2
split_gain=0.982696 1.25333 0.872631 0.812576 1.06953 0.892884 0.810358 0.531134 0.527981 0.42904 0.411363 0.534968 0.226803 0.181962
threshold=-0.44255690569814082 12.072017192840578 13.856672763824465 37.029376983642585 -0.60728607019027037 38.882535934448249 15.433680057525637 6.0876493453979501 33.17766189575196 15.498984813690187 -0.97091782375839342 38.310621261596687 14.436128139495851 27.767491340637211
decision_type=2 2 2 2 2 2 2 2 2 2 2 2 2 2
left_child=3 2 -2 7 5 6 10 -1 -4 12 -5 13 -3 -12
right_child=1 9 8 4 -6 -7 -8 -9 -10 -11 11 -13 -14 -15
leaf_value=-0.0072973626428775975 -0.014100661096428305 -0.010226369733341657 -0.0026282793193353909 -0.011835694259897294 0.018151339256970912 0.0098380835716794166 -0.01565218073652835 0.018297705491634769 0.013770828992134602 -0.025305575709535597 0.002031261006705041 -0.0088877921895110165 0.0054530909918111773 0.017356465468065133
leaf_weight=0.3205425972410042 1.6063261524541284 0.66841782868141331 2.8023460898548365 0.56382962880888721 1.4581680045230303 2.4572572959586969 4.4543870834168047 3.276712873019278 2.7956591879483312 2.257098370231688 1.4662898331880581 0.78588279336690892 0.76343967439606786 1.1913358280435202
leaf_count=310 561 45 23 60 89 41 98 73 50 47 60 15 18 17
internal_value=-0.000495387 -0.0070917 0.000673403 0.00415557 0.000143583 -0.00358238 -0.00810752 0.0149258 0.00640735 -0.019166 0.00172985 0.00611476 -0.00306172 0.0117682
internal_weight=26.8677 10.8933 7.20433 15.9744 12.3772 10.919 8.46173 3.59726 5.59801 3.68896 4.00734 3.44351 1.43186 2.65763
internal_count=1507 744 634 763 380 291 250 383 73 110 152 92 63 77
is_linear=0
shrinkage=0.03


Tree=311
num_leaves=15
num_cat=0
split_feature=6 6 3 2 8 8 4 8 2 2 4 4 6 6
split_gain=0.9954 1.04144 0.561232 0.740644 0.707399 0.568172 0.478453 0.4779 0.464391 0.441047 0.574374 0.446456 0.35231 0.627126
threshold=8.0355548858642596 8.0162868499755877 15.227270603179933 27.483889579772953 2.0255606532048276 1.8988775702343823 38.426225662231452 1.7622405608787532 26.61718845367432 27.081704139709476 35.549814224243171 38.501655578613288 8.0303802490234393 8.026090621948244
decision_type=2 2 2 2 2 2 2 2 2 2 2 2 2 2
left_child=1 6 3 4 7 9 -1 -2 -7 10 -4 -12 13 -3
right_child=2 12 5 -5 -6 8 -8 -9 -10 -11 11 -13 -14 -15
leaf_value=-0.01817165221931363 -0.0098880609453431551 0.0072663118240871563 -0.011313351046087024 0.0090338722113606704 -0.023975775321248522 -0.0039929667699775892 0.0075085050144761863 0.010981013079031546 0.01527165979406429 -0.014327712845762269 0.014256800579400522 -0.0062249933916113881 0.015845203676411249 -0.0094357179317224437
leaf_weight=1.5038286261551572 1.3828960058162914 9.0497161283565202 1.2864009356126174 0.56072884082095686 3.0032897462369874 1.3754617492668333 0.26638630032539357 0.69940108014270652 1.6592798950150607 2.3513638940639794 1.7482590347062799 0.77031078934669484 2.472137772885616 1.6225095402623981
leaf_count=216 163 428 13 17 254 27 1 47 17 34 81 17 117 129
internal_value=-0.00110804 0.00422919 -0.00640132 -0.0130574 -0.0165774 -0.00143229 -0.0129918 -0.00159007 0.00771461 -0.00638917 0.000477495 0.0080036 0.00730297 0.00413624
internal_weight=29.752 14.9146 14.8374 5.64632 5.08559 9.19108 1.77021 2.0823 3.03474 6.15633 3.80497 2.51857 13.1444 10.6722
internal_count=1561 891 670 481 464 189 217 210 44 145 111 98 674 557
is_linear=0
shrinkage=0.03


Tree=312
num_leaves=15
num_cat=0
split_feature=6 5 0 2 2 0 7 7 3 1 0 1 1 6
split_gain=0.689703 0.531047 1.22631 0.733414 0.705964 0.667803 0.457883 0.960323 0.510024 0.33071 1.01559 0.744943 0.269316 0.245516
threshold=8.0162868499755877 231.44509124755862 19.430189132690433 29.291781425476078 27.945035934448246 14.133542537689211 -0.75342913436422265 -0.83675434338598031 14.556005001068117 11.155070781707765 17.062447547912601 14.847980976104738 15.180657386779787 8.0514039993286151
decision_type=2 2 2 2 2 2 2 2 2 2 2 2 2 2
left_child=12 3 5 -2 6 -3 7 -4 -8 -7 11 -11 -1 -12
right_child=1 2 4 -5 -6 9 8 -9 -10 10 13 -13 -14 -15
leaf_value=-7.6005307477467351e-06 0.010902145443726835 -0.0146405776169511 -0.020642549398784241 -0.0097453710823566624 0.0084386978905462463 0.0093465329378443675 0.001137509424677121 0.0098826993495607258 -0.027351328387275241 -0.022918888555996511 0.00049045561794992679 0.0085648296629419821 -0.020208390210874928 0.012918972746576159
leaf_weight=0.81388938336749861 6.0073736869962913 0.82203018461587163 0.54738252673996601 1.1493934665340928 0.57240169728174795 5.9965850888402183 0.58884758857311625 1.3598899379139764 2.3046640045940876 1.2923338137916287 2.8901916043832898 0.35470572859048832 1.2058195405406875 2.0020121622364968
leaf_count=88 171 525 25 10 39 69 52 52 52 90 149 3 135 100
internal_value=-0.00119683 0.000371638 -0.00230379 0.00679789 -0.0131693 0.00267966 -0.0167563 -0.00296492 -0.0227506 0.00481314 -3.23693e-05 -0.0154644 -0.0147663 0.00690588
internal_weight=27.9075 25.8878 18.731 7.15677 5.37319 13.3579 4.80078 1.90727 2.89351 12.5358 6.53924 1.64704 2.01971 4.8922
internal_count=1560 1337 1156 181 220 936 181 77 104 411 342 93 223 249
is_linear=0
shrinkage=0.03


Tree=313
num_leaves=15
num_cat=0
split_feature=3 8 8 8 8 1 3 6 3 0 2 6 2 1
split_gain=0.548656 0.93248 0.87448 1.40217 0.871251 1.02984 0.587794 1.59692 0.718448 0.444758 0.300263 0.339751 0.248253 0.223958
threshold=14.823591232299806 2.9312958016524484 2.272837553724194 1.6736990558919886 1.7991250186756378 14.738187789916994 17.685867309570316 8.0188894271850604 15.515195369720461 13.957610607147219 21.48048305511475 8.0269455909729022 27.888125419616703 13.624213695526125
decision_type=2 2 2 2 2 2 2 2 2 2 2 2 2 2
left_child=1 9 3 6 -5 -6 8 -8 -2 -1 -10 -12 -9 -11
right_child=2 -3 -4 4 5 -7 7 12 10 13 11 -13 -14 -15
leaf_value=-0.0099395422388548638 -0.007646378690552626 -0.015518749118365925 0.009537034054416766 -0.031525169121850764 0.0081924839376493301 -0.017648338961105268 0.012129311480201669 -0.0035938610541549356 -0.0032056687735454122 0.0032424964850715286 -0.00056275434621856483 0.01919270678717501 -0.028135574551467465 0.012494755448422672
leaf_weight=0.49358432079316372 1.7010977922473118 1.0043718882661767 2.544613439589738 1.6444660059642036 1.733019734034315 2.0507246628403664 1.3134602075442674 0.86454589082859445 0.6345899375155567 5.4586059155408275 0.93925172486342523 2.479747288278304 1.0120945483213288 4.9842818090692163
leaf_count=533 38 470 20 43 49 26 17 33 8 88 26 69 18 90
internal_value=-0.000894209 0.00384544 -0.00426747 -0.00717284 -0.0178615 -0.00657435 0.000457446 -0.00841309 0.00589233 0.00677492 0.0119627 0.0148664 -0.0220091 0.00836451
internal_weight=28.8585 11.9408 16.9176 14.373 5.42821 3.78374 8.94479 3.1901 5.75469 10.9365 4.05359 3.419 1.87664 10.4429
internal_count=1528 1181 347 327 118 75 209 68 141 711 103 95 51 178
is_linear=0
shrinkage=0.03


Tree=314
num_leaves=15
num_cat=0
split_feature=4 7 4 8 8 8 3 1 7 3 8 0 3 3
split_gain=0.516544 0.724512 0.515364 0.960447 0.854102 1.38342 1.09048 0.835169 0.675595 0.662858 0.685746 0.618125 0.78921 0.498754
threshold=32.098018646240241 0.79988291960353453 33.383050918579109 1.3475136826223062 1.6910406365248629 1.7991250186756378 16.566885948181156 14.289785385131838 -0.52865166272666253 16.064401626586918 2.0385454941786887 20.544383049011234 15.227270603179933 13.856672763824465
decision_type=2 2 2 2 2 2 2 2 2 2 2 2 2 2
left_child=1 -1 -2 7 13 8 9 -4 -6 10 -7 12 -12 -5
right_child=2 -3 3 4 5 6 -8 -9 -10 -11 11 -13 -14 -15
leaf_value=-0.022182540212566836 0.0087112793064709204 0.0085536681076296694 -0.021918816273997374 -0.0052567661436255329 -0.033947754426420285 0.01180822838373715 0.014818490396765804 0.0033812564374950311 0.00025570046748292507 -0.020222327110849824 -0.017035529015042693 0.0036728909703821807 0.0080299529454956609 0.01431567043399902
leaf_weight=1.5307289153861372 2.613741538225443 0.34691616892814625 2.9192647443851483 0.99731235759100201 0.81542804697528481 1.8704077423899397 2.4512080335989586 1.3356971081811932 0.70743243116885313 0.97586199827492315 3.5292712865048088 3.616603820992168 0.84522982407361258 3.5175472786650062
leaf_count=170 107 2 259 94 25 102 33 25 44 16 280 251 12 119
internal_value=-0.00338707 -0.0155047 -0.00198029 -0.00347152 -0.000360437 -0.0038895 -2.13839e-05 -0.0148446 -0.0242554 -0.00434617 -0.00105793 -0.00504778 -0.0115995 0.00982297
internal_weight=28.0727 1.87765 26.195 23.5813 19.3263 14.8114 13.2886 4.25496 1.52286 10.8374 9.86151 7.9911 4.3745 4.51486
internal_count=1539 172 1367 1260 976 763 694 284 69 661 645 543 292 213
is_linear=0
shrinkage=0.03


Tree=315
num_leaves=15
num_cat=0
split_feature=6 3 7 8 3 6 0 8 8 0 2 2 8 2
split_gain=0.924438 0.823084 0.471313 1.09482 0.527754 0.479756 0.394578 0.834486 0.385495 0.637904 0.292048 0.562701 0.462148 0.387632
threshold=8.053007125854494 16.674709320068363 -0.20595377985685925 1.5725234584231638 9.6900167465209979 8.0188894271850604 14.448084354400637 1.3598715450933121 1.6910406365248629 17.511404991149906 22.813458442687992 27.100527763366703 2.3104267749292009 27.767491340637211
decision_type=2 2 2 2 2 2 2 2 2 2 2 2 2 2
left_child=2 8 4 5 -1 -4 7 -7 9 -2 -6 -12 -13 -14
right_child=1 -3 3 -5 10 6 -8 -9 -10 -11 11 12 13 -15
leaf_value=-0.009801107957865025 -0.01164849955992581 0.0074594500326045608 -0.010864787811545849 -0.019718593753853944 -0.0013061227126274625 -0.015984075484666287 0.015052631195003571 0.010569508044755633 -0.016287694954317172 0.01330802645654732 0.018935584646960078 0.0099997356797047847 -0.014468747731552298 0.0041375367212995642
leaf_weight=0.47122586742626005 0.92824826959986129 2.3121858569793403 0.47610729926964346 0.98495777550851915 1.4711010489845637 0.80773427558597211 2.6454054098576307 1.5942726401262914 3.2858643661311362 0.76666963146999478 5.1266662188572791 5.1891375655541196 0.74327432690188322 1.628171809192281
leaf_count=349 108 43 119 92 34 237 21 53 126 39 143 127 18 46
internal_value=0.00340034 -0.00531174 0.00651031 -0.000237066 0.00933523 0.00572706 0.00882992 -0.000433502 -0.0114963 0.000389506 0.0105767 0.0119493 0.00555346 -0.00425599
internal_weight=28.431 7.29297 21.1381 6.50848 14.6296 5.52352 5.04741 2.40201 4.98078 1.69492 14.1584 12.6872 7.56058 2.37145
internal_count=1555 316 1239 522 717 430 311 290 273 147 368 334 191 64
is_linear=0
shrinkage=0.03


Tree=316
num_leaves=15
num_cat=0
split_feature=3 5 5 1 3 4 4 0 5 2 1 2 0 2
split_gain=0.603419 0.694995 1.06882 0.597153 0.589342 0.713608 0.473792 0.459491 0.627949 1.08882 0.43075 0.495349 0.362295 0.360162
threshold=15.065034389495851 239.80818939208987 263.94094848632818 20.187353134155277 15.392621517181398 38.882535934448249 35.98231506347657 18.968962669372562 237.88254547119143 27.859560012817386 14.906283855438234 27.235957145690922 19.777164459228519 28.353446960449222
decision_type=2 2 2 2 2 2 2 2 2 2 2 2 2 2
left_child=1 3 -3 10 -2 6 -6 -8 9 12 11 -1 -9 -12
right_child=4 2 -4 -5 5 -7 7 8 -10 -11 13 -13 -14 -15
leaf_value=-0.011707593489276632 0.015615677673881105 0.013286668263115935 -0.0093580413063040335 0.006947765115963493 0.0040121384087672702 0.012701231831062554 0.0070581143276877163 -0.0051990233069964791 -0.025169701689906388 -0.01751221767668255 -0.0273832821113742 0.0087183198121969039 0.012216654442970156 0.0017824017216989724
leaf_weight=1.9626112792175283 1.7515096727292974 2.5880330083891749 2.9512284349475522 0.6527799509349278 4.5463421773165447 2.3157621081918469 0.91599780367687333 0.96030340995639596 0.95393551071174432 1.8913514090236274 1.7953834410873244 0.7935906397178768 2.0698395585641265 0.30603363702539343
leaf_count=61 36 188 640 92 39 14 48 44 32 57 204 19 56 19
internal_value=-0.00082798 -0.00589946 0.00163585 -0.012562 0.00294754 0.000367682 -0.00297675 -0.00756974 -0.0105452 -0.00393861 -0.0159223 -0.00507107 0.00677681 -0.0239306
internal_weight=26.4547 11.0497 5.53926 5.5104 15.405 13.6535 11.3378 6.79143 5.87543 4.92149 4.85762 2.7562 3.03014 2.10142
internal_count=1549 1223 828 395 326 290 276 237 189 157 303 80 100 223
is_linear=0
shrinkage=0.03


Tree=317
num_leaves=15
num_cat=0
split_feature=5 4 5 0 0 2 6 4 4 5 7 3 6 4
split_gain=1.02419 1.06929 0.907311 0.923673 0.878191 0.732878 0.37587 0.307232 0.656211 0.856817 0.448148 0.281824 0.270452 0.245999
threshold=231.44509124755862 37.91930007934571 240.9055099487305 20.678366661071781 18.998286247253422 25.788427352905277 8.0600395202636737 38.237934112548835 36.990837097167976 230.29364013671878 -0.52598270005125147 13.769841670989992 8.0448503494262713 31.026197433471683
decision_type=2 2 2 2 2 2 2 2 2 2 2 2 2 2
left_child=6 2 3 -2 13 11 7 8 10 -10 -1 -3 -7 -4
right_child=1 5 4 -5 -6 12 -8 -9 9 -11 -12 -13 -14 -15
leaf_value=0.018041309560766775 0.017585943525498447 -0.0073401733890011891 -0.012344151345182654 -0.012577088432613693 -0.025602553269831314 -0.0031424533742269575 -0.0038482204656138416 0.015514353127078105 -0.020774207915592251 0.0087816436037094995 -0.0072472489865605359 0.011500874846829585 -0.025022710308627648 0.00057620485143794692
leaf_weight=1.3907489330740643 2.9374123952584372 0.39408727688714751 0.5092408635246074 0.41144368547247712 0.50268892932217646 0.97157996078021858 1.5240875391755251 3.6801336382632144 0.87136544741224475 0.88125638477504253 0.24792949069524395 0.60658929334022105 2.4429564992897213 10.342808200017314
leaf_count=123 220 10 153 19 17 44 21 65 59 17 14 50 41 689
internal_value=-0.000297786 -0.0041344 5.88445e-05 0.0118402 -0.00409294 -0.0155309 0.00777744 0.0104494 0.00267178 -0.00812157 0.0129187 0.00412078 -0.020919 -0.00102046
internal_weight=27.7143 19.1188 14.7036 3.34886 11.3547 4.41521 8.59552 7.07143 3.3913 1.75262 1.63868 1.00068 3.41454 10.852
internal_count=1542 1243 1098 239 859 145 299 278 213 76 137 60 85 842
is_linear=0
shrinkage=0.03


Tree=318
num_leaves=15
num_cat=0
split_feature=6 8 7 4 0 7 2 6 5 7 8 0 2 2
split_gain=0.441331 0.735369 0.975261 1.1211 1.08731 0.878756 0.816532 1.52062 0.609667 0.558441 0.525761 0.551625 0.296936 0.430162
threshold=8.0977010726928729 1.0487262710501755 -0.28477459805095845 37.15100288391114 17.029743194580082 -0.57348037313257494 18.553855895996097 8.0445437431335467 206.51098632812503 -0.042969107824024085 0.41149222285036463 14.448084354400637 28.239186286926273 27.100527763366703
decision_type=2 2 2 2 2 2 2 2 2 2 2 2 2 2
left_child=1 10 3 4 -3 12 9 -8 -6 -4 -1 -12 13 -5
right_child=-2 2 6 5 8 -7 7 -9 -10 -11 11 -13 -14 -15
leaf_value=-0.0076492557793195496 -0.012050732487331291 -0.014157738890422622 0.012189793685799576 -0.0025959598002059546 -0.0082543345622028974 0.012151614278141041 -0.032392087454199171 0.0080091097875396484 0.018879399584987012 -0.010234756845289229 -0.0077987264168366197 0.018355001679146537 0.0022851911275769956 -0.016416133695801343
leaf_weight=0.55644596368075072 2.2698522529099128 0.5073616049776416 0.99713368644006584 4.4041576933814195 0.29140037827892218 1.5219068893929932 1.8583464848634323 0.71439066878519941 4.4302930058911443 1.0101978610618925 0.30483869076124426 2.8993857381865382 1.8072607107460488 3.6371876553748734
leaf_count=60 62 92 93 146 19 99 83 21 327 161 186 41 44 97
internal_value=-0.00168634 -0.000314874 -0.00259966 0.000990188 0.0113212 -0.00429192 -0.0134562 -0.0220719 0.0160549 0.00125386 0.0103959 0.0146037 -0.00771883 -0.00997127
internal_weight=27.2102 24.9403 21.1796 16.5996 5.22905 11.3705 4.58007 2.57274 4.72169 2.00733 3.76067 3.20422 9.84861 8.04135
internal_count=1531 1469 1182 824 438 386 358 104 346 254 287 227 287 243
is_linear=0
shrinkage=0.03


Tree=319
num_leaves=15
num_cat=0
split_feature=1 2 5 3 3 4 3 2 4 1 6 5 2 5
split_gain=0.275238 0.640182 0.887474 0.637324 0.458041 0.400195 0.389025 0.80708 0.624047 0.752979 0.604292 0.526968 0.992528 0.804206
threshold=16.472542762756351 29.227619171142582 228.30340576171878 22.69757175445557 10.0014705657959 39.347274780273445 15.065034389495851 26.170396804809574 37.944084167480476 14.768144607543947 8.0213117599487322 240.9055099487305 23.017371177673343 234.37496185302737
decision_type=2 2 2 2 2 2 2 2 2 2 2 2 2 2
left_child=1 2 -1 4 -2 -6 7 10 9 -9 -4 13 -13 -8
right_child=3 -3 6 -5 5 -7 11 8 -10 -11 -12 12 -14 -15
leaf_value=0.018255223342384882 0.0047198038378485699 -0.01766354783203665 -0.012137332212247422 0.0089896979520163959 -0.022550738391332759 -0.000726227052013658 -0.0017455214281306719 0.012389915154676825 -0.023812954527112858 -0.013301124184957193 0.0059935526285427058 0.0078391943566846253 -0.014890290353823507 0.021084880543406983
leaf_weight=1.7634978326968944 0.75072307279333417 0.54601095616817374 1.1432912572345246 1.0460622310638426 1.6786338594974952 1.1491274621803311 2.2824267777614278 1.003120832785499 1.4546821354888377 1.1117783780209718 6.5137088195479009 3.083505975548178 2.0214867508038878 2.0633884775452316
leaf_count=24 231 4 206 5 54 11 62 43 28 18 628 48 32 136
internal_value=-0.000314235 0.00109721 0.00228774 -0.00627773 -0.0117294 -0.0161886 0.000146624 -0.0034927 -0.0135075 -0.00104996 0.00219706 0.0043903 -0.00212603 0.0110108
internal_weight=27.6114 22.9869 22.4409 4.62455 3.57848 2.82776 20.6774 11.2266 3.56958 2.1149 7.657 9.45081 5.10499 4.34582
internal_count=1530 1229 1225 301 296 65 1201 923 89 61 834 278 80 198
is_linear=0
shrinkage=0.03


Tree=320
num_leaves=15
num_cat=0
split_feature=8 1 7 8 3 7 6 8 3 3 2 8 5 2
split_gain=0.78304 0.720223 1.07204 0.782279 0.768792 0.70189 0.849831 0.859895 0.691231 0.627304 0.986036 1.13264 0.625288 0.420016
threshold=1.0288624698825137 10.236512660980226 -0.082514380192168127 1.3475136826223062 13.066060066223146 -0.074788294607539982 8.0977010726928729 1.9365449016937606 16.441803932189945 14.436128139495851 23.726450920104984 2.8925652622144127 258.14437866210943 26.61718845367432
decision_type=2 2 2 2 2 2 2 2 2 2 2 2 2 2
left_child=12 2 -2 -3 -4 6 7 -5 9 10 -9 13 -1 -12
right_child=1 3 4 5 -6 -7 -8 8 -10 -11 11 -13 -14 -15
leaf_value=0.001975170851255704 -0.012471987362951896 -0.016185352191865225 -0.0084939462968781319 0.012611513780298955 0.022082767518787783 -0.013937886169365376 -0.017977883765601936 -0.019903663884298629 0.01161784952645816 -0.012827555982304697 0.020835501893240946 -0.011772899435413653 -0.022014147769128686 0.00054415261822650775
leaf_weight=1.3699781042523711 0.60172678978415195 1.631042292574423 0.34972846476012209 6.4953238674206828 3.1210868081543595 1.4652156089432455 0.62580112740397353 0.49915822481852767 2.1963507095351806 3.4369613057933748 2.2572475825436418 1.198756623722147 1.4650512127554973 1.3548459461890159
leaf_count=36 100 62 245 196 36 22 9 175 21 47 31 291 238 25
internal_value=-0.000276033 0.00158429 0.0117424 -0.000812369 0.017791 0.00119737 0.0030917 0.00478181 -0.000532293 -0.00446211 0.0021273 0.00744505 -0.0129295 0.0149927
internal_weight=28.0683 25.2332 4.07254 21.1607 3.47082 19.5297 18.0644 17.4386 10.9433 8.74697 5.31001 4.81085 2.83503 3.61209
internal_count=1534 1260 381 879 281 817 795 786 590 569 522 347 274 56
is_linear=0
shrinkage=0.03


Tree=321
num_leaves=15
num_cat=0
split_feature=4 6 6 4 0 4 4 3 0 5 0 0 5 7
split_gain=0.422937 0.579894 0.623755 0.933182 0.563659 0.403515 0.432693 0.86914 0.61531 0.600979 0.537524 0.471264 0.348403 0.38461
threshold=32.210746765136726 8.0165042877197283 8.0192070007324237 33.672384262084968 14.833924770355226 34.637201309204109 39.347274780273445 15.433680057525637 18.968962669372562 255.06929779052737 18.905592918396 18.741886138916019 264.30863952636724 -0.57348037313257494
decision_type=2 2 2 2 2 2 2 2 2 2 2 2 2 2
left_child=-1 -2 -3 4 -4 -5 7 10 9 -9 11 12 13 -7
right_child=1 2 3 5 -6 6 -8 8 -10 -11 -12 -13 -14 -15
leaf_value=0.0056348142455021257 -0.020044131295684716 0.0098017673749781539 0.0037380129994119939 0.0071725042079546185 -0.029025489684885254 -0.0091136305660477722 0.0075692474673305608 0.012848781067666718 -0.017765977687147251 -0.010293447719582854 0.0061029235321605818 -0.022744775948656849 -0.010444207576826394 0.010682700826080551
leaf_weight=2.5959640026849256 1.3488644577446418 1.7645853343710793 0.34126740865758876 2.0817911858321194 1.1316338069736955 0.40987874619897269 1.4780770456418384 0.90623848582617883 5.310565979918465 1.1516354754567144 5.1799801425659098 0.30287482414860267 1.0828478489420374 1.8072197896253679
leaf_count=181 165 118 104 226 11 53 14 47 160 10 253 11 76 125
internal_value=-0.00437441 -0.00562428 -0.00397514 -0.00551283 -0.0229924 -0.00315959 -0.0046992 -0.00619781 -0.0131169 0.000766903 0.000354523 -0.00744059 -0.00107306 0.00532765
internal_weight=26.8934 24.2975 22.9486 21.184 1.4729 19.7111 17.6293 16.1512 7.36844 2.05787 8.7828 3.60282 3.29995 2.2171
internal_count=1554 1373 1208 1090 115 975 749 735 217 57 518 265 254 178
is_linear=0
shrinkage=0.03


Tree=322
num_leaves=15
num_cat=0
split_feature=8 6 0 0 8 0 7 1 8 0 3 1 0 4
split_gain=0.583081 0.35985 0.756351 0.462647 0.97804 0.751426 0.903031 0.798628 0.511456 0.361431 0.487337 0.863331 0.390224 0.2887
threshold=3.0382405033136943 8.0797824859619158 18.7666130065918 14.448084354400637 1.3598715450933121 19.501204490661625 -0.50012370070945877 17.284603118896488 0.61761077065304182 21.555535316467289 16.315156936645511 14.738187789916994 19.891489028930668 34.545808792114265
decision_type=2 2 2 2 2 2 2 2 2 2 2 2 2 2
left_child=1 3 13 4 -1 8 7 9 -5 10 11 -7 -12 -3
right_child=-2 2 -4 5 -6 6 -8 -9 -10 -11 12 -13 -14 -15
leaf_value=-0.018820645048448902 -0.013650122383876761 -0.0034419987878737597 -0.014355202749810893 -0.0061146488046320106 0.0071610493199487377 0.011985774520844887 -0.015401777038315143 0.016198257895166185 0.016135828725912897 -0.010387165159298366 -0.0049032177811356159 -0.010773253993118037 0.01835480718441946 0.014749404899242122
leaf_weight=1.1697116620489496 0.79647123671020281 0.80684971349546619 1.7816458200104532 0.53120229672640817 2.3727683536708355 1.4308835382107643 1.2547763768816338 3.0264655109494925 7.0689903651364148 1.3859457261860368 0.41351250233128656 2.9910543276928365 1.3420392367988823 0.91645315289497375
leaf_count=382 436 20 22 17 191 49 34 26 184 12 14 40 63 26
internal_value=0.00316931 0.00415308 -0.00396979 0.00550547 -0.00367262 0.00727539 0.00217267 0.00540426 0.0140505 -0.000302088 0.00309249 -0.0025564 0.0130852 0.00809582
internal_weight=27.2888 26.4923 3.50495 22.9873 3.54248 19.4449 11.8447 10.5899 7.60019 7.56344 6.17749 4.42194 1.75555 1.7233
internal_count=1516 1080 68 1012 573 439 238 204 201 178 166 89 77 46
is_linear=0
shrinkage=0.03


Tree=323
num_leaves=15
num_cat=0
split_feature=1 1 7 3 7 1 7 0 6 3 8 5 7 5
split_gain=0.650719 1.10886 0.642602 0.615939 0.507003 0.512912 1.14499 0.90951 0.610109 0.563895 0.379328 1.51354 0.921475 0.449371
threshold=13.624213695526125 13.093044757843019 -0.48957941501952756 15.515195369720461 -0.65466087996447275 14.768144607543947 -0.83023111391020199 22.530364036560062 8.0600395202636737 19.064907073974613 1.0390091371380692 258.14437866210943 0.22477932595760108 265.40240478515631
decision_type=2 2 2 2 2 2 2 2 2 2 2 2 2 2
left_child=1 10 4 -4 5 -2 7 8 -7 -8 11 -1 13 -12
right_child=2 -3 3 -5 -6 6 9 -9 -10 -11 12 -13 -14 -15
leaf_value=0.014244963414614594 0.011080716431131536 -0.024597239426111053 0.0052805994446849872 -0.017918380276791965 0.016749038337221772 0.014028855911795262 -0.02227862944517147 -0.01502151670534224 -0.0084087642209396598 0.004134740661980104 0.00070748921681913009 -0.02272170804168289 0.018278986984880344 -0.016187339544082469
leaf_weight=0.76726550376042935 3.0513310278183772 1.4315036397601932 1.1743119477177963 1.4139795948285607 1.8802620687056322 4.4327927200356472 1.6997304967371758 0.6921225125552154 0.65613920427858818 0.6208592653274535 5.2711212408903521 1.6161852487712165 1.2755891536362467 0.90021760514355254
leaf_count=18 122 71 52 28 140 177 82 81 9 5 135 248 42 335
internal_value=-0.00122 -0.00642683 0.00269454 -0.00885461 0.00545564 0.00233019 -0.00182087 0.00543743 0.01023 -0.0160949 -0.00175403 -0.0101286 0.00180808 -0.00367054
internal_weight=26.8834 11.2619 15.6215 2.58829 13.0332 11.153 8.10164 5.78105 5.08893 2.32059 9.83038 2.38345 7.44693 6.17134
internal_count=1545 849 696 80 616 476 354 267 186 87 778 266 512 470
is_linear=0
shrinkage=0.03


Tree=324
num_leaves=15
num_cat=0
split_feature=3 5 2 6 6 2 3 3 4 2 3 2 6 6
split_gain=1.17976 0.372845 0.676555 0.47831 0.467706 0.476145 0.694812 0.604994 0.8097 0.664927 0.523414 0.597342 0.653435 0.39459
threshold=19.582293510437015 220.42852020263675 28.126243591308597 8.0192070007324237 8.0198678970336932 26.382439613342289 14.903959274291994 14.903959274291994 37.984342575073249 27.287961006164554 14.104630947113039 18.308194160461429 8.053007125854494 8.0147328376770037
decision_type=2 2 2 2 2 2 2 2 2 2 2 2 2 2
left_child=1 -1 3 13 -5 6 10 8 -7 -9 11 -6 -13 -3
right_child=-2 2 -4 4 5 7 -8 9 -10 -11 -12 12 -14 -15
leaf_value=-0.013771568929762116 -0.019955044573244634 -0.0071161668748879929 0.015671966812796301 -0.017207442915098778 0.0072560532574949604 0.0081259613944604809 -0.011029648507630149 0.018063618200913834 -0.017896692056363715 -0.0024550954755699658 0.010685518687651979 -0.01730139838363522 0.0074006548614903014 0.014936168797470903
leaf_weight=0.56816800363595277 1.8288936924654979 0.3168943442869997 1.6459409862291057 0.66030477249296637 1.8842648284335171 1.3307566384319209 5.623046004679054 2.7995664698537439 1.1228597543085923 1.9291276062140239 2.7139255306683481 2.2180879488005307 0.7169569844554643 1.8817929337965322
leaf_count=92 26 97 45 22 327 57 133 63 34 61 44 248 98 161
internal_value=-0.00157556 0.000452682 0.00129828 -0.000327094 -0.00189039 -0.000610021 -0.00391396 0.0051807 -0.00551669 0.0107254 0.00206754 -0.00378781 -0.01092 0.0105267
internal_weight=27.2406 25.4117 24.8435 23.1976 20.9989 20.3386 13.1563 7.18231 2.45362 4.72869 7.53324 4.81931 2.93504 2.19869
internal_count=1508 1482 1390 1345 1087 1065 850 215 91 124 717 673 346 258
is_linear=0
shrinkage=0.03


Tree=325
num_leaves=15
num_cat=0
split_feature=6 0 2 2 8 3 2 6 6 5 0 1 2 2
split_gain=0.698325 0.439822 0.448177 0.708218 1.26589 0.6616 0.724039 0.864219 0.641578 0.580539 0.635559 0.512131 0.640288 0.491568
threshold=8.0162868499755877 14.133542537689211 25.788427352905277 26.306632041931156 2.1306069966670935 15.227270603179933 27.100527763366703 8.0368905067443865 8.0269455909729022 239.53742218017581 17.831134796142582 14.906283855438234 28.275661468505863 24.406964302062992
decision_type=2 2 2 2 2 2 2 2 2 2 2 2 2 2
left_child=-1 -2 9 4 -4 11 -7 8 -8 -3 -11 -5 -13 -12
right_child=1 2 3 5 -6 6 7 -9 -10 10 13 12 -14 -15
leaf_value=-0.014650035709006103 -0.013850356212251752 0.016793413740640594 -0.027862873702287953 0.0037689161845548651 0.0063538963335220411 0.016154720905215504 -0.0031503202463889612 -0.011922194951625564 0.019699573525984296 0.0052782179859354305 -0.019660979048323989 -0.024365074256711684 0.0049055136455726589 0.0061754740208108108
leaf_weight=1.9285066039592518 0.74336997955106454 2.2402223467361209 1.2059700607787811 1.4190776273026124 1.1998750740895046 2.7237904465291631 1.759715974214487 2.3867813982069492 1.1949450615793464 8.0863293171278183 0.91827780823223182 1.1313437558710573 0.564140717498958 0.43481600965606049
leaf_count=227 500 152 44 60 44 56 68 34 24 190 70 59 25 23
internal_value=-0.000754468 0.000780142 0.00172154 -0.00194044 -0.0139428 0.00157509 0.00599261 -0.000919724 0.00873539 0.00579823 0.00183009 -0.00854043 -0.0164191 -0.0122624
internal_weight=27.9372 26.0087 25.2653 13.5856 2.40585 11.1798 8.06523 5.34144 2.95466 11.6796 9.43942 3.11456 1.69548 1.35309
internal_count=1576 1349 849 414 88 326 182 126 92 435 283 144 84 93
is_linear=0
shrinkage=0.03


Tree=326
num_leaves=15
num_cat=0
split_feature=6 0 0 8 8 7 6 4 6 7 3 4 6 6
split_gain=0.609206 0.854157 0.316041 0.326928 0.48461 0.580655 0.547626 0.764919 0.608572 1.13763 0.503509 0.482237 0.442335 1.0386
threshold=8.0862870216369647 18.7666130065918 14.133542537689211 0.41149222285036463 1.0487262710501755 -0.20595377985685925 8.0338735580444354 33.941772460937507 8.049753665924074 -0.83675434338598031 14.536777973175051 37.802375793457038 8.0198678970336932 8.0183701515197772
decision_type=2 2 2 2 2 2 2 2 2 2 2 2 2 2
left_child=2 -2 -1 -4 -5 6 7 -6 9 -8 -7 -11 13 -9
right_child=1 -3 3 4 5 10 8 12 -10 11 -12 -13 -14 -15
leaf_value=-0.0077567757355459111 0.0051525362881961701 -0.020612500666753471 -0.0092237519625234972 0.015729420619276395 -0.0079747708262811329 0.0040632802144550837 -0.026021630402621215 0.012927709807878798 0.005717072868474689 -0.0092080459618837929 -0.014528712890358854 0.014185831487597401 0.019672337818495561 -0.015442217026391645
leaf_weight=1.0795767344243419 1.6446951324469403 1.3745284397155044 0.55477161146700638 2.6076407621149 1.0432836047257383 1.8343428215593935 0.91949699650285799 2.4031953107914892 4.5967967001488432 0.45529660751344703 1.7831694241613147 0.99136441200971603 4.0509871032845695 0.79779660358326498
leaf_count=583 58 15 16 43 21 18 41 195 175 79 28 68 176 25
internal_value=0.00214609 -0.00878729 0.00387916 0.00476112 0.00551644 0.00338513 0.00591708 0.0106832 -0.000389607 -0.0104272 -0.00626293 0.00606897 0.0140086 0.00386422
internal_weight=26.1369 3.01922 23.1177 22.0381 21.4834 18.8757 15.2582 8.29526 6.96295 2.36616 3.61751 1.44666 7.25198 3.20099
internal_count=1541 73 1468 885 869 826 780 417 363 188 46 147 396 220
is_linear=0
shrinkage=0.03


Tree=327
num_leaves=15
num_cat=0
split_feature=4 1 8 1 6 0 5 5 8 4 1 5 2 4
split_gain=1.09761 0.65658 0.673758 0.585178 0.938523 0.495514 1.17793 0.583804 0.579467 0.753808 0.550178 0.714726 0.368772 0.296697
threshold=34.667175292968757 8.6481337547302264 1.6736990558919886 13.624213695526125 8.0535602569580096 19.444483757019047 238.66213989257815 234.25231933593753 2.8430144265406736 38.882535934448249 15.133561134338381 231.44509124755862 25.788427352905277 35.374334335327156
decision_type=2 2 2 2 2 2 2 2 2 2 2 2 2 2
left_child=1 -1 -3 4 -2 13 7 8 9 10 11 -7 -6 -5
right_child=3 2 -4 5 12 6 -8 -9 -10 -11 -12 -13 -14 -15
leaf_value=-0.010374783495120421 -0.022377430398764133 0.016587678632250181 -0.0066539702199131046 -0.0067203832708052176 0.012182130130570431 0.010660463010713937 -0.025824151612996574 0.013602901891538181 0.0093292200832195589 0.0066429529164682213 -0.017705005850987388 -0.011918000400771268 -0.0053199170847573396 0.013164166550217338
leaf_weight=0.49699457292445259 2.0942784438666449 5.4281454495503567 0.79335550201358263 0.19428160786628668 0.71572352320072274 1.5347105320543 0.70565494470065537 1.5791211178875535 2.1135121887200503 2.4806672586128116 3.2215593466535211 1.5159619008190928 1.9762100186198948 2.3181141712702811
leaf_count=454 152 83 75 2 54 21 15 131 220 21 36 30 46 167
internal_value=0.000573072 0.0102564 0.0131129 -0.0029381 -0.0110909 6.9156e-05 -0.00243808 0.000709924 -0.00215214 -0.00559678 -0.0106854 -0.000731742 0.00137272 0.010151
internal_weight=27.1683 6.7185 6.2215 20.4498 4.78621 15.6636 13.1512 12.4455 10.8664 8.7529 6.27223 3.05067 2.69193 2.5124
internal_count=1507 612 158 895 252 643 474 459 328 108 87 51 100 169
is_linear=0
shrinkage=0.03


Tree=328
num_leaves=15
num_cat=0
split_feature=8 4 1 0 8 8 5 6 2 1 1 1 0 1
split_gain=0.669719 0.773457 0.874135 0.907622 0.632297 1.00747 0.598134 0.523722 0.605022 0.719604 0.4704 0.418675 0.406825 0.38993
threshold=1.4351574074248215 33.241127014160163 12.888986110687258 19.048085212707523 1.7622405608787532 1.6910406365248629 239.8672790527344 8.0303802490234393 26.287442207336429 9.2324047088623065 8.6799950599670428 15.629499435424806 14.133542537689211 16.472542762756351
decision_type=2 2 2 2 2 2 2 2 2 2 2 2 2 2
left_child=7 -2 12 6 5 11 -4 10 9 -9 -1 -5 -3 -6
right_child=1 2 3 4 13 -7 -8 8 -10 -11 -12 -13 -14 -15
leaf_value=0.0025525971361678372 -0.018393376140595587 -0.0063630486866530726 -0.030007504854096392 0.013978913158226037 0.0079155083382843553 -0.026629243306197495 -0.00038769162639438028 -0.012183186299956683 -0.012781536908839083 0.014122806824622802 -0.023039016734139391 -0.0084786170479944478 0.017085264857176787 -0.0032084251051556186
leaf_weight=0.57648431847337933 0.88282323733438062 0.26736575126415418 0.50902738538570602 0.76945322914980241 7.6853807469014992 0.68867971980944265 1.0788417807489166 0.50118555111112151 1.6039199307560918 1.85509463888593 2.2468843932729214 0.43269519507884979 2.8477254192403052 3.5426882488536648
leaf_count=234 55 166 32 53 191 16 121 131 36 61 75 4 67 290
internal_value=-0.00314407 -6.34697e-05 0.00177351 -0.00154674 0.00154359 -0.0112011 -0.0178093 -0.0105389 -0.00226793 0.00656463 -0.0185127 0.00571613 0.0140155 0.00443033
internal_weight=25.4882 18.7047 17.8219 14.7068 13.1189 1.89083 1.58787 6.78357 3.9602 2.35628 2.82337 1.20215 3.11509 11.2281
internal_count=1532 995 940 707 554 73 153 537 228 192 309 57 233 481
is_linear=0
shrinkage=0.03


Tree=329
num_leaves=15
num_cat=0
split_feature=6 3 1 6 4 7 7 2 4 4 1 3 3 1
split_gain=0.495062 0.853026 0.647187 0.807757 0.735114 0.669443 0.511478 0.430471 0.279798 0.259646 0.366994 0.571215 0.711686 0.568658
threshold=8.0207700729370135 15.890749454498293 16.472542762756351 8.0862870216369647 39.347274780273445 -0.07284748346220643 0.38640753904084252 21.48048305511475 36.758516311645515 33.941772460937507 14.17882013320923 16.064401626586918 15.227270603179933 15.203289508819582
decision_type=2 2 2 2 2 2 2 2 2 2 2 2 2 2
left_child=1 -1 3 5 -4 9 7 -7 -3 -2 -11 12 13 -12
right_child=2 8 4 -5 -6 6 -8 -9 -10 10 11 -13 -14 -15
leaf_value=-0.0188561285912138 -0.0040676155328387602 0.010105962260042711 -0.022191213199004703 -0.0092367773361147088 0.0038599795695256323 -0.015877764145276155 0.0088884812460582382 0.0073804499539442637 -0.0049048023993957272 0.014351384249180123 -0.010688768798239092 -0.0094052340604721396 0.018291707747980258 0.009624521689958504
leaf_weight=2.6686636318627306 0.92454927379731699 1.1524757631123068 1.2728651481447735 3.5584289120160966 1.26487126131542 2.1403476357227191 0.72536309997667547 0.28965451475232828 1.4389308150857685 5.4216643353574892 1.7240562582737768 1.412178653408773 2.0478141745552421 1.2971048208419231
leaf_count=385 13 10 112 77 12 319 16 4 34 363 69 31 35 65
internal_value=-0.0020399 -0.00948654 6.83617e-05 0.00210665 -0.0117859 0.00502735 -0.00601815 -0.0117619 0.00272605 0.00798314 0.00916188 0.00348266 0.00803125 -0.00174285
internal_weight=27.339 5.26007 22.0789 19.5412 2.53774 15.9827 3.15537 2.43 2.59141 12.8274 11.9028 6.48115 5.06898 3.02116
internal_count=1545 429 1116 992 124 915 339 323 44 576 563 200 169 134
is_linear=0
shrinkage=0.03


Tree=330
num_leaves=15
num_cat=0
split_feature=8 8 3 3 3 3 8 3 0 8 5 1 0 1
split_gain=0.596952 0.556456 1.6434 0.71671 0.719589 0.799176 0.589132 0.541249 0.46242 0.502143 0.933765 0.483127 0.924134 0.51849
threshold=1.6736990558919886 1.7991250186756378 14.903959274291994 16.566885948181156 15.515195369720461 14.903959274291994 2.8925652622144127 10.0014705657959 14.133542537689211 1.0288624698825137 260.43273925781256 9.4675192832946795 16.951104164123539 15.75525999069214
decision_type=2 2 2 2 2 2 2 2 2 2 2 2 2 2
left_child=8 2 -2 4 5 6 7 -3 -1 10 -10 -11 -13 -14
right_child=1 3 -4 -5 -6 -7 -8 -9 9 11 -12 12 13 -15
leaf_value=-0.012658806649057283 0.0099746060424545195 0.013655615279720019 -0.029116353602078281 0.010988838488414572 -0.019259312375121813 0.012774041288480012 -0.019012467744518785 -0.0052826335048247021 0.007656218231545317 0.01754687956567888 -0.01934713597827669 -0.010265804517990678 0.014218146695335833 -0.0052109326224104614
leaf_weight=0.63041926358710298 0.89669219177449067 0.82068540010368263 1.6507814230863003 1.8840171941556025 1.7306058751419175 1.7192873386666176 1.2656867110345045 4.358246838033665 1.6817525257356458 2.1359383761882764 1.120085406117141 2.2751620970666409 3.7645795661956072 1.0845597647130487
leaf_count=484 51 22 40 29 30 36 469 120 45 15 18 22 157 10
internal_value=-0.00191955 -0.0059339 -0.0164236 -0.00255747 -0.00590872 -0.00128581 -0.00624872 -0.000557228 0.0027139 0.00442497 -0.00538831 0.00762991 0.00286287 0.00972468
internal_weight=27.0185 14.326 2.54747 11.7785 9.89451 8.16391 6.44462 5.17893 12.6925 12.0621 2.80184 9.26024 7.1243 4.84914
internal_count=1548 797 91 706 677 647 611 142 751 267 63 204 189 167
is_linear=0
shrinkage=0.03


Tree=331
num_leaves=15
num_cat=0
split_feature=4 8 4 8 5 5 8 8 2 0 4 2 2 2
split_gain=0.632876 0.576655 0.579138 1.08325 0.778341 0.781039 0.553717 1.68529 1.1431 0.5502 0.472323 0.4155 0.371222 0.396363
threshold=38.882535934448249 1.6510952603657658 33.383050918579109 1.33662678048117 254.61253356933597 229.87637329101565 1.7991250186756378 1.9365449016937606 20.508749961853031 14.448084354400637 37.515148162841804 28.126243591308597 19.495705604553226 18.202941894531254
decision_type=2 2 2 2 2 2 2 2 2 2 2 2 2 2
left_child=1 2 9 4 5 -4 8 -8 -3 -1 -9 -12 13 -5
right_child=-2 6 3 12 -6 -7 7 10 -10 -11 11 -13 -14 -15
leaf_value=-0.0085400055061512371 0.011632553438867927 0.010466800309110387 -0.014615725320571711 0.0071055901743177236 -0.022137287445427273 0.012531370238454796 0.019375261324069463 0.00033038637966876355 -0.022540091051942688 0.016978983319663798 -0.017070758998873711 0.0022810592133261152 0.014887811375704253 -0.012944373577199455
leaf_weight=0.30970689872629575 2.6359368333360171 0.62565733725205008 0.62209274619817767 1.1434542464558037 1.6766148742171934 1.3365297820419071 1.6851664633140888 3.9159739239257743 2.5083084466168657 2.5841054916381836 3.5707133293617517 1.0015988550148902 2.1370256695663556 0.52975906481151458
leaf_count=218 45 41 6 81 192 83 85 484 56 18 85 24 101 13
internal_value=-5.3372e-05 -0.00177514 0.00336182 -0.00136747 -0.0115811 0.00188326 -0.00572234 -0.00177294 -0.0150127 0.012756 -0.00757098 -0.013183 0.00875885 -0.00171003
internal_weight=26.2826 23.6467 10.3393 7.44548 3.63524 1.95862 13.3074 10.1735 3.13397 2.89381 8.48829 4.57231 3.81024 1.67321
internal_count=1532 1487 712 476 281 89 775 678 97 236 593 109 195 94
is_linear=0
shrinkage=0.03


Tree=332
num_leaves=15
num_cat=0
split_feature=6 7 7 6 5 2 2 7 6 1 1 2 8 4
split_gain=0.567472 0.478943 0.488123 0.447615 0.397346 0.453345 0.406417 0.377427 0.373518 0.542754 0.614411 0.453995 0.828475 0.382631
threshold=8.0862870216369647 -0.48416004377881589 -0.56338846762589367 8.1373691558837908 242.26930999755862 27.005163192749027 22.658034324646 -0.21545095427937963 8.0162868499755877 17.284603118896488 15.467995166778566 27.235957145690922 2.3748204583955461 38.426225662231452
decision_type=2 2 2 2 2 2 2 2 2 2 2 2 2 2
left_child=1 2 8 -2 5 -3 7 -6 13 10 11 12 -10 -1
right_child=3 4 -4 -5 6 -7 -8 -9 9 -11 -12 -13 -14 -15
leaf_value=-0.016617864847299473 -0.017815342388085614 -0.022797607226823079 0.016074680493462567 0.0015120811111882493 -0.016667708374699934 0.0030971881028948717 0.010284832240947556 -0.00036705251598285376 0.008880432338294544 0.014700212381188805 -0.0092975294944888688 0.012563259095530901 -0.015477908652003177 0.0070681706383899229
leaf_weight=0.83123724002507404 1.9339868506649502 0.79888796288287245 1.5686821606941563 1.4756809294922275 0.69186001495109195 0.59885103395208716 1.2753072265768421 5.4253149483120042 1.8556065466254934 1.9121747505851079 3.1334500468801707 2.684463569894433 1.2687109669495837 0.25101563334465027
leaf_count=117 34 40 129 40 60 30 44 594 98 108 98 86 64 1
internal_value=-0.00116562 0.000746858 0.00417871 -0.0110046 -0.00441411 -0.0150385 -0.000852752 -0.00429354 0.00149365 0.00345118 -0.000190891 0.00536557 -0.00236545 -0.010368
internal_weight=25.7052 22.2956 13.5053 3.40967 8.79022 1.39774 7.39248 6.11717 11.9367 10.8544 8.94223 5.80878 3.12432 1.08225
internal_count=1543 1469 701 74 768 70 698 654 572 454 346 248 162 118
is_linear=0
shrinkage=0.03


Tree=333
num_leaves=15
num_cat=0
split_feature=3 6 5 7 4 0 4 3 8 0 8 6 8 3
split_gain=0.405676 0.528334 0.665942 0.822965 0.686307 0.545819 0.54949 0.475318 0.708671 0.343798 0.584741 0.680134 0.306468 0.325664
threshold=15.065034389495851 8.0977010726928729 230.793327331543 -0.1849010436402676 38.795892715454109 16.951104164123539 38.20697212219239 14.823591232299806 2.8925652622144127 20.601184844970707 2.0255606532048276 8.0213117599487322 0.97975128536507883 13.841785430908205
decision_type=2 2 2 2 2 2 2 2 2 2 2 2 2 2
left_child=7 2 4 5 -2 -4 -7 8 9 10 11 -1 -13 -14
right_child=1 -3 3 -5 -6 6 -8 -9 -10 -11 -12 12 13 -15
leaf_value=-0.013544390443039246 -0.011128509408148418 -0.010863626765586805 -0.0062892426770281579 -0.004900393023353729 0.0074691821049076602 0.02283198588632393 0.0010820753432478365 -0.018265288648059343 -0.018146981089391556 0.0096281186372042908 -0.011819967256154871 -0.0074184645493040862 0.00042158009421563617 0.015763627886902744
leaf_weight=0.76328859996283593 3.228276474401353 1.538775511085986 0.49444044008850951 2.1417755121365198 2.1910229045897722 3.480598479276523 1.4983655721880493 1.1547909583896387 1.1557800306472916 1.9306288976222266 2.5537195121869445 0.32312157165142696 2.0360105003928766 2.4521112298825756
leaf_count=181 28 21 7 38 24 175 37 25 466 20 59 142 250 61
internal_value=-0.00146222 0.00188844 0.00406068 0.00931026 -0.00361723 0.014769 0.0175623 -0.00525584 -0.00253055 0.00074249 -0.00219158 0.00334617 0.00789542 0.0101488
internal_weight=26.9427 14.5733 13.0345 7.61518 5.4193 5.4734 4.97896 12.3695 11.2147 10.0589 8.12825 5.57453 4.81124 4.48812
internal_count=1534 330 309 257 52 219 212 1204 1179 713 693 634 453 311
is_linear=0
shrinkage=0.03


Tree=334
num_leaves=15
num_cat=0
split_feature=2 2 6 4 6 4 2 4 7 7 5 0 1 4
split_gain=0.813399 0.908019 0.509581 0.547397 1.37514 0.509014 0.745484 0.697898 0.689858 0.492245 0.828976 0.582283 0.37484 0.325767
threshold=26.056502342224125 28.003631591796879 8.0163154602050799 35.518205642700202 8.0447554588317889 38.882535934448249 29.227619171142582 29.528387069702152 -0.97091782375839342 -0.72374642351593466 238.25845336914065 21.356954574584964 14.289785385131838 34.637201309204109
decision_type=2 2 2 2 2 2 2 2 2 2 2 2 2 2
left_child=2 9 -1 4 13 6 8 -8 -3 11 12 -2 -11 -4
right_child=1 5 3 -5 -6 -7 7 -9 -10 10 -12 -13 -14 -15
leaf_value=-0.012482830731084542 -0.021188258754455968 -0.010317586117760688 0.010319287287616696 0.013034864232215235 -0.019955329048096736 0.01654398998249873 0.0071342329160061085 -0.02184628028867509 0.017090411097694904 0.01565815494791253 -0.013416899046493737 0.0031041456615156474 -0.0032509273053953204 -0.0031032181141969349
leaf_weight=0.58712936245138081 3.7734732736134893 0.46076525922399003 4.6856056047836301 4.5145588101877365 1.264592445339076 0.99304326018318523 0.56061006314121176 1.1016403253015594 1.3950716158142307 1.1539008194813498 2.2389931427314878 0.80468482669675712 1.1727696161251513 1.7431311575637662
leaf_count=136 110 21 353 364 149 14 4 57 49 72 34 43 43 71
internal_value=-0.00113813 -0.00602386 0.00413467 0.00581847 0.000571493 0.00436477 -0.00197386 -0.0130639 0.00905555 -0.0110742 -0.00301755 -0.0171274 0.0080148 0.006752
internal_weight=26.45 13.655 12.795 12.2079 7.69333 4.51113 3.51809 1.66225 1.85584 9.14382 4.56566 4.57816 2.32667 6.42874
internal_count=1520 447 1073 937 573 145 131 61 70 302 149 153 115 424
is_linear=0
shrinkage=0.03


Tree=335
num_leaves=15
num_cat=0
split_feature=1 7 8 1 8 0 0 3 2 1 2 2 3 2
split_gain=0.58677 0.758186 0.370312 0.811851 0.651633 0.318583 0.70453 0.531802 0.463939 0.629854 0.338204 0.728367 0.292064 0.29016
threshold=13.839918136596681 0.320214981300529 1.7220740916525099 15.75525999069214 1.8775883196178309 18.7666130065918 17.875490188598636 16.064401626586918 18.308194160461429 8.6799950599670428 26.203649520874027 27.519779205322269 13.066060066223146 27.945035934448246
decision_type=2 2 2 2 2 2 2 2 2 2 2 2 2 2
left_child=1 5 3 -2 -4 6 7 8 12 -10 -7 -12 -1 -6
right_child=2 -3 4 -5 13 10 -8 -9 9 -11 11 -13 -14 -15
leaf_value=-0.011435380249701321 0.016888030117272568 0.0079328340105099902 -0.017796238173489264 -0.0067712177112577701 -0.0017594768719261518 -0.031350073848584327 0.010070504422173061 0.0026359513189744238 0.00455976691354394 -0.024633591370743058 0.011388982997001697 -0.017414046789310501 0.0052644553555228398 0.0088108834597374723
leaf_weight=0.56191990684601645 2.2456544133601706 1.5900631319964293 0.93891213415190478 1.4671440757811067 7.9662564790633024 0.41462129959836502 1.0487957820296285 1.8295923245605079 0.47137620528519653 2.7085235222766642 0.59142615972086765 0.64352666056947783 1.4268878530710933 2.1794167783227749
leaf_count=381 100 61 31 13 418 11 50 25 152 131 35 26 14 87
internal_value=-0.00295735 -0.00780815 0.00100266 0.00808588 -0.00184266 -0.0108897 -0.00681312 -0.0102861 -0.014546 -0.0202505 -0.0206993 -0.00469617 -0.00170132 0.00109796
internal_weight=26.0841 11.2867 14.7974 3.7128 11.0846 9.69667 8.0471 6.9983 5.16871 3.1799 1.64957 1.23495 1.98881 10.1457
internal_count=1535 886 649 113 536 825 753 703 678 283 72 61 395 505
is_linear=0
shrinkage=0.03


Tree=336
num_leaves=15
num_cat=0
split_feature=2 4 3 3 2 5 8 2 7 8 2 3 2 8
split_gain=0.687843 0.468002 0.681168 0.569601 0.489236 0.464136 0.605705 1.01902 1.0721 0.984846 0.433767 0.360154 0.338415 0.333391
threshold=25.788427352905277 36.977537155151374 16.543918609619144 16.024677276611332 23.726450920104984 225.43585968017581 2.272837553724194 26.203649520874027 -0.72374642351593466 0.91265505516689327 19.881338119506839 17.961747169494632 17.496645927429203 0.88119588333900012
decision_type=2 2 2 2 2 2 2 2 2 2 2 2 2 2
left_child=1 2 3 10 -3 11 7 -7 -9 -10 12 13 -1 -2
right_child=5 4 -4 -5 -6 6 -8 8 9 -11 -12 -13 -14 -15
leaf_value=-0.0092423138438607472 0.0038770503813517448 -0.0073355287836073509 -0.016456827842947473 0.015851610751322003 0.017607172359384568 -0.026087970603176698 0.0066883786201663489 -0.013629494680307577 -0.013269608261136857 0.015273972310621144 -0.0087246084828764003 -0.0031019108194461796 0.0079335785645328009 -0.025101719705898352
leaf_weight=0.42688086707494211 0.13595679402351324 0.32212410331703667 0.93167515844106752 1.3645415157079694 1.9490425100084392 0.96791230025701036 3.3260768091131467 2.4358765091747037 0.63557723117992404 2.9986646246397868 2.7508656505378895 1.9842156991362569 3.7145607199199731 1.4321296357084063
leaf_count=319 1 30 12 9 99 30 83 75 14 126 343 17 245 139
internal_value=-0.00213662 0.00316293 -0.000276451 0.00312986 0.0129085 -0.0064201 -0.00262771 -0.00731474 -0.00105475 0.00849589 -0.00107816 -0.0144769 0.0047099 -0.0220579
internal_weight=25.3761 11.4597 9.18852 8.25685 2.27117 13.9164 10.3641 7.03803 6.07012 3.63424 6.89231 3.5523 4.14144 1.56809
internal_count=1542 1057 928 916 129 485 328 245 215 140 907 157 564 140
is_linear=0
shrinkage=0.03


Tree=337
num_leaves=15
num_cat=0
split_feature=4 8 4 8 0 8 5 5 0 8 7 5 7 0
split_gain=0.58965 1.19173 0.639439 0.768579 0.49673 1.04267 1.00205 0.575476 0.996238 0.588992 0.684003 0.558171 0.51355 0.790927
threshold=33.672384262084968 1.3689495893238617 33.383050918579109 1.0288624698825137 18.7666130065918 1.33662678048117 241.38488769531253 234.37496185302737 19.814307212829593 2.8430144265406736 -0.478250392948601 260.43273925781256 -0.76668749490091115 20.439356803894047
decision_type=2 2 2 2 2 2 2 2 2 2 2 2 2 2
left_child=1 2 3 -1 5 11 7 8 -6 10 -9 -2 -10 -14
right_child=4 -3 -4 -5 6 -7 -8 9 12 -11 -12 -13 13 -15
leaf_value=-0.0070951143732183586 0.0075863808723993943 -0.024850211314741005 -0.015176423100977283 0.018860683423104225 -0.01961901959420622 0.015768666150558986 -0.022762433074018575 0.020413885244180079 0.0053554157476533217 -0.0087856007772529211 -0.0038082347080273162 -0.017150685275139497 0.0094075127448614519 -0.020793732762032183
leaf_weight=1.0334790681663468 0.65685646375641471 1.2308954348845871 0.33491645706817497 1.5339751860010435 1.2499776569311496 4.7363794250122737 0.58353936165804121 2.7609670629608445 8.4088053625891952 0.53925959236221377 1.0722881559049722 0.95674228167627007 0.56519127747741815 0.90827077795984223
leaf_count=146 32 80 44 77 31 368 21 134 276 61 45 153 14 64
internal_value=0.00100605 -0.00824675 0.00335834 0.00935253 0.0029896 0.00945107 3.54543e-05 0.00222064 -0.00154216 0.0103045 0.0142521 -0.00803104 0.00233706 -0.0100893
internal_weight=26.5715 4.13327 2.90237 2.56745 22.4383 6.34998 16.0883 15.5048 11.1322 4.37251 3.83326 1.6136 9.88227 1.47346
internal_count=1546 347 267 223 1199 553 646 625 385 240 179 185 354 78
is_linear=0
shrinkage=0.03


Tree=338
num_leaves=15
num_cat=0
split_feature=7 7 7 4 1 4 6 7 6 4 3 5 7 1
split_gain=0.994617 0.799743 0.8028 0.778173 0.682563 1.02072 0.646498 0.640382 0.750219 0.512774 0.406852 0.823619 0.334798 0.414299
threshold=-0.93602878778951892 -0.44255690569814082 -0.37051252927604988 39.347274780273445 13.457069396972658 37.984342575073249 8.0213117599487322 0.032273558532716934 8.1966772079467791 33.672384262084968 15.227270603179933 235.9809265136719 -0.042969107824024085 13.011304378509523
decision_type=2 2 2 2 2 2 2 2 2 2 2 2 2 2
left_child=3 4 -3 -1 5 -2 -4 9 -9 -8 11 -6 -11 -14
right_child=1 2 6 -5 10 -7 7 8 -10 12 -12 -13 13 -15
leaf_value=-0.022601406682500012 0.011281621990415226 -0.022206869503525094 -0.01599243713962812 0.0059874865557766246 -0.0078157901387955926 -0.020265198719019564 -0.0030342321527967913 -0.017537791252644829 0.009339506444731395 0.016700621376923543 0.014797357721203582 0.014601944231213151 0.0099194101660025902 -0.01214596960357322
leaf_weight=1.6590530803368921 0.86445038515376349 0.69977790972916665 0.87739413374219388 0.75368815031833936 2.420168390235629 0.9602002096362412 2.2799279264290799 1.4495000464085026 0.7199442833662032 3.2311346398200844 6.3937770257471129 1.620391193020623 0.58812757438863561 0.48538239672780037
leaf_count=198 97 41 196 9 139 25 28 250 7 173 158 143 55 6
internal_value=0.000631007 0.00279804 -0.00319859 -0.0145332 0.00771175 -0.00661668 0.000141364 0.00323221 -0.00848584 0.00770279 0.0105769 0.00228774 0.0128895 -0.0011035
internal_weight=25.0029 22.5902 10.3312 2.41274 12.259 1.82465 9.63141 8.75402 2.16944 6.58457 10.4343 4.04056 4.30464 1.07351
internal_count=1525 1318 756 207 562 122 715 519 257 262 440 282 234 61
is_linear=0
shrinkage=0.03


Tree=339
num_leaves=15
num_cat=0
split_feature=1 0 6 1 6 6 5 6 6 3 3 3 0 6
split_gain=0.946772 0.889836 0.936856 0.674438 1.21652 0.818484 0.663621 0.392087 0.382894 0.604828 0.32625 0.306161 0.287673 0.285509
threshold=13.624213695526125 15.267641544342043 8.0514039993286151 16.472542762756351 8.0338735580444354 8.0165042877197283 263.94094848632818 8.0242857933044451 8.0163154602050799 22.69757175445557 17.313705444335941 14.536777973175051 14.242908477783205 8.0642995834350604
decision_type=2 2 2 2 2 2 2 2 2 2 2 2 2 2
left_child=1 6 -3 5 8 -2 -1 -8 9 -5 -6 12 -9 -7
right_child=3 2 -4 4 10 13 7 11 -10 -11 -12 -13 -14 -15
leaf_value=0.016652483649213973 -0.013292353995793713 -0.024611826921991549 -0.0023615803500880812 -0.015013827513931433 -0.024555085510889814 0.013215692102600327 -0.015182049500572151 -0.0021233168418993433 0.012717929974437129 0.011736010098220761 4.4505203560655435e-05 -0.010163868277022533 0.01483787759531955 0.00074170301746443704
leaf_weight=0.95699870827957223 0.62874256423674424 2.7898514373518992 3.5235629083763342 0.77979672167566538 1.2551511798519639 6.7960112404543889 0.82489189784973893 1.3517087599320809 1.8815626014256848 0.39598605036735535 0.61363469436764706 0.36464056186377991 0.82587945682462294 2.2524553877301514
leaf_count=26 21 86 136 126 74 339 256 329 101 1 6 5 7 35
internal_value=-0.00137374 -0.00780629 -0.0142147 0.00351193 -0.00489263 0.00784776 0.00246276 -0.00445989 0.00648435 -0.00475151 -0.0192777 0.00232304 0.00695457 0.0104933
internal_weight=25.2409 10.6375 6.31341 14.6033 4.92613 9.67721 4.32412 3.36712 3.05735 1.17578 1.86879 2.54223 2.17759 9.04847
internal_count=1548 845 222 703 308 395 623 597 228 127 80 341 336 374
is_linear=0
shrinkage=0.03


Tree=340
num_leaves=15
num_cat=0
split_feature=7 0 5 7 6 5 8 0 0 5 3 8 0 0
split_gain=0.524176 0.615144 0.598864 0.556946 0.645963 0.544622 0.538274 0.718786 0.508514 0.616288 0.500589 0.86533 0.422996 0.667867
threshold=-0.44255690569814082 18.842317581176761 254.26270294189456 -0.93602878778951892 8.0600395202636737 233.35565948486331 1.195531609593196 17.228413581848148 22.193042755126957 220.42852020263675 15.065034389495851 1.3475136826223062 17.875490188598636 19.5418815612793
decision_type=2 2 2 2 2 2 2 2 2 2 2 2 2 2
left_child=3 2 -2 8 10 -6 -4 -8 -1 -10 12 -12 -5 -14
right_child=1 -3 6 4 5 -7 7 -9 9 -11 11 -13 13 -15
leaf_value=-0.018117515916345969 0.012902878775888802 -0.020695691961687603 -0.014316932892579886 -0.014994227196964648 -0.012121900668425157 0.00674971775218696 -0.0051892144590811795 0.015777559743498551 -0.012806969689770251 0.012334714496366115 -0.005909139370897834 0.02020534369613327 0.015814962872543508 -0.0048440358323242243
leaf_weight=1.1326577471627381 0.92875007895054196 1.1972269805846725 2.7839412329049065 0.24363446087227369 2.2984503639163445 1.5216298531740902 4.7185660175455268 0.98165426647756238 0.5083429692313074 1.1463809173728803 1.0040788310579953 3.7419847511337139 1.495933448604774 2.4568277697544545
leaf_count=110 49 67 341 90 28 50 302 12 45 53 43 128 92 141
internal_value=-0.00145664 -0.00630228 -0.00265989 0.0020307 0.0047294 -0.00476407 -0.00554436 0.000237425 -0.00831201 0.00269621 0.00885614 0.0146137 0.000785306 0.00458897
internal_weight=26.1601 10.6101 9.41291 15.5499 12.7625 3.82008 8.48416 5.70022 2.78738 1.65472 8.94246 4.74606 4.1964 3.95276
internal_count=1551 771 704 780 572 78 655 314 208 98 494 171 323 233
is_linear=0
shrinkage=0.03


Tree=341
num_leaves=15
num_cat=0
split_feature=8 2 4 7 7 4 1 1 3 2 8 3 1 8
split_gain=0.627145 0.507074 0.873857 0.853785 0.745765 0.646736 0.98757 0.559098 0.52447 0.705362 0.528164 0.438285 0.324047 0.299527
threshold=2.8925652622144127 27.081704139709476 38.237934112548835 -0.70295380645493899 -0.50012370070945877 35.518205642700202 11.155070781707765 16.494662284851078 14.104630947113039 18.308194160461429 1.3689495893238617 15.46491861343384 9.8798122406005877 1.9365449016937606
decision_type=2 2 2 2 2 2 2 2 2 2 2 2 2 2
left_child=1 5 3 -3 -5 6 8 13 9 10 -1 -2 -12 -7
right_child=11 2 -4 4 -6 7 -8 -9 -10 -11 12 -13 -14 -15
leaf_value=-0.010092087551091741 -0.018792754832583067 -0.019689074189248999 0.0072342037332452386 0.014895862532814951 -0.011103633088090188 0.020437538692612129 -0.013016012801526245 -0.0034134063209202287 0.013286260351689496 -0.017169091369102246 -0.0052892783990504521 0.0065316323441825686 0.018021163962548267 0.0055269260452181909
leaf_weight=0.40145266157925119 1.2586554889567185 2.6861674748361111 3.1425428120419383 1.0925697499187665 0.9315310858655711 2.9482371020130804 2.722000066540204 1.5825790408998726 2.9748284481465816 0.79926944198086847 0.21332725041429501 0.27956558763980854 1.2420591040281577 3.2306094891391695
leaf_count=200 483 48 36 65 24 176 32 15 25 209 169 2 14 62
internal_value=0.000814977 0.00223053 -0.00371471 -0.0110071 0.00321538 0.00517551 -0.000714589 0.0108726 0.00629807 -0.00302193 0.0069459 -0.0134302 0.0138418 0.0144974
internal_weight=25.5054 23.9672 7.85281 4.71027 2.0241 16.1144 8.35294 7.76143 5.63094 2.65611 1.85684 1.53822 1.45539 6.17885
internal_count=1560 1075 173 137 89 902 649 253 617 592 383 485 183 238
is_linear=0
shrinkage=0.03


Tree=342
num_leaves=15
num_cat=0
split_feature=3 3 6 1 2 3 2 6 6 0 0 2 4 3
split_gain=0.47095 0.502768 0.506771 0.822605 0.681364 0.662277 0.647109 0.582348 0.546194 0.317743 0.634289 0.699986 0.696536 0.700216
threshold=22.69757175445557 20.384386062622074 8.026090621948244 15.75525999069214 26.61718845367432 14.903959274291994 24.469734191894535 8.0862870216369647 8.0165042877197283 19.501204490661625 19.048085212707523 25.754734992980961 35.374334335327156 13.785173416137697
decision_type=2 2 2 2 2 2 2 2 2 2 2 2 2 2
left_child=1 2 3 8 9 -6 -5 -7 -1 10 11 12 -4 -14
right_child=-2 -3 4 6 5 7 -8 -9 -10 -11 -12 -13 13 -15
leaf_value=-0.0088769836462720027 0.013047270252143568 -0.01771822937608113 -0.010284046234361792 0.0071981989121302171 -0.010199080987034757 0.014160160065001247 -0.020148357771297913 -0.0047900390968895132 0.012003830810348547 -0.017367436553735221 0.0082598350788737809 -0.02465400791857001 -0.009418825844651979 0.016979465646311011
leaf_weight=0.60350353870308993 0.78857144713401695 0.93107048282399674 3.4615639773837774 0.62436460965545826 1.5888039393757925 3.2464371175738052 0.97787821743986569 1.6107017667964099 5.6645319501985796 2.2279430852504438 1.6609343179734422 0.96416439040331159 0.64329458767315406 1.4317026548087595
leaf_count=95 3 11 337 61 78 72 151 17 310 76 74 22 144 78
internal_value=-0.00199191 -0.00292696 -0.00170195 0.00423968 -0.00456152 0.00285007 -0.0108209 0.00813108 0.00904861 -0.00900633 -0.00507741 -0.00913196 -0.0030707 0.00839386
internal_weight=26.4255 25.6369 24.7058 7.87028 16.8355 6.44594 1.60224 4.85714 6.26804 10.3896 8.16166 6.50073 5.53656 2.075
internal_count=1529 1526 1515 617 898 167 212 89 405 731 655 581 559 222
is_linear=0
shrinkage=0.03


Tree=343
num_leaves=15
num_cat=0
split_feature=2 2 1 2 8 3 7 8 0 4 2 0 0 1
split_gain=0.584828 0.778402 0.744864 0.736071 0.839676 0.813196 0.638118 0.519747 0.404496 0.392129 0.39132 0.372899 0.471615 0.487881
threshold=24.505477905273441 22.658034324646 11.155070781707765 26.382439613342289 1.3475136826223062 14.903959274291994 -0.93602878778951892 1.328653548251632 14.133542537689211 35.374334335327156 27.888125419616703 18.7666130065918 18.998286247253422 14.05569648742676
decision_type=2 2 2 2 2 2 2 2 2 2 2 2 2 2
left_child=1 2 8 11 10 -6 -7 -3 -1 -4 -5 -2 -13 -14
right_child=3 7 9 4 5 6 -8 -9 -10 -11 -12 12 13 -15
leaf_value=-0.0068109359504086959 0.0024352548697983921 -0.0065916319936917354 -0.019579506272671753 -0.00037497731997565667 -0.005521798866988413 -0.0060276230315314174 0.01548288590770263 0.019786609311532928 0.0098207970907556435 0.0016497197695845105 -0.020960522744644005 -0.030753757305326264 0.0099277051413377785 -0.011454241020082667
leaf_weight=0.96680851405835877 1.000134000671095 0.30698142340406809 1.033498052536743 1.6011020089499646 3.1236728576768638 0.98796235769987095 5.0450751901953481 2.9972350722528063 4.3044057246297598 1.0403986991150302 0.81594173773191858 0.42083227145485613 0.48441359982825849 2.3129891581775155
leaf_count=573 49 21 20 37 186 10 121 135 36 140 24 13 36 161
internal_value=0.00111122 0.00624289 0.000269485 -0.00251499 0.00157503 0.00579345 0.0116042 0.0163738 0.00617068 -0.0118575 -0.0114246 -0.011888 -0.0158613 -0.00611232
internal_weight=26.4415 10.6493 7.34511 15.7921 11.5738 9.15671 6.03304 3.30422 5.27121 2.0739 2.41704 4.21837 3.21824 2.7974
internal_count=1562 925 769 637 378 317 131 156 609 160 61 259 210 197
is_linear=0
shrinkage=0.03


Tree=344
num_leaves=15
num_cat=0
split_feature=0 7 4 4 1 8 4 1 6 0 0 2 0 0
split_gain=0.290472 1.25266 0.970827 0.567751 0.661183 0.602867 0.516905 1.06126 0.886279 0.46182 0.373384 0.322282 0.522815 0.318627
threshold=18.7666130065918 -0.44255690569814082 37.15100288391114 35.374334335327156 11.155070781707765 0.78202887872996796 38.136690139770515 14.906283855438234 8.0862870216369647 14.133542537689211 19.356113433837894 26.382439613342289 21.598626136779789 22.495186805725101
decision_type=2 2 2 2 2 2 2 2 2 2 2 2 2 2
left_child=3 2 10 4 5 -1 7 8 -4 -7 -2 -8 -13 -14
right_child=1 -3 6 -5 -6 9 11 -9 -10 -11 -12 12 13 -15
leaf_value=-0.012513148665697341 -0.0059688547942283506 -0.022520371776426858 0.014470287544337296 0.014870812642457751 -0.011222235507164058 -0.0063302258840103719 -0.0063115396027600516 -0.020558540108140903 -0.014360248832845724 0.011749315406359524 0.015924516090627699 0.013400401941352452 -0.0098366402832603603 0.0060384142038761987
leaf_weight=0.58698342146817761 0.30284473672509493 1.2608853359706689 1.580404616252052 2.3602426393481428 2.1650289469689596 0.92998925811843935 2.0055710121523589 2.3878175119752996 0.57842021994292725 5.0110687303822488 3.2529485725972336 2.5496431169158313 1.5334841187577697 1.172482071619015
leaf_count=131 26 63 129 230 28 435 33 48 6 56 252 57 27 21
internal_value=0.000831771 -0.00165383 0.00133027 0.00439724 0.000312782 0.00512092 -0.00298112 -0.00991156 0.00464498 0.00841495 0.013159 0.00203291 0.00571711 -0.00318476
internal_weight=27.6778 16.6245 15.3636 11.0533 8.69307 6.52804 11.8078 4.54664 2.15882 5.94106 3.55579 7.26118 5.25561 2.70597
internal_count=1542 662 599 880 650 622 321 183 135 491 278 138 105 48
is_linear=0
shrinkage=0.03


Tree=345
num_leaves=15
num_cat=0
split_feature=7 1 3 2 2 7 0 8 2 0 3 7 7 8
split_gain=0.389578 0.64326 0.753012 0.724878 0.881173 0.58271 0.565121 0.79008 0.526521 0.503622 0.641884 0.483287 0.492234 0.449246
threshold=-0.75342913436422265 12.431427955627443 16.566885948181156 26.203649520874027 27.100527763366703 -0.97091782375839342 14.448084354400637 1.3598715450933121 26.22152137756348 18.7666130065918 14.021656036376955 -0.61397033755775821 -0.50012370070945877 1.4900460912726832
decision_type=2 2 2 2 2 2 2 2 2 2 2 2 2 2
left_child=5 2 6 9 -5 8 7 -2 -1 13 -11 -6 -13 -3
right_child=1 3 -4 4 11 -7 -8 -9 -10 10 -12 12 -14 -15
leaf_value=0.0054616552031649147 -0.01652476679550318 -0.014050324255325472 -0.013826443890454414 0.014616480643694486 -0.016216706362393658 0.0085229129509409671 0.014223809729091519 0.0074961158346755373 -0.017072876748067796 0.0030069728555421147 -0.030110176686082433 0.014336060582012757 -0.0086087797022941191 0.0049931514869151466
leaf_weight=1.0973870058078321 0.95517490581551401 0.99628896173089598 0.92365246452391137 1.5552581959927918 1.4939607682172207 7.1968268996279239 3.5127328889502678 2.3615075349516701 0.94380736516905006 0.45743896649219085 1.4310783685650674 0.67757271253503837 0.76185923282173507 1.7040560719033235
leaf_count=129 383 25 13 69 54 200 71 210 70 67 30 48 28 140
internal_value=3.81622e-05 -0.00264134 0.00348226 -0.00769804 0.00105443 0.00470107 0.00729016 -0.00164723 -0.00714561 -0.0149162 -0.0238246 -0.00802399 0.00364115 -0.00393119
internal_weight=26.0686 16.8306 7.75307 9.07751 4.48865 9.23802 6.82942 3.31668 2.04119 4.58886 1.88852 2.93339 1.43943 2.70035
internal_count=1537 1138 677 461 199 399 664 593 199 262 97 130 76 165
is_linear=0
shrinkage=0.03


Tree=346
num_leaves=15
num_cat=0
split_feature=7 6 1 6 1 1 4 4 0 6 2 0 7 0
split_gain=0.395306 0.356163 0.417411 0.987871 0.530301 0.43108 0.559988 1.14814 0.472309 0.783125 0.464569 0.33094 0.31973 0.656119
threshold=0.0090590638845139734 8.0977010726928729 13.344200134277346 8.0213117599487322 13.624213695526125 14.738187789916994 37.15100288391114 38.237934112548835 19.620876312255863 8.046976566314699 26.685159683227543 14.133542537689211 -0.50012370070945877 18.741886138916019
decision_type=2 2 2 2 2 2 2 2 2 2 2 2 2 2
left_child=1 2 3 -1 -4 8 12 -8 9 -6 -9 -5 -7 -14
right_child=-2 -3 4 11 5 6 7 10 -10 -11 -12 -13 13 -15
leaf_value=-0.014010215540912389 -0.0093726378386076482 -0.01086747638728525 -0.014921181283104474 -0.0031983017191835644 0.011896482308885082 0.01073819382719826 -0.018632097776866034 -0.0079240672663216105 0.015319749244433674 -0.015604149265171733 0.0084405479990517125 0.014852111587714595 0.01120374563092578 -0.016053218465833879
leaf_weight=0.68224636082596646 2.5025714142102506 1.0047286723274726 0.98551203019451605 0.70568965494749125 0.86992298881523555 2.958942242403293 2.7724595302133821 1.4940805910155175 2.4061465715640225 0.88407419482246041 3.3755171723896638 5.1008792578068096 0.56519546743946703 0.68518561054952443
leaf_count=108 361 38 42 156 73 287 56 17 128 43 65 141 14 41
internal_value=8.03243e-05 0.00137607 0.00232229 0.00822386 -0.000262476 0.00146385 -0.00156598 -0.00614672 0.00872601 -0.00259763 0.00292499 0.0125108 0.00633389 -0.00422888
internal_weight=26.9932 24.4906 23.4859 6.48882 16.997 16.0115 11.8514 7.64206 4.16014 1.754 4.8696 5.80657 4.20932 1.25038
internal_count=1570 1209 1171 405 766 724 480 138 244 116 82 297 342 55
is_linear=0
shrinkage=0.03


Tree=347
num_leaves=15
num_cat=0
split_feature=4 4 1 8 2 1 4 3 8 3 8 2 1 3
split_gain=0.54341 0.870656 0.610691 0.631426 0.567476 0.486051 0.499906 0.469816 0.678447 0.444823 0.537656 0.41605 0.343754 0.326574
threshold=36.611444473266609 37.984342575073249 13.485708236694338 2.2309783467139472 26.23016452789307 14.738187789916994 37.15100288391114 15.515195369720461 1.4828291437063668 13.945298671722414 1.195531609593196 17.938968658447269 9.8798122406005877 15.46491861343384
decision_type=2 2 2 2 2 2 2 2 2 2 2 2 2 2
left_child=7 5 -3 -4 -5 -2 -7 9 -9 11 -11 12 -1 -6
right_child=1 2 3 4 13 6 -8 8 -10 10 -12 -13 -14 -15
leaf_value=-0.0085507397569179258 0.019939596362537209 -0.017210418087000405 0.0093259516330101849 0.0079485140532802659 -0.017927131918981286 0.01132261736299831 -0.0074456365736008329 0.0010482838594136656 -0.020781112941695604 -0.0054189143531973493 0.014177777113913957 -0.013507422523234584 0.011654958609768411 0.0016271702662754004
leaf_weight=0.36957469090703143 2.2678879323066194 1.053868875140324 3.3412307277321815 0.96209582872688804 1.7359438425628471 1.6053273472934964 1.5614796265726907 2.0184227647259831 2.1214971612207592 1.4480821755714717 2.0269828317686915 1.9153993630170587 0.88235206506215036 0.85371250100433815
leaf_count=331 180 27 103 18 67 111 38 22 29 21 29 516 38 8
internal_value=-0.000433778 0.00349686 -0.00282752 0.00127335 -0.00668656 0.0117469 0.00250246 -0.00519472 -0.0120049 6.51979e-05 0.00662559 -0.00699529 0.00454183 -0.0128233
internal_weight=24.1639 13.3815 7.94685 6.89298 3.55175 5.43469 3.16681 10.7823 4.13992 6.64239 3.47507 3.16733 1.25193 2.58966
internal_count=1538 552 223 196 93 329 149 986 51 935 50 885 369 75
is_linear=0
shrinkage=0.03


Tree=348
num_leaves=15
num_cat=0
split_feature=2 2 4 7 6 8 7 7 6 2 0 7 0 6
split_gain=0.668412 0.695323 0.674334 0.447363 0.402216 0.344943 0.615161 0.284225 1.2379 0.642723 0.802548 0.553668 0.773243 0.85285
threshold=27.945035934448246 29.291781425476078 29.528387069702152 0.38640753904084252 8.0165042877197283 0.82260384972484102 -0.042969107824024085 -0.83675434338598031 8.0509853363037127 26.203649520874027 19.999267578125004 -0.63377480752663429 18.7666130065918 8.0266852378845233
decision_type=2 2 2 2 2 2 2 2 2 2 2 2 2 2
left_child=3 4 -3 5 -2 6 -1 8 -7 11 -11 -9 -13 -14
right_child=1 2 -4 -5 -6 7 -8 9 -10 10 -12 12 13 -15
leaf_value=0.014945373001344844 -0.0038714313907157244 0.010931230673731153 -0.017810928563676751 0.0085027148942819625 0.01773112999481645 -0.025827655801116494 -0.01079442626659418 0.0052961417138018213 0.0039669239100156243 0.011901134754792595 -0.0088191635104668507 -0.0060278293875687698 0.0048009297891780239 -0.036179587985778409
leaf_weight=0.96435246818873566 0.60207663843175341 0.37458524107933022 0.85207756745512597 1.1557579101936415 2.3957266662037 2.0312019761186195 0.5407693835877676 1.4253703208814918 1.7450201887404544 2.9370440206257618 2.009399405127624 6.8222964946180404 0.32528017426375277 0.87875767302466556
leaf_count=45 21 1 57 41 75 198 100 100 26 111 80 634 14 54
internal_value=-0.00291249 0.00689954 -0.00806647 -0.0051268 0.0135094 -0.00629971 0.0050801 -0.00745793 -0.0141115 -0.00490978 0.00341631 -0.00917711 -0.0120494 -0.0279533
internal_weight=25.0597 4.22447 1.22666 20.8353 2.9978 19.6795 1.50512 18.1744 3.77622 14.3981 4.94644 9.4517 8.02633 1.20404
internal_count=1557 154 58 1403 96 1362 145 1217 224 993 191 802 702 68
is_linear=0
shrinkage=0.03


Tree=349
num_leaves=15
num_cat=0
split_feature=4 4 8 4 5 5 8 0 8 1 2 5 8 8
split_gain=0.383951 0.38951 0.479398 0.868914 0.930803 0.636949 1.25099 0.693688 0.514085 0.407079 0.972486 0.4064 0.48816 0.37315
threshold=38.882535934448249 37.91930007934571 1.405733192482771 33.941772460937507 230.793327331543 258.14437866210943 1.0288624698825137 14.448084354400637 1.4900460912726832 13.624213695526125 25.788427352905277 236.59407043457034 1.7220740916525099 1.3689495893238617
decision_type=2 2 2 2 2 2 2 2 2 2 2 2 2 2
left_child=1 2 5 -4 -5 -1 -7 13 -6 10 -3 12 -11 -8
right_child=-2 9 3 4 8 6 7 -9 -10 11 -12 -13 -14 -15
leaf_value=0.01579028651884528 0.0080970932740144046 0.0041310441592590638 -0.02213113861512513 -0.019525694103499778 -0.010764177514881337 -0.019789728284245269 -0.014574870998288721 0.01680751671934869 0.0072458265580668197 0.0061365040922791584 -0.028784855899304931 0.0088245069222434164 -0.012575567090927019 0.0065949040037379227
leaf_weight=2.182175357709645 2.2392483858857295 0.95895707909949068 1.0022840500168957 0.81717670714715307 0.83313834425644007 1.1726817724556893 0.68713767480221599 1.9094383362680671 6.5281522030709311 1.1507690446451309 1.0847220735158769 1.1400827763136474 2.7701180527801625 0.56367320689605549
leaf_count=76 42 43 95 161 31 239 172 13 477 22 18 67 54 16
internal_value=-0.00169436 -0.00295579 -0.000186 -0.00441804 -7.25805e-05 0.00557192 -0.00157022 0.00832231 0.00416389 -0.00829695 -0.017057 -0.00252897 -0.00695264 -0.00634329
internal_weight=25.0398 22.8005 15.6959 9.18075 8.17847 6.51511 4.33293 3.16025 7.36129 7.10465 2.04368 5.06097 3.92089 1.25081
internal_count=1526 1484 1280 764 669 516 440 201 508 204 61 143 76 188
is_linear=0
shrinkage=0.03


Tree=350
num_leaves=15
num_cat=0
split_feature=3 2 8 2 7 8 8 8 3 0 2 2 6 7
split_gain=0.412317 0.600182 0.917355 0.578891 0.505815 0.507234 0.693499 2.02057 0.539979 0.558086 0.51682 0.422484 0.332291 0.450581
threshold=14.104630947113039 23.676937103271488 2.8925652622144127 25.887086868286136 -0.95761609581481444 0.43726431928606252 1.6736990558919886 1.7991250186756378 16.543918609619144 19.584697723388675 27.035266876220707 17.716012954711918 8.0365109443664569 0.320214981300529
decision_type=2 2 2 2 2 2 2 2 2 2 2 2 2 2
left_child=1 11 3 -3 -2 -6 12 -8 9 -9 -11 -1 -7 -14
right_child=4 2 -4 -5 5 6 7 8 -10 10 -12 -13 13 -15
leaf_value=0.0011035433183083916 -0.01228373051891027 0.019009014717490329 -0.016183812749858778 -0.0032449808903455141 -0.01235293273037521 0.014964143297487881 -0.023296731924446111 0.01372174737246123 0.016522961568813284 -0.014790000197073621 0.0032741303600542105 -0.022382397862918936 -0.003496444133974333 0.014359537076523113
leaf_weight=0.82237215562782084 1.2351029329001928 1.2866508921142674 0.90368511993437994 1.4905754565261302 0.86045770533383148 4.3090225785272214 1.8235545569332297 0.99788699997588981 1.9171751299872992 1.5280923359096048 2.6201942610787228 1.539762054395396 3.0503196911886339 0.89281920716166485
leaf_count=341 16 27 321 29 21 101 48 48 27 17 45 415 107 6
internal_value=-0.000910854 -0.00713593 0.000977636 0.00936801 0.00130092 0.00283054 0.00423181 -0.00158818 0.00621049 0.000305394 -0.00496039 -0.0163096 0.00999369 0.00263361
internal_weight=25.2777 6.04305 3.68091 2.77723 19.2346 17.9995 17.1391 8.8869 7.06335 5.14617 4.14829 2.36213 8.25216 3.94314
internal_count=1569 1133 377 56 436 420 399 185 137 110 62 756 214 113
is_linear=0
shrinkage=0.03


Tree=351
num_leaves=15
num_cat=0
split_feature=3 4 5 6 6 1 4 5 4 4 7 3 3 5
split_gain=0.279328 0.74782 0.897606 0.803261 0.539876 1.12978 0.512095 0.590439 0.562907 0.430669 0.632939 0.413325 0.403757 0.375687
threshold=16.348674774169925 38.426225662231452 229.87637329101565 8.0324568748474139 8.0553226470947283 12.630872249603273 37.934787750244148 225.43585968017581 37.15100288391114 33.672384262084968 0.38640753904084252 16.173662185668949 17.685867309570316 255.32027435302737
decision_type=2 2 2 2 2 2 2 2 2 2 2 2 2 2
left_child=4 2 -2 -4 6 -6 8 -8 9 10 11 -1 -5 -11
right_child=1 -3 3 12 5 -7 7 -9 -10 13 -12 -13 -14 -15
leaf_value=-0.022166875870014726 -0.018087309790333992 0.015049903859921512 0.01617246037674841 0.0041078646122979182 0.010766720185740274 -0.019285529231903228 -0.0095552883499847013 0.01317240397536258 -0.015415052050061148 0.012053068504997285 0.0088944307376653473 0.0027074293060106564 -0.016321973850178875 -0.0018656239997203875
leaf_weight=1.1339575755846509 1.3375142123550166 2.0491455858573318 1.6384460608242082 1.094839150086045 0.8232998391904397 3.0645713852136396 0.58859726219088715 2.9576848698779941 1.8124797675991429 2.1944801079225726 0.62388922265381541 0.56254172325134266 0.77137458370998491 3.3498564031324349
leaf_count=250 15 31 62 40 125 90 39 91 96 333 15 2 17 339
internal_value=-0.00149689 0.00329136 -0.00340904 0.00496445 -0.00350053 -0.0120209 -0.000326421 0.00812812 -0.00389574 0.000198422 -0.00862222 -0.0159736 -0.00708496 0.00464342
internal_weight=24.0027 6.89132 4.84217 3.50466 17.1114 3.88787 13.2235 3.54628 9.6772 7.86473 2.32039 1.6965 1.86621 5.54434
internal_count=1545 165 134 119 1380 215 1165 130 1035 939 267 252 57 672
is_linear=0
shrinkage=0.03


Tree=352
num_leaves=15
num_cat=0
split_feature=4 6 4 5 1 7 7 1 5 4 7 8 7 8
split_gain=1.06456 0.37151 0.632672 1.17455 0.685235 0.604226 0.821144 0.792764 0.701351 0.666261 0.665414 0.525714 0.455037 0.423586
threshold=38.882535934448249 8.0238070487976092 37.15100288391114 263.94094848632818 15.180657386779787 -0.83675434338598031 -0.77137529605205468 14.126596927642824 254.26270294189456 35.98231506347657 0.320214981300529 1.5518149710095581 -0.85274598216868391 2.0812038414772887
decision_type=2 2 2 2 2 2 2 2 2 2 2 2 2 2
left_child=1 2 3 -1 12 -3 -7 8 13 -9 11 -10 -4 -8
right_child=-2 5 4 -5 -6 6 7 9 10 -11 -12 -13 -14 -15
leaf_value=0.012847451047733931 0.012777550814949279 -0.022344539369634507 0.013811596602575603 -0.014892286414099846 -0.020755416048538478 0.012907954566954271 0.011295033881230647 0.001357998008135522 -0.020799828876141228 -0.025716650261246355 0.0060255695388113538 0.0019685215242443549 -0.0082666047367148197 -0.0061358163060540047
leaf_weight=4.1727545073372374 2.5077389642829067 1.2763924551254628 0.71746113849803805 0.94883354593184766 1.1393593369866719 1.1484755316632824 2.927147976239203 0.99555439950199742 2.3673255212488589 1.9759644860750993 1.3071877506736198 1.0312975647393612 0.72960005409549944 1.0881703266350085
leaf_count=209 47 72 11 242 43 76 189 37 244 94 48 140 36 63
internal_value=-0.00277401 -0.00504238 0.000281785 0.0061151 -0.00975355 -0.00777567 -0.00481781 -0.00743866 -0.00211852 -0.0185878 -0.00913788 -0.015014 0.00385073 0.00628966
internal_weight=24.3333 21.8255 7.70801 5.12159 2.58642 14.1175 12.8411 11.6926 8.72113 2.97152 4.70581 3.39862 1.44706 4.01532
internal_count=1551 1504 541 451 90 963 891 815 684 131 432 384 47 252
is_linear=0
shrinkage=0.03


Tree=353
num_leaves=15
num_cat=0
split_feature=6 6 8 6 8 2 7 4 6 2 6 3 6 8
split_gain=0.414953 0.42166 0.760646 0.730707 0.522708 0.48335 0.910134 0.584398 0.422361 0.395639 0.394043 0.393728 0.383528 0.374711
threshold=8.0853395462036151 8.0355548858642596 1.3029414011758478 8.0300655364990252 2.7211913247447574 18.308194160461429 -0.28477459805095845 37.177669525146491 8.0558943748474139 22.813458442687992 8.0625395774841326 13.945298671722414 8.0423593521118182 1.7220740916525099
decision_type=2 2 2 2 2 2 2 2 2 2 2 2 2 2
left_child=1 3 12 5 8 -1 7 9 -4 -7 -10 -6 -3 -9
right_child=-2 2 4 -5 11 6 -8 13 10 -11 -12 -13 -14 -15
leaf_value=0.010449988399727526 0.0090852923422809241 -0.008251936955263656 -0.020456872155802313 0.013879507462892064 -0.0094697007693556653 -0.0085838156241193359 -0.017949927130519391 0.0047176187176351586 0.010328930975261058 0.011824602155811045 -0.0095498623136278209 0.0099035373677693952 0.01240254263556757 -0.012883958038056195
leaf_weight=1.278411109931773 2.4885654499230432 0.36355493796872762 3.3125857826671563 2.2823764106724402 0.69715756218647573 0.30784960777964565 2.2581797386665103 1.0550990618066864 0.5478141932399011 3.218537024280522 1.1676440130104309 1.1633310876786707 1.6400178451731333 2.0087318050209433
leaf_count=209 76 21 145 123 194 28 163 59 46 212 37 14 113 83
internal_value=-0.000561793 -0.00204568 -0.00668123 0.00152657 -0.0111025 -0.00225471 -0.00496498 0.00126307 -0.0154172 0.00854019 -0.00173578 0.00187138 0.00715513 -0.00715315
internal_weight=23.7899 21.3013 8.89211 12.4092 6.88853 10.1268 8.8484 6.59022 5.02804 3.52639 1.71546 1.86049 2.00357 3.06383
internal_count=1523 1447 570 877 436 754 545 382 228 240 83 208 134 142
is_linear=0
shrinkage=0.03


Tree=354
num_leaves=15
num_cat=0
split_feature=8 4 3 8 4 4 8 4 4 4 3 6 3 1
split_gain=1.04343 0.62351 0.72147 0.638958 0.581151 0.440563 0.580009 0.898718 0.797649 0.638235 0.408558 0.390323 0.379601 0.445897
threshold=1.8705135971439584 38.237934112548835 16.566885948181156 1.4170302357415652 32.337776184082038 37.984342575073249 1.33662678048117 33.383050918579109 33.672384262084968 35.664554595947273 16.566885948181156 8.0625395774841326 9.8885154724121112 16.256471633911136
decision_type=2 2 2 2 2 2 2 2 2 2 2 2 2 2
left_child=1 2 5 4 -4 6 7 -1 -8 -9 12 -6 -2 -14
right_child=10 -3 3 -5 11 -7 8 9 -10 -11 -12 -13 13 -15
leaf_value=0.010590729799759559 0.0049532430851069904 0.018544546684153628 0.015783650830663798 -0.017322565237773188 0.0056796790880291716 -0.0094075142700626134 -0.0053378088186096431 -0.021525782469522494 0.020004140662040874 0.0079733103644093299 0.0066548942015642884 -0.014881503237961816 -0.0052553334995102379 -0.021908950373370914
leaf_weight=2.0369087318831594 1.154765951767329 2.0237162234261623 0.78795804083347309 1.5171085901674812 0.78284976771101333 0.47004315815866071 0.97537711169570673 1.0655665909580418 4.0243257735855877 0.35336064780130971 1.2770048740785558 0.83741784654557705 6.5531120279920287 1.3390444871911311
leaf_count=199 416 43 4 52 46 33 49 201 217 24 21 9 169 55
internal_value=0.00125902 0.00617956 0.00303408 -0.0066188 0.00322836 0.00751841 0.00935473 -0.000338678 0.0149946 -0.0139203 -0.00575011 -0.0065709 -0.00798922 -0.010227
internal_weight=25.1986 14.8746 12.8509 3.92533 2.40823 8.92558 8.45554 3.45584 4.9997 1.41893 10.3239 1.62027 9.04692 7.89216
internal_count=1538 877 834 111 59 723 690 424 266 225 661 55 640 224
is_linear=0
shrinkage=0.03


Tree=355
num_leaves=15
num_cat=0
split_feature=7 5 5 0 2 8 7 0 3 3 3 5 2 6
split_gain=0.537947 0.708527 1.19371 0.864276 0.686017 0.598586 0.506368 1.26214 0.448905 0.557656 0.526955 0.446527 0.430749 0.378102
threshold=-0.75342913436422265 233.35565948486331 237.88254547119143 18.7666130065918 26.203649520874027 1.195531609593196 -0.83675434338598031 20.648555755615238 13.785173416137697 13.299135684967043 16.173662185668949 254.61253356933597 26.470845222473148 8.0191164016723651
decision_type=2 2 2 2 2 2 2 2 2 2 2 2 2 2
left_child=6 12 -3 5 -5 11 7 -1 9 -7 -10 -4 -2 -13
right_child=1 2 3 4 -6 8 -8 -9 10 -11 -12 13 -14 -15
leaf_value=-0.019206781718540566 0.0010659203151515467 0.017198360062252276 0.0082918318363174072 -0.028028450219749472 0.00058347491469172271 0.0057275890751249878 0.012972288589236772 0.007116421083148511 0.017023531010879268 -0.016288715016459506 -0.0044091638125754928 0.0045207802534555615 -0.023480535831376756 -0.017608677888132588
leaf_weight=1.3480030199862083 0.76493579670204725 1.6257644717697974 0.36505523393861805 1.1794492477783927 1.0921669607050715 1.6884597572934583 2.8352077455783746 4.4439310904999729 2.3646332446951424 0.74578128725988779 0.99312028195708979 0.44606540852692012 1.399647620070027 2.1374852380540688
leaf_count=74 26 139 23 45 30 380 122 192 69 15 19 73 58 250
internal_value=-0.00113446 -0.00449989 -0.00122056 -0.00514517 -0.0182986 -0.000199065 0.00450758 -0.000935856 0.00521965 -0.00379651 0.0111273 -0.00946937 -0.0172104 -0.0135926
internal_weight=23.4297 14.8026 12.638 11.0122 2.27162 8.7406 8.62714 5.79193 5.79199 2.43424 3.35775 2.94861 2.16458 2.58355
internal_count=1515 1127 1043 904 75 829 388 266 483 395 88 346 84 323
is_linear=0
shrinkage=0.03


Tree=356
num_leaves=15
num_cat=0
split_feature=6 6 8 6 7 6 8 2 6 6 1 6 6 6
split_gain=0.400334 0.49732 0.539609 0.699129 0.700169 0.540989 0.452381 0.425931 0.447814 0.435356 0.419159 0.408624 0.445266 0.404238
threshold=8.0448503494262713 8.0300655364990252 1.5883251422662321 8.0166625976562518 -0.93602878778951892 8.0191164016723651 1.6841892653360231 28.003631591796879 8.0514039993286151 8.0862870216369647 14.42799758911133 8.0355548858642596 8.0443000793457049 8.0533647537231463
decision_type=2 2 2 2 2 2 2 2 2 2 2 2 2 2
left_child=1 2 5 6 -5 -1 -4 8 -2 10 -10 -3 -13 -12
right_child=7 11 3 4 -6 -7 -8 -9 9 -11 13 12 -14 -15
leaf_value=0.0026076545211404034 -0.019998937255146336 0.01338447851230095 0.0071406164511876149 -0.0090970555885722011 0.013791736533906898 -0.016587656146435918 -0.018688979097816319 0.0077574837517987204 0.011138109009648043 -0.012575542653604888 0.0073242460839271504 -0.0092647983273853717 0.010209631816270754 -0.010856093399802346
leaf_weight=1.631609752104852 1.8284955101553313 2.5787665152747641 0.2721307855681514 0.87962574919219916 3.3187081557116485 2.9128155152866384 0.90305834627361037 0.69645874481648284 1.3831750125682445 2.4717719559848774 0.87936397781595621 1.65515129067353 0.77528480492765073 2.0159091430250555
leaf_count=153 132 127 12 93 134 231 149 13 191 70 14 140 24 65
internal_value=-0.00317961 -3.99078e-05 -0.00385247 0.00250741 0.00816866 -0.0104686 -0.0121748 -0.00773691 -0.00967336 -0.00465683 0.00143375 0.00689367 -0.00188735 -0.00487156
internal_weight=24.2023 14.9272 9.91795 5.37352 4.19833 4.54443 1.17519 9.27517 8.57872 6.75022 4.27845 5.0092 2.43044 2.89527
internal_count=1548 1063 772 388 227 384 161 485 472 340 270 291 164 79
is_linear=0
shrinkage=0.03


Tree=357
num_leaves=15
num_cat=0
split_feature=1 2 2 0 5 8 2 5 8 7 2 2 7 8
split_gain=0.587391 0.708402 0.566304 0.928866 0.729735 0.613119 0.431487 0.386801 0.371693 0.338429 0.468879 0.434992 0.524021 0.305744
threshold=16.472542762756351 29.773436546325687 29.227619171142582 19.814307212829593 234.42679595947268 1.9365449016937606 27.483889579772953 266.76861572265631 0.88119588333900012 -0.145770648117029 26.253895759582523 26.170396804809574 -0.20595377985685925 2.9807005722994706
decision_type=2 2 2 2 2 2 2 2 2 2 2 2 2 2
left_child=2 8 3 4 -1 -5 -7 9 -2 10 11 12 -6 -10
right_child=1 -3 -4 5 7 6 -8 -9 13 -11 -12 -13 -14 -15
leaf_value=-0.017472793728907476 0.0048365821321032657 0.0079041332310008077 -0.015804192848768762 0.021809627904220839 0.0038479740046554853 -0.0043822434279037082 0.011293867481505763 -0.0088654567820656404 -0.022556686360381169 0.0094888145881915492 0.01276536883173234 -0.017585261265623701 -0.016832416722821261 0.00055379150951074911
leaf_weight=1.151899478398273 0.29952687025070179 0.91822594049153838 0.51188448071479697 2.198658919776789 4.9545045975828543 2.4277635695762001 2.0896633467637002 1.7714182080817398 2.0013434776919898 4.067115899641065 0.86943487060489122 0.65633941837586451 0.3533817718271165 0.56517324794549484
leaf_count=25 3 22 4 122 304 38 31 571 38 58 55 18 5 242
internal_value=4.39031e-05 -0.00948659 0.00210958 0.003269 -0.00129652 0.0116166 0.00360185 0.00134433 -0.0156616 0.003609 -0.000654999 -0.00416343 2.09409e-05 -0.0187392
internal_weight=24.8363 3.78427 21.0521 20.5402 13.8241 6.71609 4.51743 12.6722 2.86604 10.9008 6.83366 5.96423 5.30789 2.56652
internal_count=1536 305 1231 1227 1036 191 69 1011 283 440 382 327 309 280
is_linear=0
shrinkage=0.03


Tree=358
num_leaves=15
num_cat=0
split_feature=4 4 8 5 5 6 6 4 3 4 6 5 7 6
split_gain=0.385422 0.937276 0.429519 1.64824 0.645243 0.607721 0.556033 0.415538 0.415861 0.378878 0.486104 0.517127 0.264464 0.228289
threshold=38.882535934448249 37.91930007934571 1.0390091371380692 258.14437866210943 230.29364013671878 8.0165042877197283 8.0167708396911639 31.026197433471683 12.161772251129152 38.061271667480476 8.0477557182312029 235.9809265136719 -0.52598270005125147 8.0682625770568865
decision_type=2 2 2 2 2 2 2 2 2 2 2 2 2 2
left_child=1 2 3 -1 6 -6 12 -7 -9 -3 11 -11 -4 -12
right_child=-2 9 4 -5 5 7 -8 8 -10 10 13 -13 -14 -15
leaf_value=0.015866004532233427 0.010166130285370573 -0.019000276843331661 0.0099793928999515578 -0.021338403344622857 -0.010626870429076356 -0.0086556514501118231 -0.018821569387228385 -0.0046153978768566414 0.012887867280782199 -0.017094705795516727 0.012471688315878967 0.0059894991599759029 -0.0078611253319547589 -0.0020436783680088401
leaf_weight=0.95843018591404971 2.7157990170526309 1.4665647319052357 1.0460634521441534 1.4800672696001127 0.61480729593313199 0.30884422198869188 0.76075852135545563 0.87068846097099495 10.170722166774793 1.8358204347314315 0.82459771260619197 0.66668407642282534 0.28835148020880219 1.59284932911396
leaf_count=30 48 41 83 242 88 42 76 421 314 42 40 46 11 30
internal_value=0.00120362 -0.00024106 0.00355144 -0.006354 0.0055772 0.00824088 -0.00738235 0.0100406 0.011239 -0.00919289 -0.00355375 -0.0109907 0.0044082 0.00510816
internal_weight=25.601 22.8852 16.4987 2.4385 14.0602 11.9651 2.09517 11.3503 11.0414 6.38652 4.91995 2.5025 1.33441 2.41745
internal_count=1554 1506 1307 272 1035 865 170 777 735 199 158 88 94 70
is_linear=0
shrinkage=0.03


Tree=359
num_leaves=15
num_cat=0
split_feature=2 0 4 2 2 5 0 1 2 2 0 1 6 6
split_gain=1.16065 0.387573 0.337255 0.315694 0.5729 0.372369 0.73168 0.308618 0.345814 1.34787 0.451474 0.50024 0.269124 0.25913
threshold=27.859560012817386 21.317837715148929 37.984342575073249 27.411670684814457 27.100527763366703 226.27620697021487 19.480252265930179 8.6481337547302264 25.788427352905277 26.203649520874027 17.062447547912601 11.155070781707765 8.0213117599487322 8.0230040550231951
decision_type=2 2 2 2 2 2 2 2 2 2 2 2 2 2
left_child=3 2 -2 4 5 -1 7 -7 10 -10 11 12 -9 -8
right_child=1 -3 -4 -5 -6 6 13 8 9 -11 -12 -13 -14 -15
leaf_value=0.014226599886807908 0.010701581830374052 -0.019385750798719858 -0.0097255073007268284 0.012107264439740313 -0.011281232324269757 -0.0092617212818126068 0.0033514630181603949 -0.0040309792989035352 -0.022387387080788426 0.01116740359866911 0.017589459962486589 -0.0072583345714979574 0.010922085924788329 -0.013043338870669861
leaf_weight=1.4109219406964388 0.51626950723584686 2.2562758871645201 0.40831758244894445 1.8521746373735357 1.8496618336066593 0.42426352357142505 0.69075443712063078 0.81791839830111523 0.81029204174410496 1.6986249972251242 2.4091603991691954 1.894197754882043 4.0619962432829197 2.5233862040913664
leaf_count=106 45 91 8 65 48 477 68 31 35 66 183 108 108 106
internal_value=-3.51906e-05 -0.0144935 0.0013145 0.00278543 0.00128614 0.00323223 0.00141118 0.00482871 0.00602943 -0.00296133 0.00853535 0.00346696 0.00815651 -0.00956072
internal_weight=23.6242 3.18086 0.924587 20.4434 18.5912 16.7415 15.3306 12.1165 11.6922 2.50892 9.18327 6.77411 4.87991 3.21414
internal_count=1545 144 53 1401 1336 1288 1182 1008 531 101 430 247 139 174
is_linear=0
shrinkage=0.03


Tree=360
num_leaves=15
num_cat=0
split_feature=5 1 4 2 3 3 2 5 3 3 8 8 7 4
split_gain=0.492517 0.61221 0.609591 0.959825 0.673957 0.492936 0.483299 0.44955 0.484418 0.505751 0.434114 0.404596 0.355359 0.334535
threshold=238.25845336914065 14.738187789916994 37.15100288391114 28.126243591308597 16.566885948181156 14.213488578796388 18.553855895996097 270.82958984375006 16.024677276611332 16.566885948181156 2.406802220668987 1.0440833637166091 -0.042969107824024085 38.265760421752937
decision_type=2 2 2 2 2 2 2 2 2 2 2 2 2 2
left_child=1 13 -3 4 5 -4 12 8 10 -10 -8 -9 -2 -1
right_child=6 2 3 -5 -6 -7 7 11 9 -11 -12 -13 -14 -15
leaf_value=0.01842599015800802 0.011751649132873207 0.0091666965401981104 0.00071158959286299187 0.0068453576574600975 0.0045881292566912887 -0.024599227233763246 -0.018948854983169477 -0.0090893778107693866 0.0093776076787863843 -0.010187882915395718 0.0040873496402561429 0.013405541834770775 -0.005550160580231325 0.0015885014809748038
leaf_weight=2.0386387943872282 1.5802578134171201 2.8002491900697333 0.81410404868074726 2.716858547180891 1.0021183127537368 2.192520204000175 3.7866526553116255 0.31742428764118791 1.4090326065197589 1.3489492097869513 0.49957063939655189 0.82758195820497349 1.0431050939951081 1.9496476608328519
leaf_count=172 170 263 54 47 17 26 133 115 25 31 143 77 257 42
internal_value=-5.94843e-05 0.00364457 -0.000738914 -0.00551587 -0.0135876 -0.0192787 -0.00460563 -0.00798621 -0.01068 -0.000356536 -0.0159986 0.00583922 0.00523898 0.0121636
internal_weight=24.3267 13.5141 9.52585 6.7256 4.00874 3.00662 10.8126 8.18921 7.04421 2.75798 4.28622 1.14501 2.62336 3.98829
internal_count=1572 621 407 144 97 80 951 524 332 56 276 192 427 214
is_linear=0
shrinkage=0.03


Tree=361
num_leaves=15
num_cat=0
split_feature=0 8 3 0 0 1 4 7 7 8 7 8 8 3
split_gain=0.505163 0.944028 0.826914 0.778789 0.591918 0.428506 0.343974 0.32148 0.25003 0.244545 0.370198 0.549727 0.450488 0.235307
threshold=19.444483757019047 1.9859411412529455 15.350901603698732 17.875490188598636 17.437335968017582 15.180657386779787 37.515148162841804 -0.85274598216868391 -0.44255690569814082 0.78202887872996796 -0.08689904132971496 1.5518149710095581 1.2092827156150963 9.6900167465209979
decision_type=2 2 2 2 2 2 2 2 2 2 2 2 2 2
left_child=3 5 6 4 9 7 13 -2 -5 -1 11 -11 -12 -3
right_child=1 2 -4 8 -6 -7 -8 -9 -10 10 12 -13 -14 -15
leaf_value=-0.0090728307547455617 0.0095595829306894756 -0.0077960785001775805 0.013790386176979813 0.018573187506795714 -0.016774842950340173 -0.020812458487783979 -0.010891992891594543 -0.0077170129510878297 -6.3581157772771058e-05 -0.014122254804242822 0.01583127278857855 0.0061868023761533384 -0.0016660321509994042 0.0079999357092010222
leaf_weight=0.54456694371765646 0.41554356412962112 0.34136875809053879 2.493688402697444 2.196183525549714 0.78482334344880644 2.2498332355171442 2.4460257484170143 2.3898698328994197 0.80405818327562784 1.1811573337763541 2.2688248609774755 1.7806229711277408 1.9349749813263768 1.6109012006781993
leaf_count=139 14 244 29 165 30 29 82 132 39 55 175 174 218 27
internal_value=-0.000435093 -0.00457162 0.00267041 0.0038859 -0.00112623 -0.0132554 -0.00502093 -0.00331834 0.0148113 0.00220968 0.00407322 -0.00343272 0.00900494 0.00353275
internal_weight=23.4424 11.9472 6.89198 11.4952 8.49497 5.05525 4.3983 2.80541 3.00024 7.71015 7.16558 2.96178 4.2038 1.95227
internal_count=1552 557 382 995 791 175 353 146 204 761 622 229 393 271
is_linear=0
shrinkage=0.03


Tree=362
num_leaves=15
num_cat=0
split_feature=4 0 1 1 5 1 0 7 0 7 7 4 8 2
split_gain=0.476507 0.441033 0.567081 1.0851 0.479303 0.604979 0.578578 0.418039 0.655658 0.455914 0.415503 0.40072 0.597667 0.209915
threshold=31.026197433471683 14.133542537689211 13.011304378509523 13.624213695526125 240.9055099487305 14.768144607543947 19.335496902465824 -0.77137529605205468 20.482749938964847 -0.91017741815175801 -0.83675434338598031 39.347274780273445 2.8430144265406736 27.629792213439945
decision_type=2 2 2 2 2 2 2 2 2 2 2 2 2 2
left_child=-1 -2 -3 -4 5 10 -6 9 -9 11 -5 12 -7 -11
right_child=1 2 3 4 6 7 -8 8 -10 13 -12 -13 -14 -15
leaf_value=-0.014415189932536852 -0.012995004795168134 0.0093180763896510994 -0.016514126503824899 -0.0043709775573660325 0.0048843950332107013 -0.014620621674980612 -0.022335241457931566 0.0050382179155974462 -0.020437970443177196 0.00085675104443330816 0.017465873773176686 0.0096760526589299099 0.0077212229245781161 0.01753452802367985
leaf_weight=0.70662204397376882 0.67921857656620233 7.2635076747392331 2.0851149693189646 0.54490586288739029 0.83686441608006024 2.0018753595650236 0.40493128608795814 1.1571462413994553 0.88031950054573815 1.124017084483057 3.0447677869233294 0.82644736045040179 0.90755007535335597 1.2658075781364457
leaf_count=149 475 151 93 17 85 25 13 48 60 29 178 12 173 23
internal_value=0.000954926 0.00200711 0.00300032 -0.000433018 0.003143 0.00520611 -0.00999534 0.000272833 -0.00907393 0.00421878 0.013921 -0.00242571 -0.00745907 0.0122572
internal_weight=23.7291 23.0225 22.3433 15.0797 12.9946 11.7528 1.2418 8.16316 2.03747 6.1257 3.58967 3.73587 2.90943 2.38982
internal_count=1531 1382 907 756 663 565 98 370 108 262 195 210 198 52
is_linear=0
shrinkage=0.03


Tree=363
num_leaves=15
num_cat=0
split_feature=8 8 4 3 3 6 3 6 5 6 4 8 8 6
split_gain=0.360113 1.01409 0.498494 0.399087 0.873565 0.314623 0.611922 0.366447 0.453232 0.423464 0.805932 0.405103 0.379281 0.551701
threshold=1.3475136826223062 1.3848532734144536 33.241127014160163 15.515195369720461 17.685867309570316 8.0162868499755877 17.02138710021973 8.0338735580444354 264.30863952636724 8.0198678970336932 37.029376983642585 2.7211913247447574 2.680877288440811 8.0533647537231463
decision_type=2 2 2 2 2 2 2 2 2 2 2 2 2 2
left_child=3 -2 -3 -1 -5 -4 7 8 9 10 -7 -11 -9 -14
right_child=1 2 5 4 -6 6 -8 12 -10 11 -12 -13 13 -15
leaf_value=-0.01576114678411452 0.017534928261073862 -0.01779330253421994 -0.013256550202931507 0.011498431814086238 -0.013060466586786765 0.010463494518889187 0.011925732392089347 -0.0098153622458426078 -0.012858224373091016 0.013891916816174651 -0.018407538107924913 -0.0053195783515439642 0.010740306687429504 -0.012116348483916847
leaf_weight=2.7326324281311853 1.3662316772388319 0.92946015507914381 0.86979437313857744 1.6027774151880296 1.6168021988123653 0.80856209859485051 2.0993282332783556 6.2356938130105828 0.46656392779550504 3.3627734596375376 0.76955945941153914 0.69879767537349824 1.6754058543592694 0.51187672573723819
leaf_count=413 29 57 145 49 42 47 52 224 98 66 45 81 172 50
internal_value=-0.00318869 -0.00106791 -0.00327869 -0.00907328 -0.00100692 -0.00158751 -0.000259766 -0.00267502 0.00268266 0.00571127 -0.0052943 0.0101886 -0.00643159 0.00326807
internal_weight=25.7463 19.794 18.4278 5.95221 3.21958 17.4984 16.6286 14.5292 6.10626 5.63969 1.57812 4.06157 8.42298 2.18728
internal_count=1570 1066 1037 504 91 980 835 783 337 239 92 147 446 222
is_linear=0
shrinkage=0.03


Tree=364
num_leaves=15
num_cat=0
split_feature=4 7 8 4 5 5 6 6 0 6 4 3 5 6
split_gain=0.391246 0.296488 0.242449 0.678731 0.720377 0.535053 0.391436 0.569086 0.531507 0.471361 0.705855 0.472202 0.381948 0.554644
threshold=33.17766189575196 0.38640753904084252 1.33662678048117 33.383050918579109 254.61253356933597 226.27620697021487 8.0869922637939471 8.0340056419372576 17.875490188598636 8.0198678970336932 37.177669525146491 19.918405532836918 225.1523132324219 8.0673027038574237
decision_type=2 2 2 2 2 2 2 2 2 2 2 2 2 2
left_child=1 -1 3 -2 5 -5 7 9 -9 10 -4 -12 -10 -14
right_child=2 -3 6 4 -6 -7 -8 8 12 -11 11 -13 13 -15
leaf_value=-0.015073059119981235 0.013656859371663508 0.0025835240098303221 0.0091680473530107495 -0.0098750029904770241 -0.020450675874036713 0.012032926954579783 0.015982945963291521 -0.017535868347913066 -0.013262902849527546 0.010874509572180611 -0.021714123915576217 0.0036470855580424998 0.0084392367211620477 -0.0084249961528163313
leaf_weight=1.3001836747134832 0.60778819257393735 0.96026983502088104 1.503380379726883 0.88134521991014558 1.4305307046161031 1.1974381539039312 1.0512985959649075 0.9813439667923366 0.56170007894979779 6.1171822084579617 0.81397476274287306 0.64901062985882163 4.2966728552710265 1.6938405609689651
leaf_count=224 17 28 201 8 200 82 24 177 28 264 40 5 218 29
internal_value=0.000671296 -0.00908045 0.00203725 -0.00388605 -0.00927917 0.00255404 0.00355172 0.00190265 -0.00392017 0.00664173 -0.00262802 -0.0135505 0.000171023 0.00314773
internal_weight=24.046 2.26045 21.7855 4.1171 3.50931 2.07878 17.6684 16.6171 7.53356 9.08355 2.96637 1.46299 6.55221 5.99051
internal_count=1545 252 1293 307 290 90 986 962 452 510 246 45 275 247
is_linear=0
shrinkage=0.03


Tree=365
num_leaves=15
num_cat=0
split_feature=3 2 2 4 5 4 4 8 4 7 0 7 3 4
split_gain=0.414708 1.36828 0.527948 0.540437 0.483856 0.538184 0.454875 0.653971 0.444426 0.476465 0.432751 0.383783 0.329541 0.362344
threshold=16.674709320068363 27.859560012817386 27.888125419616703 39.236480712890632 226.27620697021487 34.667175292968757 35.208374023437507 1.6910406365248629 35.98231506347657 -0.45008463152359174 23.895586013793949 -0.57348037313257494 15.699519634246828 36.176334381103523
decision_type=2 2 2 2 2 2 2 2 2 2 2 2 2 2
left_child=2 -2 3 4 -1 -6 -7 -8 -9 11 -3 12 13 -10
right_child=1 10 -4 -5 5 6 7 8 9 -11 -12 -13 -14 -15
leaf_value=0.012038110988907747 0.019101161169869988 -0.015067723701872768 0.011431175795701966 -0.019402813235665582 0.0039585098104827883 -0.019383707272503985 0.011768449483618684 0.0076583947359010968 0.0064994797866714379 -0.02452566849663609 0.0047399951112745385 0.0065964173137501208 0.0034845159348993199 -0.014531115983818489
leaf_weight=1.1143241209501997 2.712848861119709 1.3923844069940972 1.4811534381587979 0.72096007416257535 5.3726732746727057 1.2383642814529583 1.1369182715425248 0.86116620700340707 0.28850405645790234 0.60775734740308784 1.0608740858733652 1.2532589546754023 1.1712402047123758 3.5522025305544958
leaf_count=111 99 41 106 9 575 59 87 123 28 35 8 65 27 167
internal_value=0.000461777 0.00723965 -0.00167247 -0.0033561 -0.00159597 -0.00324813 -0.00708968 -0.00358365 -0.00692944 -0.00949784 -0.00760999 -0.00486494 -0.00835141 -0.011935
internal_weight=23.9646 5.16611 18.7985 17.3174 16.5964 15.4821 10.1094 8.87105 7.73413 6.87296 2.45326 6.26521 5.01195 3.84071
internal_count=1540 148 1392 1286 1277 1166 591 532 445 322 49 287 222 195
is_linear=0
shrinkage=0.03


Tree=366
num_leaves=15
num_cat=0
split_feature=7 2 6 7 6 0 3 2 7 3 1 6 1 2
split_gain=0.361619 0.684592 0.639831 0.575658 0.601105 0.579126 0.776315 0.607278 0.569676 0.503214 0.379735 0.356602 0.927081 0.323025
threshold=-0.84661106220278759 24.505477905273441 8.049753665924074 -0.20595377985685925 8.0862870216369647 20.678366661071781 19.41027927398682 22.658034324646 -0.83023111391020199 13.343986511230471 11.155070781707765 8.0303802490234393 8.6799950599670428 26.253895759582523
decision_type=2 2 2 2 2 2 2 2 2 2 2 2 2 2
left_child=1 -1 -3 4 5 7 8 10 -7 -9 -2 12 -5 -6
right_child=3 2 -4 11 13 6 -8 9 -10 -11 -12 -13 -14 -15
leaf_value=0.0094235994372047823 0.0073387576008595518 -0.01868262966842104 0.0032436727335553514 0.0066926513702620198 -0.0137373118266321 0.0071070861216218856 0.0093983060165410363 -0.0050121550414176375 -0.022853326086266598 0.018876302415769548 -0.012906132436181023 0.00074814560399162568 -0.024240272278716023 0.0041496204076364321
leaf_weight=1.0379310692369497 0.78608018707018501 2.577155945647974 1.4110106069711035 0.88729599949146853 1.1286912324721936 0.27818805206334218 1.4198819333687422 0.49146607139846299 0.84411995121627137 5.2049112946842797 0.63092605833662674 3.6282711450039642 1.1487270286015698 0.95608949469169591
leaf_count=72 40 171 27 290 28 4 11 74 78 273 105 260 65 20
internal_value=-0.000236073 -0.00660552 -0.01183 0.00186225 0.00551525 0.00857689 -0.00291269 0.012536 -0.0155774 0.0163746 -0.00328561 -0.00540074 -0.0129955 -0.00684829
internal_weight=22.4307 5.0261 3.98817 17.4046 11.7404 9.65557 2.54219 7.11338 1.12231 5.69638 1.41701 5.66429 2.03602 2.08478
internal_count=1518 270 198 1248 633 585 93 492 82 347 145 615 355 48
is_linear=0
shrinkage=0.03


Tree=367
num_leaves=15
num_cat=0
split_feature=4 4 4 5 4 7 5 8 4 4 8 8 7 8
split_gain=0.69823 0.376534 0.547494 0.885248 0.312247 0.610011 0.418317 0.444505 0.752397 0.433901 0.430414 0.403689 0.347397 0.282057
threshold=38.882535934448249 37.91930007934571 37.235300064086921 230.29364013671878 37.15100288391114 -0.50012370070945877 242.26930999755862 1.3689495893238617 33.383050918579109 33.241127014160163 1.9316474860825088 2.8925652622144127 0.025330804396446662 1.195531609593196
decision_type=2 2 2 2 2 2 2 2 2 2 2 2 2 2
left_child=1 2 4 -4 5 11 -7 8 12 -9 -11 -1 -8 -14
right_child=-2 -3 3 -5 -6 6 7 9 -10 10 -12 -13 13 -15
leaf_value=0.012955716481491962 0.011376150347016318 -0.0083071319062658858 -0.013568798403345524 0.017103086604294781 -0.014742542433372977 -0.017109208984423648 0.011454996166581421 -0.01132943720846565 -0.019006367957885427 0.011045329427840932 -0.0090406164711899772 -0.0079257136188673975 -0.013397578693389537 0.0066510270756323349
leaf_weight=2.5686699235811843 2.5046907788491799 6.9387994373973916 0.32670430094003622 2.1757525257417001 0.75962072995025742 1.0347746056213534 1.1000859621126422 0.42850149102741841 1.6474081778142133 3.7480589710758068 0.4042098314675967 0.3560645907127763 0.56200465424626589 0.28288698472897522
leaf_count=43 48 211 16 155 24 37 40 27 202 178 79 311 150 25
internal_value=-0.00116587 -0.00299971 -0.000246741 0.010368 -0.00290511 -0.00109782 -0.00488877 -0.00164511 -0.00841735 0.00422251 0.00771484 0.00904186 0.00395993 -0.00671832
internal_weight=24.8382 22.3335 15.3947 2.50246 12.8923 12.1327 9.20793 8.17316 3.59239 4.58077 4.15227 2.92473 1.94498 0.844892
internal_count=1546 1498 1287 171 1116 1092 738 701 417 284 257 354 215 175
is_linear=0
shrinkage=0.03


Tree=368
num_leaves=15
num_cat=0
split_feature=3 2 8 3 2 5 5 8 4 1 1 5 1 4
split_gain=0.34881 0.470081 0.788294 0.564811 0.543705 0.464054 0.759717 0.604575 0.416938 0.416478 0.975656 0.384509 0.450789 0.311178
threshold=14.104630947113039 23.676937103271488 2.8925652622144127 13.856672763824465 25.887086868286136 234.37496185302737 231.82182312011722 0.91265505516689327 32.496261596679695 12.431427955627443 13.155815124511721 224.23816680908206 15.534647941589357 32.337776184082038
decision_type=2 2 2 2 2 2 2 2 2 2 2 2 2 2
left_child=1 3 4 -1 -3 6 11 13 -9 -10 -11 -2 -13 -7
right_child=5 2 -4 -5 -6 7 -8 8 9 10 -12 12 -14 -15
leaf_value=-0.019718274533230835 -0.0060169024418913024 0.017412744663561262 -0.015495785777295176 0.0060241586348671284 -0.0039439723898193925 0.0044129732651690843 -0.018505070241339131 -0.0051291394089192357 0.019879466114974851 -0.01170062279451233 0.012579629437941928 0.016304930259955885 -0.0017173469176168887 -0.01440048311378473
leaf_weight=2.0897572462999991 2.8776805102825191 1.3754076582845307 0.84654237839276891 0.50618781911907706 1.4081800132989881 0.70202212035655776 1.391501178499311 1.0787327513098715 2.1929068206809461 1.39402962452732 3.138051570917014 1.2969804485328498 2.3693969678133726 0.99803879810497165
leaf_count=738 25 29 312 10 31 9 48 8 38 28 179 33 29 31
internal_value=-0.00117282 -0.00672567 0.000702129 -0.0144193 0.00842179 0.00106686 -0.00401999 0.00529266 0.0087298 0.0113291 0.0043462 0.00110472 0.00678592 -0.00787454
internal_weight=23.6654 6.22608 3.63013 2.59595 2.78359 17.4393 7.93556 9.50378 7.80372 6.72499 4.53208 6.54406 3.66638 1.70006
internal_count=1548 1120 372 748 60 428 135 293 253 245 207 87 62 40
is_linear=0
shrinkage=0.03


Tree=369
num_leaves=15
num_cat=0
split_feature=6 5 6 8 2 5 6 2 5 8 8 5 1 1
split_gain=0.335178 0.485802 0.462022 0.485381 0.795368 0.407178 0.35352 0.346147 0.609486 0.481936 0.404067 0.56339 0.493685 0.814841
threshold=8.052859306335451 250.95147705078128 8.0355548858642596 2.406802220668987 19.881338119506839 233.35565948486331 8.0673027038574237 18.308194160461429 262.90486145019537 1.3689495893238617 1.0487262710501755 222.32218170166018 15.133561134338381 12.549790859222414
decision_type=2 2 2 2 2 2 2 2 2 2 2 2 2 2
left_child=2 5 7 4 -4 6 -2 9 10 -1 -9 -12 13 -13
right_child=1 -3 3 -5 -6 -7 -8 8 -10 -11 11 12 -14 -15
leaf_value=-0.0086078927341963658 0.0075314854796948846 -0.0066658458377957261 0.0037853116576325291 0.0028779483439678013 -0.021828044760400671 0.015778622305071738 -0.0093507181764527388 0.011783578649132714 -0.017606658951525921 0.015484558038055833 0.009156126822760088 -0.013883259104043305 -0.014448323557460792 0.0089766139247911339
leaf_weight=0.32654125534464284 1.4552973830432159 1.780987937847385 1.1966913461510551 1.6320331627794074 2.5691087729501305 2.3072937960969284 1.0474104527384041 1.3942632833495707 0.91068041845574121 1.487016284605488 2.0297492157551442 1.2130558900535104 2.5118356440798379 2.8422502226021606
leaf_count=126 40 136 92 151 99 127 12 21 186 123 127 9 164 134
internal_value=-0.00103454 0.00434649 -0.00311753 -0.00969338 -0.0146023 0.0088695 -0.000186348 0.000177211 -0.00207204 0.00962896 0.000816983 -0.00200413 -0.00620765 0.000744954
internal_weight=24.7042 6.59099 18.1132 5.39783 3.7658 4.81 2.50271 12.7154 10.9018 1.81356 9.99115 8.59689 6.56714 4.05531
internal_count=1547 315 1232 342 191 179 52 890 641 249 455 434 307 143
is_linear=0
shrinkage=0.03


Tree=370
num_leaves=15
num_cat=0
split_feature=5 7 3 8 3 8 6 1 6 8 5 5 6 7
split_gain=0.286899 0.806912 0.54095 0.400792 0.44221 0.366485 0.344185 0.959215 0.624188 0.451608 0.353956 0.795362 0.380373 0.289759
threshold=237.88254547119143 -0.25702885444340973 16.024677276611332 0.75204543227704146 13.856672763824465 1.4438539718196941 8.049753665924074 16.472542762756351 8.0368905067443865 1.33662678048117 223.1991882324219 230.29364013671878 8.0165042877197283 -0.7448928489201333
decision_type=2 2 2 2 2 2 2 2 2 2 2 2 2 2
left_child=6 2 13 -3 5 -5 8 -8 10 -10 -1 -12 -13 -2
right_child=1 3 -4 4 -6 -7 7 -9 9 -11 11 12 -14 -15
leaf_value=0.011643837446989566 0.0036282162434989008 -0.011536340428529026 0.0037420838902892904 -0.015141621197500576 0.0093752925013860632 0.004518556010144531 0.015159339795054691 -0.010558722217981781 0.0061572675658895671 -0.017912431514257501 -0.012563405186678664 -0.0071319733504812046 0.012596074464187239 -0.02013911919005671
leaf_weight=2.0115321454359236 0.21289912262000177 0.5938315568782836 0.98470166698098172 0.64382124980329525 4.7807082452345639 1.0666096444765569 3.4973675312940022 1.0265252263925502 0.40000501717440773 1.5737663571489973 2.0133749820524827 0.47453019616659764 2.2578966938017402 2.8059444909740705
leaf_count=148 45 127 28 290 75 148 81 30 10 72 73 44 124 236
internal_value=-0.000297458 -0.00368647 -0.012955 0.00250549 0.0051586 -0.00573784 0.00259736 0.00846859 -0.00100238 -0.0126043 0.00357442 -0.00127708 0.00817709 -0.0179772
internal_weight=24.3435 11.0885 4.00355 7.08497 6.49114 1.71043 13.255 4.52389 8.73111 1.97377 6.75733 4.7458 2.73243 3.01884
internal_count=1531 949 309 640 513 438 582 111 471 82 389 241 168 281
is_linear=0
shrinkage=0.03


Tree=371
num_leaves=15
num_cat=0
split_feature=2 2 2 1 3 0 0 5 1 2 0 8 7 1
split_gain=1.02412 0.433876 0.63238 0.708988 0.404177 0.446845 0.84166 0.701672 0.544047 0.536413 0.492936 0.472187 0.324889 0.322466
threshold=29.227619171142582 28.003631591796879 27.720981597900394 14.906283855438234 16.674709320068363 18.7666130065918 18.998286247253422 240.9055099487305 16.472542762756351 24.406964302062992 14.133542537689211 0.78202887872996796 -0.33522770445545158 15.840736389160158
decision_type=2 2 2 2 2 2 2 2 2 2 2 2 2 2
left_child=1 2 4 -4 5 10 -7 8 -8 -10 -1 -12 -6 -3
right_child=-2 13 3 -5 12 6 7 -9 9 -11 11 -13 -14 -15
leaf_value=-0.012441684608551678 -0.021417578611656902 0.016944897754206309 0.0039185015249400268 -0.024951669687273959 0.014585461447474059 -0.026645176237971125 0.0069780160743286111 -0.020890645089050534 0.0074811870249348426 -0.018368155614462804 -0.010560057564440974 0.0078784323493054122 -0.0040316147871473848 -0.0042234792008465699
leaf_weight=0.63441695495568495 1.1414890926680517 1.1930519524612453 0.88408363191410788 0.91503213596297428 1.9136028843931856 0.49638613959541444 4.9444951482000761 0.39073955567437213 0.4707182725833261 0.90434949420159683 0.57370759267359783 7.7376120344270021 0.68195184948854048 0.44658115762285877
leaf_count=579 56 49 28 17 65 17 181 16 48 152 17 268 14 25
internal_value=-0.0016045 0.000294598 -0.00112408 -0.0144333 0.000819314 -0.00113893 -0.00626572 -0.00149791 0.00239142 -0.0100952 0.00320593 0.00560825 0.00993317 0.0117635
internal_weight=23.3282 22.1867 20.5471 1.79912 18.748 16.1524 7.20669 6.7103 6.31956 1.37507 8.94574 8.31132 2.59555 1.63963
internal_count=1532 1476 1402 45 1357 1278 414 397 381 200 864 285 79 74
is_linear=0
shrinkage=0.03


Tree=372
num_leaves=15
num_cat=0
split_feature=1 3 6 6 3 4 5 4 5 2 6 4 4 1
split_gain=0.646476 0.520989 0.500764 0.794539 1.21843 0.660611 0.514844 0.402679 0.331911 0.295063 0.2524 0.210618 0.172728 0.15006
threshold=16.472542762756351 15.515195369720461 8.0712928771972674 8.0303802490234393 13.945298671722414 37.984342575073249 232.17485809326175 35.094516754150398 265.78849792480474 18.308194160461429 8.038821220397951 33.941772460937507 37.934787750244148 10.989904403686525
decision_type=2 2 2 2 2 2 2 2 2 2 2 2 2 2
left_child=2 -2 3 6 10 7 -1 -4 11 -6 -5 -8 -12 -13
right_child=1 -3 5 4 9 -7 8 -9 -10 -11 12 13 -14 -15
leaf_value=-0.011772810228955469 -0.019925735757708576 -0.00018196075670142512 -0.0071997133685213254 0.0042759368734531233 -0.00038490815120554363 -0.016139436569467133 -0.0017445774190773863 0.010933009375832605 -0.010003337942357695 0.020447266043787937 -0.017995730849556118 0.00086553316294930719 0.00016606147700034209 0.013844642448442024
leaf_weight=1.9249198336619935 1.2298874571570189 2.6520998533815145 1.0010087105911218 0.71367152237507969 0.64366213791072358 1.6163609782233832 1.6899523064494131 1.6508542019873855 0.46041715539467976 4.7695195885607973 0.46848478834726826 1.3144238516688349 0.6673638978973031 1.8383527183905242
leaf_count=28 286 24 43 110 9 26 13 40 356 196 248 10 24 130
internal_value=0.000563888 -0.00923736 0.00295701 0.00555679 0.011923 -0.00524873 -0.00151156 0.00399115 0.00348989 0.0182964 -0.00660533 0.00626528 -0.0122432 0.00994496
internal_weight=22.641 3.88199 18.759 14.4908 7.2627 4.26822 7.22807 2.65186 5.30315 5.41318 1.84952 4.84273 1.13585 3.15278
internal_count=1543 310 1233 1124 587 109 537 83 509 205 382 153 272 140
is_linear=0
shrinkage=0.03


Tree=373
num_leaves=15
num_cat=0
split_feature=2 2 4 4 2 8 3 3 3 0 1 3 1 8
split_gain=0.573686 0.571583 0.360939 0.638142 0.508742 0.501178 0.419089 0.532371 0.533133 0.387122 1.04205 0.383387 0.332591 0.309084
threshold=29.291781425476078 28.126243591308597 37.626707077026374 36.934047698974616 25.788427352905277 2.3748204583955461 16.543918609619144 15.699519634246828 15.498984813690187 18.998286247253422 14.540793895721437 13.856672763824465 15.840736389160158 1.3598715450933121
decision_type=2 2 2 2 2 2 2 2 2 2 2 2 2 2
left_child=1 2 3 6 5 -4 7 8 11 -6 -11 -1 -12 -13
right_child=-2 -3 4 -5 9 -7 -8 -9 -10 10 12 13 -14 -15
leaf_value=-0.0057577103883103987 -0.016526245970652102 0.012327339102169084 0.015234484312372737 0.014114182241171776 -0.022791733497179216 -0.0088613462670294081 -0.010549892289849072 0.013144479701200499 -0.019489202174524305 0.0083946031621253501 -0.020871426848037295 -0.0019348230124060016 -0.0023712467714668995 0.013472497541836444
leaf_weight=2.9450117999804295 0.85917545974370924 2.3271188350336152 0.98224722710437962 2.0734545578598036 0.58950231363996852 0.4535213247872889 2.2285962533205739 1.7615874225739387 0.34061359427869309 2.4393119241576642 1.5874637374654414 1.6751355495653117 1.7596641151467336 1.7144856809172777
leaf_count=882 53 64 72 145 10 9 29 23 3 117 20 28 38 28
internal_value=-0.000490168 0.000778968 -0.00104009 0.00205045 -0.0057407 0.00711002 -0.00130372 0.0019978 -0.00227312 -0.00920611 -0.00466758 0.00118353 -0.0139283 0.00715209
internal_weight=23.7369 22.8777 20.5506 12.7389 7.81171 1.43577 10.6654 8.43683 6.67525 6.37594 5.78644 6.33463 3.34713 3.38962
internal_count=1521 1468 1404 1138 266 81 993 964 941 185 175 938 58 56
is_linear=0
shrinkage=0.03


Tree=374
num_leaves=15
num_cat=0
split_feature=2 1 3 4 7 6 6 2 2 1 1 5 2 1
split_gain=0.505385 0.447099 0.781536 0.45884 0.617802 0.431996 0.386084 0.44529 0.691759 0.841764 0.421828 0.539528 0.45718 0.41317
threshold=28.126243591308597 16.472542762756351 17.313705444335941 38.795892715454109 -0.84661106220278759 8.0269455909729022 8.0355548858642596 27.081704139709476 26.203649520874027 14.847980976104738 10.989904403686525 230.793327331543 18.308194160461429 9.4152956008911151
decision_type=2 2 2 2 2 2 2 2 2 2 2 2 2 2
left_child=1 3 -3 4 -1 -2 10 8 9 -8 12 -12 -6 -14
right_child=5 2 -4 -5 6 -7 7 -9 -10 -11 11 -13 13 -15
leaf_value=-0.017383097601087631 -0.0010329052934158047 -0.022114206915354498 0.0068998687667955931 0.013208246462038165 0.007239381972723659 0.017266834946561088 -0.011850906011193948 -0.014276744460236478 0.01058406093587542 0.012531367717427766 -0.0080532876799686258 0.014619734529367417 0.0031218892767929875 -0.018544537738335583
leaf_weight=1.0742932568537167 2.0028727970202449 1.3144332460942671 0.71747216954827298 0.98961097281426091 1.5138004010950745 1.4537232323782516 4.0493978370941459 1.7328293283353557 2.4537337470101193 0.80955154768889759 0.51701857638545368 3.3389212957408745 0.92543647685670272 0.92911740971612744
leaf_count=53 90 217 6 20 234 25 404 24 72 49 5 145 171 13
internal_value=-0.000395494 -0.00229731 -0.0129725 -0.000504397 -0.00196418 0.00881084 1.53446e-06 -0.00394456 -7.32922e-05 -0.00634308 0.00482128 0.0105473 -0.0026475 -0.0104267
internal_weight=23.8222 20.3656 2.03191 18.3337 17.3441 3.4566 16.2698 9.04551 7.31268 4.85895 7.22429 3.85594 3.36835 1.85455
internal_count=1528 1413 223 1190 1170 115 1117 549 525 453 568 150 418 184
is_linear=0
shrinkage=0.03


Tree=375
num_leaves=15
num_cat=0
split_feature=8 3 5 8 7 5 7 0 6 5 7 0 3 3
split_gain=0.242595 0.443642 0.580313 1.3027 0.345826 0.898357 0.781988 0.568745 0.608742 0.380969 0.353321 0.560473 0.378345 0.279311
threshold=1.2281992012083098 21.069143295288089 258.14437866210943 1.0288624698825137 -0.71687896939514906 237.88254547119143 -0.85274598216868391 22.297799110412601 8.0163154602050799 234.42679595947268 -0.37051252927604988 16.863557815551761 16.173662185668949 12.695060253143312
decision_type=2 2 2 2 2 2 2 2 2 2 2 2 2 2
left_child=1 2 -1 -4 6 -6 7 8 -2 -8 -7 13 -13 -12
right_child=4 -3 3 -5 5 10 9 -9 -10 -11 11 12 -14 -15
leaf_value=0.01653017810281493 -0.012571833845640446 -0.012345737894031799 -0.019263469013588792 0.012060195843601781 0.010563299905269165 -0.013645021172065754 -0.022681932188629975 -0.014421825529015818 0.011225438298933105 -0.00048195647639543419 0.003713631881981299 0.015975941037602377 -0.0027131701305627642 -0.012748109043847185
leaf_weight=1.5738081360468665 0.3866218533075888 0.51687851175665844 1.1663615258148641 1.6883602884045101 3.150964724394723 2.5841571692435563 2.422046700696233 0.6993432267627212 2.8694298953923862 0.92866256987326767 0.77397937861678245 1.0859308216313368 1.3697036323137579 2.2771749705425464
leaf_count=72 33 6 250 98 187 178 74 101 122 79 243 43 24 52
internal_value=-0.00309861 0.00244038 0.00612247 -0.00241509 -0.00462475 -0.00109073 -0.00927657 0.0003019 0.00610981 -0.0180541 -0.00629203 -0.00127476 0.00778303 -0.00868638
internal_weight=23.4934 4.94541 4.42853 2.85472 18.548 11.2419 7.3061 3.95539 3.25605 3.35071 8.09095 5.50679 2.45563 3.05115
internal_count=1562 426 420 348 1136 727 409 256 155 153 540 362 67 295
is_linear=0
shrinkage=0.03


Tree=376
num_leaves=15
num_cat=0
split_feature=7 8 8 2 8 6 6 6 0 4 7 8 3 3
split_gain=0.272292 0.546192 0.915834 0.457236 0.48904 0.471069 0.55445 0.482475 0.404516 0.541051 0.490906 0.420173 0.383764 0.368546
threshold=0.38640753904084252 1.3475136826223062 1.0440833637166091 27.411670684814457 2.6007191487644761 8.026090621948244 8.0368905067443865 8.0163154602050799 19.444483757019047 35.374334335327156 -0.77137529605205468 2.8430144265406736 14.021656036376955 14.73831081390381
decision_type=2 2 2 2 2 2 2 2 2 2 2 2 2 2
left_child=1 2 13 5 -5 7 12 -3 9 -8 -10 -11 -7 -1
right_child=-2 3 -4 4 -6 6 8 -9 10 11 -12 -13 -14 -15
leaf_value=-0.009369715475578284 0.012966457590667547 -0.009166914214977109 -0.017978783507113724 0.014666964409860154 -0.0049651158121054367 0.0035179143235082324 -0.0093664713930364015 0.011525941561010401 0.0030175224650454348 0.015272517431372914 -0.015162937247876514 -0.0071105536418220204 -0.020848456404510492 0.0095229630561946225
leaf_weight=0.41661613782344575 0.90650067196111095 0.49493257902213628 2.1947924175474327 3.8058589394786386 0.95241237033042114 0.44874844865989683 0.65759196935687247 3.661916047509294 2.3820952090900396 2.7450795886106794 1.4279763861559329 0.32055762250092801 1.1586714112199841 2.1534786066040397
leaf_count=205 34 92 209 87 96 99 85 199 63 130 51 110 32 51
internal_value=0.00204733 0.00108746 -0.00705674 0.00349423 0.0105576 0.000405108 -0.00337619 0.00776231 0.00066462 0.00683454 -0.00553208 0.0117588 -0.0153057 0.00469376
internal_weight=23.7272 22.8207 4.76489 18.0558 4.75827 13.2976 9.14072 4.15685 7.5333 3.72323 3.81007 3.06564 1.60742 2.57009
internal_count=1543 1509 465 1044 183 861 570 291 439 325 114 240 131 256
is_linear=0
shrinkage=0.03


Tree=377
num_leaves=15
num_cat=0
split_feature=8 4 5 5 4 0 0 3 8 0 8 3 3 3
split_gain=0.34149 0.458861 1.06397 0.576965 0.937351 0.485766 0.374664 0.34773 0.323535 0.319405 0.363345 0.35217 0.312155 0.294919
threshold=2.3748204583955461 39.288167953491218 230.793327331543 240.9055099487305 38.501655578613288 18.7666130065918 17.278176307678226 9.8885154724121112 2.8925652622144127 15.267641544342043 1.0390091371380692 16.024677276611332 12.161772251129152 16.348674774169925
decision_type=2 2 2 2 2 2 2 2 2 2 2 2 2 2
left_child=1 2 -1 4 -4 6 9 8 -2 10 -5 -11 -12 -8
right_child=7 -3 3 5 -6 -7 13 -9 -10 11 12 -13 -14 -15
leaf_value=-0.015470982543013082 0.012046705704423961 0.014973932782431802 0.017066579177921173 -0.010129513470088813 -0.0092624547116083259 -0.017945661612277619 0.016127377447214895 -0.011250170038893757 -0.008053619475593141 -0.015452028101628811 -0.0073080882660935551 0.0012951557043554742 0.011256468887462741 -0.0028381810152990584
leaf_weight=2.6403325330466076 0.68990443926304468 0.77764404565095979 3.3538902591099022 0.44901074488006676 0.96168608590960492 0.43358305282890874 1.0778328920714555 4.0485384481726214 0.36549127573380247 1.5229145279154184 0.31494875880889628 1.789636139757931 2.4850826770998538 0.74407260492444027
leaf_count=30 6 8 236 241 21 6 43 122 404 34 247 23 106 10
internal_value=-0.00170372 0.000503643 -0.00105998 0.00272705 0.0105607 -0.00179234 0.000866527 -0.00777143 0.00455418 -0.00270167 0.0035166 -0.00820191 0.00779466 0.0101208
internal_weight=21.6546 16.5506 15.773 13.1327 4.31558 8.81708 8.3835 5.10393 1.0554 6.56159 3.24904 3.31255 2.80003 1.82191
internal_count=1537 1005 997 967 257 710 704 532 410 651 594 57 353 53
is_linear=0
shrinkage=0.03


Tree=378
num_leaves=15
num_cat=0
split_feature=6 4 1 8 8 7 1 8 5 4 4 2 8 1
split_gain=0.493095 0.586502 0.557252 0.744431 0.497119 0.76907 0.460033 0.426209 0.411624 0.292894 0.289119 0.257156 0.297846 0.246846
threshold=8.0448503494262713 38.795892715454109 14.906283855438234 1.6910406365248629 1.5518149710095581 -0.074788294607539982 18.350676536560062 0.78202887872996796 254.26270294189456 34.02820014953614 36.977537155151374 19.601031303405765 1.3598715450933121 13.344200134277346
decision_type=2 2 2 2 2 2 2 2 2 2 2 2 2 2
left_child=2 13 4 -4 5 8 -5 -7 -1 -6 -8 12 -9 -2
right_child=1 -3 3 6 9 7 10 11 -10 -11 -12 -13 -14 -15
leaf_value=0.0031901907503591462 -0.0039501447536607493 0.004481165539002816 0.0074005176104002179 -0.017790621110548587 -0.0027478173983325441 -0.0096405975069428999 -0.0090919349534996398 -0.010467497221054941 -0.020674418424432538 0.015120583187298768 0.0091413409479965801 0.016286391565935268 0.0073420914537273823 -0.016835211936194725
leaf_weight=0.60714288981398468 2.9600125654978893 1.8698589536943471 1.7026490247808386 2.8311455642979126 0.69794388403533991 0.40337904526677748 0.38332397100748472 0.39838798904384054 1.0550790541019521 2.9452684269926976 0.84375269309384748 1.5078924696572356 1.13869048669585 3.7367170010693371
leaf_count=57 281 38 17 156 42 97 113 131 66 211 56 74 35 175
internal_value=-0.0033386 -0.00862648 0.000137187 -0.00649031 0.004717 -0.00146967 -0.0126292 0.00637988 -0.0140336 0.0118429 0.00192058 0.0103609 0.000419711 -0.0123931
internal_weight=23.0812 8.56659 14.5147 5.76087 8.75378 5.11057 4.05822 3.44835 1.66222 3.64321 1.22708 3.04497 1.53708 6.69673
internal_count=1549 494 1055 342 713 460 325 337 123 253 169 240 166 456
is_linear=0
shrinkage=0.03


Tree=379
num_leaves=15
num_cat=0
split_feature=7 0 8 8 5 4 3 0 0 8 8 3 2 3
split_gain=0.436163 0.639916 0.528108 0.605518 0.520922 0.484932 0.53957 0.394008 0.569621 0.486477 0.370256 0.538883 0.512693 0.349593
threshold=-0.85274598216868391 18.7666130065918 1.7991250186756378 1.2814354622702193 220.83675384521487 37.968294143676765 15.227270603179933 17.062447547912601 15.267641544342043 1.0487262710501755 1.0288624698825137 14.104630947113039 18.308194160461429 16.064401626586918
decision_type=2 2 2 2 2 2 2 2 2 2 2 2 2 2
left_child=4 7 3 -3 -1 -4 -7 8 10 -10 -2 12 -12 -6
right_child=1 2 5 -5 13 6 -8 -9 9 -11 11 -13 -14 -15
leaf_value=-0.0098005433011595349 -0.010463446054266915 0.0010557185927941612 -0.010878950670004299 -0.0244550700311063 0.0017004110280548369 -0.0070319975955377501 0.012943238642352669 0.0088922671679228758 0.0047951485072983378 -0.019508448776605364 0.0062539286676836512 0.017234942483609281 -0.015131481081711886 0.017694236890006307
leaf_weight=0.86199380917242052 0.46867159219982735 1.0347765578189849 2.4929004992591217 2.1243546464247629 3.0670461448316928 1.3595494732726368 1.6943239909596739 2.8741807597107254 0.59397356770932708 1.4104066552536094 1.7242509948264348 1.3623284511268137 0.6240167625946923 1.3670828649774192
leaf_count=62 222 49 175 107 181 39 27 140 15 81 297 8 90 18
internal_value=-0.00210078 -0.00432192 -0.00968239 -0.0178542 0.00485232 -0.00301189 0.0045095 0.0012807 -0.00300255 -0.0131075 0.00343885 0.00704329 -0.00225087 0.00898016
internal_weight=23.0599 17.7637 8.70591 3.15913 5.29612 5.54677 3.05387 9.05783 6.18365 2.00438 4.17927 3.7106 2.34827 4.43413
internal_count=1511 1250 397 156 261 241 66 853 713 96 617 395 387 199
is_linear=0
shrinkage=0.03


Tree=380
num_leaves=15
num_cat=0
split_feature=5 8 3 5 8 8 7 8 8 7 2 5 2 8
split_gain=0.568314 0.449191 0.575683 0.689316 0.495597 0.411215 0.426467 0.412192 0.372112 0.301638 0.302418 0.242453 0.241136 0.196498
threshold=238.25845336914065 1.3598715450933121 17.137381553649906 220.83675384521487 0.88119588333900012 1.6229259139554841 0.032273558532716934 1.1409838207113394 2.8925652622144127 -0.145770648117029 22.798810005187992 265.78849792480474 27.081704139709476 1.3804995924359986
decision_type=2 2 2 2 2 2 2 2 2 2 2 2 2 2
left_child=1 4 3 -3 -1 6 9 -8 -5 10 -2 -11 -10 -13
right_child=5 2 -4 8 -6 -7 7 -9 12 11 -12 13 -14 -15
leaf_value=0.0096971396384430749 -0.011649458277231404 -0.015395025344942418 0.018289133566758778 0.0092038257211758418 -0.013672889002966324 -0.0094251460403250095 -0.01692054232432642 0.00558907313878343 -0.012764825222321891 0.013747746699919437 0.0066587246888194689 -0.0095220750250283696 0.0046373438284305684 0.0066007004984048566
leaf_weight=0.43470247392542916 0.72550319362198912 0.58012346920440716 2.5992767930729315 6.0924891691538505 1.1834503351710735 4.2179327514604665 0.80470345853245795 0.5915944770531496 0.56033555927569956 2.4765128064900623 0.64836210093926638 0.39214664649625763 0.60620562304393388 0.38253174207056873
leaf_count=16 28 102 55 171 47 363 201 98 170 34 50 139 35 41
internal_value=0.00180663 0.00600227 0.00824508 0.00322238 -0.00608886 -0.00322816 0.0018369 -0.00903102 0.00639411 0.00614013 -0.00384402 0.0102709 -0.0057552 -0.00232743
internal_weight=22.2959 12.0566 10.4384 7.83915 1.61815 10.2393 6.02135 1.3963 7.25903 4.62506 1.37387 3.25119 1.16654 0.774678
internal_count=1550 596 533 478 63 954 591 299 376 292 78 214 205 180
is_linear=0
shrinkage=0.03


Tree=381
num_leaves=15
num_cat=0
split_feature=6 4 8 4 6 6 8 1 7 1 0 7 8 6
split_gain=0.560537 0.442886 0.408142 0.694409 0.554652 0.611389 0.570661 0.541575 0.500687 0.714692 0.468706 0.366199 0.331423 0.243052
threshold=8.0165042877197283 38.426225662231452 1.3475136826223062 33.241127014160163 8.0340056419372576 8.052859306335451 2.5689543096333955 14.511203289031984 -0.20595377985685925 10.236512660980226 17.029743194580082 -1.0565588820967353 1.8926658774058909 8.0169057846069354
decision_type=2 2 2 2 2 2 2 2 2 2 2 2 2 2
left_child=1 -1 3 -2 6 11 8 -5 10 -10 -4 -6 -13 -8
right_child=2 -3 4 7 5 -7 13 -9 9 -11 -12 12 -14 -15
leaf_value=-0.019835982315708222 0.0059161252672138079 0.0064301926254755615 -0.0029315093588133294 -0.019028828133024256 0.0069997701564132693 0.0035626945150817168 0.0066509554608064738 0.0038903308379378489 0.0095564594854892094 -0.018329176972254897 0.020314547821637097 0.0027241867828085536 -0.017602425769454276 -0.010973676464754846
leaf_weight=1.5590455659257738 1.7602429153630534 0.22839879989624012 0.67994784226175387 2.6773983662715186 0.26302220579237001 4.6406128028756939 0.2601874480023979 0.84487433824688185 1.0753557133721181 0.38855990022420872 3.1104388544918038 0.59658257337286702 2.6828589450742584 1.1549151476356199
leaf_count=230 143 1 21 278 7 221 9 14 108 3 96 72 208 144
internal_value=-0.00275626 -0.0153769 -0.000961332 -0.00739663 0.00164969 -0.00343471 0.00752248 -0.0138867 0.0116654 -0.00228015 0.016403 -0.0113676 -0.0141322 -0.00632101
internal_weight=21.9224 1.78744 20.135 5.28252 14.8525 8.18308 6.6694 3.52227 5.2543 1.46392 3.79039 3.54246 3.27944 1.4151
internal_count=1555 231 1324 435 889 508 381 292 228 111 117 287 280 153
is_linear=0
shrinkage=0.03


Tree=382
num_leaves=15
num_cat=0
split_feature=2 1 8 2 2 3 3 3 1 5 8 5 8 1
split_gain=0.521748 0.397249 1.18234 0.735308 0.803985 0.660462 0.312111 0.596537 0.480401 0.301185 0.623194 0.458093 0.173933 0.443282
threshold=26.382439613342289 14.906283855438234 1.1118730903600478 28.003631591796879 27.720981597900394 14.943321228027346 16.749039649963382 15.433680057525637 12.431427955627443 225.830924987793 1.9997283961610242 266.76861572265631 2.3104267749292009 15.319528579711916
decision_type=2 2 2 2 2 2 2 2 2 2 2 2 2 2
left_child=6 2 -2 4 5 -3 7 9 -9 -1 11 -11 -5 -14
right_child=1 3 -4 12 -6 -7 -8 8 -10 10 -12 -13 13 -15
leaf_value=0.0098933679917927887 -0.01287360379928326 -0.014052535208922716 0.016473445188407595 0.011592471883965625 -0.02432115935807946 0.010097852669821277 0.0057152098806521005 -0.0004093433192664349 -0.021990745593192296 0.006903313180355742 -0.014347858024746746 -0.0091820156266177299 0.010622711247410831 -0.01234059845158232
leaf_weight=0.78896838033688421 0.85044739721342733 0.63376251177396703 3.6924384500598535 2.1004572873935108 0.90186902694404114 1.726538340328261 1.4579022170510132 1.3917350252158933 2.0408777754055336 4.0908787432126701 2.1533679319836665 1.3509463663940549 0.50644943676888921 0.53023103522718884
leaf_count=82 22 47 191 15 18 26 35 31 51 95 323 543 4 73
internal_value=-0.000909436 0.0037562 0.00964817 -0.00116516 -0.00977952 0.00136109 -0.004749 -0.00638522 -0.015307 -0.00149056 -0.00368655 0.00210461 0.00799117 -0.00141475
internal_weight=24.2169 10.9422 4.54289 6.39931 3.26217 2.3603 13.2747 11.8168 3.43261 8.38416 7.59519 5.44183 3.13714 1.03668
internal_count=1556 396 213 183 91 73 1160 1125 82 1043 961 638 92 77
is_linear=0
shrinkage=0.03


Tree=383
num_leaves=15
num_cat=0
split_feature=6 8 1 5 8 6 7 3 7 5 1 8 5 1
split_gain=0.46007 0.565098 0.560428 0.592012 0.475083 0.543287 0.528845 0.478172 0.461532 0.575024 0.714823 0.538453 0.444494 0.431192
threshold=8.0355548858642596 2.406802220668987 16.415191650390629 228.70483398437503 1.3332371378501853 8.0210433006286639 -0.047990677988810029 21.069143295288089 -0.83675434338598031 238.19558715820315 12.630872249603273 0.99939305585065119 233.35565948486331 15.180657386779787
decision_type=2 2 2 2 2 2 2 2 2 2 2 2 2 2
left_child=1 4 3 -2 6 7 -1 13 -5 12 11 -11 -10 -6
right_child=2 -3 -4 8 5 -7 -8 -9 9 10 -12 -13 -14 -15
leaf_value=-0.014024624068692339 0.013274708305572907 -0.010628378368554563 -0.019316469288240531 -0.019668352466269811 0.0049411125098494033 0.013831306165643667 0.0067406709428179086 0.01036718767449671 -0.0051117552297298818 -0.010791266592362205 -0.016627560563018236 0.011960237720423022 0.01250027150818646 -0.016982610895028689
leaf_weight=1.3070414845424227 0.86234646919183333 1.5724392858683121 1.3228316311724473 0.68134600296616277 0.74313260649796609 4.7674032686336432 1.2726840303512319 0.84400004148483265 1.4328212479595097 0.57632190021104213 2.5614433066511992 1.4580922764143904 2.2107974843820557 1.0510554080829022
leaf_count=105 21 279 73 12 99 164 231 6 27 67 164 186 88 17
internal_value=-0.00186166 0.00225293 -0.005976 -0.0025481 0.00506427 0.00864526 -0.00475902 -0.00195212 -0.00526153 -0.0020704 -0.00836856 0.00408278 0.00596514 -0.0093835
internal_weight=22.6638 11.5578 11.106 9.78317 9.98532 7.40559 2.57973 2.63819 8.92082 8.23948 4.59586 2.03441 3.64362 1.79419
internal_count=1539 901 638 565 622 286 336 122 544 532 417 253 115 116
is_linear=0
shrinkage=0.03


Tree=384
num_leaves=15
num_cat=0
split_feature=4 2 3 5 8 8 5 4 8 8 2 1 3 7
split_gain=0.464198 0.390419 0.490382 0.361203 0.37938 0.458307 0.636958 0.693142 0.416877 0.309291 0.251533 0.662376 0.490673 0.300787
threshold=38.882535934448249 27.79027080535889 14.783325195312502 231.44509124755862 1.405733192482771 1.33662678048117 254.61253356933597 33.383050918579109 1.0288624698825137 2.3104267749292009 26.203649520874027 13.938578128814699 15.615539550781252 -0.7448928489201333
decision_type=2 2 2 2 2 2 2 2 2 2 2 2 2 2
left_child=1 3 -3 -1 5 6 -5 8 -8 -2 13 -12 -13 -6
right_child=9 2 -4 4 10 -7 7 -9 -10 -11 11 12 -14 -15
leaf_value=0.004952033381830933 0.012591368838969353 0.0027403008337263646 -0.020806105503410395 0.010588269038956823 0.0040148080105506558 0.012714772429095867 -0.0093668077043967558 -0.020457124272397608 0.010241049790360448 -0.00412156619554775 0.013252777110313899 -0.015249942616427571 0.006471932976218616 -0.014353341463016707
leaf_weight=2.4469735343882446 1.244774674996733 0.78566308348672409 2.110330602095928 1.0358172270935018 0.48098724367446788 0.96277526271296654 0.75040867507050357 1.5080974113952832 1.2555895674304336 1.1177606477285733 0.80588784883730147 1.8618594403378668 0.71629210701212276 5.7160313153435638
leaf_count=170 14 70 68 70 91 41 127 207 78 38 56 51 26 451
internal_value=-0.00505736 -0.00652608 -0.0153544 -0.00431899 -0.0060363 0.000292878 -0.00415301 -0.00988118 0.00223016 0.00580999 -0.00936145 -0.00196222 -0.00909281 -0.0125679
internal_weight=22.7992 20.4367 2.89599 17.5407 15.0937 5.51269 4.54991 3.5141 2.006 2.36254 9.58106 3.38404 2.57815 6.19702
internal_count=1558 1506 138 1368 1198 523 482 412 205 52 675 133 77 542
is_linear=0
shrinkage=0.03


Tree=385
num_leaves=15
num_cat=0
split_feature=0 7 4 6 8 0 7 8 3 2 7 4 2 8
split_gain=0.354745 0.540588 0.860197 0.687934 0.706224 0.507907 0.438266 0.379427 0.47337 0.662639 0.351089 0.481687 0.457686 0.360067
threshold=15.267641544342043 -0.44255690569814082 37.15100288391114 8.0275053977966326 1.8705135971439584 19.356113433837894 -0.042969107824024085 1.0288624698825137 14.104630947113039 18.308194160461429 -0.54586125003554553 38.237934112548835 26.382439613342289 1.7715400323817727
decision_type=2 2 2 2 2 2 2 2 2 2 2 2 2 2
left_child=7 2 5 -3 6 -2 -5 -1 9 -9 11 13 -13 -4
right_child=1 3 10 4 -6 -7 -8 8 -10 -11 -12 12 -14 -15
leaf_value=-0.0098087917828708696 -0.0081300082664215872 -0.024043965357002251 -0.021613601595881302 0.012134459129181811 -0.019157180659039888 0.015943366808468376 -0.0055721447663070345 0.0086464103228881331 0.018240477076408947 -0.015440803458188239 0.0078685155026092784 -0.0098972154641920676 0.0050655871229076249 -0.0041875666224966629
leaf_weight=0.42800200446800118 0.34990390640451119 1.4155501425266237 1.4401426598196865 1.6501737521030011 0.62548838870134194 2.5095191903237719 1.5680995881557467 1.6965933687170043 1.2541358731687067 0.66275861696340133 0.95726672088494069 1.8735147519037125 4.1186053053243086 3.0226000142865814
leaf_count=229 130 28 91 64 38 241 30 289 6 91 50 20 96 126
internal_value=-0.00237406 -0.00404694 -0.000767219 -0.0114023 -0.00274398 0.0116543 0.00423126 0.00490947 0.00840103 -0.000702063 -0.00456775 -0.00629394 -0.000359126 -0.0127381
internal_weight=23.5724 19.5309 14.2716 5.25931 3.84376 2.85942 3.21827 4.04149 3.61349 2.35935 11.4121 10.4549 5.99212 4.46274
internal_count=1529 914 754 160 132 371 94 615 386 380 383 333 116 217
is_linear=0
shrinkage=0.03


Tree=386
num_leaves=15
num_cat=0
split_feature=2 3 7 2 2 6 1 5 2 4 1 2 3 6
split_gain=0.539856 0.383379 0.524559 0.609566 0.599262 0.426731 0.407672 0.343983 0.510905 0.492141 0.483025 0.459512 0.429801 0.337896
threshold=28.947386741638187 15.699519634246828 -0.22706260448802673 27.859560012817386 28.003631591796879 8.0596179962158221 12.630872249603273 264.30863952636724 26.194494247436527 38.882535934448249 14.906283855438234 26.382439613342289 15.46491861343384 8.0682625770568865
decision_type=2 2 2 2 2 2 2 2 2 2 2 2 2 2
left_child=1 5 3 13 -5 7 -7 8 12 10 11 -10 -1 -3
right_child=-2 2 -4 4 -6 6 -8 -9 9 -11 -12 -13 -14 -15
leaf_value=0.010977324711623141 -0.017875115828428944 0.017001238224300559 -0.0064880854339700589 -0.020354483614793965 0.0084335097202368446 0.0046218479130874113 -0.018638096572665724 -0.0094891227286992494 -0.012570087903088121 0.0081608134557941067 -0.01984897989050859 0.0089597535098924885 -0.010406717125561371 -0.00061774637546135912
leaf_weight=4.0276141894282826 0.98317630344536056 3.0762259998591617 2.2524674460291854 0.35894562304019917 0.4669701803359203 0.45097436293144655 1.777596511354204 2.3442199218989108 0.46499848482199091 0.97373455920023833 1.245081343775382 1.2877782656578345 0.19951877952553321 1.1997332973405717
leaf_count=411 67 123 37 5 36 87 33 545 11 27 73 59 7 20
internal_value=-0.00291108 -0.00136854 0.00377657 0.008629 -0.00837329 -0.0043904 -0.0139575 -0.00133411 0.0017757 -0.00530464 -0.0106256 0.000756607 0.0081702 0.0128777
internal_weight=21.109 20.1259 7.35434 5.10188 0.825916 12.7715 2.22857 10.5429 8.19873 3.97159 2.99786 1.75278 4.22713 4.27596
internal_count=1541 1474 221 184 41 1253 120 1133 588 170 143 70 418 143
is_linear=0
shrinkage=0.03


Tree=387
num_leaves=15
num_cat=0
split_feature=5 0 3 5 8 0 0 0 0 0 1 5 3 3
split_gain=0.516958 0.97649 0.777856 0.617986 0.507082 0.822999 0.539895 0.374881 0.420896 0.517438 0.44249 0.35898 0.336288 0.306751
threshold=237.88254547119143 18.7666130065918 14.021656036376955 234.25231933593753 1.195531609593196 17.029743194580082 14.833924770355226 19.814307212829593 21.006048202514652 22.193042755126957 15.75525999069214 254.61253356933597 15.227270603179933 13.856672763824465
decision_type=2 2 2 2 2 2 2 2 2 2 2 2 2 2
left_child=3 4 -3 7 11 6 13 -1 12 10 -10 -2 -9 -6
right_child=1 2 -4 -5 5 -7 -8 8 9 -11 -12 -13 -14 -15
leaf_value=-0.010739356635098495 0.0078175328089412528 0.0061736469158722189 -0.025916090729281645 0.017389662314471692 -0.0025300994182053558 0.016343439187974627 -0.013786764250837118 0.00065235733582559975 0.0034730009652981916 0.0066052837024663889 -0.0170897584137071 -0.011928364476463796 0.01788777607395247 0.013580129108355706
leaf_weight=0.94858809336438099 0.33980722702108179 0.49033038559718889 1.4550769418710841 1.917828349454793 1.9270851751934972 2.4920900613069534 1.3493951735144945 1.865025018807499 1.0760355559177699 2.4990452279162128 1.4189633138885254 2.3611784190579783 1.4761826142203061 0.8407855057157575
leaf_count=25 26 47 42 185 290 132 97 77 9 172 69 323 34 9
internal_value=0.000988538 -0.00340821 -0.018478 0.00532375 0.00122742 0.00555559 -0.00289183 0.00138262 0.00376478 -0.00183803 -0.00976522 -0.0080031 0.0106335 0.00466903
internal_weight=22.4574 11.2557 1.94541 11.2017 9.31034 6.60936 4.11727 9.28384 8.33525 4.99404 2.495 2.70099 3.34121 2.76787
internal_count=1537 966 89 571 877 528 396 386 361 250 78 349 111 299
is_linear=0
shrinkage=0.03


Tree=388
num_leaves=15
num_cat=0
split_feature=4 3 6 8 8 0 4 6 8 0 6 7 3 4
split_gain=0.273816 0.33694 0.515516 0.526299 0.401691 0.494616 0.257973 0.232804 0.200166 0.598203 0.532784 0.444004 0.321113 0.185203
threshold=38.882535934448249 15.433680057525637 8.0188894271850604 0.84277748333915381 2.8925652622144127 14.133542537689211 38.632978439331062 8.0869922637939471 2.0812038414772887 20.463283538818363 8.0210433006286639 -0.090503166496606738 14.021656036376955 39.236480712890632
decision_type=2 2 2 2 2 2 2 2 2 2 2 2 2 2
left_child=1 4 -3 -4 5 -1 7 -5 10 12 -7 -12 -10 -2
right_child=13 2 3 6 -6 8 -8 -9 9 -11 11 -13 -14 -15
leaf_value=-0.012259980876247051 0.013708280346651553 0.0056122500531298062 0.0065398179576822164 -0.01683570847595281 -0.010744830008799005 -0.0064515164875348797 0.0025247567490697407 -0.00077702867209423392 0.0022623216096555971 0.011215417011730544 0.020720421724598721 0.002576294891326904 -0.01471407927786905 -0.00064881157988571844
leaf_weight=0.62092043095618166 0.8935480674845161 2.0516250695218314 0.95947636710479844 4.359384342096746 1.049101031734607 0.98735088435932805 0.63133973255753506 1.0755564942955969 1.4158963731024417 1.6900770757347343 2.0565518562216312 2.5567923840135336 1.2100044190883634 1.2614503476652315
leaf_count=557 20 46 26 162 454 24 15 21 30 19 90 28 21 29
internal_value=-0.000520128 -0.00170231 -0.00573383 -0.00933351 0.00166072 0.00372003 -0.0124143 -0.0142724 0.005752 0.000586475 0.00904071 0.012915 -0.00746094 0.0077623
internal_weight=22.8191 20.6641 9.07738 7.02576 11.5867 10.5376 6.06628 5.43494 9.91667 4.31598 5.6007 4.61334 2.6259 2.155
internal_count=1542 1493 270 224 1223 769 198 183 212 70 142 118 51 49
is_linear=0
shrinkage=0.03


Tree=389
num_leaves=15
num_cat=0
split_feature=6 6 6 4 1 1 6 6 1 8 8 6 8 7
split_gain=0.433581 0.61886 0.582469 0.443549 0.363431 0.290625 0.286661 0.308306 0.40063 0.418557 0.323236 0.288662 0.359277 0.286451
threshold=8.0533647537231463 8.0443000793457049 8.0340056419372576 37.968294143676765 14.234852313995363 16.472542762756351 8.0273594856262225 8.0192070007324237 9.3230810165405291 1.6170184856164822 2.406802220668987 8.0162868499755877 1.6841892653360231 -0.83460917328261275
decision_type=2 2 2 2 2 2 2 2 2 2 2 2 2 2
left_child=1 2 6 -4 -2 -3 7 11 -9 -10 -11 12 -1 -5
right_child=4 5 3 13 -6 -7 -8 8 9 10 -12 -13 -14 -15
leaf_value=0.0067196056435323065 0.0010986490433797028 0.015280699838115048 -0.02082084560056266 -0.0087093326746441393 -0.012135560401023912 -0.0033993280212088507 0.010055524365403206 0.009508574596305568 -0.015621392899796341 0.0070687819540015415 -0.010204999059426583 0.011009306566526444 -0.012375872172910458 0.01061742263068113
leaf_weight=0.92871437555004932 3.5778229792776974 3.2920198394422182 0.88605042653216404 0.29733276326442137 2.5910716208745725 0.52157717040972773 2.4613283672952084 0.57787531573558215 1.9662372193706685 1.7133321009459908 0.52935762400738884 2.1265818850661162 0.70828688234905712 0.53496122267097235
leaf_count=73 243 173 112 16 70 24 185 118 54 57 65 162 145 36
internal_value=0.000880412 0.00338738 -7.17883e-05 -0.0126072 -0.00537743 0.0125504 0.00277105 -0.000159197 -0.00479722 -0.00820973 0.00110182 0.00550849 -0.00310252 0.00272796
internal_weight=22.7125 16.5437 12.7301 1.71834 6.16889 3.8136 11.0117 8.55039 4.7868 4.20893 2.24269 3.76358 1.637 0.832294
internal_count=1533 1220 1023 164 313 197 859 674 294 176 122 380 218 52
is_linear=0
shrinkage=0.03


Tree=390
num_leaves=15
num_cat=0
split_feature=6 1 5 5 4 2 4 2 3 4 3 2 2 2
split_gain=0.466222 0.658287 0.925669 0.360321 0.536222 0.815408 0.32534 0.382196 0.363526 0.24001 0.37589 0.511206 0.219735 0.308671
threshold=8.0355548858642596 16.472542762756351 229.37268066406253 270.82958984375006 35.208374023437507 26.170396804809574 37.944084167480476 27.156339645385746 15.227270603179933 38.426225662231452 13.769841670989992 23.726450920104984 29.985845565795902 27.411670684814457
decision_type=2 2 2 2 2 2 2 2 2 2 2 2 2 2
left_child=12 2 -2 4 -4 9 7 -7 -8 10 11 -6 13 -1
right_child=1 -3 3 -5 5 6 8 -9 -10 -11 -12 -13 -14 -15
leaf_value=1.3313965689595489e-06 0.016437230329441645 -0.019654805814048722 -0.020636345985220711 0.0061956748704438272 -0.015962791327830836 0.0096792252142646733 -0.022218247525569619 -0.0098568273885945978 -0.00064086671346631004 -0.0043295978156396601 0.01765174620376344 0.0094885237076295821 -0.0088974012475209561 0.010038997943327785
leaf_weight=6.5533189427951584 1.1152531034313131 1.3408294173132151 1.2175931636011208 1.2864116926502891 0.28186560398899096 0.86267934646457411 1.4326160252094271 0.7468505478464067 1.0740043333498759 0.62006000289693464 1.3715868846047667 0.62832774058915675 0.34129454664071168 3.7602310988004319
leaf_count=727 22 69 31 183 106 35 28 17 30 9 109 38 23 162
internal_value=-0.00134147 -0.00520623 -0.00185252 -0.00535328 -0.00763277 -0.00308432 -0.0106656 0.000310741 -0.0157923 0.00764683 0.0112289 -0.00262368 0.00307717 0.00422485
internal_weight=22.6329 11.9781 10.6372 9.522 8.23558 7.01799 4.11615 1.60953 2.50662 2.90184 2.28178 0.910193 10.6548 10.3136
internal_count=1589 677 608 586 403 372 110 52 58 262 253 144 912 889
is_linear=0
shrinkage=0.03


Tree=391
num_leaves=15
num_cat=0
split_feature=3 6 0 4 6 2 0 5 8 4 4 4 5 2
split_gain=0.4119 0.686572 0.567759 0.40692 0.370655 0.433526 0.553647 0.342628 0.315631 0.315152 0.315925 0.287159 0.304703 0.273611
threshold=15.699519634246828 8.0464572906494158 21.006048202514652 33.941772460937507 8.0423593521118182 18.308194160461429 19.18537521362305 266.76861572265631 2.9312958016524484 34.594448089599616 33.307846069335945 38.501655578613288 237.4740905761719 21.889920234680179
decision_type=2 2 2 2 2 2 2 2 2 2 2 2 2 2
left_child=1 4 3 -2 5 7 9 -1 -8 10 -7 12 -3 -5
right_child=2 11 -4 13 -6 6 8 -9 -10 -11 -12 -13 -14 -15
leaf_value=0.015994422879589163 -0.0012134199155766356 0.0062234494996858862 -0.0033198787026559209 -0.0023393277445540113 0.013190803651442358 -0.012017974129646017 0.0074861813833529169 -0.0045040798921511587 -0.0093392694847402868 -0.02194868638246544 0.0060489026037981036 -0.019368545607799204 -0.0086850405513981491 0.017995714387173904
leaf_weight=1.0736450954573244 1.6036508604884128 1.0462542627647047 3.3920257808640599 0.44520819373428855 1.3346064934012245 0.51772141856781706 2.7326348633505408 0.58762669647694554 0.4377546039468142 0.78009187660063606 1.1000173802895004 1.1544915597187353 2.4825600926560583 3.2714093721588142
leaf_count=10 13 41 33 10 71 134 87 284 242 66 47 30 278 198
internal_value=0.00101152 -0.00228264 0.00573973 0.0111272 0.00279369 -0.000495322 -0.00458149 0.00977576 0.00348064 -0.0131283 -0.00211524 -0.0104236 -0.00386667 0.0155803
internal_weight=21.9597 13.2474 8.71229 5.32027 8.5641 7.22949 5.56822 1.66127 3.17039 2.39783 1.61774 4.68331 3.52881 3.71662
internal_count=1544 1290 254 221 941 870 576 294 329 247 181 349 319 208
is_linear=0
shrinkage=0.03


Tree=392
num_leaves=15
num_cat=0
split_feature=8 8 3 6 2 3 5 2 5 8 3 8 4 4
split_gain=0.508946 0.692012 0.740789 0.459886 0.487224 0.438375 0.409478 0.502082 0.402083 0.316552 0.29723 0.226455 0.286168 0.200735
threshold=1.7991250186756378 1.6910406365248629 14.903959274291994 8.0891404151916522 23.676937103271488 13.992669105529787 254.26270294189456 29.985845565795902 220.83675384521487 2.9312958016524484 22.69757175445557 1.5041604757592573 37.657529830932624 34.667175292968757
decision_type=2 2 2 2 2 2 2 2 2 2 2 2 2 2
left_child=1 6 -3 4 5 -2 7 11 10 -10 -6 -1 -13 -8
right_child=3 2 -4 -5 8 -7 13 -9 9 -11 -12 12 -14 -15
leaf_value=0.014236048356893636 -0.017885556192932153 0.0056107502277437217 -0.024966578290382485 -0.012798090504789963 -0.013795957942156637 0.0051598154910920246 -0.0010320953599773281 -0.010784591838403971 0.011934125971592805 -0.0045547900262640564 0.0070744883179701436 -0.0089505961517703115 0.0094232008174356049 -0.011545558841885342
leaf_weight=2.3680108229164061 0.47852009156485731 0.57670402171788637 1.3576708827167747 0.36460804747184816 0.48933717334875737 0.81770383217372 4.9048587112338282 0.42917899787425984 7.8594477677252126 0.66464735110639583 0.25123769044876099 0.67388308391673468 0.40645320503972471 1.6346569419256409
leaf_count=129 205 48 32 23 100 17 498 5 169 194 1 31 30 51
internal_value=-0.000156576 -0.00417367 -0.017045 0.00435396 0.00600192 -0.00743183 -0.000499943 0.00631572 0.00842235 0.0103052 -0.00671903 0.01039 -0.000831097 -0.00484288
internal_weight=23.2769 12.3514 1.93437 10.9255 10.5609 1.29622 10.417 3.87753 9.26467 8.5241 0.740575 3.44835 1.08034 6.53952
internal_count=1533 824 80 709 686 222 744 195 464 363 101 190 61 549
is_linear=0
shrinkage=0.03


Tree=393
num_leaves=15
num_cat=0
split_feature=8 8 8 5 1 0 2 1 3 2 0 2 0 7
split_gain=0.293076 0.707881 0.368332 0.710643 0.555874 0.366412 1.17661 0.66515 0.557325 0.642866 0.471433 0.317152 0.27671 0.22151
threshold=1.3475136826223062 1.3848532734144536 0.82260384972484102 258.14437866210943 9.4152956008911151 17.029743194580082 24.505477905273441 15.534647941589357 15.615539550781252 27.888125419616703 18.7666130065918 18.447871208190922 14.448084354400637 -0.92798266260529216
decision_type=2 2 2 2 2 2 2 2 2 2 2 2 2 2
left_child=2 -2 3 -1 12 11 -7 8 9 10 -8 -3 -4 -9
right_child=1 5 4 -5 -6 6 7 13 -10 -11 -12 -13 -14 -15
leaf_value=0.013281474267342544 0.015999968859858868 0.00044459326302691591 -0.0080613205638403584 -0.013077262560843687 -0.017847015889721589 0.015164457089262342 0.0086298454883682145 -0.0016641112585198206 0.010607566545659763 0.011699640615845152 -0.012019756636078537 -0.018674494720714849 0.010572065253783203 -0.018635716236297555
leaf_weight=1.1965118173975522 1.2855020469287435 1.2422585253079881 0.29805597399536077 0.61106085775827512 2.4622246465878561 2.6688807472237377 0.47054585494333689 1.1900348102790319 2.3553401805111207 0.86711354460567225 4.3042987792287022 0.91430728620616708 0.76434317231178284 1.8910565590194877
leaf_count=32 27 200 235 151 92 188 34 155 107 16 120 98 5 123
internal_value=-0.00166634 0.000346472 -0.00718503 0.00288671 -0.0118467 -0.00179047 0.00030419 -0.00423489 0.000708074 -0.00439949 -0.0088428 -0.0110094 0.00397048 -0.0140946
internal_weight=22.5215 17.1893 5.3322 1.80757 3.52462 15.9038 13.7473 11.0784 7.9973 5.64196 4.77484 2.15657 1.0624 3.08109
internal_count=1583 1068 515 183 332 1041 743 555 277 170 154 298 240 278
is_linear=0
shrinkage=0.03


Tree=394
num_leaves=15
num_cat=0
split_feature=7 2 0 2 1 4 6 7 0 4 7 4 8 8
split_gain=0.850254 0.719056 0.543489 0.392481 0.687409 0.869037 0.636554 0.470902 0.431094 0.373791 0.437019 0.366815 0.314487 0.353473
threshold=-0.44255690569814082 26.056502342224125 18.096292495727543 28.126243591308597 14.906283855438234 37.984342575073249 8.0509853363037127 -0.97091782375839342 19.814307212829593 35.374334335327156 0.320214981300529 35.518205642700202 1.5518149710095581 1.0390091371380692
decision_type=2 2 2 2 2 2 2 2 2 2 2 2 2 2
left_child=1 11 9 4 5 -3 -6 -5 -7 10 12 -1 13 -2
right_child=2 3 -4 7 6 8 -8 -9 -10 -11 -12 -13 -14 -15
leaf_value=-0.0066886569595269634 -5.5285765708282943e-05 0.016080386249900637 -0.021034909538505588 -0.0095809600825144826 -0.020838307638020692 -0.014084016916376509 0.0026332358459796243 0.011913717198163207 0.0062992431404088715 0.008128977660710841 0.0058820791831867029 0.015810285454308844 0.00036837958377460174 -0.02008413837553847
leaf_weight=0.20291014420218134 1.0799148185615179 1.5737783394870333 1.3889333943370727 0.42780157059314694 2.0043014822003902 1.5015675149625169 1.2811168883636126 2.3257160416978877 0.76365990086924274 1.0632642491254953 1.2661448073922654 3.19199489580933 1.6686256837274411 2.0438274062762503
leaf_count=28 192 99 82 32 78 55 27 86 12 61 58 366 137 214
internal_value=-0.00156138 0.00314162 -0.00845507 -0.00123102 -0.00484131 0.00356787 -0.0132071 0.00691137 -0.00738766 -0.00371381 -0.00664941 0.0132496 -0.0104041 -0.0148524
internal_weight=21.7836 13.2728 8.51071 9.87794 7.12442 3.83901 3.28542 2.75352 2.26523 7.12178 6.05851 3.39491 4.79237 3.12374
internal_count=1527 783 744 389 271 166 105 118 67 662 601 394 543 406
is_linear=0
shrinkage=0.03


Tree=395
num_leaves=15
num_cat=0
split_feature=8 3 6 2 2 1 8 4 4 1 8 6 4 2
split_gain=0.50561 0.450265 0.68268 0.603646 0.543586 0.724403 0.499389 0.627261 0.326771 0.459406 0.43051 0.345487 0.28649 0.252267
threshold=1.3475136826223062 17.02138710021973 8.0533647537231463 26.382439613342289 27.720981597900394 14.906283855438234 2.8925652622144127 33.672384262084968 33.241127014160163 14.289785385131838 1.0390091371380692 8.0514039993286151 37.639591217041023 26.826959609985355
decision_type=2 2 2 2 2 2 2 2 2 2 2 2 2 2
left_child=8 2 4 -4 6 -6 7 -2 10 11 -1 -10 -3 -9
right_child=1 12 3 -5 5 -7 -8 13 9 -11 -12 -13 -14 -15
leaf_value=-0.0097353581731946977 -0.0074523739821678809 0.00027327155410779893 -0.018230965670393635 0.0023672381656998577 0.010256470000094942 -0.017418160954666487 -0.0083159327303052744 0.016012381278008567 -0.02326331462743279 0.0038593758756815494 0.010154744303084337 -0.0004710897219874993 0.017130611488856501 0.0017099863276336914
leaf_weight=0.7836176644195828 0.9658153220225375 1.4398945581633591 1.9079575311334331 1.9245271211257202 0.55781439959537138 1.2189046318817416 0.85453343656263303 4.7524936024274211 1.4640953581401852 0.8097030542558058 1.1979321038816122 0.84618090745061625 1.6149805097957139 1.6975483172573147
leaf_count=150 42 24 141 50 34 90 315 235 202 23 62 70 48 52
internal_value=-0.000125969 0.00241721 -0.000141916 -0.00953791 0.00398115 -0.00816487 0.00718974 0.00975229 -0.00758058 -0.0124293 0.00166198 -0.0175794 0.0112119 0.012983
internal_weight=22.036 16.9345 13.8796 3.83248 10.0471 1.77672 8.27039 7.41586 5.10153 3.11998 1.98155 2.31028 3.05488 6.45004
internal_count=1538 1031 959 191 768 124 644 329 507 295 212 272 72 287
is_linear=0
shrinkage=0.03


Tree=396
num_leaves=15
num_cat=0
split_feature=0 1 0 4 1 1 8 4 8 1 6 0 6 0
split_gain=0.511209 0.396286 0.741303 0.453959 0.410113 0.544576 0.303276 0.403464 0.356587 0.387202 0.3189 0.309776 0.325282 0.379931
threshold=23.085697174072269 13.093044757843019 16.951104164123539 33.241127014160163 13.624213695526125 14.17882013320923 2.272837553724194 35.98231506347657 1.5780440969185852 14.906283855438234 8.0712928771972674 20.544383049011234 8.0576586723327654 22.297799110412601
decision_type=2 2 2 2 2 2 2 2 2 2 2 2 2 2
left_child=1 2 -1 -4 -3 -6 7 -7 -9 10 -10 -8 13 -13
right_child=-2 4 3 -5 5 6 11 8 9 -11 -12 12 -14 -15
leaf_value=-0.0041685510578518062 0.013126418854294764 -0.015678177477851604 -0.0040570787426610251 0.01914345735156444 0.010145924056545203 0.0056223828288751105 -0.0073870856096206351 0.0023991042721221252 0.0098778667496555519 -0.020680875239704518 -0.0092326832547476884 0.013979616623734913 -0.008521736176453111 -0.0073621156997648899
leaf_weight=4.385917890162097 1.1157603413739696 1.7896925854147401 0.62552037584828246 1.8253096623811869 1.5775230712897599 0.76563217816874196 1.5906991476658729 0.91352010978152964 0.48160742822801716 2.5947877708822489 0.67479434795677662 2.1169891268364163 0.30761920424993139 0.30235512036597345
leaf_count=657 82 80 11 72 128 15 144 31 47 41 6 99 13 70
internal_value=-0.000984319 -0.00236226 0.00319518 0.0137623 -0.00528039 -0.0024986 -0.00529847 -0.00943236 -0.0124597 -0.0158215 -0.000383845 0.000696795 0.00612913 0.0099394
internal_weight=21.0677 19.952 6.83675 2.45083 13.1152 11.3255 9.748 5.43034 4.66471 3.75119 1.1564 4.31766 2.72696 2.41934
internal_count=1496 1414 740 83 674 594 466 140 125 94 53 326 182 169
is_linear=0
shrinkage=0.03


Tree=397
num_leaves=15
num_cat=0
split_feature=6 0 6 0 2 2 8 7 5 3 7 8 2 8
split_gain=0.381119 0.47908 0.496201 0.408499 0.398623 0.53179 0.499975 0.34914 0.583332 0.363901 0.360846 0.480609 0.262619 0.385961
threshold=8.0862870216369647 19.501204490661625 8.0759630203247088 28.527295112609867 23.676937103271488 23.017371177673343 2.8430144265406736 -0.81817850635583822 232.17485809326175 14.164433956146242 -0.1849010436402676 2.2309783467139472 27.945035934448246 2.272837553724194
decision_type=2 2 2 2 2 2 2 2 2 2 2 2 2 2
left_child=1 4 3 7 5 -1 -6 9 -9 -3 11 -10 13 -11
right_child=-2 2 -4 -5 6 -7 -8 8 10 12 -12 -13 -14 -15
leaf_value=0.0038038033460939726 -0.010275951439487402 -0.014070685537788506 0.011474093854254491 0.010176537704081133 0.018816648747542724 -0.0161155471570208 -0.0069787212913686907 -0.023909661407633554 0.014720124936499223 -0.010937902764462413 -0.013849234148924847 -0.0080051778850313681 0.0095901616392599573 0.0058664861685241649
leaf_weight=6.6951705262035883 2.8025868345575864 0.75173961499239972 0.66046467982232648 0.36221542625571679 1.741726342821494 0.43229596695164207 0.32347635028418142 1.5438680819061095 0.89445618930039905 1.5099192350171509 0.27150196360889811 0.65522498587961309 1.3274891925975678 1.5223261117935178
leaf_count=775 69 202 12 15 125 23 26 73 105 38 6 47 22 14
internal_value=-0.00161804 0.000136008 -0.00436837 -0.00659807 0.0047625 0.000761453 0.0138177 -0.0083131 -0.0146152 -0.00245166 -0.00105384 0.00574043 0.00180325 -0.00313871
internal_weight=21.4945 18.6919 9.49921 8.83874 9.19267 7.12747 2.0652 8.47653 3.36505 5.11147 1.82118 1.54968 4.35973 3.03225
internal_count=1552 1483 534 522 949 798 151 507 231 276 158 152 74 52
is_linear=0
shrinkage=0.03


Tree=398
num_leaves=15
num_cat=0
split_feature=3 2 2 2 3 3 8 8 8 0 6 8 8 3
split_gain=0.322318 0.35752 0.411317 0.448377 0.489508 0.426962 0.572939 0.380009 0.556872 0.538305 0.512824 0.637028 0.36089 0.262965
threshold=22.69757175445557 29.291781425476078 28.126243591308597 27.081704139709476 14.104630947113039 13.299135684967043 2.406802220668987 0.95720385928807106 1.405733192482771 17.029743194580082 8.0600395202636737 1.9365449016937606 1.7715400323817727 15.498984813690187
decision_type=2 2 2 2 2 2 2 2 2 2 2 2 2 2
left_child=1 2 3 4 5 -1 -7 -6 -9 -10 -11 12 -12 -5
right_child=-2 -3 -4 13 7 6 -8 8 9 10 11 -13 -14 -15
leaf_value=0.0017537164893629794 0.011961477869945893 -0.014978934758377463 0.0096206291657421564 -0.00053897853689911909 -0.0080687813236017362 -0.021898697226013147 0.0044804915437229413 0.017491117807084983 -0.013623792004026997 0.012210691739536641 -0.0049304710349943439 -0.014242834443414792 0.015106085541648292 -0.014548148255254717
leaf_weight=2.503435621998519 0.68079401552677055 0.68243627206538704 2.0989529303333248 1.9860269882483397 1.0480268823448557 1.2991995463962664 0.66557594889309246 1.9144937610253672 0.738383563235402 2.9946641396963969 0.76242709299549483 1.3259148243814705 0.87945829960517585 2.41946252330672
leaf_count=914 3 53 68 78 38 65 18 49 9 115 28 16 13 77
internal_value=-0.000750485 -0.00167419 -0.000562223 -0.00214864 0.000619771 -0.00671935 -0.0144655 0.00432518 0.00651522 0.00151519 0.00507746 -0.00338373 0.00745742 -0.00950076
internal_weight=21.9993 21.3185 20.636 18.5371 14.1316 4.46821 1.96478 9.66337 8.61534 6.70085 5.96246 2.9678 1.64189 4.40549
internal_count=1544 1541 1488 1420 1265 997 83 268 230 181 172 57 41 155
is_linear=0
shrinkage=0.03


Tree=399
num_leaves=15
num_cat=0
split_feature=3 2 1 1 2 5 1 4 6 8 3 4 8 5
split_gain=0.401408 0.54377 0.556226 0.557591 0.432273 0.382769 0.335255 0.465103 0.408868 0.466893 0.315598 0.209912 0.438435 0.284058
threshold=16.674709320068363 27.82015419006348 16.472542762756351 15.695492267608644 28.947386741638187 244.39571380615237 12.431427955627443 32.098018646240241 8.0213117599487322 0.78202887872996796 12.161772251129152 38.034402847290046 2.2309783467139472 233.6293640136719
decision_type=2 2 2 2 2 2 2 2 2 2 2 2 2 2
left_child=1 2 3 6 5 -2 7 -1 -9 -10 -11 -8 13 -13
right_child=4 -3 -4 -5 -6 -7 11 8 9 10 -12 12 -14 -15
leaf_value=-0.013314674458796147 0.015387055085488967 0.0093217376830353454 -0.019704923617973932 0.011515948168357175 -0.0048167148066241561 -0.0039168917197999953 -0.011683329855758534 -0.010299522717801778 -0.0092583474142524189 -0.0061088100987291187 0.01401354110352253 -0.0051970954346923408 -0.01051278967452032 0.014414135797381914
leaf_weight=0.62255384615855813 2.6825308747356753 1.9005635921785131 1.0245001806470089 1.2500445012119588 1.6209331154823301 0.7739377194084226 4.7173366550559876 0.4472796529153128 0.4099986572691704 0.2508840986847648 3.5228759535821155 0.4019807428121569 1.0661364294355733 0.85574722092133015
leaf_count=164 128 112 196 49 15 12 227 122 70 203 122 5 24 74
internal_value=-0.000564683 -0.00285192 -0.0049367 -0.00254169 0.00610305 0.0111557 -0.00472966 0.000987556 0.00493329 0.00823453 0.0116764 -0.00858772 -0.000679358 0.00862051
internal_weight=21.5473 16.4699 14.5693 13.5448 5.0774 3.45647 12.2948 5.25359 4.63104 4.18376 3.77376 7.0412 2.32386 1.25773
internal_count=1523 1368 1256 1060 155 140 1011 681 517 395 325 330 103 79
is_linear=0
shrinkage=0.03


end of trees

feature_importances:
Column_8=831
Column_4=657
Column_3=652
Column_2=622
Column_6=588
Column_1=579
Column_0=530
Column_5=521
Column_7=492

parameters:
[boosting: gbdt]
[objective: binary]
[metric: binary_logloss]
[tree_learner: serial]
[device_type: cpu]
[data_sample_strategy: bagging]
[data: ]
[valid: ]
[num_iterations: 400]
[learning_rate: 0.03]
[num_leaves: 15]
[num_threads: 4]
[seed: 20261004]
[deterministic: 0]
[force_col_wise: 0]
[force_row_wise: 0]
[histogram_pool_size: -1]
[max_depth: -1]
[min_data_in_leaf: 20]
[min_sum_hessian_in_leaf: 0.001]
[bagging_fraction: 0.8]
[pos_bagging_fraction: 1]
[neg_bagging_fraction: 1]
[bagging_freq: 1]
[bagging_seed: 5966]
[bagging_by_query: 0]
[feature_fraction: 0.8]
[feature_fraction_bynode: 1]
[feature_fraction_seed: 18294]
[extra_trees: 0]
[extra_seed: 9890]
[early_stopping_round: 0]
[early_stopping_min_delta: 0]
[first_metric_only: 0]
[max_delta_step: 0]
[lambda_l1: 0]
[lambda_l2: 1]
[linear_lambda: 0]
[min_gain_to_split: 0]
[drop_rate: 0.1]
[max_drop: 50]
[skip_drop: 0.5]
[xgboost_dart_mode: 0]
[uniform_drop: 0]
[drop_seed: 16051]
[top_rate: 0.2]
[other_rate: 0.1]
[min_data_per_group: 100]
[max_cat_threshold: 32]
[cat_l2: 10]
[cat_smooth: 10]
[max_cat_to_onehot: 4]
[top_k: 20]
[monotone_constraints: ]
[monotone_constraints_method: basic]
[monotone_penalty: 0]
[feature_contri: ]
[forcedsplits_filename: ]
[refit_decay_rate: 0.9]
[cegb_tradeoff: 1]
[cegb_penalty_split: 0]
[cegb_penalty_feature_lazy: ]
[cegb_penalty_feature_coupled: ]
[path_smooth: 0]
[interaction_constraints: ]
[verbosity: -1]
[saved_feature_importance_type: 0]
[use_quantized_grad: 0]
[num_grad_quant_bins: 4]
[quant_train_renew_leaf: 0]
[stochastic_rounding: 1]
[linear_tree: 0]
[max_bin: 255]
[max_bin_by_feature: ]
[min_data_in_bin: 3]
[bin_construct_sample_cnt: 200000]
[data_random_seed: 5360]
[is_enable_sparse: 1]
[enable_bundle: 1]
[use_missing: 1]
[zero_as_missing: 0]
[feature_pre_filter: 1]
[pre_partition: 0]
[two_round: 0]
[header: 0]
[label_column: ]
[weight_column: ]
[group_column: ]
[ignore_column: ]
[categorical_feature: ]
[forcedbins_filename: ]
[precise_float_parser: 0]
[parser_config_file: ]
[objective_seed: 20746]
[num_class: 1]
[is_unbalance: 0]
[scale_pos_weight: 1]
[sigmoid: 1]
[boost_from_average: 1]
[reg_sqrt: 0]
[alpha: 0.9]
[fair_c: 1]
[poisson_max_delta_step: 0.7]
[tweedie_variance_power: 1.5]
[lambdarank_truncation_level: 30]
[lambdarank_norm: 1]
[label_gain: ]
[lambdarank_position_bias_regularization: 0]
[eval_at: ]
[multi_error_top_k: 1]
[auc_mu_weights: ]
[num_machines: 1]
[local_listen_port: 12400]
[time_out: 120]
[machine_list_filename: ]
[machines: ]
[gpu_platform_id: -1]
[gpu_device_id: -1]
[gpu_device_id_list: ]
[gpu_use_dp: 0]
[num_gpu: 1]

end of parameters

pandas_categorical:null
