{"type":"FeatureCollection","features":[{"type":"Feature","properties":{},"geometry":{"type":"MultiPolygon","coordinates":[[[[-56.957,6.012],[-56.83,5.986],[-56.66,5.98],[-56.574,5.941],[-55.936,5.805],[-55.898,5.763],[-55.898,5.677],[-55.884,5.742],[-55.915,5.822],[-55.9,5.842],[-55.934,5.85],[-55.951,5.882],[-55.924,5.928],[-55.868,5.97],[-55.637,5.986],[-55.336,5.963],[-55.233,5.903],[-55.148,5.908],[-55.103,5.866],[-55.13,5.821],[-55.101,5.83],[-55.086,5.883],[-55.01,5.856],[-54.981,5.865],[-54.95,5.85],[-54.9,5.875],[-54.863,5.856],[-54.89,5.883],[-55.017,5.872],[-55.105,5.909],[-55.15,5.941],[-55.16,5.958],[-55.144,5.974],[-55.045,5.993],[-54.774,5.985],[-54.472,5.941],[-54.02,5.83],[-53.986,5.746],[-54.031,5.669],[-54.061,5.513],[-54.171,5.348],[-54.107,5.381],[-54.061,5.437],[-54.007,5.558],[-53.992,5.661],[-53.944,5.745],[-53.808,5.715],[-53.832,5.732],[-53.81,5.731],[-53.495,5.572],[-53.277,5.538],[-53.23,5.495],[-53.208,5.502],[-53.208,5.514],[-53.29,5.549],[-53.271,5.56],[-53.083,5.472],[-52.995,5.458],[-52.897,5.406],[-52.783,5.317],[-52.753,5.267],[-52.526,5.071],[-52.527,5.054],[-52.48,5.04],[-52.402,4.974],[-52.38,4.937],[-52.389,4.896],[-52.324,4.951],[-52.279,4.931],[-52.259,4.892],[-52.343,4.761],[-52.34,4.725],[-52.3,4.813],[-52.232,4.875],[-52.193,4.85],[-52.159,4.796],[-52.025,4.694],[-51.996,4.652],[-51.951,4.454],[-51.962,4.408],[-52.046,4.334],[-51.951,4.371],[-51.937,4.392],[-51.923,4.447],[-51.931,4.59],[-51.909,4.656],[-51.865,4.665],[-51.802,4.613],[-51.758,4.478],[-51.731,4.457],[-51.745,4.437],[-51.738,4.413],[-51.69,4.385],[-51.712,4.354],[-51.715,4.316],[-51.657,4.217],[-51.649,4.152],[-51.683,4.039],[-51.632,4.068],[-51.596,4.158],[-51.597,4.216],[-51.572,4.235],[-51.437,3.93],[-51.435,3.986],[-51.498,4.105],[-51.547,4.255],[-51.56,4.369],[-51.548,4.422],[-51.516,4.441],[-51.389,4.359],[-51.224,4.165],[-51.179,4.025],[-51.18,3.804],[-51.197,3.7],[-51.176,3.648],[-51.136,3.868],[-51.116,3.906],[-51.093,3.907],[-51.08,3.882],[-51.09,3.725],[-51.079,3.492],[-51.096,3.449],[-51.093,3.376],[-51.036,3.229],[-51.028,3.182],[-51.041,3.151],[-51.014,3.072],[-51.017,3.036],[-50.944,2.875],[-50.945,2.822],[-50.903,2.794],[-50.852,2.666],[-50.819,2.552],[-50.839,2.497],[-50.792,2.495],[-50.763,2.444],[-50.713,2.237],[-50.679,2.172],[-50.703,2.141],[-50.737,2.134],[-50.793,2.162],[-50.765,2.124],[-50.78,2.071],[-50.752,2.045],[-50.735,2.104],[-50.702,2.13],[-50.66,2.131],[-50.62,2.105],[-50.59,2.017],[-50.522,1.913],[-50.509,1.857],[-50.467,1.815],[-50.393,1.798],[-50.331,1.818],[-50.165,1.816],[-49.951,1.721],[-49.91,1.664],[-49.901,1.612],[-49.874,1.392],[-49.883,1.308],[-49.913,1.272],[-49.975,1.245],[-50.102,1.215],[-50.15,1.221],[-50.12,1.185],[-49.975,1.198],[-49.922,1.218],[-49.888,1.175],[-49.908,1.133],[-49.979,1.072],[-50.014,1.071],[-50.032,1.106],[-50.061,1.019],[-50.101,1.0],[-57.0,1.0],[-56.994,5.993],[-56.957,6.012]]],[[[44.334,-20.17],[44.439,-20.055],[44.474,-19.986],[44.472,-19.879],[44.453,-19.877],[44.44,-19.842],[44.398,-19.824],[44.371,-19.774],[44.41,-19.701],[44.405,-19.61],[44.433,-19.589],[44.448,-19.544],[44.484,-19.523],[44.48,-19.484],[44.445,-19.386],[44.378,-19.313],[44.344,-19.236],[44.234,-19.089],[44.257,-18.804],[44.186,-18.611],[44.05,-18.427],[44.042,-18.397],[44.042,-18.198],[44.001,-17.938],[44.036,-17.769],[43.929,-17.602],[43.924,-17.546],[43.943,-17.456],[44.012,-17.334],[44.036,-17.33],[44.138,-17.171],[44.152,-17.094],[44.18,-17.095],[44.238,-16.971],[44.431,-16.7],[44.44,-16.656],[44.412,-16.573],[44.428,-16.538],[44.44,-16.567],[44.456,-16.541],[44.463,-16.485],[44.401,-16.373],[44.398,-16.34],[44.436,-16.279],[44.445,-16.196],[44.537,-16.177],[44.782,-16.191],[44.836,-16.221],[44.868,-16.221],[44.891,-16.191],[44.961,-16.17],[44.953,-16.163],[45.04,-16.118],[45.139,-15.991],[45.266,-15.924],[45.296,-16.037],[45.298,-16.112],[45.329,-16.11],[45.358,-16.077],[45.406,-16.055],[45.41,-16.031],[45.371,-15.995],[45.379,-15.974],[45.57,-15.943],[45.59,-15.988],[45.58,-16.041],[45.598,-16.032],[45.605,-16.052],[45.622,-16.032],[45.612,-15.981],[45.638,-15.943],[45.646,-15.891],[45.621,-15.851],[45.661,-15.804],[45.704,-15.782],[45.802,-15.817],[45.898,-15.775],[45.949,-15.774],[45.959,-15.84],[46.066,-15.862],[46.05,-15.826],[46.071,-15.779],[46.01,-15.814],[46.016,-15.792],[46.074,-15.731],[46.144,-15.704],[46.236,-15.717],[46.249,-15.758],[46.207,-15.82],[46.331,-15.977],[46.338,-15.936],[46.365,-15.964],[46.385,-15.959],[46.386,-15.902],[46.412,-15.9],[46.469,-15.957],[46.479,-15.949],[46.444,-15.881],[46.383,-15.835],[46.299,-15.816],[46.356,-15.733],[46.304,-15.71],[46.333,-15.63],[46.482,-15.491],[46.489,-15.512],[46.605,-15.424],[46.68,-15.415],[46.636,-15.399],[46.643,-15.378],[46.701,-15.364],[46.879,-15.225],[46.949,-15.198],[46.971,-15.198],[46.997,-15.282],[47.075,-15.324],[47.05,-15.375],[47.012,-15.405],[46.967,-15.492],[46.958,-15.55],[46.969,-15.552],[46.997,-15.495],[47.232,-15.433],[47.231,-15.41],[47.199,-15.4],[47.179,-15.365],[47.166,-15.296],[47.112,-15.306],[47.12,-15.258],[47.088,-15.255],[47.056,-15.194],[47.092,-15.135],[47.206,-15.047],[47.241,-14.97],[47.292,-14.923],[47.372,-14.891],[47.368,-14.847],[47.309,-14.875],[47.284,-14.847],[47.445,-14.672],[47.465,-14.665],[47.496,-14.712],[47.493,-14.783],[47.517,-14.82],[47.421,-14.966],[47.41,-15.088],[47.428,-15.108],[47.482,-15.08],[47.523,-14.999],[47.551,-14.977],[47.563,-14.985],[47.571,-14.933],[47.652,-14.759],[47.797,-14.566],[47.859,-14.641],[47.914,-14.662],[47.921,-14.71],[47.936,-14.672],[47.914,-14.641],[47.942,-14.619],[47.969,-14.622],[47.996,-14.675],[48.0,-14.762],[48.022,-14.708],[48.013,-14.63],[47.926,-14.567],[47.84,-14.591],[47.804,-14.546],[47.753,-14.601],[47.721,-14.545],[47.736,-14.525],[47.702,-14.446],[47.722,-14.338],[47.774,-14.29],[47.791,-14.223],[47.814,-14.216],[47.861,-14.249],[47.927,-14.246],[47.944,-14.233],[47.955,-14.185],[47.942,-14.135],[47.907,-14.1],[47.92,-14.086],[48.014,-14.141],[47.979,-14.262],[47.983,-14.325],[48.003,-14.318],[48.003,-14.285],[48.034,-14.262],[48.011,-14.21],[48.045,-14.152],[48.048,-14.084],[47.941,-14.004],[48.017,-13.965],[48.017,-13.953],[47.917,-13.898],[47.876,-13.784],[47.884,-13.728],[47.928,-13.709],[47.895,-13.679],[47.904,-13.603],[47.918,-13.583],[47.953,-13.59],[47.966,-13.521],[47.985,-13.507],[48.003,-13.517],[47.983,-13.543],[47.99,-13.558],[48.011,-13.552],[48.015,-13.58],[48.051,-13.544],[48.031,-13.517],[48.068,-13.517],[48.084,-13.529],[48.099,-13.599],[48.142,-13.595],[48.175,-13.716],[48.194,-13.727],[48.181,-13.747],[48.192,-13.767],[48.248,-13.8],[48.299,-13.798],[48.341,-13.756],[48.325,-13.73],[48.332,-13.661],[48.36,-13.599],[48.333,-13.546],[48.364,-13.544],[48.394,-13.586],[48.428,-13.524],[48.49,-13.517],[48.49,-13.497],[48.534,-13.521],[48.482,-13.415],[48.482,-13.36],[48.507,-13.373],[48.524,-13.411],[48.605,-13.445],[48.711,-13.432],[48.78,-13.384],[48.805,-13.353],[48.788,-13.333],[48.839,-13.26],[48.819,-13.176],[48.844,-13.081],[48.906,-12.961],[48.942,-12.928],[48.955,-12.812],[48.915,-12.75],[48.902,-12.682],[48.866,-12.647],[48.887,-12.565],[48.868,-12.551],[48.839,-12.565],[48.839,-12.535],[48.774,-12.435],[48.771,-12.455],[48.73,-12.435],[48.76,-12.398],[48.853,-12.414],[48.904,-12.489],[48.946,-12.48],[48.985,-12.333],[49.024,-12.326],[49.065,-12.277],[49.08,-12.295],[49.12,-12.243],[49.151,-12.251],[49.168,-12.216],[49.161,-12.182],[49.202,-12.147],[49.141,-12.099],[49.093,-12.099],[49.161,-12.051],[49.223,-12.106],[49.217,-12.065],[49.182,-12.044],[49.243,-11.954],[49.278,-11.948],[49.316,-11.986],[49.323,-12.029],[49.349,-12.066],[49.353,-12.146],[49.373,-12.198],[49.329,-12.157],[49.285,-12.178],[49.264,-12.14],[49.24,-12.163],[49.249,-12.18],[49.23,-12.222],[49.292,-12.239],[49.271,-12.264],[49.282,-12.285],[49.307,-12.255],[49.326,-12.277],[49.32,-12.295],[49.349,-12.299],[49.367,-12.292],[49.358,-12.246],[49.381,-12.223],[49.422,-12.274],[49.456,-12.373],[49.497,-12.346],[49.539,-12.378],[49.538,-12.407],[49.49,-12.407],[49.528,-12.443],[49.559,-12.421],[49.586,-12.482],[49.595,-12.53],[49.592,-12.543],[49.575,-12.53],[49.572,-12.49],[49.566,-12.517],[49.581,-12.574],[49.563,-12.628],[49.575,-12.657],[49.6,-12.647],[49.653,-12.695],[49.675,-12.757],[49.655,-12.805],[49.689,-12.805],[49.719,-12.74],[49.744,-12.743],[49.737,-12.757],[49.805,-12.805],[49.815,-12.866],[49.874,-12.888],[49.875,-12.908],[49.853,-12.924],[49.904,-12.962],[49.942,-13.034],[49.942,-13.219],[49.973,-13.271],[49.977,-13.346],[50.024,-13.346],[50.033,-13.361],[50.024,-13.412],[50.041,-13.497],[50.073,-13.544],[50.079,-13.606],[50.099,-13.615],[50.097,-13.676],[50.143,-13.783],[50.153,-13.983],[50.176,-14.086],[50.164,-14.223],[50.213,-14.287],[50.189,-14.439],[50.211,-14.615],[50.241,-14.706],[50.232,-14.738],[50.21,-14.751],[50.265,-14.798],[50.284,-14.879],[50.355,-15.033],[50.422,-15.118],[50.44,-15.168],[50.49,-15.219],[50.504,-15.316],[50.488,-15.354],[50.483,-15.443],[50.463,-15.47],[50.43,-15.6],[50.341,-15.764],[50.337,-15.811],[50.23,-15.971],[50.168,-15.985],[50.148,-15.935],[50.131,-15.919],[50.107,-15.923],[50.039,-15.859],[50.025,-15.771],[49.986,-15.742],[49.965,-15.702],[49.976,-15.627],[49.906,-15.562],[49.901,-15.422],[49.718,-15.447],[49.638,-15.545],[49.662,-15.642],[49.648,-15.683],[49.677,-15.719],[49.734,-15.906],[49.684,-16.02],[49.69,-16.087],[49.729,-16.139],[49.823,-16.18],[49.85,-16.241],[49.827,-16.373],[49.832,-16.408],[49.863,-16.445],[49.854,-16.54],[49.797,-16.641],[49.723,-16.708],[49.725,-16.754],[49.768,-16.816],[49.84,-16.828],[49.608,-16.897],[49.529,-17.042],[49.431,-17.284],[49.421,-17.355],[49.456,-17.417],[49.51,-17.728],[49.414,-18.067],[49.418,-18.115],[49.441,-18.154],[49.415,-18.17],[49.384,-18.226],[49.359,-18.424],[49.243,-18.657],[49.191,-18.843],[49.077,-19.066],[48.986,-19.379],[48.86,-19.685],[48.824,-19.903],[48.791,-19.993],[48.76,-19.955],[48.75,-19.966],[48.782,-20.037],[48.699,-20.2],[48.562,-20.577],[48.462,-20.932],[48.43,-20.979],[48.434,-20.994],[48.455,-20.985],[48.456,-21.014],[48.379,-21.224],[48.357,-21.354],[48.202,-21.796],[47.947,-22.348],[47.898,-22.5],[43.5,-22.5],[43.507,-21.31],[43.523,-21.327],[43.587,-21.275],[43.68,-21.266],[43.735,-21.282],[43.813,-21.224],[43.864,-21.076],[43.902,-20.883],[43.965,-20.767],[44.036,-20.726],[44.09,-20.631],[44.126,-20.498],[44.152,-20.466],[44.159,-20.493],[44.197,-20.422],[44.255,-20.376],[44.251,-20.344],[44.334,-20.17]]],[[[-6.024,35.501],[-5.927,35.781],[-5.873,35.802],[-5.769,35.793],[-5.694,35.834],[-5.599,35.822],[-5.469,35.91],[-5.414,35.909],[-5.405,35.927],[-5.309,35.901],[-5.283,35.912],[-5.336,35.862],[-5.346,35.833],[-5.319,35.702],[-5.305,35.685],[-5.277,35.685],[-5.249,35.585],[-5.151,35.516],[-5.066,35.417],[-4.989,35.388],[-4.909,35.315],[-4.77,35.241],[-4.628,35.205],[-4.348,35.15],[-4.269,35.185],[-4.131,35.205],[-3.919,35.267],[-3.909,35.255],[-3.93,35.244],[-3.904,35.214],[-3.787,35.209],[-3.765,35.218],[-3.747,35.264],[-3.7,35.291],[-3.591,35.233],[-3.362,35.195],[-3.195,35.238],[-3.118,35.294],[-3.077,35.288],[-3.045,35.314],[-2.969,35.446],[-2.952,35.433],[-2.963,35.373],[-2.948,35.33],[-2.899,35.26],[-2.912,35.236],[-2.905,35.174],[-2.856,35.131],[-2.748,35.116],[-2.868,35.217],[-2.878,35.246],[-2.761,35.143],[-2.667,35.108],[-2.517,35.099],[-2.417,35.149],[-2.223,35.089],[-2.157,35.101],[-2.052,35.075],[-1.956,35.075],[-1.813,35.127],[-1.761,35.13],[-1.713,35.171],[-1.638,35.195],[-1.51,35.295],[-1.364,35.318],[-1.268,35.39],[-1.183,35.576],[-1.148,35.582],[-1.033,35.683],[-0.923,35.725],[-0.888,35.716],[-0.802,35.774],[-0.711,35.743],[-0.692,35.719],[-0.626,35.723],[-0.589,35.742],[-0.577,35.771],[-0.523,35.78],[-0.477,35.859],[-0.479,35.89],[-0.418,35.884],[-0.349,35.907],[-0.302,35.878],[-0.302,35.843],[-0.286,35.828],[-0.145,35.79],[-0.083,35.794],[0.035,35.863],[0.127,36.051],[0.219,36.117],[0.321,36.159],[0.342,36.206],[0.451,36.223],[0.644,36.329],[0.753,36.339],[0.865,36.377],[0.925,36.418],[0.946,36.452],[1.045,36.487],[1.117,36.487],[1.368,36.548],[1.453,36.528],[1.761,36.562],[2.06,36.57],[2.33,36.637],[2.373,36.634],[2.404,36.599],[2.447,36.591],[2.601,36.596],[2.793,36.693],[2.85,36.754],[2.933,36.809],[3.014,36.812],[3.14,36.742],[3.21,36.757],[3.227,36.812],[3.341,36.781],[3.48,36.777],[3.612,36.809],[3.742,36.891],[3.827,36.913],[4.105,36.884],[4.16,36.904],[4.21,36.891],[4.262,36.912],[4.32,36.898],[4.441,36.912],[4.551,36.884],[4.787,36.895],[5.009,36.816],[5.046,36.789],[5.105,36.781],[5.09,36.717],[5.236,36.651],[5.304,36.643],[5.465,36.665],[5.549,36.71],[5.594,36.774],[5.734,36.832],[5.869,36.823],[6.197,36.902],[6.257,36.946],[6.267,37.018],[6.339,37.069],[6.416,37.093],[6.462,37.094],[6.544,37.059],[6.599,36.973],[6.822,36.953],[6.87,36.929],[6.88,36.902],[6.949,36.89],[7.092,36.926],[7.157,36.915],[7.239,36.972],[7.256,37.015],[7.182,37.083],[7.223,37.09],[7.275,37.069],[7.298,37.083],[7.336,37.069],[7.383,37.083],[7.405,37.052],[7.456,37.042],[7.49,37.055],[7.589,36.988],[7.674,36.987],[7.713,36.963],[7.771,36.97],[7.799,36.994],[7.774,36.931],[7.791,36.918],[7.773,36.89],[7.81,36.868],[7.908,36.85],[8.05,36.878],[8.233,36.958],[8.288,36.926],[8.389,36.923],[8.463,36.902],[8.692,36.969],[8.802,36.973],[8.904,37.022],[8.988,37.117],[9.039,37.152],[9.159,37.193],[9.211,37.234],[9.343,37.235],[9.419,37.276],[9.454,37.268],[9.553,37.31],[9.591,37.303],[9.649,37.332],[9.745,37.345],[9.773,37.331],[9.859,37.329],[9.862,37.271],[9.772,37.213],[9.816,37.152],[9.88,37.15],[9.914,37.178],[9.925,37.213],[9.861,37.234],[9.82,37.228],[9.882,37.264],[9.98,37.246],[10.06,37.265],[10.076,37.245],[10.146,37.237],[10.272,37.179],[10.211,37.159],[10.206,37.175],[10.178,37.178],[10.128,37.159],[10.162,37.134],[10.211,37.138],[10.227,37.118],[10.224,37.096],[10.218,37.11],[10.174,37.076],[10.182,37.027],[10.22,36.977],[10.314,36.918],[10.347,36.88],[10.299,36.822],[10.272,36.829],[10.28,36.844],[10.253,36.846],[10.211,36.832],[10.188,36.798],[10.247,36.786],[10.272,36.816],[10.32,36.749],[10.355,36.731],[10.437,36.729],[10.519,36.756],[10.585,36.876],[10.733,36.896],[10.888,37.006],[10.902,37.049],[10.974,37.061],[11.013,37.085],[11.051,37.08],[11.06,37.062],[11.048,37.02],[11.088,36.959],[11.094,36.918],[11.136,36.871],[11.117,36.838],[11.022,36.788],[10.8,36.452],[10.717,36.435],[10.62,36.39],[10.586,36.398],[10.551,36.377],[10.519,36.337],[10.479,36.217],[10.48,36.079],[10.519,35.98],[10.582,35.922],[10.609,35.856],[10.713,35.779],[10.823,35.78],[10.841,35.767],[10.825,35.733],[10.841,35.699],[10.972,35.654],[11.012,35.658],[11.055,35.614],[11.017,35.602],[11.012,35.579],[11.039,35.519],[11.085,35.507],[11.058,35.487],[11.051,35.46],[11.042,35.334],[11.101,35.267],[11.161,35.238],[11.159,35.219],[11.112,35.206],[11.063,35.154],[11.016,35.093],[11.018,35.034],[10.985,35.0],[-6.25,35.0],[-6.205,35.125],[-6.024,35.501]]],[[[19.989,39.687],[19.984,39.701],[20.0,39.743],[19.989,39.687]]],[[[19.981,39.757],[20.0,39.794],[20.0,39.749],[19.981,39.757]]],[[[19.906,39.906],[19.941,39.94],[19.863,40.045],[19.807,40.053],[19.777,40.078],[19.771,40.063],[19.733,40.11],[19.476,40.214],[19.381,40.295],[19.344,40.374],[19.29,40.42],[19.316,40.438],[19.348,40.431],[19.424,40.33],[19.475,40.348],[19.479,40.454],[19.419,40.492],[19.391,40.522],[19.386,40.543],[19.434,40.506],[19.455,40.554],[19.416,40.583],[19.392,40.578],[19.386,40.551],[19.304,40.653],[19.361,40.71],[19.369,40.802],[19.407,40.821],[19.393,40.845],[19.414,40.869],[19.381,40.908],[19.441,40.949],[19.427,40.937],[19.427,40.872],[19.438,40.887],[19.441,40.872],[19.523,40.921],[19.495,41.003],[19.454,40.924],[19.475,40.996],[19.441,41.021],[19.456,41.107],[19.442,41.144],[19.464,41.151],[19.469,41.188],[19.51,41.237],[19.513,41.277],[19.488,41.306],[19.419,41.323],[19.414,41.383],[19.393,41.414],[19.429,41.401],[19.445,41.415],[19.441,41.441],[19.489,41.466],[19.517,41.513],[19.514,41.53],[19.441,41.585],[19.528,41.577],[19.565,41.585],[19.585,41.62],[19.613,41.605],[19.6,41.639],[19.558,41.661],[19.578,41.688],[19.571,41.77],[19.599,41.779],[19.592,41.819],[19.433,41.869],[19.365,41.852],[19.31,41.895],[19.17,41.938],[19.138,41.985],[19.139,42.042],[19.083,42.081],[19.084,42.11],[19.049,42.14],[19.011,42.14],[18.913,42.222],[18.886,42.284],[18.854,42.29],[18.831,42.278],[18.818,42.291],[18.779,42.271],[18.715,42.325],[18.678,42.386],[18.659,42.387],[18.653,42.366],[18.617,42.368],[18.545,42.424],[18.563,42.439],[18.7,42.393],[18.707,42.421],[18.684,42.459],[18.687,42.483],[18.654,42.452],[18.502,42.456],[18.521,42.438],[18.513,42.409],[18.53,42.4],[18.51,42.405],[18.474,42.441],[18.239,42.559],[18.221,42.579],[18.218,42.62],[18.076,42.651],[18.057,42.668],[18.077,42.668],[18.043,42.702],[18.028,42.691],[17.902,42.752],[17.881,42.769],[17.893,42.791],[17.807,42.812],[17.78,42.797],[17.721,42.826],[17.762,42.779],[17.749,42.772],[17.749,42.791],[17.729,42.801],[17.44,42.873],[17.443,42.899],[17.417,42.911],[17.351,42.922],[17.214,42.983],[17.095,42.984],[17.028,43.004],[17.028,43.031],[17.002,43.051],[17.073,43.024],[17.24,43.023],[17.39,42.978],[17.454,42.942],[17.46,42.922],[17.559,42.913],[17.741,42.839],[17.702,42.868],[17.707,42.887],[17.679,42.879],[17.556,42.935],[17.618,42.922],[17.603,42.933],[17.499,42.972],[17.471,43.013],[17.502,43.031],[17.434,43.017],[17.46,43.031],[17.432,43.036],[17.426,43.065],[17.405,43.051],[17.316,43.127],[17.172,43.182],[17.073,43.239],[17.049,43.278],[16.881,43.406],[16.626,43.449],[16.525,43.511],[16.391,43.511],[16.473,43.538],[16.434,43.55],[16.118,43.524],[16.172,43.49],[16.111,43.49],[16.113,43.479],[15.959,43.504],[15.984,43.521],[15.987,43.545],[15.959,43.538],[15.925,43.559],[15.944,43.567],[15.918,43.573],[15.932,43.587],[15.918,43.593],[15.919,43.629],[15.966,43.641],[15.905,43.648],[15.953,43.651],[15.932,43.668],[15.95,43.689],[15.939,43.696],[15.931,43.676],[15.792,43.754],[15.706,43.763],[15.682,43.797],[15.617,43.826],[15.663,43.813],[15.679,43.819],[15.455,43.928],[15.358,44.026],[15.145,44.195],[15.16,44.213],[15.152,44.235],[15.11,44.264],[15.141,44.282],[15.177,44.25],[15.208,44.273],[15.185,44.285],[15.207,44.285],[15.198,44.302],[15.295,44.251],[15.282,44.285],[15.303,44.299],[15.261,44.333],[15.424,44.268],[15.504,44.259],[15.529,44.272],[15.449,44.285],[15.406,44.321],[15.308,44.354],[15.08,44.536],[15.007,44.57],[14.884,44.724],[14.895,44.736],[14.884,44.861],[14.922,44.959],[14.853,45.094],[14.658,45.197],[14.576,45.262],[14.569,45.276],[14.582,45.285],[14.534,45.313],[14.552,45.288],[14.533,45.284],[14.402,45.339],[14.33,45.354],[14.312,45.344],[14.272,45.29],[14.233,45.149],[14.209,45.126],[14.179,45.135],[14.193,45.106],[14.158,45.087],[14.158,45.053],[14.144,45.059],[14.166,45.019],[14.151,44.977],[14.101,44.974],[14.069,44.95],[14.084,44.986],[14.04,45.039],[14.044,45.001],[14.076,44.984],[14.035,44.956],[14.039,44.932],[14.021,44.901],[13.973,44.901],[13.993,44.881],[13.973,44.827],[14.0,44.813],[13.925,44.813],[13.919,44.829],[13.89,44.833],[13.918,44.778],[13.903,44.772],[13.897,44.813],[13.849,44.827],[13.842,44.855],[13.787,44.875],[13.82,44.868],[13.842,44.888],[13.795,44.895],[13.808,44.915],[13.774,44.964],[13.661,45.061],[13.623,45.073],[13.637,45.094],[13.613,45.118],[13.726,45.135],[13.601,45.137],[13.582,45.197],[13.595,45.251],[13.575,45.265],[13.603,45.285],[13.575,45.306],[13.61,45.32],[13.562,45.326],[13.541,45.346],[13.555,45.367],[13.513,45.436],[13.521,45.457],[13.501,45.499],[13.513,45.512],[13.59,45.489],[13.596,45.518],[13.569,45.539],[13.753,45.553],[13.712,45.593],[13.73,45.613],[13.808,45.614],[13.739,45.649],[13.758,45.655],[13.739,45.692],[13.647,45.762],[13.551,45.792],[13.524,45.76],[13.528,45.741],[13.555,45.737],[13.402,45.675],[13.377,45.683],[13.431,45.707],[13.423,45.724],[13.369,45.745],[13.255,45.756],[13.216,45.779],[13.15,45.752],[13.119,45.772],[13.108,45.758],[13.123,45.737],[13.081,45.728],[13.075,45.697],[13.15,45.704],[13.085,45.642],[12.944,45.629],[12.781,45.554],[12.424,45.438],[12.41,45.436],[12.431,45.484],[12.451,45.498],[12.472,45.486],[12.465,45.504],[12.515,45.493],[12.521,45.519],[12.582,45.553],[12.537,45.536],[12.507,45.573],[12.442,45.53],[12.451,45.512],[12.404,45.518],[12.397,45.539],[12.384,45.523],[12.424,45.498],[12.35,45.505],[12.31,45.489],[12.253,45.436],[12.246,45.411],[12.259,45.395],[12.245,45.361],[12.224,45.354],[12.232,45.341],[12.216,45.316],[12.154,45.313],[12.149,45.292],[12.181,45.258],[12.199,45.275],[12.197,45.3],[12.217,45.294],[12.225,45.251],[12.211,45.243],[12.23,45.204],[12.266,45.197],[12.307,45.231],[12.298,45.215],[12.321,45.172],[12.328,45.101],[12.307,45.108],[12.307,45.128],[12.297,45.089],[12.341,45.081],[12.376,45.039],[12.355,45.025],[12.369,45.011],[12.387,45.039],[12.369,45.066],[12.486,44.977],[12.499,44.984],[12.486,44.991],[12.503,44.991],[12.534,44.97],[12.513,44.922],[12.499,44.921],[12.487,44.862],[12.445,44.821],[12.424,44.855],[12.438,44.901],[12.407,44.891],[12.392,44.859],[12.417,44.851],[12.397,44.833],[12.424,44.821],[12.416,44.803],[12.376,44.792],[12.303,44.843],[12.266,44.827],[12.28,44.821],[12.247,44.712],[12.286,44.603],[12.284,44.488],[12.321,44.354],[12.39,44.223],[12.511,44.115],[12.574,44.086],[12.692,43.991],[12.804,43.967],[12.929,43.916],[13.253,43.703],[13.473,43.612],[13.516,43.632],[13.579,43.573],[13.616,43.56],[13.617,43.531],[13.835,43.127],[13.945,42.798],[14.075,42.599],[14.221,42.47],[14.387,42.373],[14.429,42.322],[14.56,42.226],[14.709,42.175],[14.741,42.085],[14.871,42.032],[14.994,42.011],[15.045,41.969],[15.165,41.928],[15.446,41.907],[15.611,41.928],[15.774,41.921],[16.027,41.944],[16.14,41.92],[16.161,41.893],[16.179,41.893],[16.193,41.791],[16.146,41.749],[15.925,41.64],[15.9,41.615],[15.896,41.536],[15.934,41.479],[16.022,41.428],[16.521,41.25],[16.594,41.207],[17.057,41.082],[17.276,40.98],[17.348,40.912],[17.476,40.83],[17.748,40.748],[17.844,40.694],[17.956,40.67],[17.955,40.647],[18.007,40.651],[18.043,40.602],[18.037,40.557],[18.12,40.505],[18.238,40.458],[18.437,40.268],[18.516,40.139],[18.516,40.104],[18.484,40.055],[18.434,40.023],[18.411,39.979],[18.393,39.916],[18.389,39.817],[18.368,39.797],[18.347,39.798],[18.282,39.833],[18.211,39.839],[18.072,39.912],[17.995,39.995],[18.02,40.01],[18.016,40.036],[17.967,40.057],[18.003,40.074],[18.011,40.096],[17.926,40.176],[17.9,40.249],[17.913,40.255],[17.863,40.286],[17.512,40.304],[17.399,40.331],[17.2,40.42],[17.243,40.441],[17.248,40.457],[17.228,40.474],[17.296,40.473],[17.323,40.498],[17.262,40.489],[17.269,40.496],[17.247,40.503],[17.19,40.482],[17.156,40.512],[17.05,40.519],[16.976,40.493],[16.912,40.445],[16.783,40.302],[16.731,40.201],[16.605,40.084],[16.599,40.034],[16.632,39.966],[16.542,39.885],[16.492,39.805],[16.49,39.775],[16.529,39.722],[16.516,39.69],[16.546,39.661],[16.625,39.625],[16.782,39.612],[16.846,39.553],[17.011,39.486],[17.089,39.423],[17.159,39.406],[17.122,39.338],[17.115,39.283],[17.146,39.211],[17.125,39.091],[17.158,39.04],[17.206,39.029],[17.172,39.005],[17.172,38.961],[17.104,38.899],[17.095,38.919],[17.022,38.906],[16.981,38.937],[16.935,38.939],[16.728,38.879],[16.586,38.798],[16.535,38.7],[16.549,38.69],[16.577,38.529],[16.57,38.43],[16.508,38.372],[16.306,38.277],[16.169,38.143],[16.111,37.974],[16.063,37.933],[16.001,37.919],[15.942,37.933],[15.761,37.925],[15.684,37.954],[15.635,38.009],[15.658,38.043],[15.624,38.092],[15.648,38.143],[15.633,38.22],[15.651,38.241],[15.786,38.278],[15.813,38.301],[15.905,38.474],[15.916,38.55],[15.835,38.628],[15.837,38.649],[16.003,38.725],[16.153,38.731],[16.201,38.776],[16.222,38.857],[16.215,38.919],[16.154,38.955],[16.083,39.075],[16.034,39.345],[15.995,39.439],[15.933,39.514],[15.876,39.551],[15.806,39.696],[15.77,39.83],[15.774,39.891],[15.624,40.078],[15.535,40.078],[15.41,39.994],[15.343,40.004],[15.314,40.034],[15.261,40.029],[15.279,40.048],[15.263,40.074],[15.127,40.17],[15.047,40.169],[15.003,40.21],[14.911,40.242],[14.907,40.259],[14.939,40.307],[14.932,40.334],[14.994,40.358],[14.998,40.398],[14.889,40.573],[14.782,40.67],[14.752,40.677],[14.69,40.649],[14.626,40.649],[14.544,40.614],[14.487,40.633],[14.343,40.571],[14.33,40.584],[14.338,40.624],[14.387,40.637],[14.476,40.695],[14.474,40.73],[14.443,40.755],[14.394,40.762],[14.294,40.839],[14.224,40.831],[14.203,40.801],[14.083,40.831],[14.083,40.784],[14.048,40.79],[14.052,40.838],[14.021,40.922],[13.965,40.996],[13.918,41.024],[13.911,41.065],[13.852,41.147],[13.722,41.252],[13.594,41.253],[13.564,41.238],[13.575,41.208],[13.544,41.207],[13.514,41.23],[13.5,41.222],[13.324,41.295],[13.286,41.296],[13.187,41.278],[13.115,41.251],[13.091,41.227],[13.045,41.228],[12.98,41.331],[12.894,41.399],[12.842,41.418],[12.749,41.424],[12.654,41.466],[12.635,41.447],[12.448,41.631],[12.327,41.711],[12.239,41.736],[12.17,41.88],[12.039,41.965],[12.02,41.993],[11.917,42.038],[11.827,42.034],[11.75,42.128],[11.658,42.279],[11.539,42.349],[11.377,42.407],[11.211,42.419],[11.184,42.366],[11.107,42.391],[11.087,42.418],[11.099,42.443],[11.164,42.44],[11.188,42.48],[11.187,42.521],[11.158,42.564],[11.129,42.558],[11.078,42.632],[11.006,42.668],[10.99,42.71],[10.944,42.743],[10.731,42.804],[10.765,42.835],[10.778,42.895],[10.764,42.918],[10.632,42.958],[10.539,42.949],[10.547,42.935],[10.519,42.925],[10.5,42.94],[10.478,42.99],[10.517,43.024],[10.547,43.147],[10.528,43.247],[10.437,43.389],[10.317,43.493],[10.264,43.809],[10.181,43.955],[10.091,44.025],[9.989,44.06],[9.963,44.045],[9.845,44.109],[9.82,44.093],[9.848,44.072],[9.833,44.052],[9.846,44.046],[9.832,44.042],[9.82,44.063],[9.683,44.137],[9.621,44.148],[9.484,44.244],[9.437,44.239],[9.375,44.272],[9.368,44.294],[9.231,44.354],[9.211,44.305],[9.147,44.329],[9.13,44.363],[9.102,44.374],[8.762,44.432],[8.466,44.304],[8.445,44.284],[8.435,44.24],[8.412,44.227],[8.408,44.194],[8.257,44.128],[8.233,44.104],[8.216,44.045],[8.153,43.983],[8.168,43.956],[8.068,43.897],[7.96,43.853],[7.786,43.822],[7.737,43.798],[7.502,43.792],[7.404,43.718],[7.353,43.716],[7.331,43.686],[7.257,43.692],[7.204,43.644],[7.197,43.657],[7.152,43.655],[7.126,43.606],[7.139,43.554],[7.088,43.569],[7.037,43.536],[7.031,43.548],[6.976,43.547],[6.945,43.527],[6.954,43.5],[6.894,43.428],[6.863,43.439],[6.847,43.413],[6.747,43.418],[6.731,43.408],[6.718,43.351],[6.675,43.346],[6.661,43.322],[6.597,43.284],[6.591,43.269],[6.612,43.264],[6.693,43.273],[6.668,43.24],[6.68,43.202],[6.61,43.173],[6.593,43.188],[6.54,43.182],[6.506,43.151],[6.402,43.147],[6.366,43.119],[6.375,43.091],[6.28,43.119],[6.193,43.109],[6.153,43.072],[6.153,43.048],[6.185,43.045],[6.18,43.036],[6.089,43.035],[6.132,43.053],[6.129,43.071],[6.11,43.084],[6.027,43.078],[6.017,43.099],[5.934,43.114],[5.941,43.134],[5.879,43.12],[5.951,43.08],[5.875,43.069],[5.857,43.045],[5.782,43.079],[5.818,43.099],[5.811,43.107],[5.776,43.131],[5.696,43.147],[5.674,43.18],[5.634,43.187],[5.612,43.16],[5.573,43.169],[5.525,43.213],[5.347,43.216],[5.369,43.27],[5.339,43.334],[5.294,43.355],[5.238,43.328],[5.034,43.335],[5.006,43.382],[5.026,43.409],[5.174,43.428],[5.226,43.48],[5.223,43.504],[5.14,43.486],[5.106,43.533],[5.054,43.538],[5.029,43.559],[5.009,43.518],[5.062,43.452],[5.051,43.429],[4.998,43.415],[4.928,43.44],[4.868,43.421],[4.85,43.401],[4.868,43.365],[4.901,43.367],[4.856,43.342],[4.833,43.382],[4.758,43.422],[4.742,43.449],[4.742,43.524],[4.695,43.579],[4.729,43.528],[4.743,43.423],[4.823,43.367],[4.82,43.346],[4.592,43.36],[4.566,43.371],[4.588,43.417],[4.555,43.443],[4.513,43.456],[4.409,43.448],[4.182,43.464],[4.133,43.487],[4.117,43.51],[4.133,43.533],[4.105,43.552],[3.991,43.551],[3.74,43.413],[3.622,43.375],[3.513,43.281],[3.385,43.284],[3.244,43.219],[3.114,43.106],[3.039,42.943],[3.056,42.907],[3.038,42.683],[3.052,42.555],[3.146,42.515],[3.143,42.492],[3.182,42.435],[3.17,42.397],[3.187,42.35],[3.318,42.323],[3.263,42.24],[3.21,42.24],[3.17,42.26],[3.119,42.218],[3.122,42.14],[3.214,42.068],[3.196,42.033],[3.208,41.99],[3.236,41.966],[3.195,41.888],[3.15,41.845],[3.117,41.848],[3.079,41.827],[3.069,41.799],[2.933,41.712],[2.84,41.695],[2.778,41.646],[2.449,41.535],[2.297,41.465],[2.131,41.304],[2.02,41.266],[1.539,41.187],[1.218,41.105],[1.173,41.059],[1.098,41.071],[1.017,41.052],[0.714,40.815],[0.695,40.786],[0.75,40.766],[0.767,40.771],[0.75,40.786],[0.767,40.785],[0.842,40.732],[0.874,40.728],[0.858,40.686],[0.784,40.661],[0.677,40.565],[0.616,40.553],[0.592,40.582],[0.663,40.575],[0.733,40.634],[0.6,40.614],[0.563,40.59],[0.351,40.285],[0.205,40.172],[0.145,40.079],[0.066,40.032],[-0.029,39.902],[-0.091,39.848],[-0.323,39.516],[-0.327,39.431],[-0.301,39.322],[-0.215,39.182],[-0.242,39.166],[-0.227,39.112],[-0.158,39.002],[-0.106,38.937],[-0.01,38.87],[0.154,38.831],[0.185,38.804],[0.171,38.796],[0.228,38.77],[0.235,38.742],[0.177,38.724],[0.145,38.686],[0.083,38.661],[0.081,38.631],[-0.043,38.612],[-0.075,38.54],[-0.177,38.527],[-0.329,38.47],[-0.395,38.414],[-0.414,38.365],[-0.46,38.36],[-0.474,38.337],[-0.51,38.338],[-0.519,38.299],[-0.504,38.207],[-0.591,38.19],[-0.624,38.162],[-0.645,38.116],[-0.655,37.989],[-0.718,37.943],[-0.759,37.863],[-0.761,37.796],[-0.788,37.823],[-0.812,37.77],[-0.856,37.742],[-0.81,37.667],[-0.755,37.641],[-0.726,37.652],[-0.708,37.643],[-0.705,37.62],[-0.737,37.599],[-0.925,37.556],[-0.974,37.576],[-1.088,37.581],[-1.12,37.559],[-1.106,37.532],[-1.243,37.579],[-1.262,37.558],[-1.324,37.562],[-1.471,37.482],[-1.497,37.428],[-1.515,37.433],[-1.671,37.363],[-1.729,37.282],[-1.813,37.207],[-1.855,37.077],[-1.906,36.988],[-1.9,36.941],[-1.989,36.9],[-2.071,36.775],[-2.147,36.73],[-2.204,36.737],[-2.283,36.81],[-2.362,36.837],[-2.433,36.816],[-2.481,36.83],[-2.561,36.819],[-2.617,36.728],[-2.659,36.695],[-2.718,36.682],[-2.757,36.68],[-2.821,36.714],[-2.848,36.7],[-2.933,36.752],[-2.988,36.737],[-3.228,36.755],[-3.33,36.745],[-3.415,36.696],[-3.478,36.696],[-3.516,36.721],[-3.55,36.712],[-3.601,36.743],[-3.731,36.724],[-3.839,36.752],[-3.961,36.727],[-4.057,36.748],[-4.11,36.726],[-4.225,36.712],[-4.403,36.724],[-4.433,36.711],[-4.525,36.581],[-4.588,36.574],[-4.615,36.531],[-4.659,36.508],[-4.723,36.493],[-4.903,36.507],[-4.994,36.457],[-5.062,36.452],[-5.187,36.411],[-5.254,36.297],[-5.291,36.277],[-5.285,36.261],[-5.334,36.188],[-5.342,36.111],[-5.367,36.163],[-5.425,36.18],[-5.442,36.149],[-5.429,36.081],[-5.439,36.063],[-5.612,36.006],[-5.63,36.037],[-5.689,36.067],[-5.713,36.06],[-5.796,36.086],[-5.917,36.184],[-5.984,36.177],[-6.037,36.19],[-6.105,36.281],[-6.159,36.304],[-6.184,36.371],[-6.218,36.402],[-6.28,36.511],[-6.31,36.534],[-6.289,36.537],[-6.258,36.514],[-6.231,36.473],[-6.179,36.514],[-6.224,36.511],[-6.235,36.576],[-6.283,36.612],[-6.395,36.637],[-6.438,36.733],[-6.433,36.751],[-6.346,36.795],[-6.338,36.884],[-6.304,36.907],[-6.223,36.902],[-6.195,36.932],[-6.24,36.913],[-6.284,36.926],[-6.345,36.901],[-6.347,36.82],[-6.388,36.808],[-6.5,36.96],[-6.745,37.101],[-6.893,37.167],[-6.918,37.215],[-6.853,37.295],[-6.931,37.234],[-6.963,37.234],[-6.928,37.172],[-7.101,37.224],[-7.127,37.215],[-7.086,37.206],[-7.328,37.202],[-7.381,37.18],[-7.414,37.193],[-7.4,37.179],[-7.408,37.165],[-7.49,37.179],[-7.82,36.999],[-7.991,37.014],[-7.977,36.987],[-8.035,37.038],[-8.179,37.088],[-8.293,37.078],[-8.365,37.098],[-8.439,37.083],[-8.58,37.124],[-8.642,37.118],[-8.686,37.083],[-8.748,37.083],[-8.859,37.041],[-8.879,37.047],[-8.946,37.008],[-8.998,37.021],[-8.986,37.063],[-8.914,37.17],[-8.923,37.2],[-8.881,37.232],[-8.867,37.277],[-8.883,37.31],[-8.839,37.36],[-8.816,37.418],[-8.795,37.535],[-8.827,37.601],[-8.799,37.698],[-8.758,37.707],[-8.752,37.731],[-8.809,37.723],[-8.805,37.902],[-8.821,37.927],[-8.895,37.953],[-8.816,38.062],[-8.774,38.187],[-8.795,38.359],[-8.878,38.449],[-8.943,38.481],[-8.927,38.494],[-8.905,38.486],[-8.8,38.439],[-8.799,38.426],[-8.657,38.406],[-8.607,38.419],[-8.736,38.452],[-8.753,38.488],[-8.737,38.522],[-8.761,38.538],[-8.758,38.563],[-8.773,38.565],[-8.813,38.529],[-8.78,38.505],[-8.788,38.481],[-8.906,38.512],[-8.955,38.505],[-8.992,38.459],[-9.049,38.441],[-9.231,38.419],[-9.231,38.438],[-9.19,38.473],[-9.184,38.552],[-9.253,38.665],[-9.145,38.681],[-9.108,38.659],[-9.114,38.679],[-9.052,38.694],[-8.943,38.776],[-8.97,38.835],[-8.963,38.851],[-8.986,38.849],[-9.012,38.913],[-8.943,39.015],[-8.908,39.036],[-8.827,39.049],[-8.765,39.098],[-8.836,39.057],[-8.936,39.041],[-9.1,38.83],[-9.098,38.738],[-9.113,38.714],[-9.22,38.694],[-9.285,38.699],[-9.322,38.67],[-9.405,38.704],[-9.492,38.708],[-9.497,38.788],[-9.423,38.931],[-9.437,39.029],[-9.423,39.079],[-9.351,39.197],[-9.341,39.267],[-9.354,39.316],[-9.409,39.375],[-9.353,39.368],[-9.261,39.418],[-9.218,39.406],[-9.206,39.415],[-9.23,39.441],[-9.183,39.493],[-9.136,39.516],[-9.09,39.579],[-9.072,39.68],[-8.868,40.125],[-8.853,40.139],[-8.825,40.12],[-8.785,40.119],[-8.816,40.147],[-8.896,40.165],[-8.908,40.201],[-8.865,40.275],[-8.753,40.641],[-8.745,40.647],[-8.745,40.619],[-8.71,40.653],[-8.69,40.647],[-8.696,40.674],[-8.662,40.67],[-8.642,40.694],[-8.664,40.724],[-8.573,40.756],[-8.668,40.747],[-8.684,40.783],[-8.646,40.824],[-8.655,40.845],[-8.663,40.815],[-8.676,40.824],[-8.69,40.804],[-8.714,40.709],[-8.751,40.653],[-8.655,40.994],[-8.666,41.133],[-8.648,41.153],[-8.686,41.159],[-8.737,41.25],[-8.744,41.328],[-8.784,41.394],[-8.775,41.468],[-8.831,41.672],[-8.696,41.722],[-8.83,41.695],[-8.861,41.704],[-8.88,41.737],[-8.875,41.85],[-8.763,41.932],[-8.751,41.969],[-8.795,41.926],[-8.881,41.893],[-8.899,42.102],[-8.885,42.126],[-8.827,42.131],[-8.824,42.148],[-8.847,42.161],[-8.816,42.175],[-8.806,42.197],[-8.625,42.302],[-8.623,42.347],[-8.675,42.299],[-8.785,42.26],[-8.868,42.256],[-8.853,42.305],[-8.827,42.297],[-8.831,42.342],[-8.772,42.343],[-8.655,42.441],[-8.694,42.44],[-8.758,42.407],[-8.844,42.404],[-8.868,42.415],[-8.888,42.456],[-8.943,42.469],[-8.881,42.497],[-8.861,42.485],[-8.874,42.469],[-8.827,42.462],[-8.813,42.503],[-8.823,42.57],[-8.776,42.605],[-8.731,42.688],[-8.785,42.641],[-8.84,42.682],[-8.857,42.649],[-8.847,42.641],[-8.869,42.617],[-8.903,42.625],[-8.936,42.606],[-8.922,42.594],[-8.97,42.579],[-8.981,42.551],[-9.012,42.531],[-9.026,42.543],[-9.033,42.578],[-9.071,42.596],[-9.03,42.708],[-8.898,42.792],[-8.888,42.831],[-8.908,42.839],[-8.913,42.817],[-8.951,42.795],[-9.049,42.795],[-9.046,42.778],[-9.069,42.76],[-9.1,42.758],[-9.135,42.813],[-9.1,42.833],[-9.141,42.857],[-9.149,42.884],[-9.135,42.918],[-9.196,42.949],[-9.196,42.927],[-9.224,42.94],[-9.273,42.893],[-9.292,42.929],[-9.251,43.017],[-9.28,43.055],[-9.258,43.061],[-9.218,43.114],[-9.19,43.102],[-9.108,43.141],[-9.208,43.138],[-9.218,43.155],[-9.17,43.189],[-9.138,43.202],[-9.052,43.196],[-9.012,43.239],[-8.986,43.227],[-8.933,43.235],[-8.915,43.245],[-8.948,43.25],[-8.988,43.283],[-8.83,43.341],[-8.786,43.312],[-8.693,43.293],[-8.593,43.324],[-8.558,43.313],[-8.443,43.375],[-8.388,43.386],[-8.354,43.349],[-8.331,43.406],[-8.267,43.386],[-8.21,43.313],[-8.21,43.391],[-8.175,43.416],[-8.265,43.427],[-8.305,43.451],[-8.179,43.473],[-8.169,43.492],[-8.257,43.478],[-8.244,43.485],[-8.257,43.492],[-8.289,43.473],[-8.333,43.472],[-8.317,43.523],[-8.292,43.533],[-8.313,43.567],[-8.232,43.576],[-8.087,43.656],[-8.075,43.64],[-8.052,43.643],[-8.066,43.643],[-8.052,43.656],[-8.074,43.679],[-8.059,43.709],[-7.981,43.718],[-7.909,43.766],[-7.881,43.763],[-7.847,43.718],[-7.868,43.718],[-7.874,43.684],[-7.909,43.67],[-7.858,43.668],[-7.849,43.676],[-7.868,43.697],[-7.819,43.697],[-7.826,43.712],[-7.812,43.723],[-7.713,43.761],[-7.686,43.793],[-7.668,43.773],[-7.696,43.746],[-7.692,43.727],[-7.641,43.753],[-7.616,43.689],[-7.586,43.718],[-7.541,43.732],[-7.367,43.68],[-7.304,43.599],[-7.257,43.582],[-7.271,43.561],[-7.044,43.559],[-7.031,43.533],[-7.054,43.497],[-7.045,43.479],[-7.001,43.557],[-6.944,43.566],[-6.704,43.558],[-6.649,43.579],[-6.51,43.547],[-6.463,43.555],[-6.469,43.575],[-6.418,43.561],[-6.315,43.569],[-6.223,43.596],[-6.178,43.575],[-6.069,43.57],[-6.024,43.588],[-5.907,43.588],[-5.907,43.637],[-5.864,43.641],[-5.852,43.663],[-5.804,43.65],[-5.709,43.569],[-5.697,43.583],[-5.677,43.561],[-5.394,43.555],[-5.414,43.507],[-5.357,43.539],[-5.3,43.538],[-5.178,43.489],[-4.975,43.459],[-4.941,43.472],[-4.735,43.417],[-4.508,43.402],[-4.482,43.384],[-4.433,43.403],[-4.379,43.384],[-4.359,43.4],[-4.189,43.405],[-4.013,43.453],[-3.981,43.438],[-3.961,43.445],[-3.975,43.459],[-3.94,43.477],[-3.827,43.497],[-3.769,43.479],[-3.844,43.445],[-3.831,43.425],[-3.811,43.425],[-3.772,43.453],[-3.745,43.438],[-3.756,43.472],[-3.729,43.466],[-3.729,43.479],[-3.579,43.518],[-3.554,43.517],[-3.556,43.5],[-3.505,43.479],[-3.432,43.467],[-3.429,43.447],[-3.47,43.454],[-3.502,43.431],[-3.461,43.412],[-3.447,43.431],[-3.436,43.419],[-3.269,43.404],[-3.131,43.356],[-3.09,43.367],[-3.008,43.321],[-3.029,43.376],[-2.94,43.417],[-2.947,43.431],[-2.769,43.453],[-2.715,43.425],[-2.691,43.368],[-2.678,43.406],[-2.661,43.412],[-2.484,43.371],[-2.464,43.349],[-2.327,43.307],[-2.196,43.315],[-2.128,43.287],[-1.96,43.343],[-1.919,43.321],[-1.905,43.328],[-1.926,43.343],[-1.811,43.395],[-1.776,43.376],[-1.661,43.4],[-1.597,43.443],[-1.477,43.58],[-1.346,44.019],[-1.282,44.302],[-1.247,44.505],[-1.257,44.556],[-1.187,44.665],[-1.1,44.655],[-1.045,44.669],[-1.065,44.717],[-1.172,44.778],[-1.234,44.707],[-1.26,44.627],[-1.199,45.121],[-1.158,45.279],[-1.14,45.49],[-1.085,45.569],[-1.059,45.57],[-1.062,45.532],[-1.04,45.507],[-0.915,45.45],[-0.766,45.326],[-0.716,45.135],[-0.682,45.076],[-0.569,44.998],[-0.557,44.919],[-0.535,44.895],[-0.548,44.95],[-0.539,44.977],[-0.596,45.025],[-0.494,44.998],[-0.519,45.029],[-0.602,45.053],[-0.656,45.099],[-0.707,45.322],[-0.773,45.452],[-0.842,45.515],[-0.984,45.587],[-0.997,45.614],[-1.194,45.71],[-1.247,45.71],[-1.23,45.792],[-1.164,45.807],[-1.057,45.74],[-0.987,45.717],[-1.125,45.808],[-1.152,45.868],[-1.073,45.904],[-1.07,45.926],[-1.09,45.951],[-1.069,45.964],[-1.111,46.018],[-1.073,46.007],[-1.049,46.039],[-1.084,46.057],[-1.097,46.102],[-1.129,46.116],[-1.117,46.128],[-1.211,46.175],[-1.185,46.197],[-1.18,46.229],[-1.111,46.259],[-1.111,46.303],[-1.132,46.324],[-1.177,46.326],[-1.214,46.311],[-1.213,46.279],[-1.24,46.284],[-1.277,46.32],[-1.37,46.354],[-1.449,46.343],[-1.481,46.408],[-1.626,46.431],[-1.617,46.444],[-1.633,46.454],[-1.761,46.492],[-1.789,46.533],[-1.782,46.495],[-1.795,46.495],[-1.823,46.594],[-1.91,46.692],[-1.956,46.704],[-2.05,46.792],[-2.119,46.82],[-2.129,46.893],[-2.096,46.916],[-2.102,46.931],[-2.049,46.957],[-1.991,47.035],[-2.03,47.092],[-2.241,47.142],[-2.165,47.168],[-2.161,47.271],[-2.015,47.3],[-1.917,47.284],[-1.898,47.273],[-1.919,47.266],[-1.804,47.219],[-1.727,47.211],[-1.788,47.226],[-1.906,47.294],[-2.01,47.32],[-2.148,47.313],[-2.278,47.246],[-2.316,47.252],[-2.371,47.286],[-2.448,47.267],[-2.542,47.3],[-2.476,47.291],[-2.436,47.307],[-2.481,47.348],[-2.502,47.321],[-2.515,47.365],[-2.556,47.383],[-2.477,47.416],[-2.439,47.41],[-2.439,47.396],[-2.392,47.424],[-2.448,47.431],[-2.439,47.445],[-2.489,47.459],[-2.481,47.478],[-2.495,47.491],[-2.364,47.506],[-2.517,47.528],[-2.632,47.52],[-2.599,47.529],[-2.577,47.554],[-2.638,47.54],[-2.618,47.527],[-2.666,47.534],[-2.681,47.504],[-2.817,47.499],[-2.909,47.558],[-2.865,47.567],[-2.851,47.547],[-2.816,47.547],[-2.81,47.568],[-2.741,47.551],[-2.689,47.604],[-2.684,47.623],[-2.707,47.643],[-2.696,47.623],[-2.714,47.616],[-2.7,47.609],[-2.709,47.602],[-2.775,47.629],[-2.734,47.622],[-2.746,47.634],[-2.789,47.643],[-2.775,47.637],[-2.919,47.596],[-2.913,47.609],[-2.94,47.602],[-2.933,47.637],[-2.975,47.664],[-2.964,47.603],[-2.933,47.574],[-2.94,47.561],[-2.994,47.596],[-2.989,47.582],[-3.003,47.579],[-3.012,47.607],[-3.016,47.581],[-3.074,47.576],[-3.123,47.599],[-3.123,47.519],[-3.085,47.478],[-3.132,47.478],[-3.145,47.516],[-3.132,47.557],[-3.141,47.598],[-3.201,47.64],[-3.186,47.681],[-3.111,47.704],[-3.118,47.732],[-3.139,47.725],[-3.139,47.753],[-3.193,47.746],[-3.159,47.711],[-3.207,47.697],[-3.193,47.684],[-3.224,47.656],[-3.262,47.684],[-3.358,47.697],[-3.283,47.691],[-3.358,47.711],[-3.283,47.787],[-3.383,47.737],[-3.364,47.718],[-3.446,47.705],[-3.528,47.78],[-3.625,47.78],[-3.706,47.797],[-3.723,47.813],[-3.775,47.794],[-3.852,47.801],[-3.886,47.855],[-3.962,47.9],[-3.988,47.903],[-3.979,47.883],[-4.009,47.851],[-4.029,47.855],[-4.002,47.869],[-4.037,47.855],[-4.107,47.88],[-4.132,47.924],[-4.143,47.912],[-4.111,47.869],[-4.153,47.855],[-4.186,47.874],[-4.18,47.842],[-4.153,47.842],[-4.185,47.813],[-4.372,47.807],[-4.372,47.834],[-4.348,47.838],[-4.347,47.863],[-4.372,47.916],[-4.435,47.976],[-4.533,48.026],[-4.572,48.006],[-4.602,48.026],[-4.728,48.041],[-4.701,48.075],[-4.285,48.115],[-4.276,48.144],[-4.302,48.196],[-4.366,48.215],[-4.379,48.232],[-4.485,48.243],[-4.532,48.183],[-4.557,48.177],[-4.544,48.205],[-4.564,48.232],[-4.547,48.253],[-4.626,48.267],[-4.626,48.287],[-4.575,48.29],[-4.547,48.347],[-4.53,48.342],[-4.543,48.305],[-4.516,48.296],[-4.427,48.3],[-4.389,48.287],[-4.263,48.3],[-4.29,48.294],[-4.269,48.288],[-4.187,48.308],[-4.325,48.322],[-4.269,48.363],[-4.454,48.335],[-4.397,48.388],[-4.29,48.432],[-4.599,48.35],[-4.691,48.363],[-4.704,48.342],[-4.768,48.345],[-4.783,48.376],[-4.765,48.378],[-4.766,48.39],[-4.785,48.436],[-4.749,48.479],[-4.775,48.491],[-4.722,48.568],[-4.701,48.561],[-4.708,48.568],[-4.692,48.576],[-4.642,48.582],[-4.577,48.568],[-4.608,48.603],[-4.53,48.602],[-4.557,48.609],[-4.564,48.63],[-4.407,48.643],[-4.427,48.658],[-4.343,48.679],[-4.299,48.664],[-4.307,48.642],[-4.242,48.658],[-4.194,48.65],[-4.213,48.661],[-4.174,48.691],[-4.079,48.697],[-4.064,48.685],[-4.057,48.712],[-3.974,48.733],[-3.955,48.658],[-3.892,48.678],[-3.906,48.664],[-3.852,48.63],[-3.858,48.685],[-3.837,48.671],[-3.837,48.707],[-3.817,48.712],[-3.81,48.733],[-3.687,48.699],[-3.638,48.705],[-3.639,48.688],[-3.614,48.683],[-3.571,48.688],[-3.58,48.733],[-3.528,48.739],[-3.582,48.791],[-3.543,48.808],[-3.515,48.842],[-3.398,48.807],[-3.214,48.87],[-3.221,48.794],[-3.179,48.841],[-3.104,48.877],[-3.084,48.862],[-3.091,48.836],[-3.077,48.828],[-3.125,48.76],[-3.066,48.824],[-3.008,48.821],[-3.042,48.788],[-2.933,48.767],[-2.947,48.733],[-2.827,48.658],[-2.813,48.599],[-2.714,48.561],[-2.734,48.534],[-2.682,48.509],[-2.676,48.54],[-2.62,48.544],[-2.569,48.589],[-2.46,48.636],[-2.487,48.65],[-2.386,48.65],[-2.316,48.699],[-2.282,48.671],[-2.33,48.63],[-2.313,48.62],[-2.251,48.65],[-2.214,48.582],[-2.193,48.616],[-2.174,48.583],[-2.159,48.589],[-2.172,48.602],[-2.161,48.613],[-2.124,48.609],[-2.145,48.636],[-2.052,48.65],[-2.001,48.589],[-2.008,48.575],[-1.976,48.536],[-1.98,48.514],[-1.939,48.534],[-1.967,48.547],[-1.98,48.589],[-1.953,48.575],[-2.0,48.601],[-2.029,48.643],[-1.986,48.688],[-1.946,48.699],[-1.844,48.712],[-1.836,48.691],[-1.861,48.664],[-1.861,48.641],[-1.796,48.616],[-1.644,48.623],[-1.58,48.643],[-1.357,48.643],[-1.395,48.668],[-1.443,48.663],[-1.456,48.683],[-1.503,48.696],[-1.516,48.725],[-1.554,48.747],[-1.567,48.822],[-1.603,48.849],[-1.579,48.863],[-1.564,48.922],[-1.543,48.935],[-1.563,48.958],[-1.546,49.03],[-1.508,49.034],[-1.55,49.04],[-1.579,49.013],[-1.594,49.029],[-1.589,49.082],[-1.608,49.103],[-1.569,49.144],[-1.589,49.144],[-1.61,49.216],[-1.548,49.225],[-1.617,49.238],[-1.625,49.219],[-1.672,49.28],[-1.658,49.288],[-1.699,49.314],[-1.707,49.329],[-1.686,49.335],[-1.699,49.356],[-1.715,49.339],[-1.776,49.37],[-1.768,49.384],[-1.816,49.384],[-1.819,49.452],[-1.885,49.531],[-1.844,49.572],[-1.84,49.62],[-1.869,49.662],[-1.946,49.678],[-1.935,49.724],[-1.839,49.715],[-1.816,49.692],[-1.617,49.664],[-1.607,49.65],[-1.511,49.663],[-1.456,49.702],[-1.409,49.712],[-1.263,49.696],[-1.228,49.624],[-1.264,49.589],[-1.301,49.582],[-1.306,49.558],[-1.262,49.493],[-1.176,49.415],[-1.182,49.356],[-1.152,49.363],[-1.123,49.345],[-1.103,49.349],[-1.106,49.379],[-1.072,49.397],[-0.94,49.392],[-0.822,49.363],[-0.411,49.343],[-0.219,49.28],[0.013,49.335],[0.162,49.415],[0.457,49.467],[0.493,49.494],[0.422,49.464],[0.257,49.464],[0.104,49.494],[0.077,49.535],[0.131,49.604],[0.171,49.692],[0.236,49.729],[0.597,49.857],[0.675,49.876],[0.761,49.875],[1.221,49.979],[1.456,50.124],[1.487,50.185],[1.521,50.215],[1.673,50.193],[1.645,50.212],[1.665,50.22],[1.625,50.224],[1.542,50.278],[1.552,50.349],[1.572,50.376],[1.61,50.371],[1.555,50.405],[1.573,50.445],[1.579,50.533],[1.61,50.548],[1.578,50.589],[1.563,50.699],[1.606,50.79],[1.581,50.869],[1.653,50.889],[1.73,50.944],[1.973,51.007],[2.466,51.069],[3.125,51.33],[3.526,51.416],[3.756,51.35],[3.834,51.343],[3.956,51.372],[3.984,51.41],[4.122,51.359],[4.2,51.376],[4.303,51.296],[4.297,51.268],[4.316,51.277],[4.331,51.296],[4.289,51.309],[4.283,51.35],[4.235,51.419],[4.201,51.405],[4.111,51.407],[4.015,51.449],[3.957,51.456],[3.902,51.405],[3.827,51.391],[3.69,51.454],[3.61,51.445],[3.535,51.459],[3.447,51.546],[3.56,51.595],[3.851,51.611],[3.906,51.569],[3.872,51.549],[4.016,51.531],[4.057,51.508],[4.105,51.446],[4.283,51.448],[4.297,51.471],[4.268,51.508],[4.091,51.535],[3.988,51.59],[4.068,51.611],[4.157,51.608],[4.207,51.59],[4.19,51.617],[4.136,51.62],[4.113,51.639],[4.113,51.671],[4.177,51.686],[4.072,51.717],[4.034,51.784],[3.981,51.81],[3.872,51.788],[3.862,51.816],[3.963,51.847],[4.048,51.834],[4.078,51.844],[4.032,51.882],[4.043,51.909],[4.016,51.988],[4.142,52.006],[4.285,52.113],[4.508,52.336],[4.597,52.507],[4.639,52.701],[4.669,52.797],[4.712,52.863],[4.734,52.959],[4.817,52.968],[4.809,52.93],[4.874,52.904],[5.078,52.954],[5.313,53.083],[5.379,53.097],[5.447,53.221],[5.592,53.303],[5.981,53.406],[6.274,53.413],[6.312,53.399],[6.494,53.439],[6.73,53.461],[6.85,53.445],[6.901,53.352],[7.02,53.306],[7.085,53.31],[7.073,53.296],[7.081,53.267],[7.195,53.245],[7.234,53.274],[7.23,53.297],[7.255,53.32],[7.367,53.303],[7.303,53.333],[7.038,53.349],[7.024,53.376],[7.023,53.451],[7.051,53.513],[7.12,53.516],[7.142,53.537],[7.131,53.557],[7.089,53.574],[7.101,53.598],[7.226,53.666],[7.305,53.685],[7.459,53.695],[7.504,53.679],[7.951,53.722],[8.031,53.708],[8.025,53.673],[8.053,53.636],[8.128,53.591],[8.119,53.572],[8.168,53.553],[8.155,53.526],[8.059,53.502],[8.086,53.456],[8.152,53.45],[8.205,53.411],[8.259,53.412],[8.315,53.475],[8.32,53.509],[8.292,53.529],[8.231,53.525],[8.249,53.59],[8.271,53.613],[8.329,53.618],[8.388,53.577],[8.552,53.544],[8.49,53.486],[8.485,53.401],[8.504,53.358],[8.498,53.475],[8.557,53.518],[8.566,53.547],[8.508,53.625],[8.486,53.7],[8.573,53.858],[8.652,53.892],[8.782,53.842],[8.861,53.831],[9.016,53.841],[9.115,53.865],[9.275,53.865],[9.403,53.742],[9.485,53.69],[9.498,53.66],[9.567,53.6],[9.697,53.557],[9.832,53.544],[9.782,53.57],[9.692,53.576],[9.584,53.612],[9.551,53.635],[9.532,53.711],[9.436,53.749],[9.395,53.831],[9.258,53.886],[9.03,53.907],[8.985,53.897],[8.916,53.937],[8.833,54.036],[8.891,54.048],[8.997,54.03],[9.018,54.098],[8.974,54.128],[8.977,54.146],[8.953,54.15],[8.861,54.125],[8.813,54.18],[8.847,54.234],[8.84,54.256],[8.922,54.274],[8.963,54.318],[8.881,54.29],[8.888,54.304],[8.739,54.294],[8.678,54.269],[8.603,54.312],[8.6,54.338],[8.614,54.348],[8.696,54.359],[8.651,54.378],[8.635,54.365],[8.629,54.388],[8.648,54.406],[8.886,54.418],[9.005,54.466],[9.012,54.506],[8.879,54.607],[8.826,54.598],[8.819,54.606],[8.853,54.619],[8.805,54.688],[8.689,54.735],[8.694,54.76],[8.643,54.844],[8.675,54.948],[8.641,55.023],[8.645,55.056],[8.682,55.133],[8.564,55.143],[8.557,55.096],[8.499,55.066],[8.47,55.079],[8.459,55.103],[8.47,55.178],[8.489,55.197],[8.594,55.181],[8.552,55.161],[8.555,55.149],[8.689,55.142],[8.648,55.28],[8.66,55.327],[8.618,55.438],[8.442,55.464],[8.31,55.563],[8.332,55.572],[8.313,55.583],[8.268,55.581],[8.239,55.558],[8.272,55.53],[8.244,55.517],[8.317,55.489],[8.326,55.472],[8.313,55.469],[8.194,55.526],[8.095,55.549],[8.182,55.729],[8.128,55.988],[8.151,55.977],[8.193,55.874],[8.182,55.828],[8.194,55.812],[8.388,55.893],[8.387,55.926],[8.32,56.0],[10.263,56.0],[10.245,55.915],[10.183,55.874],[10.199,55.851],[10.182,55.834],[10.151,55.838],[10.102,55.882],[9.867,55.852],[9.893,55.836],[10.046,55.814],[10.017,55.766],[10.06,55.749],[10.019,55.736],[10.005,55.701],[9.982,55.709],[9.792,55.674],[9.687,55.709],[9.556,55.712],[9.553,55.701],[9.574,55.695],[9.659,55.69],[9.738,55.63],[9.854,55.627],[9.712,55.56],[9.707,55.537],[9.607,55.517],[9.56,55.524],[9.552,55.505],[9.498,55.489],[9.602,55.496],[9.66,55.478],[9.649,55.441],[9.587,55.427],[9.608,55.393],[9.601,55.366],[9.645,55.343],[9.635,55.318],[9.71,55.249],[9.684,55.198],[9.57,55.193],[9.486,55.156],[9.512,55.133],[9.457,55.126],[9.521,55.116],[9.56,55.085],[9.517,55.057],[9.434,55.038],[9.455,55.023],[9.58,55.051],[9.663,55.01],[9.718,55.001],[9.739,54.981],[9.763,54.9],[9.711,54.899],[9.703,54.886],[9.744,54.866],[9.75,54.846],[9.731,54.832],[9.697,54.859],[9.623,54.865],[9.635,54.879],[9.61,54.903],[9.644,54.913],[9.639,54.925],[9.587,54.928],[9.546,54.879],[9.456,54.844],[9.436,54.81],[9.511,54.828],[9.58,54.866],[9.583,54.83],[9.735,54.807],[9.802,54.783],[9.824,54.757],[9.895,54.769],[9.891,54.79],[9.948,54.78],[10.018,54.701],[9.97,54.701],[9.929,54.674],[10.039,54.667],[10.027,54.56],[9.966,54.506],[9.84,54.475],[9.883,54.462],[10.143,54.492],[10.204,54.461],[10.184,54.449],[10.191,54.397],[10.142,54.372],[10.156,54.343],[10.142,54.324],[10.18,54.341],[10.224,54.414],[10.318,54.443],[10.601,54.365],[10.69,54.316],[10.731,54.31],[10.777,54.315],[10.935,54.38],[11.019,54.386],[10.976,54.378],[11.034,54.368],[11.104,54.393],[11.136,54.386],[11.088,54.352],[11.067,54.359],[11.094,54.284],[11.09,54.208],[11.067,54.184],[10.893,54.103],[10.805,54.095],[10.753,54.05],[10.8,54.001],[10.875,53.995],[10.887,53.964],[10.923,53.961],[11.053,54.008],[11.175,54.018],[11.204,53.989],[11.245,53.978],[11.243,53.945],[11.294,53.941],[11.334,53.961],[11.458,53.906],[11.472,53.969],[11.498,53.982],[11.492,54.002],[11.526,54.023],[11.519,54.036],[11.573,54.039],[11.625,54.084],[11.625,54.11],[11.69,54.155],[11.812,54.15],[12.088,54.194],[12.092,54.114],[12.115,54.098],[12.095,54.146],[12.143,54.18],[12.101,54.174],[12.109,54.183],[12.187,54.243],[12.342,54.304],[12.502,54.474],[12.534,54.488],[12.548,54.462],[12.591,54.452],[12.88,54.449],[12.921,54.433],[12.871,54.417],[12.695,54.434],[12.624,54.423],[12.582,54.406],[12.595,54.386],[12.554,54.391],[12.527,54.372],[12.491,54.39],[12.438,54.388],[12.418,54.361],[12.424,54.345],[12.397,54.352],[12.392,54.321],[12.363,54.31],[12.38,54.277],[12.369,54.269],[12.412,54.251],[12.458,54.256],[12.41,54.269],[12.472,54.31],[12.479,54.332],[12.561,54.359],[12.541,54.372],[12.593,54.369],[12.677,54.392],[12.681,54.411],[12.718,54.414],[12.692,54.396],[12.684,54.372],[12.705,54.4],[12.735,54.378],[12.787,54.392],[12.818,54.358],[12.855,54.358],[12.929,54.414],[13.034,54.434],[13.021,54.426],[13.029,54.402],[13.096,54.372],[13.077,54.353],[13.115,54.28],[13.171,54.277],[13.143,54.263],[13.289,54.234],[13.349,54.18],[13.322,54.167],[13.403,54.174],[13.383,54.153],[13.418,54.153],[13.465,54.098],[13.507,54.091],[13.479,54.125],[13.603,54.139],[13.712,54.174],[13.698,54.153],[13.808,54.105],[13.773,54.046],[13.746,54.036],[13.839,53.986],[13.849,53.956],[13.908,53.934],[13.819,53.878],[13.817,53.853],[14.037,53.755],[14.187,53.74],[14.234,53.762],[14.264,53.752],[14.26,53.728],[14.213,53.708],[14.225,53.704],[14.305,53.713],[14.289,53.728],[14.302,53.735],[14.294,53.749],[14.415,53.682],[14.531,53.658],[14.591,53.598],[14.624,53.653],[14.576,53.66],[14.545,53.704],[14.576,53.77],[14.624,53.77],[14.631,53.852],[14.587,53.813],[14.569,53.824],[14.59,53.838],[14.576,53.855],[14.441,53.87],[14.426,53.88],[14.432,53.906],[14.363,53.879],[14.409,53.872],[14.416,53.853],[14.328,53.831],[14.342,53.821],[14.328,53.817],[14.275,53.831],[14.203,53.878],[14.048,53.879],[13.938,53.845],[13.84,53.85],[13.822,53.865],[13.932,53.899],[13.939,53.928],[13.902,53.97],[13.904,53.995],[13.973,53.989],[13.959,53.941],[13.987,53.961],[14.028,53.961],[14.014,53.947],[14.048,53.941],[14.051,54.005],[13.946,54.067],[13.916,54.056],[13.925,54.036],[13.891,54.01],[13.856,54.002],[13.876,54.036],[13.864,54.05],[13.794,54.018],[13.774,54.023],[13.815,54.101],[13.753,54.153],[13.778,54.174],[13.815,54.174],[13.882,54.102],[14.017,54.06],[14.237,53.929],[14.407,53.922],[14.782,54.035],[15.01,54.07],[15.288,54.139],[15.666,54.198],[15.86,54.25],[16.132,54.284],[16.069,54.263],[16.179,54.263],[16.172,54.277],[16.22,54.277],[16.215,54.3],[16.138,54.29],[16.214,54.316],[16.275,54.359],[16.232,54.323],[16.324,54.35],[16.337,54.359],[16.325,54.373],[16.282,54.359],[16.44,54.488],[16.445,54.47],[16.473,54.482],[16.474,54.5],[16.446,54.488],[16.501,54.532],[16.57,54.557],[16.94,54.606],[17.036,54.667],[17.337,54.749],[17.716,54.79],[17.885,54.824],[18.152,54.838],[18.34,54.833],[18.752,54.69],[18.814,54.643],[18.835,54.603],[18.818,54.598],[18.784,54.624],[18.708,54.701],[18.448,54.79],[18.415,54.753],[18.413,54.732],[18.474,54.688],[18.476,54.64],[18.506,54.634],[18.523,54.647],[18.517,54.63],[18.571,54.55],[18.574,54.45],[18.588,54.434],[18.694,54.405],[18.717,54.382],[19.002,54.345],[19.377,54.378],[19.531,54.415],[19.626,54.461],[19.832,54.598],[19.896,54.662],[19.9,54.688],[19.956,54.757],[19.959,54.797],[19.921,54.89],[19.957,54.952],[20.0,54.965],[19.999,39.871],[19.906,39.906]]],[[[8.12,55.997],[8.117,56.0],[8.137,56.0],[8.12,55.997]]],[[[14.346,55.953],[14.323,55.916],[14.271,55.894],[14.209,55.821],[14.196,55.726],[14.274,55.668],[14.285,55.623],[14.368,55.545],[14.349,55.511],[14.181,55.391],[14.064,55.391],[13.897,55.435],[13.842,55.421],[13.63,55.418],[13.581,55.389],[13.503,55.388],[13.381,55.346],[13.281,55.345],[12.979,55.403],[12.833,55.383],[12.829,55.4],[12.859,55.435],[12.93,55.419],[12.966,55.435],[12.963,55.454],[12.986,55.448],[12.917,55.547],[12.929,55.579],[13.027,55.627],[13.061,55.674],[13.011,55.728],[12.974,55.726],[12.966,55.746],[12.923,55.749],[12.911,55.764],[12.932,55.769],[12.939,55.79],[12.926,55.834],[12.821,55.887],[12.746,56.0],[14.442,56.0],[14.346,55.953]]],[[[-6.133,53.461],[-6.158,53.473],[-6.195,53.461],[-6.131,53.443],[-6.113,53.413],[-6.127,53.399],[-6.051,53.385],[-6.062,53.367],[-6.132,53.392],[-6.218,53.347],[-6.155,53.299],[-6.097,53.286],[-6.105,53.229],[-6.071,53.184],[-6.078,53.166],[-6.03,53.111],[-6.052,53.009],[-5.994,52.957],[-6.038,52.92],[-6.064,52.865],[-6.13,52.816],[-6.154,52.768],[-6.148,52.746],[-6.215,52.666],[-6.209,52.546],[-6.356,52.409],[-6.366,52.344],[-6.39,52.359],[-6.469,52.36],[-6.463,52.378],[-6.496,52.364],[-6.456,52.336],[-6.455,52.312],[-6.424,52.308],[-6.409,52.289],[-6.373,52.323],[-6.39,52.296],[-6.318,52.241],[-6.37,52.18],[-6.399,52.185],[-6.382,52.212],[-6.426,52.194],[-6.469,52.194],[-6.449,52.2],[-6.473,52.207],[-6.58,52.178],[-6.716,52.217],[-6.806,52.213],[-6.764,52.261],[-6.793,52.24],[-6.832,52.241],[-6.839,52.213],[-6.819,52.22],[-6.832,52.194],[-6.819,52.186],[-6.932,52.125],[-6.949,52.131],[-6.904,52.172],[-6.921,52.213],[-6.97,52.247],[-6.997,52.289],[-6.969,52.22],[-6.98,52.186],[-6.955,52.179],[-7.017,52.138],[-7.106,52.131],[-7.072,52.166],[-7.106,52.173],[-7.12,52.166],[-7.106,52.152],[-7.15,52.156],[-7.187,52.133],[-7.435,52.126],[-7.565,52.084],[-7.583,52.104],[-7.6,52.101],[-7.631,52.079],[-7.627,52.063],[-7.602,52.072],[-7.545,52.055],[-7.583,52.029],[-7.59,51.991],[-7.709,51.974],[-7.723,51.945],[-7.829,51.953],[-7.85,51.98],[-7.87,51.93],[-7.922,51.912],[-7.881,51.892],[-7.891,51.882],[-8.008,51.856],[-8.023,51.844],[-8.004,51.83],[-8.021,51.824],[-8.246,51.803],[-8.223,51.824],[-8.23,51.837],[-8.175,51.857],[-8.203,51.864],[-8.187,51.893],[-8.21,51.885],[-8.293,51.903],[-8.429,51.885],[-8.329,51.861],[-8.347,51.83],[-8.298,51.83],[-8.305,51.816],[-8.292,51.81],[-8.319,51.803],[-8.285,51.803],[-8.305,51.782],[-8.297,51.766],[-8.346,51.725],[-8.436,51.693],[-8.484,51.714],[-8.464,51.695],[-8.484,51.678],[-8.491,51.699],[-8.512,51.706],[-8.558,51.706],[-8.498,51.693],[-8.539,51.648],[-8.532,51.611],[-8.573,51.645],[-8.758,51.645],[-8.69,51.631],[-8.703,51.617],[-8.683,51.611],[-8.7,51.597],[-8.696,51.577],[-8.854,51.596],[-8.888,51.556],[-8.933,51.535],[-8.991,51.563],[-9.073,51.549],[-9.121,51.563],[-9.108,51.549],[-9.116,51.538],[-9.193,51.525],[-9.19,51.508],[-9.224,51.487],[-9.265,51.487],[-9.272,51.508],[-9.349,51.474],[-9.381,51.474],[-9.347,51.501],[-9.377,51.495],[-9.32,51.535],[-9.327,51.543],[-9.402,51.501],[-9.414,51.511],[-9.402,51.546],[-9.443,51.56],[-9.457,51.556],[-9.448,51.544],[-9.547,51.525],[-9.556,51.508],[-9.611,51.494],[-9.656,51.52],[-9.717,51.48],[-9.704,51.474],[-9.82,51.446],[-9.813,51.474],[-9.834,51.487],[-9.546,51.611],[-9.592,51.614],[-9.785,51.552],[-9.848,51.549],[-9.595,51.656],[-9.459,51.684],[-9.443,51.72],[-9.525,51.727],[-9.525,51.747],[-9.56,51.762],[-9.546,51.72],[-9.627,51.685],[-9.874,51.656],[-10.029,51.597],[-10.163,51.59],[-10.143,51.614],[-10.06,51.631],[-10.071,51.657],[-10.101,51.659],[-10.088,51.672],[-10.004,51.678],[-9.957,51.706],[-9.998,51.714],[-9.981,51.732],[-9.889,51.762],[-9.902,51.741],[-9.868,51.749],[-9.854,51.775],[-9.786,51.769],[-9.813,51.788],[-9.738,51.837],[-9.671,51.843],[-9.581,51.878],[-9.758,51.847],[-9.864,51.804],[-9.875,51.803],[-9.868,51.824],[-9.882,51.824],[-10.136,51.741],[-10.13,51.754],[-10.224,51.782],[-10.186,51.79],[-10.177,51.814],[-10.194,51.839],[-10.235,51.851],[-10.341,51.788],[-10.341,51.844],[-10.389,51.846],[-10.382,51.878],[-10.396,51.885],[-10.254,51.909],[-10.255,51.925],[-10.307,51.953],[-10.258,51.974],[-10.266,51.988],[-10.033,52.041],[-9.993,52.056],[-9.971,52.09],[-9.954,52.064],[-9.926,52.063],[-9.908,52.131],[-9.772,52.125],[-9.793,52.138],[-9.758,52.152],[-9.957,52.145],[-9.944,52.125],[-9.955,52.109],[-9.998,52.138],[-10.186,52.109],[-10.218,52.131],[-10.242,52.12],[-10.279,52.136],[-10.307,52.125],[-10.272,52.112],[-10.368,52.125],[-10.354,52.112],[-10.437,52.097],[-10.461,52.103],[-10.478,52.152],[-10.451,52.166],[-10.461,52.18],[-10.45,52.189],[-10.409,52.2],[-10.417,52.186],[-10.382,52.172],[-10.361,52.207],[-10.376,52.213],[-10.367,52.228],[-10.321,52.235],[-10.276,52.268],[-10.172,52.287],[-10.156,52.279],[-10.166,52.235],[-10.101,52.241],[-10.045,52.269],[-10.036,52.29],[-10.06,52.31],[-10.014,52.306],[-10.009,52.253],[-9.947,52.238],[-9.872,52.233],[-9.826,52.258],[-9.81,52.242],[-9.738,52.248],[-9.869,52.273],[-9.881,52.296],[-9.849,52.285],[-9.834,52.289],[-9.862,52.303],[-9.826,52.31],[-9.834,52.375],[-9.95,52.412],[-9.749,52.457],[-9.704,52.484],[-9.635,52.474],[-9.651,52.494],[-9.683,52.495],[-9.676,52.546],[-9.648,52.57],[-9.47,52.562],[-9.438,52.577],[-9.272,52.577],[-9.052,52.632],[-9.006,52.621],[-8.96,52.652],[-8.751,52.673],[-8.961,52.694],[-8.952,52.734],[-8.97,52.748],[-8.943,52.775],[-9.024,52.747],[-9.058,52.697],[-9.147,52.624],[-9.255,52.611],[-9.286,52.591],[-9.333,52.598],[-9.279,52.626],[-9.279,52.639],[-9.434,52.612],[-9.525,52.637],[-9.544,52.667],[-9.581,52.666],[-9.553,52.639],[-9.694,52.606],[-9.707,52.58],[-9.936,52.557],[-9.824,52.595],[-9.622,52.714],[-9.628,52.727],[-9.499,52.753],[-9.484,52.783],[-9.491,52.803],[-9.45,52.83],[-9.427,52.878],[-9.354,52.933],[-9.478,52.94],[-9.388,53.009],[-9.395,53.015],[-9.272,53.147],[-9.251,53.152],[-9.159,53.111],[-9.097,53.127],[-9.073,53.118],[-9.07,53.134],[-9.128,53.159],[-9.07,53.166],[-9.004,53.146],[-9.046,53.174],[-8.987,53.177],[-8.936,53.146],[-8.957,53.18],[-8.895,53.221],[-9.046,53.221],[-8.963,53.235],[-8.991,53.248],[-8.943,53.262],[-9.022,53.275],[-9.512,53.228],[-9.566,53.262],[-9.547,53.279],[-9.555,53.291],[-9.571,53.29],[-9.585,53.25],[-9.612,53.236],[-9.628,53.248],[-9.609,53.276],[-9.617,53.321],[-9.577,53.324],[-9.561,53.341],[-9.601,53.365],[-9.553,53.385],[-9.622,53.378],[-9.607,53.349],[-9.635,53.33],[-9.652,53.341],[-9.638,53.378],[-9.653,53.393],[-9.743,53.314],[-9.807,53.302],[-9.843,53.323],[-9.902,53.324],[-9.887,53.359],[-9.786,53.393],[-9.82,53.399],[-9.799,53.42],[-9.86,53.394],[-9.881,53.406],[-9.848,53.434],[-9.911,53.426],[-9.922,53.389],[-9.961,53.38],[-10.014,53.381],[-10.063,53.413],[-10.177,53.413],[-10.142,53.446],[-10.053,53.454],[-10.087,53.482],[-10.021,53.47],[-10.012,53.482],[-10.107,53.494],[-10.153,53.544],[-10.203,53.544],[-10.18,53.555],[-10.108,53.55],[-10.115,53.57],[-10.071,53.57],[-10.026,53.563],[-10.005,53.544],[-9.971,53.563],[-10.047,53.599],[-9.931,53.6],[-9.868,53.617],[-9.823,53.606],[-9.697,53.598],[-9.784,53.606],[-9.908,53.646],[-9.923,53.691],[-9.9,53.744],[-9.908,53.762],[-9.789,53.787],[-9.752,53.776],[-9.566,53.796],[-9.622,53.817],[-9.56,53.865],[-9.587,53.872],[-9.566,53.899],[-9.758,53.899],[-9.911,53.859],[-9.944,53.879],[-9.908,53.92],[-9.916,53.954],[-9.868,53.961],[-9.812,53.942],[-9.808,53.918],[-9.788,53.916],[-9.786,53.947],[-9.813,53.966],[-9.832,53.956],[-9.85,53.998],[-9.899,54.025],[-9.898,54.055],[-9.862,54.071],[-9.876,54.081],[-9.834,54.112],[-9.881,54.112],[-9.917,54.07],[-9.971,54.079],[-9.991,54.105],[-9.908,54.118],[-9.951,54.141],[-9.957,54.153],[-9.93,54.146],[-9.977,54.18],[-9.936,54.187],[-10.011,54.218],[-10.026,54.208],[-10.017,54.189],[-10.053,54.187],[-10.039,54.167],[-10.087,54.159],[-10.067,54.125],[-10.095,54.118],[-10.067,54.095],[-10.117,54.096],[-10.128,54.125],[-10.091,54.195],[-10.06,54.222],[-10.115,54.235],[-9.998,54.304],[-9.972,54.277],[-9.881,54.263],[-9.927,54.227],[-9.977,54.242],[-9.984,54.223],[-9.91,54.204],[-9.868,54.228],[-9.882,54.24],[-9.875,54.256],[-9.844,54.277],[-9.765,54.256],[-9.799,54.284],[-9.758,54.284],[-9.829,54.297],[-9.846,54.321],[-9.786,54.338],[-9.707,54.318],[-9.494,54.318],[-9.385,54.297],[-9.334,54.318],[-9.268,54.304],[-9.248,54.277],[-9.211,54.276],[-9.218,54.249],[-9.196,54.242],[-9.21,54.218],[-9.149,54.181],[-9.141,54.146],[-9.135,54.208],[-9.09,54.227],[-9.051,54.289],[-8.939,54.29],[-8.857,54.263],[-8.676,54.271],[-8.573,54.2],[-8.511,54.208],[-8.572,54.247],[-8.621,54.256],[-8.594,54.284],[-8.47,54.277],[-8.573,54.314],[-8.567,54.324],[-8.532,54.31],[-8.512,54.317],[-8.519,54.327],[-8.661,54.338],[-8.664,54.359],[-8.474,54.43],[-8.467,54.475],[-8.443,54.447],[-8.21,54.502],[-8.271,54.524],[-8.216,54.55],[-8.219,54.57],[-8.173,54.594],[-8.175,54.619],[-8.138,54.606],[-8.121,54.647],[-8.292,54.606],[-8.28,54.63],[-8.302,54.64],[-8.457,54.565],[-8.385,54.606],[-8.388,54.62],[-8.422,54.619],[-8.419,54.641],[-8.432,54.641],[-8.462,54.603],[-8.494,54.633],[-8.564,54.609],[-8.673,54.619],[-8.691,54.641],[-8.792,54.66],[-8.778,54.68],[-8.798,54.692],[-8.637,54.768],[-8.457,54.756],[-8.545,54.784],[-8.53,54.788],[-8.485,54.789],[-8.445,54.763],[-8.408,54.763],[-8.461,54.794],[-8.558,54.818],[-8.491,54.852],[-8.326,54.832],[-8.381,54.856],[-8.367,54.881],[-8.313,54.879],[-8.337,54.904],[-8.374,54.907],[-8.381,54.886],[-8.409,54.887],[-8.451,54.922],[-8.463,54.941],[-8.45,54.946],[-8.418,54.935],[-8.367,54.948],[-8.419,54.968],[-8.457,55.003],[-8.415,55.003],[-8.403,55.031],[-8.374,55.036],[-8.347,55.064],[-8.335,55.035],[-8.32,55.034],[-8.305,55.058],[-8.32,55.105],[-8.278,55.161],[-8.207,55.147],[-8.141,55.161],[-8.156,55.124],[-7.977,55.222],[-7.95,55.21],[-8.004,55.174],[-7.909,55.188],[-7.899,55.156],[-7.86,55.168],[-7.895,55.14],[-7.856,55.139],[-7.835,55.165],[-7.866,55.215],[-7.799,55.256],[-7.816,55.195],[-7.718,55.167],[-7.696,55.133],[-7.703,55.099],[-7.668,55.147],[-7.695,55.207],[-7.724,55.215],[-7.709,55.174],[-7.723,55.176],[-7.792,55.206],[-7.788,55.219],[-7.761,55.256],[-7.644,55.273],[-7.611,55.241],[-7.614,55.196],[-7.573,55.181],[-7.526,55.116],[-7.541,55.092],[-7.641,55.051],[-7.562,55.045],[-7.573,55.023],[-7.681,54.954],[-7.661,54.958],[-7.456,55.056],[-7.454,55.086],[-7.478,55.096],[-7.463,55.143],[-7.55,55.215],[-7.516,55.254],[-7.524,55.29],[-7.479,55.284],[-7.463,55.29],[-7.469,55.304],[-7.406,55.287],[-7.348,55.314],[-7.312,55.29],[-7.34,55.29],[-7.321,55.282],[-7.257,55.284],[-7.351,55.335],[-7.353,55.359],[-7.4,55.38],[-7.384,55.386],[-7.209,55.345],[-7.129,55.286],[-6.954,55.254],[-6.94,55.239],[-6.943,55.219],[-7.173,55.144],[-7.257,55.051],[-7.054,55.049],[-7.017,55.071],[-7.01,55.102],[-6.975,55.135],[-6.963,55.195],[-6.884,55.174],[-6.755,55.178],[-6.571,55.211],[-6.498,55.247],[-6.416,55.232],[-6.353,55.243],[-6.24,55.208],[-6.121,55.218],[-6.047,55.179],[-6.041,55.112],[-6.062,55.074],[-5.976,55.053],[-5.986,54.982],[-5.93,54.971],[-5.886,54.941],[-5.821,54.875],[-5.801,54.821],[-5.716,54.784],[-5.798,54.845],[-5.782,54.862],[-5.752,54.857],[-5.702,54.825],[-5.69,54.793],[-5.693,54.765],[-5.729,54.729],[-5.845,54.701],[-5.891,54.672],[-5.927,54.633],[-5.907,54.606],[-5.839,54.65],[-5.748,54.68],[-5.695,54.669],[-5.575,54.68],[-5.537,54.657],[-5.514,54.598],[-5.479,54.569],[-5.469,54.516],[-5.431,54.485],[-5.464,54.425],[-5.461,54.392],[-5.489,54.37],[-5.475,54.359],[-5.516,54.338],[-5.577,54.403],[-5.544,54.458],[-5.558,54.512],[-5.645,54.568],[-5.702,54.578],[-5.697,54.551],[-5.716,54.537],[-5.626,54.516],[-5.67,54.506],[-5.64,54.496],[-5.645,54.472],[-5.626,54.461],[-5.626,54.441],[-5.661,54.38],[-5.709,54.352],[-5.58,54.384],[-5.551,54.365],[-5.541,54.327],[-5.579,54.276],[-5.633,54.256],[-5.656,54.23],[-5.679,54.246],[-5.737,54.249],[-5.862,54.231],[-5.869,54.161],[-5.894,54.105],[-6.041,54.036],[-6.095,54.036],[-6.113,54.05],[-6.085,54.057],[-6.264,54.105],[-6.107,54.014],[-6.144,53.978],[-6.36,54.016],[-6.348,54.004],[-6.373,53.964],[-6.373,53.899],[-6.317,53.871],[-6.243,53.865],[-6.255,53.822],[-6.223,53.796],[-6.248,53.756],[-6.236,53.671],[-6.17,53.606],[-6.084,53.568],[-6.075,53.54],[-6.133,53.461]]],[[[-3.122,55.969],[-3.078,55.947],[-2.94,55.969],[-2.895,56.0],[-2.489,56.0],[-2.308,55.935],[-2.138,55.915],[-2.129,55.89],[-2.08,55.869],[-2.01,55.791],[-1.816,55.633],[-1.781,55.646],[-1.748,55.619],[-1.768,55.613],[-1.699,55.613],[-1.631,55.585],[-1.635,55.564],[-1.617,55.55],[-1.631,55.537],[-1.603,55.524],[-1.611,55.508],[-1.585,55.484],[-1.589,55.377],[-1.556,55.311],[-1.568,55.28],[-1.508,55.195],[-1.518,55.157],[-1.413,55.0],[-1.363,54.965],[-1.356,54.904],[-1.275,54.748],[-1.172,54.701],[-1.192,54.689],[-1.165,54.653],[-1.204,54.626],[-1.153,54.613],[-1.138,54.647],[-1.104,54.625],[-0.788,54.561],[-0.563,54.477],[-0.523,54.447],[-0.52,54.42],[-0.448,54.373],[-0.415,54.297],[-0.391,54.284],[-0.398,54.269],[-0.37,54.248],[-0.277,54.218],[-0.26,54.177],[-0.234,54.16],[-0.076,54.112],[-0.164,54.083],[-0.219,54.023],[-0.151,53.899],[0.133,53.643],[0.149,53.61],[0.131,53.573],[0.11,53.563],[0.136,53.611],[0.12,53.618],[0.035,53.646],[-0.045,53.626],[-0.092,53.631],[-0.26,53.735],[-0.544,53.709],[-0.637,53.732],[-0.726,53.701],[-0.692,53.687],[-0.677,53.703],[-0.62,53.712],[-0.53,53.678],[-0.486,53.694],[-0.279,53.707],[-0.189,53.62],[-0.096,53.577],[-0.047,53.57],[0.096,53.488],[0.152,53.476],[0.176,53.438],[0.219,53.42],[0.212,53.413],[0.256,53.375],[0.342,53.226],[0.357,53.146],[0.33,53.086],[0.161,53.009],[0.082,52.939],[0.022,52.913],[0.01,52.886],[0.106,52.889],[0.171,52.862],[0.247,52.796],[0.326,52.803],[0.385,52.768],[0.379,52.791],[0.439,52.841],[0.472,52.916],[0.52,52.955],[0.685,52.986],[0.968,52.947],[1.014,52.96],[0.966,52.974],[1.275,52.929],[1.396,52.891],[1.673,52.756],[1.747,52.625],[1.748,52.533],[1.771,52.486],[1.684,52.325],[1.631,52.27],[1.631,52.2],[1.582,52.081],[1.487,52.049],[1.472,52.056],[1.425,52.002],[1.332,51.94],[1.264,51.994],[1.158,52.029],[1.214,51.991],[1.271,51.982],[1.274,51.961],[1.206,51.953],[1.165,51.967],[1.069,51.953],[1.282,51.947],[1.278,51.928],[1.2,51.878],[1.264,51.864],[1.287,51.882],[1.276,51.845],[1.168,51.79],[1.065,51.775],[1.037,51.782],[0.98,51.844],[0.962,51.814],[0.887,51.782],[0.874,51.747],[0.699,51.72],[0.761,51.693],[0.93,51.744],[0.946,51.734],[0.938,51.706],[0.952,51.678],[0.935,51.636],[0.911,51.624],[0.952,51.617],[0.924,51.588],[0.771,51.528],[0.651,51.536],[0.569,51.508],[0.553,51.518],[0.456,51.506],[0.428,51.467],[0.385,51.453],[0.535,51.492],[0.695,51.477],[0.723,51.447],[0.641,51.444],[0.555,51.412],[0.586,51.391],[0.713,51.384],[0.7,51.41],[0.726,51.419],[0.764,51.364],[0.977,51.349],[1.101,51.373],[1.424,51.392],[1.448,51.383],[1.436,51.344],[1.378,51.326],[1.413,51.222],[1.384,51.152],[1.357,51.131],[1.218,51.101],[1.192,51.083],[1.067,51.064],[0.966,50.983],[0.98,50.918],[0.945,50.909],[0.802,50.939],[0.762,50.931],[0.624,50.859],[0.365,50.819],[0.271,50.747],[0.122,50.761],[-0.173,50.829],[-0.27,50.831],[-0.398,50.802],[-0.569,50.802],[-0.733,50.767],[-0.758,50.777],[-0.773,50.766],[-0.771,50.737],[-0.79,50.73],[-0.904,50.772],[-0.906,50.788],[-0.864,50.808],[-0.905,50.829],[-0.929,50.823],[-0.919,50.836],[-0.939,50.843],[-1.021,50.844],[-1.056,50.783],[-1.083,50.781],[-1.103,50.795],[-1.069,50.844],[-1.165,50.844],[-1.124,50.819],[-1.125,50.789],[-1.151,50.781],[-1.466,50.918],[-1.323,50.826],[-1.317,50.8],[-1.419,50.788],[-1.405,50.775],[-1.488,50.758],[-1.525,50.761],[-1.561,50.719],[-1.693,50.74],[-1.772,50.72],[-1.857,50.727],[-1.94,50.691],[-1.949,50.713],[-2.022,50.72],[-2.039,50.74],[-2.083,50.699],[-2.036,50.713],[-2.003,50.681],[-1.953,50.677],[-1.953,50.652],[-1.932,50.644],[-1.967,50.617],[-1.965,50.602],[-2.065,50.596],[-2.157,50.621],[-2.398,50.646],[-2.436,50.638],[-2.46,50.607],[-2.466,50.585],[-2.429,50.558],[-2.453,50.528],[-2.46,50.565],[-2.484,50.59],[-2.693,50.693],[-2.865,50.734],[-3.26,50.675],[-3.296,50.638],[-3.368,50.617],[-3.421,50.629],[-3.464,50.679],[-3.433,50.61],[-3.482,50.569],[-3.506,50.521],[-3.487,50.459],[-3.532,50.455],[-3.556,50.432],[-3.549,50.416],[-3.487,50.405],[-3.527,50.35],[-3.571,50.356],[-3.578,50.334],[-3.632,50.312],[-3.653,50.251],[-3.646,50.226],[-3.661,50.221],[-3.789,50.212],[-3.961,50.322],[-4.033,50.295],[-4.054,50.3],[-4.07,50.309],[-4.064,50.322],[-4.108,50.337],[-4.119,50.352],[-4.105,50.371],[-4.171,50.383],[-4.191,50.418],[-4.16,50.459],[-4.201,50.459],[-4.235,50.438],[-4.216,50.416],[-4.229,50.397],[-4.29,50.397],[-4.273,50.382],[-4.194,50.377],[-4.229,50.371],[-4.18,50.356],[-4.198,50.342],[-4.194,50.322],[-4.252,50.356],[-4.338,50.371],[-4.495,50.328],[-4.673,50.315],[-4.694,50.343],[-4.763,50.322],[-4.755,50.302],[-4.78,50.284],[-4.777,50.261],[-4.8,50.23],[-4.85,50.235],[-4.947,50.199],[-5.002,50.144],[-5.02,50.192],[-5.053,50.196],[-5.065,50.158],[-5.043,50.144],[-5.126,50.096],[-5.071,50.09],[-5.057,50.061],[-5.098,50.014],[-5.146,50.011],[-5.191,49.959],[-5.245,49.993],[-5.253,50.028],[-5.304,50.08],[-5.475,50.13],[-5.541,50.113],[-5.535,50.082],[-5.563,50.06],[-5.667,50.043],[-5.705,50.052],[-5.716,50.083],[-5.694,50.096],[-5.709,50.133],[-5.685,50.162],[-5.511,50.219],[-5.438,50.194],[-5.388,50.24],[-5.315,50.254],[-5.15,50.35],[-5.154,50.399],[-5.05,50.429],[-5.016,50.538],[-4.947,50.562],[-4.934,50.52],[-4.845,50.514],[-4.922,50.555],[-4.921,50.589],[-4.792,50.595],[-4.749,50.644],[-4.752,50.67],[-4.657,50.711],[-4.638,50.741],[-4.577,50.775],[-4.55,50.81],[-4.555,50.898],[-4.523,50.973],[-4.526,51.015],[-4.338,50.997],[-4.208,51.076],[-4.256,51.152],[-4.215,51.152],[-4.21,51.173],[-4.229,51.192],[-3.769,51.248],[-3.434,51.21],[-3.385,51.186],[-3.029,51.22],[-3.036,51.199],[-3.022,51.192],[-3.0,51.233],[-3.022,51.323],[-2.992,51.322],[-2.96,51.374],[-2.975,51.384],[-2.921,51.394],[-2.799,51.483],[-2.716,51.5],[-2.58,51.619],[-2.556,51.659],[-2.465,51.726],[-2.381,51.762],[-2.398,51.782],[-2.42,51.753],[-2.482,51.743],[-2.713,51.587],[-2.859,51.546],[-2.943,51.543],[-2.975,51.563],[-3.173,51.453],[-3.16,51.432],[-3.185,51.398],[-3.289,51.384],[-3.557,51.405],[-3.663,51.476],[-3.695,51.472],[-3.738,51.491],[-3.77,51.563],[-3.855,51.624],[-3.99,51.607],[-4.0,51.591],[-3.975,51.563],[-4.027,51.554],[-4.046,51.568],[-4.07,51.556],[-4.122,51.566],[-4.201,51.539],[-4.29,51.556],[-4.297,51.569],[-4.278,51.578],[-4.29,51.617],[-4.235,51.645],[-4.221,51.624],[-4.091,51.64],[-4.071,51.676],[-4.107,51.664],[-4.201,51.686],[-4.315,51.677],[-4.379,51.727],[-4.31,51.734],[-4.363,51.743],[-4.365,51.789],[-4.399,51.762],[-4.446,51.773],[-4.427,51.747],[-4.461,51.736],[-4.645,51.732],[-4.678,51.717],[-4.712,51.65],[-4.735,51.659],[-4.759,51.645],[-4.864,51.644],[-4.946,51.598],[-5.046,51.627],[-5.037,51.637],[-5.051,51.657],[-5.12,51.678],[-5.037,51.678],[-5.043,51.693],[-4.988,51.686],[-4.845,51.714],[-4.879,51.762],[-4.824,51.796],[-4.934,51.775],[-4.901,51.762],[-4.906,51.747],[-4.892,51.739],[-4.911,51.718],[-5.01,51.706],[-5.149,51.718],[-5.167,51.714],[-5.157,51.698],[-5.183,51.689],[-5.181,51.706],[-5.25,51.734],[-5.11,51.779],[-5.126,51.856],[-5.222,51.878],[-5.311,51.864],[-5.291,51.892],[-5.298,51.911],[-5.12,51.959],[-5.088,51.976],[-5.07,52.026],[-4.962,52.008],[-4.914,52.015],[-4.921,52.029],[-4.841,52.015],[-4.838,52.049],[-4.778,52.065],[-4.72,52.113],[-4.673,52.097],[-4.676,52.127],[-4.638,52.138],[-4.502,52.138],[-4.386,52.203],[-4.316,52.216],[-4.197,52.279],[-4.11,52.365],[-4.057,52.488],[-4.057,52.529],[-4.016,52.522],[-3.947,52.549],[-4.053,52.542],[-4.125,52.604],[-4.106,52.654],[-4.057,52.701],[-3.988,52.734],[-4.049,52.722],[-4.149,52.812],[-4.117,52.831],[-4.13,52.889],[-4.064,52.919],[-4.078,52.927],[-4.1,52.914],[-4.119,52.927],[-4.144,52.915],[-4.229,52.919],[-4.337,52.892],[-4.407,52.893],[-4.482,52.851],[-4.501,52.827],[-4.489,52.803],[-4.516,52.789],[-4.595,52.817],[-4.763,52.789],[-4.735,52.83],[-4.596,52.928],[-4.524,52.944],[-4.358,53.028],[-4.341,53.113],[-4.321,53.102],[-4.178,53.218],[-4.122,53.233],[-4.067,53.229],[-3.831,53.289],[-3.878,53.338],[-3.769,53.319],[-3.716,53.287],[-3.602,53.289],[-3.33,53.352],[-3.088,53.235],[-3.085,53.275],[-3.186,53.393],[-3.058,53.435],[-3.012,53.417],[-2.953,53.324],[-2.881,53.288],[-2.776,53.3],[-2.748,53.31],[-2.743,53.339],[-2.7,53.352],[-2.764,53.345],[-2.8,53.321],[-2.925,53.35],[-2.981,53.393],[-3.102,53.558],[-3.022,53.653],[-2.899,53.735],[-2.985,53.736],[-3.049,53.77],[-3.045,53.878],[-3.057,53.906],[-3.018,53.932],[-2.926,53.953],[-2.889,53.946],[-2.858,53.968],[-2.869,53.979],[-2.83,54.016],[-2.895,54.002],[-2.918,54.034],[-2.827,54.089],[-2.796,54.125],[-2.854,54.194],[-2.81,54.212],[-2.796,54.249],[-2.939,54.155],[-2.998,54.16],[-3.015,54.212],[-3.049,54.222],[-3.061,54.162],[-3.145,54.1],[-3.145,54.064],[-3.19,54.098],[-3.241,54.112],[-3.233,54.159],[-3.248,54.174],[-3.215,54.18],[-3.207,54.263],[-3.231,54.247],[-3.232,54.203],[-3.307,54.192],[-3.407,54.278],[-3.413,54.343],[-3.634,54.513],[-3.59,54.565],[-3.564,54.643],[-3.509,54.722],[-3.44,54.761],[-3.44,54.797],[-3.388,54.883],[-3.345,54.903],[-3.306,54.886],[-3.255,54.9],[-3.317,54.92],[-3.277,54.943],[-3.214,54.954],[-3.123,54.933],[-3.022,54.954],[-3.091,54.954],[-3.022,54.976],[-3.135,54.968],[-3.501,54.992],[-3.526,54.977],[-3.571,54.995],[-3.584,54.968],[-3.569,54.916],[-3.582,54.884],[-3.718,54.881],[-3.739,54.86],[-3.81,54.866],[-3.812,54.855],[-3.831,54.866],[-3.81,54.873],[-3.817,54.886],[-3.858,54.845],[-3.824,54.825],[-3.964,54.772],[-4.012,54.768],[-4.056,54.783],[-4.048,54.813],[-4.064,54.832],[-4.09,54.81],[-4.084,54.777],[-4.123,54.773],[-4.174,54.792],[-4.209,54.826],[-4.201,54.866],[-4.271,54.839],[-4.357,54.866],[-4.403,54.907],[-4.427,54.869],[-4.417,54.846],[-4.344,54.795],[-4.358,54.771],[-4.344,54.756],[-4.357,54.742],[-4.348,54.702],[-4.382,54.68],[-4.497,54.701],[-4.597,54.775],[-4.781,54.833],[-4.8,54.861],[-4.859,54.866],[-4.926,54.837],[-4.955,54.805],[-4.896,54.705],[-4.867,54.69],[-4.872,54.649],[-4.859,54.633],[-4.954,54.66],[-4.955,54.729],[-4.988,54.735],[-5.003,54.771],[-5.128,54.849],[-5.176,54.915],[-5.171,55.009],[-5.125,55.017],[-5.115,55.032],[-5.069,54.986],[-5.061,54.931],[-5.013,54.91],[-4.988,54.928],[-5.05,55.027],[-5.008,55.141],[-4.867,55.222],[-4.833,55.331],[-4.773,55.369],[-4.749,55.414],[-4.651,55.448],[-4.618,55.496],[-4.651,55.537],[-4.687,55.544],[-4.666,55.562],[-4.693,55.605],[-4.818,55.637],[-4.811,55.654],[-4.921,55.709],[-4.861,55.757],[-4.893,55.893],[-4.872,55.937],[-4.799,55.958],[-4.673,55.934],[-4.482,55.928],[-4.63,55.946],[-4.732,56.0],[-3.405,55.99],[-3.122,55.969]]],[[[-4.828,55.982],[-4.861,56.0],[-4.784,56.0],[-4.828,55.982]]],[[[-4.955,55.997],[-4.918,55.973],[-4.917,55.947],[-4.969,55.88],[-4.995,55.87],[-5.042,55.885],[-5.071,55.959],[-5.115,56.0],[-4.897,56.0],[-4.893,55.99],[-4.955,55.997]]],[[[-5.078,55.911],[-5.106,55.905],[-5.172,55.936],[-5.181,55.969],[-5.242,55.893],[-5.201,55.831],[-5.297,55.853],[-5.338,55.904],[-5.324,55.959],[-5.333,56.0],[-5.137,56.0],[-5.078,55.911]]],[[[-5.431,55.948],[-5.4,55.893],[-5.407,55.88],[-5.393,55.874],[-5.407,55.866],[-5.352,55.832],[-5.318,55.783],[-5.433,55.721],[-5.469,55.654],[-5.49,55.645],[-5.484,55.61],[-5.455,55.592],[-5.489,55.569],[-5.482,55.55],[-5.51,55.517],[-5.511,55.484],[-5.585,55.427],[-5.515,55.374],[-5.558,55.332],[-5.616,55.307],[-5.772,55.301],[-5.797,55.379],[-5.791,55.399],[-5.716,55.448],[-5.722,55.514],[-5.708,55.543],[-5.722,55.565],[-5.673,55.641],[-5.681,55.674],[-5.627,55.701],[-5.581,55.758],[-5.505,55.789],[-5.455,55.846],[-5.552,55.784],[-5.613,55.764],[-5.606,55.777],[-5.66,55.797],[-5.674,55.846],[-5.571,55.935],[-5.672,55.887],[-5.696,55.916],[-5.601,56.0],[-5.449,56.0],[-5.455,55.956],[-5.431,55.948]]],[[[-5.674,55.956],[-5.704,55.937],[-5.681,56.0],[-5.641,56.0],[-5.675,55.978],[-5.674,55.956]]]]}},{"type":"Feature","properties":{},"geometry":{"type":"MultiPolygon","coordinates":[[[[-50.4,2.115],[-50.314,1.968],[-50.312,1.947],[-50.339,1.913],[-50.419,1.863],[-50.459,1.881],[-50.498,1.985],[-50.524,2.001],[-50.504,2.096],[-50.4,2.115]]],[[[-50.514,2.187],[-50.463,2.187],[-50.431,2.165],[-50.415,2.127],[-50.498,2.107],[-50.553,2.151],[-50.514,2.187]]],[[[-59.509,13.057],[-59.536,13.051],[-59.564,13.078],[-59.622,13.094],[-59.646,13.16],[-59.645,13.324],[-59.613,13.345],[-59.594,13.335],[-59.537,13.231],[-59.427,13.16],[-59.43,13.126],[-59.509,13.057]]],[[[-61.271,13.187],[-61.279,13.216],[-61.27,13.29],[-61.243,13.294],[-61.212,13.369],[-61.176,13.381],[-61.144,13.374],[-61.134,13.353],[-61.124,13.247],[-61.138,13.187],[-61.185,13.133],[-61.271,13.187]]],[[[-60.905,13.784],[-60.955,13.715],[-60.973,13.739],[-61.048,13.767],[-61.074,13.799],[-61.076,13.89],[-61.027,13.987],[-60.933,14.112],[-60.914,14.106],[-60.919,14.088],[-60.893,14.065],[-60.883,13.981],[-60.905,13.784]]],[[[-61.216,15.894],[-61.275,15.874],[-61.305,15.878],[-61.332,15.932],[-61.308,15.978],[-61.268,16.009],[-61.224,15.988],[-61.195,15.92],[-61.216,15.894]]],[[[-61.882,17.079],[-61.866,17.087],[-61.894,17.101],[-61.842,17.124],[-61.849,17.149],[-61.825,17.169],[-61.793,17.165],[-61.756,17.114],[-61.743,17.142],[-61.709,17.128],[-61.73,17.114],[-61.725,17.1],[-61.681,17.101],[-61.668,17.079],[-61.695,17.079],[-61.672,17.058],[-61.686,17.029],[-61.734,17.035],[-61.737,16.989],[-61.777,17.019],[-61.852,17.008],[-61.89,17.035],[-61.882,17.079]]],[[[-62.625,17.225],[-62.647,17.217],[-62.703,17.289],[-62.757,17.292],[-62.832,17.33],[-62.861,17.362],[-62.853,17.395],[-62.82,17.416],[-62.72,17.359],[-62.667,17.274],[-62.637,17.258],[-62.625,17.225]]],[[[-61.873,17.711],[-61.831,17.614],[-61.831,17.68],[-61.856,17.701],[-61.838,17.728],[-61.818,17.703],[-61.831,17.696],[-61.784,17.696],[-61.754,17.669],[-61.728,17.588],[-61.736,17.554],[-61.771,17.546],[-61.795,17.576],[-61.852,17.587],[-61.873,17.711]]],[[[49.973,-16.721],[50.024,-16.69],[49.908,-16.967],[49.826,-17.094],[49.817,-17.067],[49.857,-16.92],[49.959,-16.765],[49.973,-16.721]]],[[[48.365,-13.388],[48.35,-13.412],[48.236,-13.387],[48.229,-13.401],[48.216,-13.395],[48.195,-13.319],[48.204,-13.27],[48.189,-13.264],[48.199,-13.251],[48.269,-13.268],[48.269,-13.201],[48.318,-13.2],[48.315,-13.247],[48.354,-13.312],[48.339,-13.368],[48.365,-13.388]]],[[[45.221,-12.778],[45.188,-12.817],[45.211,-12.865],[45.168,-12.944],[45.186,-12.969],[45.166,-12.989],[45.097,-12.982],[45.094,-12.958],[45.07,-12.955],[45.09,-12.924],[45.063,-12.899],[45.084,-12.887],[45.125,-12.921],[45.136,-12.904],[45.084,-12.839],[45.105,-12.833],[45.087,-12.76],[45.049,-12.734],[45.042,-12.698],[45.091,-12.647],[45.097,-12.661],[45.084,-12.668],[45.139,-12.715],[45.218,-12.734],[45.221,-12.778]]],[[[43.85,-12.346],[43.858,-12.371],[43.665,-12.352],[43.659,-12.318],[43.634,-12.301],[43.636,-12.237],[43.727,-12.264],[43.85,-12.346]]],[[[44.523,-12.373],[44.503,-12.377],[44.473,-12.33],[44.4,-12.28],[44.385,-12.252],[44.268,-12.205],[44.206,-12.161],[44.323,-12.188],[44.344,-12.174],[44.374,-12.18],[44.415,-12.119],[44.412,-12.086],[44.467,-12.064],[44.526,-12.219],[44.523,-12.373]]],[[[14.562,35.83],[14.548,35.836],[14.528,35.801],[14.424,35.824],[14.346,35.876],[14.322,35.973],[14.377,35.994],[14.349,35.973],[14.445,35.96],[14.508,35.929],[14.514,35.901],[14.563,35.87],[14.562,35.83]]],[[[1.581,38.653],[1.523,38.649],[1.458,38.681],[1.383,38.642],[1.394,38.704],[1.383,38.712],[1.418,38.728],[1.431,38.755],[1.486,38.695],[1.526,38.678],[1.566,38.691],[1.581,38.653]]],[[[1.623,39.029],[1.593,39.02],[1.576,38.986],[1.51,38.93],[1.415,38.891],[1.403,38.832],[1.371,38.832],[1.344,38.862],[1.308,38.858],[1.283,38.875],[1.26,38.858],[1.217,38.885],[1.218,38.954],[1.301,38.968],[1.293,39.033],[1.357,39.078],[1.403,39.078],[1.523,39.119],[1.59,39.103],[1.623,39.029]]],[[[19.907,39.435],[19.928,39.447],[19.879,39.453],[19.829,39.572],[19.749,39.62],[19.719,39.673],[19.681,39.68],[19.672,39.724],[19.653,39.715],[19.65,39.742],[19.626,39.748],[19.667,39.794],[19.799,39.803],[19.852,39.825],[19.934,39.783],[19.948,39.79],[19.934,39.741],[19.836,39.692],[19.859,39.666],[19.845,39.653],[19.928,39.625],[19.924,39.604],[19.9,39.604],[19.932,39.479],[20.0,39.455],[19.999,39.399],[19.907,39.435]]],[[[10.43,42.788],[10.389,42.763],[10.425,42.741],[10.431,42.722],[10.416,42.709],[10.338,42.765],[10.314,42.743],[10.305,42.76],[10.265,42.745],[10.245,42.757],[10.23,42.735],[10.147,42.737],[10.107,42.757],[10.101,42.784],[10.133,42.812],[10.266,42.804],[10.272,42.827],[10.327,42.826],[10.322,42.812],[10.347,42.806],[10.412,42.873],[10.438,42.855],[10.43,42.788]]],[[[17.2,42.922],[16.973,42.927],[16.851,42.901],[16.655,42.926],[16.638,42.935],[16.707,42.97],[16.632,42.983],[16.72,42.99],[16.824,42.962],[17.032,42.983],[17.132,42.97],[17.2,42.922]]],[[[16.372,43.196],[16.496,43.218],[16.583,43.189],[16.521,43.229],[16.563,43.229],[16.583,43.216],[16.66,43.216],[16.686,43.182],[16.728,43.165],[16.864,43.169],[17.193,43.127],[16.67,43.125],[16.372,43.196]]],[[[16.406,43.333],[16.426,43.325],[16.453,43.353],[16.426,43.394],[16.447,43.395],[16.688,43.377],[16.81,43.353],[16.796,43.346],[16.83,43.346],[16.892,43.312],[16.846,43.273],[16.628,43.264],[16.501,43.284],[16.406,43.333]]],[[[15.22,43.901],[15.195,43.895],[15.133,43.921],[15.197,43.886],[15.195,43.873],[15.121,43.913],[15.003,44.052],[14.87,44.141],[14.85,44.176],[14.939,44.127],[14.954,44.103],[15.007,44.093],[15.0,44.079],[15.023,44.072],[15.041,44.026],[15.22,43.901]]],[[[14.761,44.659],[14.734,44.703],[14.845,44.601],[14.884,44.58],[14.88,44.609],[14.904,44.61],[15.004,44.536],[15.041,44.527],[15.076,44.484],[14.911,44.552],[14.966,44.524],[15.048,44.439],[15.097,44.415],[15.042,44.477],[15.083,44.462],[15.254,44.34],[15.165,44.367],[15.216,44.338],[15.227,44.326],[15.207,44.326],[15.22,44.313],[15.131,44.333],[15.172,44.299],[15.129,44.312],[15.097,44.34],[15.11,44.354],[15.089,44.374],[15.117,44.387],[15.083,44.402],[15.049,44.395],[15.021,44.43],[14.897,44.491],[14.919,44.505],[14.761,44.659]]],[[[14.754,44.758],[14.699,44.765],[14.658,44.799],[14.706,44.793],[14.699,44.813],[14.727,44.799],[14.686,44.847],[14.753,44.846],[14.74,44.821],[14.822,44.771],[14.859,44.717],[14.85,44.703],[14.74,44.77],[14.754,44.758]]],[[[14.534,44.634],[14.513,44.619],[14.473,44.62],[14.428,44.657],[14.395,44.708],[14.397,44.752],[14.368,44.761],[14.362,44.816],[14.33,44.834],[14.314,44.894],[14.294,44.909],[14.302,44.943],[14.36,44.909],[14.387,44.909],[14.39,44.96],[14.411,44.956],[14.377,44.987],[14.341,45.056],[14.278,45.113],[14.314,45.172],[14.356,45.169],[14.363,45.094],[14.388,45.039],[14.418,44.998],[14.473,44.971],[14.452,44.922],[14.467,44.805],[14.452,44.799],[14.473,44.765],[14.472,44.708],[14.534,44.634]]],[[[14.629,44.978],[14.621,45.046],[14.603,45.039],[14.617,45.025],[14.511,45.032],[14.46,45.052],[14.425,45.087],[14.463,45.101],[14.476,45.128],[14.53,45.135],[14.521,45.149],[14.55,45.221],[14.534,45.238],[14.549,45.249],[14.596,45.238],[14.584,45.23],[14.624,45.175],[14.597,45.166],[14.665,45.162],[14.665,45.087],[14.74,45.073],[14.74,45.044],[14.8,45.005],[14.815,44.977],[14.761,44.977],[14.747,44.97],[14.757,44.949],[14.706,44.947],[14.629,44.978]]],[[[-1.176,45.899],[-1.209,45.814],[-1.227,45.82],[-1.26,45.882],[-1.378,45.976],[-1.372,45.995],[-1.405,46.053],[-1.34,46.038],[-1.274,45.998],[-1.248,46.002],[-1.224,45.935],[-1.176,45.899]]],[[[-2.021,49.235],[-2.008,49.212],[-2.025,49.171],[-2.138,49.206],[-2.169,49.178],[-2.2,49.192],[-2.234,49.185],[-2.241,49.26],[-2.183,49.254],[-2.152,49.267],[-2.021,49.235]]],[[[-1.162,50.646],[-1.168,50.603],[-1.279,50.583],[-1.486,50.669],[-1.569,50.658],[-1.506,50.708],[-1.419,50.734],[-1.425,50.72],[-1.401,50.722],[-1.319,50.772],[-1.109,50.733],[-1.062,50.693],[-1.162,50.646]]],[[[4.097,51.67],[4.089,51.644],[3.96,51.624],[3.902,51.642],[3.886,51.668],[3.809,51.7],[3.765,51.678],[3.687,51.693],[3.689,51.725],[3.814,51.748],[3.962,51.738],[4.037,51.686],[4.097,51.67]]],[[[4.913,53.105],[4.796,53.0],[4.727,53.003],[4.708,53.028],[4.734,53.084],[4.854,53.188],[4.89,53.181],[4.91,53.135],[4.893,53.105],[4.913,53.105]]],[[[-9.923,53.947],[-9.936,53.892],[-9.958,53.881],[-10.018,53.913],[-10.056,53.914],[-10.067,53.968],[-10.163,53.961],[-10.266,53.982],[-10.218,53.986],[-10.19,54.016],[-10.134,54.0],[-10.063,54.023],[-9.976,54.021],[-9.936,53.989],[-9.957,53.989],[-9.964,53.954],[-9.923,53.947]]],[[[-4.656,54.064],[-4.704,54.085],[-4.766,54.059],[-4.79,54.064],[-4.728,54.143],[-4.71,54.221],[-4.598,54.277],[-4.531,54.366],[-4.442,54.404],[-4.351,54.414],[-4.376,54.348],[-4.358,54.318],[-4.325,54.31],[-4.312,54.287],[-4.399,54.222],[-4.391,54.195],[-4.55,54.101],[-4.591,54.091],[-4.612,54.057],[-4.621,54.07],[-4.656,54.064]]],[[[11.188,54.426],[11.17,54.42],[11.179,54.414],[11.113,54.415],[11.099,54.452],[11.032,54.447],[11.006,54.468],[11.034,54.509],[11.121,54.536],[11.232,54.502],[11.314,54.414],[11.188,54.426]]],[[[8.437,54.887],[8.654,54.894],[8.629,54.882],[8.504,54.886],[8.446,54.866],[8.344,54.879],[8.307,54.865],[8.284,54.742],[8.277,54.783],[8.298,54.913],[8.374,55.035],[8.416,55.065],[8.463,55.051],[8.395,55.044],[8.43,55.03],[8.362,54.987],[8.355,54.913],[8.437,54.887]]],[[[10.064,54.881],[9.954,54.863],[9.874,54.893],[9.901,54.901],[9.992,54.879],[9.898,54.913],[9.815,54.901],[9.781,54.917],[9.758,54.982],[9.848,54.948],[9.833,54.965],[9.842,54.97],[9.787,55.0],[9.799,55.017],[9.674,55.021],[9.697,55.051],[9.646,55.045],[9.628,55.058],[9.717,55.082],[9.793,55.081],[9.853,55.04],[9.961,55.015],[10.026,54.96],[10.064,54.881]]],[[[10.934,55.16],[10.957,55.154],[10.909,55.03],[10.838,54.937],[10.741,54.752],[10.694,54.735],[10.656,54.804],[10.601,54.838],[10.641,54.843],[10.684,54.888],[10.724,54.886],[10.718,54.907],[10.683,54.907],[10.697,54.931],[10.855,55.044],[10.862,55.072],[10.934,55.16]]],[[[15.145,55.087],[15.107,55.045],[15.113,55.018],[15.073,54.992],[14.781,55.051],[14.684,55.101],[14.709,55.236],[14.761,55.309],[14.851,55.248],[14.927,55.216],[14.973,55.216],[15.0,55.188],[15.132,55.145],[15.147,55.128],[15.145,55.087]]],[[[-5.078,55.455],[-5.118,55.44],[-5.217,55.438],[-5.305,55.462],[-5.346,55.483],[-5.359,55.53],[-5.346,55.55],[-5.389,55.59],[-5.393,55.647],[-5.355,55.69],[-5.291,55.709],[-5.297,55.723],[-5.198,55.704],[-5.146,55.655],[-5.126,55.606],[-5.137,55.592],[-5.094,55.567],[-5.092,55.544],[-5.125,55.537],[-5.071,55.509],[-5.093,55.5],[-5.078,55.455]]],[[[-6.024,55.682],[-6.058,55.66],[-6.132,55.632],[-6.215,55.627],[-6.227,55.602],[-6.287,55.578],[-6.311,55.583],[-6.319,55.628],[-6.243,55.66],[-6.277,55.704],[-6.325,55.715],[-6.321,55.733],[-6.25,55.777],[-6.329,55.783],[-6.387,55.722],[-6.463,55.674],[-6.504,55.681],[-6.49,55.715],[-6.504,55.723],[-6.449,55.777],[-6.482,55.79],[-6.461,55.803],[-6.445,55.849],[-6.331,55.89],[-6.318,55.887],[-6.338,55.846],[-6.311,55.818],[-6.318,55.845],[-6.297,55.867],[-6.14,55.941],[-6.12,55.929],[-6.099,55.801],[-6.05,55.766],[-6.058,55.743],[-6.024,55.682]]],[[[10.58,55.912],[10.567,55.928],[10.515,55.951],[10.519,55.976],[10.544,55.998],[10.58,55.937],[10.628,55.921],[10.621,55.88],[10.639,55.866],[10.669,55.88],[10.628,55.846],[10.615,55.777],[10.582,55.76],[10.52,55.789],[10.512,55.825],[10.517,55.846],[10.573,55.879],[10.58,55.912]]],[[[-5.886,55.887],[-5.945,55.859],[-5.962,55.805],[-6.027,55.796],[-6.062,55.809],[-6.078,55.835],[-6.087,55.883],[-6.075,55.916],[-5.997,55.952],[-5.886,55.976],[-5.981,55.97],[-5.996,55.986],[-5.988,56.0],[-5.799,56.0],[-5.886,55.887]]]]}},{"type":"Feature","properties":{},"geometry":{"type":"MultiPolygon","coordinates":[[[[-62.15,16.682],[-62.219,16.689],[-62.23,16.728],[-62.202,16.819],[-62.175,16.813],[-62.179,16.795],[-62.148,16.737],[-62.15,16.682]]],[[[-62.546,17.184],[-62.538,17.121],[-62.548,17.105],[-62.612,17.104],[-62.626,17.141],[-62.619,17.183],[-62.578,17.203],[-62.546,17.184]]],[[[-63.011,18.041],[-63.031,18.019],[-63.112,18.043],[-63.107,18.067],[-63.147,18.07],[-63.096,18.079],[-63.071,18.11],[-63.031,18.122],[-63.018,18.122],[-63.011,18.041]]],[[[-62.973,18.269],[-63.012,18.22],[-63.1,18.176],[-63.114,18.19],[-63.168,18.169],[-63.134,18.204],[-63.086,18.218],[-63.038,18.268],[-62.973,18.269]]],[[[14.334,36.034],[14.26,36.013],[14.185,36.035],[14.184,36.065],[14.283,36.068],[14.334,36.034]]],[[[12.053,36.768],[12.031,36.741],[11.996,36.745],[11.937,36.789],[11.922,36.828],[11.951,36.843],[11.987,36.824],[12.0,36.836],[12.038,36.807],[12.053,36.768]]],[[[8.484,39.07],[8.459,39.05],[8.437,38.967],[8.41,38.962],[8.349,39.062],[8.346,39.098],[8.36,39.118],[8.445,39.103],[8.458,39.068],[8.484,39.07]]],[[[13.89,40.694],[13.849,40.715],[13.87,40.749],[13.863,40.762],[13.966,40.735],[13.966,40.715],[13.89,40.694]]],[[[8.246,40.994],[8.21,40.996],[8.229,41.042],[8.276,41.07],[8.278,41.106],[8.302,41.105],[8.326,41.126],[8.341,41.074],[8.251,41.044],[8.246,40.994]]],[[[17.749,42.695],[17.386,42.771],[17.374,42.76],[17.324,42.791],[17.392,42.802],[17.372,42.791],[17.486,42.782],[17.591,42.743],[17.679,42.73],[17.749,42.695]]],[[[15.261,44.011],[15.384,43.97],[15.392,43.942],[15.427,43.922],[15.446,43.888],[15.359,43.919],[15.357,43.935],[15.261,44.011]]],[[[15.223,44.05],[15.207,44.045],[15.199,44.059],[15.189,44.048],[15.122,44.092],[15.069,44.134],[15.063,44.162],[15.226,44.066],[15.254,44.018],[15.223,44.05]]],[[[-2.518,49.516],[-2.502,49.507],[-2.542,49.431],[-2.673,49.433],[-2.65,49.464],[-2.518,49.516]]],[[[5.054,53.314],[5.105,53.31],[5.036,53.292],[4.91,53.212],[4.879,53.221],[5.054,53.314]]],[[[5.585,53.454],[5.562,53.434],[5.475,53.427],[5.482,53.413],[5.469,53.409],[5.208,53.353],[5.168,53.368],[5.179,53.385],[5.25,53.406],[5.585,53.454]]],[[[5.955,53.461],[5.679,53.43],[5.636,53.449],[5.659,53.472],[5.914,53.474],[5.955,53.461]]],[[[6.339,53.502],[6.127,53.46],[6.123,53.482],[6.148,53.495],[6.311,53.514],[6.339,53.502]]],[[[6.722,53.591],[6.757,53.563],[6.677,53.576],[6.66,53.599],[6.785,53.62],[6.798,53.604],[6.722,53.591]]],[[[8.594,54.729],[8.566,54.688],[8.485,54.688],[8.395,54.715],[8.437,54.748],[8.553,54.754],[8.594,54.729]]],[[[10.519,54.852],[10.383,54.831],[10.211,54.939],[10.189,54.977],[10.289,54.941],[10.35,54.897],[10.391,54.895],[10.389,54.92],[10.426,54.873],[10.461,54.874],[10.45,54.9],[10.519,54.852]]],[[[12.538,55.002],[12.554,54.968],[12.543,54.951],[12.348,54.96],[12.208,54.886],[12.115,54.907],[12.149,54.941],[12.129,54.954],[12.177,54.968],[12.177,54.989],[12.232,54.976],[12.287,54.989],[12.294,55.023],[12.253,55.044],[12.262,55.064],[12.335,55.033],[12.505,55.02],[12.538,55.002]]],[[[12.639,55.578],[12.556,55.55],[12.535,55.569],[12.52,55.619],[12.608,55.701],[12.674,55.606],[12.639,55.578]]]]}},{"type":"Feature","properties":{},"geometry":{"type":"MultiPolygon","coordinates":[[[[15.652,38.275],[15.57,38.227],[15.56,38.2],[15.576,38.2],[15.5,38.085],[15.213,37.761],[15.22,37.707],[15.164,37.568],[15.092,37.477],[15.104,37.33],[15.252,37.258],[15.261,37.234],[15.245,37.246],[15.22,37.22],[15.222,37.237],[15.205,37.245],[15.183,37.207],[15.216,37.155],[15.248,37.159],[15.229,37.15],[15.247,37.118],[15.303,37.101],[15.303,37.062],[15.288,37.069],[15.284,37.048],[15.321,37.04],[15.332,37.012],[15.309,37.018],[15.268,37.0],[15.268,36.973],[15.175,36.944],[15.158,36.924],[15.094,36.8],[15.134,36.675],[15.094,36.655],[15.007,36.703],[14.982,36.689],[14.882,36.731],[14.781,36.699],[14.685,36.726],[14.659,36.754],[14.582,36.781],[14.487,36.793],[14.395,36.945],[14.279,37.044],[14.126,37.112],[13.894,37.101],[13.833,37.14],[13.716,37.171],[13.569,37.274],[13.453,37.299],[13.278,37.394],[13.253,37.432],[13.174,37.487],[13.026,37.493],[13.0,37.535],[12.943,37.569],[12.659,37.565],[12.578,37.652],[12.506,37.666],[12.427,37.797],[12.465,37.823],[12.479,37.881],[12.464,37.913],[12.503,37.997],[12.493,38.021],[12.576,38.072],[12.608,38.062],[12.662,38.116],[12.705,38.111],[12.725,38.126],[12.72,38.175],[12.732,38.193],[12.761,38.181],[12.818,38.078],[12.901,38.028],[13.061,38.083],[13.071,38.096],[13.055,38.142],[13.101,38.19],[13.207,38.176],[13.239,38.207],[13.318,38.221],[13.372,38.173],[13.391,38.103],[13.514,38.111],[13.541,38.094],[13.547,38.056],[13.651,38.001],[13.791,37.974],[14.021,38.049],[14.083,38.024],[14.273,38.015],[14.432,38.049],[14.464,38.037],[14.512,38.044],[14.635,38.081],[14.734,38.158],[14.907,38.188],[14.945,38.182],[14.97,38.159],[15.049,38.152],[15.088,38.128],[15.177,38.156],[15.241,38.241],[15.245,38.217],[15.292,38.207],[15.4,38.233],[15.513,38.298],[15.652,38.275]]],[[[9.809,40.471],[9.762,40.391],[9.712,40.366],[9.626,40.263],[9.631,40.196],[9.655,40.145],[9.732,40.084],[9.687,39.961],[9.697,39.934],[9.718,39.934],[9.684,39.894],[9.697,39.852],[9.67,39.794],[9.676,39.718],[9.651,39.652],[9.653,39.567],[9.628,39.502],[9.645,39.484],[9.602,39.356],[9.604,39.326],[9.635,39.297],[9.607,39.289],[9.568,39.238],[9.58,39.187],[9.566,39.149],[9.523,39.125],[9.519,39.105],[9.496,39.134],[9.443,39.124],[9.292,39.221],[9.216,39.228],[9.166,39.187],[9.137,39.194],[9.073,39.249],[9.014,39.264],[9.038,39.227],[9.08,39.225],[9.018,39.146],[9.019,39.104],[9.045,39.051],[9.026,38.995],[9.005,38.995],[8.853,38.878],[8.805,38.906],[8.805,38.885],[8.767,38.92],[8.717,38.933],[8.669,38.911],[8.641,38.864],[8.643,38.89],[8.6,38.899],[8.615,38.948],[8.603,38.965],[8.58,38.961],[8.56,39.057],[8.504,39.063],[8.518,39.083],[8.504,39.091],[8.483,39.08],[8.465,39.119],[8.442,39.118],[8.435,39.166],[8.41,39.169],[8.373,39.222],[8.432,39.302],[8.417,39.339],[8.374,39.379],[8.405,39.427],[8.387,39.47],[8.463,39.577],[8.444,39.757],[8.469,39.755],[8.517,39.702],[8.566,39.701],[8.504,39.722],[8.545,39.783],[8.518,39.763],[8.549,39.807],[8.555,39.853],[8.523,39.899],[8.463,39.914],[8.435,39.899],[8.463,39.899],[8.435,39.858],[8.438,39.877],[8.395,39.913],[8.407,40.022],[8.377,40.034],[8.469,40.062],[8.49,40.104],[8.463,40.163],[8.476,40.292],[8.441,40.331],[8.386,40.352],[8.395,40.424],[8.38,40.469],[8.332,40.511],[8.312,40.578],[8.292,40.595],[8.216,40.571],[8.196,40.578],[8.216,40.612],[8.193,40.617],[8.162,40.564],[8.147,40.593],[8.141,40.625],[8.174,40.642],[8.197,40.691],[8.134,40.729],[8.215,40.881],[8.21,40.914],[8.179,40.928],[8.193,40.964],[8.21,40.975],[8.229,40.963],[8.233,40.91],[8.31,40.851],[8.521,40.827],[8.598,40.853],[8.641,40.896],[8.709,40.921],[8.764,40.914],[8.823,40.947],[8.881,41.024],[8.923,41.037],[9.006,41.122],[9.142,41.153],[9.163,41.184],[9.171,41.243],[9.231,41.263],[9.268,41.237],[9.267,41.202],[9.278,41.195],[9.285,41.222],[9.285,41.195],[9.313,41.201],[9.333,41.188],[9.335,41.212],[9.388,41.181],[9.422,41.181],[9.409,41.16],[9.443,41.133],[9.443,41.092],[9.469,41.146],[9.524,41.15],[9.525,41.133],[9.56,41.126],[9.562,41.097],[9.546,41.078],[9.539,41.092],[9.512,41.016],[9.532,41.016],[9.525,41.031],[9.543,41.037],[9.553,41.009],[9.616,41.02],[9.663,41.003],[9.651,40.991],[9.588,40.996],[9.571,40.935],[9.504,40.927],[9.573,40.906],[9.642,40.921],[9.614,40.893],[9.656,40.876],[9.663,40.858],[9.683,40.865],[9.724,40.845],[9.681,40.83],[9.69,40.811],[9.658,40.8],[9.704,40.759],[9.744,40.68],[9.757,40.595],[9.821,40.536],[9.809,40.471]]],[[[8.549,42.242],[8.688,42.273],[8.625,42.319],[8.605,42.31],[8.6,42.322],[8.635,42.339],[8.613,42.352],[8.552,42.339],[8.549,42.377],[8.599,42.388],[8.619,42.42],[8.66,42.43],[8.677,42.472],[8.657,42.48],[8.667,42.51],[8.717,42.531],[8.709,42.579],[8.723,42.565],[8.787,42.562],[8.807,42.585],[8.805,42.606],[9.05,42.662],[9.053,42.682],[9.118,42.732],[9.237,42.723],[9.292,42.675],[9.343,42.749],[9.335,42.808],[9.306,42.839],[9.333,42.867],[9.33,42.904],[9.36,42.929],[9.347,43.004],[9.422,43.017],[9.464,42.99],[9.454,42.964],[9.47,42.942],[9.483,42.802],[9.443,42.641],[9.477,42.579],[9.512,42.565],[9.49,42.613],[9.528,42.564],[9.546,42.435],[9.532,42.374],[9.56,42.295],[9.56,42.147],[9.546,42.104],[9.403,41.953],[9.402,41.706],[9.372,41.684],[9.378,41.656],[9.345,41.64],[9.347,41.62],[9.292,41.626],[9.279,41.598],[9.345,41.604],[9.351,41.581],[9.265,41.531],[9.279,41.492],[9.271,41.469],[9.211,41.448],[9.223,41.427],[9.211,41.407],[9.25,41.428],[9.223,41.373],[9.207,41.366],[9.096,41.404],[9.121,41.435],[9.067,41.462],[9.08,41.482],[9.039,41.462],[9.039,41.476],[8.936,41.489],[8.84,41.531],[8.853,41.544],[8.792,41.561],[8.796,41.581],[8.778,41.592],[8.802,41.639],[8.873,41.651],[8.923,41.695],[8.789,41.713],[8.776,41.722],[8.785,41.742],[8.696,41.729],[8.703,41.742],[8.655,41.75],[8.718,41.772],[8.709,41.805],[8.785,41.824],[8.751,41.846],[8.792,41.859],[8.778,41.873],[8.805,41.907],[8.764,41.934],[8.614,41.901],[8.614,41.944],[8.586,41.969],[8.655,41.979],[8.665,42.014],[8.743,42.044],[8.745,42.057],[8.699,42.109],[8.661,42.105],[8.56,42.154],[8.594,42.167],[8.566,42.175],[8.582,42.195],[8.566,42.209],[8.574,42.22],[8.549,42.242]]],[[[12.096,54.898],[12.17,54.838],[12.067,54.787],[11.961,54.694],[11.969,54.57],[11.949,54.569],[11.869,54.66],[11.871,54.68],[11.91,54.722],[11.876,54.73],[11.883,54.756],[11.809,54.805],[11.793,54.845],[11.75,54.873],[11.742,54.925],[11.711,54.941],[11.759,54.968],[11.804,54.948],[11.883,54.982],[11.842,55.03],[11.729,55.064],[11.666,55.066],[11.616,55.092],[11.827,55.051],[11.718,55.126],[11.804,55.135],[11.807,55.147],[11.729,55.155],[11.711,55.168],[11.735,55.189],[11.718,55.208],[11.649,55.181],[11.423,55.222],[11.3,55.208],[11.32,55.195],[11.261,55.201],[11.239,55.242],[11.268,55.236],[11.286,55.256],[11.242,55.249],[11.242,55.279],[11.153,55.328],[11.19,55.345],[11.142,55.352],[11.108,55.332],[11.088,55.359],[11.214,55.404],[11.164,55.502],[11.081,55.513],[11.089,55.534],[11.138,55.543],[11.146,55.576],[11.088,55.627],[10.93,55.668],[11.088,55.66],[10.96,55.724],[10.875,55.743],[11.033,55.729],[11.163,55.749],[11.122,55.737],[11.193,55.7],[11.218,55.709],[11.176,55.729],[11.19,55.737],[11.252,55.729],[11.364,55.765],[11.376,55.808],[11.348,55.838],[11.398,55.826],[11.443,55.846],[11.478,55.842],[11.505,55.869],[11.511,55.908],[11.477,55.941],[11.305,55.968],[11.273,55.997],[11.401,55.962],[11.599,55.942],[11.768,55.971],[11.78,55.962],[11.739,55.921],[11.744,55.904],[11.711,55.907],[11.718,55.921],[11.663,55.907],[11.732,55.831],[11.718,55.811],[11.656,55.811],[11.608,55.783],[11.739,55.797],[11.763,55.749],[11.657,55.731],[11.746,55.731],[11.794,55.688],[11.78,55.66],[11.855,55.733],[11.842,55.756],[11.869,55.805],[11.937,55.825],[11.954,55.854],[11.91,55.915],[11.917,55.935],[11.935,55.934],[11.998,55.903],[11.992,55.874],[12.031,55.817],[12.052,55.737],[12.026,55.715],[11.973,55.721],[11.91,55.66],[11.959,55.665],[12.001,55.699],[12.04,55.674],[12.009,55.68],[12.011,55.669],[12.06,55.654],[12.095,55.729],[12.026,55.941],[11.992,55.961],[11.865,55.939],[11.849,55.948],[11.866,55.973],[11.924,56.0],[12.572,56.0],[12.513,55.921],[12.554,55.883],[12.602,55.797],[12.588,55.729],[12.602,55.709],[12.487,55.61],[12.404,55.619],[12.331,55.595],[12.248,55.546],[12.198,55.487],[12.225,55.435],[12.273,55.41],[12.369,55.4],[12.435,55.364],[12.465,55.29],[12.392,55.255],[12.183,55.227],[12.121,55.191],[12.099,55.141],[12.081,55.147],[12.077,55.182],[12.015,55.167],[12.047,55.14],[12.169,55.128],[12.171,55.095],[12.119,55.074],[12.163,55.023],[12.162,55.004],[12.033,54.968],[11.91,55.01],[11.883,54.941],[11.918,54.922],[11.931,54.928],[11.924,54.941],[11.958,54.948],[12.024,54.898],[12.096,54.898]]]]}},{"type":"Feature","properties":{},"geometry":{"type":"MultiPolygon","coordinates":[[[[-62.343,16.935],[-62.347,16.932],[-62.347,16.937],[-62.343,16.935]]],[[[-62.948,18.297],[-62.926,18.29],[-62.957,18.274],[-62.948,18.297]]],[[[-63.187,18.265],[-63.192,18.269],[-63.19,18.269],[-63.187,18.265]]],[[[-63.169,18.265],[-63.168,18.262],[-63.174,18.262],[-63.169,18.265]]],[[[-61.604,15.839],[-61.608,15.841],[-61.605,15.841],[-61.604,15.839]]],[[[-61.586,15.84],[-61.586,15.836],[-61.591,15.84],[-61.586,15.84]]],[[[-61.594,15.878],[-61.596,15.881],[-61.591,15.88],[-61.594,15.878]]],[[[-61.127,16.177],[-61.106,16.176],[-61.11,16.171],[-61.127,16.177]]],[[[-61.106,16.179],[-61.106,16.181],[-61.104,16.181],[-61.106,16.179]]],[[[-61.589,16.356],[-61.577,16.353],[-61.586,16.35],[-61.589,16.356]]],[[[14.351,36.01],[14.325,36.003],[14.322,36.017],[14.351,36.01]]],[[[-7.909,36.989],[-7.904,36.986],[-7.909,36.978],[-7.909,36.989]]],[[[-7.881,37.001],[-7.879,36.993],[-7.895,36.989],[-7.881,37.001]]],[[[10.823,37.118],[10.79,37.127],[10.806,37.141],[10.823,37.118]]],[[[8.959,37.519],[8.9,37.519],[8.946,37.543],[8.959,37.519]]],[[[-8.835,38.482],[-8.84,38.474],[-8.849,38.48],[-8.835,38.482]]],[[[-9.003,38.861],[-9.026,38.865],[-9.02,38.879],[-9.003,38.861]]],[[[-9.028,38.889],[-9.018,38.92],[-9.013,38.914],[-9.028,38.889]]],[[[-9.502,39.42],[-9.512,39.411],[-9.508,39.422],[-9.502,39.42]]],[[[19.532,39.756],[19.514,39.784],[19.531,39.77],[19.532,39.756]]],[[[19.41,39.841],[19.382,39.845],[19.383,39.863],[19.424,39.867],[19.41,39.841]]],[[[19.593,39.88],[19.575,39.876],[19.566,39.891],[19.58,39.898],[19.593,39.88]]],[[[-8.796,40.131],[-8.828,40.124],[-8.848,40.147],[-8.796,40.131]]],[[[19.279,40.475],[19.261,40.506],[19.271,40.513],[19.288,40.499],[19.279,40.475]]],[[[14.246,40.544],[14.196,40.541],[14.199,40.558],[14.257,40.557],[14.246,40.544]]],[[[14.017,40.737],[14.001,40.744],[14.013,40.769],[14.031,40.764],[14.017,40.737]]],[[[9.745,40.869],[9.734,40.858],[9.714,40.874],[9.745,40.869]]],[[[9.676,40.89],[9.736,40.924],[9.74,40.912],[9.676,40.89]]],[[[12.992,40.933],[12.969,40.919],[12.952,40.882],[12.948,40.918],[12.992,40.933]]],[[[12.86,40.948],[12.85,40.926],[12.849,40.928],[12.86,40.948]]],[[[13.062,40.976],[13.061,40.965],[13.05,40.967],[13.062,40.976]]],[[[9.606,41.079],[9.603,41.069],[9.596,41.073],[9.606,41.079]]],[[[9.417,41.2],[9.408,41.185],[9.394,41.195],[9.417,41.2]]],[[[9.147,41.23],[9.137,41.241],[9.142,41.246],[9.158,41.242],[9.147,41.23]]],[[[9.353,41.248],[9.342,41.228],[9.33,41.238],[9.353,41.248]]],[[[9.335,41.286],[9.351,41.289],[9.351,41.276],[9.335,41.286]]],[[[9.358,41.297],[9.377,41.308],[9.379,41.296],[9.358,41.297]]],[[[9.337,41.295],[9.331,41.305],[9.34,41.307],[9.353,41.299],[9.337,41.295]]],[[[9.257,41.332],[9.247,41.338],[9.25,41.344],[9.257,41.332]]],[[[9.27,41.368],[9.263,41.361],[9.25,41.365],[9.27,41.368]]],[[[15.492,42.107],[15.478,42.104],[15.478,42.113],[15.493,42.124],[15.492,42.107]]],[[[11.102,42.254],[11.106,42.238],[11.092,42.256],[11.111,42.261],[11.102,42.254]]],[[[16.272,42.386],[16.27,42.387],[16.271,42.388],[16.272,42.386]]],[[[16.276,42.388],[16.275,42.388],[16.276,42.389],[16.276,42.388]]],[[[16.267,42.39],[16.258,42.39],[16.259,42.394],[16.267,42.39]]],[[[17.905,42.701],[17.845,42.732],[17.837,42.753],[17.913,42.721],[17.905,42.701]]],[[[16.526,42.757],[16.486,42.752],[16.507,42.772],[16.526,42.757]]],[[[16.018,42.957],[15.993,42.952],[16.003,42.993],[16.022,42.979],[16.018,42.957]]],[[[15.75,43.017],[15.721,43.018],[15.726,43.025],[15.762,43.033],[15.75,43.017]]],[[[6.466,43.019],[6.433,43.01],[6.435,43.027],[6.502,43.056],[6.466,43.019]]],[[[16.72,43.082],[16.66,43.089],[16.682,43.1],[16.738,43.092],[16.72,43.082]]],[[[9.908,43.427],[9.894,43.433],[9.898,43.443],[9.913,43.445],[9.908,43.427]]],[[[16.17,43.436],[16.115,43.429],[16.121,43.448],[16.149,43.459],[16.17,43.436]]],[[[7.065,43.519],[7.073,43.516],[7.032,43.522],[7.065,43.519]]],[[[15.868,43.663],[15.824,43.7],[15.842,43.707],[15.868,43.663]]],[[[15.697,43.681],[15.674,43.717],[15.726,43.69],[15.719,43.677],[15.697,43.681]]],[[[15.631,43.771],[15.567,43.832],[15.595,43.831],[15.664,43.771],[15.631,43.771]]],[[[15.078,44.053],[15.073,44.081],[15.1,44.069],[15.158,44.003],[15.078,44.053]]],[[[15.03,44.298],[15.031,44.327],[15.137,44.288],[15.117,44.282],[15.088,44.299],[15.03,44.298]]],[[[14.693,44.36],[14.665,44.407],[14.702,44.402],[14.723,44.352],[14.693,44.36]]],[[[14.961,44.4],[14.888,44.456],[14.946,44.419],[14.961,44.4]]],[[[14.321,44.509],[14.299,44.496],[14.282,44.522],[14.321,44.509]]],[[[13.747,44.888],[13.75,44.913],[13.735,44.924],[13.778,44.911],[13.747,44.888]]],[[[14.779,44.908],[14.768,44.929],[14.807,44.92],[14.836,44.887],[14.779,44.908]]],[[[14.535,44.956],[14.486,44.984],[14.528,44.986],[14.548,44.961],[14.535,44.956]]],[[[12.396,45.449],[12.375,45.454],[12.397,45.46],[12.414,45.473],[12.396,45.449]]],[[[-1.835,48.869],[-1.836,48.879],[-1.83,48.875],[-1.835,48.869]]],[[[-2.445,49.475],[-2.453,49.462],[-2.454,49.482],[-2.445,49.475]]],[[[-6.343,49.884],[-6.355,49.889],[-6.355,49.894],[-6.343,49.884]]],[[[-6.363,49.944],[-6.363,49.96],[-6.353,49.958],[-6.363,49.944]]],[[[-6.268,49.963],[-6.289,49.957],[-6.307,49.968],[-6.268,49.963]]],[[[-9.485,51.431],[-9.528,51.426],[-9.52,51.438],[-9.477,51.448],[-9.485,51.431]]],[[[-4.691,51.629],[-4.709,51.639],[-4.707,51.643],[-4.678,51.636],[-4.691,51.629]]],[[[-5.301,51.727],[-5.315,51.737],[-5.293,51.743],[-5.281,51.738],[-5.301,51.727]]],[[[-5.338,51.854],[-5.35,51.857],[-5.35,51.874],[-5.331,51.876],[-5.338,51.854]]],[[[-4.786,52.754],[-4.802,52.745],[-4.794,52.768],[-4.786,52.754]]],[[[-9.761,53.227],[-9.724,53.242],[-9.726,53.226],[-9.761,53.227]]],[[[-9.69,53.307],[-9.639,53.297],[-9.701,53.286],[-9.712,53.298],[-9.69,53.307]]],[[[-9.856,53.31],[-9.846,53.287],[-9.854,53.297],[-9.872,53.302],[-9.856,53.31]]],[[[-6.126,53.366],[-6.186,53.343],[-6.169,53.357],[-6.126,53.366]]],[[[-6.011,53.477],[-6.034,53.487],[-6.028,53.494],[-6.005,53.495],[-6.011,53.477]]],[[[6.586,53.533],[6.57,53.538],[6.584,53.548],[6.606,53.548],[6.586,53.533]]],[[[6.922,53.642],[6.894,53.623],[6.866,53.634],[6.867,53.648],[6.922,53.642]]],[[[-9.978,53.792],[-10.052,53.793],[-9.985,53.825],[-9.954,53.812],[-9.978,53.792]]],[[[8.686,54.042],[8.659,54.064],[8.682,54.08],[8.686,54.042]]],[[[11.539,54.948],[11.498,54.979],[11.519,54.985],[11.56,54.979],[11.539,54.948]]],[[[15.193,55.316],[15.191,55.323],[15.194,55.32],[15.193,55.316]]],[[[12.767,55.607],[12.744,55.624],[12.744,55.662],[12.78,55.661],[12.787,55.622],[12.767,55.607]]],[[[10.245,55.749],[10.238,55.753],[10.295,55.763],[10.313,55.788],[10.326,55.762],[10.313,55.742],[10.245,55.749]]],[[[12.703,55.889],[12.672,55.913],[12.687,55.921],[12.722,55.91],[12.703,55.889]]],[[[-2.427,35.182],[-2.436,35.181],[-2.434,35.185],[-2.427,35.182]]],[[[-2.441,35.176],[-2.446,35.177],[-2.441,35.181],[-2.441,35.176]]],[[[-2.418,35.18],[-2.421,35.176],[-2.425,35.179],[-2.418,35.18]]],[[[-5.418,35.911],[-5.421,35.914],[-5.419,35.916],[-5.418,35.911]]],[[[-3.038,35.943],[-3.04,35.944],[-3.039,35.946],[-3.038,35.943]]]]}},{"type":"Feature","properties":{},"geometry":{"type":"MultiPolygon","coordinates":[[[[-60.845,14.414],[-60.871,14.408],[-60.887,14.428],[-60.86,14.447],[-60.869,14.476],[-60.898,14.461],[-60.92,14.473],[-61.07,14.467],[-61.106,14.517],[-61.044,14.565],[-61.018,14.545],[-60.996,14.565],[-61.016,14.613],[-61.092,14.606],[-61.16,14.667],[-61.182,14.713],[-61.177,14.745],[-61.226,14.808],[-61.219,14.847],[-61.171,14.876],[-61.136,14.877],[-61.002,14.811],[-60.961,14.75],[-60.879,14.777],[-60.914,14.736],[-60.934,14.75],[-60.935,14.709],[-60.907,14.703],[-60.939,14.675],[-60.887,14.661],[-60.907,14.654],[-60.901,14.639],[-60.848,14.596],[-60.845,14.571],[-60.832,14.579],[-60.825,14.53],[-60.838,14.517],[-60.81,14.469],[-60.845,14.414]]],[[[-61.373,15.271],[-61.418,15.406],[-61.472,15.481],[-61.489,15.536],[-61.462,15.573],[-61.489,15.579],[-61.469,15.634],[-61.426,15.628],[-61.385,15.588],[-61.357,15.598],[-61.308,15.579],[-61.258,15.473],[-61.257,15.285],[-61.284,15.245],[-61.318,15.243],[-61.351,15.205],[-61.374,15.205],[-61.373,15.271]]],[[[-61.548,16.238],[-61.579,16.222],[-61.558,16.086],[-61.566,16.034],[-61.597,15.997],[-61.695,15.949],[-61.702,15.99],[-61.733,16.014],[-61.769,16.088],[-61.797,16.312],[-61.738,16.365],[-61.616,16.312],[-61.599,16.292],[-61.613,16.286],[-61.585,16.271],[-61.571,16.29],[-61.549,16.281],[-61.548,16.238]]],[[[-61.528,16.338],[-61.496,16.365],[-61.5,16.386],[-61.524,16.395],[-61.534,16.449],[-61.463,16.513],[-61.409,16.472],[-61.394,16.389],[-61.366,16.349],[-61.339,16.333],[-61.29,16.333],[-61.164,16.253],[-61.183,16.244],[-61.234,16.258],[-61.462,16.202],[-61.534,16.233],[-61.544,16.285],[-61.528,16.338]]],[[[55.838,-21.126],[55.855,-21.157],[55.812,-21.343],[55.683,-21.371],[55.575,-21.368],[55.434,-21.312],[55.398,-21.278],[55.35,-21.271],[55.296,-21.2],[55.288,-21.144],[55.233,-21.069],[55.225,-21.03],[55.242,-20.993],[55.288,-20.965],[55.287,-20.912],[55.336,-20.905],[55.408,-20.863],[55.578,-20.875],[55.651,-20.898],[55.695,-20.935],[55.747,-21.063],[55.838,-21.126]]],[[[3.474,39.75],[3.454,39.66],[3.402,39.623],[3.406,39.592],[3.323,39.524],[3.292,39.476],[3.282,39.42],[3.269,39.428],[3.253,39.386],[3.061,39.269],[3.001,39.318],[2.991,39.347],[2.959,39.363],[2.787,39.376],[2.737,39.462],[2.755,39.503],[2.744,39.523],[2.682,39.559],[2.655,39.565],[2.569,39.532],[2.52,39.473],[2.493,39.47],[2.469,39.506],[2.481,39.516],[2.454,39.537],[2.392,39.524],[2.351,39.576],[2.358,39.612],[2.468,39.659],[2.518,39.7],[2.57,39.713],[2.631,39.77],[2.652,39.77],[2.813,39.873],[2.844,39.873],[2.933,39.914],[3.179,39.969],[3.214,39.955],[3.115,39.909],[3.097,39.914],[3.095,39.881],[3.207,39.893],[3.187,39.854],[3.126,39.832],[3.136,39.789],[3.224,39.75],[3.292,39.75],[3.355,39.784],[3.474,39.75]]],[[[4.337,39.867],[4.303,39.888],[4.3,39.822],[4.248,39.816],[3.981,39.936],[3.869,39.926],[3.831,39.936],[3.851,39.984],[3.803,40.018],[3.822,40.048],[4.052,40.058],[4.105,40.079],[4.139,40.046],[4.135,40.028],[4.156,40.035],[4.171,40.065],[4.179,40.039],[4.255,39.997],[4.273,39.97],[4.255,39.95],[4.298,39.942],[4.337,39.867]]],[[[-4.043,53.303],[-4.098,53.25],[-4.196,53.22],[-4.222,53.182],[-4.344,53.132],[-4.407,53.131],[-4.412,53.156],[-4.385,53.182],[-4.448,53.159],[-4.495,53.18],[-4.5,53.211],[-4.571,53.275],[-4.559,53.363],[-4.571,53.393],[-4.425,53.427],[-4.325,53.42],[-4.277,53.401],[-4.267,53.369],[-4.235,53.358],[-4.203,53.298],[-4.122,53.317],[-4.043,53.303]]],[[[13.766,54.345],[13.73,54.317],[13.723,54.278],[13.691,54.284],[13.712,54.287],[13.712,54.304],[13.651,54.297],[13.712,54.332],[13.617,54.318],[13.691,54.352],[13.627,54.339],[13.599,54.352],[13.5,54.345],[13.406,54.285],[13.36,54.275],[13.356,54.249],[13.363,54.263],[13.418,54.266],[13.423,54.233],[13.407,54.228],[13.312,54.251],[13.335,54.284],[13.315,54.263],[13.268,54.256],[13.21,54.276],[13.205,54.297],[13.15,54.29],[13.149,54.305],[13.178,54.31],[13.115,54.338],[13.149,54.377],[13.223,54.373],[13.267,54.386],[13.239,54.394],[13.239,54.42],[13.212,54.431],[13.157,54.427],[13.182,54.453],[13.273,54.482],[13.233,54.493],[13.233,54.516],[13.185,54.508],[13.143,54.543],[13.26,54.554],[13.298,54.52],[13.301,54.55],[13.369,54.585],[13.342,54.55],[13.363,54.543],[13.349,54.524],[13.384,54.532],[13.39,54.543],[13.363,54.55],[13.377,54.565],[13.431,54.493],[13.507,54.488],[13.521,54.524],[13.5,54.557],[13.521,54.571],[13.441,54.557],[13.369,54.612],[13.273,54.561],[13.253,54.565],[13.257,54.595],[13.293,54.642],[13.225,54.635],[13.231,54.653],[13.391,54.688],[13.445,54.68],[13.383,54.636],[13.395,54.604],[13.425,54.585],[13.596,54.591],[13.671,54.566],[13.677,54.54],[13.585,54.487],[13.579,54.455],[13.61,54.414],[13.698,54.392],[13.766,54.345]]],[[[11.807,54.708],[11.846,54.698],[11.843,54.676],[11.811,54.655],[11.766,54.647],[11.611,54.666],[11.474,54.626],[11.188,54.732],[11.031,54.761],[10.999,54.787],[11.006,54.804],[11.09,54.811],[11.108,54.832],[11.019,54.886],[11.032,54.919],[11.074,54.948],[11.232,54.961],[11.339,54.919],[11.369,54.881],[11.595,54.811],[11.573,54.848],[11.656,54.866],[11.649,54.914],[11.787,54.832],[11.773,54.825],[11.788,54.807],[11.849,54.773],[11.855,54.744],[11.807,54.708]]],[[[10.538,55.03],[10.313,55.064],[10.234,55.092],[10.205,55.094],[10.197,55.064],[10.142,55.092],[10.084,55.087],[10.066,55.092],[10.156,55.14],[10.094,55.188],[10.039,55.181],[10.004,55.197],[9.994,55.173],[10.029,55.142],[10.026,55.126],[9.986,55.128],[9.98,55.213],[9.911,55.229],[9.884,55.253],[9.895,55.28],[9.885,55.349],[9.802,55.362],[9.778,55.38],[9.84,55.4],[9.785,55.414],[9.82,55.414],[9.737,55.438],[9.703,55.468],[9.786,55.437],[9.812,55.441],[9.676,55.496],[9.755,55.544],[9.827,55.548],[9.84,55.524],[9.888,55.509],[10.237,55.606],[10.272,55.606],[10.28,55.585],[10.294,55.588],[10.294,55.616],[10.308,55.618],[10.519,55.533],[10.475,55.532],[10.486,55.495],[10.42,55.459],[10.436,55.442],[10.472,55.443],[10.491,55.465],[10.609,55.493],[10.567,55.524],[10.614,55.528],[10.594,55.578],[10.615,55.565],[10.609,55.613],[10.628,55.614],[10.704,55.55],[10.742,55.487],[10.657,55.46],[10.571,55.461],[10.554,55.443],[10.594,55.441],[10.596,55.46],[10.698,55.44],[10.797,55.359],[10.834,55.29],[10.797,55.308],[10.773,55.287],[10.815,55.214],[10.783,55.124],[10.718,55.064],[10.621,55.064],[10.538,55.03]]]]}},{"type":"Feature","properties":{},"geometry":{"type":"MultiPolygon","coordinates":[[[[-49.947,1.063],[-49.926,1.07],[-49.916,1.057],[-49.95,1.0],[-50.038,1.007],[-49.947,1.063]]],[[[8.312,39.12],[8.29,39.099],[8.255,39.107],[8.257,39.124],[8.225,39.157],[8.245,39.181],[8.306,39.193],[8.312,39.12]]],[[[16.252,43.062],[16.21,43.033],[16.121,43.013],[16.063,43.017],[16.087,43.041],[16.049,43.065],[16.13,43.088],[16.245,43.076],[16.252,43.062]]],[[[16.207,43.387],[16.2,43.407],[16.298,43.404],[16.303,43.387],[16.33,43.39],[16.391,43.346],[16.376,43.333],[16.207,43.387]]],[[[14.534,44.484],[14.512,44.482],[14.438,44.539],[14.466,44.539],[14.438,44.565],[14.404,44.58],[14.387,44.566],[14.363,44.573],[14.383,44.603],[14.349,44.655],[14.336,44.717],[14.397,44.686],[14.39,44.662],[14.41,44.601],[14.534,44.484]]],[[[-1.433,46.211],[-1.504,46.208],[-1.556,46.252],[-1.48,46.259],[-1.474,46.238],[-1.508,46.246],[-1.491,46.224],[-1.411,46.238],[-1.425,46.224],[-1.308,46.207],[-1.254,46.162],[-1.286,46.16],[-1.433,46.211]]],[[[-2.145,46.957],[-2.143,46.91],[-2.195,46.962],[-2.22,46.974],[-2.247,46.964],[-2.296,47.033],[-2.2,47.024],[-2.19,46.977],[-2.145,46.957]]],[[[-3.073,47.328],[-3.067,47.302],[-3.223,47.312],[-3.241,47.321],[-3.262,47.383],[-3.243,47.395],[-3.103,47.327],[-3.073,47.328]]],[[[0.936,51.371],[0.911,51.364],[0.795,51.371],[0.734,51.412],[0.767,51.448],[0.891,51.421],[0.932,51.398],[0.936,51.371]]],[[[-5.009,55.729],[-5.029,55.723],[-5.116,55.784],[-5.14,55.842],[-5.181,55.863],[-5.2,55.911],[-5.167,55.921],[-5.081,55.88],[-5.022,55.806],[-5.011,55.774],[-5.03,55.749],[-5.009,55.729]]]]}},{"type":"Feature","properties":{},"geometry":{"type":"MultiPolygon","coordinates":[[[[-61.222,13.0],[-61.249,13.016],[-61.201,13.051],[-61.194,13.037],[-61.222,13.0]]],[[[-61.092,16.305],[-61.039,16.344],[-60.989,16.346],[-61.04,16.314],[-61.092,16.305]]],[[[-62.945,17.485],[-62.959,17.465],[-62.981,17.468],[-62.995,17.492],[-62.997,17.526],[-62.945,17.485]]],[[[-62.866,17.929],[-62.792,17.915],[-62.824,17.883],[-62.851,17.89],[-62.866,17.929]]],[[[45.291,-12.774],[45.283,-12.805],[45.262,-12.763],[45.277,-12.747],[45.291,-12.774]]],[[[-7.86,37.0],[-7.853,36.987],[-7.904,36.966],[-7.956,36.981],[-7.904,36.975],[-7.86,37.0]]],[[[-0.74,37.702],[-0.726,37.665],[-0.747,37.684],[-0.755,37.774],[-0.733,37.748],[-0.74,37.702]]],[[[12.314,37.946],[12.369,37.925],[12.358,37.914],[12.3,37.919],[12.273,37.94],[12.314,37.946]]],[[[15.007,38.378],[14.987,38.364],[14.948,38.396],[14.959,38.433],[15.007,38.378]]],[[[14.925,38.522],[14.958,38.522],[14.979,38.488],[14.953,38.481],[14.966,38.453],[14.949,38.451],[14.899,38.482],[14.925,38.522]]],[[[14.824,38.552],[14.794,38.572],[14.867,38.581],[14.877,38.57],[14.862,38.539],[14.824,38.552]]],[[[10.94,42.331],[10.923,42.319],[10.862,42.366],[10.883,42.392],[10.913,42.375],[10.94,42.331]]],[[[9.477,42.619],[9.457,42.647],[9.482,42.62],[9.477,42.619]]],[[[16.936,42.756],[16.905,42.732],[16.858,42.743],[16.834,42.731],[16.81,42.75],[16.824,42.764],[16.803,42.763],[16.828,42.781],[16.921,42.777],[16.936,42.756]]],[[[9.855,43.044],[9.842,43.025],[9.801,43.008],[9.785,43.028],[9.807,43.066],[9.842,43.063],[9.855,43.044]]],[[[15.672,43.637],[15.604,43.675],[15.65,43.673],[15.74,43.628],[15.672,43.637]]],[[[15.342,43.812],[15.396,43.772],[15.309,43.806],[15.228,43.874],[15.241,43.881],[15.342,43.812]]],[[[14.869,44.141],[14.835,44.142],[14.82,44.153],[14.822,44.169],[14.869,44.141]]],[[[12.389,45.434],[12.431,45.416],[12.376,45.423],[12.321,45.348],[12.372,45.425],[12.389,45.434]]],[[[-2.269,46.697],[-2.371,46.704],[-2.383,46.723],[-2.357,46.734],[-2.269,46.697]]],[[[-5.037,48.465],[-5.088,48.447],[-5.106,48.445],[-5.098,48.461],[-5.133,48.458],[-5.092,48.481],[-5.037,48.465]]],[[[-0.939,50.781],[-1.021,50.788],[-0.973,50.83],[-0.95,50.824],[-0.96,50.802],[-0.939,50.781]]],[[[-9.692,53.226],[-9.72,53.266],[-9.671,53.281],[-9.638,53.251],[-9.692,53.226]]],[[[-4.558,53.253],[-4.572,53.239],[-4.633,53.283],[-4.677,53.285],[-4.694,53.31],[-4.626,53.321],[-4.558,53.253]]],[[[6.51,53.544],[6.443,53.55],[6.455,53.558],[6.51,53.544]]],[[[7.047,53.694],[7.085,53.687],[6.874,53.673],[7.047,53.694]]],[[[7.233,53.729],[7.347,53.723],[7.133,53.708],[7.233,53.729]]],[[[7.403,53.737],[7.436,53.728],[7.367,53.728],[7.403,53.737]]],[[[8.152,53.739],[8.196,53.728],[8.12,53.714],[8.152,53.739]]],[[[7.627,53.751],[7.514,53.746],[7.511,53.728],[7.482,53.727],[7.47,53.745],[7.487,53.761],[7.607,53.763],[7.627,53.751]]],[[[7.728,53.787],[7.813,53.776],[7.661,53.762],[7.728,53.787]]],[[[7.898,53.796],[7.956,53.783],[7.875,53.788],[7.874,53.776],[7.855,53.785],[7.898,53.796]]],[[[11.468,54.031],[11.498,54.023],[11.458,53.961],[11.445,53.961],[11.447,53.997],[11.423,53.968],[11.376,53.982],[11.39,54.005],[11.468,54.031]]],[[[11.534,54.085],[11.616,54.112],[11.54,54.057],[11.534,54.085]]],[[[8.888,54.468],[8.813,54.482],[8.826,54.491],[8.813,54.502],[8.844,54.52],[8.959,54.522],[8.888,54.468]]],[[[13.103,54.53],[13.075,54.509],[13.102,54.596],[13.143,54.598],[13.119,54.586],[13.103,54.53]]],[[[13.157,54.599],[13.15,54.578],[13.143,54.598],[13.157,54.599]]],[[[8.401,54.633],[8.354,54.619],[8.292,54.667],[8.36,54.715],[8.332,54.694],[8.401,54.633]]],[[[-8.484,54.976],[-8.566,54.976],[-8.544,55.015],[-8.509,55.006],[-8.484,54.976]]],[[[-6.172,55.293],[-6.195,55.263],[-6.188,55.284],[-6.211,55.295],[-6.284,55.297],[-6.185,55.307],[-6.172,55.293]]],[[[8.371,55.427],[8.374,55.463],[8.408,55.468],[8.412,55.439],[8.463,55.427],[8.45,55.393],[8.476,55.345],[8.452,55.34],[8.371,55.427]]],[[[-63.64,15.703],[-63.634,15.696],[-63.64,15.696],[-63.64,15.703]]],[[[12.873,35.852],[12.846,35.863],[12.847,35.868],[12.867,35.872],[12.873,35.852]]],[[[14.357,38.551],[14.361,38.539],[14.346,38.535],[14.357,38.551]]],[[[14.585,38.557],[14.552,38.562],[14.542,38.587],[14.585,38.557]]],[[[13.197,38.708],[13.153,38.695],[13.158,38.71],[13.197,38.708]]],[[[15.217,38.773],[15.187,38.789],[15.212,38.81],[15.235,38.808],[15.217,38.773]]],[[[13.432,40.801],[13.415,40.786],[13.419,40.796],[13.432,40.801]]],[[[-2.354,49.428],[-2.378,49.413],[-2.375,49.435],[-2.356,49.44],[-2.354,49.428]]],[[[-2.201,49.706],[-2.226,49.708],[-2.205,49.724],[-2.17,49.729],[-2.201,49.706]]],[[[-6.288,49.914],[-6.309,49.914],[-6.307,49.927],[-6.292,49.932],[-6.288,49.914]]],[[[-6.341,49.945],[-6.349,49.964],[-6.342,49.964],[-6.328,49.957],[-6.341,49.945]]],[[[-4.67,51.16],[-4.676,51.193],[-4.671,51.195],[-4.67,51.16]]],[[[-9.892,51.611],[-9.918,51.619],[-9.882,51.641],[-9.807,51.64],[-9.892,51.611]]],[[[-10.305,51.911],[-10.362,51.892],[-10.429,51.89],[-10.352,51.931],[-10.302,51.925],[-10.305,51.911]]],[[[-9.661,53.091],[-9.811,53.138],[-9.697,53.137],[-9.645,53.103],[-9.661,53.091]]],[[[8.693,54.523],[8.67,54.502],[8.619,54.493],[8.596,54.514],[8.62,54.538],[8.699,54.559],[8.693,54.523]]],[[[-61.619,15.852],[-61.638,15.853],[-61.635,15.866],[-61.621,15.868],[-61.619,15.852]]],[[[-61.582,15.862],[-61.596,15.863],[-61.58,15.881],[-61.566,15.877],[-61.582,15.862]]],[[[-63.224,17.629],[-63.238,17.615],[-63.249,17.64],[-63.224,17.629]]],[[[12.611,35.489],[12.526,35.517],[12.556,35.521],[12.621,35.508],[12.611,35.489]]],[[[12.065,37.951],[12.03,37.984],[12.054,37.992],[12.078,37.96],[12.065,37.951]]],[[[-9.055,38.833],[-9.08,38.82],[-9.061,38.852],[-9.035,38.871],[-9.055,38.833]]],[[[2.962,39.116],[2.931,39.118],[2.914,39.152],[2.981,39.186],[2.982,39.139],[2.962,39.116]]],[[[9.47,41.172],[9.437,41.186],[9.46,41.242],[9.478,41.228],[9.47,41.172]]],[[[9.377,41.213],[9.373,41.23],[9.414,41.262],[9.434,41.221],[9.377,41.213]]],[[[10.316,42.341],[10.313,42.324],[10.294,42.328],[10.306,42.352],[10.316,42.341]]],[[[10.086,42.572],[10.05,42.582],[10.079,42.614],[10.096,42.591],[10.086,42.572]]],[[[6.252,43.003],[6.202,42.987],[6.166,43.0],[6.242,43.026],[6.252,43.003]]],[[[16.375,43.49],[16.211,43.49],[16.264,43.513],[16.375,43.49]]],[[[14.79,44.267],[14.76,44.26],[14.738,44.272],[14.753,44.291],[14.79,44.267]]],[[[14.657,44.305],[14.595,44.347],[14.613,44.341],[14.657,44.305]]],[[[14.801,44.343],[14.756,44.364],[14.763,44.415],[14.803,44.406],[14.801,44.343]]],[[[14.28,44.678],[14.257,44.657],[14.264,44.612],[14.233,44.626],[14.266,44.68],[14.28,44.678]]],[[[12.362,45.438],[12.321,45.43],[12.33,45.459],[12.362,45.438]]],[[[7.898,54.182],[7.88,54.194],[7.901,54.191],[7.898,54.182]]],[[[7.933,54.19],[7.912,54.192],[7.93,54.195],[7.933,54.19]]],[[[54.521,-15.894],[54.514,-15.89],[54.521,-15.885],[54.521,-15.894]]],[[[47.306,-11.57],[47.288,-11.566],[47.3,-11.551],[47.306,-11.57]]],[[[-63.254,18.287],[-63.236,18.283],[-63.252,18.273],[-63.254,18.287]]],[[[-4.812,54.04],[-4.831,54.05],[-4.81,54.06],[-4.812,54.04]]]]}}]}