{"type":"FeatureCollection","features":[{"type":"Feature","properties":{"code":"FXX","name":"France m\u00e9tropolitaine"},"geometry":{"type":"MultiPolygon","coordinates":[[[[2.608,50.961],[2.612,50.941],[2.577,50.912],[2.597,50.868],[2.587,50.845],[2.62,50.816],[2.692,50.809],[2.707,50.789],[2.744,50.766],[2.768,50.733],[2.887,50.697],[2.93,50.736],[2.971,50.758],[3.103,50.784],[3.129,50.779],[3.146,50.769],[3.189,50.715],[3.224,50.705],[3.232,50.696],[3.244,50.672],[3.23,50.655],[3.264,50.57],[3.271,50.527],[3.3,50.507],[3.361,50.49],[3.429,50.502],[3.477,50.52],[3.498,50.512],[3.487,50.493],[3.499,50.487],[3.564,50.487],[3.608,50.477],[3.644,50.446],[3.662,50.319],[3.697,50.298],[3.733,50.337],[3.755,50.346],[3.84,50.345],[3.896,50.325],[4.003,50.344],[4.098,50.295],[4.125,50.257],[4.144,50.252],[4.151,50.256],[4.15,50.27],[4.163,50.273],[4.198,50.258],[4.201,50.242],[4.168,50.222],[4.153,50.205],[4.126,50.128],[4.181,50.127],[4.21,50.06],[4.137,50.025],[4.128,50.006],[4.14,49.975],[4.132,49.975],[4.201,49.953],[4.278,49.96],[4.435,49.932],[4.604,49.98],[4.646,49.984],[4.657,49.989],[4.673,50.016],[4.681,50.048],[4.673,50.066],[4.682,50.084],[4.789,50.153],[4.816,50.161],[4.82,50.146],[4.863,50.148],[4.872,50.14],[4.863,50.084],[4.846,50.091],[4.827,50.064],[4.827,50.036],[4.784,49.958],[4.797,49.944],[4.845,49.932],[4.86,49.913],[4.859,49.892],[4.835,49.853],[4.849,49.832],[4.849,49.794],[4.884,49.784],[4.971,49.797],[5.026,49.767],[5.082,49.753],[5.136,49.705],[5.169,49.687],[5.192,49.683],[5.259,49.691],[5.299,49.662],[5.306,49.648],[5.294,49.641],[5.291,49.626],[5.298,49.613],[5.322,49.613],[5.335,49.626],[5.402,49.602],[5.45,49.546],[5.45,49.508],[5.456,49.499],[5.478,49.495],[5.548,49.523],[5.602,49.514],[5.62,49.536],[5.645,49.544],[5.71,49.531],[5.746,49.549],[5.791,49.538],[5.84,49.5],[5.928,49.482],[5.947,49.47],[5.961,49.441],[6.078,49.452],[6.1,49.465],[6.107,49.483],[6.143,49.486],[6.136,49.495],[6.194,49.499],[6.249,49.49],[6.325,49.457],[6.354,49.455],[6.403,49.465],[6.512,49.425],[6.519,49.402],[6.578,49.356],[6.573,49.348],[6.556,49.347],[6.55,49.338],[6.556,49.326],[6.64,49.271],[6.64,49.253],[6.664,49.244],[6.681,49.207],[6.703,49.214],[6.709,49.198],[6.701,49.173],[6.714,49.159],[6.822,49.148],[6.839,49.163],[6.828,49.196],[6.833,49.209],[6.914,49.207],[7.009,49.182],[7.009,49.146],[7.021,49.119],[7.043,49.108],[7.073,49.12],[7.071,49.136],[7.08,49.142],[7.155,49.114],[7.241,49.114],[7.274,49.105],[7.297,49.128],[7.334,49.134],[7.351,49.159],[7.41,49.169],[7.415,49.158],[7.476,49.152],[7.483,49.137],[7.471,49.128],[7.521,49.084],[7.609,49.062],[7.635,49.038],[7.685,49.043],[7.727,49.036],[7.774,49.048],[7.857,49.032],[7.932,49.035],[8.09,48.979],[8.2,48.959],[8.148,48.904],[8.09,48.808],[8.039,48.791],[8.017,48.762],[7.97,48.757],[7.959,48.721],[7.896,48.677],[7.852,48.659],[7.81,48.615],[7.802,48.548],[7.813,48.519],[7.776,48.498],[7.738,48.407],[7.751,48.341],[7.737,48.327],[7.702,48.311],[7.687,48.253],[7.613,48.179],[7.605,48.153],[7.586,48.13],[7.573,48.095],[7.576,48.054],[7.619,48.003],[7.621,47.971],[7.585,47.94],[7.579,47.906],[7.559,47.883],[7.562,47.839],[7.543,47.829],[7.526,47.783],[7.538,47.732],[7.512,47.707],[7.518,47.675],[7.537,47.665],[7.59,47.608],[7.586,47.585],[7.526,47.566],[7.483,47.542],[7.505,47.533],[7.501,47.517],[7.477,47.515],[7.484,47.493],[7.467,47.482],[7.414,47.49],[7.428,47.471],[7.426,47.456],[7.406,47.438],[7.379,47.431],[7.309,47.433],[7.238,47.417],[7.168,47.444],[7.163,47.46],[7.181,47.488],[7.104,47.496],[7.054,47.49],[7.01,47.499],[6.973,47.489],[6.991,47.452],[6.969,47.435],[6.926,47.425],[6.925,47.406],[6.884,47.383],[6.867,47.354],[7.004,47.368],[7.044,47.34],[7.037,47.33],[6.959,47.291],[6.952,47.27],[6.956,47.245],[6.888,47.211],[6.84,47.17],[6.775,47.128],[6.745,47.121],[6.746,47.104],[6.69,47.078],[6.676,47.062],[6.688,47.044],[6.665,47.021],[6.599,46.987],[6.491,46.963],[6.443,46.944],[6.428,46.909],[6.445,46.883],[6.447,46.858],[6.417,46.802],[6.433,46.786],[6.429,46.761],[6.338,46.707],[6.266,46.68],[6.118,46.583],[6.122,46.57],[6.146,46.552],[6.064,46.471],[6.068,46.434],[6.054,46.419],[6.108,46.396],[6.135,46.37],[6.136,46.359],[6.101,46.301],[6.094,46.253],[6.09,46.246],[6.043,46.243],[5.983,46.223],[5.959,46.212],[5.955,46.2],[5.983,46.171],[5.959,46.13],[6.028,46.148],[6.074,46.149],[6.108,46.139],[6.14,46.15],[6.191,46.192],[6.281,46.24],[6.276,46.263],[6.252,46.26],[6.238,46.268],[6.214,46.315],[6.219,46.329],[6.269,46.375],[6.302,46.394],[6.398,46.408],[6.483,46.449],[6.547,46.457],[6.614,46.456],[6.763,46.429],[6.787,46.414],[6.782,46.378],[6.75,46.346],[6.828,46.269],[6.792,46.222],[6.766,46.152],[6.774,46.135],[6.854,46.123],[6.869,46.112],[6.849,46.085],[6.851,46.05],[6.869,46.044],[6.892,46.056],[6.915,46.049],[6.988,45.993],[7.022,45.925],[6.997,45.911],[6.969,45.87],[6.949,45.858],[6.873,45.845],[6.864,45.827],[6.843,45.839],[6.801,45.826],[6.783,45.795],[6.796,45.718],[6.843,45.683],[6.883,45.676],[6.919,45.653],[6.963,45.641],[6.969,45.626],[6.953,45.594],[6.97,45.567],[6.983,45.511],[7.072,45.47],[7.097,45.435],[7.161,45.411],[7.151,45.383],[7.093,45.324],[7.108,45.259],[7.081,45.243],[7.055,45.214],[7.03,45.228],[6.959,45.21],[6.914,45.17],[6.873,45.166],[6.868,45.157],[6.877,45.141],[6.844,45.13],[6.736,45.157],[6.702,45.141],[6.667,45.14],[6.603,45.103],[6.637,45.074],[6.64,45.05],[6.652,45.036],[6.697,45.027],[6.723,45.013],[6.728,44.929],[6.745,44.908],[6.847,44.859],[6.933,44.862],[6.983,44.847],[7.007,44.822],[6.998,44.794],[7.019,44.739],[7.055,44.685],[6.983,44.692],[6.96,44.683],[6.941,44.667],[6.934,44.647],[6.946,44.625],[6.897,44.575],[6.846,44.547],[6.836,44.534],[6.839,44.503],[6.861,44.475],[6.918,44.436],[6.877,44.414],[6.866,44.372],[6.921,44.302],[6.959,44.277],[6.983,44.242],[7.046,44.24],[7.145,44.207],[7.251,44.16],[7.309,44.147],[7.341,44.124],[7.381,44.123],[7.584,44.161],[7.625,44.18],[7.656,44.176],[7.642,44.144],[7.692,44.085],[7.69,44.067],[7.653,44.04],[7.631,43.994],[7.557,43.944],[7.478,43.866],[7.502,43.792],[7.476,43.784],[7.476,43.765],[7.463,43.762],[7.457,43.759],[7.488,43.749],[7.49,43.766],[7.53,43.784],[7.538,43.744],[7.612,43.645],[7.63,43.577],[7.534,43.537],[7.454,43.743],[7.437,43.743],[7.407,43.764],[7.388,43.758],[7.373,43.746],[7.364,43.722],[7.406,43.719],[7.42,43.725],[7.502,43.516],[7.303,43.386],[6.974,43.226],[6.95,43.14],[6.915,43.087],[6.735,42.916],[6.623,42.85],[6.509,42.805],[6.443,42.79],[6.202,42.781],[6.135,42.787],[5.732,42.862],[5.634,42.9],[5.51,42.964],[5.35,42.972],[5.13,43.01],[5.053,43.043],[4.938,43.127],[4.802,43.131],[4.72,43.147],[4.63,43.146],[4.535,43.162],[4.448,43.187],[4.3,43.256],[4.16,43.265],[3.996,43.303],[3.88,43.231],[3.782,43.201],[3.714,43.136],[3.64,43.093],[3.541,43.069],[3.436,43.074],[3.385,43.033],[3.34,42.979],[3.33,42.95],[3.333,42.91],[3.325,42.85],[3.312,42.806],[3.306,42.675],[3.376,42.617],[3.415,42.538],[3.236,42.448],[3.183,42.43],[3.086,42.427],[3.054,42.438],[3.03,42.466],[2.983,42.469],[2.966,42.461],[2.934,42.47],[2.901,42.451],[2.851,42.448],[2.789,42.412],[2.708,42.413],[2.69,42.406],[2.64,42.373],[2.662,42.339],[2.548,42.352],[2.532,42.331],[2.515,42.326],[2.446,42.352],[2.423,42.384],[2.375,42.389],[2.277,42.429],[2.184,42.412],[2.137,42.416],[2.121,42.411],[2.104,42.385],[2.052,42.352],[1.996,42.349],[1.964,42.367],[1.927,42.437],[1.87,42.447],[1.793,42.482],[1.712,42.494],[1.711,42.528],[1.722,42.549],[1.74,42.562],[1.765,42.563],[1.753,42.577],[1.713,42.59],[1.722,42.61],[1.608,42.618],[1.543,42.649],[1.467,42.641],[1.451,42.602],[1.429,42.595],[1.361,42.687],[1.338,42.694],[1.343,42.709],[1.196,42.714],[1.151,42.707],[1.134,42.716],[1.107,42.76],[1.089,42.771],[0.983,42.78],[0.95,42.796],[0.921,42.784],[0.813,42.832],[0.707,42.847],[0.656,42.838],[0.654,42.803],[0.64,42.775],[0.651,42.763],[0.633,42.745],[0.66,42.73],[0.665,42.699],[0.644,42.684],[0.467,42.69],[0.409,42.682],[0.389,42.685],[0.382,42.7],[0.354,42.717],[0.336,42.713],[0.29,42.67],[0.275,42.669],[0.238,42.71],[0.169,42.726],[-0.039,42.685],[-0.119,42.717],[-0.123,42.73],[-0.158,42.761],[-0.161,42.795],[-0.208,42.784],[-0.235,42.786],[-0.247,42.805],[-0.323,42.843],[-0.335,42.825],[-0.352,42.829],[-0.424,42.791],[-0.454,42.789],[-0.508,42.807],[-0.534,42.808],[-0.536,42.784],[-0.569,42.773],[-0.579,42.777],[-0.583,42.796],[-0.61,42.799],[-0.609,42.811],[-0.648,42.85],[-0.7,42.876],[-0.73,42.878],[-0.74,42.885],[-0.746,42.894],[-0.741,42.911],[-0.76,42.947],[-0.786,42.953],[-0.864,42.943],[-0.943,42.948],[-0.981,42.957],[-1.028,42.987],[-1.08,42.993],[-1.112,43.008],[-1.15,43.006],[-1.217,43.039],[-1.294,43.055],[-1.315,43.083],[-1.286,43.109],[-1.309,43.114],[-1.348,43.093],[-1.366,43.033],[-1.411,43.031],[-1.457,43.045],[-1.488,43.082],[-1.426,43.135],[-1.4,43.207],[-1.404,43.243],[-1.432,43.265],[-1.466,43.261],[-1.508,43.277],[-1.559,43.284],[-1.574,43.277],[-1.588,43.252],[-1.622,43.247],[-1.639,43.256],[-1.645,43.292],[-1.683,43.305],[-1.747,43.291],[-1.756,43.319],[-1.797,43.341],[-1.794,43.386],[-1.784,43.381],[-1.774,43.385],[-1.774,43.477],[-1.801,43.592],[-1.717,43.694],[-1.697,43.789],[-1.588,44.169],[-1.549,44.378],[-1.534,44.471],[-1.544,44.642],[-1.49,44.966],[-1.443,45.351],[-1.442,45.442],[-1.508,45.619],[-1.599,45.815],[-1.633,45.847],[-1.658,45.885],[-1.683,45.966],[-1.738,46.059],[-1.824,46.129],[-2.041,46.343],[-2.54,46.531],[-2.595,46.562],[-2.654,46.612],[-2.689,46.661],[-2.704,46.716],[-2.67,47.009],[-2.688,47.033],[-2.879,47.108],[-3.036,47.081],[-3.102,47.078],[-3.277,47.096],[-3.363,47.117],[-3.436,47.152],[-3.501,47.204],[-3.668,47.444],[-4.089,47.5],[-4.342,47.567],[-4.463,47.588],[-5.175,47.889],[-5.237,47.931],[-5.279,47.984],[-5.445,48.404],[-5.448,48.476],[-5.412,48.548],[-5.321,48.622],[-5.244,48.66],[-4.861,48.77],[-4.656,48.842],[-4.135,48.949],[-3.721,49.072],[-3.471,49.102],[-3.121,49.113],[-3.102,49.173],[-3.055,49.228],[-2.984,49.271],[-2.898,49.298],[-2.738,49.271],[-2.56,49.217],[-2.527,49.037],[-2.553,49.001],[-2.589,48.969],[-2.527,48.934],[-2.527,48.927],[-2.243,48.871],[-2.085,48.871],[-1.985,48.882],[-1.985,48.941],[-1.944,48.964],[-1.86,49.065],[-1.835,49.182],[-1.835,49.25],[-1.893,49.316],[-1.994,49.364],[-2.099,49.46],[-2.139,49.54],[-2.066,49.681],[-2.05,49.809],[-2.054,49.913],[-1.922,49.928],[-1.772,49.911],[-1.687,49.887],[-1.381,49.906],[-1.165,49.886],[-1.078,49.856],[-1.009,49.809],[-0.95,49.724],[-0.928,49.667],[-0.884,49.609],[-0.859,49.588],[-0.736,49.551],[-0.477,49.544],[-0.338,49.53],[-0.244,49.509],[-0.234,49.564],[-0.189,49.643],[-0.187,49.697],[-0.162,49.748],[-0.102,49.806],[0.017,49.873],[0.268,49.958],[0.465,50.038],[0.575,50.06],[0.708,50.072],[0.87,50.111],[0.994,50.127],[1.181,50.223],[1.226,50.288],[1.245,50.425],[1.263,50.496],[1.262,50.624],[1.244,50.7],[1.25,50.759],[1.271,50.804],[1.264,50.828],[1.281,50.896],[1.356,50.949],[1.547,51.038],[1.725,51.099],[1.884,51.197],[1.965,51.201],[2.027,51.225],[2.096,51.24],[2.222,51.242],[2.394,51.265],[2.544,51.094],[2.546,51.089],[2.525,51.083],[2.537,51.065],[2.547,51.02],[2.557,51.001],[2.608,50.961]],[[6.217,42.991],[6.251,43.0],[6.25,43.002],[6.217,42.991]],[[6.193,42.989],[6.199,42.982],[6.215,42.99],[6.193,42.989]],[[6.184,42.991],[6.186,42.992],[6.177,42.995],[6.184,42.991]],[[6.172,42.994],[6.176,42.996],[6.169,42.999],[6.172,42.994]],[[6.164,43.002],[6.16,43.001],[6.162,42.997],[6.164,43.002]],[[6.173,43.009],[6.172,43.008],[6.174,43.009],[6.173,43.009]],[[6.253,43.004],[6.252,43.005],[6.252,43.003],[6.253,43.004]],[[-1.26,45.882],[-1.34,45.939],[-1.378,45.976],[-1.372,45.995],[-1.383,46.019],[-1.403,46.049],[-1.414,46.049],[-1.387,45.998],[-1.397,45.978],[-1.385,45.947],[-1.341,45.918],[-1.293,45.9],[-1.267,45.879],[-1.238,45.802],[-1.214,45.816],[-1.227,45.82],[-1.26,45.882]],[[-1.556,46.246],[-1.563,46.244],[-1.536,46.202],[-1.503,46.193],[-1.462,46.202],[-1.323,46.143],[-1.279,46.143],[-1.255,46.162],[-1.281,46.156],[-1.336,46.167],[-1.433,46.21],[-1.489,46.203],[-1.556,46.246]],[[-1.508,46.246],[-1.492,46.229],[-1.474,46.232],[-1.508,46.246]],[[-1.492,46.228],[-1.497,46.232],[-1.493,46.227],[-1.492,46.228]],[[-1.464,46.228],[-1.453,46.229],[-1.47,46.23],[-1.464,46.228]],[[-1.425,46.224],[-1.416,46.221],[-1.41,46.229],[-1.42,46.231],[-1.425,46.224]],[[-1.253,46.165],[-1.253,46.166],[-1.256,46.165],[-1.253,46.165]],[[7.322,43.686],[7.327,43.674],[7.334,43.675],[7.335,43.686],[7.343,43.683],[7.35,43.686],[7.334,43.692],[7.322,43.686]],[[7.23,43.67],[7.232,43.677],[7.229,43.674],[7.23,43.67]],[[7.213,43.647],[7.214,43.649],[7.211,43.648],[7.213,43.647]],[[7.199,43.647],[7.203,43.645],[7.201,43.649],[7.199,43.647]],[[7.178,43.66],[7.167,43.657],[7.18,43.654],[7.197,43.657],[7.178,43.66]],[[7.152,43.655],[7.137,43.641],[7.133,43.634],[7.126,43.606],[7.127,43.604],[7.142,43.639],[7.165,43.656],[7.152,43.655]],[[7.131,43.59],[7.129,43.593],[7.13,43.588],[7.131,43.59]],[[7.13,43.587],[7.134,43.589],[7.133,43.59],[7.13,43.588],[7.13,43.587]],[[7.137,43.559],[7.14,43.57],[7.134,43.57],[7.137,43.559]],[[7.126,43.548],[7.122,43.553],[7.119,43.543],[7.138,43.545],[7.145,43.552],[7.126,43.548]],[[7.112,43.562],[7.116,43.561],[7.114,43.563],[7.112,43.562]],[[7.055,43.547],[7.057,43.549],[7.052,43.546],[7.055,43.547]],[[7.031,43.548],[7.029,43.548],[7.029,43.54],[7.037,43.536],[7.031,43.548]],[[7.009,43.548],[7.018,43.545],[7.014,43.547],[7.009,43.548]],[[6.973,43.546],[6.99,43.548],[6.976,43.547],[6.973,43.546]],[[6.946,43.522],[6.95,43.531],[6.945,43.527],[6.946,43.522]],[[6.954,43.5],[6.937,43.484],[6.949,43.485],[6.946,43.491],[6.957,43.497],[6.954,43.5]],[[6.93,43.474],[6.934,43.477],[6.932,43.479],[6.93,43.474]],[[6.926,43.468],[6.924,43.469],[6.922,43.459],[6.926,43.468]],[[6.922,43.454],[6.924,43.457],[6.922,43.457],[6.922,43.454]],[[6.922,43.45],[6.924,43.451],[6.921,43.452],[6.922,43.45]],[[6.917,43.447],[6.92,43.448],[6.92,43.449],[6.917,43.447]],[[6.87,43.425],[6.879,43.426],[6.879,43.427],[6.87,43.425]],[[6.863,43.439],[6.858,43.436],[6.857,43.425],[6.86,43.433],[6.87,43.432],[6.863,43.439]],[[6.807,43.414],[6.822,43.416],[6.819,43.416],[6.807,43.414]],[[6.788,43.408],[6.794,43.411],[6.787,43.409],[6.788,43.408]],[[6.751,43.419],[6.751,43.42],[6.75,43.419],[6.751,43.419]],[[6.738,43.411],[6.74,43.413],[6.735,43.41],[6.738,43.411]],[[6.734,43.41],[6.731,43.405],[6.735,43.41],[6.734,43.41]],[[6.719,43.358],[6.718,43.361],[6.718,43.355],[6.719,43.358]],[[6.675,43.346],[6.661,43.322],[6.638,43.305],[6.671,43.312],[6.665,43.324],[6.68,43.34],[6.717,43.348],[6.675,43.346]],[[6.636,43.274],[6.63,43.268],[6.648,43.271],[6.636,43.274]],[[6.684,43.274],[6.678,43.279],[6.672,43.276],[6.684,43.274]],[[6.69,43.252],[6.691,43.256],[6.688,43.251],[6.69,43.252]],[[6.677,43.196],[6.681,43.2],[6.679,43.201],[6.669,43.195],[6.677,43.196]],[[6.61,43.173],[6.602,43.174],[6.622,43.158],[6.633,43.173],[6.648,43.166],[6.64,43.182],[6.61,43.173]],[[6.587,43.186],[6.594,43.185],[6.593,43.188],[6.587,43.186]],[[6.539,43.18],[6.542,43.182],[6.54,43.182],[6.539,43.18]],[[6.53,43.165],[6.54,43.168],[6.536,43.173],[6.53,43.165]],[[6.487,43.151],[6.498,43.152],[6.479,43.156],[6.487,43.151]],[[6.472,43.154],[6.475,43.156],[6.468,43.155],[6.472,43.154]],[[6.407,43.148],[6.429,43.152],[6.422,43.152],[6.407,43.148]],[[6.439,43.143],[6.449,43.149],[6.448,43.153],[6.429,43.152],[6.439,43.143]],[[6.398,43.144],[6.399,43.146],[6.395,43.144],[6.398,43.144]],[[6.326,43.104],[6.316,43.107],[6.325,43.1],[6.322,43.092],[6.365,43.086],[6.37,43.091],[6.342,43.091],[6.326,43.104]],[[6.278,43.119],[6.289,43.106],[6.316,43.107],[6.278,43.119]],[[6.22,43.117],[6.215,43.115],[6.26,43.12],[6.22,43.117]],[[6.162,43.09],[6.165,43.094],[6.163,43.093],[6.162,43.09]],[[6.159,43.08],[6.16,43.086],[6.156,43.078],[6.159,43.08]],[[6.162,43.034],[6.135,43.033],[6.149,43.026],[6.174,43.033],[6.162,43.034]],[[6.103,43.027],[6.108,43.032],[6.098,43.031],[6.103,43.027]],[[6.107,43.042],[6.094,43.04],[6.091,43.036],[6.107,43.042]],[[6.128,43.072],[6.13,43.067],[6.129,43.071],[6.128,43.072]],[[6.031,43.077],[6.037,43.078],[6.028,43.078],[6.031,43.077]],[[6.017,43.082],[6.027,43.079],[6.022,43.088],[6.017,43.082]],[[6.013,43.099],[6.016,43.098],[6.017,43.099],[6.013,43.099]],[[5.935,43.117],[5.925,43.102],[5.951,43.106],[5.934,43.114],[5.935,43.117]],[[5.941,43.134],[5.879,43.12],[5.906,43.112],[5.912,43.122],[5.913,43.114],[5.924,43.123],[5.923,43.115],[5.935,43.117],[5.941,43.134]],[[5.911,43.1],[5.904,43.104],[5.911,43.093],[5.911,43.1]],[[5.941,43.084],[5.938,43.084],[5.944,43.082],[5.941,43.084]],[[5.917,43.073],[5.907,43.073],[5.911,43.066],[5.929,43.071],[5.944,43.066],[5.951,43.077],[5.917,43.073]],[[5.83,43.049],[5.845,43.047],[5.826,43.052],[5.83,43.049]],[[5.777,43.08],[5.779,43.069],[5.787,43.072],[5.788,43.073],[5.777,43.08]],[[5.813,43.105],[5.805,43.101],[5.811,43.094],[5.818,43.099],[5.813,43.105]],[[5.789,43.112],[5.795,43.113],[5.789,43.114],[5.789,43.112]],[[5.776,43.128],[5.766,43.115],[5.783,43.116],[5.776,43.128]],[[5.753,43.13],[5.757,43.132],[5.748,43.132],[5.753,43.13]],[[5.726,43.136],[5.733,43.135],[5.723,43.138],[5.726,43.136]],[[5.69,43.164],[5.683,43.161],[5.695,43.144],[5.704,43.144],[5.69,43.164]],[[5.655,43.186],[5.654,43.186],[5.676,43.178],[5.655,43.186]],[[5.6,43.161],[5.608,43.161],[5.608,43.162],[5.6,43.161]],[[5.504,43.206],[5.469,43.208],[5.5,43.196],[5.529,43.208],[5.504,43.206]],[[5.43,43.209],[5.456,43.203],[5.448,43.208],[5.43,43.209]],[[5.415,43.207],[5.428,43.204],[5.421,43.21],[5.41,43.211],[5.415,43.207]],[[5.387,43.21],[5.39,43.211],[5.38,43.21],[5.387,43.21]],[[5.347,43.216],[5.35,43.232],[5.345,43.217],[5.336,43.215],[5.37,43.208],[5.347,43.216]],[[5.357,43.28],[5.356,43.292],[5.354,43.294],[5.345,43.282],[5.369,43.27],[5.357,43.28]],[[5.259,43.337],[5.261,43.339],[5.257,43.337],[5.259,43.337]],[[5.081,43.326],[5.082,43.327],[5.08,43.327],[5.081,43.326]],[[5.053,43.324],[5.061,43.329],[5.051,43.331],[5.053,43.324]],[[5.025,43.346],[5.018,43.347],[5.035,43.331],[5.049,43.332],[5.025,43.346]],[[5.019,43.4],[4.997,43.402],[4.999,43.397],[4.985,43.393],[5.01,43.37],[5.006,43.382],[5.019,43.4]],[[5.062,43.422],[5.056,43.439],[5.028,43.417],[4.972,43.422],[4.974,43.402],[4.983,43.396],[4.99,43.404],[5.021,43.403],[5.062,43.422]],[[5.198,43.451],[5.195,43.449],[5.199,43.445],[5.198,43.451]],[[5.223,43.504],[5.166,43.482],[5.14,43.486],[5.113,43.507],[5.141,43.459],[5.151,43.455],[5.158,43.455],[5.161,43.462],[5.153,43.46],[5.164,43.471],[5.202,43.491],[5.226,43.48],[5.223,43.504]],[[5.085,43.538],[5.054,43.538],[5.035,43.556],[5.024,43.554],[5.046,43.522],[5.111,43.528],[5.085,43.538]],[[5.015,43.525],[5.014,43.534],[5.011,43.525],[5.015,43.525]],[[4.889,43.42],[4.886,43.414],[4.892,43.405],[4.89,43.414],[4.902,43.412],[4.918,43.431],[4.959,43.427],[4.928,43.44],[4.889,43.42]],[[4.883,43.419],[4.887,43.424],[4.88,43.423],[4.883,43.419]],[[4.856,43.411],[4.866,43.405],[4.877,43.411],[4.868,43.421],[4.856,43.411]],[[4.856,43.398],[4.859,43.402],[4.853,43.406],[4.856,43.398]],[[4.87,43.365],[4.867,43.369],[4.868,43.365],[4.87,43.365]],[[4.877,43.367],[4.873,43.368],[4.874,43.365],[4.877,43.367]],[[4.885,43.356],[4.882,43.354],[4.885,43.354],[4.91,43.373],[4.912,43.378],[4.885,43.356]],[[4.833,43.382],[4.757,43.423],[4.752,43.421],[4.745,43.422],[4.836,43.368],[4.846,43.335],[4.87,43.348],[4.856,43.342],[4.833,43.382]],[[4.737,43.436],[4.742,43.424],[4.757,43.424],[4.744,43.446],[4.737,43.436]],[[4.735,43.497],[4.729,43.524],[4.729,43.456],[4.735,43.441],[4.743,43.451],[4.744,43.482],[4.735,43.497]],[[4.726,43.557],[4.695,43.579],[4.736,43.522],[4.744,43.488],[4.745,43.507],[4.726,43.557]],[[4.82,43.346],[4.793,43.345],[4.838,43.331],[4.83,43.338],[4.83,43.361],[4.823,43.369],[4.819,43.37],[4.82,43.346]],[[4.566,43.371],[4.566,43.388],[4.574,43.395],[4.555,43.385],[4.564,43.371],[4.59,43.359],[4.66,43.345],[4.688,43.347],[4.566,43.371]],[[4.507,43.455],[4.519,43.454],[4.513,43.456],[4.507,43.455]],[[4.424,43.448],[4.424,43.449],[4.421,43.449],[4.424,43.448]],[[4.402,43.447],[4.406,43.448],[4.4,43.448],[4.402,43.447]],[[4.118,43.509],[4.114,43.509],[4.127,43.489],[4.15,43.477],[4.133,43.487],[4.118,43.509]],[[4.124,43.522],[4.123,43.521],[4.124,43.52],[4.124,43.522]],[[4.082,43.553],[4.082,43.554],[4.081,43.554],[4.082,43.553]],[[3.953,43.54],[3.925,43.524],[4.012,43.553],[3.953,43.54]],[[3.799,43.442],[3.823,43.463],[3.768,43.43],[3.799,43.442]],[[3.724,43.404],[3.725,43.401],[3.728,43.409],[3.724,43.404]],[[3.724,43.407],[3.725,43.408],[3.722,43.407],[3.724,43.407]],[[3.702,43.394],[3.708,43.402],[3.673,43.391],[3.702,43.394]],[[3.716,43.4],[3.714,43.405],[3.708,43.402],[3.716,43.4]],[[3.59,43.355],[3.509,43.279],[3.506,43.268],[3.566,43.327],[3.636,43.379],[3.59,43.355]],[[3.506,43.273],[3.507,43.279],[3.496,43.276],[3.506,43.273]],[[3.438,43.287],[3.444,43.279],[3.49,43.275],[3.452,43.289],[3.438,43.287]],[[3.375,43.28],[3.378,43.282],[3.369,43.279],[3.375,43.28]],[[3.347,43.271],[3.364,43.277],[3.346,43.272],[3.347,43.271]],[[3.244,43.219],[3.233,43.209],[3.341,43.27],[3.318,43.263],[3.244,43.219]],[[3.103,43.085],[3.097,43.074],[3.119,43.106],[3.133,43.11],[3.128,43.116],[3.114,43.106],[3.103,43.085]],[[3.061,42.916],[3.055,42.926],[3.056,42.907],[3.061,42.916]],[[3.053,42.871],[3.054,42.872],[3.052,42.872],[3.053,42.871]],[[-1.657,43.404],[-1.665,43.399],[-1.661,43.4],[-1.657,43.404]],[[-1.566,43.484],[-1.57,43.484],[-1.569,43.481],[-1.566,43.484]],[[-1.521,43.533],[-1.534,43.531],[-1.523,43.53],[-1.521,43.533]],[[-1.477,43.58],[-1.472,43.601],[-1.521,43.533],[-1.477,43.58]],[[-1.438,43.703],[-1.44,43.692],[-1.427,43.745],[-1.438,43.703]],[[-1.375,43.914],[-1.385,43.88],[-1.381,43.89],[-1.375,43.914]],[[-1.367,43.945],[-1.369,43.935],[-1.364,43.951],[-1.367,43.945]],[[-1.277,44.329],[-1.278,44.322],[-1.276,44.332],[-1.277,44.329]],[[-1.247,44.505],[-1.255,44.538],[-1.254,44.517],[-1.261,44.515],[-1.251,44.511],[-1.251,44.487],[-1.276,44.332],[-1.247,44.505]],[[-1.045,44.682],[-1.045,44.681],[-1.044,44.682],[-1.045,44.682]],[[-1.062,44.697],[-1.069,44.696],[-1.053,44.683],[-1.044,44.685],[-1.062,44.697]],[[-1.141,44.768],[-1.172,44.778],[-1.234,44.707],[-1.258,44.626],[-1.244,44.622],[-1.245,44.648],[-1.228,44.701],[-1.172,44.745],[-1.179,44.758],[-1.17,44.767],[-1.152,44.766],[-1.122,44.751],[-1.061,44.711],[-1.141,44.768]],[[-1.26,44.654],[-1.26,44.631],[-1.248,44.728],[-1.26,44.654]],[[-1.14,45.49],[-1.122,45.521],[-1.156,45.471],[-1.151,45.442],[-1.161,45.413],[-1.162,45.299],[-1.173,45.22],[-1.158,45.279],[-1.14,45.49]],[[-1.06,45.572],[-1.064,45.572],[-1.061,45.571],[-1.06,45.572]],[[-1.062,45.532],[-1.053,45.524],[-1.053,45.535],[-1.038,45.535],[-1.04,45.548],[-1.057,45.546],[-1.062,45.532]],[[-0.716,45.135],[-0.686,45.083],[-0.72,45.146],[-0.716,45.135]],[[-0.682,45.076],[-0.653,45.05],[-0.662,45.064],[-0.686,45.083],[-0.682,45.076]],[[-0.648,45.045],[-0.638,45.038],[-0.653,45.05],[-0.648,45.045]],[[-0.559,44.976],[-0.557,44.919],[-0.543,44.899],[-0.555,44.93],[-0.545,44.977],[-0.553,44.988],[-0.574,45.002],[-0.559,44.976]],[[-0.542,44.937],[-0.544,44.939],[-0.547,44.923],[-0.537,44.903],[-0.542,44.937]],[[-0.573,45.014],[-0.591,45.023],[-0.549,44.996],[-0.573,45.014]],[[-0.533,45.017],[-0.607,45.041],[-0.593,45.025],[-0.533,45.017]],[[-0.496,45.001],[-0.498,45.001],[-0.494,44.998],[-0.496,45.001]],[[-0.602,45.053],[-0.629,45.068],[-0.592,45.042],[-0.541,45.033],[-0.503,45.01],[-0.519,45.029],[-0.602,45.053]],[[-0.753,45.424],[-0.795,45.477],[-0.842,45.515],[-0.984,45.587],[-0.991,45.61],[-1.017,45.62],[-1.009,45.608],[-1.013,45.6],[-0.992,45.596],[-0.993,45.576],[-0.955,45.554],[-0.934,45.557],[-0.916,45.55],[-0.91,45.534],[-0.879,45.525],[-0.829,45.488],[-0.763,45.419],[-0.727,45.358],[-0.684,45.206],[-0.707,45.322],[-0.753,45.424]],[[-1.084,45.66],[-1.149,45.679],[-1.194,45.71],[-1.238,45.707],[-1.226,45.671],[-1.179,45.675],[-1.188,45.68],[-1.209,45.674],[-1.23,45.691],[-1.21,45.697],[-1.115,45.646],[-1.077,45.639],[-1.042,45.617],[-1.025,45.619],[-1.084,45.66]],[[-1.23,45.789],[-1.244,45.783],[-1.24,45.738],[-1.23,45.789]],[[-1.076,45.759],[-1.04,45.735],[-0.987,45.717],[-1.125,45.808],[-1.146,45.862],[-1.157,45.862],[-1.151,45.852],[-1.17,45.856],[-1.163,45.85],[-1.169,45.845],[-1.156,45.84],[-1.137,45.819],[-1.134,45.798],[-1.076,45.759]],[[-1.057,45.74],[-1.05,45.738],[-1.088,45.76],[-1.057,45.74]],[[-1.07,45.926],[-1.076,45.935],[-1.079,45.902],[-1.07,45.926]],[[-1.076,45.937],[-1.089,45.95],[-1.098,45.95],[-1.102,45.944],[-1.076,45.935],[-1.076,45.937]],[[-1.069,45.964],[-1.083,45.971],[-1.08,45.96],[-1.069,45.964]],[[-1.097,45.985],[-1.095,45.983],[-1.098,45.989],[-1.097,45.985]],[[-1.119,46.005],[-1.126,46.004],[-1.098,45.989],[-1.119,46.005]],[[-1.059,46.048],[-1.084,46.057],[-1.097,46.102],[-1.124,46.113],[-1.145,46.108],[-1.101,46.094],[-1.09,46.053],[-1.059,46.043],[-1.059,46.017],[-1.049,46.033],[-1.059,46.048]],[[-1.152,46.144],[-1.152,46.156],[-1.2,46.159],[-1.21,46.166],[-1.204,46.184],[-1.185,46.197],[-1.19,46.216],[-1.206,46.206],[-1.2,46.193],[-1.222,46.175],[-1.22,46.168],[-1.237,46.166],[-1.242,46.162],[-1.226,46.165],[-1.23,46.16],[-1.221,46.158],[-1.231,46.15],[-1.207,46.146],[-1.154,46.155],[-1.176,46.138],[-1.155,46.137],[-1.147,46.127],[-1.126,46.122],[-1.117,46.128],[-1.152,46.144]],[[-1.104,46.28],[-1.122,46.314],[-1.132,46.301],[-1.123,46.266],[-1.143,46.245],[-1.111,46.259],[-1.104,46.28]],[[-1.177,46.326],[-1.214,46.311],[-1.213,46.279],[-1.24,46.284],[-1.203,46.267],[-1.212,46.282],[-1.189,46.307],[-1.163,46.313],[-1.134,46.306],[-1.125,46.316],[-1.132,46.324],[-1.177,46.326]],[[-1.277,46.32],[-1.305,46.325],[-1.295,46.312],[-1.248,46.291],[-1.277,46.32]],[[-1.37,46.354],[-1.412,46.345],[-1.353,46.341],[-1.328,46.328],[-1.296,46.291],[-1.273,46.29],[-1.289,46.304],[-1.295,46.3],[-1.308,46.326],[-1.37,46.354]],[[-1.465,46.39],[-1.481,46.408],[-1.504,46.419],[-1.626,46.431],[-1.617,46.444],[-1.633,46.454],[-1.687,46.461],[-1.72,46.481],[-1.761,46.492],[-1.789,46.533],[-1.783,46.494],[-1.758,46.475],[-1.65,46.429],[-1.654,46.421],[-1.582,46.406],[-1.514,46.404],[-1.487,46.38],[-1.469,46.343],[-1.449,46.343],[-1.465,46.39]],[[-1.805,46.504],[-1.827,46.577],[-1.823,46.594],[-1.839,46.599],[-1.857,46.635],[-1.9,46.666],[-1.91,46.692],[-1.956,46.704],[-1.995,46.752],[-2.05,46.792],[-2.119,46.82],[-2.13,46.855],[-2.129,46.893],[-2.154,46.89],[-2.142,46.818],[-2.015,46.745],[-1.982,46.721],[-1.981,46.704],[-1.968,46.693],[-1.947,46.697],[-1.943,46.695],[-1.901,46.643],[-1.856,46.608],[-1.815,46.496],[-1.792,46.487],[-1.805,46.504]],[[-2.1,46.925],[-2.121,46.904],[-2.096,46.916],[-2.1,46.925]],[[-2.037,46.973],[-2.017,47.013],[-2.032,47.01],[-2.032,47.0],[-2.039,46.997],[-2.034,46.993],[-2.055,46.955],[-2.037,46.973]],[[-2.03,47.092],[-2.09,47.115],[-2.205,47.129],[-2.236,47.141],[-2.25,47.133],[-2.074,47.1],[-2.005,47.061],[-1.992,47.044],[-1.993,47.052],[-2.03,47.092]],[[-2.221,47.153],[-2.226,47.153],[-2.228,47.149],[-2.221,47.153]],[[-2.212,47.16],[-2.215,47.161],[-2.215,47.158],[-2.212,47.16]],[[-2.162,47.176],[-2.159,47.196],[-2.162,47.193],[-2.165,47.168],[-2.162,47.176]],[[-2.16,47.202],[-2.159,47.201],[-2.159,47.204],[-2.16,47.202]],[[-2.183,47.233],[-2.17,47.221],[-2.172,47.235],[-2.183,47.233]],[[-2.162,47.269],[-2.17,47.269],[-2.17,47.25],[-2.162,47.269]],[[-1.898,47.282],[-1.885,47.276],[-1.861,47.267],[-1.804,47.219],[-1.727,47.211],[-1.788,47.226],[-1.836,47.26],[-1.906,47.294],[-2.01,47.32],[-2.148,47.313],[-2.18,47.3],[-2.181,47.298],[-2.172,47.288],[-2.102,47.307],[-1.898,47.282]],[[-1.891,47.278],[-1.889,47.276],[-1.885,47.276],[-1.891,47.278]],[[-2.206,47.273],[-2.278,47.246],[-2.316,47.252],[-2.371,47.286],[-2.405,47.286],[-2.415,47.278],[-2.389,47.281],[-2.355,47.272],[-2.345,47.259],[-2.343,47.256],[-2.298,47.232],[-2.267,47.238],[-2.247,47.255],[-2.227,47.255],[-2.222,47.266],[-2.201,47.266],[-2.181,47.284],[-2.181,47.298],[-2.206,47.273]],[[-2.351,47.259],[-2.349,47.255],[-2.345,47.259],[-2.351,47.259]],[[-1.932,47.28],[-1.96,47.282],[-1.948,47.279],[-1.932,47.28]],[[-1.919,47.273],[-1.919,47.266],[-1.878,47.246],[-1.845,47.241],[-1.866,47.263],[-1.919,47.273]],[[-2.542,47.301],[-2.55,47.296],[-2.546,47.289],[-2.46,47.269],[-2.451,47.261],[-2.416,47.26],[-2.542,47.301]],[[-2.502,47.312],[-2.477,47.317],[-2.471,47.309],[-2.488,47.305],[-2.472,47.297],[-2.476,47.291],[-2.453,47.293],[-2.436,47.307],[-2.481,47.348],[-2.494,47.342],[-2.489,47.33],[-2.502,47.321],[-2.503,47.35],[-2.515,47.365],[-2.556,47.379],[-2.56,47.374],[-2.553,47.368],[-2.532,47.365],[-2.507,47.342],[-2.503,47.324],[-2.51,47.302],[-2.502,47.312]],[[-2.485,47.414],[-2.486,47.412],[-2.484,47.413],[-2.485,47.414]],[[-2.467,47.421],[-2.475,47.416],[-2.466,47.415],[-2.467,47.421]],[[-2.439,47.41],[-2.446,47.403],[-2.439,47.396],[-2.392,47.424],[-2.448,47.431],[-2.439,47.445],[-2.489,47.459],[-2.481,47.478],[-2.495,47.491],[-2.488,47.495],[-2.502,47.493],[-2.489,47.472],[-2.502,47.458],[-2.496,47.449],[-2.481,47.441],[-2.457,47.448],[-2.446,47.436],[-2.459,47.423],[-2.432,47.416],[-2.456,47.412],[-2.439,47.41]],[[-2.364,47.506],[-2.425,47.506],[-2.517,47.528],[-2.503,47.522],[-2.502,47.514],[-2.421,47.5],[-2.364,47.506]],[[-2.601,47.52],[-2.634,47.506],[-2.606,47.507],[-2.606,47.515],[-2.592,47.518],[-2.549,47.509],[-2.553,47.514],[-2.543,47.523],[-2.517,47.528],[-2.601,47.52]],[[-2.62,47.527],[-2.666,47.534],[-2.662,47.517],[-2.62,47.527]],[[-2.608,47.528],[-2.613,47.523],[-2.603,47.528],[-2.608,47.528]],[[-2.577,47.554],[-2.592,47.544],[-2.638,47.54],[-2.604,47.531],[-2.584,47.54],[-2.577,47.554]],[[-2.664,47.519],[-2.664,47.522],[-2.666,47.521],[-2.664,47.519]],[[-2.681,47.504],[-2.731,47.512],[-2.817,47.499],[-2.844,47.512],[-2.869,47.542],[-2.893,47.548],[-2.892,47.554],[-2.914,47.558],[-2.908,47.549],[-2.919,47.548],[-2.903,47.542],[-2.903,47.534],[-2.875,47.534],[-2.848,47.514],[-2.85,47.498],[-2.816,47.485],[-2.794,47.484],[-2.782,47.495],[-2.74,47.499],[-2.729,47.509],[-2.674,47.491],[-2.681,47.496],[-2.667,47.51],[-2.681,47.504]],[[-2.908,47.563],[-2.909,47.559],[-2.906,47.56],[-2.908,47.563]],[[-2.886,47.568],[-2.888,47.572],[-2.889,47.567],[-2.886,47.568]],[[-2.848,47.548],[-2.85,47.547],[-2.845,47.547],[-2.848,47.548]],[[-2.816,47.547],[-2.815,47.554],[-2.824,47.556],[-2.816,47.547]],[[-2.728,47.568],[-2.729,47.567],[-2.726,47.563],[-2.729,47.557],[-2.72,47.561],[-2.728,47.568]],[[-2.725,47.57],[-2.727,47.57],[-2.728,47.568],[-2.725,47.57]],[[-2.71,47.589],[-2.718,47.587],[-2.714,47.581],[-2.71,47.589]],[[-2.688,47.606],[-2.693,47.608],[-2.691,47.602],[-2.688,47.606]],[[-2.707,47.643],[-2.687,47.616],[-2.69,47.609],[-2.688,47.608],[-2.684,47.623],[-2.707,47.643]],[[-2.714,47.616],[-2.7,47.606],[-2.693,47.617],[-2.714,47.616]],[[-2.72,47.602],[-2.78,47.624],[-2.733,47.599],[-2.719,47.6],[-2.72,47.593],[-2.731,47.596],[-2.726,47.591],[-2.71,47.592],[-2.704,47.604],[-2.72,47.602]],[[-2.78,47.625],[-2.776,47.628],[-2.848,47.626],[-2.856,47.621],[-2.831,47.619],[-2.835,47.612],[-2.813,47.622],[-2.783,47.621],[-2.78,47.624],[-2.78,47.625]],[[-2.734,47.622],[-2.756,47.638],[-2.757,47.629],[-2.734,47.622]],[[-2.775,47.637],[-2.786,47.633],[-2.762,47.632],[-2.761,47.639],[-2.789,47.643],[-2.775,47.637]],[[-2.856,47.613],[-2.857,47.618],[-2.858,47.618],[-2.865,47.609],[-2.856,47.613]],[[-2.864,47.596],[-2.859,47.601],[-2.868,47.607],[-2.883,47.602],[-2.864,47.596]],[[-2.913,47.609],[-2.931,47.604],[-2.926,47.586],[-2.917,47.582],[-2.911,47.592],[-2.906,47.582],[-2.89,47.582],[-2.89,47.6],[-2.919,47.596],[-2.913,47.609]],[[-2.94,47.602],[-2.945,47.625],[-2.951,47.607],[-2.936,47.586],[-2.933,47.602],[-2.94,47.602]],[[-2.933,47.637],[-2.962,47.634],[-2.956,47.626],[-2.933,47.637]],[[-2.967,47.664],[-2.975,47.664],[-2.968,47.639],[-2.958,47.642],[-2.967,47.664]],[[-2.965,47.606],[-2.954,47.612],[-2.964,47.634],[-2.965,47.606]],[[-2.954,47.598],[-2.962,47.601],[-2.957,47.594],[-2.954,47.598]],[[-2.953,47.574],[-2.961,47.571],[-2.994,47.596],[-2.991,47.58],[-2.972,47.572],[-2.962,47.553],[-2.957,47.564],[-2.952,47.555],[-2.928,47.553],[-2.953,47.574]],[[-3.003,47.579],[-3.012,47.607],[-3.018,47.606],[-3.017,47.591],[-3.021,47.592],[-3.007,47.568],[-2.994,47.565],[-2.995,47.572],[-2.987,47.565],[-2.994,47.576],[-3.003,47.579]],[[-3.042,47.588],[-3.107,47.574],[-3.096,47.563],[-3.072,47.571],[-3.054,47.569],[-3.052,47.577],[-3.039,47.581],[-3.039,47.573],[-3.017,47.566],[-3.042,47.588]],[[-3.091,47.588],[-3.123,47.599],[-3.12,47.591],[-3.104,47.584],[-3.105,47.581],[-3.1,47.58],[-3.091,47.588]],[[-3.13,47.587],[-3.126,47.593],[-3.127,47.594],[-3.13,47.587]],[[-3.115,47.576],[-3.115,47.577],[-3.12,47.576],[-3.122,47.569],[-3.115,47.576]],[[-3.119,47.483],[-3.132,47.478],[-3.145,47.516],[-3.134,47.544],[-3.132,47.557],[-3.141,47.598],[-3.166,47.622],[-3.201,47.64],[-3.182,47.682],[-3.186,47.685],[-3.209,47.669],[-3.202,47.653],[-3.211,47.642],[-3.198,47.628],[-3.202,47.622],[-3.16,47.607],[-3.14,47.579],[-3.136,47.544],[-3.153,47.528],[-3.163,47.53],[-3.154,47.524],[-3.146,47.484],[-3.135,47.473],[-3.119,47.479],[-3.11,47.471],[-3.079,47.468],[-3.119,47.483]],[[-3.17,47.688],[-3.173,47.687],[-3.172,47.685],[-3.17,47.688]],[[-3.148,47.696],[-3.15,47.692],[-3.125,47.7],[-3.148,47.696]],[[-3.118,47.725],[-3.125,47.726],[-3.139,47.712],[-3.131,47.704],[-3.149,47.717],[-3.149,47.704],[-3.169,47.697],[-3.157,47.693],[-3.144,47.702],[-3.111,47.704],[-3.118,47.725]],[[-3.139,47.725],[-3.14,47.743],[-3.153,47.739],[-3.144,47.731],[-3.162,47.72],[-3.16,47.706],[-3.156,47.72],[-3.126,47.728],[-3.118,47.726],[-3.118,47.732],[-3.139,47.725]],[[-3.145,47.753],[-3.149,47.742],[-3.145,47.742],[-3.14,47.746],[-3.145,47.753]],[[-3.177,47.749],[-3.191,47.747],[-3.16,47.728],[-3.153,47.742],[-3.177,47.749]],[[-3.189,47.704],[-3.175,47.707],[-3.175,47.699],[-3.167,47.704],[-3.178,47.71],[-3.189,47.704]],[[-3.197,47.688],[-3.188,47.693],[-3.197,47.699],[-3.207,47.697],[-3.197,47.688]],[[-3.211,47.671],[-3.2,47.681],[-3.207,47.679],[-3.211,47.671]],[[-3.224,47.656],[-3.262,47.684],[-3.305,47.692],[-3.214,47.644],[-3.209,47.655],[-3.215,47.661],[-3.224,47.656]],[[-3.313,47.692],[-3.311,47.693],[-3.315,47.694],[-3.313,47.692]],[[-3.355,47.697],[-3.362,47.683],[-3.349,47.695],[-3.322,47.695],[-3.355,47.697]],[[-3.325,47.702],[-3.328,47.701],[-3.324,47.701],[-3.325,47.702]],[[-3.283,47.697],[-3.288,47.699],[-3.283,47.691],[-3.283,47.697]],[[-3.298,47.704],[-3.318,47.705],[-3.288,47.699],[-3.298,47.704]],[[-3.365,47.712],[-3.366,47.71],[-3.353,47.702],[-3.316,47.708],[-3.365,47.712]],[[-3.344,47.726],[-3.344,47.727],[-3.352,47.724],[-3.344,47.726]],[[-3.344,47.735],[-3.346,47.736],[-3.344,47.727],[-3.344,47.735]],[[-3.316,47.745],[-3.315,47.742],[-3.313,47.747],[-3.316,47.745]],[[-3.29,47.782],[-3.299,47.774],[-3.294,47.774],[-3.29,47.782]],[[-3.323,47.758],[-3.316,47.756],[-3.299,47.774],[-3.323,47.758]],[[-3.283,47.787],[-3.289,47.782],[-3.283,47.78],[-3.283,47.787]],[[-3.348,47.746],[-3.345,47.739],[-3.321,47.753],[-3.348,47.746]],[[-3.383,47.737],[-3.366,47.726],[-3.349,47.741],[-3.383,47.737]],[[-3.461,47.708],[-3.531,47.779],[-3.523,47.758],[-3.502,47.743],[-3.5,47.73],[-3.461,47.698],[-3.425,47.705],[-3.421,47.699],[-3.384,47.702],[-3.367,47.718],[-3.461,47.708]],[[-3.625,47.78],[-3.649,47.794],[-3.687,47.792],[-3.706,47.797],[-3.713,47.808],[-3.724,47.803],[-3.707,47.787],[-3.678,47.775],[-3.65,47.782],[-3.646,47.774],[-3.626,47.77],[-3.539,47.762],[-3.531,47.771],[-3.532,47.778],[-3.625,47.78]],[[-3.723,47.813],[-3.739,47.808],[-3.732,47.802],[-3.715,47.811],[-3.723,47.813]],[[-3.79,47.803],[-3.852,47.801],[-3.857,47.79],[-3.838,47.797],[-3.799,47.787],[-3.761,47.79],[-3.738,47.799],[-3.74,47.806],[-3.775,47.794],[-3.79,47.803]],[[-3.886,47.837],[-3.888,47.848],[-3.904,47.842],[-3.903,47.833],[-3.852,47.801],[-3.886,47.837]],[[-3.913,47.86],[-3.921,47.856],[-3.908,47.849],[-3.888,47.849],[-3.886,47.855],[-3.913,47.86]],[[-3.935,47.888],[-3.95,47.894],[-3.931,47.878],[-3.931,47.871],[-3.916,47.868],[-3.935,47.888]],[[-3.976,47.902],[-3.978,47.9],[-3.951,47.895],[-3.976,47.902]],[[-3.984,47.893],[-3.978,47.895],[-3.979,47.902],[-3.988,47.903],[-3.984,47.893]],[[-3.973,47.889],[-3.971,47.892],[-3.982,47.889],[-3.973,47.889]],[[-4.009,47.851],[-4.029,47.855],[-4.011,47.856],[-4.002,47.869],[-4.032,47.864],[-4.037,47.855],[-4.065,47.871],[-4.118,47.881],[-4.099,47.861],[-4.073,47.867],[-4.065,47.86],[-4.08,47.861],[-4.04,47.843],[-3.977,47.852],[-3.986,47.868],[-4.009,47.851]],[[-4.126,47.891],[-4.11,47.883],[-4.119,47.892],[-4.126,47.891]],[[-4.132,47.924],[-4.143,47.912],[-4.137,47.898],[-4.124,47.893],[-4.132,47.924]],[[-4.12,47.881],[-4.121,47.883],[-4.123,47.883],[-4.12,47.881]],[[-4.133,47.862],[-4.112,47.862],[-4.114,47.869],[-4.133,47.862]],[[-4.153,47.855],[-4.172,47.877],[-4.178,47.872],[-4.168,47.855],[-4.16,47.858],[-4.17,47.842],[-4.133,47.862],[-4.153,47.855]],[[-4.185,47.873],[-4.182,47.875],[-4.186,47.874],[-4.185,47.873]],[[-4.177,47.856],[-4.182,47.868],[-4.188,47.862],[-4.177,47.856]],[[-4.176,47.842],[-4.176,47.844],[-4.18,47.845],[-4.176,47.842]],[[-4.225,47.802],[-4.372,47.807],[-4.373,47.826],[-4.391,47.81],[-4.373,47.811],[-4.383,47.803],[-4.381,47.794],[-4.367,47.789],[-4.347,47.8],[-4.313,47.8],[-4.297,47.799],[-4.293,47.791],[-4.223,47.791],[-4.211,47.8],[-4.178,47.797],[-4.158,47.831],[-4.185,47.813],[-4.225,47.802]],[[-4.372,47.916],[-4.387,47.934],[-4.435,47.976],[-4.533,48.026],[-4.535,48.01],[-4.451,47.981],[-4.423,47.962],[-4.379,47.914],[-4.344,47.845],[-4.372,47.916]],[[-4.572,48.006],[-4.602,48.026],[-4.631,48.027],[-4.624,48.017],[-4.597,48.014],[-4.594,48.005],[-4.568,47.998],[-4.541,48.01],[-4.535,48.025],[-4.572,48.006]],[[-4.726,48.042],[-4.741,48.04],[-4.697,48.025],[-4.652,48.021],[-4.637,48.027],[-4.726,48.042]],[[-4.706,48.064],[-4.716,48.065],[-4.717,48.062],[-4.712,48.057],[-4.706,48.064]],[[-4.665,48.073],[-4.669,48.069],[-4.662,48.071],[-4.665,48.073]],[[-4.286,48.126],[-4.284,48.12],[-4.281,48.128],[-4.286,48.126]],[[-4.3,48.168],[-4.296,48.158],[-4.281,48.156],[-4.3,48.168]],[[-4.316,48.206],[-4.366,48.215],[-4.379,48.232],[-4.404,48.226],[-4.429,48.237],[-4.432,48.231],[-4.439,48.224],[-4.417,48.227],[-4.393,48.216],[-4.378,48.218],[-4.37,48.205],[-4.334,48.206],[-4.302,48.196],[-4.316,48.206]],[[-4.485,48.243],[-4.492,48.235],[-4.464,48.239],[-4.433,48.231],[-4.431,48.237],[-4.458,48.249],[-4.485,48.243]],[[-4.496,48.217],[-4.493,48.226],[-4.5,48.224],[-4.507,48.213],[-4.496,48.217]],[[-4.531,48.184],[-4.51,48.201],[-4.514,48.202],[-4.531,48.184]],[[-4.56,48.169],[-4.543,48.168],[-4.534,48.182],[-4.557,48.177],[-4.56,48.169]],[[-4.544,48.205],[-4.559,48.222],[-4.553,48.188],[-4.544,48.205]],[[-4.562,48.236],[-4.575,48.235],[-4.571,48.231],[-4.562,48.236]],[[-4.619,48.266],[-4.626,48.257],[-4.623,48.252],[-4.608,48.261],[-4.582,48.25],[-4.549,48.255],[-4.554,48.263],[-4.619,48.266]],[[-4.629,48.281],[-4.629,48.279],[-4.624,48.278],[-4.629,48.281]],[[-4.579,48.325],[-4.583,48.318],[-4.574,48.313],[-4.563,48.333],[-4.579,48.325]],[[-4.538,48.304],[-4.539,48.303],[-4.535,48.302],[-4.538,48.304]],[[-4.498,48.304],[-4.496,48.31],[-4.508,48.311],[-4.521,48.298],[-4.498,48.304]],[[-4.29,48.294],[-4.262,48.293],[-4.275,48.294],[-4.29,48.294]],[[-4.187,48.3],[-4.187,48.308],[-4.219,48.306],[-4.231,48.31],[-4.235,48.322],[-4.258,48.311],[-4.272,48.318],[-4.283,48.313],[-4.248,48.298],[-4.244,48.309],[-4.238,48.311],[-4.239,48.298],[-4.187,48.3]],[[-4.324,48.323],[-4.34,48.313],[-4.293,48.311],[-4.272,48.319],[-4.276,48.325],[-4.324,48.323]],[[-4.323,48.327],[-4.324,48.325],[-4.321,48.325],[-4.318,48.329],[-4.323,48.327]],[[-4.304,48.335],[-4.303,48.338],[-4.323,48.333],[-4.304,48.335]],[[-4.285,48.351],[-4.293,48.349],[-4.289,48.349],[-4.285,48.351]],[[-4.286,48.363],[-4.303,48.354],[-4.286,48.353],[-4.269,48.363],[-4.286,48.363]],[[-4.304,48.354],[-4.325,48.348],[-4.325,48.355],[-4.33,48.338],[-4.298,48.345],[-4.303,48.354],[-4.304,48.354]],[[-4.317,48.355],[-4.317,48.363],[-4.325,48.363],[-4.338,48.348],[-4.325,48.355],[-4.317,48.355]],[[-4.356,48.345],[-4.355,48.342],[-4.338,48.348],[-4.356,48.345]],[[-4.406,48.336],[-4.417,48.325],[-4.373,48.326],[-4.366,48.344],[-4.353,48.353],[-4.406,48.336]],[[-4.407,48.348],[-4.46,48.327],[-4.446,48.325],[-4.399,48.342],[-4.407,48.348]],[[-4.437,48.361],[-4.445,48.349],[-4.422,48.367],[-4.437,48.361]],[[-4.407,48.381],[-4.412,48.375],[-4.403,48.382],[-4.407,48.381]],[[-4.297,48.43],[-4.359,48.411],[-4.427,48.404],[-4.495,48.379],[-4.454,48.387],[-4.44,48.382],[-4.431,48.397],[-4.401,48.39],[-4.297,48.43]],[[-4.294,48.431],[-4.295,48.43],[-4.29,48.432],[-4.294,48.431]],[[-4.497,48.376],[-4.495,48.377],[-4.496,48.379],[-4.497,48.376]],[[-4.57,48.36],[-4.599,48.35],[-4.691,48.363],[-4.694,48.353],[-4.68,48.356],[-4.629,48.337],[-4.608,48.338],[-4.553,48.361],[-4.533,48.358],[-4.502,48.376],[-4.57,48.36]],[[-4.755,48.342],[-4.768,48.345],[-4.77,48.347],[-4.775,48.336],[-4.769,48.328],[-4.71,48.33],[-4.697,48.337],[-4.755,48.342]],[[-4.779,48.36],[-4.782,48.354],[-4.77,48.347],[-4.779,48.36]],[[-4.788,48.37],[-4.789,48.362],[-4.779,48.362],[-4.788,48.37]],[[-4.766,48.381],[-4.765,48.379],[-4.765,48.381],[-4.766,48.381]],[[-4.774,48.403],[-4.777,48.391],[-4.77,48.383],[-4.766,48.39],[-4.774,48.403]],[[-4.784,48.438],[-4.79,48.439],[-4.785,48.43],[-4.796,48.414],[-4.776,48.406],[-4.784,48.438]],[[-4.784,48.446],[-4.783,48.443],[-4.782,48.447],[-4.784,48.446]],[[-4.749,48.479],[-4.775,48.491],[-4.769,48.509],[-4.779,48.505],[-4.781,48.496],[-4.772,48.485],[-4.779,48.484],[-4.755,48.471],[-4.749,48.479]],[[-4.767,48.516],[-4.784,48.517],[-4.768,48.511],[-4.767,48.516]],[[-4.765,48.524],[-4.77,48.522],[-4.769,48.521],[-4.765,48.524]],[[-4.759,48.534],[-4.767,48.528],[-4.763,48.523],[-4.759,48.534]],[[-4.754,48.544],[-4.75,48.538],[-4.742,48.548],[-4.754,48.544]],[[-4.726,48.566],[-4.73,48.565],[-4.727,48.564],[-4.726,48.566]],[[-4.705,48.565],[-4.708,48.563],[-4.704,48.562],[-4.705,48.565]],[[-4.69,48.576],[-4.695,48.576],[-4.695,48.575],[-4.69,48.576]],[[-4.677,48.58],[-4.678,48.58],[-4.677,48.579],[-4.677,48.58]],[[-4.664,48.581],[-4.666,48.58],[-4.663,48.58],[-4.664,48.581]],[[-4.614,48.576],[-4.617,48.576],[-4.614,48.575],[-4.614,48.576]],[[-4.598,48.572],[-4.608,48.573],[-4.595,48.568],[-4.598,48.572]],[[-4.577,48.568],[-4.6,48.589],[-4.607,48.602],[-4.608,48.601],[-4.604,48.585],[-4.611,48.575],[-4.598,48.572],[-4.577,48.568]],[[-4.607,48.606],[-4.608,48.604],[-4.607,48.603],[-4.607,48.606]],[[-4.599,48.608],[-4.602,48.606],[-4.597,48.608],[-4.599,48.608]],[[-4.553,48.617],[-4.565,48.626],[-4.564,48.619],[-4.572,48.625],[-4.577,48.615],[-4.564,48.616],[-4.568,48.608],[-4.575,48.611],[-4.57,48.605],[-4.553,48.617]],[[-4.549,48.601],[-4.53,48.602],[-4.556,48.609],[-4.561,48.603],[-4.549,48.601]],[[-4.522,48.637],[-4.538,48.631],[-4.539,48.638],[-4.548,48.635],[-4.546,48.63],[-4.511,48.63],[-4.522,48.637]],[[-4.561,48.631],[-4.56,48.63],[-4.546,48.63],[-4.561,48.631]],[[-4.508,48.632],[-4.51,48.63],[-4.505,48.63],[-4.508,48.632]],[[-4.449,48.645],[-4.451,48.637],[-4.457,48.639],[-4.46,48.638],[-4.454,48.635],[-4.44,48.64],[-4.449,48.645]],[[-4.434,48.644],[-4.436,48.643],[-4.435,48.641],[-4.434,48.644]],[[-4.427,48.65],[-4.44,48.66],[-4.432,48.647],[-4.407,48.643],[-4.427,48.65]],[[-4.387,48.668],[-4.389,48.666],[-4.388,48.665],[-4.387,48.668]],[[-4.303,48.651],[-4.294,48.661],[-4.299,48.664],[-4.303,48.651]],[[-4.276,48.65],[-4.278,48.645],[-4.264,48.651],[-4.276,48.65]],[[-4.194,48.65],[-4.194,48.658],[-4.213,48.661],[-4.185,48.688],[-4.226,48.658],[-4.199,48.655],[-4.207,48.65],[-4.194,48.65]],[[-4.154,48.697],[-4.154,48.696],[-4.153,48.696],[-4.154,48.697]],[[-4.098,48.696],[-4.101,48.697],[-4.1,48.695],[-4.094,48.693],[-4.098,48.696]],[[-4.089,48.693],[-4.093,48.692],[-4.091,48.691],[-4.089,48.693]],[[-4.053,48.696],[-4.053,48.703],[-4.054,48.707],[-4.073,48.706],[-4.06,48.702],[-4.063,48.689],[-4.072,48.688],[-4.064,48.685],[-4.053,48.696]],[[-4.052,48.715],[-4.055,48.714],[-4.053,48.713],[-4.052,48.715]],[[-4.004,48.727],[-4.01,48.728],[-4.007,48.726],[-4.004,48.727]],[[-3.988,48.732],[-3.988,48.731],[-3.987,48.731],[-3.988,48.732]],[[-3.974,48.713],[-3.973,48.71],[-3.961,48.721],[-3.974,48.713]],[[-3.959,48.687],[-3.958,48.688],[-3.965,48.693],[-3.959,48.687]],[[-3.952,48.66],[-3.952,48.665],[-3.955,48.658],[-3.952,48.66]],[[-3.919,48.684],[-3.926,48.7],[-3.93,48.691],[-3.927,48.676],[-3.919,48.684]],[[-3.905,48.663],[-3.889,48.668],[-3.894,48.674],[-3.905,48.663]],[[-3.852,48.643],[-3.844,48.65],[-3.855,48.674],[-3.862,48.673],[-3.85,48.633],[-3.844,48.636],[-3.852,48.643]],[[-3.837,48.671],[-3.837,48.707],[-3.843,48.708],[-3.842,48.696],[-3.857,48.691],[-3.837,48.671]],[[-3.813,48.716],[-3.824,48.72],[-3.822,48.715],[-3.813,48.716]],[[-3.622,48.687],[-3.627,48.685],[-3.615,48.683],[-3.622,48.687]],[[-3.58,48.711],[-3.583,48.721],[-3.585,48.691],[-3.571,48.688],[-3.58,48.711]],[[-3.588,48.727],[-3.589,48.724],[-3.584,48.724],[-3.588,48.727]],[[-3.579,48.781],[-3.586,48.78],[-3.588,48.768],[-3.579,48.764],[-3.586,48.757],[-3.563,48.759],[-3.55,48.746],[-3.55,48.737],[-3.528,48.739],[-3.579,48.781]],[[-3.581,48.786],[-3.58,48.784],[-3.581,48.787],[-3.581,48.786]],[[-3.584,48.791],[-3.585,48.789],[-3.581,48.788],[-3.584,48.791]],[[-3.562,48.802],[-3.565,48.808],[-3.592,48.802],[-3.581,48.793],[-3.562,48.802]],[[-3.548,48.807],[-3.549,48.806],[-3.546,48.807],[-3.548,48.807]],[[-3.545,48.825],[-3.542,48.815],[-3.558,48.813],[-3.542,48.809],[-3.529,48.824],[-3.545,48.825]],[[-3.52,48.841],[-3.521,48.841],[-3.518,48.838],[-3.52,48.841]],[[-3.496,48.839],[-3.505,48.84],[-3.5,48.837],[-3.496,48.839]],[[-3.492,48.838],[-3.493,48.837],[-3.49,48.837],[-3.492,48.838]],[[-3.477,48.839],[-3.486,48.836],[-3.475,48.836],[-3.477,48.839]],[[-3.388,48.816],[-3.391,48.813],[-3.388,48.812],[-3.388,48.816]],[[-3.323,48.838],[-3.331,48.833],[-3.315,48.837],[-3.323,48.838]],[[-3.295,48.854],[-3.299,48.848],[-3.294,48.843],[-3.295,48.851],[-3.278,48.848],[-3.295,48.854]],[[-3.257,48.855],[-3.262,48.857],[-3.265,48.854],[-3.261,48.848],[-3.257,48.855]],[[-3.247,48.867],[-3.249,48.867],[-3.248,48.861],[-3.247,48.867]],[[-3.239,48.868],[-3.239,48.865],[-3.238,48.865],[-3.233,48.869],[-3.239,48.868]],[[-3.206,48.847],[-3.207,48.849],[-3.207,48.846],[-3.206,48.847]],[[-3.228,48.808],[-3.225,48.799],[-3.203,48.825],[-3.2,48.837],[-3.228,48.808]],[[-3.219,48.799],[-3.223,48.797],[-3.221,48.794],[-3.219,48.799]],[[-3.159,48.852],[-3.184,48.845],[-3.2,48.824],[-3.159,48.852]],[[-3.142,48.861],[-3.141,48.863],[-3.143,48.865],[-3.142,48.861]],[[-3.129,48.865],[-3.134,48.862],[-3.133,48.861],[-3.129,48.865]],[[-3.082,48.873],[-3.071,48.884],[-3.082,48.876],[-3.091,48.871],[-3.082,48.873]],[[-3.076,48.856],[-3.08,48.862],[-3.073,48.866],[-3.087,48.87],[-3.076,48.856]],[[-3.08,48.853],[-3.084,48.857],[-3.084,48.852],[-3.08,48.853]],[[-3.089,48.837],[-3.084,48.851],[-3.091,48.842],[-3.089,48.837]],[[-3.07,48.834],[-3.085,48.833],[-3.077,48.828],[-3.07,48.834]],[[-3.087,48.812],[-3.087,48.815],[-3.089,48.811],[-3.087,48.812]],[[-3.104,48.786],[-3.119,48.773],[-3.105,48.78],[-3.102,48.782],[-3.098,48.794],[-3.104,48.786]],[[-3.106,48.779],[-3.104,48.779],[-3.105,48.78],[-3.106,48.779]],[[-3.125,48.76],[-3.123,48.76],[-3.121,48.77],[-3.125,48.76]],[[-3.114,48.765],[-3.12,48.762],[-3.118,48.76],[-3.114,48.765]],[[-3.068,48.822],[-3.084,48.813],[-3.094,48.793],[-3.068,48.822]],[[-3.067,48.824],[-3.067,48.823],[-3.066,48.824],[-3.067,48.824]],[[-3.054,48.824],[-3.06,48.823],[-3.053,48.822],[-3.054,48.824]],[[-3.013,48.814],[-3.007,48.819],[-3.009,48.821],[-3.013,48.814]],[[-3.042,48.794],[-3.042,48.788],[-3.003,48.799],[-3.018,48.806],[-3.042,48.794]],[[-3.017,48.778],[-3.008,48.781],[-3.034,48.783],[-3.017,48.778]],[[-2.934,48.75],[-2.927,48.755],[-2.934,48.757],[-2.934,48.75]],[[-2.947,48.733],[-2.937,48.731],[-2.934,48.738],[-2.943,48.741],[-2.947,48.733]],[[-2.892,48.695],[-2.882,48.689],[-2.895,48.704],[-2.892,48.695]],[[-2.82,48.645],[-2.817,48.649],[-2.823,48.65],[-2.82,48.645]],[[-2.821,48.643],[-2.822,48.643],[-2.821,48.641],[-2.821,48.643]],[[-2.779,48.585],[-2.785,48.586],[-2.777,48.582],[-2.779,48.585]],[[-2.713,48.552],[-2.713,48.555],[-2.716,48.556],[-2.713,48.552]],[[-2.734,48.534],[-2.717,48.54],[-2.722,48.544],[-2.734,48.534]],[[-2.709,48.532],[-2.71,48.534],[-2.717,48.532],[-2.709,48.532]],[[-2.683,48.532],[-2.68,48.524],[-2.68,48.533],[-2.683,48.532]],[[-2.616,48.547],[-2.628,48.541],[-2.62,48.544],[-2.616,48.547]],[[-2.553,48.6],[-2.556,48.597],[-2.552,48.596],[-2.542,48.598],[-2.553,48.6]],[[-2.46,48.636],[-2.46,48.643],[-2.49,48.646],[-2.479,48.634],[-2.468,48.635],[-2.474,48.626],[-2.46,48.636]],[[-2.38,48.653],[-2.392,48.649],[-2.386,48.65],[-2.38,48.653]],[[-2.375,48.657],[-2.375,48.655],[-2.371,48.657],[-2.375,48.657]],[[-2.368,48.658],[-2.37,48.658],[-2.371,48.657],[-2.368,48.658]],[[-2.302,48.65],[-2.33,48.63],[-2.312,48.633],[-2.283,48.668],[-2.302,48.65]],[[-2.245,48.639],[-2.244,48.639],[-2.242,48.645],[-2.245,48.639]],[[-2.238,48.624],[-2.238,48.626],[-2.241,48.624],[-2.238,48.624]],[[-2.214,48.582],[-2.21,48.583],[-2.21,48.588],[-2.216,48.592],[-2.214,48.582]],[[-2.195,48.599],[-2.194,48.597],[-2.193,48.602],[-2.195,48.599]],[[-2.192,48.609],[-2.196,48.611],[-2.195,48.606],[-2.192,48.609]],[[-2.184,48.59],[-2.182,48.59],[-2.182,48.603],[-2.19,48.608],[-2.184,48.59]],[[-2.159,48.595],[-2.172,48.596],[-2.163,48.587],[-2.159,48.595]],[[-2.146,48.621],[-2.149,48.619],[-2.144,48.619],[-2.146,48.621]],[[-2.124,48.609],[-2.143,48.633],[-2.152,48.635],[-2.124,48.609]],[[-2.018,48.604],[-2.017,48.605],[-2.025,48.605],[-2.018,48.604]],[[-2.019,48.598],[-2.021,48.598],[-2.016,48.594],[-2.019,48.598]],[[-2.007,48.573],[-1.993,48.578],[-2.002,48.586],[-2.007,48.573]],[[-2.0,48.568],[-2.002,48.569],[-2.0,48.567],[-2.0,48.568]],[[-1.98,48.514],[-1.939,48.534],[-1.964,48.546],[-1.972,48.536],[-1.973,48.545],[-1.981,48.545],[-1.98,48.514]],[[-1.98,48.586],[-1.987,48.585],[-1.973,48.565],[-1.977,48.556],[-1.962,48.555],[-1.98,48.586]],[[-1.96,48.587],[-1.965,48.586],[-1.965,48.584],[-1.953,48.575],[-1.96,48.587]],[[-1.999,48.601],[-2.001,48.598],[-1.997,48.59],[-1.969,48.593],[-1.999,48.601]],[[-2.006,48.61],[-2.013,48.599],[-2.01,48.597],[-2.0,48.601],[-2.006,48.61]],[[-2.019,48.619],[-2.007,48.612],[-2.014,48.623],[-2.019,48.619]],[[-2.026,48.64],[-2.032,48.638],[-2.017,48.627],[-2.026,48.64]],[[-2.03,48.641],[-2.03,48.64],[-2.027,48.641],[-2.03,48.641]],[[-2.024,48.656],[-2.025,48.653],[-2.024,48.653],[-2.024,48.656]],[[-1.988,48.684],[-1.991,48.683],[-1.988,48.677],[-1.988,48.684]],[[-1.97,48.692],[-1.972,48.692],[-1.972,48.691],[-1.97,48.692]],[[-1.954,48.695],[-1.96,48.691],[-1.939,48.691],[-1.954,48.695]],[[-1.938,48.703],[-1.939,48.699],[-1.932,48.7],[-1.938,48.703]],[[-1.847,48.708],[-1.846,48.702],[-1.843,48.702],[-1.844,48.712],[-1.847,48.708]],[[-1.835,48.68],[-1.84,48.687],[-1.857,48.669],[-1.835,48.68]],[[-1.603,48.639],[-1.609,48.636],[-1.6,48.64],[-1.603,48.639]],[[-1.555,48.644],[-1.573,48.643],[-1.524,48.638],[-1.555,48.644]],[[-1.483,48.643],[-1.497,48.637],[-1.475,48.64],[-1.483,48.643]],[[-1.383,48.651],[-1.357,48.643],[-1.372,48.661],[-1.406,48.669],[-1.41,48.65],[-1.383,48.651]],[[-1.443,48.663],[-1.456,48.683],[-1.503,48.696],[-1.516,48.725],[-1.554,48.747],[-1.567,48.822],[-1.579,48.838],[-1.615,48.834],[-1.594,48.834],[-1.573,48.819],[-1.571,48.742],[-1.533,48.73],[-1.52,48.72],[-1.505,48.685],[-1.461,48.671],[-1.447,48.654],[-1.42,48.653],[-1.409,48.669],[-1.433,48.671],[-1.443,48.663]],[[-1.572,48.874],[-1.564,48.922],[-1.552,48.936],[-1.565,48.923],[-1.579,48.863],[-1.572,48.874]],[[-1.546,48.929],[-1.55,48.925],[-1.548,48.924],[-1.546,48.929]],[[-1.547,48.95],[-1.562,48.956],[-1.561,48.939],[-1.543,48.935],[-1.547,48.95]],[[-1.546,49.03],[-1.528,49.034],[-1.535,49.037],[-1.545,49.032],[-1.557,49.026],[-1.561,48.967],[-1.546,49.03]],[[-1.543,49.034],[-1.552,49.033],[-1.545,49.032],[-1.543,49.034]],[[-1.508,49.028],[-1.508,49.034],[-1.527,49.04],[-1.55,49.04],[-1.568,49.033],[-1.579,49.013],[-1.587,49.019],[-1.597,49.037],[-1.589,49.082],[-1.609,49.091],[-1.605,49.111],[-1.61,49.1],[-1.61,49.077],[-1.6,49.071],[-1.606,49.066],[-1.599,49.036],[-1.581,49.001],[-1.574,49.001],[-1.557,49.034],[-1.534,49.038],[-1.508,49.028]],[[-1.569,49.144],[-1.582,49.15],[-1.589,49.144],[-1.597,49.157],[-1.596,49.129],[-1.569,49.144]],[[-1.607,49.22],[-1.614,49.217],[-1.61,49.216],[-1.607,49.22]],[[-1.584,49.226],[-1.548,49.219],[-1.548,49.225],[-1.595,49.238],[-1.617,49.238],[-1.623,49.224],[-1.584,49.226]],[[-1.657,49.268],[-1.672,49.28],[-1.658,49.288],[-1.687,49.302],[-1.708,49.327],[-1.688,49.29],[-1.676,49.288],[-1.67,49.284],[-1.679,49.281],[-1.641,49.221],[-1.624,49.21],[-1.618,49.208],[-1.613,49.208],[-1.641,49.232],[-1.657,49.268]],[[-1.702,49.333],[-1.709,49.34],[-1.686,49.329],[-1.699,49.356],[-1.707,49.356],[-1.715,49.339],[-1.774,49.374],[-1.787,49.374],[-1.721,49.325],[-1.702,49.333]],[[-1.768,49.384],[-1.807,49.377],[-1.814,49.382],[-1.808,49.371],[-1.768,49.384]],[[-1.816,49.445],[-1.846,49.496],[-1.847,49.475],[-1.825,49.45],[-1.823,49.4],[-1.817,49.388],[-1.816,49.445]],[[-1.885,49.531],[-1.879,49.544],[-1.889,49.533],[-1.886,49.526],[-1.863,49.512],[-1.885,49.531]],[[-1.84,49.62],[-1.861,49.655],[-1.869,49.662],[-1.947,49.678],[-1.861,49.65],[-1.846,49.621],[-1.842,49.586],[-1.84,49.62]],[[-1.935,49.724],[-1.918,49.726],[-1.942,49.726],[-1.948,49.707],[-1.943,49.697],[-1.935,49.724]],[[-1.852,49.718],[-1.866,49.713],[-1.851,49.714],[-1.852,49.718]],[[-1.597,49.655],[-1.606,49.656],[-1.603,49.651],[-1.597,49.655]],[[-1.526,49.658],[-1.527,49.659],[-1.528,49.657],[-1.526,49.658]],[[-1.474,49.696],[-1.478,49.69],[-1.477,49.689],[-1.474,49.696]],[[-1.24,49.654],[-1.242,49.655],[-1.239,49.651],[-1.24,49.654]],[[-1.23,49.606],[-1.228,49.623],[-1.229,49.624],[-1.253,49.612],[-1.23,49.606]],[[-1.295,49.587],[-1.303,49.575],[-1.289,49.586],[-1.267,49.582],[-1.264,49.589],[-1.295,49.587]],[[-1.172,49.393],[-1.185,49.366],[-1.182,49.356],[-1.172,49.358],[-1.173,49.377],[-1.159,49.384],[-1.165,49.404],[-1.179,49.421],[-1.172,49.393]],[[-1.133,49.35],[-1.119,49.346],[-1.134,49.354],[-1.139,49.367],[-1.15,49.362],[-1.133,49.35]],[[-1.103,49.356],[-1.116,49.361],[-1.115,49.347],[-1.103,49.349],[-1.103,49.356]],[[-0.916,49.386],[-0.948,49.396],[-1.012,49.395],[-0.916,49.386]],[[-0.21,49.286],[-0.227,49.283],[-0.219,49.28],[-0.21,49.286]],[[0.072,49.359],[0.094,49.382],[0.053,49.353],[0.072,49.359]],[[0.129,49.403],[0.097,49.384],[0.143,49.406],[0.129,49.403]],[[0.224,49.428],[0.201,49.421],[0.249,49.428],[0.224,49.428]],[[0.493,49.494],[0.422,49.464],[0.34,49.457],[0.147,49.481],[0.104,49.494],[0.079,49.516],[0.077,49.535],[0.065,49.517],[0.067,49.507],[0.112,49.483],[0.107,49.48],[0.136,49.471],[0.161,49.476],[0.175,49.471],[0.147,49.467],[0.1,49.478],[0.12,49.463],[0.174,49.456],[0.173,49.454],[0.159,49.454],[0.154,49.451],[0.211,49.455],[0.292,49.436],[0.403,49.451],[0.493,49.494]],[[0.141,49.627],[0.105,49.582],[0.077,49.535],[0.141,49.627]],[[0.144,49.455],[0.115,49.458],[0.105,49.465],[0.114,49.457],[0.154,49.451],[0.144,49.455]],[[0.155,49.662],[0.142,49.669],[0.126,49.67],[0.122,49.669],[0.117,49.663],[0.124,49.669],[0.141,49.668],[0.152,49.661],[0.152,49.649],[0.159,49.666],[0.155,49.662]],[[0.163,49.686],[0.16,49.667],[0.171,49.691],[0.163,49.686]],[[0.207,49.715],[0.205,49.713],[0.208,49.715],[0.207,49.715]],[[0.588,49.853],[0.54,49.836],[0.557,49.84],[0.588,49.853]],[[0.958,49.919],[0.946,49.914],[0.972,49.919],[0.958,49.919]],[[1.24,49.993],[1.203,49.979],[1.221,49.979],[1.24,49.993]],[[1.291,50.025],[1.284,50.019],[1.311,50.033],[1.291,50.025]],[[1.329,50.046],[1.315,50.036],[1.358,50.058],[1.329,50.046]],[[1.368,50.064],[1.367,50.062],[1.37,50.064],[1.368,50.064]],[[1.572,50.216],[1.558,50.217],[1.567,50.214],[1.572,50.216]],[[1.664,50.187],[1.673,50.199],[1.63,50.21],[1.622,50.202],[1.614,50.207],[1.625,50.196],[1.664,50.187]],[[1.665,50.212],[1.665,50.22],[1.625,50.224],[1.61,50.232],[1.594,50.256],[1.542,50.278],[1.543,50.31],[1.538,50.287],[1.545,50.26],[1.59,50.256],[1.581,50.251],[1.592,50.25],[1.617,50.217],[1.65,50.216],[1.64,50.212],[1.648,50.208],[1.645,50.212],[1.665,50.212]],[[1.546,50.322],[1.545,50.322],[1.543,50.31],[1.546,50.322]],[[1.549,50.342],[1.549,50.336],[1.55,50.344],[1.549,50.342]],[[1.564,50.366],[1.553,50.362],[1.55,50.344],[1.564,50.366]],[[1.61,50.377],[1.556,50.402],[1.588,50.374],[1.61,50.371],[1.61,50.377]],[[1.574,50.467],[1.569,50.437],[1.573,50.445],[1.574,50.467]],[[1.576,50.513],[1.577,50.511],[1.577,50.515],[1.576,50.513]],[[1.587,50.54],[1.583,50.535],[1.591,50.539],[1.587,50.54]],[[1.583,50.575],[1.579,50.586],[1.579,50.566],[1.61,50.548],[1.583,50.575]],[[1.563,50.684],[1.564,50.703],[1.563,50.699],[1.563,50.684]],[[1.567,50.722],[1.567,50.727],[1.561,50.725],[1.569,50.719],[1.574,50.728],[1.567,50.722]],[[1.603,50.787],[1.604,50.783],[1.606,50.79],[1.603,50.787]],[[1.583,50.85],[1.583,50.872],[1.578,50.853],[1.602,50.803],[1.583,50.85]],[[1.957,51.001],[1.931,50.995],[1.939,50.994],[1.957,51.001]],[[2.161,51.031],[2.151,51.034],[2.164,51.038],[2.148,51.034],[2.14,51.021],[2.161,51.031]],[[2.194,51.041],[2.183,51.041],[2.17,51.045],[2.162,51.044],[2.202,51.034],[2.194,51.041]],[[1.968,42.486],[1.957,42.482],[1.946,42.464],[1.948,42.451],[1.961,42.444],[1.999,42.444],[1.968,42.486]],[[-2.383,46.723],[-2.371,46.736],[-2.402,46.726],[-2.379,46.697],[-2.371,46.701],[-2.333,46.685],[-2.314,46.695],[-2.279,46.689],[-2.295,46.704],[-2.371,46.704],[-2.383,46.723]],[[-2.195,46.962],[-2.221,46.974],[-2.247,46.964],[-2.263,46.98],[-2.279,47.018],[-2.308,47.025],[-2.291,47.011],[-2.303,46.99],[-2.282,46.981],[-2.263,46.959],[-2.236,46.965],[-2.212,46.96],[-2.187,46.942],[-2.162,46.899],[-2.149,46.894],[-2.149,46.912],[-2.195,46.962]],[[-3.172,47.302],[-3.223,47.312],[-3.24,47.325],[-3.25,47.317],[-3.218,47.293],[-3.202,47.299],[-3.195,47.291],[-3.174,47.301],[-3.14,47.289],[-3.144,47.285],[-3.123,47.29],[-3.095,47.279],[-3.075,47.286],[-3.064,47.306],[-3.055,47.308],[-3.064,47.315],[-3.067,47.302],[-3.094,47.297],[-3.172,47.302]],[[-3.258,47.374],[-3.264,47.371],[-3.264,47.351],[-3.256,47.348],[-3.256,47.338],[-3.24,47.327],[-3.238,47.336],[-3.258,47.374]],[[-3.157,47.364],[-3.161,47.364],[-3.161,47.363],[-3.157,47.364]],[[-5.057,48.448],[-5.049,48.459],[-5.031,48.462],[-5.037,48.465],[-5.079,48.45],[-5.057,48.448]],[[-5.106,48.445],[-5.122,48.438],[-5.088,48.437],[-5.08,48.45],[-5.106,48.445]],[[-5.107,48.463],[-5.133,48.46],[-5.144,48.449],[-5.092,48.451],[-5.107,48.463]],[[-5.102,48.484],[-5.107,48.482],[-5.099,48.478],[-5.092,48.481],[-5.102,48.484]],[[-5.071,48.486],[-5.075,48.484],[-5.071,48.485],[-5.071,48.486]],[[-2.407,46.73],[-2.414,46.727],[-2.413,46.724],[-2.407,46.73]],[[-3.438,47.628],[-3.421,47.619],[-3.415,47.632],[-3.435,47.645],[-3.515,47.653],[-3.506,47.638],[-3.461,47.62],[-3.438,47.628]],[[-3.438,48.901],[-3.442,48.899],[-3.439,48.897],[-3.438,48.901]],[[-3.063,48.895],[-3.071,48.891],[-3.067,48.888],[-3.063,48.895]],[[-3.044,48.893],[-3.046,48.895],[-3.05,48.89],[-3.044,48.893]],[[-3.463,48.89],[-3.461,48.891],[-3.465,48.893],[-3.463,48.89]],[[-3.201,48.886],[-3.204,48.886],[-3.203,48.884],[-3.201,48.886]],[[-3.494,48.881],[-3.495,48.878],[-3.474,48.882],[-3.494,48.881]],[[-3.197,48.873],[-3.188,48.867],[-3.182,48.864],[-3.18,48.875],[-3.197,48.873]],[[-3.201,48.867],[-3.198,48.862],[-3.188,48.867],[-3.201,48.867]],[[-3.212,48.87],[-3.211,48.869],[-3.209,48.869],[-3.212,48.87]],[[-3.223,48.873],[-3.222,48.871],[-3.221,48.872],[-3.223,48.873]],[[-3.504,48.877],[-3.509,48.875],[-3.507,48.874],[-3.504,48.877]],[[-3.504,48.885],[-3.505,48.883],[-3.498,48.88],[-3.494,48.882],[-3.504,48.885]],[[-3.281,48.858],[-3.277,48.859],[-3.283,48.863],[-3.281,48.858]],[[-3.254,48.854],[-3.252,48.856],[-3.255,48.858],[-3.254,48.854]],[[-3.291,48.861],[-3.286,48.861],[-3.287,48.862],[-3.291,48.861]],[[-3.312,48.852],[-3.313,48.847],[-3.301,48.843],[-3.3,48.853],[-3.312,48.852]],[[-3.325,48.841],[-3.32,48.84],[-3.32,48.841],[-3.325,48.841]],[[-3.414,48.843],[-3.406,48.83],[-3.403,48.84],[-3.414,48.843]],[[-3.334,48.837],[-3.337,48.836],[-3.336,48.834],[-3.334,48.837]],[[-3.323,48.848],[-3.324,48.847],[-3.32,48.844],[-3.323,48.848]],[[-3.532,48.834],[-3.535,48.832],[-3.533,48.83],[-3.532,48.834]],[[-3.53,48.827],[-3.532,48.828],[-3.534,48.826],[-3.53,48.827]],[[-3.565,48.811],[-3.558,48.81],[-3.567,48.816],[-3.565,48.811]],[[-3.574,48.81],[-3.573,48.811],[-3.58,48.815],[-3.574,48.81]],[[-3.608,48.804],[-3.601,48.796],[-3.589,48.796],[-3.608,48.804]],[[-3.613,48.795],[-3.605,48.793],[-3.605,48.795],[-3.613,48.795]],[[-3.594,48.794],[-3.595,48.795],[-3.596,48.791],[-3.594,48.794]],[[-3.597,48.793],[-3.597,48.789],[-3.595,48.789],[-3.596,48.791],[-3.597,48.793]],[[-3.613,48.787],[-3.611,48.787],[-3.611,48.789],[-3.613,48.787]],[[-3.614,48.781],[-3.608,48.777],[-3.609,48.783],[-3.614,48.781]],[[-3.596,48.785],[-3.596,48.782],[-3.593,48.781],[-3.596,48.785]],[[-3.588,48.782],[-3.591,48.782],[-3.589,48.779],[-3.588,48.782]],[[-3.613,48.777],[-3.611,48.777],[-3.613,48.779],[-3.613,48.777]],[[-3.608,48.802],[-3.61,48.802],[-3.607,48.799],[-3.608,48.802]],[[-3.61,48.803],[-3.613,48.805],[-3.612,48.801],[-3.61,48.802],[-3.61,48.803]],[[-3.597,48.771],[-3.604,48.772],[-3.601,48.767],[-3.591,48.766],[-3.597,48.771]],[[-4.027,48.755],[-4.03,48.754],[-4.029,48.752],[-4.027,48.755]],[[-4.041,48.745],[-3.988,48.739],[-3.989,48.747],[-3.998,48.746],[-4.006,48.751],[-4.005,48.754],[-4.041,48.745]],[[-4.0,48.751],[-4.002,48.75],[-4.0,48.749],[-4.0,48.751]],[[-3.97,48.734],[-3.969,48.736],[-3.971,48.737],[-3.97,48.734]],[[-4.052,48.724],[-4.054,48.723],[-4.051,48.722],[-4.052,48.724]],[[-4.037,48.721],[-4.037,48.719],[-4.036,48.719],[-4.037,48.721]],[[-4.078,48.706],[-4.075,48.705],[-4.075,48.707],[-4.078,48.706]],[[-4.361,48.681],[-4.362,48.681],[-4.361,48.678],[-4.361,48.681]],[[-4.569,48.637],[-4.566,48.639],[-4.569,48.641],[-4.569,48.637]],[[-4.464,48.638],[-4.462,48.638],[-4.464,48.64],[-4.464,48.638]],[[-4.572,48.635],[-4.574,48.636],[-4.573,48.633],[-4.572,48.635]],[[-4.582,48.631],[-4.583,48.63],[-4.578,48.631],[-4.582,48.631]],[[-4.592,48.626],[-4.597,48.626],[-4.594,48.622],[-4.592,48.626]],[[-4.602,48.614],[-4.605,48.615],[-4.603,48.612],[-4.602,48.614]],[[-4.578,48.614],[-4.581,48.613],[-4.578,48.612],[-4.578,48.614]],[[-4.619,48.607],[-4.618,48.61],[-4.621,48.612],[-4.619,48.607]],[[-4.612,48.611],[-4.614,48.611],[-4.609,48.607],[-4.612,48.611]],[[-4.632,48.601],[-4.639,48.603],[-4.638,48.6],[-4.632,48.601]],[[-4.613,48.598],[-4.613,48.602],[-4.618,48.603],[-4.613,48.598]],[[-4.611,48.6],[-4.61,48.599],[-4.61,48.602],[-4.611,48.6]],[[-4.62,48.598],[-4.617,48.598],[-4.62,48.602],[-4.62,48.598]],[[-4.64,48.59],[-4.642,48.591],[-4.642,48.585],[-4.64,48.59]],[[-4.62,48.584],[-4.614,48.585],[-4.616,48.588],[-4.62,48.584]],[[-4.67,48.581],[-4.667,48.584],[-4.672,48.585],[-4.67,48.581]],[[-4.681,48.579],[-4.679,48.579],[-4.679,48.58],[-4.681,48.579]],[[-4.701,48.577],[-4.704,48.575],[-4.701,48.574],[-4.701,48.577]],[[-4.778,48.526],[-4.772,48.528],[-4.773,48.532],[-4.778,48.526]],[[-5.034,48.457],[-5.033,48.458],[-5.036,48.458],[-5.034,48.457]],[[-4.799,48.441],[-4.802,48.441],[-4.801,48.44],[-4.799,48.441]],[[-5.118,48.444],[-5.114,48.445],[-5.116,48.446],[-5.118,48.444]],[[-5.011,48.422],[-5.01,48.43],[-5.014,48.432],[-5.017,48.425],[-5.011,48.422]],[[-4.798,48.43],[-4.8,48.429],[-4.797,48.428],[-4.798,48.43]],[[-4.984,48.421],[-4.988,48.414],[-4.974,48.418],[-4.984,48.421]],[[-4.953,48.399],[-4.95,48.397],[-4.943,48.401],[-4.95,48.406],[-4.953,48.399]],[[-4.964,48.39],[-4.953,48.393],[-4.957,48.399],[-4.964,48.401],[-4.964,48.39]],[[-4.895,48.381],[-4.901,48.387],[-4.903,48.384],[-4.895,48.381]],[[-4.888,48.373],[-4.882,48.373],[-4.889,48.381],[-4.888,48.373]],[[-4.91,48.376],[-4.913,48.374],[-4.892,48.373],[-4.91,48.376]],[[-4.879,48.37],[-4.882,48.372],[-4.883,48.369],[-4.879,48.37]],[[-4.935,48.375],[-4.946,48.37],[-4.938,48.369],[-4.935,48.375]],[[-4.941,48.378],[-4.938,48.378],[-4.937,48.379],[-4.941,48.378]],[[-4.865,48.343],[-4.872,48.343],[-4.856,48.341],[-4.841,48.356],[-4.865,48.343]],[[-4.877,48.041],[-4.855,48.038],[-4.853,48.03],[-4.835,48.031],[-4.849,48.033],[-4.85,48.041],[-4.877,48.041]],[[-4.844,48.042],[-4.846,48.044],[-4.846,48.041],[-4.844,48.042]],[[-4.382,47.796],[-4.395,47.793],[-4.393,47.792],[-4.382,47.796]],[[-4.348,47.791],[-4.347,47.791],[-4.353,47.793],[-4.348,47.791]],[[-4.329,47.795],[-4.329,47.793],[-4.328,47.793],[-4.329,47.795]],[[-4.201,47.793],[-4.201,47.792],[-4.198,47.789],[-4.201,47.793]],[[-3.8,47.785],[-3.803,47.783],[-3.798,47.782],[-3.8,47.785]],[[-4.028,47.773],[-4.02,47.777],[-4.031,47.779],[-4.028,47.773]],[[-3.801,47.769],[-3.795,47.774],[-3.796,47.774],[-3.801,47.769]],[[-4.346,47.777],[-4.347,47.773],[-4.342,47.772],[-4.346,47.777]],[[-4.336,47.777],[-4.338,47.773],[-4.337,47.773],[-4.336,47.777]],[[-4.02,47.73],[-4.022,47.732],[-4.023,47.73],[-4.02,47.73]],[[-4.013,47.73],[-4.012,47.731],[-4.013,47.732],[-4.013,47.73]],[[-3.995,47.721],[-3.989,47.722],[-3.993,47.727],[-3.995,47.721]],[[-3.959,47.712],[-3.954,47.712],[-3.951,47.721],[-3.96,47.72],[-3.959,47.712]],[[-3.966,47.711],[-3.965,47.713],[-3.968,47.714],[-3.966,47.711]],[[-4.001,47.701],[-3.989,47.703],[-3.99,47.709],[-4.002,47.71],[-4.001,47.701]],[[-4.016,47.706],[-4.012,47.709],[-4.014,47.711],[-4.016,47.706]],[[-4.011,47.715],[-4.004,47.715],[-4.004,47.717],[-4.011,47.715]],[[-3.998,47.721],[-3.995,47.726],[-4.01,47.721],[-3.998,47.721]],[[-4.034,47.723],[-4.033,47.725],[-4.036,47.726],[-4.034,47.723]],[[-3.2,47.609],[-3.2,47.608],[-3.198,47.608],[-3.2,47.609]],[[-3.165,47.557],[-3.167,47.557],[-3.163,47.551],[-3.165,47.557]],[[-3.176,47.549],[-3.177,47.551],[-3.179,47.55],[-3.176,47.549]],[[-3.077,47.465],[-3.076,47.465],[-3.076,47.468],[-3.077,47.465]],[[-3.065,47.466],[-3.07,47.466],[-3.067,47.464],[-3.065,47.466]],[[-3.025,47.417],[-3.029,47.416],[-3.028,47.415],[-3.025,47.417]],[[-2.627,47.41],[-2.615,47.41],[-2.621,47.414],[-2.627,47.41]],[[-3.001,47.394],[-2.96,47.384],[-2.946,47.372],[-2.954,47.383],[-2.94,47.393],[-2.942,47.395],[-2.954,47.391],[-2.995,47.402],[-2.993,47.397],[-3.001,47.394]],[[-2.944,47.37],[-2.945,47.371],[-2.947,47.369],[-2.944,47.37]],[[-2.971,47.358],[-2.973,47.357],[-2.969,47.355],[-2.971,47.358]],[[-2.965,47.356],[-2.966,47.356],[-2.967,47.354],[-2.965,47.356]],[[-2.891,47.347],[-2.892,47.338],[-2.882,47.329],[-2.861,47.341],[-2.863,47.348],[-2.891,47.347]],[[-2.835,47.327],[-2.837,47.326],[-2.835,47.324],[-2.835,47.327]],[[-3.248,47.309],[-3.247,47.31],[-3.252,47.311],[-3.248,47.309]],[[-2.996,47.398],[-2.995,47.399],[-2.998,47.4],[-2.996,47.398]],[[-2.388,47.246],[-2.389,47.245],[-2.387,47.243],[-2.388,47.246]],[[-2.359,47.043],[-2.362,47.043],[-2.358,47.039],[-2.359,47.043]],[[-1.87,46.612],[-1.871,46.611],[-1.868,46.611],[-1.87,46.612]],[[-1.18,46.021],[-1.178,46.008],[-1.168,46.019],[-1.153,46.018],[-1.18,46.021]],[[-1.132,45.964],[-1.125,45.963],[-1.139,45.968],[-1.132,45.964]],[[-1.122,45.962],[-1.117,45.952],[-1.096,45.951],[-1.122,45.962]],[[-1.168,45.844],[-1.168,45.841],[-1.165,45.84],[-1.168,45.844]],[[-0.727,45.224],[-0.729,45.226],[-0.729,45.22],[-0.727,45.224]],[[-0.699,45.177],[-0.7,45.198],[-0.711,45.215],[-0.717,45.198],[-0.699,45.177]],[[-0.69,45.15],[-0.679,45.127],[-0.692,45.183],[-0.69,45.15]],[[-0.707,45.173],[-0.712,45.179],[-0.701,45.151],[-0.707,45.173]],[[-0.675,45.112],[-0.679,45.12],[-0.679,45.117],[-0.675,45.112]],[[-0.634,45.038],[-0.591,45.012],[-0.679,45.096],[-0.634,45.038]],[[-0.648,45.048],[-0.643,45.046],[-0.652,45.054],[-0.648,45.048]],[[-0.558,45.031],[-0.572,45.033],[-0.57,45.031],[-0.558,45.031]],[[-0.54,45.03],[-0.542,45.031],[-0.541,45.029],[-0.54,45.03]],[[-2.64,47.501],[-2.635,47.501],[-2.635,47.502],[-2.64,47.501]],[[-2.911,47.575],[-2.908,47.567],[-2.906,47.568],[-2.911,47.575]],[[-2.915,47.579],[-2.915,47.578],[-2.912,47.577],[-2.915,47.579]],[[-2.889,47.574],[-2.885,47.582],[-2.889,47.583],[-2.889,47.574]],[[-2.859,47.56],[-2.848,47.567],[-2.856,47.574],[-2.849,47.588],[-2.825,47.588],[-2.824,47.591],[-2.841,47.594],[-2.838,47.607],[-2.848,47.598],[-2.854,47.601],[-2.859,47.56]],[[-2.8,47.608],[-2.806,47.608],[-2.805,47.607],[-2.8,47.608]],[[-2.85,47.613],[-2.852,47.612],[-2.848,47.609],[-2.85,47.613]],[[-2.754,47.602],[-2.752,47.604],[-2.771,47.611],[-2.754,47.602]],[[-2.797,47.597],[-2.813,47.598],[-2.813,47.579],[-2.792,47.594],[-2.776,47.587],[-2.774,47.595],[-2.785,47.594],[-2.795,47.605],[-2.797,47.597]],[[-2.764,47.593],[-2.765,47.592],[-2.763,47.591],[-2.764,47.593]],[[-2.727,47.573],[-2.724,47.576],[-2.739,47.584],[-2.727,47.573]],[[-2.794,47.571],[-2.785,47.569],[-2.786,47.575],[-2.794,47.571]],[[-2.747,47.579],[-2.75,47.576],[-2.748,47.575],[-2.747,47.579]],[[-2.794,47.579],[-2.79,47.579],[-2.791,47.58],[-2.794,47.579]],[[-2.792,47.562],[-2.789,47.563],[-2.794,47.567],[-2.792,47.562]],[[-2.847,47.561],[-2.847,47.562],[-2.851,47.562],[-2.847,47.561]],[[-2.847,47.556],[-2.848,47.554],[-2.842,47.558],[-2.844,47.561],[-2.847,47.556]],[[-2.831,47.56],[-2.832,47.558],[-2.829,47.557],[-2.831,47.56]],[[-2.901,47.572],[-2.9,47.571],[-2.896,47.573],[-2.901,47.572]],[[-2.867,47.577],[-2.868,47.579],[-2.869,47.578],[-2.867,47.577]],[[-2.781,47.619],[-2.786,47.616],[-2.774,47.613],[-2.781,47.619]],[[-2.978,47.563],[-2.979,47.562],[-2.975,47.558],[-2.978,47.563]],[[-3.001,47.561],[-3.001,47.564],[-3.003,47.564],[-3.001,47.561]],[[-3.019,47.597],[-3.02,47.598],[-3.02,47.597],[-3.019,47.597]],[[-3.045,47.575],[-3.045,47.572],[-3.043,47.574],[-3.045,47.575]],[[-3.176,47.686],[-3.176,47.684],[-3.175,47.685],[-3.176,47.686]],[[-3.179,47.686],[-3.177,47.686],[-3.177,47.689],[-3.179,47.686]],[[-3.184,47.688],[-3.186,47.688],[-3.185,47.686],[-3.184,47.688]],[[-3.183,47.694],[-3.181,47.694],[-3.186,47.697],[-3.183,47.694]],[[-3.361,47.724],[-3.357,47.723],[-3.357,47.727],[-3.361,47.724]],[[-4.464,48.325],[-4.462,48.322],[-4.461,48.323],[-4.464,48.325]],[[-4.528,48.305],[-4.529,48.307],[-4.532,48.305],[-4.528,48.305]],[[-4.502,48.632],[-4.5,48.633],[-4.503,48.634],[-4.502,48.632]],[[-4.282,48.664],[-4.283,48.663],[-4.281,48.662],[-4.282,48.664]],[[-3.838,48.713],[-3.841,48.712],[-3.839,48.71],[-3.838,48.713]],[[-3.91,48.704],[-3.912,48.704],[-3.912,48.702],[-3.91,48.704]],[[-3.942,48.669],[-3.944,48.668],[-3.942,48.667],[-3.942,48.669]],[[-3.863,48.675],[-3.864,48.677],[-3.867,48.677],[-3.863,48.675]],[[-3.372,48.826],[-3.377,48.828],[-3.376,48.825],[-3.372,48.826]],[[-3.198,48.853],[-3.204,48.856],[-3.205,48.852],[-3.198,48.853]],[[-3.013,48.858],[-2.999,48.851],[-3.014,48.852],[-3.012,48.836],[-2.996,48.838],[-2.995,48.846],[-2.989,48.852],[-2.994,48.858],[-2.982,48.862],[-3.013,48.858]],[[-2.983,48.858],[-2.979,48.858],[-2.98,48.861],[-2.983,48.858]],[[-2.992,48.846],[-2.978,48.847],[-2.982,48.85],[-2.992,48.846]],[[-2.985,48.84],[-2.983,48.842],[-2.985,48.843],[-2.985,48.84]],[[-2.991,48.838],[-2.988,48.84],[-2.992,48.842],[-2.991,48.838]],[[-3.014,48.837],[-3.023,48.838],[-3.021,48.835],[-3.014,48.837]],[[-3.026,48.835],[-3.026,48.838],[-3.028,48.836],[-3.026,48.835]],[[-3.038,48.836],[-3.039,48.838],[-3.04,48.837],[-3.038,48.836]],[[-3.042,48.839],[-3.045,48.84],[-3.046,48.837],[-3.042,48.839]],[[-3.016,48.847],[-3.02,48.848],[-3.023,48.841],[-3.015,48.84],[-3.016,48.847]],[[-3.036,48.842],[-3.034,48.844],[-3.036,48.845],[-3.036,48.842]],[[-3.08,48.842],[-3.077,48.843],[-3.078,48.845],[-3.08,48.842]],[[-3.081,48.849],[-3.082,48.847],[-3.079,48.847],[-3.081,48.849]],[[-3.074,48.855],[-3.076,48.851],[-3.074,48.849],[-3.074,48.855]],[[-3.024,48.851],[-3.025,48.848],[-3.024,48.847],[-3.024,48.851]],[[-3.032,48.863],[-3.037,48.865],[-3.049,48.86],[-3.046,48.855],[-3.032,48.863]],[[-3.067,48.86],[-3.064,48.86],[-3.064,48.864],[-3.067,48.86]],[[-2.982,48.796],[-2.973,48.797],[-2.984,48.8],[-2.982,48.796]],[[-3.01,48.795],[-3.015,48.794],[-3.014,48.793],[-3.01,48.795]],[[-3.017,48.792],[-3.023,48.792],[-3.022,48.79],[-3.017,48.792]],[[-2.946,48.778],[-2.946,48.78],[-2.953,48.779],[-2.946,48.778]],[[-2.95,48.775],[-2.949,48.774],[-2.948,48.775],[-2.95,48.775]],[[-2.558,48.606],[-2.56,48.605],[-2.558,48.602],[-2.558,48.606]],[[-1.823,48.893],[-1.821,48.893],[-1.823,48.896],[-1.823,48.893]],[[-1.867,48.89],[-1.865,48.89],[-1.866,48.892],[-1.867,48.89]],[[-1.804,48.892],[-1.805,48.89],[-1.8,48.889],[-1.804,48.892]],[[-1.821,48.887],[-1.827,48.888],[-1.826,48.885],[-1.821,48.887]],[[-1.82,48.883],[-1.816,48.884],[-1.816,48.885],[-1.82,48.883]],[[-1.792,48.884],[-1.796,48.884],[-1.794,48.882],[-1.792,48.884]],[[-1.835,48.885],[-1.838,48.884],[-1.817,48.875],[-1.835,48.885]],[[-1.795,48.878],[-1.799,48.88],[-1.798,48.877],[-1.795,48.878]],[[-1.767,48.876],[-1.768,48.875],[-1.766,48.872],[-1.767,48.876]],[[-1.769,48.873],[-1.772,48.874],[-1.771,48.871],[-1.769,48.873]],[[-1.807,48.869],[-1.805,48.869],[-1.81,48.873],[-1.807,48.869]],[[-1.837,48.875],[-1.842,48.87],[-1.82,48.868],[-1.837,48.875]],[[-1.869,48.877],[-1.871,48.876],[-1.869,48.875],[-1.869,48.877]],[[-1.866,48.887],[-1.869,48.884],[-1.856,48.876],[-1.866,48.887]],[[-1.848,48.883],[-1.847,48.885],[-1.854,48.886],[-1.848,48.883]],[[-1.842,48.884],[-1.843,48.882],[-1.842,48.88],[-1.842,48.884]],[[-1.802,48.871],[-1.801,48.871],[-1.806,48.873],[-1.802,48.871]],[[-1.808,48.879],[-1.81,48.879],[-1.809,48.877],[-1.804,48.876],[-1.808,48.879]],[[-2.813,49.106],[-2.816,49.103],[-2.814,49.103],[-2.813,49.106]],[[0.132,49.666],[0.13,49.666],[0.132,49.664],[0.132,49.666]],[[-1.839,48.708],[-1.834,48.717],[-1.835,48.717],[-1.839,48.708]],[[-1.956,48.699],[-1.954,48.697],[-1.953,48.698],[-1.956,48.699]],[[-2.077,48.674],[-2.067,48.677],[-2.071,48.679],[-2.077,48.674]],[[-2.031,48.653],[-2.035,48.653],[-2.034,48.651],[-2.031,48.653]],[[-2.159,48.637],[-2.156,48.641],[-2.162,48.639],[-2.159,48.637]],[[-2.192,48.622],[-2.188,48.62],[-2.184,48.631],[-2.192,48.622]],[[-2.155,48.63],[-2.156,48.628],[-2.155,48.628],[-2.155,48.63]],[[-2.199,48.625],[-2.198,48.629],[-2.2,48.629],[-2.199,48.625]],[[-2.193,48.619],[-2.196,48.619],[-2.195,48.615],[-2.193,48.619]],[[-2.208,48.613],[-2.206,48.611],[-2.205,48.612],[-2.208,48.613]],[[-1.827,48.683],[-1.827,48.68],[-1.826,48.68],[-1.827,48.683]],[[-1.831,48.678],[-1.83,48.68],[-1.831,48.68],[-1.831,48.678]],[[-1.242,49.591],[-1.249,49.59],[-1.242,49.586],[-1.237,49.588],[-1.242,49.591]],[[-1.27,49.58],[-1.274,49.582],[-1.274,49.571],[-1.27,49.58]],[[-1.166,44.695],[-1.173,44.704],[-1.19,44.7],[-1.166,44.695]],[[5.23,43.198],[5.231,43.199],[5.229,43.199],[5.23,43.198]],[[6.489,43.042],[6.511,43.045],[6.509,43.052],[6.473,43.049],[6.458,43.028],[6.437,43.024],[6.433,43.008],[6.438,43.003],[6.451,43.017],[6.464,43.015],[6.489,43.042]],[[6.397,42.99],[6.393,42.988],[6.396,42.987],[6.397,42.99]],[[3.706,43.393],[3.708,43.395],[3.731,43.399],[3.708,43.396],[3.706,43.393]],[[6.148,43.02],[6.139,43.02],[6.144,43.015],[6.148,43.02]],[[6.359,43.009],[6.365,43.003],[6.369,43.019],[6.359,43.009]],[[6.383,43.013],[6.371,42.995],[6.403,42.993],[6.421,43.013],[6.383,43.013]],[[6.254,42.997],[6.254,42.999],[6.252,42.999],[6.254,42.997]],[[5.62,43.157],[5.621,43.159],[5.615,43.163],[5.62,43.157]],[[5.753,43.129],[5.746,43.128],[5.75,43.126],[5.753,43.129]],[[5.767,43.082],[5.766,43.08],[5.768,43.079],[5.767,43.082]],[[5.292,43.281],[5.303,43.277],[5.288,43.261],[5.324,43.286],[5.292,43.281]],[[5.325,43.281],[5.324,43.279],[5.326,43.279],[5.325,43.281]],[[5.34,43.212],[5.326,43.215],[5.33,43.21],[5.34,43.212]],[[5.385,43.19],[5.381,43.19],[5.387,43.185],[5.385,43.19]],[[5.386,43.172],[5.399,43.173],[5.387,43.179],[5.373,43.18],[5.386,43.172]],[[7.031,43.521],[7.045,43.515],[7.071,43.518],[7.031,43.521]],[[7.074,43.515],[7.072,43.517],[7.073,43.514],[7.074,43.515]],[[7.037,43.508],[7.056,43.508],[7.047,43.51],[7.037,43.508]]],[[[9.645,42.929],[9.68,42.855],[9.712,42.796],[9.73,42.8],[9.746,42.773],[9.753,42.743],[9.734,42.703],[9.783,42.626],[9.803,42.338],[9.829,42.26],[9.825,42.127],[9.807,42.048],[9.779,42.0],[9.68,41.889],[9.673,41.865],[9.675,41.699],[9.649,41.485],[9.633,41.437],[9.45,41.406],[9.317,41.336],[9.27,41.292],[9.135,41.318],[8.831,41.261],[8.757,41.289],[8.711,41.319],[8.558,41.451],[8.419,41.652],[8.327,41.814],[8.315,41.868],[8.321,41.955],[8.269,42.227],[8.265,42.381],[8.282,42.443],[8.323,42.496],[8.394,42.549],[8.475,42.677],[8.534,42.729],[8.614,42.767],[8.872,42.842],[8.933,42.881],[9.053,42.931],[9.067,42.969],[9.075,43.041],[9.109,43.103],[9.168,43.154],[9.272,43.203],[9.348,43.224],[9.429,43.228],[9.506,43.214],[9.575,43.185],[9.597,43.171],[9.61,43.134],[9.645,42.929]],[[8.549,42.241],[8.538,42.236],[8.552,42.227],[8.558,42.228],[8.545,42.233],[8.549,42.241]],[[8.582,42.245],[8.577,42.244],[8.586,42.243],[8.582,42.245]],[[8.677,42.288],[8.673,42.284],[8.679,42.281],[8.689,42.281],[8.677,42.288]],[[8.625,42.319],[8.611,42.31],[8.6,42.319],[8.597,42.317],[8.605,42.305],[8.626,42.312],[8.629,42.304],[8.646,42.301],[8.625,42.319]],[[8.613,42.352],[8.602,42.352],[8.615,42.35],[8.627,42.335],[8.635,42.339],[8.613,42.352]],[[8.552,42.333],[8.562,42.332],[8.588,42.35],[8.552,42.333]],[[8.555,42.352],[8.551,42.345],[8.554,42.343],[8.555,42.352]],[[8.553,42.354],[8.554,42.354],[8.553,42.355],[8.553,42.354]],[[8.548,42.381],[8.546,42.37],[8.535,42.372],[8.538,42.365],[8.55,42.366],[8.548,42.381]],[[8.602,42.399],[8.603,42.397],[8.604,42.4],[8.602,42.399]],[[8.612,42.412],[8.615,42.417],[8.606,42.416],[8.601,42.409],[8.612,42.412]],[[8.622,42.422],[8.622,42.42],[8.63,42.421],[8.622,42.422]],[[8.661,42.446],[8.648,42.443],[8.661,42.435],[8.661,42.446]],[[8.664,42.458],[8.664,42.455],[8.667,42.458],[8.664,42.458]],[[8.657,42.48],[8.661,42.49],[8.649,42.474],[8.671,42.476],[8.657,42.48]],[[8.677,42.518],[8.667,42.516],[8.666,42.505],[8.677,42.518]],[[8.716,42.532],[8.713,42.531],[8.714,42.53],[8.716,42.532]],[[8.71,42.535],[8.715,42.533],[8.712,42.538],[8.71,42.535]],[[8.707,42.571],[8.707,42.57],[8.711,42.569],[8.707,42.571]],[[8.723,42.565],[8.728,42.567],[8.726,42.584],[8.717,42.576],[8.723,42.565]],[[8.758,42.563],[8.763,42.569],[8.756,42.572],[8.751,42.569],[8.758,42.563]],[[8.809,42.59],[8.798,42.582],[8.803,42.579],[8.809,42.59]],[[8.807,42.605],[8.805,42.604],[8.801,42.603],[8.799,42.603],[8.797,42.601],[8.81,42.593],[8.807,42.605]],[[8.851,42.612],[8.85,42.611],[8.853,42.612],[8.851,42.612]],[[8.88,42.629],[8.878,42.622],[8.879,42.622],[8.896,42.628],[8.88,42.629]],[[8.938,42.642],[8.934,42.647],[8.933,42.639],[8.915,42.634],[8.937,42.637],[8.938,42.642]],[[9.058,42.696],[9.058,42.685],[9.067,42.693],[9.058,42.696]],[[9.085,42.715],[9.082,42.707],[9.083,42.706],[9.095,42.716],[9.085,42.715]],[[9.222,42.736],[9.209,42.728],[9.232,42.724],[9.222,42.736]],[[9.257,42.718],[9.244,42.719],[9.257,42.714],[9.257,42.718]],[[9.28,42.688],[9.278,42.69],[9.28,42.686],[9.28,42.688]],[[9.322,42.716],[9.321,42.711],[9.327,42.719],[9.322,42.716]],[[9.341,42.752],[9.341,42.749],[9.343,42.749],[9.341,42.752]],[[9.31,42.834],[9.333,42.811],[9.322,42.824],[9.31,42.834]],[[9.327,42.884],[9.333,42.87],[9.333,42.876],[9.327,42.884]],[[9.356,42.937],[9.357,42.94],[9.349,42.93],[9.36,42.929],[9.356,42.937]],[[9.349,42.96],[9.346,42.958],[9.359,42.945],[9.349,42.96]],[[9.342,42.98],[9.343,42.978],[9.343,42.981],[9.342,42.98]],[[9.34,42.994],[9.342,42.991],[9.345,43.0],[9.34,42.994]],[[9.443,43.0],[9.44,43.001],[9.442,42.999],[9.443,43.0]],[[9.46,42.977],[9.462,42.981],[9.458,42.976],[9.46,42.977]],[[9.458,42.965],[9.455,42.972],[9.454,42.966],[9.458,42.965]],[[9.47,42.935],[9.469,42.937],[9.468,42.934],[9.47,42.935]],[[9.475,42.878],[9.477,42.877],[9.472,42.924],[9.467,42.93],[9.475,42.878]],[[9.486,42.852],[9.476,42.873],[9.483,42.84],[9.486,42.852]],[[9.483,42.802],[9.47,42.765],[9.492,42.798],[9.484,42.832],[9.483,42.802]],[[9.468,42.753],[9.467,42.756],[9.464,42.749],[9.468,42.753]],[[9.451,42.691],[9.458,42.703],[9.462,42.743],[9.451,42.691]],[[9.443,42.641],[9.457,42.634],[9.462,42.62],[9.457,42.606],[9.477,42.579],[9.512,42.565],[9.494,42.605],[9.45,42.654],[9.443,42.641]],[[9.532,42.525],[9.533,42.525],[9.533,42.546],[9.53,42.556],[9.532,42.525]],[[9.531,42.507],[9.535,42.522],[9.532,42.525],[9.531,42.507]],[[9.533,42.456],[9.541,42.443],[9.542,42.459],[9.53,42.486],[9.533,42.456]],[[9.533,42.393],[9.532,42.374],[9.533,42.372],[9.543,42.429],[9.533,42.393]],[[9.561,42.282],[9.559,42.285],[9.558,42.269],[9.561,42.282]],[[9.555,42.162],[9.555,42.217],[9.552,42.17],[9.555,42.162]],[[9.519,42.085],[9.492,42.048],[9.409,41.962],[9.403,41.952],[9.411,41.954],[9.41,41.94],[9.421,41.967],[9.456,42.0],[9.549,42.103],[9.552,42.113],[9.519,42.085]],[[9.407,41.949],[9.407,41.951],[9.403,41.95],[9.407,41.949]],[[9.398,41.882],[9.416,41.929],[9.403,41.945],[9.398,41.882]],[[9.4,41.807],[9.407,41.817],[9.406,41.857],[9.398,41.861],[9.397,41.873],[9.394,41.848],[9.4,41.807]],[[9.408,41.713],[9.402,41.717],[9.402,41.707],[9.408,41.713]],[[9.408,41.743],[9.404,41.773],[9.402,41.717],[9.408,41.743]],[[9.381,41.693],[9.367,41.674],[9.386,41.69],[9.401,41.692],[9.401,41.706],[9.381,41.693]],[[9.362,41.64],[9.364,41.635],[9.378,41.648],[9.386,41.646],[9.382,41.651],[9.389,41.656],[9.381,41.664],[9.395,41.673],[9.38,41.67],[9.378,41.656],[9.362,41.64]],[[9.346,41.632],[9.352,41.641],[9.345,41.64],[9.346,41.632]],[[9.347,41.62],[9.314,41.627],[9.326,41.618],[9.317,41.617],[9.356,41.617],[9.346,41.632],[9.347,41.62]],[[9.292,41.626],[9.294,41.618],[9.287,41.608],[9.307,41.616],[9.304,41.628],[9.292,41.626]],[[9.279,41.598],[9.285,41.595],[9.287,41.608],[9.279,41.598]],[[9.32,41.605],[9.31,41.597],[9.325,41.602],[9.32,41.605]],[[9.327,41.561],[9.3,41.553],[9.282,41.533],[9.274,41.532],[9.287,41.529],[9.324,41.557],[9.343,41.559],[9.351,41.566],[9.347,41.575],[9.369,41.597],[9.354,41.595],[9.351,41.581],[9.327,41.561]],[[9.265,41.531],[9.27,41.517],[9.265,41.503],[9.276,41.504],[9.285,41.517],[9.272,41.524],[9.274,41.532],[9.265,41.531]],[[9.265,41.476],[9.272,41.47],[9.288,41.483],[9.287,41.499],[9.28,41.499],[9.265,41.476]],[[9.211,41.448],[9.211,41.441],[9.223,41.427],[9.211,41.407],[9.229,41.425],[9.222,41.439],[9.214,41.44],[9.243,41.446],[9.267,41.466],[9.278,41.464],[9.267,41.468],[9.211,41.448]],[[9.238,41.395],[9.26,41.413],[9.265,41.428],[9.249,41.423],[9.238,41.395]],[[9.22,41.366],[9.223,41.372],[9.207,41.366],[9.22,41.366]],[[9.169,41.386],[9.153,41.391],[9.127,41.394],[9.169,41.384],[9.18,41.365],[9.206,41.366],[9.169,41.386]],[[9.101,41.415],[9.095,41.412],[9.093,41.394],[9.118,41.396],[9.096,41.404],[9.101,41.415]],[[9.106,41.428],[9.105,41.423],[9.107,41.428],[9.106,41.428]],[[9.12,41.435],[9.116,41.433],[9.121,41.435],[9.12,41.435]],[[9.108,41.44],[9.113,41.44],[9.108,41.443],[9.108,41.44]],[[9.095,41.449],[9.1,41.443],[9.105,41.446],[9.095,41.449]],[[9.07,41.46],[9.066,41.454],[9.079,41.441],[9.094,41.449],[9.07,41.46]],[[9.072,41.47],[9.071,41.467],[9.076,41.472],[9.072,41.47]],[[9.08,41.482],[9.068,41.479],[9.04,41.457],[9.075,41.474],[9.076,41.474],[9.08,41.476],[9.08,41.482]],[[9.039,41.476],[9.014,41.472],[9.025,41.461],[9.039,41.476]],[[9.001,41.483],[8.996,41.484],[9.003,41.475],[9.011,41.476],[9.001,41.483]],[[8.962,41.491],[8.982,41.473],[8.993,41.484],[8.962,41.491]],[[8.938,41.49],[8.949,41.489],[8.951,41.492],[8.938,41.49]],[[8.923,41.497],[8.921,41.488],[8.93,41.492],[8.923,41.497]],[[8.884,41.505],[8.903,41.508],[8.884,41.511],[8.884,41.505]],[[8.845,41.528],[8.841,41.522],[8.855,41.517],[8.873,41.524],[8.845,41.528]],[[8.853,41.544],[8.852,41.544],[8.851,41.539],[8.853,41.544]],[[8.844,41.541],[8.848,41.54],[8.85,41.545],[8.844,41.541]],[[8.833,41.551],[8.814,41.55],[8.821,41.544],[8.841,41.547],[8.833,41.551]],[[8.794,41.569],[8.783,41.567],[8.788,41.556],[8.797,41.557],[8.794,41.569]],[[8.793,41.587],[8.774,41.592],[8.782,41.584],[8.792,41.587],[8.795,41.576],[8.793,41.587]],[[8.788,41.62],[8.785,41.618],[8.789,41.616],[8.788,41.62]],[[8.794,41.632],[8.79,41.627],[8.792,41.626],[8.794,41.632]],[[8.811,41.639],[8.803,41.641],[8.804,41.638],[8.811,41.639]],[[8.852,41.648],[8.826,41.635],[8.865,41.648],[8.852,41.648]],[[8.886,41.671],[8.881,41.669],[8.881,41.657],[8.886,41.671]],[[8.899,41.695],[8.828,41.709],[8.843,41.697],[8.889,41.689],[8.916,41.688],[8.923,41.695],[8.899,41.695]],[[8.807,41.709],[8.807,41.71],[8.804,41.71],[8.807,41.709]],[[8.777,41.722],[8.771,41.714],[8.787,41.709],[8.784,41.699],[8.801,41.711],[8.777,41.722]],[[8.76,41.743],[8.702,41.726],[8.718,41.722],[8.785,41.742],[8.76,41.743]],[[8.661,41.749],[8.659,41.741],[8.66,41.738],[8.703,41.742],[8.661,41.749]],[[8.717,41.792],[8.72,41.788],[8.721,41.789],[8.717,41.792]],[[8.714,41.795],[8.709,41.799],[8.709,41.797],[8.714,41.795]],[[8.757,41.813],[8.745,41.808],[8.752,41.81],[8.757,41.813]],[[8.779,41.828],[8.773,41.819],[8.785,41.824],[8.779,41.828]],[[8.772,41.84],[8.766,41.842],[8.772,41.835],[8.78,41.834],[8.772,41.84]],[[8.752,41.845],[8.749,41.845],[8.759,41.841],[8.752,41.845]],[[8.781,41.873],[8.782,41.873],[8.782,41.874],[8.781,41.873]],[[8.779,41.884],[8.778,41.883],[8.784,41.88],[8.788,41.884],[8.779,41.884]],[[8.805,41.907],[8.793,41.913],[8.803,41.9],[8.805,41.907]],[[8.775,41.932],[8.753,41.933],[8.765,41.922],[8.778,41.927],[8.789,41.917],[8.775,41.932]],[[8.642,41.91],[8.718,41.907],[8.743,41.917],[8.744,41.933],[8.71,41.919],[8.642,41.91]],[[8.63,41.909],[8.607,41.895],[8.642,41.91],[8.63,41.909]],[[8.609,41.908],[8.611,41.906],[8.61,41.909],[8.609,41.908]],[[8.607,41.951],[8.604,41.947],[8.61,41.939],[8.614,41.944],[8.607,41.951]],[[8.599,41.952],[8.605,41.952],[8.599,41.958],[8.599,41.952]],[[8.593,41.961],[8.596,41.961],[8.592,41.964],[8.593,41.961]],[[8.615,41.972],[8.613,41.971],[8.617,41.971],[8.615,41.972]],[[8.656,42.003],[8.676,42.021],[8.654,42.006],[8.659,41.992],[8.669,41.996],[8.656,42.003]],[[8.686,42.027],[8.685,42.026],[8.694,42.028],[8.686,42.027]],[[8.726,42.043],[8.723,42.039],[8.724,42.038],[8.733,42.042],[8.726,42.043]],[[8.743,42.057],[8.744,42.053],[8.745,42.057],[8.743,42.057]],[[8.739,42.061],[8.742,42.06],[8.739,42.063],[8.739,42.061]],[[8.71,42.095],[8.707,42.094],[8.702,42.085],[8.711,42.087],[8.722,42.072],[8.716,42.064],[8.735,42.066],[8.71,42.095]],[[8.7,42.106],[8.704,42.103],[8.7,42.108],[8.7,42.106]],[[8.68,42.105],[8.688,42.111],[8.664,42.106],[8.68,42.105]],[[8.658,42.107],[8.659,42.101],[8.664,42.106],[8.658,42.107]],[[8.651,42.114],[8.653,42.112],[8.651,42.117],[8.651,42.114]],[[8.63,42.13],[8.616,42.132],[8.623,42.122],[8.648,42.122],[8.63,42.13]],[[8.588,42.138],[8.579,42.128],[8.603,42.13],[8.607,42.134],[8.588,42.138]],[[8.566,42.154],[8.557,42.146],[8.59,42.149],[8.566,42.154]],[[8.57,42.157],[8.57,42.156],[8.573,42.157],[8.57,42.157]],[[8.594,42.175],[8.561,42.172],[8.589,42.172],[8.594,42.167],[8.594,42.175]],[[8.577,42.195],[8.578,42.187],[8.582,42.195],[8.577,42.195]],[[8.566,42.205],[8.574,42.206],[8.569,42.207],[8.566,42.205]],[[8.57,42.223],[8.567,42.219],[8.572,42.217],[8.57,42.223]],[[9.381,41.507],[9.385,41.509],[9.384,41.51],[9.381,41.507]],[[9.361,41.634],[9.363,41.632],[9.364,41.633],[9.361,41.634]],[[9.374,41.565],[9.373,41.566],[9.371,41.559],[9.374,41.565]],[[9.368,41.555],[9.367,41.558],[9.366,41.558],[9.368,41.555]],[[9.362,41.548],[9.365,41.553],[9.361,41.553],[9.362,41.548]],[[9.352,41.539],[9.356,41.538],[9.355,41.542],[9.352,41.539]],[[9.246,41.375],[9.248,41.376],[9.247,41.377],[9.246,41.375]],[[9.25,41.368],[9.267,41.361],[9.275,41.368],[9.25,41.368]],[[9.23,41.372],[9.23,41.373],[9.228,41.373],[9.23,41.372]],[[9.256,41.347],[9.257,41.351],[9.255,41.351],[9.256,41.347]],[[9.253,41.336],[9.261,41.334],[9.259,41.347],[9.253,41.336]],[[9.25,41.348],[9.252,41.348],[9.251,41.349],[9.25,41.348]],[[9.025,41.459],[9.019,41.461],[9.02,41.459],[9.025,41.459]],[[8.606,41.89],[8.605,41.888],[8.607,41.888],[8.606,41.89]],[[8.6,41.886],[8.599,41.885],[8.6,41.884],[8.6,41.886]],[[8.594,41.874],[8.598,41.883],[8.585,41.874],[8.594,41.874]],[[8.746,41.813],[8.744,41.814],[8.744,41.811],[8.746,41.813]],[[9.404,43.026],[9.409,43.022],[9.408,43.025],[9.404,43.026]],[[9.468,42.984],[9.472,42.983],[9.471,42.984],[9.468,42.984]]]]}},{"type":"Feature","properties":{"code":"GLP","name":"Guadeloupe"},"geometry":{"type":"Polygon","coordinates":[[[-61.681,15.644],[-61.741,15.667],[-61.786,15.695],[-61.83,15.747],[-61.93,15.915],[-61.964,15.989],[-62.018,16.266],[-62.006,16.357],[-61.976,16.446],[-61.949,16.491],[-61.913,16.527],[-61.859,16.562],[-61.555,16.696],[-61.471,16.716],[-61.4,16.706],[-61.336,16.673],[-61.252,16.599],[-61.222,16.554],[-61.206,16.508],[-61.179,16.494],[-61.094,16.535],[-61.033,16.55],[-60.964,16.547],[-60.903,16.524],[-60.861,16.494],[-60.827,16.451],[-60.801,16.393],[-60.792,16.341],[-60.808,16.257],[-60.912,16.092],[-61.004,15.835],[-61.035,15.784],[-61.069,15.748],[-61.137,15.701],[-61.324,15.734],[-61.442,15.787],[-61.681,15.644]],[[-61.614,15.855],[-61.616,15.858],[-61.617,15.858],[-61.619,15.852],[-61.614,15.855]],[[-61.638,15.853],[-61.631,15.868],[-61.636,15.871],[-61.65,15.847],[-61.634,15.84],[-61.623,15.85],[-61.638,15.853]],[[-61.568,15.869],[-61.566,15.874],[-61.571,15.87],[-61.575,15.866],[-61.568,15.869]],[[-61.593,15.858],[-61.599,15.865],[-61.607,15.857],[-61.578,15.855],[-61.577,15.865],[-61.593,15.858]],[[-61.582,15.881],[-61.585,15.874],[-61.584,15.873],[-61.582,15.881]],[[-61.57,15.882],[-61.57,15.883],[-61.574,15.884],[-61.57,15.882]],[[-61.204,15.901],[-61.201,15.907],[-61.204,15.903],[-61.204,15.901]],[[-61.275,15.874],[-61.305,15.878],[-61.332,15.932],[-61.318,15.953],[-61.308,15.978],[-61.308,15.979],[-61.319,15.976],[-61.321,15.952],[-61.337,15.942],[-61.332,15.9],[-61.316,15.88],[-61.279,15.866],[-61.242,15.874],[-61.219,15.892],[-61.275,15.874]],[[-61.29,15.998],[-61.275,16.006],[-61.275,16.008],[-61.29,16.004],[-61.308,15.979],[-61.29,15.998]],[[-61.544,16.245],[-61.548,16.271],[-61.536,16.312],[-61.555,16.289],[-61.549,16.281],[-61.552,16.25],[-61.544,16.245]],[[-61.567,16.234],[-61.547,16.221],[-61.542,16.232],[-61.567,16.234]],[[-61.56,16.13],[-61.564,16.134],[-61.563,16.127],[-61.56,16.13]],[[-61.579,16.019],[-61.569,16.025],[-61.555,16.054],[-61.561,16.068],[-61.566,16.034],[-61.579,16.019]],[[-61.648,15.968],[-61.634,15.965],[-61.619,15.971],[-61.614,15.987],[-61.648,15.968]],[[-61.658,15.959],[-61.651,15.967],[-61.662,15.963],[-61.658,15.959]],[[-61.702,15.99],[-61.733,16.014],[-61.769,16.088],[-61.771,16.062],[-61.749,16.03],[-61.746,16.01],[-61.712,15.975],[-61.708,15.947],[-61.695,15.949],[-61.702,15.99]],[[-61.68,15.95],[-61.671,15.959],[-61.695,15.949],[-61.68,15.95]],[[-61.784,16.202],[-61.779,16.217],[-61.797,16.251],[-61.796,16.306],[-61.81,16.273],[-61.802,16.243],[-61.782,16.214],[-61.788,16.195],[-61.784,16.176],[-61.776,16.172],[-61.78,16.14],[-61.77,16.131],[-61.769,16.166],[-61.784,16.202]],[[-61.788,16.32],[-61.768,16.351],[-61.786,16.338],[-61.797,16.312],[-61.788,16.32]],[[-61.602,16.304],[-61.609,16.304],[-61.604,16.298],[-61.602,16.304]],[[-61.612,16.285],[-61.612,16.286],[-61.613,16.286],[-61.612,16.285]],[[-61.58,16.284],[-61.581,16.283],[-61.58,16.282],[-61.58,16.284]],[[-61.07,16.319],[-61.072,16.321],[-61.098,16.303],[-61.097,16.29],[-61.07,16.302],[-61.092,16.305],[-61.07,16.319]],[[-61.001,16.333],[-61.001,16.339],[-61.019,16.327],[-61.001,16.333]],[[-61.048,16.307],[-61.04,16.314],[-61.068,16.303],[-61.048,16.307]],[[-61.535,16.332],[-61.534,16.316],[-61.528,16.338],[-61.535,16.332]],[[-61.495,16.374],[-61.496,16.381],[-61.5,16.386],[-61.507,16.39],[-61.524,16.395],[-61.534,16.449],[-61.542,16.438],[-61.526,16.395],[-61.499,16.382],[-61.497,16.358],[-61.495,16.374]],[[-61.464,16.515],[-61.479,16.503],[-61.465,16.51],[-61.464,16.515]],[[-61.179,16.244],[-61.176,16.241],[-61.171,16.246],[-61.179,16.244]],[[-61.234,16.258],[-61.25,16.255],[-61.21,16.25],[-61.234,16.258]],[[-61.269,16.25],[-61.263,16.252],[-61.271,16.25],[-61.269,16.25]],[[-61.294,16.243],[-61.285,16.247],[-61.301,16.244],[-61.294,16.243]],[[-61.434,16.209],[-61.409,16.212],[-61.372,16.228],[-61.434,16.209]],[[-61.484,16.206],[-61.534,16.234],[-61.53,16.216],[-61.511,16.216],[-61.507,16.206],[-61.465,16.196],[-61.444,16.205],[-61.484,16.206]],[[-61.543,16.245],[-61.538,16.234],[-61.534,16.234],[-61.543,16.245]],[[-61.591,15.843],[-61.599,15.836],[-61.586,15.832],[-61.591,15.843]],[[-61.604,15.836],[-61.611,15.84],[-61.61,15.835],[-61.604,15.836]],[[-61.544,16.214],[-61.534,16.213],[-61.54,16.215],[-61.544,16.214]],[[-61.104,16.182],[-61.114,16.177],[-61.105,16.176],[-61.104,16.182]],[[-61.119,16.173],[-61.131,16.172],[-61.107,16.171],[-61.119,16.173]],[[-61.602,15.876],[-61.594,15.871],[-61.591,15.878],[-61.602,15.876]],[[-61.778,16.363],[-61.777,16.368],[-61.782,16.371],[-61.778,16.363]],[[-61.788,16.166],[-61.787,16.168],[-61.79,16.17],[-61.788,16.166]],[[-61.583,16.344],[-61.579,16.35],[-61.59,16.354],[-61.596,16.342],[-61.583,16.344]],[[-61.526,16.352],[-61.531,16.35],[-61.525,16.348],[-61.526,16.352]],[[-61.675,16.342],[-61.672,16.344],[-61.677,16.346],[-61.675,16.342]],[[-61.685,16.349],[-61.686,16.347],[-61.681,16.346],[-61.685,16.349]],[[-61.651,16.338],[-61.653,16.337],[-61.652,16.336],[-61.651,16.338]]]}},{"type":"Feature","properties":{"code":"MTQ","name":"Martinique"},"geometry":{"type":"Polygon","coordinates":[[[-60.892,14.243],[-61.004,14.273],[-61.1,14.248],[-61.183,14.292],[-61.246,14.349],[-61.292,14.431],[-61.339,14.56],[-61.368,14.61],[-61.389,14.674],[-61.419,14.73],[-61.433,14.782],[-61.435,14.841],[-61.421,14.899],[-61.391,14.956],[-61.35,15.007],[-61.158,15.08],[-61.11,15.077],[-61.036,15.057],[-60.936,15.01],[-60.856,15.007],[-60.807,14.995],[-60.755,14.968],[-60.714,14.927],[-60.688,14.882],[-60.67,14.819],[-60.605,14.515],[-60.602,14.449],[-60.615,14.391],[-60.66,14.3],[-60.7,14.256],[-60.754,14.222],[-60.892,14.243]],[[-60.811,14.459],[-60.809,14.459],[-60.809,14.461],[-60.811,14.459]],[[-60.833,14.432],[-60.815,14.46],[-60.823,14.457],[-60.833,14.432]],[[-60.871,14.408],[-60.882,14.413],[-60.887,14.427],[-60.894,14.42],[-60.878,14.397],[-60.869,14.395],[-60.856,14.397],[-60.847,14.413],[-60.837,14.414],[-60.845,14.414],[-60.871,14.408]],[[-60.86,14.447],[-60.859,14.462],[-60.869,14.476],[-60.898,14.461],[-60.912,14.462],[-60.899,14.448],[-60.876,14.471],[-60.877,14.465],[-60.87,14.469],[-60.865,14.455],[-60.872,14.459],[-60.873,14.449],[-60.884,14.447],[-60.88,14.438],[-60.86,14.447]],[[-60.948,14.469],[-60.963,14.471],[-60.935,14.462],[-60.913,14.472],[-60.948,14.469]],[[-60.974,14.468],[-60.969,14.471],[-60.978,14.473],[-60.974,14.468]],[[-60.987,14.473],[-60.985,14.472],[-60.985,14.474],[-60.987,14.473]],[[-60.997,14.468],[-60.989,14.468],[-60.99,14.474],[-61.002,14.476],[-60.997,14.468]],[[-61.01,14.472],[-61.006,14.472],[-61.006,14.476],[-61.01,14.472]],[[-61.061,14.462],[-61.068,14.466],[-61.056,14.453],[-61.046,14.464],[-61.061,14.462]],[[-61.082,14.47],[-61.071,14.469],[-61.079,14.48],[-61.082,14.47]],[[-61.09,14.492],[-61.088,14.492],[-61.09,14.494],[-61.09,14.492]],[[-61.098,14.512],[-61.1,14.507],[-61.096,14.506],[-61.098,14.512]],[[-61.05,14.56],[-61.052,14.562],[-61.056,14.555],[-61.05,14.56]],[[-61.016,14.613],[-61.022,14.611],[-61.025,14.599],[-61.017,14.596],[-61.024,14.584],[-61.011,14.578],[-61.01,14.56],[-60.996,14.565],[-61.016,14.613]],[[-61.092,14.606],[-61.106,14.626],[-61.142,14.65],[-61.16,14.667],[-61.182,14.713],[-61.175,14.733],[-61.177,14.742],[-61.186,14.71],[-61.18,14.693],[-61.135,14.632],[-61.112,14.625],[-61.091,14.599],[-61.063,14.601],[-61.058,14.592],[-61.049,14.596],[-61.049,14.59],[-61.037,14.593],[-61.04,14.605],[-61.031,14.608],[-61.092,14.606]],[[-61.219,14.795],[-61.215,14.782],[-61.18,14.751],[-61.219,14.795]],[[-61.182,14.87],[-61.208,14.861],[-61.215,14.851],[-61.182,14.87]],[[-61.176,14.873],[-61.18,14.875],[-61.182,14.87],[-61.176,14.873]],[[-61.148,14.879],[-61.168,14.876],[-61.137,14.877],[-61.148,14.879]],[[-61.126,14.875],[-61.13,14.875],[-61.122,14.873],[-61.126,14.875]],[[-61.113,14.871],[-61.115,14.87],[-61.112,14.869],[-61.113,14.871]],[[-61.042,14.837],[-61.047,14.834],[-61.03,14.826],[-61.042,14.837]],[[-60.988,14.788],[-60.99,14.788],[-60.988,14.787],[-60.988,14.788]],[[-60.887,14.78],[-60.89,14.777],[-60.885,14.777],[-60.887,14.78]],[[-60.883,14.778],[-60.884,14.777],[-60.882,14.777],[-60.883,14.778]],[[-60.892,14.768],[-60.895,14.762],[-60.884,14.768],[-60.878,14.754],[-60.875,14.776],[-60.892,14.768]],[[-60.89,14.735],[-60.898,14.743],[-60.891,14.756],[-60.911,14.739],[-60.89,14.735]],[[-60.934,14.75],[-60.92,14.746],[-60.926,14.756],[-60.934,14.75]],[[-60.928,14.715],[-60.925,14.722],[-60.935,14.716],[-60.935,14.709],[-60.928,14.715]],[[-60.915,14.71],[-60.913,14.716],[-60.917,14.715],[-60.915,14.71]],[[-60.924,14.677],[-60.928,14.686],[-60.912,14.687],[-60.901,14.703],[-60.935,14.688],[-60.924,14.677]],[[-60.907,14.654],[-60.905,14.648],[-60.886,14.652],[-60.882,14.664],[-60.892,14.664],[-60.887,14.661],[-60.907,14.654]],[[-60.891,14.631],[-60.893,14.64],[-60.888,14.642],[-60.904,14.646],[-60.891,14.631]],[[-60.87,14.618],[-60.87,14.619],[-60.873,14.619],[-60.87,14.618]],[[-60.844,14.577],[-60.842,14.578],[-60.844,14.579],[-60.844,14.577]],[[-60.834,14.568],[-60.834,14.57],[-60.835,14.567],[-60.834,14.568]],[[-60.836,14.551],[-60.826,14.568],[-60.836,14.564],[-60.836,14.551]],[[-60.831,14.527],[-60.838,14.517],[-60.826,14.521],[-60.825,14.53],[-60.831,14.527]],[[-60.824,14.507],[-60.825,14.514],[-60.832,14.513],[-60.824,14.507]],[[-60.813,14.475],[-60.818,14.495],[-60.819,14.493],[-60.813,14.475]],[[-60.869,14.391],[-60.867,14.388],[-60.866,14.389],[-60.869,14.391]],[[-60.828,14.429],[-60.825,14.429],[-60.826,14.432],[-60.828,14.429]],[[-61.018,14.551],[-61.023,14.548],[-61.017,14.546],[-61.018,14.551]],[[-60.964,14.772],[-60.963,14.771],[-60.962,14.772],[-60.964,14.772]],[[-60.879,14.693],[-60.898,14.697],[-60.891,14.69],[-60.879,14.693]],[[-60.884,14.689],[-60.884,14.686],[-60.882,14.686],[-60.884,14.689]],[[-60.9,14.684],[-60.899,14.687],[-60.902,14.687],[-60.9,14.684]],[[-60.909,14.685],[-60.909,14.688],[-60.911,14.685],[-60.909,14.685]],[[-60.884,14.671],[-60.884,14.67],[-60.882,14.669],[-60.884,14.671]],[[-60.89,14.634],[-60.889,14.629],[-60.883,14.633],[-60.89,14.634]],[[-60.852,14.628],[-60.852,14.629],[-60.855,14.626],[-60.852,14.628]],[[-60.846,14.625],[-60.847,14.628],[-60.85,14.625],[-60.846,14.625]],[[-60.86,14.618],[-60.858,14.621],[-60.859,14.622],[-60.86,14.618]],[[-60.85,14.609],[-60.85,14.61],[-60.852,14.615],[-60.862,14.608],[-60.85,14.609]],[[-60.864,14.608],[-60.865,14.605],[-60.863,14.605],[-60.864,14.608]]]}},{"type":"Feature","properties":{"code":"GUF","name":"Guyane"},"geometry":{"type":"Polygon","coordinates":[[[-54.157,2.122],[-54.189,2.161],[-54.264,2.148],[-54.314,2.155],[-54.374,2.197],[-54.477,2.214],[-54.546,2.269],[-54.549,2.279],[-54.526,2.283],[-54.544,2.3],[-54.588,2.324],[-54.615,2.326],[-54.599,2.346],[-54.585,2.348],[-54.551,2.338],[-54.532,2.34],[-54.52,2.349],[-54.493,2.417],[-54.473,2.429],[-54.423,2.436],[-54.376,2.484],[-54.285,2.678],[-54.213,2.776],[-54.189,2.838],[-54.17,2.853],[-54.191,2.877],[-54.163,2.956],[-54.163,2.97],[-54.185,2.998],[-54.169,3.011],[-54.177,3.049],[-54.191,3.059],[-54.177,3.073],[-54.177,3.117],[-54.188,3.131],[-54.211,3.127],[-54.177,3.201],[-54.114,3.285],[-54.08,3.31],[-54.056,3.378],[-54.019,3.415],[-54.003,3.455],[-54.006,3.531],[-53.989,3.611],[-54.018,3.641],[-54.05,3.635],[-54.074,3.676],[-54.094,3.747],[-54.126,3.789],[-54.187,3.815],[-54.215,3.858],[-54.241,3.876],[-54.266,3.923],[-54.293,3.95],[-54.31,3.994],[-54.354,4.042],[-54.355,4.067],[-54.335,4.132],[-54.339,4.152],[-54.395,4.178],[-54.411,4.209],[-54.393,4.244],[-54.394,4.27],[-54.403,4.313],[-54.433,4.376],[-54.451,4.484],[-54.448,4.51],[-54.423,4.563],[-54.423,4.604],[-54.438,4.649],[-54.435,4.709],[-54.447,4.728],[-54.475,4.742],[-54.479,4.755],[-54.479,4.879],[-54.487,4.903],[-54.451,4.937],[-54.458,4.991],[-54.449,5.024],[-54.376,5.115],[-54.365,5.139],[-54.348,5.152],[-54.332,5.196],[-54.311,5.226],[-54.264,5.275],[-54.155,5.355],[-54.129,5.388],[-54.12,5.413],[-54.064,5.483],[-54.026,5.518],[-54.017,5.534],[-54.028,5.561],[-54.032,5.596],[-54.028,5.622],[-54.014,5.637],[-54.013,5.663],[-53.988,5.716],[-53.971,5.735],[-53.957,5.788],[-53.864,5.984],[-53.827,5.964],[-53.738,5.951],[-52.877,5.644],[-52.48,5.472],[-52.436,5.437],[-52.218,5.193],[-52.108,5.111],[-51.855,5.01],[-51.807,4.98],[-51.772,4.941],[-51.628,4.722],[-51.549,4.689],[-51.504,4.658],[-51.637,4.508],[-51.626,4.429],[-51.63,4.373],[-51.642,4.333],[-51.623,4.286],[-51.628,4.245],[-51.611,4.177],[-51.625,4.141],[-51.639,4.132],[-51.647,4.051],[-51.662,4.035],[-51.692,4.03],[-51.693,4.022],[-51.705,4.008],[-51.717,4.004],[-51.728,4.002],[-51.731,4.001],[-51.737,4.006],[-51.768,3.981],[-51.772,3.967],[-51.781,3.96],[-51.782,3.924],[-51.798,3.887],[-51.802,3.881],[-51.821,3.87],[-51.824,3.858],[-51.825,3.858],[-51.822,3.871],[-51.799,3.89],[-51.783,3.925],[-51.785,3.962],[-51.775,3.98],[-51.762,3.991],[-51.76,3.999],[-51.75,4.007],[-51.758,4.003],[-51.783,3.981],[-51.806,3.918],[-51.835,3.868],[-51.9,3.797],[-51.939,3.774],[-51.94,3.734],[-51.949,3.725],[-51.973,3.722],[-51.988,3.705],[-52.013,3.619],[-52.074,3.517],[-52.094,3.507],[-52.093,3.481],[-52.228,3.26],[-52.251,3.243],[-52.279,3.242],[-52.299,3.225],[-52.319,3.178],[-52.355,3.152],[-52.361,3.109],[-52.352,3.066],[-52.422,2.927],[-52.409,2.897],[-52.442,2.881],[-52.455,2.865],[-52.533,2.69],[-52.543,2.652],[-52.576,2.634],[-52.556,2.598],[-52.553,2.573],[-52.59,2.505],[-52.619,2.463],[-52.656,2.431],[-52.691,2.373],[-52.82,2.292],[-52.863,2.274],[-52.88,2.26],[-52.9,2.214],[-52.917,2.196],[-52.939,2.196],[-52.96,2.175],[-52.981,2.173],[-53.061,2.186],[-53.092,2.212],[-53.113,2.219],[-53.269,2.196],[-53.28,2.205],[-53.272,2.22],[-53.235,2.241],[-53.234,2.251],[-53.297,2.304],[-53.323,2.339],[-53.344,2.35],[-53.379,2.308],[-53.462,2.259],[-53.532,2.247],[-53.579,2.27],[-53.646,2.278],[-53.713,2.307],[-53.742,2.309],[-53.748,2.319],[-53.737,2.349],[-53.748,2.365],[-53.765,2.369],[-53.801,2.354],[-53.831,2.31],[-53.867,2.305],[-53.901,2.265],[-53.933,2.27],[-53.946,2.222],[-53.964,2.209],[-54.028,2.179],[-54.048,2.189],[-54.077,2.184],[-54.098,2.128],[-54.111,2.114],[-54.135,2.111],[-54.157,2.122]],[[-51.727,4.003],[-51.728,4.004],[-51.728,4.002],[-51.727,4.003]],[[-54.147,5.358],[-54.149,5.356],[-54.144,5.358],[-54.147,5.358]],[[-54.107,5.381],[-54.071,5.422],[-54.102,5.393],[-54.119,5.388],[-54.138,5.36],[-54.107,5.381]],[[-54.056,5.45],[-54.069,5.461],[-54.086,5.429],[-54.094,5.425],[-54.112,5.415],[-54.123,5.39],[-54.106,5.397],[-54.097,5.401],[-54.056,5.45]],[[-54.087,5.43],[-54.086,5.439],[-54.094,5.425],[-54.087,5.43]],[[-54.105,5.395],[-54.1,5.399],[-54.106,5.397],[-54.105,5.395]],[[-54.049,5.472],[-54.066,5.465],[-54.054,5.453],[-54.04,5.489],[-54.049,5.472]],[[-54.001,5.609],[-54.001,5.599],[-53.999,5.613],[-54.001,5.609]],[[-53.98,5.681],[-53.995,5.657],[-53.998,5.617],[-53.992,5.661],[-53.98,5.681]],[[-53.944,5.745],[-53.949,5.745],[-53.973,5.695],[-53.944,5.745]],[[-53.919,5.743],[-53.934,5.746],[-53.944,5.745],[-53.919,5.743]],[[-53.831,5.732],[-53.84,5.734],[-53.834,5.731],[-53.811,5.721],[-53.831,5.732]],[[-53.732,5.684],[-53.684,5.659],[-53.765,5.707],[-53.732,5.684]],[[-53.653,5.648],[-53.658,5.648],[-53.646,5.644],[-53.653,5.648]],[[-53.636,5.641],[-53.645,5.643],[-53.615,5.631],[-53.636,5.641]],[[-53.555,5.605],[-53.557,5.605],[-53.553,5.603],[-53.555,5.605]],[[-53.489,5.571],[-53.505,5.576],[-53.495,5.572],[-53.489,5.571]],[[-53.23,5.495],[-53.208,5.502],[-53.217,5.505],[-53.238,5.519],[-53.248,5.513],[-53.277,5.542],[-53.302,5.536],[-53.277,5.538],[-53.23,5.495]],[[-53.225,5.517],[-53.265,5.546],[-53.285,5.55],[-53.262,5.538],[-53.25,5.521],[-53.236,5.52],[-53.213,5.505],[-53.208,5.514],[-53.225,5.517]],[[-53.221,5.536],[-53.127,5.503],[-53.258,5.561],[-53.271,5.56],[-53.221,5.536]],[[-53.018,5.458],[-53.037,5.458],[-53.012,5.452],[-53.018,5.458]],[[-52.823,5.348],[-52.86,5.383],[-52.862,5.373],[-52.829,5.342],[-52.823,5.348]],[[-52.817,5.337],[-52.82,5.337],[-52.814,5.333],[-52.817,5.337]],[[-52.804,5.331],[-52.813,5.333],[-52.791,5.321],[-52.804,5.331]],[[-52.753,5.267],[-52.745,5.261],[-52.748,5.279],[-52.787,5.323],[-52.753,5.267]],[[-52.731,5.252],[-52.737,5.254],[-52.728,5.247],[-52.731,5.252]],[[-52.663,5.202],[-52.678,5.208],[-52.657,5.188],[-52.663,5.202]],[[-52.626,5.16],[-52.631,5.163],[-52.627,5.159],[-52.626,5.16]],[[-52.527,5.054],[-52.506,5.054],[-52.528,5.073],[-52.54,5.078],[-52.53,5.073],[-52.527,5.054]],[[-52.425,4.995],[-52.427,4.995],[-52.425,4.993],[-52.425,4.995]],[[-52.415,4.987],[-52.417,4.986],[-52.413,4.983],[-52.415,4.987]],[[-52.362,4.919],[-52.381,4.934],[-52.387,4.905],[-52.362,4.919]],[[-52.387,4.897],[-52.389,4.897],[-52.389,4.896],[-52.387,4.897]],[[-52.284,4.935],[-52.301,4.951],[-52.314,4.948],[-52.284,4.935]],[[-52.258,4.909],[-52.275,4.927],[-52.264,4.913],[-52.258,4.909]],[[-52.277,4.859],[-52.281,4.853],[-52.261,4.854],[-52.245,4.875],[-52.246,4.887],[-52.259,4.892],[-52.277,4.859]],[[-52.343,4.761],[-52.34,4.725],[-52.333,4.731],[-52.337,4.734],[-52.338,4.741],[-52.313,4.772],[-52.296,4.834],[-52.343,4.761]],[[-52.336,4.739],[-52.333,4.733],[-52.332,4.738],[-52.336,4.739]],[[-52.314,4.761],[-52.322,4.751],[-52.317,4.755],[-52.314,4.761]],[[-52.267,4.841],[-52.279,4.848],[-52.293,4.822],[-52.267,4.841]],[[-52.159,4.796],[-52.133,4.781],[-52.165,4.822],[-52.173,4.82],[-52.159,4.796]],[[-52.133,4.78],[-52.098,4.761],[-52.123,4.781],[-52.122,4.787],[-52.14,4.799],[-52.133,4.781],[-52.133,4.78]],[[-52.025,4.694],[-51.998,4.654],[-52.004,4.693],[-52.009,4.705],[-52.026,4.712],[-52.03,4.727],[-52.098,4.765],[-52.025,4.694]],[[-51.956,4.495],[-51.954,4.524],[-51.964,4.571],[-51.984,4.607],[-51.956,4.495]],[[-51.962,4.408],[-52.02,4.367],[-52.046,4.334],[-51.971,4.38],[-51.952,4.405],[-51.946,4.435],[-51.955,4.487],[-51.951,4.454],[-51.962,4.408]],[[-51.951,4.371],[-51.934,4.404],[-51.96,4.372],[-51.987,4.354],[-52.02,4.342],[-51.986,4.353],[-51.951,4.371]],[[-51.933,4.408],[-51.933,4.407],[-51.928,4.421],[-51.933,4.408]],[[-51.927,4.491],[-51.925,4.477],[-51.929,4.545],[-51.927,4.491]],[[-51.909,4.656],[-51.896,4.665],[-51.868,4.667],[-51.907,4.675],[-51.924,4.637],[-51.927,4.619],[-51.909,4.656]],[[-51.833,4.644],[-51.843,4.651],[-51.826,4.635],[-51.833,4.644]],[[-51.819,4.629],[-51.819,4.631],[-51.826,4.635],[-51.819,4.629]],[[-51.807,4.62],[-51.812,4.622],[-51.808,4.618],[-51.807,4.62]],[[-51.801,4.59],[-51.784,4.566],[-51.781,4.575],[-51.791,4.589],[-51.788,4.591],[-51.793,4.601],[-51.801,4.59]],[[-51.795,4.606],[-51.797,4.608],[-51.793,4.601],[-51.795,4.606]],[[-51.731,4.454],[-51.73,4.456],[-51.731,4.457],[-51.731,4.454]],[[-51.726,4.398],[-51.733,4.403],[-51.731,4.399],[-51.726,4.398]],[[-51.692,4.387],[-51.692,4.395],[-51.698,4.393],[-51.692,4.387]],[[-51.708,4.3],[-51.657,4.217],[-51.649,4.158],[-51.634,4.201],[-51.645,4.219],[-51.66,4.226],[-51.66,4.243],[-51.698,4.29],[-51.717,4.334],[-51.708,4.3]],[[-51.656,4.079],[-51.655,4.075],[-51.642,4.15],[-51.656,4.079]],[[-51.688,4.034],[-51.659,4.059],[-51.661,4.073],[-51.658,4.104],[-51.688,4.034]],[[-51.732,4.012],[-51.713,4.025],[-51.741,4.011],[-51.732,4.012]],[[-53.897,5.741],[-53.842,5.735],[-53.887,5.752],[-53.904,5.747],[-53.897,5.741]],[[-54.013,5.596],[-54.011,5.594],[-54.015,5.621],[-54.02,5.612],[-54.013,5.596]],[[-54.026,5.561],[-54.019,5.545],[-54.009,5.559],[-54.017,5.575],[-54.018,5.598],[-54.023,5.606],[-54.026,5.561]],[[-54.008,5.578],[-54.013,5.584],[-54.014,5.58],[-54.012,5.567],[-54.008,5.578]],[[-54.012,5.547],[-54.014,5.546],[-54.014,5.544],[-54.012,5.547]],[[-54.054,5.473],[-54.054,5.482],[-54.061,5.48],[-54.069,5.471],[-54.054,5.473]],[[-54.098,5.433],[-54.102,5.428],[-54.098,5.43],[-54.098,5.433]],[[-54.135,5.37],[-54.132,5.377],[-54.135,5.374],[-54.135,5.37]],[[-54.137,5.366],[-54.137,5.367],[-54.139,5.367],[-54.137,5.366]],[[-54.143,5.36],[-54.139,5.364],[-54.141,5.364],[-54.143,5.36]],[[-53.016,5.462],[-53.011,5.458],[-53.012,5.462],[-53.016,5.462]],[[-52.58,5.294],[-52.58,5.297],[-52.583,5.296],[-52.586,5.29],[-52.58,5.294]],[[-52.586,5.289],[-52.592,5.289],[-52.594,5.287],[-52.586,5.289]],[[-52.578,5.283],[-52.583,5.284],[-52.584,5.279],[-52.578,5.283]],[[-52.251,4.961],[-52.254,4.96],[-52.252,4.959],[-52.251,4.961]],[[-52.201,4.925],[-52.206,4.934],[-52.207,4.931],[-52.201,4.925]],[[-52.19,4.894],[-52.18,4.89],[-52.18,4.896],[-52.19,4.894]],[[-52.165,4.888],[-52.163,4.891],[-52.165,4.891],[-52.165,4.888]],[[-51.947,4.477],[-51.943,4.492],[-51.948,4.509],[-51.947,4.477]],[[-51.942,4.41],[-51.934,4.444],[-51.94,4.483],[-51.942,4.41]],[[-51.965,4.37],[-51.961,4.374],[-51.968,4.372],[-51.965,4.37]],[[-52.006,4.355],[-52.012,4.349],[-51.989,4.355],[-51.971,4.372],[-52.006,4.355]],[[-51.856,4.665],[-51.855,4.666],[-51.862,4.668],[-51.856,4.665]],[[-51.808,4.624],[-51.813,4.629],[-51.815,4.629],[-51.808,4.624]],[[-51.622,4.161],[-51.625,4.183],[-51.63,4.168],[-51.633,4.141],[-51.622,4.161]],[[-51.658,4.069],[-51.659,4.076],[-51.659,4.072],[-51.658,4.069]],[[-51.644,4.161],[-51.645,4.156],[-51.644,4.155],[-51.644,4.161]],[[-51.656,4.043],[-51.648,4.061],[-51.651,4.057],[-51.656,4.043]],[[-51.661,4.037],[-51.665,4.036],[-51.663,4.036],[-51.661,4.037]],[[-51.698,4.03],[-51.698,4.031],[-51.701,4.03],[-51.698,4.03]],[[-51.724,4.007],[-51.725,4.004],[-51.706,4.009],[-51.694,4.024],[-51.724,4.007]],[[-51.757,4.0],[-51.76,3.994],[-51.741,4.009],[-51.757,4.0]],[[-51.776,3.968],[-51.772,3.977],[-51.778,3.972],[-51.781,3.964],[-51.776,3.968]],[[-51.773,3.968],[-51.772,3.972],[-51.775,3.968],[-51.773,3.968]]]}},{"type":"Feature","properties":{"code":"REU","name":"La R\u00e9union"},"geometry":{"type":"Polygon","coordinates":[[[55.93,-20.967],[55.984,-21.007],[56.021,-21.059],[56.046,-21.122],[56.051,-21.197],[56.042,-21.244],[56.019,-21.29],[56.024,-21.333],[56.018,-21.38],[55.993,-21.439],[55.932,-21.508],[55.889,-21.536],[55.836,-21.558],[55.671,-21.59],[55.572,-21.586],[55.401,-21.539],[55.236,-21.457],[55.172,-21.41],[55.1,-21.312],[55.077,-21.268],[55.067,-21.221],[55.033,-21.175],[55.014,-21.129],[55.002,-21.044],[55.01,-20.983],[55.034,-20.931],[55.074,-20.885],[55.108,-20.812],[55.141,-20.776],[55.179,-20.75],[55.264,-20.723],[55.334,-20.69],[55.448,-20.671],[55.667,-20.707],[55.741,-20.734],[55.798,-20.768],[55.851,-20.82],[55.888,-20.874],[55.93,-20.967]],[[55.738,-21.352],[55.683,-21.371],[55.644,-21.364],[55.575,-21.368],[55.537,-21.355],[55.506,-21.334],[55.434,-21.312],[55.398,-21.278],[55.355,-21.275],[55.296,-21.2],[55.288,-21.144],[55.233,-21.069],[55.226,-21.027],[55.216,-21.036],[55.224,-21.054],[55.221,-21.079],[55.254,-21.11],[55.27,-21.132],[55.272,-21.151],[55.286,-21.161],[55.28,-21.204],[55.293,-21.23],[55.329,-21.257],[55.339,-21.281],[55.392,-21.293],[55.419,-21.322],[55.45,-21.329],[55.484,-21.353],[55.501,-21.351],[55.551,-21.375],[55.586,-21.372],[55.609,-21.388],[55.636,-21.383],[55.647,-21.39],[55.679,-21.376],[55.771,-21.366],[55.8,-21.347],[55.738,-21.352]],[[55.292,-20.947],[55.288,-20.934],[55.277,-20.958],[55.282,-20.972],[55.292,-20.947]],[[55.293,-20.926],[55.294,-20.925],[55.286,-20.924],[55.283,-20.936],[55.293,-20.926]]]}},{"type":"Feature","properties":{"code":"MYT","name":"Mayotte"},"geometry":{"type":"Polygon","coordinates":[[[44.858,-12.882],[44.87,-12.83],[44.85,-12.787],[44.839,-12.736],[44.845,-12.646],[44.859,-12.61],[44.892,-12.562],[44.955,-12.497],[45.005,-12.465],[45.082,-12.446],[45.122,-12.449],[45.178,-12.466],[45.228,-12.498],[45.257,-12.53],[45.346,-12.552],[45.399,-12.578],[45.443,-12.618],[45.472,-12.668],[45.49,-12.72],[45.496,-12.771],[45.487,-12.838],[45.469,-12.889],[45.437,-12.937],[45.391,-12.975],[45.38,-13.034],[45.344,-13.1],[45.302,-13.141],[45.252,-13.172],[45.193,-13.188],[45.122,-13.19],[45.043,-13.176],[44.987,-13.152],[44.925,-13.097],[44.889,-13.049],[44.869,-12.994],[44.858,-12.882]]]}}]}