tree
version=v4
num_class=1
num_tree_per_iteration=1
label_index=0
max_feature_idx=8
objective=binary sigmoid:1
feature_names=Column_0 Column_1 Column_2 Column_3 Column_4 Column_5 Column_6 Column_7 Column_8
feature_infos=[-13.510833333333331:30.930833333333339] [-40.799999999999997:24.960000000000004] [5.0000000000000027:49.000000000000014] [0.14612803567823801:3.8410765236843449] [11.5137591642186:97.809829534612774] [-5:6164.322265625] [4:9] [0.20000000000000001:436.80000000000001] [1.4000000000000001:66.5]
tree_sizes=1723 1725 1722 1729 1724 1721 1721 1714 1724 1733 1727 1723 1731 1726 1724 1726 1728 1735 1728 1717 1736 1725 1729 1725 1738 1729 1716 1732 1732 1728 1730 1733 1734 1727 1726 1734 1728 1730 1733 1729 1734 1728 1737 1718 1724 1708 1725 1729 1734 1733 1734 1735 1738 1725 1733 1723 1730 1731 1733 1729 1726 1738 1730 1734 1733 1739 1739 1731 1734 1730 1737 1731 1740 1735 1742 1731 1742 1737 1739 1728 1731 1732 1737 1739 1735 1732 1737 1738 1732 1731 1730 1735 1732 1735 1734 1733 1733 1746 1725 1744 1744 1734 1734 1732 1730 1734 1743 1731 1739 1735 1746 1739 1748 1737 1745 1741 1739 1724 1736 1740 1728 1731 1748 1742 1724 1733 1739 1726 1738 1745 1737 1742 1747 1735 1736 1738 1742 1746 1742 1742 1732 1747 1738 1736 1739 1743 1733 1732 1742 1746 1732 1749 1732 1739 1736 1737 1733 1738 1731 1737 1734 1741 1744 1736 1744 1737 1743 1739 1743 1730 1721 1727 1738 1730 1748 1738 1738 1730 1738 1749 1735 1723 1739 1739 1736 1737 1735 1739 1747 1742 1732 1733 1727 1745 1737 1730 1719 1726 1739 1727 1724 1732 1720 1724 1727 1728 1727 1720 1731 1735 1723 1733 1733 1726 1728 1723 1737 1715 1747 1735 1738 1715 1732 1750 1730 1732 1740 1742 1739 1724 1727 1729 1735 1742 1721 1736 1728 1727 1739 1734 1737 1736 1732 1728 1733 1725 1735 1728 1732 1723 1744 1726 1734 1734 1721 1730 1725 1730 1730 1722 1736 1733 1731 1739 1730 1741 1736 1727 1730 1740 1736 1729 1718 1723 1726 1738 1718 1729 1720 1747 1731 1718 1741 1730 1730 1731 1734 1728 1745 1728 1722 1729 1728 1729 1720 1729 1730 1732 1719 1725 1749 1722 1729 1739 1746 1727 1725 1730 1726 1732 1731 1734 1721 1735 1745 1718 1711 1722 1723 1733 1716 1732 1738 1731 1730 1724 1732 1726 1716 1728 1743 1715 1720 1723 1708 1746 1728 1720 1741 1724 1730 1726 1740 1729 1731 1706 1733 1728 1724 1731 1745 1728 1734 1745 1714 1720 1734 1714 1739 1743 1727 1735 1715 1729 1731 1722 1725 1719 1715 1728 1741 1725 1743 1723 1741 1716 1734 1714 1738 1725 1734 1722 1727 1729 1723 1734 1728 1725 1749 1724 1718 1728 1728 1722 1738 1728 1732 1728 1716 1740

Tree=0
num_leaves=15
num_cat=0
split_feature=0 1 4 2 6 5 0 5 0 1 1 2 1 4
split_gain=3421.19 2149.71 1228.84 382.332 230.488 161.218 157.451 168.229 125.286 86.0327 83.4441 71.8814 64.242 62.4195
threshold=16.722916666666674 -13.839999999999995 60.845749082720452 28.680000000000007 6.3500000000000014 821.58520507812511 1.6875000000000033 293.93762207031256 19.772500000000008 -1.5599999999999976 3.4800000000000031 16.430000000000007 0.42000000000000032 54.462871437503409
decision_type=2 2 2 2 2 2 2 2 2 2 2 2 2 2
left_child=1 6 13 5 12 11 -1 -8 10 -6 -2 -4 -5 -3
right_child=8 2 3 4 9 -7 7 -9 -10 -11 -12 -13 -14 -15
leaf_value=-0.058547890318332782 -0.052034488847457441 -0.045351111757427995 -0.034909683877860372 -0.027610451222586752 0.0079732588806368989 0.011817322442914179 0.001618117895368743 -0.04513418942432898 -0.058410688054524713 0.044526624127488833 -0.018435315201778497 0.049769140094366691 0.019137607453294479 -0.012804476418945103
leaf_weight=210.50432521104813 121.76096522808075 150.09790652990341 8.4263190627098066 113.11354380846024 94.404007077217102 113.38336879014969 126.01441502571106 152.64247876405716 614.29120624065399 151.2146789431572 149.07483369112015 1320.3576155304909 33.660307168960571 83.29820328950882
leaf_count=966 551 669 37 484 370 440 502 680 2817 537 624 4623 128 344
internal_value=-8.76239e-05 0.0175099 0.0308873 0.0391359 0.0128393 0.046277 -0.0389915 -0.0240616 -0.0508889 0.0305666 -0.0336765 0.0492063 -0.0168326 -0.0338395
internal_weight=3442.24 2557.12 2067.96 1834.56 392.393 1442.17 489.161 278.657 885.127 245.619 270.836 1328.78 146.774 233.396
internal_count=13772 9780 7632 6619 1519 5100 2148 1182 3992 907 1175 4660 612 1013
is_linear=0
shrinkage=1


Tree=1
num_leaves=15
num_cat=0
split_feature=0 1 4 4 0 7 1 0 3 0 0 1 3 0
split_gain=3267.81 2045.2 1156.93 294.988 144.127 154.036 124.286 212.708 111.384 98.5795 80.1883 74.6506 60.5435 51.6214
threshold=16.722916666666674 -13.839999999999995 59.599562818540527 71.892432826269314 2.0920833333333362 31.150000000000006 -2.2499999999999982 11.32083333333334 3.0769170220969655 18.735000000000003 3.3720833333333364 3.3700000000000037 3.1430897791597725 11.538750000000004
decision_type=2 2 2 2 2 2 2 2 2 2 2 2 2 2
left_child=1 4 -3 6 -1 -6 7 -4 10 11 -5 -2 -8 -10
right_child=9 2 3 8 5 -7 12 -9 13 -11 -12 -13 -14 -15
leaf_value=-0.055104514514546565 -0.051792388433441638 -0.036250928453555945 0.022845470933714817 -0.026100782599230304 -0.048749986814043002 -0.0024515075327624113 0.036567397438168003 -0.033686255898755228 0.032494255711515686 -0.055306212440902655 0.050334375026028486 -0.013479581749837511 -0.016783520624433571 -0.0063855787745436664
leaf_weight=231.31503744423389 81.659583136439323 211.56418210268021 199.5138164460659 11.925020217895506 113.18309092521667 149.4176804125309 301.3028380125761 84.443769872188568 113.34288612008095 694.30756674706936 1073.3336737006903 104.77076315879822 19.879201576113701 41.633598059415817
leaf_count=1058 371 926 751 51 510 602 1092 367 415 3176 3739 434 83 169
internal_value=-0.000295922 0.0169077 0.0300702 0.0376892 -0.0378585 -0.0225158 0.0204681 0.00597476 0.0460685 -0.0500848 0.0494712 -0.030448 0.0332235 0.0220754
internal_weight=3431.59 2550.85 2056.94 1845.37 493.916 262.601 605.14 283.958 1240.24 880.738 1085.26 186.43 321.182 154.976
internal_count=13744 9763 7593 6667 2170 1112 2293 1118 4374 3981 3790 805 1175 584
is_linear=0
shrinkage=0.03


Tree=2
num_leaves=15
num_cat=0
split_feature=0 1 4 4 0 5 0 5 6 3 4 1 7 0
split_gain=3046.08 1937.43 1082.18 230.172 148.186 167.17 108.057 106.746 102.127 82.3036 75.8851 74.8402 118.794 74.7114
threshold=16.722916666666674 -13.839999999999995 60.845749082720452 71.892432826269314 1.6875000000000033 293.93762207031256 19.772500000000008 821.58520507812511 5.8500000000000014 3.1077389437166336 54.462871437503409 -4.119999999999993 29.550000000000004 3.182083333333336
decision_type=2 2 2 2 2 2 2 2 2 2 2 2 2 2
left_child=1 4 10 8 -1 -6 -2 9 -4 13 -3 12 -10 -5
right_child=6 2 3 7 5 -7 -8 -9 11 -11 -12 -13 -14 -15
leaf_value=-0.05518673235688256 -0.031996209870955854 -0.044526507829156195 -0.00030364734825090304 -0.040881737092459375 0.0027960113597460794 -0.042958005538017159 -0.055008565565259043 -0.0041498808410105077 -0.022687594156417971 0.02073330760040186 -0.0081166805576190475 0.037484972443063619 0.032156812894620718 0.049346229601495879
leaf_weight=212.28581723570824 270.40969333052635 148.66044759750366 142.73379771411419 7.6181594580411902 132.07498222589493 156.35914328694344 610.58938540518284 38.940233930945396 56.4481320977211 106.16044028103352 79.358558714389801 298.39882938563824 92.519562348723412 1082.9991314560175
leaf_count=977 1176 666 571 34 525 698 2808 157 239 401 325 1077 339 3775
internal_value=8.06302e-05 0.0166711 0.0295703 0.037266 -0.0361921 -0.0220698 -0.0479895 0.0446302 0.0217954 0.0462195 -0.0319454 0.0288311 0.011362 0.0486791
internal_weight=3435.56 2554.56 2053.84 1825.82 500.72 288.434 880.999 1235.72 590.1 1196.78 228.019 447.367 148.968 1090.62
internal_count=13768 9784 7584 6593 2200 1223 3984 4367 2226 4210 991 1655 578 3809
is_linear=0
shrinkage=0.03


Tree=3
num_leaves=15
num_cat=0
split_feature=0 1 3 5 0 1 0 1 0 5 0 5 1 1
split_gain=2965.96 1809.16 769.079 238.823 196.248 164.265 325.789 162.913 143.607 166.003 91.513 86.2631 71.6891 67.0431
threshold=16.722916666666674 -13.589999999999996 2.6117657714122742 1594.5361938476565 14.511250000000006 -4.119999999999993 10.615000000000004 -0.59999999999999842 1.9095833333333367 312.47671508789068 19.478750000000005 289.33708190917974 3.3700000000000037 -9.4199999999999928
decision_type=2 2 2 2 2 2 2 2 2 2 2 2 2 2
left_child=1 8 -3 4 5 6 11 -6 -1 -10 12 -4 -2 -13
right_child=10 2 3 -5 7 -7 -8 -9 9 -11 -12 13 -14 -15
leaf_value=-0.052951682409049773 -0.049613347333532204 -0.03191064566009949 0.041103684966977437 -0.021903757705625963 -0.052229352808680109 0.046461137955693461 -0.032009056377322882 0.020348282898388227 0.0036018827987076927 -0.04261032109384795 -0.053418966485880626 -0.033903691310789248 -0.016961371932113563 0.025093108227037815
leaf_weight=219.09388792514801 109.84260049462318 170.8114860355854 392.83482649922371 64.741705596446991 33.393723219633102 1089.4338727295399 73.981579080224037 145.19142062962055 134.39823573827744 144.58579628169537 635.45465016365051 24.367583870887756 136.91080261766911 53.87230721116066
leaf_count=1010 501 744 1401 274 152 3829 321 549 533 648 2932 106 575 201
internal_value=4.70018e-06 0.0164278 0.0288947 0.0344398 0.0364627 0.0397236 0.0261966 0.00656169 -0.0348044 -0.0204146 -0.0473696 0.0353862 -0.031638 0.00652275
internal_weight=3428.91 2546.71 2048.63 1877.82 1813.08 1634.49 545.056 178.585 498.078 278.984 882.208 471.075 246.753 78.2399
internal_count=13776 9768 7577 6833 6559 5858 2029 701 2191 1181 4008 1708 1076 307
is_linear=0
shrinkage=0.03


Tree=4
num_leaves=15
num_cat=0
split_feature=0 4 0 4 0 3 0 5 3 7 3 5 3 0
split_gain=2738.15 1357.1 1279.41 254.842 184.321 97.5901 92.3439 77.9648 77.3774 108.559 69.8252 60.6045 59.2492 79.3405
threshold=16.722916666666674 60.845749082720452 4.6191666666666702 71.892432826269314 2.0920833333333362 3.0556573214048552 19.635416666666671 97.894454956054702 2.992168973336701 32.150000000000013 2.6117657714122742 1118.3176879882815 2.5393897166869195 10.899166666666671
decision_type=2 2 2 2 2 2 2 2 2 2 2 2 2 2
left_child=1 12 4 8 -3 11 -2 -6 10 -10 -4 -5 -1 -14
right_child=6 2 3 5 7 -7 -8 -9 9 -11 -12 -13 13 -15
leaf_value=-0.047198720341892743 -0.03031424621865441 -0.048075185371337155 -0.0066179617192129413 0.047331447987987184 0.031234304870904346 0.022091295523987694 -0.052004682988660601 -0.016330554308623155 -0.024101631256558616 0.023228550661916647 0.030325259007747393 -0.024526108563616852 -0.043793968840646499 -0.0011094721467070554
leaf_weight=215.23114606738091 255.62937533855438 185.26167012751102 51.775245040655136 1021.8016050308943 40.602940320968628 173.45942530035973 614.08567084372044 120.98638580739498 76.739002913236618 98.372425884008408 392.93015311658382 10.102841079235075 78.23450568318367 77.657039627432823
leaf_count=980 1116 850 211 3582 149 652 2848 506 327 369 1446 43 353 314
internal_value=0.000247997 0.0159635 0.0250234 0.0350589 -0.0277338 0.0430984 -0.0456715 -0.00426022 0.01938 0.00246799 0.0260189 0.0466049 -0.0369854 -0.0226734
internal_weight=3412.87 2543.15 2172.03 1825.18 346.851 1205.36 869.715 161.589 619.817 175.111 444.705 1031.9 371.123 155.892
internal_count=13746 9782 8135 6630 1505 4277 3964 655 2353 696 1657 3625 1647 667
is_linear=0
shrinkage=0.03


Tree=5
num_leaves=15
num_cat=0
split_feature=0 0 4 2 6 0 3 0 4 6 0 3 3 3
split_gain=2599.05 1336.31 1207.56 334.777 197.497 164.665 92.2142 81.7594 61.8485 59.2056 53.8521 50.9213 47.0421 46.116
threshold=16.722916666666674 4.6191666666666702 61.625391831882332 28.680000000000007 6.2500000000000009 2.0920833333333362 2.5393897166869195 19.772500000000008 67.013076544834476 4.8500000000000014 10.899166666666671 3.021156207445225 2.618100417062156 2.928646727972795
decision_type=2 2 2 2 2 2 2 2 2 2 2 2 2 2
left_child=1 5 6 8 -5 -1 -3 13 -4 -7 -8 -10 -6 -2
right_child=7 2 3 4 12 9 10 -9 11 -11 -12 -13 -14 -15
leaf_value=-0.048667806888166305 -0.021114946428415639 -0.044838209339044671 0.0093977362090237136 -0.020305411867081468 -0.0037424601446037825 0.026840782671413509 -0.036968004794407698 -0.05087887103782579 0.045546216221227932 -0.018590550601875908 0.0022031961489032796 0.030491391193505232 0.030211380901741771 -0.047332376110167385
leaf_weight=243.7137850522995 171.04084135591984 166.50346900522709 52.714940264821053 127.66782507300377 43.473178282380104 29.88852921128273 47.681092917919159 594.0961826145649 1106.3668605983257 158.51700387895107 89.661801785230637 258.52491366863251 228.54857294261456 95.307055979967117
leaf_count=1129 734 758 205 538 176 111 212 2774 3904 669 359 950 841 435
internal_value=0.000405558 0.0156028 0.0253988 0.0346535 0.0103718 -0.0324301 -0.0298854 -0.0446563 0.0414875 -0.0112797 -0.0115647 0.0427191 0.0247912 -0.0306383
internal_weight=3413.71 2553.26 2121.14 1817.3 399.69 432.119 303.846 860.444 1417.61 188.406 137.343 1364.89 272.022 266.348
internal_count=13795 9852 7943 6614 1555 1909 1329 3943 5059 780 571 4854 1017 1169
is_linear=0
shrinkage=0.03


Tree=6
num_leaves=15
num_cat=0
split_feature=0 1 4 2 6 0 7 4 0 1 0 1 8 2
split_gain=2462.5 1508.16 896.952 313.339 224.613 118.402 122.962 94.7785 78.5815 74.9135 68.8114 58.638 54.5168 45.7028
threshold=16.857916666666675 -13.839999999999995 59.245239167123209 28.870000000000005 6.3500000000000014 1.6875000000000033 31.150000000000006 67.415453573354412 19.772500000000008 -1.5599999999999976 3.182083333333336 3.7000000000000046 26.150000000000006 15.850000000000007
decision_type=2 2 2 2 2 2 2 2 2 2 2 2 2 2
left_child=1 5 -3 7 -5 -1 -7 -4 11 -6 -9 -2 -8 -12
right_child=8 2 3 4 9 6 12 10 -10 -11 13 -13 -14 -15
leaf_value=-0.050033667631396141 -0.045301839511728254 -0.032023673170055562 0.0065660938727168973 -0.021017498909075987 0.0039991715431892151 -0.044082546875798649 -0.021173399575859418 -0.02261459153002365 -0.049993556217907728 0.037893334177128146 -0.04169636465022443 -0.016190588778004836 0.013051007890674354 0.042113593847072042
leaf_weight=204.99609263241291 116.95873710513115 213.43981705605984 76.01072034239769 141.66724821925163 91.069191381335258 111.56899012625217 79.743925765156746 14.522193804383276 596.51810583472252 165.38213576376438 5.1316395550966254 135.68309912085533 86.09266123175621 1357.1079087853432
leaf_count=964 537 944 298 599 360 510 339 62 2808 596 23 575 335 4844
internal_value=0.000185539 0.0149384 0.026098 0.0328142 0.00920645 -0.032772 -0.0198822 0.0392728 -0.0440256 0.0259194 0.0410725 -0.0297929 -0.00343436 0.0417675
internal_weight=3395.89 2546.73 2064.33 1850.89 398.119 482.402 277.406 1452.77 849.16 256.451 1376.76 252.642 165.837 1362.24
internal_count=13794 9874 7726 6782 1555 2148 1184 5227 3920 956 4929 1112 674 4867
is_linear=0
shrinkage=0.03


Tree=7
num_leaves=15
num_cat=0
split_feature=2 4 5 3 6 2 6 2 3 3 2 7 8 4
split_gain=2048.48 884.551 280.98 202.381 145.77 131.193 177.554 115.53 134.374 112.003 166.627 81.951 60.6925 68.1039
threshold=31.530000000000001 62.622803640618848 220.88405609130862 2.7323937571421388 5.6500000000000012 28.680000000000007 6.5500000000000016 34.070000000000014 2.9615966742688715 2.7464862939613948 25.11000000000001 12.950000000000001 29.250000000000004 78.838038577037594
decision_type=2 2 2 2 2 2 2 2 2 2 2 2 2 2
left_child=1 -1 5 -4 12 9 -7 8 11 10 -3 -2 13 -5
right_child=7 2 3 4 -6 6 -8 -9 -10 -11 -12 -13 -14 -15
leaf_value=-0.039146978767755601 -0.038991380958065626 -0.019028928219988372 -0.026887828889271104 0.013189099675521534 0.024748735522457769 -0.022890207953262128 0.032978990230481703 -0.043571094230601237 -0.045021663236092739 0.039327221189464294 0.033880285571270055 0.001661072895924848 -0.042049125236057576 -0.022527341828223038
leaf_weight=238.98398353159428 58.50209067761898 80.292018681764603 127.15950112044811 148.26156124472618 431.41048555076122 91.26763691008091 114.11459267139435 625.5017776042223 146.63036100566387 865.53679955005646 156.8737178593874 178.25488123297691 31.825516074895859 69.862815886735916
leaf_count=1085 266 347 560 578 1624 393 418 2913 681 3131 575 721 145 303
internal_value=0.000134159 0.0154536 0.0216341 0.00771775 0.014206 0.0302232 0.00816125 -0.0356141 -0.0225525 0.0343212 0.0159633 -0.0085058 -0.00401678 0.00169892
internal_weight=3364.48 2355.59 2116.6 808.52 681.36 1308.08 205.382 1008.89 383.387 1102.7 237.166 236.757 249.95 218.124
internal_count=13740 9159 8074 3210 2650 4864 811 4581 1668 4053 922 987 1026 881
is_linear=0
shrinkage=0.03


Tree=8
num_leaves=15
num_cat=0
split_feature=0 0 4 2 6 0 5 5 3 0 0 0 3 3
split_gain=2259.18 1155.08 1052.71 287.308 205.45 135.582 89.8777 87.944 84.9287 73.8321 52.8746 47.9731 45.2353 44.8889
threshold=16.722916666666674 4.6191666666666702 61.886141877704979 28.870000000000005 6.3500000000000014 2.0920833333333362 802.19177246093761 110.63917160034181 2.5393897166869195 19.772500000000008 13.206250000000006 10.899166666666671 2.618100417062156 2.9421122609584889
decision_type=2 2 2 2 2 2 2 2 2 2 2 2 2 2
left_child=1 5 8 6 -5 -1 -4 -7 -3 13 -8 -10 -6 -2
right_child=9 2 3 4 12 7 10 -9 11 -11 -12 -13 -14 -15
leaf_value=-0.045461182987339102 -0.019953271177280959 -0.041006518486109124 0.040902759830068469 -0.021627015195546381 -0.0036158966293888305 0.024201198438092035 0.019953349754943828 -0.023084763292967971 -0.03276837160541813 -0.048029584696483163 -0.042273150676470597 0.0038453237513562289 0.031176960616083882 -0.045788747940404578
leaf_weight=238.03125759959221 179.97528769075871 173.35558858513832 1310.0167717784643 127.80294170975685 40.191830486059189 46.385225921869278 88.328781887888908 139.81648774445057 49.461862802505493 578.54438485205173 13.295457169413565 88.535464003682137 199.08161787688732 92.781977131962776
leaf_count=1120 780 799 4721 543 163 174 334 601 221 2768 59 355 732 430
internal_value=0.000277914 0.0145812 0.0237422 0.0326488 0.00897468 -0.0305023 0.0387942 -0.0112389 -0.0270815 -0.0419341 0.0114797 -0.00941932 0.0253419 -0.0288767
internal_weight=3365.6 2514.3 2090.07 1778.72 367.076 424.233 1411.64 186.202 311.353 851.302 101.624 137.997 239.273 272.757
internal_count=13800 9822 7927 6552 1438 1895 5114 775 1375 3978 393 576 895 1210
is_linear=0
shrinkage=0.03


Tree=9
num_leaves=15
num_cat=0
split_feature=0 1 4 2 0 7 6 1 0 3 0 1 0 2
split_gain=2094.82 1380.72 532.168 244.558 208.671 260.353 190.4 123.911 91.1091 90.0148 81.5587 62.8448 55.1588 47.4473
threshold=16.722916666666674 -10.519999999999992 64.742937764545658 29.390000000000004 2.0920833333333362 32.150000000000013 6.4500000000000011 -2.2499999999999982 5.1554166666666701 2.5556022371618456 19.478750000000005 3.4800000000000031 14.740000000000004 28.980000000000008
decision_type=2 2 2 2 2 2 2 2 2 2 2 2 2 2
left_child=1 4 7 12 -1 -6 -5 -3 -7 -9 11 -2 -4 -13
right_child=10 2 3 6 5 8 -8 9 -10 -11 -12 13 -14 -15
leaf_value=-0.046352099562878883 -0.043239071920175474 -0.028562176993934856 0.040027370695373862 -0.025009882570307451 -0.040797002088923229 -0.0085938961981451602 0.029455090583411399 -0.038587142497341978 0.02644621794191155 0.022418396058772279 -0.046851795154075483 -0.04105518602108936 -0.00046530877749067465 -0.0015172458761039955
leaf_weight=230.81523901224136 106.21826410293579 153.57201531529427 1287.3361685276031 101.53770032525063 162.99901233613491 147.8049396276474 131.35636691749096 26.085542410612106 120.29941004514694 110.65692000091076 600.61298342049122 36.705355614423752 30.981619656085968 99.441678047180176
leaf_count=1101 497 679 4669 436 750 609 486 120 451 419 2899 166 124 410
internal_value=-2.94893e-05 0.0137453 0.0270992 0.0340726 -0.0233916 -0.0110195 0.00570392 -0.0101502 0.00716858 0.0105851 -0.0409052 -0.0260366 0.0390761 -0.0123983
internal_weight=3346.42 2503.44 1841.53 1551.21 661.919 431.103 232.894 290.314 268.104 136.742 842.978 242.365 1318.32 136.147
internal_count=13816 9844 6933 5715 2911 1810 922 1218 1060 539 3972 1073 4793 576
is_linear=0
shrinkage=0.03


Tree=10
num_leaves=15
num_cat=0
split_feature=0 1 2 5 1 5 0 0 7 6 1 0 7 0
split_gain=1984.06 1226.87 483.625 259.233 245.997 244.16 197.967 83.6796 77.481 74.1845 71.5308 66.0421 63.8819 60.6259
threshold=16.722916666666674 -10.769999999999996 29.460000000000008 1049.7723388671877 -1.5599999999999976 276.22181701660162 2.0920833333333362 19.478750000000005 45.250000000000007 5.6500000000000012 3.5900000000000025 12.582916666666671 33.250000000000007 5.1554166666666701
decision_type=2 2 2 2 2 2 2 2 2 2 2 2 2 2
left_child=1 5 3 -3 11 6 -1 10 -5 -6 -2 -4 -8 -14
right_child=7 2 4 8 9 -7 12 -9 -10 -11 -12 -13 13 -15
leaf_value=-0.044583097155670028 -0.042710499022071927 0.03859009893408015 -0.0071537740570247399 -0.033747198118504303 -0.031664790545666371 -0.040566804285454248 -0.032092556011772744 -0.045805223207469214 0.015092419905231202 0.027163061221711065 -0.010234722316000745 -0.039627207900348231 0.00069045770905520215 0.034078392128228663
leaf_weight=75.563059985637665 110.60676804184914 1267.4131818860769 114.51754929125309 55.078560322523117 20.55562287569046 327.53204998373985 25.886400833725929 598.94279351830482 60.197714537382126 195.50690025091171 136.6044646948576 111.03477850556374 98.590082481503487 96.288352131843567
leaf_count=362 522 4641 476 245 90 1534 115 2922 232 733 576 503 394 354
internal_value=-0.000153773 0.0135348 0.025951 0.0346749 -0.00138006 -0.0227564 -0.00300032 -0.0397279 -0.00833251 0.0214462 -0.0248785 -0.0232441 0.0113694 0.017277
internal_weight=3294.32 2448.16 1824.3 1382.69 441.615 623.86 296.328 846.154 115.276 216.063 247.211 225.552 220.765 194.878
internal_count=13699 9679 6920 5118 1802 2759 1225 4020 477 823 1098 979 863 748
is_linear=0
shrinkage=0.03


Tree=11
num_leaves=15
num_cat=0
split_feature=0 0 4 4 0 3 0 5 6 3 5 3 7 0
split_gain=1861.2 964.871 911.126 194.375 110.573 83.3893 83.0907 82.0275 75.9015 66.5896 54.0125 52.673 45.2016 44.595
threshold=16.722916666666674 4.6191666666666702 61.625391831882332 72.366455604023699 1.9095833333333367 3.0769170220969655 19.478750000000005 117.28497695922853 5.8500000000000014 2.5556022371618456 1144.661804199219 2.618100417062156 39.150000000000013 10.899166666666671
decision_type=2 2 2 2 2 2 2 2 2 2 2 2 2 2
left_child=1 4 9 8 -1 10 -2 -6 12 -3 -5 -10 -4 -11
right_child=6 2 3 5 7 -7 -8 -9 11 13 -12 -13 -14 -15
leaf_value=-0.043732087758445122 -0.024196137274023217 -0.038862373375668356 -0.019142844178954423 0.041196213248346776 0.019548945263682137 0.015355987085874542 -0.045239978528387875 -0.024285886053049186 -0.0070868843323351046 -0.034595006747371967 -0.031803514705002423 0.025469870346479264 0.014342410777950641 0.0018665236612872118
leaf_weight=216.09024153649807 243.51153630018234 169.8758270740509 72.8662940710783 958.91515961289406 51.935780793428421 136.91246327757835 582.53440621495247 140.17996978759766 49.425460427999496 44.631169617176056 8.5234501212835294 433.88016721606255 70.331192627549171 88.934523791074753
leaf_count=1049 1087 798 311 3517 198 530 2877 612 203 204 37 1634 272 359
internal_value=-0.000173281 0.0129931 0.0214398 0.0298454 -0.0290505 0.0374178 -0.0390732 -0.0123959 0.0164589 -0.0264464 0.0405209 0.0221327 -0.00271121 -0.0104837
internal_weight=3268.55 2442.5 2034.3 1730.85 408.206 1104.35 826.046 192.116 626.503 303.442 967.439 483.306 143.197 133.566
internal_count=13688 9724 7865 6504 1859 4084 3964 810 2420 1361 3554 1837 583 563
is_linear=0
shrinkage=0.03


Tree=12
num_leaves=15
num_cat=0
split_feature=0 1 4 2 6 1 1 4 3 2 0 1 3 1
split_gain=1810.04 1198.54 591.49 174.094 137.925 133.541 106.712 101.743 85.4359 84.5442 81.6442 50.4719 47.3635 46.6569
threshold=16.492916666666673 -13.309999999999997 65.251985199477886 28.870000000000005 6.4500000000000011 -2.1799999999999966 -20.869999999999994 62.402036062599194 2.5556022371618456 24.490000000000013 19.772500000000008 3.7000000000000046 2.5473808314219206 -3.9799999999999964
decision_type=2 2 2 2 2 2 2 2 2 2 2 2 2 2
left_child=1 6 5 13 -5 -3 -1 -8 -7 -9 11 -2 -11 -4
right_child=10 2 3 4 -6 8 7 9 -10 12 -12 -13 -14 -15
leaf_value=-0.044859802731949734 -0.037775718485844358 -0.027093990478797781 0.027863655058469366 -0.016544857599707863 0.028332605317003538 -0.040964125252428582 -0.040436383610667738 -0.033384799964341287 0.021885020486400696 -0.025571486668500055 -0.044542196550601168 -0.012587963540032924 0.018296694067365282 0.040001649405772922
leaf_weight=203.62811727821827 138.22941157221794 205.23359106481075 438.41155761480331 109.27131649851799 138.93077307939529 22.529886618256569 103.71858558058739 58.872571304440498 112.78376433253288 26.884933203458786 558.64489437639713 150.5352305918932 107.80599063634872 885.65248627960682
leaf_count=997 652 918 1665 461 519 106 498 269 428 117 2799 644 415 3269
internal_value=-0.000134882 0.0131091 0.023926 0.0316865 0.00858813 -0.0118912 -0.0281626 -0.0166136 0.0111968 -0.00370626 -0.0378294 -0.0247339 0.00941648 0.0360067
internal_weight=3261.13 2413.72 1912.81 1572.27 248.202 340.547 500.91 297.282 135.314 193.563 847.41 288.765 134.691 1324.06
internal_count=13757 9662 7366 5914 980 1452 2296 1299 534 801 4095 1296 532 4934
is_linear=0
shrinkage=0.03


Tree=13
num_leaves=15
num_cat=0
split_feature=0 0 4 2 3 0 5 5 0 3 3 2 3 4
split_gain=1728.83 881.931 827.118 260.478 159.644 104.454 97.6743 70.6214 65.1441 52.5521 50.8252 41.2478 41.2347 39.2621
threshold=16.857916666666675 4.6191666666666702 60.845749082720452 28.680000000000007 2.9897211630823897 1.6875000000000033 1594.5361938476565 97.894454956054702 19.478750000000005 2.5393897166869195 2.618100417062156 31.780000000000001 3.0769170220969655 67.013076544834476
decision_type=2 2 2 2 2 2 2 2 2 2 2 2 2 2
left_child=1 5 9 6 10 -1 12 -7 -2 -3 -5 -11 13 -4
right_child=8 2 3 4 -6 7 -8 -9 -10 11 -12 -13 -14 -15
leaf_value=-0.042765498058745063 -0.024417195708678004 -0.038656631827156285 0.0046456023913950435 -0.0096989854471065794 -0.020899485753205653 0.023220999900157815 -0.018388411428724466 -0.02109684072752235 -0.043612781767003242 -0.030362878928620357 0.024917190548092358 0.0050789097315316351 0.021504031886094878 0.038901216397266118
leaf_weight=205.3675971031189 226.47293475270271 159.62040390074253 31.249080881476402 44.564097464084625 123.98605141043663 39.57746322453022 29.886822253465652 160.69304415583611 575.05768986046314 56.162156462669373 247.06128932535648 60.684863939881325 160.68504557013512 1111.2821152806282
leaf_count=1023 1023 765 124 185 532 150 125 703 2914 255 933 245 615 4151
internal_value=-4.59833e-05 0.012554 0.0206415 0.0282645 0.0075056 -0.027775 0.0347259 -0.0122669 -0.0382262 -0.0275036 0.0196123 -0.0120692 0.0359571 0.0379692
internal_weight=3232.35 2430.82 2025.18 1748.71 415.611 405.638 1333.1 200.271 801.531 276.467 291.625 116.847 1303.22 1142.53
internal_count=13743 9806 7930 6665 1650 1876 5015 853 3937 1265 1118 500 4890 4275
is_linear=0
shrinkage=0.03


Tree=14
num_leaves=15
num_cat=0
split_feature=0 1 4 2 6 1 5 5 0 6 1 2 0 1
split_gain=1688.8 1039.85 563.262 212.611 173.835 107.53 122.242 91.0567 61.4077 60.9024 58.4295 52.7008 52.4356 49.2761
threshold=16.857916666666675 -13.309999999999997 60.845749082720452 28.680000000000007 6.4500000000000011 -20.869999999999994 354.11683654785162 764.31665039062511 18.735000000000003 5.3500000000000014 0.060000000000003703 16.430000000000007 13.206250000000006 3.0000000000000049
decision_type=2 2 2 2 2 2 2 2 2 2 2 2 2 2
left_child=1 5 -3 7 10 -1 9 11 13 -7 -5 -4 -9 -2
right_child=8 2 3 4 -6 6 -8 12 -10 -11 -12 -13 -14 -15
leaf_value=-0.043981436080544993 -0.040776398749374741 -0.023097236563701277 -0.038758266212410165 -0.027691154014796025 0.024826890649590646 -0.036034114304804091 -0.035927384665006272 0.016508461314094159 -0.04217990065579548 0.011499625899280183 0.013498362917355868 0.036872490747824005 -0.042309875552839354 -0.0077153903806340051
leaf_weight=192.17280061542988 68.832408770918846 216.3202318996191 7.5839213281869879 110.44752982258797 232.07027167081833 28.753022581338882 135.53264072537422 109.96352930366993 625.09401093423367 130.47291928529739 42.235957756638527 1201.6902273595333 14.585345372557638 98.267800331115723
leaf_count=964 336 976 34 483 879 133 650 424 3186 515 164 4542 65 419
internal_value=0.000145202 0.012584 0.0224445 0.0281871 0.00851298 -0.0265642 -0.0150984 0.0338516 -0.0378495 0.00274466 -0.0162834 0.0363665 0.00933838 -0.0214955
internal_weight=3214.02 2421.83 1934.9 1718.58 384.754 486.931 294.759 1333.82 792.194 159.226 152.683 1209.27 124.549 167.1
internal_count=13770 9829 7567 6591 1526 2262 1298 5065 3941 648 647 4576 489 755
is_linear=0
shrinkage=0.03


Tree=15
num_leaves=15
num_cat=0
split_feature=0 1 2 5 1 0 5 0 6 7 1 1 7 0
split_gain=1507.68 1044.56 427.834 263.355 250.025 78.7768 80.993 74.0503 69.3818 67.4201 57.2541 56.0913 55.1046 54.4253
threshold=16.722916666666674 -13.839999999999995 29.390000000000004 1024.3920898437502 -1.5599999999999976 2.0920833333333362 218.15094757080081 19.772500000000008 5.5500000000000016 46.45000000000001 -5.0199999999999934 3.3700000000000037 25.050000000000004 9.7670833333333391
decision_type=2 2 2 2 2 2 2 2 2 2 2 2 2 2
left_child=1 5 3 10 12 -1 -7 11 -6 -5 13 -2 -4 -3
right_child=7 2 4 9 8 6 -8 -9 -10 -11 -12 -13 -14 -15
leaf_value=-0.042355393143607444 -0.038972869856605918 0.027144838780672084 -0.03254133057502491 -0.030810612422973775 -0.034242845808336642 0.0048045573691747534 -0.030564570191439586 -0.042519397578114897 0.025353061547368477 0.011500368008957425 0.037628912682538124 -0.01093144567794197 -0.0027452531568161551 -0.012807113907947688
leaf_weight=212.95414319634438 111.81543162465096 338.81046152114868 177.29383306205273 69.418636992573738 18.392988160252571 92.572983056306839 155.14634329080582 535.86654129624367 201.2525335252285 64.574729472398758 926.51944057643414 151.62181794643402 81.635486930608749 33.153977125883102
leaf_count=1090 550 1314 813 314 82 368 725 2800 766 254 3523 656 336 139
internal_value=-0.0004949 0.0115152 0.02129 0.0294896 -0.00326357 -0.0289925 -0.0173809 -0.0361017 0.02023 -0.0104858 0.0336197 -0.0229359 -0.0231939 0.023559
internal_weight=3171.03 2371.73 1911.05 1432.48 478.575 460.673 247.719 799.304 219.646 133.993 1298.48 263.437 258.929 371.964
internal_count=13730 9724 7541 5544 1997 2183 1093 4006 848 568 4976 1206 1149 1453
is_linear=0
shrinkage=0.03


Tree=16
num_leaves=15
num_cat=0
split_feature=0 1 4 2 6 1 4 2 0 4 1 2 7 1
split_gain=1482.35 971.798 423.961 186.025 178.95 148.165 174.951 86.5482 70.3735 61.5095 57.8561 52.2873 51.734 51.7328
threshold=16.722916666666674 -10.519999999999992 59.245239167123209 28.680000000000007 6.3500000000000014 -20.869999999999994 62.622803640618848 24.61000000000001 19.772500000000008 64.355076748731264 3.4800000000000031 28.980000000000008 35.650000000000013 0.42000000000000032
decision_type=2 2 2 2 2 2 2 2 2 2 2 2 2 2
left_child=1 5 -3 9 13 -1 -7 -8 10 -4 -2 -12 -9 -5
right_child=8 2 3 4 -6 6 7 12 -10 -11 11 -13 -14 -15
leaf_value=-0.041756342161809928 -0.038901503204208876 -0.024123284692495722 -0.011193358200659058 -0.028012563291768489 0.025121322297259621 -0.037592772370033639 -0.022524054733527418 -0.014173844136783026 -0.041881415271548705 0.034821271061025699 -0.038831755335166376 0.00098585542046679777 0.020875200344561654 0.015480747742321721
leaf_weight=191.80925390124321 110.12003493309021 152.46719498932362 26.296126484870911 103.88818866014481 240.96319986879826 141.34893515706062 85.791353151202202 48.24188369512558 525.48854158818722 1190.8680500537157 40.129128694534302 106.4717892408371 166.18856619298458 31.446052804589272
leaf_count=986 548 696 109 458 917 698 385 205 2788 4591 186 448 644 121
internal_value=0.000223935 0.0120036 0.0235483 0.0281219 0.00965429 -0.0198068 -0.0101996 0.00277953 -0.0355767 0.0338188 -0.0225589 -0.0101027 0.0129608 -0.0178671
internal_weight=3161.52 2379.31 1745.93 1593.46 376.297 633.38 441.571 300.222 782.209 1217.16 256.721 146.601 214.43 135.334
internal_count=13780 9810 6892 6196 1496 2918 1932 1234 3970 4700 1182 634 849 579
is_linear=0
shrinkage=0.03


Tree=17
num_leaves=15
num_cat=0
split_feature=0 1 4 0 7 2 1 0 1 0 3 2 3 4
split_gain=1445.43 993.308 339.372 162.963 189.551 160.448 148.651 112.412 83.0972 76.188 70.6679 48.4692 38.8158 37.0064
threshold=15.749166666666673 -10.519999999999992 60.845749082720452 2.0920833333333362 32.45000000000001 29.460000000000008 -1.5599999999999976 18.444166666666671 1.9000000000000015 5.1554166666666701 2.8969173463781961 28.870000000000005 3.0769170220969655 54.020913742730919
decision_type=2 2 2 2 2 2 2 2 2 2 2 2 2 2
left_child=1 3 13 -1 -5 12 10 8 -2 -6 -7 -10 -4 -3
right_child=7 2 5 4 9 6 -8 -9 11 -11 -12 -13 -14 -15
leaf_value=-0.041344752407864546 -0.03851671678096575 -0.030418877462198127 0.035418173981447969 -0.03519156989635374 -0.0074504066946910518 0.0089599142260442053 0.028931736829211897 -0.040081543138635704 -0.029519833899164044 0.025144854311888509 -0.037061995870871722 0.0083825634269842578 0.019837706642804525 -0.00014082923389235237
leaf_weight=209.0530528575182 89.240675374865532 89.678977832198143 1078.2624523788691 153.77397167682648 148.13490772247314 52.806537464261055 132.06701536476612 615.88388609886169 40.918705806136131 112.90601046383381 67.646264642477036 109.20951254665852 171.15829043090343 60.630247086286545
leaf_count=1097 434 427 4195 746 619 207 500 3262 185 437 308 448 669 252
internal_value=-7.40112e-05 0.0124206 0.0245949 -0.0198095 -0.00888305 0.0288957 0.00705189 -0.0333021 -0.0157648 0.00668993 -0.0169783 -0.00207503 0.0333014 -0.0182873
internal_weight=3131.37 2276.12 1652.25 623.868 414.815 1501.94 252.52 855.253 239.369 261.041 120.453 150.128 1249.42 150.309
internal_count=13786 9457 6558 2899 1802 5879 1015 4329 1067 1056 515 633 4864 679
is_linear=0
shrinkage=0.03


Tree=18
num_leaves=15
num_cat=0
split_feature=0 3 0 4 5 2 0 4 3 3 0 5 3 7
split_gain=1345.21 719.001 620.963 196.714 86.2554 79.5657 66.4342 61.9859 49.0154 46.2776 44.8793 50.6323 43.4262 77.2636
threshold=16.722916666666674 2.6117657714122742 3.6654166666666703 71.034011291580967 1594.5361938476565 28.330000000000002 19.772500000000008 56.169129675191691 2.5310699015428226 3.0284207683216686 5.1554166666666701 132.69564056396487 2.9615966742688715 32.150000000000013
decision_type=2 2 2 2 2 2 2 2 2 2 2 2 2 2
left_child=1 8 -3 7 5 10 -2 -4 -1 -7 11 -5 -9 -14
right_child=6 2 3 4 -6 9 -8 12 -10 -11 -12 -13 13 -15
leaf_value=-0.035720994528140135 -0.021891812902603665 -0.029013761999035791 -0.021549540016033226 0.035030904097112285 -0.048608113292055714 0.017264740037579499 -0.040771033039439471 0.018877810571500984 -0.011252535966846519 -0.032095810119340026 0.03538523504357536 -0.021426602659431384 -0.020714440730706329 0.018641071335016225
leaf_weight=246.15912964940071 254.11071072518826 223.12972711026669 51.233777359127998 28.199901431798935 11.273142322897909 59.467963621020317 518.62215213477612 349.26271559298038 106.72056429088116 22.840436547994614 1034.4014570266008 27.076872050762177 81.487042501568794 97.51745580136776
leaf_count=1223 1187 1096 232 107 51 236 2840 1366 480 101 4072 117 358 379
internal_value=-0.000307885 0.0110319 0.0180448 0.0240145 0.0310248 0.0318316 -0.034599 0.00967161 -0.0283738 0.00334643 0.0339782 0.00748634 0.0127346 0.000709971
internal_weight=3111.5 2338.77 1985.89 1762.76 1183.26 1171.99 772.733 579.501 352.88 82.3084 1089.68 55.2768 528.267 179.004
internal_count=13845 9818 8115 7019 4684 4633 4027 2335 1703 337 4296 224 2103 737
is_linear=0
shrinkage=0.03


Tree=19
num_leaves=15
num_cat=0
split_feature=0 1 4 2 6 1 0 5 5 2 1 0 0 1
split_gain=1283.05 793.266 449.271 173.333 125.774 116.603 87.6367 91.7265 81.7837 57.6953 48.1009 57.8904 42.6799 40.7193
threshold=17.241250000000004 -13.309999999999997 65.553312650190989 29.73 6.3500000000000014 -1.239999999999996 1.6875000000000033 260.19952392578131 750.71496582031261 16.430000000000007 -3.1999999999999953 10.191250000000005 19.478750000000005 3.7000000000000046
decision_type=2 2 2 2 2 2 2 2 2 2 2 2 2 2
left_child=1 6 5 8 -5 -3 -1 -8 9 -4 11 -11 13 -2
right_child=12 2 3 4 -6 -7 7 -9 -10 10 -12 -13 -14 -15
leaf_value=-0.040959221519597064 -0.039550860692746728 -0.02358663862904499 -0.045528927773479132 -0.027949421639801048 0.020360932820141908 0.010385804011404109 0.0044957488843406068 -0.02955299482893943 0.0047719138289693923 0.028605807880215221 0.037823269980368161 -0.0090247585908057228 -0.040252269680977691 -0.01073902367325621
leaf_weight=180.44765089452267 76.885597974061966 228.67349860072136 7.6280482560396186 82.208556860685349 115.27822390198708 149.76343865692616 129.17394365370274 157.05510836839676 103.77880120277405 407.26552799344063 743.94564361870289 39.979887083172798 520.61635479331017 104.38896261155605
leaf_count=983 394 1054 35 370 450 609 523 763 419 1628 2939 168 2890 456
internal_value=-0.000309482 0.0103423 0.0190383 0.0264038 0.000211108 -0.0101504 -0.0246275 -0.0142248 0.0303716 0.0325819 0.0331199 0.0252293 -0.035864 -0.0231092
internal_weight=3047.09 2345.2 1878.52 1500.08 197.487 378.437 466.677 286.229 1302.6 1198.82 1191.19 447.245 701.891 181.275
internal_count=13681 9941 7672 6009 820 1663 2269 1286 5189 4770 4735 1796 3740 850
is_linear=0
shrinkage=0.03


Tree=20
num_leaves=15
num_cat=0
split_feature=7 1 1 4 3 7 1 5 1 7 3 3 1 3
split_gain=998.775 569.692 618.217 217.484 136.654 98.7095 76.993 69.2334 63.6418 47.775 56.3335 79.1419 47.4809 44.6237
threshold=17.250000000000004 -16.629999999999992 5.0000000000000044 63.449981465881635 3.0657141267221886 46.050000000000004 -3.1999999999999953 284.63710021972662 9.2500000000000053 12.950000000000001 2.928646727972795 2.5393897166869195 -20.869999999999994 2.8941332216415412
decision_type=2 2 2 2 2 2 2 2 2 2 2 2 2 2
left_child=9 12 3 -3 6 -6 7 13 -4 -1 11 -11 -2 -5
right_child=1 2 8 4 5 -7 -8 -9 -10 10 -12 -13 -14 -15
leaf_value=-0.038262978880074509 -0.04007647350224252 -0.0091193670662735801 -0.01125146815335046 0.029042383195421496 -0.022253394918209747 0.018111144502625697 0.035197715337103377 -0.0020169876878147015 -0.038889167465860755 -0.039138602137697646 -0.039037421710819031 0.0060107056055379825 -0.015321343882755342 0.0020981546610613971
leaf_weight=419.63076291978359 169.53409916162491 184.22622182965279 155.40318350493908 408.81632804870605 81.395367339253426 160.31011217832565 772.17927640676498 100.28939594328403 146.02208560705185 52.959809362888336 98.938847824931145 98.528912469744682 121.17654296755791 64.139997616410255
leaf_count=2256 921 819 723 1631 369 640 3086 421 818 274 533 429 550 269
internal_value=0.000248501 0.00941585 0.0149341 0.0216928 0.0252728 0.00448253 0.0290017 0.0206086 -0.0247246 -0.0320533 -0.0215371 -0.00992646 -0.0298457 0.0254005
internal_weight=3033.55 2363.49 2072.78 1771.36 1587.13 241.705 1345.42 573.246 301.425 670.058 250.428 151.489 290.711 472.956
internal_count=13739 10247 8776 7235 6416 1009 5407 2321 1541 3492 1236 703 1471 1900
is_linear=0
shrinkage=0.03


Tree=21
num_leaves=15
num_cat=0
split_feature=0 1 4 5 2 1 0 0 0 1 5 4 5 0
split_gain=1172.4 839.514 262.656 169.361 130.909 126.141 119.346 108.262 77.3151 69.9903 56.419 48.1711 47.9612 34.8659
threshold=15.749166666666673 -10.519999999999992 60.845749082720452 257.07260131835943 28.870000000000005 -1.5599999999999976 1.9095833333333367 18.444166666666671 11.32083333333334 2.0400000000000054 617.37762451171886 65.251985199477886 2276.419311523438 5.1554166666666701
decision_type=2 2 2 2 2 2 2 2 2 2 2 2 2 2
left_child=1 3 -3 6 12 8 -1 9 -6 -2 -11 -8 -4 -13
right_child=7 2 4 -5 5 -7 11 -9 -10 10 -12 13 -14 -15
leaf_value=-0.038934953273174464 -0.034255354549746396 -0.015402521884117179 0.032201848730027217 -0.033540140188774804 0.019940539877756885 0.028193043468797495 -0.028275817140347843 -0.037326941414618758 -0.026419479520221775 0.0087261019908109454 -0.035909471340347575 0.0018586095500061348 -0.029752534229544207 0.027500355025399423
leaf_weight=58.989372417330742 88.70637634396553 144.17742505669594 1128.2572211772203 318.92390282452106 47.759491443634033 150.86127133667469 26.608087569475174 583.81972868740559 95.847108855843544 118.93340227007866 31.36409866809845 99.80067977309227 10.62407264113426 90.73841667175293
leaf_count=326 442 662 4579 1649 184 580 122 3275 427 491 147 403 46 356
internal_value=0.000107724 0.0116585 0.0231084 -0.0186834 0.0269902 0.00912137 -0.00146547 -0.0303683 -0.0109702 -0.0132854 -0.000764233 0.00884516 0.0315983 0.0141495
internal_weight=2995.41 2172.59 1577.53 595.06 1433.35 294.468 276.137 822.824 143.607 239.004 150.298 217.147 1138.88 190.539
internal_count=13689 9334 6478 2856 5816 1191 1207 4355 611 1080 638 881 4625 759
is_linear=0
shrinkage=0.03


Tree=22
num_leaves=15
num_cat=0
split_feature=2 1 4 1 3 2 3 3 7 1 7 1 8 3
split_gain=943.392 680.12 337.724 241.536 104.603 108.344 79.6657 173.056 83.1525 79.0249 66.3692 42.9133 48.5314 35.0045
threshold=31.440000000000005 -16.629999999999992 63.785139106023614 6.770000000000004 3.0485272511499701 25.61000000000001 2.9615966742688715 2.5393897166869195 12.750000000000002 -4.2399999999999975 22.050000000000004 -20.869999999999994 23.650000000000006 3.3335742151318679
decision_type=2 2 2 2 2 2 2 2 2 2 2 2 2 2
left_child=1 11 -3 4 9 13 7 -2 -9 10 -4 -1 -13 -6
right_child=6 2 3 -5 5 -7 -8 8 -10 -11 -12 12 -14 -15
leaf_value=-0.039553828809154416 -0.036004911603653683 -0.02304004834187303 -0.034311257821883025 -0.028930399442685953 0.026479575868737292 -0.016498730854013838 -0.038393069949732128 -0.029193346488450331 0.0068222579615869021 0.034123775791877593 0.020945639982834333 -0.037978218350102844 -0.001594750856477844 -0.030170705295011715
leaf_weight=177.64216914772987 283.86278915405273 162.61950740218163 19.565545931458473 78.260051339864731 150.44559334218502 102.15751998126507 308.51009403169155 78.400896787643433 210.14113488793373 802.13160741329193 453.9135158509016 56.020990371704102 78.530098244547844 9.6827353388071042
leaf_count=994 1550 767 89 400 599 448 1742 419 908 3287 1861 292 337 44
internal_value=-7.52017e-05 0.0108957 0.0180651 0.0222128 0.0248325 0.00754291 -0.0260989 -0.0194173 -0.00303071 0.0283788 0.0185948 -0.0298805 -0.0169116 0.022888
internal_weight=2971.88 2090.97 1778.78 1616.16 1537.9 262.286 880.915 572.405 288.542 1275.61 473.479 312.193 134.551 160.128
internal_count=13737 9118 7495 6728 6328 1091 4619 2877 1327 5237 1950 1623 629 643
is_linear=0
shrinkage=0.03


Tree=23
num_leaves=15
num_cat=0
split_feature=0 1 3 0 7 2 1 0 3 1 2 0 3 2
split_gain=1060.92 762.352 222.376 119.989 136.819 111.51 145.03 94.0529 78.4942 63.9599 60.78 54.3925 37.7717 46.5895
threshold=15.749166666666673 -10.519999999999992 2.6049708415595538 2.0920833333333362 32.45000000000001 28.680000000000007 -1.5599999999999976 19.478750000000005 2.8969173463781961 1.9700000000000033 29.460000000000008 5.1554166666666701 3.1123133611707687 18.010000000000005
decision_type=2 2 2 2 2 2 2 2 2 2 2 2 2 2
left_child=1 3 -3 -1 -5 12 8 9 -7 -2 -11 -6 13 -4
right_child=7 2 5 4 11 6 -8 -9 -10 10 -12 -13 -14 -15
leaf_value=-0.03741288207240074 -0.035990826469061279 -0.020413929744897263 -0.023959913069982647 -0.031569287579443973 -0.0072877883214203408 0.01009563901537699 0.028531472934314787 -0.037933921014465785 -0.031970620167453077 -0.033226156761200824 0.0029946381489899601 0.020827809413684693 0.01320894396367548 0.032203763068507807
leaf_weight=192.80694222450256 101.96277648210526 103.10672570765018 12.796460092067717 145.86480769515038 142.33352828025818 78.828258752822876 174.39531622827053 482.57508346438408 79.134407952427864 56.593532383441925 150.53825683891773 108.13198627531528 115.89165541529655 986.61646907031536
leaf_count=1098 528 491 57 745 603 319 674 2854 363 266 649 435 473 4116
internal_value=-9.16319e-06 0.0109685 0.0220016 -0.0180617 -0.0085773 0.0250346 0.00974405 -0.0296585 -0.0110468 -0.0166579 -0.00701387 0.00488495 0.0295783 0.0314614
internal_weight=2931.58 2139.91 1550.77 589.137 396.33 1447.66 332.358 791.67 157.963 309.095 207.132 250.466 1115.3 999.413
internal_count=13671 9374 6493 2881 1783 6002 1356 4297 682 1443 915 1038 4646 4173
is_linear=0
shrinkage=0.03


Tree=24
num_leaves=15
num_cat=0
split_feature=0 1 3 5 5 1 0 1 0 1 0 1 3 3
split_gain=1008.04 661.183 262.565 183.357 130.503 115.312 106.973 101.063 205.29 91.1457 59.6033 46.8362 44.4377 43.8127
threshold=16.857916666666675 -10.329999999999993 2.5310699015428226 276.22181701660162 1594.5361938476565 -20.869999999999994 14.616666666666669 -2.0799999999999965 11.206250000000006 -0.35999999999999793 19.772500000000008 3.7000000000000046 3.3155064221748831 2.5130177251271069
decision_type=2 2 2 2 2 2 2 2 2 2 2 2 2 2
left_child=1 3 -3 5 6 -1 7 8 -4 -8 11 -2 -9 -7
right_child=10 2 4 -5 -6 13 9 12 -10 -11 -12 -13 -14 -15
leaf_value=-0.037837959915581754 -0.034136360232155938 -0.029884943622922083 0.026049663418269739 -0.033719123635353981 -0.023302359597056333 -0.031561969358879234 -0.040728567791709233 0.035789238137801292 -0.021207471231516974 0.013101493190755251 -0.037812356509687749 -0.0070672431438821301 -0.022140780506364574 0.012643711245985781
leaf_weight=58.825063616037369 102.59960938990116 89.488605558872223 483.57702413201332 297.14022821187973 52.724557355046272 21.242159456014633 34.361791282892227 712.39881071448326 98.975922778248787 140.99399723112583 459.08948558568954 130.88129007816315 11.493790373206137 220.98479245603085
leaf_count=334 553 450 2022 1594 235 101 167 2950 440 568 2779 581 51 906
internal_value=4.95762e-05 0.00990019 0.0198288 -0.0170429 0.0227456 -0.000526244 0.0243986 0.0273497 0.0179981 0.00238211 -0.0315262 -0.0190572 0.0348402 0.00865326
internal_weight=2914.78 2222.21 1624.01 598.192 1534.53 301.052 1481.8 1306.45 582.553 175.356 692.57 233.481 723.893 242.227
internal_count=13731 9818 6883 2935 6433 1341 6198 5463 2462 735 3913 1134 3001 1007
is_linear=0
shrinkage=0.03


Tree=25
num_leaves=15
num_cat=0
split_feature=0 1 4 4 5 1 3 1 0 0 8 5 1 3
split_gain=959.161 643.572 296.105 127.255 101.88 96.1279 83.0765 75.4799 100.241 72.1596 68.3312 51.3232 51.0946 48.8247
threshold=16.492916666666673 -12.019999999999996 54.901478245972619 72.686482673463118 276.22181701660162 -20.869999999999994 3.1077389437166336 -1.7599999999999951 12.11166666666667 19.478750000000005 23.850000000000005 1144.661804199219 3.3700000000000037 2.5624356123134335
decision_type=2 2 2 2 2 2 2 2 2 2 2 2 2 2
left_child=1 4 -3 7 5 -1 11 8 -4 12 -7 -5 -2 -12
right_child=9 2 3 6 -6 10 -8 -9 -10 -11 13 -13 -14 -15
leaf_value=-0.037863088089787042 -0.032960839676199248 -0.027607784226164611 0.011364672627892151 0.033613129705132458 -0.03212338135897197 -0.018585909009830891 0.0037366257509645626 0.022858443036232141 -0.027362534072886132 -0.036867067449572292 -0.01621146176463097 -0.035448896491398416 -0.0052392183497374607 0.030428233164297148
leaf_weight=59.416211917996407 101.4283397346735 113.30735479295254 251.27744027972221 803.36919657886028 270.12684766948223 64.342061266303062 99.616115763783455 303.92221112549305 77.990997806191444 471.92496386170387 25.456486076116562 9.0334468483924848 145.02809058129787 87.755783408880234
leaf_count=344 544 573 1033 3448 1484 290 422 1226 360 2896 111 40 635 339
internal_value=2.12547e-05 0.00998695 0.0190282 0.0224636 -0.0195626 -0.00516956 0.0296354 0.0121031 0.00213662 -0.0299932 0.00592168 0.0328026 -0.0167351 0.0198909
internal_weight=2884 2165.61 1658.52 1545.21 507.097 236.971 912.019 633.191 329.268 718.381 177.554 812.403 246.456 113.212
internal_count=13745 9670 7102 6529 2568 1084 3910 2619 1393 4075 740 3488 1179 450
is_linear=0
shrinkage=0.03


Tree=26
num_leaves=15
num_cat=0
split_feature=0 3 0 2 5 3 5 0 6 7 0 0 8 3
split_gain=923.027 483.998 460 160.097 169.475 110.699 47.4379 52.8878 46.0082 44.4246 40.2425 37.5451 31.2909 28.9329
threshold=17.498750000000005 2.5556022371618456 3.3720833333333364 27.990000000000006 1594.5361938476565 2.9991522989611203 151.088005065918 5.6695833333333372 6.5500000000000016 9.9500000000000011 14.960833333333339 19.772500000000008 19.250000000000004 2.9049264216215964
decision_type=2 2 2 2 2 2 2 2 2 2 2 2 2 2
left_child=1 -1 -3 4 6 9 -4 -8 12 -5 -9 13 -7 -2
right_child=11 2 3 5 -6 8 7 10 -10 -11 -12 -13 -14 -15
leaf_value=-0.029125117153697519 -0.011205127889764849 -0.02742227742175599 0.033668202522526981 -0.033310303936258702 -0.027044980610286911 0.0053140811887107441 -0.0034522264360204746 0.02621177836619128 0.025979986427453826 0.015589233991358687 -0.027334837183517136 -0.037150996560608815 -0.031470101573378144 -0.036762825146792348
leaf_weight=264.20841738581657 111.8917805403471 213.72608269751072 590.93459209799767 16.523063972592354 52.41713048517704 26.118266701698303 67.718502148985863 471.04047764837742 18.596346393227577 404.93325188755989 12.2052766084671 442.87023676931858 96.641673400998116 62.167951002717018
leaf_count=1405 537 1156 2542 81 237 111 290 2019 74 1660 55 2785 457 327
internal_value=-3.69697e-05 0.00893175 0.0140457 0.0191024 0.0253151 0.0058972 0.0277402 0.0213326 -0.0169966 0.0135978 0.0248057 -0.0324914 -0.0236642 -0.0204913
internal_weight=2851.99 2235.06 1970.85 1757.13 1194.32 562.813 1141.9 550.964 141.356 421.456 483.246 616.93 122.76 174.06
internal_count=13736 10087 8682 7526 5143 2383 4906 2364 642 1741 2074 3649 568 864
is_linear=0
shrinkage=0.03


Tree=27
num_leaves=15
num_cat=0
split_feature=0 1 4 4 0 7 3 0 1 0 0 3 1 8
split_gain=914.098 599.093 270.633 114.405 110.762 108.005 83.7197 52.777 52.5326 89.1915 49.4875 46.6009 42.8051 36.9703
threshold=16.722916666666674 -10.519999999999992 54.462871437503409 72.79408161091861 1.9095833333333367 28.650000000000006 3.1077389437166336 19.772500000000008 -2.2499999999999982 11.683750000000005 5.1554166666666701 3.1430897791597725 3.7000000000000046 25.750000000000004
decision_type=2 2 2 2 2 2 2 2 2 2 2 2 2 2
left_child=1 4 -3 8 -1 -6 -5 12 9 -4 13 -10 -2 -7
right_child=7 2 3 6 5 10 -8 -9 11 -11 -12 -13 -14 -15
leaf_value=-0.036748504623088291 -0.032979176968872342 -0.029137718254364647 0.013750744782505911 0.032570589821413788 -0.031942171683496688 -0.020878948334351416 0.0030080747526659468 -0.036621267937477331 0.022688936193545811 -0.023225465738978053 0.016755095202877133 -0.022686239813907459 -0.0074738719841529657 0.0077516774948943159
leaf_weight=173.24257391691208 107.23939351737499 98.009745642542839 193.00412587821484 763.6887731552124 118.7826492190361 93.507973521947861 97.414193198084831 437.99095760285854 337.00079943239689 83.199266627430916 118.36765153706074 20.896004885435104 132.48661178350449 70.427208065986633
leaf_count=1057 597 503 795 3379 641 424 417 2808 1372 383 490 95 594 293
internal_value=-3.18865e-05 0.00947778 0.0189446 0.0221138 -0.016771 -0.00807203 0.0292336 -0.0304158 0.0124142 0.00256899 0.00204894 0.0199839 -0.0189731 -0.00860669
internal_weight=2845.26 2167.54 1593.21 1495.2 574.328 401.085 861.103 677.717 634.1 276.203 282.303 357.897 239.726 163.935
internal_count=13848 9849 6944 6441 2905 1848 3796 3999 2645 1178 1207 1467 1191 717
is_linear=0
shrinkage=0.03


Tree=28
num_leaves=15
num_cat=0
split_feature=2 4 5 3 2 3 7 3 3 6 8 7 3 3
split_gain=724.466 375.002 125.029 84.3735 68.3358 64.7312 140.831 67.111 60.0207 81.5406 48.9766 47.8434 58.912 36.8896
threshold=31.690000000000001 63.785139106023614 181.60037231445315 3.0556573214048552 22.11000000000001 2.9615966742688715 12.950000000000001 2.5393897166869195 2.6487599622653897 5.8500000000000014 26.950000000000006 128.45000000000002 2.7551351618907289 2.618100417062156
decision_type=2 2 2 2 2 2 2 2 2 2 2 2 2 2
left_child=1 -1 3 11 -5 6 -2 -8 -4 10 -10 13 -13 -3
right_child=5 2 8 4 -6 -7 7 -9 9 -11 -12 12 -14 -15
leaf_value=-0.024966807526237107 -0.033207246159500575 0.00093763920097755067 -0.021953135095349935 0.026946923047593697 -0.019706269764844277 -0.036391614882079551 -0.026520650813330042 0.0077418824062780211 0.0029912781849837488 0.017073754954350776 -0.025117581683847541 -0.035802189811566784 0.018940430630628863 0.029076181693462447
leaf_weight=248.18727748095989 269.41538126766682 44.632478535175323 64.358220219612122 44.47590659558773 73.64235819876194 268.21850897371769 70.863592728972435 180.18272963166237 264.78638026118279 405.4673206359148 69.626683056354523 23.502624720335007 62.721273720264435 709.84022565186024
leaf_count=1287 1630 189 344 189 360 1679 382 803 1227 1776 349 137 284 3141
internal_value=-6.42559e-05 0.00949203 0.0143542 0.0216661 -0.00206087 -0.0244152 -0.0181853 -0.00199635 0.00562091 0.00804582 -0.00291858 0.0249983 0.00377948 0.027415
internal_weight=2799.92 2011.24 1763.05 958.815 118.118 788.68 520.462 251.046 804.239 739.88 334.413 840.697 86.2239 754.473
internal_count=13777 9283 7996 4300 549 4494 2815 1185 3696 3352 1576 3751 421 3330
is_linear=0
shrinkage=0.03


Tree=29
num_leaves=15
num_cat=0
split_feature=2 1 4 1 2 3 1 3 5 4 1 3 5 5
split_gain=677.156 485.267 267.901 156.109 91.4179 105.643 85.608 95.8915 64.5538 58.4044 56.2766 55.5483 46.0488 39.0866
threshold=30.740000000000009 -16.269999999999992 63.785139106023614 6.770000000000004 34.070000000000014 2.9615966742688715 -4.5099999999999953 2.8773195038736046 293.93762207031256 54.020913742730919 -20.869999999999994 3.2404219364065252 1946.307800292969 97.894454956054702
decision_type=2 2 2 2 2 2 2 2 2 2 2 2 2 2
left_child=1 10 -3 6 5 9 7 8 -4 -2 -1 12 -8 -12
right_child=4 2 3 -5 -6 -7 11 -9 -10 -11 13 -13 -14 -15
leaf_value=-0.037181694826547526 -0.02632986814223363 -0.025404079555406391 0.025538621360647825 -0.02656715969479061 -0.030437903870914253 -0.031350259662111447 0.030249386538273013 -0.0064835770573611383 -0.024029041550365147 0.0063104837183532913 0.024435990760011052 -0.0089506593791496575 -0.0393378204985508 -0.01802517066045304
leaf_weight=158.64461599290371 61.891156241297722 123.37007856369019 303.30041919648647 59.949889123439789 470.89338831603527 154.95567308366299 853.4642166942358 161.24781726300716 24.864088654518127 227.94830465316772 22.700280070304871 34.633093416690826 7.8292743265628806 111.44516180455685
leaf_count=980 335 610 1310 322 2914 898 3781 702 114 991 89 153 35 556
internal_value=-0.000125062 0.0102641 0.0168826 0.0205073 -0.0212328 -0.0114411 0.0225621 0.0124344 0.0217214 -0.000725972 -0.0251321 0.0280745 0.0295719 -0.0107122
internal_weight=2777.14 1861.45 1568.66 1445.29 915.689 444.795 1385.34 489.412 328.165 289.839 292.79 895.927 861.293 134.145
internal_count=13790 8652 7027 6417 5138 2224 6095 2126 1424 1326 1625 3969 3816 645
is_linear=0
shrinkage=0.03


Tree=30
num_leaves=15
num_cat=0
split_feature=7 1 1 4 2 6 1 1 2 5 1 8 5 5
split_gain=634.351 363.163 400.464 144.346 116.927 96.7259 68.1907 49.7385 49.2498 48.8457 45.3399 49.2404 44.0962 40.129
threshold=16.550000000000004 -16.629999999999992 5.1000000000000059 67.013076544834476 29.460000000000008 6.5500000000000016 -6.1699999999999964 9.0500000000000043 16.430000000000007 2028.0090942382815 -20.869999999999994 26.150000000000006 802.19177246093761 175.09024810791018
decision_type=2 2 2 2 2 2 2 2 2 2 2 2 2 2
left_child=-1 10 3 9 6 -6 13 -4 -8 -3 -2 -12 -10 -5
right_child=1 2 7 4 5 -7 8 -9 12 -11 11 -13 -14 -15
leaf_value=-0.028938318312319005 -0.036322907869856265 0.0035551045502366023 -0.0093288391313202639 0.0222874271150749 -0.028273630080854782 0.019587547953041774 -0.045969604656315298 -0.034878330244662643 0.031918079829202188 -0.032850502765289835 -0.029286627081571606 0.009982293299995516 0.0035903729522571812 0.0018558126916865549
leaf_weight=552.97185274958611 153.80045150220394 305.34238123893738 139.72918629646301 201.96269261837006 72.129629150032997 78.14018988609314 6.8883556127548209 135.5884393453598 763.55521205067635 36.196550756692886 61.416398152709007 52.542756080627441 53.16599003970623 151.13567838072777
leaf_count=3311 966 1332 690 878 348 324 32 898 3472 186 318 223 224 660
internal_value=-0.000229105 0.00695899 0.0114733 0.0170052 0.0214788 -0.00342089 0.0246588 -0.0219921 0.0293896 -0.000387828 -0.0257341 -0.0112517 0.0300807 0.0135721
internal_weight=2764.57 2211.59 1943.83 1668.52 1326.98 150.27 1176.71 275.318 823.61 341.539 267.76 113.959 816.721 353.098
internal_count=13862 10551 9044 7456 5938 672 5266 1588 3728 1518 1507 541 3696 1538
is_linear=0
shrinkage=0.03


Tree=31
num_leaves=15
num_cat=0
split_feature=2 1 5 2 1 1 3 4 1 3 3 7 5 6
split_gain=603.1 440.413 213.413 137.696 73.3216 72.7697 69.5684 65.7649 65.4611 63.2684 140.736 54.7724 51.7832 57.2336
threshold=31.610000000000003 -13.309999999999997 617.37762451171886 28.330000000000002 2.6900000000000039 -20.869999999999994 3.0284207683216686 55.790704262654415 6.9000000000000048 2.9615966742688715 2.5556022371618456 12.950000000000001 257.07260131835943 5.5500000000000016
decision_type=2 2 2 2 2 2 2 2 2 2 2 2 2 2
left_child=1 5 3 8 7 -1 -5 -4 -3 10 -2 -12 13 -7
right_child=9 2 4 6 -6 12 -8 -9 -10 -11 11 -13 -14 -15
leaf_value=-0.035555323848450802 -0.031649093198809007 0.028156600369397423 -0.030826557034387619 0.012741872426670029 -0.037379115888656944 -0.031339929785762395 -0.018985784186282068 0.0084433101336156974 -0.024979261208950269 -0.034384446616033022 -0.022136320137989184 0.0088062629917687804 -0.023786947767412903 0.015579515653413863
leaf_weight=153.76010237634182 259.12649573385715 934.94814226031303 47.336257994174957 221.04829455912113 56.8578160405159 29.927289992570877 85.428536206483841 185.35869926214218 20.61197055876255 263.29701626300812 71.296113356947899 177.86965511739254 111.92638455331326 95.25224931538105
leaf_count=982 1602 4296 254 940 314 144 418 777 103 1726 419 791 599 379
internal_value=-3.0074e-05 0.00888316 0.0160522 0.0213784 -0.00715612 -0.0195435 0.003865 0.000357063 0.0269855 -0.0224513 -0.0162146 -0.00010072 -0.00905425 0.00420278
internal_weight=2714.05 1942.46 1551.59 1262.04 289.553 390.866 306.477 232.695 955.56 771.589 508.292 249.166 237.106 125.18
internal_count=13744 9206 7102 5757 1345 2104 1358 1031 4399 4538 2812 1210 1122 523
is_linear=0
shrinkage=0.03


Tree=32
num_leaves=15
num_cat=0
split_feature=7 1 1 5 2 6 1 1 3 2 1 7 3 3
split_gain=598.157 324.72 346.088 113.86 116.859 92.9874 71.6749 56.4193 47.3279 44.4643 42.8807 40.8443 48.9572 56.9623
threshold=17.750000000000004 -16.269999999999992 4.6200000000000037 1782.2648925781252 28.680000000000007 6.2500000000000009 -6.1699999999999964 8.8300000000000036 2.8941332216415412 15.850000000000007 -20.869999999999994 12.950000000000001 2.928646727972795 2.5393897166869195
decision_type=2 2 2 2 2 2 2 2 2 2 2 2 2 2
left_child=11 10 3 4 6 -6 8 -4 -3 -8 -2 -1 13 -13
right_child=1 2 7 -5 5 -7 9 -9 -10 -11 -12 12 -14 -15
leaf_value=-0.032989138512622911 -0.034994034708367532 0.019034855269042295 -0.0064430114741225392 -0.021301709234079223 -0.01667055607812476 0.014992735352615735 -0.059379295493352108 -0.033599626964166157 -0.0073272789081263072 0.029868720788027936 -0.010702630213053352 -0.032641629942791628 -0.034071523001091689 0.0063841934184194283
leaf_weight=351.59583052992821 137.29637399315834 245.12949720025063 154.42121629416943 63.951203167438507 120.1691143065691 267.60344216227531 4.1662606149911872 124.13251651823521 81.012090191245079 768.38291224837303 126.46557155251503 48.891400396823883 91.600674003362656 102.71868716180325
leaf_count=2251 893 1094 751 308 557 1125 20 848 357 3571 603 290 579 476
internal_value=8.13059e-05 0.00762842 0.012118 0.0176493 0.0193383 0.00516277 0.0243321 -0.0186218 0.0124842 0.0293113 -0.0234315 -0.0264402 -0.0168765 -0.00633232
internal_weight=2687.54 2092.73 1828.97 1550.41 1486.46 387.773 1098.69 278.554 326.142 772.549 263.762 594.807 243.211 151.61
internal_count=13723 10127 8631 7032 6724 1682 5042 1599 1451 3591 1496 3596 1345 766
is_linear=0
shrinkage=0.03


Tree=33
num_leaves=15
num_cat=0
split_feature=0 1 4 5 0 0 1 0 6 8 6 3 3 0
split_gain=729.792 457.942 193.052 129.966 110.496 89.2652 87.4436 155.389 78.3991 52.962 41.1457 38.6795 37.2492 34.6768
threshold=17.498750000000005 -9.8099999999999952 54.462871437503409 293.93762207031256 14.511250000000006 1.9095833333333367 -1.3999999999999984 11.32083333333334 6.2500000000000009 20.050000000000004 7.4500000000000011 3.3155064221748831 2.8914649762579918 19.772500000000008
decision_type=2 2 2 2 2 2 2 2 2 2 2 2 2 2
left_child=1 3 -3 5 6 -1 7 -4 9 -6 -7 -8 -9 -2
right_child=13 2 4 -5 8 10 11 12 -10 -11 -12 -13 -14 -15
leaf_value=-0.034861094699627178 -0.018623771966754153 -0.022972097064089144 0.022210924389016905 -0.029313375303668763 0.015559021951329795 0.010332266928935619 0.032523764247562252 0.0032478453894159019 0.014727318497415723 -0.035400249610838395 -0.034926107443087613 -0.022571704815908773 -0.031898360563736843 -0.035221835561242101
leaf_weight=55.84835359454155 164.38608914613724 102.08039686083794 511.27821750938892 277.7445102930069 24.74446976184845 229.34358181059361 576.13008815050125 46.862701296806335 133.41298487782478 65.109032407402992 18.645079478621483 11.039438694715498 62.933668538928032 394.60345964133739
leaf_count=365 859 556 2324 1643 108 968 2662 198 557 324 97 50 299 2805
internal_value=7.17351e-05 0.00813067 0.0167242 -0.0145197 0.019569 -0.000944605 0.0231491 0.0152622 0.000177581 -0.0213499 0.0068029 0.0314513 -0.0170035 -0.0303827
internal_weight=2674.16 2115.17 1533.59 581.582 1431.51 303.837 1208.24 621.075 223.266 89.8535 247.989 587.17 109.796 558.99
internal_count=13815 10151 7078 3073 6522 1430 5533 2821 989 432 1065 2712 497 3664
is_linear=0
shrinkage=0.03


Tree=34
num_leaves=15
num_cat=0
split_feature=0 4 0 2 6 5 0 0 3 4 3 7 5 2
split_gain=685.317 356.512 325.384 108.597 84.4182 69.9289 61.0066 45.1396 37.1093 54.5181 36.4797 36.1416 35.7486 33.332
threshold=17.241250000000004 60.845749082720452 2.9616666666666704 28.330000000000002 6.4500000000000011 764.31665039062511 5.1554166666666701 19.772500000000008 2.9421122609584889 56.945562790795641 2.9860682343331555 45.250000000000007 108.58045959472658 29.29000000000001
decision_type=2 2 2 2 2 2 2 2 2 2 2 2 2 2
left_child=1 -1 -3 5 10 6 12 8 9 -2 -5 -7 -4 -11
right_child=7 2 3 4 -6 11 -8 -9 -10 13 -12 -13 -14 -15
leaf_value=-0.021674390302244953 -0.028251215063661135 -0.025146918602875868 0.029421981137556459 0.007104452617451653 0.015756114122806707 -0.021555087158710417 0.027575695223705531 -0.034705321136738014 -0.035878891338636296 -0.032304020608142241 -0.021157529136104268 0.013709880835269679 -0.0071355811768311749 0.020491076767158778
leaf_weight=304.18578468263149 59.233193784952164 175.97489076852798 33.659826278686523 63.845075398683548 266.91377893090248 42.688189968466759 921.4396924674511 384.37259913980961 60.116611793637276 12.302144706249235 112.39050735533237 64.175534456968307 77.95256444811821 56.5086859613657
leaf_count=1694 339 1064 137 266 1118 193 4388 2791 345 61 537 263 344 238
internal_value=0.000205833 0.00826604 0.0134529 0.0177569 0.00513995 0.022653 0.0250406 -0.0288043 -0.0166301 -0.00738476 -0.0109367 -0.000446433 0.00405274 0.0107247
internal_weight=2635.76 2063.23 1759.04 1583.07 443.149 1139.92 1033.05 572.533 188.161 128.044 176.236 106.864 111.612 68.8108
internal_count=13778 10004 8310 7246 1921 5325 4869 3774 983 638 803 456 481 299
is_linear=0
shrinkage=0.03


Tree=35
num_leaves=15
num_cat=0
split_feature=2 1 4 1 1 5 7 1 4 5 6 2 2 1
split_gain=502.429 371.603 222.926 153.422 81.9988 74.5568 70.5357 50.4753 57.2485 59.3268 43.418 35.7213 34.1704 30.337
threshold=31.930000000000003 -16.629999999999992 61.886141877704979 5.4000000000000048 -2.2499999999999982 1072.7744750976565 37.250000000000007 6.4600000000000053 50.040024129114492 414.64392089843756 5.5500000000000016 26.840000000000003 28.330000000000002 -20.869999999999994
decision_type=2 2 2 2 2 2 2 2 2 2 2 2 2 2
left_child=1 13 -3 4 6 10 12 8 -2 -10 11 -6 -4 -1
right_child=7 2 3 -5 5 -7 -8 -9 9 -11 -12 -13 -14 -15
leaf_value=-0.034363913561204079 -0.030570098379963953 -0.023975265803012388 0.0091603860370268186 -0.017256634047502994 0.018953401953994139 -0.018686454526180275 0.018128266241218403 -0.033111492026390639 -0.016743799017386204 0.013811908311015003 0.03152535633221052 -0.02406703959058069 -0.014357601287318326 -0.013928565315568216
leaf_weight=146.94593182206154 157.31076094508171 134.96108691394329 111.12769961357117 113.52479800581932 92.180321305990219 31.394986942410469 456.85650251805782 253.08093446493149 196.03901843726635 79.706357970833778 564.7845666706562 20.449066460132599 109.34089228510857 121.11678178608418
leaf_count=1003 1029 716 531 619 438 140 2076 1858 1052 367 2674 97 494 610
internal_value=-0.000476422 0.00746091 0.0128319 0.0161581 0.0189053 0.0260367 0.011415 -0.0224657 -0.0161824 -0.00789344 0.0281339 0.0109995 -0.00251547 -0.0252168
internal_weight=2588.82 1902.68 1634.62 1499.66 1386.13 708.809 677.325 686.137 433.056 275.745 677.414 112.629 220.469 268.063
internal_count=13704 9398 7785 7069 6450 3349 3101 4306 2448 1419 3209 535 1025 1613
is_linear=0
shrinkage=0.03


Tree=36
num_leaves=15
num_cat=0
split_feature=0 1 7 5 3 0 5 2 3 1 6 1 3 6
split_gain=640.378 367.373 179.388 129.85 89.9104 89.3572 83.3067 67.2293 46.2572 43.6032 39.9837 38.836 37.6463 44.3303
threshold=17.868750000000009 -9.6099999999999941 16.550000000000004 293.93762207031256 3.0732820038803887 2.0920833333333362 1782.2648925781252 25.61000000000001 2.618100417062156 -1.3199999999999974 7.1500000000000012 1.6700000000000046 2.5556022371618456 6.6500000000000012
decision_type=2 2 2 2 2 2 2 2 2 2 2 2 2 2
left_child=1 3 9 5 6 -1 8 -6 -4 -3 -7 -9 -11 -14
right_child=-2 2 4 -5 7 10 -8 11 -10 12 -12 -13 13 -15
leaf_value=-0.032088784685953574 -0.030186965005001253 -0.030604003998662626 -0.0038277271033399941 -0.028029691954026398 0.015196361774392654 0.013106615093399668 -0.02268899637108528 -0.030109947291164382 0.024951137937564309 -0.034780461844321868 -0.022305531651600874 0.014269982513972816 -0.032018921837193674 0.025658998695927648
leaf_weight=60.072307884693146 507.92598885297775 78.257105648517609 52.548042222857475 271.58155125379562 124.23962745070457 214.79971069097519 35.438740909099579 67.131621211767197 1043.2515576779842 19.617161974310875 32.172040015459061 23.316542163491249 14.905160024762152 48.445343017578125
leaf_count=405 3550 440 235 1651 550 917 169 328 4946 114 156 98 87 206
internal_value=-1.36759e-05 0.00734503 0.0151438 -0.0129595 0.0187258 0.000417952 0.0221009 0.000921442 0.0235688 -0.0146908 0.00842226 -0.0186384 0.000504688 0.0118018
internal_weight=2593.7 2085.78 1507.15 578.626 1345.93 307.044 1131.24 214.688 1095.8 161.225 246.972 90.4482 82.9677 63.3505
internal_count=13852 10302 7173 3129 6326 1478 5350 976 5181 847 1073 426 407 293
is_linear=0
shrinkage=0.03


Tree=37
num_leaves=15
num_cat=0
split_feature=0 1 4 5 2 6 0 5 2 0 0 1 4 1
split_gain=630.459 378.159 155.222 100.653 84.9951 101.603 77.9814 73.2336 51.7754 45.0987 42.3282 34.5223 29.7185 29.58
threshold=16.857916666666675 -10.519999999999992 54.901478245972619 293.93762207031256 28.870000000000005 6.3500000000000014 1.9095833333333367 750.71496582031261 16.430000000000007 19.772500000000008 13.206250000000006 -3.4199999999999942 65.251985199477886 3.7000000000000046
decision_type=2 2 2 2 2 2 2 2 2 2 2 2 2 2
left_child=1 3 -3 6 7 -6 -1 8 -4 13 -9 -7 -8 -2
right_child=9 2 4 -5 5 11 12 10 -10 -11 -12 -13 -14 -15
leaf_value=-0.032534643135424979 -0.02962725159384183 -0.02100015098071998 -0.046932967653852041 -0.027542295901296251 -0.015186048181859674 -0.0022445243883174757 -0.022207388740453707 0.0089586471249090815 0.026971099145851465 -0.033938313843610228 -0.039374541957237739 0.023735786760670018 0.011202491238967582 -0.0070909030605328261
leaf_weight=55.709480136632919 89.735101968050003 95.699764788150787 7.7475579977035514 252.71165783703327 129.47360827028751 60.498059928417206 26.491569221019745 108.62417064607143 839.91413857042789 369.13618767261505 18.1588514149189 189.35423149168491 188.31036287546158 126.17425033450127
leaf_count=391 562 533 36 1575 599 260 131 457 4175 2842 84 783 796 589
internal_value=-0.00023792 0.0078751 0.0157643 -0.0139685 0.0183768 0.00630721 -0.00123306 0.0230639 0.0262411 -0.0275607 0.00178203 0.0174612 0.00699823 -0.0165507
internal_weight=2557.74 1972.69 1449.47 523.223 1353.77 379.326 270.511 974.445 847.662 585.046 126.783 249.852 214.802 215.909
internal_count=13813 9820 6927 2893 6394 1642 1318 4752 4211 3993 541 1043 927 1151
is_linear=0
shrinkage=0.03


Tree=38
num_leaves=15
num_cat=0
split_feature=0 1 4 5 3 1 0 0 3 0 5 3 3 5
split_gain=592.675 406.129 129.747 94.1682 81.1921 73.2656 73.5014 72.1968 60.5171 55.1039 45.417 40.4525 54.8823 32.6631
threshold=16.492916666666673 -10.519999999999992 71.804206879021606 293.93762207031256 3.1077389437166336 -1.4999999999999953 12.223333333333338 2.0920833333333362 2.5556022371618456 19.478750000000005 821.58520507812511 2.928646727972795 2.5556022371618456 1457.8253173828127
decision_type=2 2 2 2 2 2 2 2 2 2 2 2 2 2
left_child=1 3 5 7 10 6 -3 -1 -7 11 -4 12 -2 -10
right_child=9 2 4 -5 -6 8 -8 -9 13 -11 -12 -13 -14 -15
leaf_value=-0.03226442485751687 -0.032580568536911082 0.0062166061636109299 0.029114472971616522 -0.028124672425942812 -0.0011598326331869898 -0.035257415740624069 -0.023805192286698949 0.0057252743671150179 0.024253205492166266 -0.033146155763277618 -0.016127473756993322 -0.031803913980659466 0.0069109623234119046 -0.02545422023128394
leaf_weight=56.249392196536064 44.405287340283394 223.71224939823151 686.13708391785622 246.03001871705055 99.175053983926773 17.168644160032272 108.02555456757545 209.89150550961494 226.29794079065323 375.70224838703871 19.9683638215065 76.836859002709389 103.88597610592842 11.766214460134504
leaf_count=395 267 1001 3519 1555 455 94 560 907 962 2929 89 436 471 53
internal_value=-0.000161012 0.00803637 0.0164364 -0.0147852 0.0242487 0.00569543 -0.00360171 -0.00239464 0.0177462 -0.026114 0.0278141 -0.0142839 -0.00505366 0.0217002
internal_weight=2505.25 1904.42 1392.25 512.171 805.281 586.971 331.738 266.141 255.233 600.83 706.105 225.128 148.291 238.064
internal_count=13693 9590 6733 2857 4063 2670 1561 1302 1109 4103 3608 1174 738 1015
is_linear=0
shrinkage=0.03


Tree=39
num_leaves=15
num_cat=0
split_feature=0 1 4 5 0 4 1 6 6 1 0 5 6 2
split_gain=583.735 327.859 169.938 91.4076 87.7059 86.137 64.3755 58.2157 46.6066 42.4954 52.3243 31.6775 29.8421 27.7368
threshold=18.000416666666673 -10.769999999999996 71.804206879021606 284.63710021972662 14.616666666666669 54.462871437503409 -20.869999999999994 5.3500000000000014 5.8500000000000014 -3.719999999999994 10.727500000000004 1594.5361938476565 7.1500000000000012 15.850000000000007
decision_type=2 2 2 2 2 2 2 2 2 2 2 2 2 2
left_child=1 3 5 6 11 -3 -1 -8 -7 10 -10 13 -9 -4
right_child=-2 2 4 -5 -6 8 7 12 9 -11 -12 -13 -14 -15
leaf_value=-0.033038221867421252 -0.030614950927002657 -0.021223619315959025 -0.032065011104987398 -0.027485035251761648 -0.013506350522424309 -0.0085592536603955778 -0.024415903986781343 0.018785552122616477 0.013007170573685427 0.017240307984515407 -0.025551019983576569 -0.028883055960409566 -0.015152370503095513 0.026645652605979221
leaf_weight=47.936003759503365 463.44272663444281 112.09442584216595 6.5135819166898719 243.34301371872425 55.21768955886364 129.58562326431274 46.205686002969742 141.29486453533173 75.573424115777016 340.95720501244068 53.03732855618 8.7677674889564496 27.106360673904419 753.35852701961994
leaf_count=341 3449 648 29 1570 259 622 221 592 320 1471 252 38 128 3873
internal_value=-0.000257839 0.00664689 0.0135478 -0.0142791 0.0228137 0.00279784 -0.00198115 0.00507702 0.00731984 0.0117108 -0.00296816 0.025437 0.0132656 0.0261009
internal_weight=2504.43 2040.99 1535.11 505.886 823.858 711.248 262.543 214.607 599.154 469.568 128.611 768.64 168.401 759.872
internal_count=13813 10364 7512 2852 4199 3313 1282 941 2665 2043 572 3940 720 3902
is_linear=0
shrinkage=0.03


Tree=40
num_leaves=15
num_cat=0
split_feature=7 1 1 4 2 6 1 5 1 8 6 7 1 7
split_gain=436.035 224.865 245.569 87.7554 73.5662 53.6221 52.7538 49.1889 46.7723 43.0421 39.8013 37.9216 49.1492 35.1333
threshold=17.050000000000004 -16.629999999999992 4.6200000000000037 71.984408050385881 28.870000000000005 5.5500000000000016 -12.019999999999996 2137.5385742187505 9.2500000000000053 23.650000000000006 5.8500000000000014 33.550000000000004 -3.8599999999999945 13.150000000000004
decision_type=2 2 2 2 2 2 2 2 2 2 2 2 2 2
left_child=13 9 3 7 5 6 -5 10 -4 -2 -3 12 -12 -1
right_child=1 2 8 4 -6 -7 -8 -9 -10 -11 11 -13 -14 -15
leaf_value=-0.030996855328518775 -0.034650740499888991 -0.0065807869205580976 -0.0061852469241447192 -0.017485795754616954 -0.016950516166521275 0.028900879095234623 0.018104067636304424 -0.029028421505308329 -0.032038373048194548 -0.0087575426156840646 -0.011011235890869777 0.02389181099131946 0.014709432561309278 -0.01428050419474108
leaf_weight=317.00377102196217 110.9906390234828 126.25434137880802 158.25795246660709 43.326034426689148 42.678590938448906 521.90248051285744 247.30812595784664 32.622327595949173 104.29941008985043 121.24885909259319 100.75670266151428 164.50896787643433 194.4463238120079 180.09371834993362
leaf_count=2311 791 600 826 199 208 2742 1237 179 840 677 477 704 872 1096
internal_value=9.5079e-05 0.00643671 0.0101469 0.0149088 0.0211305 0.0231491 0.0127568 0.00628693 -0.0165378 -0.0212278 0.00829913 0.0123911 0.00592309 -0.0249815
internal_weight=2465.7 1968.6 1736.36 1473.8 855.215 812.537 290.634 618.589 262.557 232.239 585.966 459.712 295.203 497.097
internal_count=13759 10352 8884 7218 4386 4178 1436 2832 1666 1468 2653 2053 1349 3407
is_linear=0
shrinkage=0.03


Tree=41
num_leaves=15
num_cat=0
split_feature=0 0 3 4 0 3 3 3 0 5 5 7 0 2
split_gain=519.869 279.211 251.666 81.7201 69.7927 51.939 44.4292 55.4317 41.5722 39.7432 35.8874 43.1817 35.7121 46.4771
threshold=15.61791666666667 2.5195833333333373 2.5310699015428226 70.415102171751968 19.772500000000008 2.9991522989611203 2.928646727972795 2.5473808314219206 5.1554166666666701 118.86473846435548 2137.5385742187505 33.550000000000004 7.4091666666666702 28.870000000000005
decision_type=2 2 2 2 2 2 2 2 2 2 2 2 2 2
left_child=1 -1 -3 10 6 8 7 -2 9 -5 11 -4 -7 -14
right_child=4 2 3 5 -6 12 -8 -9 -10 -11 -12 -13 13 -15
leaf_value=-0.027528610869038614 -0.030237618066575666 -0.023848714180917125 0.00018166684940271099 0.029348793463158121 -0.032648673543538155 -0.018434412591760076 -0.028552888493875925 0.0050367496759272925 0.02728866573937562 -0.014035039576013729 -0.029618129968282083 0.018676996882291221 0.019358161811709629 -0.02378898146928992
leaf_weight=175.34172216057777 53.888825580477715 156.41043467819691 272.70012573897839 31.337668791413307 332.69660763442516 36.232508420944214 104.24651178717613 147.97385823726654 672.36879135668278 45.137732580304146 23.175167098641396 193.76720163226128 168.25199165940285 25.040987104177475
leaf_count=1230 340 943 1253 134 2777 168 590 676 3540 209 122 824 823 117
internal_value=8.24332e-05 0.00833552 0.0122213 0.016078 -0.0231464 0.0210824 -0.0127461 -0.00448265 0.0249077 0.0038919 0.00605607 0.00788801 0.00854812 0.0136748
internal_weight=2438.57 1799.76 1624.42 1468.01 638.806 978.37 306.109 201.863 748.844 76.4754 489.642 466.467 229.525 193.293
internal_count=13746 9363 8133 7190 4383 4991 1606 1016 3883 343 2199 2077 1108 940
is_linear=0
shrinkage=0.03


Tree=42
num_leaves=15
num_cat=0
split_feature=0 1 0 5 3 1 0 1 2 1 0 3 5 0
split_gain=488.253 286.545 156.501 149.874 80.3928 75.5687 74.2819 63.5703 47.5167 42.0691 75.3976 38.9861 29.1297 29.1238
threshold=17.624583333333337 -6.1699999999999964 14.740000000000004 289.33708190917974 2.6049708415595538 -20.869999999999994 10.727500000000004 0.13000000000000259 16.430000000000007 -1.3199999999999974 12.223333333333338 3.0949879214112825 1092.9609985351565 19.772500000000008
decision_type=2 2 2 2 2 2 2 2 2 2 2 2 2 2
left_child=1 3 4 5 -3 -1 11 -4 -6 10 -10 -7 -9 -2
right_child=13 2 7 -5 8 6 -8 12 9 -11 -12 -13 -14 -15
leaf_value=-0.03176389369074608 -0.016004622869953931 -0.018710527981945741 -0.032481608716817593 -0.023384413896264503 -0.048250395698632771 0.013499771419554383 -0.033516048702740164 0.0073080640555843283 0.02152742271737965 0.029372459213073646 -0.017149129356841597 -0.056200357387774548 -0.030021878652365011 -0.032504938753448405
leaf_weight=47.430774465203285 140.95834698528051 42.441796734929085 59.113312780857086 321.17887516319752 7.4076806902885428 347.86661216616631 34.385723516345024 163.32578204572201 318.64899203181267 519.59487651288509 52.099510118365288 6.4063972979784003 20.254076614975929 326.8150023445487
leaf_count=352 798 231 348 1992 35 1618 182 721 1594 2685 245 33 101 2790
internal_value=-9.92211e-05 0.00653662 0.0157562 -0.00786651 0.0212956 0.00358974 0.00797464 -0.00570291 0.0232056 0.0238536 0.0160609 0.0120847 0.00304917 -0.0275775
internal_weight=2407.93 1940.15 1182.89 757.268 940.193 436.09 388.659 242.693 897.751 890.343 370.749 354.273 183.58 467.773
internal_count=13725 10137 5960 4177 4790 2185 1833 1170 4559 4524 1839 1651 822 3588
is_linear=0
shrinkage=0.03


Tree=43
num_leaves=15
num_cat=0
split_feature=0 3 0 4 3 5 6 2 6 5 2 6 0 5
split_gain=471.349 259.24 220.204 99.0938 84.3401 47.33 40.615 40.256 33.8132 26.3498 26.1019 25.005 23.5258 22.8743
threshold=18.315416666666671 2.5393897166869195 2.9616666666666704 72.686482673463118 3.0053006563276736 2137.5385742187505 5.4500000000000011 22.990000000000013 5.8500000000000014 1144.661804199219 30.740000000000009 8.0500000000000025 4.6191666666666702 1278.965759277344
decision_type=2 2 2 2 2 2 2 2 2 2 2 2 2 2
left_child=1 -1 -3 5 9 8 7 -6 10 12 -4 -10 -5 -8
right_child=-2 2 3 4 6 -7 13 -9 11 -11 -12 -13 -14 -15
leaf_value=-0.025170984332751174 -0.028909090579095843 -0.022842233892890002 0.0021924041858681319 0.0049769171523812248 0.0064630458044412798 -0.035443889822447783 0.019247822170409396 -0.034250086973723677 0.01113325230808882 -0.033253093945773804 -0.024583998828613375 -0.03515907964895329 0.028352978946827593 -0.040491220372824273
leaf_weight=212.6054532378912 420.06877898424864 167.16553651541471 123.41444459557533 42.112194672226906 48.16550624370575 23.372161209583282 97.857298508286476 38.624777898192406 594.76306192576885 5.8549733608961096 43.539944544434547 9.7414332032203657 563.61219049990177 5.2050102651119223
leaf_count=1372 3397 1119 563 190 233 124 493 190 2683 27 245 58 3110 25
internal_value=-8.94317e-05 0.00604863 0.00982471 0.0132579 0.0206961 0.00574126 0.00320743 -0.0118395 0.00703328 0.026111 -0.0048954 0.0103304 0.0267387 0.0158707
internal_weight=2396.1 1976.03 1763.43 1596.26 801.432 794.831 189.853 86.7903 771.459 611.579 166.954 604.504 605.724 103.062
internal_count=13829 10432 9060 7941 4268 3673 941 423 3549 3327 808 2741 3300 518
is_linear=0
shrinkage=0.03


Tree=44
num_leaves=15
num_cat=0
split_feature=0 0 3 5 2 3 6 3 0 2 0 2 6 8
split_gain=453.984 234.551 224.214 79.0818 97.9218 60.95 52.1017 43.4001 42.1423 45.3944 28.8229 27.992 27.2743 30.9242
threshold=17.868750000000009 2.5195833333333373 2.5310699015428226 1118.3176879882815 28.330000000000002 2.9991522989611203 5.6500000000000012 3.0245923782276005 5.1554166666666701 23.210000000000012 6.3316666666666697 23.210000000000012 6.2500000000000009 19.250000000000004
decision_type=2 2 2 2 2 2 2 2 2 2 2 2 2 2
left_child=1 -1 -3 4 6 -6 7 8 9 -4 -9 -12 13 -7
right_child=-2 2 3 -5 5 12 -8 10 -10 -11 11 -13 -14 -15
leaf_value=-0.027534250036974704 -0.027430441636687956 -0.023120932184619778 0.019812796373747322 -0.0087678674402126688 0.010229842864238319 0.0098687702708170118 0.02578824721815625 -0.04020466212571832 0.025264735906471558 -0.03234857025983847 0.015746158056337337 -0.016963687221231882 0.014871003428170208 -0.02992547746675657
leaf_weight=166.11322020739317 434.62126735597849 169.13501217961311 32.298054948449135 135.61382758617401 366.82580274343491 22.177001461386681 626.00673542916775 15.949849665164946 188.1953147649765 26.365679174661636 55.939284980297089 39.16233666241169 22.839322343468666 76.674623295664787
leaf_count=1219 3494 1059 145 643 1617 101 3335 79 1025 127 272 185 100 406
internal_value=0.000251018 0.00645295 0.00964343 0.0131018 0.0151206 0.00412977 0.0205679 0.0113908 0.0183752 -0.00377973 -0.00416049 0.00224006 -0.0141918 -0.0209884
internal_weight=2377.92 1943.3 1777.18 1608.05 1472.43 488.517 983.917 357.911 246.859 58.6637 111.051 95.1016 121.691 98.8516
internal_count=13807 10313 9094 8035 7392 2224 5168 1833 1297 272 536 457 607 507
is_linear=0
shrinkage=0.03


Tree=45
num_leaves=15
num_cat=0
split_feature=0 3 0 4 3 0 5 6 0 2 2 0 6 4
split_gain=435.812 224.666 199.278 74.9144 58.2584 46.7759 45.6959 41.652 38.9675 30.9394 28.3744 39.8378 32.414 26.4236
threshold=17.498750000000005 2.5310699015428226 2.3095833333333373 73.913375157659104 3.021156207445225 4.6191666666666702 2137.5385742187505 5.8500000000000014 19.772500000000008 29.73 25.190000000000008 7.6012500000000038 5.8500000000000014 80.653567762207658
decision_type=2 2 2 2 2 2 2 2 2 2 2 2 2 2
left_child=1 -1 -3 6 5 13 7 9 -2 -4 11 -6 -12 -5
right_child=8 2 3 4 10 -7 -8 -9 -10 -11 12 -13 -14 -15
leaf_value=-0.023980114938262572 -0.013194193051875672 -0.025586141991381754 0.0038465152156977036 -0.022686433452905792 -0.023223261711149738 0.027592490825405998 -0.03022755969317973 0.012178550907826191 -0.031955505641635157 -0.022625208912301551 -0.037796289377884165 0.020146289653671462 0.024267205607665106 0.021043001614245511
leaf_weight=191.51909869909286 150.20478006452322 128.33215652406216 139.63781018555164 26.870767802000046 23.341915726661682 505.62695430964231 27.359636694192886 644.85698384791613 308.05093297362328 54.422279477119446 24.665810108184814 88.23947237432003 9.9440025538206083 21.473865956068039
leaf_count=1262 861 957 654 127 112 2894 146 2961 2791 294 122 446 46 99
internal_value=0.000360906 0.00673846 0.0102219 0.01317 0.0204628 0.0249017 0.0072588 0.00851587 -0.0258481 -0.00365516 0.00358753 0.010948 -0.0197836 -0.00322975
internal_weight=2344.55 1886.29 1694.77 1566.44 700.163 553.972 866.277 838.917 458.256 194.06 146.191 111.581 34.6098 48.3446
internal_count=13772 10120 8858 7901 3846 3120 4055 3909 3652 948 726 558 168 226
is_linear=0
shrinkage=0.03


Tree=46
num_leaves=15
num_cat=0
split_feature=0 1 4 0 1 0 5 1 5 1 2 2 6 2
split_gain=426.905 242.73 144.949 100.703 75.3051 87.0314 75.2233 48.2456 48.0546 46.1864 39.0121 25.8752 25.6956 25.3052
threshold=18.315416666666671 -10.329999999999993 54.462871437503409 14.511250000000006 -2.2499999999999982 11.32083333333334 167.00722503662112 0.13000000000000259 821.58520507812511 -21.86999999999999 16.430000000000007 24.61000000000001 6.5500000000000016 28.190000000000008
decision_type=2 2 2 2 2 2 2 2 2 2 2 2 2 2
left_child=1 6 -3 4 5 -4 9 -5 -9 -1 -6 -8 -7 -13
right_child=-2 2 3 7 10 12 11 8 -10 -11 -12 13 -14 -15
leaf_value=-0.032416252344850988 -0.028601754960444346 -0.02171597009300533 0.016011822226158247 -0.031455477148689737 -0.049036641797269208 -0.029759203257406427 -0.031948218489096014 0.0092268454735982778 -0.032124803266930506 0.0094880719008956938 0.02714874282640567 -0.0034746425650203291 0.0051020589323936168 -0.025328703765957035
leaf_weight=26.92080345004797 386.63363805413246 104.17998486757278 404.9611836373806 40.679577648639679 5.2364937663078299 53.598610520362854 121.06695902347565 189.80379892885685 28.168531954288483 154.8106902167201 567.14909002929926 98.542430020868778 28.81047098338604 92.075743302702904
leaf_count=219 3310 646 2075 232 25 267 885 855 136 709 3078 541 124 585
internal_value=0.000111821 0.00591788 0.0122047 0.0148996 0.0189923 0.0102944 -0.012196 -0.00187777 0.00376068 0.00313715 0.0263675 -0.0211177 -0.0176565 -0.0141081
internal_weight=2302.64 1916 1422.59 1318.41 1059.76 487.37 493.417 258.652 217.972 181.731 572.386 311.685 82.4091 190.618
internal_count=13687 10377 7438 6792 5569 2466 2939 1223 991 928 3103 2011 391 1126
is_linear=0
shrinkage=0.03


Tree=47
num_leaves=15
num_cat=0
split_feature=0 3 0 4 3 1 0 0 2 2 0 6 4 6
split_gain=409.469 236.486 190.279 96.4194 74.1387 40.3645 72.3293 51.2385 43.6929 35.6917 38.0635 34.5257 32.687 26.4298
threshold=18.315416666666671 2.5393897166869195 3.3720833333333364 72.980779660173894 3.0023000025605238 -1.8699999999999972 12.582916666666671 15.18166666666667 33.810000000000009 25.190000000000008 6.8383333333333374 5.8500000000000014 64.166115723292293 6.7500000000000009
decision_type=2 2 2 2 2 2 2 2 2 2 2 2 2 2
left_child=1 -1 -3 5 -5 6 12 -7 13 10 -6 -11 -4 -9
right_child=-2 2 3 4 9 7 -8 8 -10 11 -12 -13 -14 -15
leaf_value=-0.024988252627308086 -0.028170146277590524 -0.020284100902115475 -0.012602117803513904 0.026000987894925297 -0.025653727792248514 0.021988479961608992 -0.029672332525605371 -0.021372767675078182 0.027370742432127851 -0.032363619493435178 0.019557056303737032 0.015468820303316274 0.0094814133896961878 0.005661188702011659
leaf_weight=200.42763833701611 383.5256734341383 173.83650470525026 77.229303121566772 555.81869411468506 18.828794941306114 217.26545664668083 65.849518239498138 67.227207936346531 38.963577672839165 36.977152243256569 110.71293968707323 20.389635697007179 263.30701948702335 61.597716674208641
leaf_count=1362 3349 1179 385 3206 89 1013 350 350 167 185 579 100 1185 272
internal_value=7.40325e-05 0.00576187 0.00938279 0.0127554 0.0205125 0.00545896 -0.00113757 0.0124059 -5.92101e-05 0.00413972 0.0128395 -0.015389 0.00445092 -0.00850243
internal_weight=2291.96 1908.43 1708 1534.17 742.727 791.44 406.386 385.054 167.789 186.909 129.542 57.3668 340.536 128.825
internal_count=13771 10422 9060 7881 4159 3722 1920 1802 789 953 668 285 1570 622
is_linear=0
shrinkage=0.03


Tree=48
num_leaves=15
num_cat=0
split_feature=0 1 0 5 1 0 0 1 5 5 3 0 5 6
split_gain=388.386 207.713 126.664 87.6414 82.4755 99.4903 70.4165 64.5205 37.1104 36.0109 33.1499 32.3019 32.2292 28.4988
threshold=18.444166666666671 -9.6099999999999941 14.740000000000004 293.93762207031256 -1.659999999999995 11.206250000000006 1.9095833333333367 0.20000000000000145 1782.2648925781252 529.26785278320324 3.3155064221748831 8.2450000000000028 2697.963500976563 6.3500000000000014
decision_type=2 2 2 2 2 2 2 2 2 2 2 2 2 2
left_child=1 3 4 6 5 12 -1 -4 10 -9 -6 -8 -3 -11
right_child=-2 2 7 -5 8 -7 11 9 -10 13 -12 -13 -14 -15
leaf_value=-0.032631646736523509 -0.028248531140269637 0.016432672080430651 -0.031957172535781973 -0.024270051893553756 0.026924111985883861 -0.01522603316569702 0.010588768843977211 0.0084796384345919157 -0.037235309388613011 -0.041022769294774136 -0.023909479267004506 -0.027426252367912157 -0.037747051107797205 2.2414570940114342e-05
leaf_weight=47.194202966988087 366.6764315739274 410.47202152758837 64.468896761536598 234.0591989159584 509.58350756019354 125.18416774272919 217.41881351172924 177.64997879415751 7.7035323083400717 26.258726939558983 11.082145571708677 21.199935376644135 9.2065113782882673 34.482740551233292
leaf_count=397 3280 2174 410 1628 2843 633 976 810 39 138 53 113 55 169
internal_value=-2.89843e-05 0.00544064 0.011542 -0.0107006 0.0163736 0.00816146 0.000457682 -0.00557739 0.0248108 0.00166027 0.0257984 0.00711098 0.0151572 -0.0180986
internal_weight=2262.64 1895.96 1376.09 519.872 1073.23 544.863 285.813 302.86 528.369 238.391 520.666 238.619 419.679 60.7415
internal_count=13718 10438 7324 3114 5797 2862 1486 1527 2935 1117 2896 1089 2229 307
is_linear=0
shrinkage=0.03


Tree=49
num_leaves=15
num_cat=0
split_feature=7 1 1 4 3 1 5 2 2 1 3 4 3 3
split_gain=307.14 173.51 164.505 86.306 72.1291 61.3158 61.5326 59.521 53.2925 26.3407 28.0801 25.3483 23.2807 22.0404
threshold=15.950000000000001 -20.869999999999994 7.8900000000000032 64.166115723292293 3.021156207445225 -3.2999999999999954 163.37332916259768 25.190000000000008 27.310000000000006 -10.769999999999996 3.3957507652705003 72.892099400201815 2.3468222213590955 3.1123133611707687
decision_type=2 2 2 2 2 2 2 2 2 2 2 2 2 2
left_child=-1 -2 3 8 5 6 -5 9 -3 -6 -11 -7 -10 -9
right_child=1 2 -4 4 7 11 -8 13 12 10 -12 -13 -14 -15
leaf_value=-0.024103703661043634 -0.031326392808013394 -0.030737508474291811 -0.025494306837233978 0.018549086455247468 -0.030847409693397318 0.015614018254351901 -0.0026920670922474465 -0.0022195771394986426 -0.023630414981248911 0.019726614513035427 -0.043948100306238372 0.028922692847224315 0.0056501860176155659 -0.024201348611132222
leaf_weight=393.99359507113695 110.15821850299835 59.194457434117794 126.48940435796976 273.51316893845797 10.226257309317587 218.84440755099058 221.59970065951347 92.586102277040482 27.500178262591362 140.82664113491774 5.5972682088613501 329.05243641883135 170.62101694941521 73.078399851918221
leaf_count=3119 943 359 1118 1390 54 1053 1104 459 184 700 28 2053 817 423
internal_value=-7.75765e-05 0.00502392 0.00732981 0.00990267 0.012905 0.0167349 0.00905583 0.000497974 -0.00601593 0.0137109 0.017011 0.023645 0.00148763 -0.0120033
internal_weight=2253.28 1859.29 1749.13 1622.64 1365.32 1043.01 495.113 322.315 257.316 156.65 146.424 547.897 198.121 165.665
internal_count=13804 10685 9742 8624 7264 5600 2494 1664 1360 782 728 3106 1001 882
is_linear=0
shrinkage=0.03


Tree=50
num_leaves=15
num_cat=0
split_feature=0 4 1 1 0 7 2 1 0 6 1 2 5 1
split_gain=355.491 205.802 171.975 63.7811 98.5825 80.8656 40.7364 39.0516 74.7665 37.6653 51.1763 34.1215 33.3526 32.8938
threshold=18.444166666666671 60.845749082720452 -20.869999999999994 -6.1699999999999964 14.740000000000004 30.350000000000005 16.430000000000007 -0.59999999999999842 11.683750000000005 6.5500000000000016 3.7000000000000046 31.780000000000001 841.39382934570324 -1.3999999999999984
decision_type=2 2 2 2 2 2 2 2 2 2 2 2 2 2
left_child=1 11 -3 5 6 -4 -5 8 -8 10 -6 -1 -12 -13
right_child=-2 2 3 4 9 -7 7 -9 -10 -11 12 13 -14 -15
leaf_value=-0.028890045216200283 -0.027586680577342555 -0.030099230503234972 -0.027197995643839255 -0.04647804645505331 -0.035125143766855785 0.0079144512647982106 0.021206502782620935 0.028309222588525522 -0.01154519323726738 0.011369545797429622 0.016339882774176875 -0.01915150899144253 -0.038220986853241372 0.0089630511447185337
leaf_weight=135.70392462611198 353.54602975398302 92.199188426136971 68.150022342801094 7.0908384919166556 52.815427079796791 402.71720850467682 327.44701887667179 394.04496215283871 76.859269388020039 98.654689610004425 47.876581594347954 95.65540973097086 11.718408018350599 60.378755517303944
leaf_count=935 3278 793 339 33 314 1972 1812 2297 367 438 204 647 62 288
internal_value=-4.17319e-05 0.00517428 0.00945112 0.0119213 0.0161463 0.00278565 0.0209236 0.0215797 0.0149672 -0.00209708 -0.0139118 -0.0179353 0.00515765 -0.00828454
internal_weight=2224.86 1871.31 1579.57 1487.37 1016.51 470.867 805.442 798.351 404.306 211.065 112.41 291.738 59.595 156.034
internal_count=13779 10501 8631 7838 5527 2311 4509 4476 2179 1018 580 1870 266 935
is_linear=0
shrinkage=0.03


Tree=51
num_leaves=15
num_cat=0
split_feature=0 1 0 1 7 3 1 2 3 0 8 1 0 2
split_gain=337.27 181.325 126.119 83.0216 99.8306 56.6246 55.919 43.8874 39.6686 42.4491 35.3537 34.7521 58.8695 27.8102
threshold=18.15666666666667 -6.1699999999999964 14.616666666666669 -20.869999999999994 34.95000000000001 2.6049708415595538 0.13000000000000259 16.430000000000007 2.8689088065662753 5.007916666666671 26.550000000000004 -1.0599999999999949 12.366666666666671 28.980000000000008
decision_type=2 2 2 2 2 2 2 2 2 2 2 2 2 2
left_child=1 3 5 -1 -5 -3 -4 -7 9 10 -6 12 -9 -8
right_child=-2 2 6 4 8 7 13 11 -10 -11 -12 -13 -14 -15
leaf_value=-0.030251785729354632 -0.02653256092997321 -0.015994874840016854 -0.030107502431797582 -0.019493857671948292 -0.010782419387970962 -0.046819060226056586 -0.017424279340661309 0.018859721212799087 -0.010531608026578916 0.022315405131549806 0.021406355555494888 0.026564757008020298 -0.01502164550327861 0.0078829188480072643
leaf_weight=114.31078873574734 367.41396456956863 40.623746812343597 61.001634702086449 202.03176141530275 93.990163490176201 7.841100573539733 49.60086677968502 311.83324386924505 93.537622578442097 158.81759747117758 44.380377754569054 425.69882367551327 53.372582443058491 170.78780560195446
leaf_count=1015 3406 233 400 1219 486 37 244 1699 457 832 183 2508 257 791
internal_value=-0.000345501 0.00493002 0.0124308 -0.00696015 -0.00242507 0.0182522 -0.00493717 0.0200119 0.00642788 0.0117832 -0.000378812 0.0207327 0.0138807 0.00213428
internal_weight=2195.24 1827.83 1120.76 707.068 592.758 839.369 281.39 798.746 390.726 297.188 138.371 790.905 365.206 220.389
internal_count=13767 10361 6169 4192 3177 4734 1435 4501 1958 1501 669 4464 1956 1035
is_linear=0
shrinkage=0.03


Tree=52
num_leaves=15
num_cat=0
split_feature=7 1 1 3 4 2 1 3 8 2 7 6 3 2
split_gain=257.338 159.466 136.286 62.3697 63.4669 54.5846 44.1217 38.4467 35.249 27.2094 26.3393 40.6328 47.6258 25.7329
threshold=17.050000000000004 -16.629999999999992 7.8900000000000032 3.0992350405272688 72.366455604023699 25.190000000000008 -12.019999999999996 2.365431802716774 23.650000000000006 25.690000000000008 11.650000000000004 7.0500000000000016 2.5556022371618456 23.510000000000009
decision_type=2 2 2 2 2 2 2 2 2 2 2 2 2 2
left_child=10 8 3 4 7 -5 9 -3 -2 -6 -1 -12 -13 -9
right_child=1 2 -4 5 6 -7 -8 13 -10 -11 11 12 -14 -15
leaf_value=-0.028091690139911588 -0.032441053472369807 -0.027971138243633831 -0.023255062095053774 0.0098239326413320106 -0.017183308168421244 -0.023467280487770654 0.022648489756536671 -0.014847097619080459 -0.0076039703449018864 0.021954459775944374 -0.027109058361951249 -0.024536153068207125 0.0152897002843494 0.0098685486075708907
leaf_weight=214.14287950098515 96.643496438860893 26.819185920059681 110.70072878152132 95.454812481999397 42.975534036755562 81.108723603188992 583.70702266693115 39.885924465954304 110.36766827851534 24.133147284388542 96.58491212874651 43.874029025435448 66.940170772373676 541.70884843915701
leaf_count=1927 820 180 1033 465 204 464 3609 217 671 113 753 341 374 2579
internal_value=0.000306349 0.00536792 0.00868019 0.0111569 0.0134971 -0.00551523 0.0200039 0.0065154 -0.0192994 -0.00299316 -0.0207113 -0.0129928 -0.000556738 0.00815097
internal_weight=2175.05 1753.51 1546.49 1435.79 1259.23 176.564 650.816 608.414 207.011 67.1087 421.542 207.399 110.814 581.595
internal_count=13750 10355 8864 7831 6902 929 3926 2976 1491 317 3395 1468 715 2796
is_linear=0
shrinkage=0.03


Tree=53
num_leaves=15
num_cat=0
split_feature=3 1 1 3 5 2 2 1 6 1 5 6 2 1
split_gain=227.907 189.318 133.286 84.094 97.9214 64.6356 46.7122 42.5469 36.235 33.2125 32.407 30.5169 28.4615 24.5069
threshold=2.5310699015428226 7.8900000000000032 -20.869999999999994 2.9991522989611203 1072.7744750976565 25.190000000000008 28.330000000000002 -2.6199999999999943 6.3500000000000014 -3.719999999999994 195.29129028320315 5.4500000000000011 20.110000000000007 -8.0599999999999934
decision_type=2 2 2 2 2 2 2 2 2 2 2 2 2 2
left_child=-1 2 -2 4 6 11 7 12 -7 10 -8 13 -4 -5
right_child=1 -3 3 5 -6 8 9 -9 -10 -11 -12 -13 -14 -15
leaf_value=-0.025785601551214753 -0.030255734424200438 -0.026244918836559421 -0.033356663726451019 -0.039999240564153979 -0.013494538385153578 -0.018896338787636895 0.010089264676888254 0.028358449124077787 0.016050761795508163 0.012148708373985616 -0.023273158714762342 0.02103699219780706 0.014751025899168303 0.003844826416722211
leaf_weight=268.70749898999929 82.446463324129581 171.53721626102924 10.479421421885489 13.024756722152231 117.0729126110673 191.72827331721783 49.112782314419746 306.42942843586206 30.21507216989994 306.80699834227562 54.141151189804077 99.724880024790764 381.86040650308132 62.352238483726978
leaf_count=2198 745 1700 64 68 660 1115 220 2023 156 1557 263 532 2053 320
internal_value=2.08958e-06 0.0037057 0.0067319 0.00862836 0.0125122 -0.00336466 0.0152678 0.0199821 -0.014088 0.00720514 -0.00745974 0.0102301 0.0133845 -0.00415572
internal_weight=2145.64 1876.93 1705.39 1622.95 1225.9 397.045 1108.83 698.769 221.943 410.061 103.254 175.102 392.34 75.377
internal_count=13674 11476 9776 9031 6840 2191 6180 4140 1271 2040 483 920 2117 388
is_linear=0
shrinkage=0.03


Tree=54
num_leaves=15
num_cat=0
split_feature=0 3 1 5 3 1 7 1 2 0 0 5 0 5
split_gain=309.229 170.552 136.607 75.8266 76.1284 56.1931 69.5165 49.6174 58.5996 36.882 32.4525 27.2024 21.8216 23.9702
threshold=18.444166666666671 2.5310699015428226 -20.369999999999994 1118.3176879882815 2.9991522989611203 -2.719999999999994 29.850000000000005 -5.839999999999999 30.000000000000007 13.552083333333337 1.6875000000000033 139.38381958007815 12.827500000000006 2697.963500976563
decision_type=2 2 2 2 2 2 2 2 2 2 2 2 2 2
left_child=1 -1 -3 4 5 6 -4 -6 -9 -7 -8 -12 13 -5
right_child=-2 2 3 12 7 9 10 8 -10 -11 11 -13 -14 -15
leaf_value=-0.022403053427568539 -0.026917411562804538 -0.028051857741601176 -0.011707413673771479 0.0035438236323334306 -0.023174051971325802 0.028785229177739187 -0.035221603239431264 0.014592041490330252 -0.016327479324084244 0.0125129096017696 0.024213685765831376 0.0079978873520150894 -0.029066317398264607 -0.030250448542439062
leaf_weight=186.19130955636501 327.83706876635551 89.172682106494904 113.40131134539843 92.793785504996777 67.118811383843422 344.10245952010155 10.373020961880682 186.93600887805223 77.151446901261806 200.76250116527081 193.54174248129129 181.35829441994429 38.893649026751518 22.668317250907421
leaf_count=1366 3258 795 593 445 326 2198 74 1000 439 930 1026 923 206 153
internal_value=-0.000160489 0.00471295 0.00784471 0.00995505 0.0121937 0.0161675 0.00886404 -0.000337847 0.00553159 0.0228234 0.0149337 0.0164114 -0.00993301 -0.00329368
internal_weight=2132.3 1804.47 1618.27 1529.1 1374.75 1043.54 498.674 331.206 264.087 544.865 385.273 374.9 154.356 115.462
internal_count=13732 10474 9108 8313 7509 5744 2616 1765 1439 3128 2023 1949 804 598
is_linear=0
shrinkage=0.03


Tree=55
num_leaves=15
num_cat=0
split_feature=0 3 0 5 2 5 3 6 0 2 6 8 3 8
split_gain=307.844 161.617 136.749 62.187 66.5867 51.1967 48.0915 40.6863 39.8367 25.9564 21.7807 24.1822 21.6075 19.4105
threshold=18.315416666666671 2.5393897166869195 2.5195833333333373 1712.0418701171877 28.330000000000002 139.38381958007815 2.9860682343331555 5.4500000000000011 14.960833333333339 22.990000000000013 6.6500000000000012 19.250000000000004 3.3957507652705003 14.050000000000002
decision_type=2 2 2 2 2 2 2 2 2 2 2 2 2 2
left_child=1 -1 -3 4 5 -4 -6 9 13 12 11 -8 -7 -9
right_child=-2 2 3 -5 6 7 10 8 -10 -11 -12 -13 -14 -15
leaf_value=-0.021415894186680294 -0.026635062966349467 -0.022875604877919349 0.024470351773263958 -0.021429067594089187 0.0084557940489699002 0.015008853922561682 0.0095392816934714662 -0.011562772343676263 -0.029362119099698988 -0.017822669339413157 0.021257464181332203 -0.023232597226308077 -0.049635607435719334 0.01853705945527781
leaf_weight=188.98031385987997 333.40870320051908 119.47507584095001 398.88857117295265 52.432381324470043 370.13283178210258 53.53217589110136 24.959591656923294 19.750646278262138 16.64789430052042 64.912788309156895 14.624463170766829 96.831330716609955 4.1138050258159629 351.40123892575502
leaf_count=1402 3344 986 2474 272 1699 284 120 123 86 344 68 538 21 1985
internal_value=-0.000228196 0.00473946 0.00786418 0.0103795 0.0115717 0.0164238 0.00284726 0.0100991 0.0148518 -0.00493776 -0.0123211 -0.0164934 0.00962792 0.0169085
internal_weight=2110.09 1776.68 1587.7 1468.23 1415.8 909.247 506.548 510.359 387.8 122.559 136.415 121.791 57.646 371.152
internal_count=13746 10402 9000 8014 7742 5317 2425 2843 2194 649 726 658 305 2108
is_linear=0
shrinkage=0.03


Tree=56
num_leaves=15
num_cat=0
split_feature=0 3 0 5 3 2 0 4 0 5 8 7 0 5
split_gain=296.716 154.533 124.919 64.151 74.273 48.1445 37.389 52.6639 29.7336 24.1936 28.7121 18.8557 18.6263 23.3916
threshold=19.165000000000006 2.5393897166869195 1.6875000000000033 1118.3176879882815 3.0053006563276736 29.830000000000002 5.1554166666666701 72.980779660173894 6.3316666666666697 108.58045959472658 25.750000000000004 9.9500000000000011 12.977916666666673 2276.419311523438
decision_type=2 2 2 2 2 2 2 2 2 2 2 2 2 2
left_child=1 -1 -3 4 6 8 9 11 -6 -4 -11 -8 13 -5
right_child=-2 2 3 12 5 -7 7 -9 -10 10 -12 -13 -14 -15
leaf_value=-0.020737701590069327 -0.028409335390100668 -0.027843933103257761 0.018838886327004981 0.0049625920064671411 -0.027320857983415246 -0.020067945034895753 -0.02526340064267479 0.024876680145576913 0.0094307687270709737 -0.0233929616077274 0.0093813016183295905 0.011597689637426868 -0.027054280393410891 -0.029420196231669787
leaf_weight=190.24949887394905 278.98395386338234 83.088570296764374 44.694376558065414 78.675044432282448 20.874998182058334 86.308246903121471 11.914858639240263 455.25726953148842 212.18421742320061 49.104071781039238 45.478683523833752 473.70608645677567 38.686170019209385 21.944794707000256
leaf_count=1431 3024 793 198 364 105 518 68 3039 1120 262 210 2280 211 131
internal_value=0.000334584 0.00477295 0.00777626 0.0097164 0.0116492 -0.00105894 0.015404 0.0175494 0.00603628 0.000889518 -0.00770068 0.0106432 -0.00964553 -0.00275188
internal_weight=2091.15 1812.17 1621.92 1538.83 1399.52 319.367 1080.16 940.878 233.059 139.277 94.5828 485.621 139.306 100.62
internal_count=13754 10730 9299 8506 7800 1743 6057 5387 1225 670 472 2348 706 495
is_linear=0
shrinkage=0.03


Tree=57
num_leaves=15
num_cat=0
split_feature=0 3 1 3 2 1 7 0 2 6 6 7 1 2
split_gain=282.61 158.117 125.363 74.843 67.1824 63.6992 60.0853 51.317 39.0345 37.0442 31.0107 34.0264 26.9339 27.5237
threshold=19.772500000000008 2.5310699015428226 -20.869999999999994 2.9991522989611203 25.79000000000001 -2.6199999999999943 22.250000000000004 13.552083333333337 20.110000000000007 6.3500000000000014 7.0500000000000016 22.650000000000006 -8.2399999999999949 16.430000000000007
decision_type=2 2 2 2 2 2 2 2 2 2 2 2 2 2
left_child=1 -1 -3 5 12 6 -4 -7 -8 -6 11 -9 13 -5
right_child=-2 2 3 4 9 7 8 10 -10 -11 -12 -13 -14 -15
leaf_value=-0.02153258587303486 -0.030072649964102655 -0.029556558725342373 -0.019825491833020889 0.042652247585943492 -0.019600652563671841 0.027313254425021114 -0.022809419763452899 -0.016820903848619485 0.011526543212996091 0.017659441633031816 0.020674419195830792 0.012822224175386737 0.014925461750943112 -0.030636319762889427
leaf_weight=190.55601263046265 243.24453488737345 78.284304082393646 71.482435278594494 4.8085384294390705 171.57169312983751 342.61202122271061 30.875994890928268 60.515418261289597 474.40294606983662 27.098900511860847 120.82759139686823 79.400069497525692 165.09649232029915 22.62553396821022
leaf_count=1462 2799 756 389 20 980 2263 210 324 2540 129 566 381 896 115
internal_value=0.000249126 0.00427142 0.00726344 0.00911548 -0.00225214 0.0128825 0.00573884 0.0196905 0.00938747 -0.0144553 0.00960819 -2.72307e-05 0.0103499 -0.0167423
internal_weight=2083.4 1840.16 1649.6 1571.32 391.201 1180.12 576.761 603.355 505.279 198.671 260.743 139.915 192.531 27.4341
internal_count=13830 11031 9569 8813 2140 6673 3139 3534 2750 1109 1271 705 1031 135
is_linear=0
shrinkage=0.03


Tree=58
num_leaves=15
num_cat=0
split_feature=0 4 1 1 0 0 6 8 4 2 2 3 8 1
split_gain=260.635 153.409 129.851 58.8682 102.58 56.4819 52.4328 50.3893 33.3343 30.7662 30.7255 23.5344 22.839 42.9087
threshold=19.478750000000005 54.462871437503409 -20.869999999999994 -3.9799999999999964 14.511250000000006 10.191250000000005 6.7500000000000009 20.150000000000006 62.402036062599194 16.430000000000007 28.870000000000005 3.1989813056003746 26.550000000000004 -12.339999999999995
decision_type=2 2 2 2 2 2 2 2 2 2 2 2 2 2
left_child=1 -1 -3 5 9 8 7 -6 -4 -5 -8 -11 13 -10
right_child=-2 2 3 4 6 -7 10 -9 12 11 -12 -13 -14 -15
leaf_value=-0.021806292997770156 -0.028527277096950795 -0.029796474868717233 -0.022255071076298767 -0.042396046481504079 0.015729004776248615 -0.019747424159598091 -0.047072186921391375 -0.022626365419798278 -0.012050434366479011 0.022463349856699934 0.016505593639819259 -0.0033590387018450855 0.017198734473363873 0.010776975112250944
leaf_weight=184.61297917366028 251.28823889046907 81.030918531119823 35.099468432366848 6.0496458858251563 40.86953116953373 92.431894287467003 6.2919088304042807 117.46220753341913 110.0048054382205 597.43187262117863 121.71296206116676 33.290149822831154 152.83460051566362 222.14868868142366
leaf_count=1449 2914 814 231 29 199 462 36 676 562 3736 550 172 718 1234
internal_value=3.15567e-05 0.0040293 0.00699123 0.00895055 0.0137312 0.00173513 -0.00118189 -0.0126893 0.00558366 0.0204285 0.0130399 0.0210973 0.00764005 0.00320336
internal_weight=2052.56 1801.27 1616.66 1535.63 923.108 612.519 286.337 158.332 520.088 636.772 128.005 630.722 484.988 332.153
internal_count=13782 10868 9419 8605 5398 3207 1461 875 2745 3937 586 3908 2514 1796
is_linear=0
shrinkage=0.03


Tree=59
num_leaves=15
num_cat=0
split_feature=0 3 1 5 3 1 0 0 5 2 6 0 3 2
split_gain=258.284 144.804 113.451 64.635 65.8588 59.1203 68.8771 59.466 39.0347 34.6472 21.6438 20.0836 18.4152 25.1468
threshold=19.165000000000006 2.5393897166869195 -20.869999999999994 1118.3176879882815 3.0697901557035743 -2.0799999999999965 11.206250000000006 14.960833333333339 139.38381958007815 25.190000000000008 6.2500000000000009 6.3316666666666697 2.9241138089003358 29.060000000000009
decision_type=2 2 2 2 2 2 2 2 2 2 2 2 2 2
left_child=1 -1 -3 4 5 6 8 -7 -4 11 -11 -6 13 -9
right_child=-2 2 3 -5 9 7 -8 12 -10 10 -12 -13 -14 -15
leaf_value=-0.020916830829387129 -0.02790606709172332 -0.028850810835298488 0.020261051794022461 -0.0099885892119331611 -0.025610844529264015 0.026582237218169234 -0.020086353924304027 -0.024992543302561288 0.0034501095209388349 -0.021395478734069044 0.026001672438720185 0.014143541205653311 -0.011372137836288087 0.015550281559861375
leaf_weight=185.45897922664881 259.46240913122892 74.556070789694786 217.75416330248117 147.41404525190592 12.493183046579359 407.50154114514589 74.145982958376408 14.574523493647574 289.11214157938957 94.20335990190506 8.6976479142904264 75.952965177595615 41.946825876832008 123.56155017763376
leaf_count=1442 3004 756 1223 794 60 2697 370 71 1561 546 38 413 228 546
internal_value=-1.5266e-05 0.00409276 0.00703617 0.00882914 0.0108748 0.0135448 0.00674161 0.0202489 0.0106979 -0.00541703 -0.0171776 0.00830461 0.00584993 0.0111238
internal_weight=2026.84 1767.37 1581.91 1507.36 1359.94 1168.6 581.012 587.584 506.866 191.347 102.901 88.4461 180.083 138.136
internal_count=13749 10745 9303 8547 7753 6696 3154 3542 2784 1057 584 473 845 617
is_linear=0
shrinkage=0.03


Tree=60
num_leaves=15
num_cat=0
split_feature=0 3 1 0 1 0 3 5 1 3 5 2 1 3
split_gain=242.251 131.42 110.707 62.375 106.962 65.0687 45.956 38.85 48.1471 30.6643 29.5557 26.7565 20.7679 18.7605
threshold=19.165000000000006 2.5310699015428226 -20.369999999999994 15.18166666666667 -1.3199999999999974 12.223333333333338 2.928646727972795 167.00722503662112 -6.1699999999999964 3.3015161197560743 1594.5361938476565 29.460000000000008 -0.7999999999999956 2.955601171248905
decision_type=2 2 2 2 2 2 2 2 2 2 2 2 2 2
left_child=1 -1 -3 4 5 7 11 13 -9 10 -6 -5 -13 -4
right_child=-2 2 3 6 9 -7 -8 8 -10 -11 -12 12 -14 -15
leaf_value=-0.020849681214646899 -0.027477214350577296 -0.027433789298019349 0.01797795861165238 -0.023579542415646276 0.025097385693988693 -0.021677993084954966 -0.022030589505690805 -0.0072673036835009114 0.013201742003978556 -0.024976481895448301 -0.03298099156169889 -0.031246504530881535 0.013633149443859904 -0.0049679640838871447
leaf_weight=175.73787361383438 256.39806308597326 81.409672193229198 273.07284340262413 24.311255909502506 426.54157668352127 76.47352223098278 93.050025716423988 245.64419301599264 177.11965349316597 11.016860604286192 7.2119050174951544 9.1253176480531675 117.93217577040195 35.887576691806316
leaf_count=1392 3027 809 1563 129 2767 405 568 1302 976 56 33 56 527 182
internal_value=-0.000297868 0.00368736 0.00643008 0.00828827 0.0109913 0.00447801 -0.00555689 0.00723746 0.00131925 0.0227902 0.0240581 0.00464801 0.010191 0.0153052
internal_weight=2010.93 1754.53 1578.8 1497.39 1252.97 808.198 244.419 731.724 422.764 444.77 433.753 151.369 127.057 308.96
internal_count=13792 10765 9373 8564 7284 4428 1280 4023 2278 2856 2800 712 583 1745
is_linear=0
shrinkage=0.03


Tree=61
num_leaves=15
num_cat=0
split_feature=0 1 0 5 1 0 0 1 2 5 5 0 5 0
split_gain=236.023 137.908 85.4631 64.0308 55.5122 67.7896 46.5644 39.4632 33.9844 31.0669 30.6908 29.4057 28.9761 22.0638
threshold=18.315416666666671 -9.6099999999999941 14.740000000000004 354.11683654785162 -1.3199999999999974 11.206250000000006 1.9095833333333367 1.1200000000000061 28.980000000000008 289.33708190917974 1594.5361938476565 7.7600000000000042 3011.185424804688 8.2450000000000028
decision_type=2 2 2 2 2 2 2 2 2 2 2 2 2 2
left_child=1 3 4 6 5 12 -1 -4 9 -9 11 -6 -3 -8
right_child=-2 2 7 -5 10 -7 13 8 -10 -11 -12 -13 -14 -15
leaf_value=-0.029379917317322632 -0.024601045191443141 0.014710481462307709 -0.022678957342919304 -0.023762485618458798 -0.04251491331114713 -0.011187487927156698 0.007113228443631046 0.0043852288436490488 0.0096845767947216603 -0.041672153397617456 -0.035057964602295259 0.024102780366299051 -0.039010125578232434 -0.022612541942611225
leaf_weight=42.881584979593754 299.0041983127594 394.62473903596401 80.547658860683441 176.88381822407246 5.1769834756851187 132.12562312185764 223.06464856863022 26.219633474946022 143.12559115886688 25.16021192073822 7.4652961865067473 402.85973327606916 8.3138130828738195 24.001863040030003
leaf_count=452 3349 2313 544 1474 26 706 1066 118 646 142 38 2696 55 134
internal_value=-7.56095e-05 0.00426925 0.00955268 -0.00959262 0.0138108 0.00740052 -0.000896277 -0.00515991 0.00217389 -0.0185336 0.0220281 0.0231557 0.0135082 0.00414593
internal_weight=1991.46 1692.45 1225.62 466.832 950.566 535.064 289.948 275.053 194.505 51.3798 415.502 408.037 402.939 247.067
internal_count=13759 10410 7284 3126 5834 3074 1652 1450 906 260 2760 2722 2368 1200
is_linear=0
shrinkage=0.03


Tree=62
num_leaves=15
num_cat=0
split_feature=7 1 1 5 3 1 5 3 2 1 6 7 3 3
split_gain=200.236 106.6 84.6733 50.09 47.5139 49.0826 49.0819 40.1699 36.0633 25.2275 22.2279 22.0011 25.09 24.5034
threshold=17.250000000000004 -20.869999999999994 8.8300000000000036 2137.5385742187505 3.0992350405272688 -4.119999999999993 173.15576934814456 2.618100417062156 25.190000000000008 2.3400000000000025 6.1500000000000012 12.950000000000001 2.9217436838819402 2.5310699015428226
decision_type=2 2 2 2 2 2 2 2 2 2 2 2 2 2
left_child=11 -2 3 4 5 6 -3 -7 -6 -9 -10 -1 13 -13
right_child=1 2 -4 -5 8 7 -8 9 10 -11 -12 12 -14 -15
leaf_value=-0.026002143933548768 -0.027935674307428385 0.012687931212812382 -0.025222532168217827 -0.024250665813773931 0.0073761088058737793 -0.012665374288637664 -0.0054167203713270714 0.021503602210307109 -0.025878293046110005 0.0081716242843851376 0.022225063978052663 -0.025785000653432859 -0.028317462904285523 0.0055333398268025743
leaf_weight=218.41395830363035 85.844602324068546 280.94423820078373 72.292515628039837 41.555707432329655 85.820435777306557 40.404478818178177 257.3524754345417 476.46263194084167 72.432682909071445 176.77595859766006 9.0268267840147001 30.087677508592606 51.864883713424206 80.371335104107857
leaf_count=2265 935 1519 886 279 445 239 1362 3126 468 990 49 268 523 447
internal_value=-0.000264551 0.00439373 0.0062452 0.00784052 0.00881025 0.0108467 0.00403834 0.0161169 -0.00616276 0.0179138 -0.0203429 -0.0197873 -0.011317 -0.00315219
internal_weight=1979.65 1598.91 1513.07 1440.78 1399.22 1231.94 538.297 693.643 167.28 653.239 81.4595 380.738 162.324 110.459
internal_count=13801 10298 9363 8477 8198 7236 2881 4355 962 4116 517 3503 1238 715
is_linear=0
shrinkage=0.03


Tree=63
num_leaves=15
num_cat=0
split_feature=0 1 0 1 0 0 1 7 6 8 8 2 2 4
split_gain=207.804 105.864 106.441 61.1884 64.058 40.104 38.9838 37.8682 34.587 40.945 33.5687 28.9751 26.5005 24.1996
threshold=19.772500000000008 -10.049999999999995 14.511250000000006 -1.5599999999999976 11.32083333333334 2.0920833333333362 -0.35999999999999793 27.550000000000004 6.5500000000000016 18.550000000000004 25.750000000000004 16.430000000000007 28.980000000000008 48.067643348421477
decision_type=2 2 2 2 2 2 2 2 2 2 2 2 2 2
left_child=1 5 3 4 -3 -1 -4 -7 9 -8 -9 -5 -10 -14
right_child=-2 2 6 11 -6 7 8 10 12 -11 -12 -13 13 -15
leaf_value=-0.026463963443766014 -0.02835897939285241 0.011326735032850047 -0.028624347537537433 -0.047088145074823833 -0.013857618830751121 -0.022225571332387326 0.016301906319085388 -0.0095682839229310774 -0.034669399455530707 -0.023420346256463196 0.012290944543256211 0.022090913975256896 -0.02158963936165726 0.013069187695446282
leaf_weight=100.61972519010305 215.01894018054008 405.46446852385998 58.695901647210121 4.6193704456090918 116.16579386591911 84.109178833663464 29.750721260905266 130.77884554862976 12.425534918904303 98.314357124269009 120.55178475379944 405.13755688071251 19.594719342887402 155.48209016025066
leaf_count=1075 2814 2399 447 22 631 656 144 677 77 603 562 2779 157 736
internal_value=-0.000605119 0.00283548 0.00710916 0.0125352 0.00570246 -0.00994778 -0.00639133 -0.00492959 -0.0021786 -0.0141377 0.000923744 0.0211983 0.00602118 0.00908956
internal_weight=1956.73 1741.71 1305.65 931.387 521.63 436.06 374.263 335.44 315.567 128.065 251.331 409.757 187.502 175.077
internal_count=13779 10965 7995 5831 3030 2970 2164 1895 1717 747 1239 2801 970 893
is_linear=0
shrinkage=0.03


Tree=64
num_leaves=15
num_cat=0
split_feature=7 3 5 3 2 5 2 6 3 3 4 7 6 5
split_gain=165.907 60.1859 70.3654 52.9365 51.4701 31.8563 36.8887 30.3521 21.7044 17.8715 17.2493 15.8635 18.1382 21.345
threshold=14.450000000000001 3.1296479655739806 1712.0418701171877 2.5310699015428226 24.150000000000009 101.85620880126955 31.610000000000003 5.8500000000000014 3.3957507652705003 2.9049264216215964 65.719957942251654 22.450000000000006 7.0500000000000016 223.41780090332034
decision_type=2 2 2 2 2 2 2 2 2 2 2 2 2 2
left_child=-1 2 3 -2 8 6 10 -7 -3 -8 -5 12 13 -9
right_child=1 4 -4 5 -6 7 9 11 -10 -11 -12 -13 -14 -15
leaf_value=-0.022382870219116238 -0.016449449671278139 0.014483933023038549 -0.021834347940183775 -0.017033756682438766 -0.024458879692907044 -0.0025663166215438818 0.0065724902144887517 0.010605961474074199 -0.04098473277849822 -0.026767877858072418 0.02006044739733381 0.012176127292818788 0.012823218788458686 -0.01688468754353795
leaf_weight=264.56010644882917 82.417626798152924 58.125829078257084 81.126267947256565 10.946227684617041 120.39656500518322 308.83986649662256 35.593084238469601 40.267972439527512 6.1425723433494559 23.044725693762302 338.31993873417377 420.94019205868244 74.03828452527523 65.558419071137905
leaf_count=2713 583 299 599 52 1165 2016 180 261 31 202 2333 2498 397 406
internal_value=-0.000360416 0.00314858 0.00516399 0.00674297 -0.0129566 0.00820512 0.0151632 0.00507174 0.0086357 -0.00675945 0.0188526 0.00899577 0.00152656 -0.00642287
internal_weight=1930.32 1665.76 1481.09 1399.97 184.665 1317.55 407.904 909.645 64.2684 58.6378 349.266 600.805 179.865 105.826
internal_count=13735 11022 9527 8928 1495 8345 2767 5578 330 382 2385 3562 1064 667
is_linear=0
shrinkage=0.03


Tree=65
num_leaves=15
num_cat=0
split_feature=0 1 0 1 0 5 1 1 5 3 6 0 4 5
split_gain=195.696 106.447 89.7466 56.9613 64.1862 49.712 39.1422 38.6883 30.2801 28.6245 27.6932 31.1823 25.344 23.6346
threshold=19.478750000000005 -9.6099999999999941 14.740000000000004 -1.3199999999999974 11.32083333333334 354.11683654785162 -22.949999999999992 0.13000000000000259 1072.7744750976565 3.3335742151318679 5.3500000000000014 8.2450000000000028 61.625391831882332 1782.2648925781252
decision_type=2 2 2 2 2 2 2 2 2 2 2 2 2 2
left_child=1 5 3 4 12 6 -1 -4 -9 13 -8 -12 -3 -5
right_child=-2 2 7 9 -6 -7 10 8 -10 -11 11 -13 -14 -15
leaf_value=-0.031965747624148187 -0.026888577751882414 -0.013312378587309623 -0.027529967653125795 0.023229731529633837 -0.012251870506864826 -0.021735980123848749 -0.014881239271976517 0.0028184137535113584 -0.028694653709246495 -0.031734649107289674 0.012853254946664712 -0.02297870997447507 0.014204842079711297 -0.032015767287871054
leaf_weight=32.190389662981033 215.82716780155897 31.99383918941021 58.664288893342018 387.24761632084846 128.77826245874166 171.79695855081081 60.408869713544846 237.50153957307339 30.01107207685709 8.1943607628345472 167.99127171188593 24.174760043621063 372.13095304369926 6.2649843990802756
leaf_count=362 2883 190 459 2719 699 1489 325 1217 195 41 823 137 2235 33
internal_value=-3.2035e-05 0.00335683 0.00785023 0.0125752 0.00612661 -0.00904162 -0.00133393 -0.00568565 -0.000810599 0.0210935 0.00268072 0.00824992 0.0119989 0.0222713
internal_weight=1933.18 1717.35 1260.79 934.61 532.903 456.562 284.765 326.177 267.513 401.707 252.575 192.166 404.125 393.513
internal_count=13807 10924 7788 5917 3124 3136 1647 1871 1412 2793 1285 960 2425 2752
is_linear=0
shrinkage=0.03


Tree=66
num_leaves=15
num_cat=0
split_feature=0 1 0 1 7 0 5 1 2 5 0 6 0 5
split_gain=194.197 113.631 83.8295 67.7269 56.6548 42.2159 40.2166 30.9844 35.5991 32.3563 27.1337 27.1048 26.8285 22.2976
threshold=19.772500000000008 -11.209999999999996 14.511250000000006 -1.4999999999999953 68.65000000000002 1.6875000000000033 112.43531036376955 -0.35999999999999793 29.460000000000008 307.43368530273443 11.32083333333334 5.5500000000000016 7.7600000000000042 2028.0090942382815
decision_type=2 2 2 2 2 2 2 2 2 2 2 2 2 2
left_child=1 5 3 4 10 -1 -7 -4 9 -9 -3 -10 -5 -14
right_child=-2 2 7 12 -6 6 -8 8 11 -11 -12 -13 13 -15
leaf_value=-0.029793145841102573 -0.027786533189468294 0.0045921413543843275 -0.026123232706608799 -0.040721562810768094 0.021068419995089772 0.013911169993613302 -0.011797347923831858 0.00021597326409106203 -0.027325376808689076 -0.038831663910102419 -0.012307918377258174 0.0079002277871087403 0.023526354729150132 -0.037027170959471056
leaf_weight=83.10876801609993 200.527364179492 304.43549521267414 51.690662018954754 5.2200633883476248 153.98489824682474 70.83512706309557 230.3202552869916 38.849846951663494 20.697383791208267 36.546852633357048 117.74178221821785 210.28884929418564 380.29737015068531 4.6969131082296363
leaf_count=982 2783 1784 415 26 969 328 1424 195 160 227 650 1088 2707 26
internal_value=6.69839e-05 0.00335009 0.00751686 0.0121077 0.0055555 -0.0109938 -0.00572439 -0.00487229 -0.00121366 -0.018972 -0.000139093 0.00463968 0.0217433 0.0226936
internal_weight=1909.24 1708.71 1324.45 966.377 576.162 384.264 301.155 358.074 306.383 75.3967 422.177 230.986 390.214 384.994
internal_count=13764 10981 8247 6162 3403 2734 1752 2085 1670 422 2434 1248 2759 2733
is_linear=0
shrinkage=0.03


Tree=67
num_leaves=15
num_cat=0
split_feature=0 3 1 0 1 6 1 7 3 0 0 2 1 2
split_gain=194.405 116.397 85.778 80.1591 62.2314 46.3939 45.4245 51.3381 41.3517 37.9584 34.2025 31.0296 25.986 25.6996
threshold=19.772500000000008 2.5393897166869195 -6.1699999999999964 13.552083333333337 -0.59999999999999842 6.6500000000000012 -22.429999999999989 32.150000000000013 2.8773195038736046 5.1554166666666701 15.749166666666673 16.430000000000007 3.7000000000000046 16.430000000000007
decision_type=2 2 2 2 2 2 2 2 2 2 2 2 2 2
left_child=1 -1 6 11 -5 10 -3 -8 9 -9 -6 -4 -12 -10
right_child=-2 2 3 4 5 -7 7 8 13 -11 12 -13 -14 -15
leaf_value=-0.019667745390357226 -0.028313052483436265 -0.030407364938205814 -0.043685379291325127 -0.031139555920143541 0.011281434729330407 0.016205149118811549 -0.019992458927805219 -0.0013979161160821779 0.028223488043115152 0.020873185842648353 -0.03570939602630005 0.018478334364871358 -0.0047858082266340248 -0.018988578575898894
leaf_weight=179.07729417085648 196.81459993869066 51.739892676472664 6.3976919502019873 48.735860839486122 60.9849738702178 162.13124066591263 99.826849766075611 134.3252135887742 10.976859472692011 140.10394591093063 39.401441179215908 603.24799462407827 62.9119758233428 81.168652638792992
leaf_count=1527 2800 620 31 313 318 794 563 727 51 826 315 4100 337 417
internal_value=-0.000181064 0.0031275 0.00585664 0.0110558 0.00012131 0.00488394 -0.00401736 -0.00103102 0.00417297 0.0100066 -0.00638656 0.0177555 -0.016925 -0.0131218
internal_weight=1877.84 1681.03 1501.95 983.811 374.165 325.43 518.141 466.402 366.575 274.429 163.298 609.646 102.313 92.1455
internal_count=13739 10939 9412 6208 2077 1764 3204 2584 2021 1553 970 4131 652 468
is_linear=0
shrinkage=0.03


Tree=68
num_leaves=15
num_cat=0
split_feature=7 1 1 5 3 3 2 5 1 2 7 2 1 3
split_gain=154.607 100.204 80.561 54.1839 46.5052 48.911 47.798 36.6197 42.0681 20.7577 23.6 19.7343 18.8386 20.5009
threshold=14.450000000000001 -20.869999999999994 9.2500000000000053 2028.0090942382815 2.9991522989611203 2.5310699015428226 24.910000000000011 117.28497695922853 -3.1999999999999953 25.750000000000004 37.850000000000009 31.440000000000005 -8.2399999999999949 3.3957507652705003
decision_type=2 2 2 2 2 2 2 2 2 2 2 2 2 2
left_child=-1 -2 3 4 5 -3 12 11 9 -9 -11 -7 -6 -14
right_child=1 2 -4 -5 6 7 -8 8 -10 10 -12 -13 13 -15
leaf_value=-0.021809094188399641 -0.028825389238352789 -0.012320667960196605 -0.025985153412518645 -0.024744647828036447 -0.019292265434476805 0.022958793109727253 -0.011202717118783864 -0.009148280989651628 0.015795608886507124 -0.0018157247545830392 0.019560731888593211 0.0020962996325396784 0.017760926589271839 -0.035927976779029251
leaf_weight=253.02782557159662 81.636415123939514 76.109568223357201 70.647046700119972 47.072778545320034 15.286320380866526 309.3630793094635 203.79512231051922 123.33427265286446 323.48101348429918 118.63586583733559 75.265672422945499 47.229180380702019 122.83524738997221 5.8368443846702567
leaf_count=2729 981 515 1007 336 82 2177 1262 728 1990 608 389 240 742 29
internal_value=-4.74641e-05 0.00336173 0.00508683 0.00659858 0.00765341 0.0107399 -0.00187716 0.0125103 0.00820068 0.000430944 0.00653964 0.0202092 0.0113108 0.0150672
internal_weight=1873.56 1620.53 1538.89 1468.24 1421.17 1073.42 347.754 997.309 640.717 317.236 193.902 356.592 143.958 128.672
internal_count=13815 11086 10105 9098 8762 6647 2115 6132 3715 1725 997 2417 853 771
is_linear=0
shrinkage=0.03


Tree=69
num_leaves=15
num_cat=0
split_feature=0 3 0 3 5 0 4 0 4 6 7 5 0 2
split_gain=163.521 88.1545 74.0918 45.2976 51.0692 46.5087 31.1084 53.1078 41.1984 24.4684 31.4587 22.6593 20.7751 34.3273
threshold=19.772500000000008 2.5310699015428226 1.6875000000000033 2.9991522989611203 1144.661804199219 15.873333333333335 72.980779660173894 4.6191666666666702 79.307823360413394 5.8500000000000014 32.150000000000013 39.467620849609382 6.3316666666666697 24.910000000000011
decision_type=2 2 2 2 2 2 2 2 2 2 2 2 2 2
left_child=1 11 -3 4 6 9 -4 8 -8 12 -11 -1 -5 -14
right_child=-2 2 3 5 -6 -7 7 -9 -10 10 -12 -13 13 -15
leaf_value=0.018625244208831715 -0.026644422108570404 -0.024696296038484344 0.0068378058837199138 -0.029055513046997071 -0.011981784794052012 -0.027754960768527587 -0.038559704862974116 0.021582994030193228 0.012083817857459269 -0.010420928064036923 0.025287454149207664 -0.021080584104917147 0.013477723504969327 -0.013233780939983703
leaf_weight=13.35678695887327 187.60802086442709 70.490832924842834 551.8209787234664 25.178328052163124 89.3375084400177 55.223626926541328 23.843306340277195 382.56232327222824 33.764819301664829 31.929972797632217 68.62078383564949 153.3982720375061 82.596763588488102 88.826777875423431
leaf_count=71 2775 827 2821 132 520 425 132 2985 179 180 394 1377 496 465
internal_value=-0.000164483 0.00282274 0.00512019 0.00660237 0.00964424 -0.00273304 0.011602 0.0175455 -0.00917721 0.00199459 0.0139573 -0.0178081 -0.00416331 -0.000359892
internal_weight=1858.56 1670.95 1504.2 1433.71 1081.33 352.376 991.991 440.17 57.6081 297.153 100.551 166.755 196.602 171.424
internal_count=13779 11004 9556 8729 6637 2092 6117 3296 311 1667 574 1448 1093 961
is_linear=0
shrinkage=0.03


Tree=70
num_leaves=15
num_cat=0
split_feature=7 1 1 3 1 3 5 2 7 5 7 6 2 2
split_gain=132.55 76.7552 81.5261 47.2171 55.0184 47.9867 40.3766 30.4128 27.4039 24.0619 22.7761 37.9202 21.0053 18.8244
threshold=12.950000000000001 -20.869999999999994 9.7300000000000058 3.1296479655739806 -3.9799999999999964 2.5556022371618456 167.00722503662112 25.310000000000009 30.650000000000006 1946.307800292969 22.250000000000004 7.0500000000000016 18.010000000000005 31.130000000000006
decision_type=2 2 2 2 2 2 2 2 2 2 2 2 2 2
left_child=-1 -2 3 4 6 -6 8 -5 -3 10 11 13 -12 -7
right_child=1 2 -4 7 5 9 -8 -9 -10 -11 12 -13 -14 -15
leaf_value=-0.023375886943992508 -0.026263659908390344 -0.016787788902707341 -0.027020301132538338 0.0030226899140543347 -0.021426390138140333 0.0063446483327739816 -0.0067059681078774505 -0.025109325438584226 0.012517187935808791 -0.027951281789122966 -0.049712992402848578 0.020493102760692352 0.018905414464836005 -0.017148921548087059
leaf_weight=194.71032293885946 77.28540413826704 31.774745650589466 70.998338859528303 68.712143182754517 34.762372843921185 66.473097741603851 322.20277588814497 68.247889749705791 237.38991611450911 11.102652199566363 3.1199467480182639 99.178904481232166 505.66035453230143 55.429211482405663
leaf_count=2287 950 194 1068 365 266 466 1875 540 1343 58 18 537 3498 375
internal_value=-2.99917e-05 0.00273355 0.00417216 0.00566156 0.00734526 0.0125947 0.000449667 -0.011076 0.00900842 0.0142175 0.0148964 0.00681449 0.0183879 -0.00439054
internal_weight=1847.05 1652.34 1575.05 1504.05 1367.09 775.727 591.367 136.96 269.165 740.964 729.862 221.081 508.78 121.902
internal_count=13840 11553 10603 9535 8630 5218 3412 905 1537 4952 4894 1378 3516 841
is_linear=0
shrinkage=0.03


Tree=71
num_leaves=15
num_cat=0
split_feature=0 1 0 1 0 5 1 5 5 8 7 2 1 1
split_gain=158.321 82.4143 74.4827 57.2617 45.6173 38.3256 31.6664 30.8 26.0944 24.9799 24.5795 23.2135 22.6756 20.7212
threshold=19.772500000000008 -9.6099999999999941 14.511250000000006 -1.659999999999995 11.32083333333334 141.06745147705081 0.13000000000000259 1072.7744750976565 2028.0090942382815 25.550000000000004 32.45000000000001 16.430000000000007 23.110000000000007 -21.86999999999999
decision_type=2 2 2 2 2 2 2 2 2 2 2 2 2 2
left_child=1 5 3 4 -3 13 -4 -8 11 -7 -11 -5 -2 -1
right_child=12 2 6 8 -6 9 7 -9 -10 10 -12 -13 -14 -15
leaf_value=-0.028226237615965023 -0.02816861042701314 0.0097060512681260095 -0.023861149421377129 -0.037238307919624299 -0.012373223746353806 -0.02198076621791854 0.0029322166051135626 -0.02771384050290578 -0.042712916820447484 -0.019930998176026768 0.0068848107891514255 0.022072225903267986 0.044477071094789565 0.0081151858549742516
leaf_weight=14.832892529666422 178.25907906144857 362.54626839607954 62.879825107753277 5.1663275361061087 108.68232630193233 170.09012192487717 259.63086999952793 32.284778192639351 4.9479247182607642 51.66482600569725 73.121294938027859 372.06196077167988 3.0927023366093627 130.73844414204359
leaf_count=189 2747 2262 521 24 606 1468 1390 226 28 404 423 2815 48 674
internal_value=-0.000166945 0.0027653 0.00681412 0.0116129 0.00459836 -0.00833137 -0.00472875 -0.000540165 0.0202273 -0.0145333 -0.00428785 0.0211636 -0.0266926 0.00424489
internal_weight=1830 1648.65 1208.2 853.405 471.229 440.448 354.795 291.916 382.176 294.876 124.786 377.228 181.352 145.571
internal_count=13825 11030 7872 5735 2868 3158 2137 1616 2867 2295 827 2839 2795 863
is_linear=0
shrinkage=0.03


Tree=72
num_leaves=15
num_cat=0
split_feature=0 4 0 3 4 0 1 0 2 1 2 7 1 6
split_gain=155.231 80.7249 70.8718 53.3263 42.6974 38.6632 35.3356 35.13 31.5741 22.4675 22.1671 22.0948 38.9086 29.9262
threshold=19.772500000000008 51.090448556717369 1.6875000000000033 2.9991522989611203 72.980779660173894 15.873333333333335 -6.1699999999999964 3.3720833333333364 24.490000000000013 23.110000000000007 21.130000000000006 23.850000000000005 -5.0199999999999934 7.0500000000000016
decision_type=2 2 2 2 2 2 2 2 2 2 2 2 2 2
left_child=1 -1 -3 4 8 6 10 -6 -4 -2 -5 12 -10 -14
right_child=9 2 3 5 7 -7 -8 -9 11 -11 -12 -13 13 -15
leaf_value=-0.019797383551690671 -0.027807711159632442 -0.024611321880348917 -0.018845844090755161 0.017887592008151387 -0.017913124288513448 -0.026807002819129563 0.0064729952235533976 0.019138426026379877 -0.022293519556814707 0.044582441538220649 -0.024978144171324781 0.011635160724644968 -0.0068133070212989645 0.015997308202250888
leaf_weight=126.56263507157564 174.76868962869048 68.200283132493496 45.77302036434412 12.44830399006605 23.643549188971519 53.955964341759682 224.40275005996227 407.83183673024178 54.083786003291607 3.0827199816703788 60.077502951025963 351.99543329328299 91.192379988729954 117.40089067816734
leaf_count=1213 2755 851 260 52 141 419 1320 3190 363 46 308 1783 515 590
internal_value=0.000227449 0.00312398 0.00505571 0.00647412 0.00974141 -0.00369217 0.000583986 0.0170714 0.00493409 -0.0263107 -0.0174775 0.00673265 0.000143923 0.00604008
internal_weight=1815.42 1637.57 1511.01 1442.81 1091.92 350.885 296.929 431.475 660.446 177.851 72.5258 614.672 262.677 208.593
internal_count=13806 11005 9792 8941 6842 2099 1680 3331 3511 2801 360 3251 1468 1105
is_linear=0
shrinkage=0.03


Tree=73
num_leaves=15
num_cat=0
split_feature=0 0 5 2 1 6 0 0 6 5 0 0 1 1
split_gain=153.409 74.0174 69.2915 61.3256 44.3068 37.274 33.0062 26.8151 26.535 25.9976 25.6957 24.5194 22.7167 22.6982
threshold=19.772500000000008 2.5195833333333373 1024.3920898437502 28.330000000000002 -0.59999999999999842 5.8500000000000014 15.18166666666667 5.1554166666666701 7.0500000000000016 112.43531036376955 17.132916666666674 13.671250000000004 -6.299999999999998 3.8000000000000047
decision_type=2 2 2 2 2 2 2 2 2 2 2 2 2 2
left_child=1 -1 3 5 11 7 -6 9 13 -3 -7 12 -5 -8
right_child=-2 2 -4 4 6 10 8 -9 -10 -11 -12 -13 -14 -15
leaf_value=-0.020820526018787571 -0.027071205483144598 0.013952248648887784 -0.012193185830589951 -0.013159757036590242 0.023002243212877107 0.02014946809975246 -0.024631535433372761 0.0094567084238710835 0.012336098691767331 -0.024585827942030271 -0.033005467801914226 -0.027290129331816911 0.0062706756241452354 0.0037392702245512919
leaf_weight=112.11977951973677 172.98740134015679 23.315260872244835 196.96185886114836 124.73068128526211 86.01015543192625 372.99062146991491 47.783362746238708 301.2987017557025 91.421478636562824 44.437190636992455 7.5015648752450934 53.703874297440052 94.311329990625381 52.429587468504906
leaf_count=1215 2794 121 1344 736 463 2747 345 2067 473 228 47 404 462 255
internal_value=-0.000310212 0.00258193 0.00434753 0.00686118 -0.000743696 0.012439 0.00767906 0.00562326 0.000717935 -0.0113139 0.0190177 -0.00931446 -0.00480326 -0.00989815
internal_weight=1782 1609.02 1496.9 1299.93 550.39 749.543 277.645 369.051 191.634 67.7525 380.492 272.746 219.042 100.213
internal_count=13701 10907 9692 8348 3138 5210 1536 2416 1073 349 2794 1602 1198 600
is_linear=0
shrinkage=0.03


Tree=74
num_leaves=15
num_cat=0
split_feature=7 1 3 3 2 1 1 4 3 6 7 8 1 8
split_gain=117.921 66.5321 76.1424 53.643 45.0399 33.7351 38.3735 33.7629 30.4654 25.0744 22.6068 23.7547 39.6925 21.0576
threshold=12.950000000000001 -20.869999999999994 3.0697901557035743 2.5556022371618456 24.910000000000011 -3.2999999999999954 9.7300000000000058 73.913375157659104 2.8689088065662753 7.2500000000000009 36.95000000000001 26.550000000000004 -12.019999999999996 22.350000000000005
decision_type=2 2 2 2 2 2 2 2 2 2 2 2 2 2
left_child=-1 -2 3 -3 -4 8 7 9 10 -7 -5 12 -12 -6
right_child=1 2 4 5 13 6 -8 -9 -10 -11 11 -13 -14 -15
leaf_value=-0.023312137166871388 -0.025927087478860234 -0.013662561722082068 0.0047811701328704355 -0.0049683201791206845 -0.0030968360344340719 0.0043802043116256701 -0.031143278268134109 0.023235419396788689 -0.0096996733473831611 0.022132012312088386 -0.011136134393347142 0.025114980251137554 0.016714081382419199 -0.026925912219619534
leaf_weight=183.91682907938957 72.27222577854991 107.97591080889106 100.63871510326862 102.75103148818016 46.039561677724123 293.40457898005843 16.360855508595705 231.58025325834751 132.85166795551777 94.052846968173981 75.434316612780094 80.161908261477947 115.14865701645613 123.11918853968382
leaf_count=2300 952 792 568 586 378 1733 248 2083 710 474 424 415 796 1325
internal_value=-0.000635871 0.00199715 0.00334148 0.00646229 -0.0110848 0.0083758 0.0129741 0.0141884 0.00259138 0.00873522 0.0069775 0.0115127 0.00569015 -0.0204967
internal_weight=1775.71 1591.79 1519.52 1249.72 269.797 1141.75 635.399 619.038 506.348 387.457 373.496 270.745 190.583 169.159
internal_count=13784 11484 10532 8261 2271 7469 4538 4290 2931 2207 2221 1635 1220 1703
is_linear=0
shrinkage=0.03


Tree=75
num_leaves=15
num_cat=0
split_feature=3 1 1 3 5 1 2 1 6 2 5 5 2 3
split_gain=95.3976 77.0762 58.6209 49.9269 47.6411 48.9045 39.7994 36.5309 35.9946 26.9232 24.2212 19.4291 19.049 18.7049
threshold=2.4936671310044445 8.8300000000000036 -22.949999999999992 2.9991522989611203 151.088005065918 -3.609999999999999 28.330000000000002 2.9000000000000017 5.7500000000000009 31.440000000000005 348.63291931152349 1782.2648925781252 20.670000000000005 2.7081488483781833
decision_type=2 2 2 2 2 2 2 2 2 2 2 2 2 2
left_child=-1 2 -2 4 9 10 8 11 12 -4 -6 -7 -5 -3
right_child=1 13 3 6 5 7 -8 -9 -10 -11 -12 -13 -14 -15
leaf_value=-0.021154581355246591 -0.029246130821542735 0.039177933092283519 0.018725977443069534 0.0084511149630914582 0.001173185880714144 0.017670803140673624 -0.017447782428344983 -0.0060554750229192241 0.019245108429213051 -0.0012730953945912199 -0.016488963521874657 -0.022917741357846376 -0.013930573894605568 -0.027021405122667777
leaf_weight=173.9221507832408 45.719515018165112 3.1597247235476962 379.85950116068125 53.014386620372534 161.73000834137201 249.61356506124139 136.72840166091919 90.755665592849255 78.706539273262024 71.896763019263744 121.8800042681396 10.252306796610354 92.905696928501129 88.618301726877689
leaf_count=2016 641 27 2773 311 886 1664 1030 656 490 391 813 56 513 1479
internal_value=-0.000129127 0.00219011 0.0038364 0.0049009 0.0081132 0.0028018 -0.00474886 0.0102811 0.00302395 0.0155474 -0.0064483 0.0159878 -0.00579688 -0.0243446
internal_weight=1758.76 1584.84 1493.06 1447.34 1085.99 634.232 361.355 350.622 224.627 451.756 283.61 259.866 145.92 91.778
internal_count=13746 11730 10224 9583 7239 4075 2344 2376 1314 3164 1699 1720 824 1506
is_linear=0
shrinkage=0.03


Tree=76
num_leaves=15
num_cat=0
split_feature=0 0 7 5 3 1 0 0 5 3 8 5 1 3
split_gain=143.935 69.2078 58.5062 50.0244 38.355 33.4742 37.8801 30.0657 27.0373 21.2695 20.6976 20.2413 25.6239 20.2261
threshold=19.772500000000008 1.6875000000000033 17.550000000000004 2137.5385742187505 2.9991522989611203 -6.8099999999999969 15.873333333333335 5.1554166666666701 95.991077423095717 2.3468222213590955 25.750000000000004 159.65335845947268 -3.1999999999999953 2.7904751702341759
decision_type=2 2 2 2 2 2 2 2 2 2 2 2 2 2
left_child=1 -1 -3 4 7 -6 -7 8 -4 -9 13 -11 -13 -10
right_child=-2 2 3 -5 5 6 -8 9 10 11 -12 12 -14 -15
leaf_value=-0.025014260882884064 -0.026596773263006496 -0.009937984592393102 0.020078240191085454 -0.029222961441835608 -0.02213956651245768 0.0083130833659584256 -0.022519859709732228 -0.019096769013181501 -0.03601188526326022 0.01906055515735566 0.0042353373113605203 0.00010029540119626469 0.015556112568737976 -0.00051476020193889655
leaf_weight=74.987907506525517 163.12551468983293 219.76167293637991 38.750995859503746 32.853132039308548 55.857657961547375 217.66536159068346 41.912088572978973 17.111357972025871 33.197426252067089 364.13171415776014 57.144842594861984 163.33814009279013 235.10554062575102 25.064613975584507
leaf_count=1014 2785 1754 183 225 282 1283 295 120 194 2698 287 907 1516 147
internal_value=0.000141282 0.00292239 0.00433295 0.00678487 0.00775441 -0.00128745 0.00326739 0.0108067 -0.00129248 0.0131975 -0.00857911 0.0139462 0.00923626 -0.0210072
internal_weight=1740.01 1576.88 1501.89 1282.13 1249.28 315.435 259.577 933.845 154.158 779.687 115.407 762.575 398.444 58.262
internal_count=13690 10905 9891 8137 7912 1860 1578 6052 811 5241 628 5121 2423 341
is_linear=0
shrinkage=0.03


Tree=77
num_leaves=15
num_cat=0
split_feature=0 1 5 0 1 2 0 1 2 2 3 0 0 3
split_gain=126.836 83.7322 41.3084 34.4021 43.4809 31.5678 29.7585 26.1722 26.0671 22.1968 21.214 20.9867 20.7091 19.7922
threshold=16.857916666666675 -6.1699999999999964 183.67058563232425 13.552083333333337 -0.59999999999999842 17.030000000000005 21.34500000000001 23.110000000000007 40.870000000000012 26.090000000000007 2.6049708415595538 10.727500000000004 1.6875000000000033 3.0949879214112825
decision_type=2 2 2 2 2 2 2 2 2 2 2 2 2 2
left_child=1 2 11 5 -5 -3 8 -8 -2 -6 -7 12 -1 -14
right_child=6 3 -4 4 9 10 7 -9 -10 -11 -12 -13 13 -15
leaf_value=-0.023019755267901211 -0.010927643502558494 -0.034899881850239858 -0.011862682276733195 -0.023261636020642483 -0.018028539502439891 -0.0096675253351644948 -0.030081588560447636 0.051706189956064595 0.068532017607374332 0.011244665480655525 0.016382396246653001 -0.026781137360637444 0.010586843615779194 -0.047154583135896502
leaf_weight=18.621747214347124 188.87888146936893 10.720553256571291 329.85499069467187 52.805451609194279 26.146049655973911 29.074088752269745 128.51824212446809 2.7427139692008486 2.8044072203338137 167.16659741848707 531.72544676810503 17.304476134479046 213.88207396864891 4.5054451525211325
leaf_count=256 1533 58 2534 382 156 185 2304 43 38 874 4004 122 1185 22
internal_value=-0.000110508 0.00379674 -0.00487281 0.00998915 0.000606879 0.0140214 -0.0170301 -0.0279946 -0.00941548 0.00721298 0.0150171 0.00420429 0.00656961 0.0091861
internal_weight=1724.75 1401.81 584.169 817.638 246.118 571.52 322.944 131.261 191.683 193.313 560.8 254.314 237.009 218.388
internal_count=13696 9778 4119 5659 1412 4247 3918 2347 1571 1030 4189 1585 1463 1207
is_linear=0
shrinkage=0.03


Tree=78
num_leaves=15
num_cat=0
split_feature=0 1 7 5 6 2 2 0 6 8 1 0 1 0
split_gain=119.131 71.5308 50.0769 36.3405 29.659 35.1209 30.1335 27.8247 27.0684 24.5894 24.1905 23.6382 22.3972 24.0594
threshold=19.478750000000005 -16.949999999999992 15.250000000000002 2137.5385742187505 5.6500000000000012 27.54000000000001 23.43000000000001 13.450000000000005 5.2500000000000009 23.650000000000006 -6.1699999999999964 10.615000000000004 -2.6199999999999943 7.9279166666666701
decision_type=2 2 2 2 2 2 2 2 2 2 2 2 2 2
left_child=1 9 -3 4 6 7 -4 12 -8 -1 11 -7 -6 -14
right_child=-2 2 3 -5 5 10 8 -9 -10 -11 -12 -13 13 -15
leaf_value=-0.029677935528439541 -0.024493211263099699 -0.012505450820413266 0.0096299889252435683 -0.023730205501784021 0.01064574624629263 0.0013011742198834021 -0.023352553884293217 -0.01079829117756316 1.3715764241673001e-05 -0.0062628729821148097 0.0084378379054107621 -0.028599682456387512 -0.05567691634846611 0.027004307620762422
leaf_weight=71.673903055489063 167.71454585343599 142.36660891026258 155.57591137290001 34.456368960440159 161.631891079247 80.969557046890259 66.804750137031078 29.864482939243317 130.48709818720818 92.363741219043732 345.94185675680637 32.650994807481766 2.3188879564404479 196.82898613065481
leaf_count=891 2917 1190 1036 245 1013 429 390 190 860 700 1817 189 12 1844
internal_value=-0.000557466 0.0020568 0.00428645 0.00622675 0.00710372 0.0101352 -0.000208514 0.0167384 -0.00797618 -0.0166116 0.00449817 -0.00746595 0.0190414 0.0257682
internal_weight=1711.65 1543.94 1379.9 1237.53 1203.07 850.207 352.868 390.644 197.292 164.038 459.562 113.621 360.78 199.148
internal_count=13723 10806 9215 8025 7780 5494 2286 3059 1250 1591 2435 618 2869 1856
is_linear=0
shrinkage=0.03


Tree=79
num_leaves=15
num_cat=0
split_feature=0 1 4 3 6 8 4 0 4 1 8 0 8 8
split_gain=117.215 64.9078 50.819 41.2749 27.2418 25.5471 24.3987 34.3911 26.162 22.8962 21.396 21.2818 20.9525 20.8051
threshold=19.772500000000008 -16.949999999999992 51.610016136662914 3.1123133611707687 5.9500000000000011 25.650000000000006 72.980779660173894 4.6191666666666702 79.307823360413394 23.110000000000007 37.550000000000004 14.616666666666669 36.550000000000004 23.650000000000006
decision_type=2 2 2 2 2 2 2 2 2 2 2 2 2 2
left_child=1 13 10 6 5 -5 12 8 -8 -2 -3 -9 -4 -1
right_child=9 2 3 4 -6 -7 7 11 -10 -11 -12 -13 -14 -15
leaf_value=-0.027256824668687462 -0.026785764002629116 -0.01841917961385113 0.0058394765188535544 -0.0031861383453191268 0.02655021462300167 -0.031062339864838726 -0.035723835162343238 0.017991856542101572 0.0079060875517225782 0.047694703387525295 0.04996713656704696 -0.0095887255580326628 -0.016799903568633399 -0.0057956266795868858
leaf_weight=71.173934232443571 148.07791268825531 97.769069574773312 635.30397470295429 79.109136037528515 16.277455843985081 46.519561871886253 19.942664816975594 393.03448833525181 29.527091220021248 2.9277698397636405 3.3533960357308379 26.293402060866356 38.094665892422199 94.715130727738142
leaf_count=895 2704 938 3508 476 87 320 96 3365 158 45 21 146 205 717
internal_value=0.000104336 0.00256652 0.00469295 0.00630861 -0.00890506 -0.0136723 0.00820489 0.0134545 -0.0100417 -0.0250374 -0.0156843 0.0162438 0.00453574 -0.0151116
internal_weight=1702.12 1551.11 1385.22 1284.1 141.906 125.629 1142.2 468.798 49.4698 151.006 101.122 419.328 673.399 165.889
internal_count=13681 10932 9320 8361 883 796 7478 3765 254 2749 959 3511 3713 1612
is_linear=0
shrinkage=0.03


Tree=80
num_leaves=15
num_cat=0
split_feature=0 3 0 3 5 0 4 6 7 8 7 0 7 6
split_gain=106.285 72.7297 46.3528 38.1638 39.8195 33.4634 22.5793 20.3381 24.0117 22.8054 20.1504 21.4046 18.173 17.818
threshold=21.34500000000001 2.5393897166869195 1.6875000000000033 2.992168973336701 1092.9609985351565 15.873333333333335 79.307823360413394 5.3500000000000014 32.150000000000013 14.850000000000003 125.75000000000001 5.1554166666666701 95.15000000000002 6.5500000000000016
decision_type=2 2 2 2 2 2 2 2 2 2 2 2 2 2
left_child=1 -1 -3 4 6 7 10 9 -9 12 -4 -12 -5 -6
right_child=-2 2 3 5 13 -7 -8 8 -10 -11 11 -13 -14 -15
leaf_value=-0.017098060328385029 -0.027506887144765027 -0.022471539463834341 0.0086845334206391723 -0.017159869339032185 -0.025184637270440288 -0.022542001440294782 0.022033599556803292 -0.0096797761920192332 0.012827868206143079 -0.022961087002977998 -0.048505853921061028 0.013502824001862873 0.025522011366935465 0.0012208543675799497
leaf_weight=168.54723038896918 121.83350785076618 57.410807128995657 764.37832143902779 14.542033217847345 41.534325875341892 66.790612567216158 116.92183378338814 59.957248911261559 141.92637817561626 54.455747462809086 10.555107772350313 8.2268744483590108 20.44077555835247 49.885805767029524
leaf_count=1694 2329 794 4922 69 258 641 1008 355 860 301 51 68 119 305
internal_value=-0.000628607 0.00146593 0.00370026 0.00482939 0.00785913 -0.00355754 0.00977635 0.000857193 0.00612858 -0.0109777 0.00792064 -0.0220353 0.00779574 -0.0109185
internal_weight=1697.41 1575.57 1407.03 1349.62 991.502 358.113 900.082 291.322 201.884 89.4386 783.16 18.782 34.9828 91.4201
internal_count=13774 11445 9751 8957 6612 2345 6049 1704 1215 489 5041 119 188 563
is_linear=0
shrinkage=0.03


Tree=81
num_leaves=15
num_cat=0
split_feature=0 1 3 3 1 0 0 5 6 8 2 5 8 5
split_gain=119.593 66.057 45.4055 35.8601 35.5328 46.9124 34.3702 31.8472 29.4634 28.9641 25.6708 23.2764 19.3679 19.4204
threshold=20.112500000000008 -16.629999999999992 2.4936671310044445 3.1123133611707687 -2.2499999999999982 14.511250000000006 11.206250000000006 134.22866058349612 7.2500000000000009 40.350000000000016 25.310000000000009 1946.307800292969 23.650000000000006 108.58045959472658
decision_type=2 2 2 2 2 2 2 2 2 2 2 2 2 2
left_child=1 12 -3 4 6 9 7 -4 -7 11 -5 -6 -1 -14
right_child=-2 2 3 10 5 8 -8 -9 -10 -11 -12 -13 13 -15
leaf_value=-0.027157616366274662 -0.02662736621201792 -0.015649732179327667 0.016461054898499066 0.0035506060074022394 0.022261845700463641 -0.0043322908472101561 -0.014857904321511637 -0.00015331673532179536 0.017624460951391089 -0.05236341838575783 -0.021655611207816217 -0.03809888062188975 0.01701366427123234 -0.013916753879302792
leaf_weight=71.474137738347054 140.62975599244237 93.870538644492626 156.17497305572033 77.930592447519302 323.09158190339804 165.67138730734587 88.148592367768288 305.91901034116745 81.135425247251987 3.9616021290421477 66.785603798925877 4.9815181493759146 22.98025856167078 76.53839623555541
leaf_count=923 2697 924 1071 433 2764 930 494 1822 409 24 494 25 132 611
internal_value=-0.000246728 0.00218012 0.00438087 0.00586811 0.00767054 0.012853 0.00220529 0.0054853 0.00292778 0.0201996 -0.00815069 0.0212323 -0.0153455 -0.00667628
internal_weight=1679.29 1538.66 1367.67 1273.8 1129.08 578.842 550.243 462.094 246.807 332.035 144.716 328.073 170.993 99.5187
internal_count=13753 11056 9390 8466 7539 4152 3387 2893 1339 2813 927 2789 1666 743
is_linear=0
shrinkage=0.03


Tree=82
num_leaves=15
num_cat=0
split_feature=0 1 4 6 4 0 1 8 5 7 5 8 8 1
split_gain=111.272 54.9726 46.9457 32.3816 38.4523 25.4913 23.8217 22.7737 20.7132 20.6055 22.4227 19.927 19.336 17.1232
threshold=20.112500000000008 -20.869999999999994 51.610016136662914 5.8500000000000014 74.111700236109343 15.873333333333335 -10.769999999999996 36.550000000000004 931.52178955078136 68.65000000000002 169.02221679687503 37.550000000000004 26.350000000000005 23.110000000000007
decision_type=2 2 2 2 2 2 2 2 2 2 2 2 2 2
left_child=1 -1 11 5 7 6 -4 -5 -6 12 -11 -3 -8 -2
right_child=13 2 3 4 8 -7 9 -9 -10 10 -12 -13 -14 -15
leaf_value=-0.024305471906689177 -0.027617775677366438 -0.018371802673364628 -0.011294845585048785 0.0062777082468513119 0.021615663536931087 -0.022330803352955574 0.0028334328504956226 -0.017416896132036397 -0.03743688790324725 0.021988777802744323 -0.00044389469760190529 0.045106148759083468 -0.021086112798602532 0.036128822844531318
leaf_weight=66.68043239787221 134.36018576845527 102.72242324799299 108.21678523719311 636.96727789193392 190.44449867680669 45.770990774035454 145.6020520851016 37.771483667194843 4.6206033974885932 93.652664586901665 69.51571448892355 3.717030704021453 37.391424149274826 3.0759550295770159
leaf_count=997 2646 1064 600 3562 1813 410 1011 206 25 750 402 31 240 48
internal_value=-0.000174595 0.00213559 0.00334543 0.00483992 0.00833423 -0.00124147 0.000927293 0.00492749 0.020033 0.00476969 0.0124871 -0.0157559 -0.00214213 -0.0259404
internal_weight=1680.51 1543.07 1476.39 1369.95 869.804 500.15 454.379 674.739 195.065 346.162 163.168 106.439 182.993 137.436
internal_count=13805 11111 10114 9019 5606 3413 3003 3768 1838 2403 1152 1095 1251 2694
is_linear=0
shrinkage=0.03


Tree=83
num_leaves=15
num_cat=0
split_feature=0 0 7 5 3 1 0 3 5 1 1 0 8 4
split_gain=106.816 54.0638 49.0546 33.9985 26.1492 32.252 50.1742 28.2994 21.4007 20.7827 19.157 22.1265 17.7241 14.2734
threshold=18.444166666666671 1.6875000000000033 13.550000000000002 2137.5385742187505 3.2532192342476365 -3.9799999999999964 14.616666666666669 2.8689088065662753 86.323806762695327 -11.209999999999996 -0.59999999999999842 12.366666666666671 18.950000000000006 62.183373334456135
decision_type=2 2 2 2 2 2 2 2 2 2 2 2 2 2
left_child=1 9 -3 4 5 7 10 8 -4 -1 11 -7 -8 -13
right_child=-2 2 3 -5 -6 6 12 -9 -10 -11 -12 13 -14 -15
leaf_value=-0.028883858873985303 -0.02064059515126996 -0.016648712046090971 0.019084217280598368 -0.025308799416025388 -0.020265562822567029 0.014703950502052081 0.018545280870543284 -0.0088343593203869513 0.0021103365435176202 0.030762190031394469 0.022257396144634619 0.020108554272730842 -0.0046576008629350745 -0.018905359356752378
leaf_weight=60.158270876854658 202.31083372980356 97.207772202789783 84.924499243497849 30.821567960083485 32.045973189175129 178.90707613527775 34.402355074882507 168.07786849141121 302.59328781440854 4.942784756422042 251.22593029588461 10.402859352529047 180.75442402809858 32.291327551007271
leaf_count=959 3338 916 534 227 184 1338 157 894 1863 22 2237 46 961 170
internal_value=-0.000259725 0.00255973 0.00380581 0.00533932 0.00609909 0.00679422 0.0111311 0.00141358 0.00586971 -0.0239584 0.0165865 0.0100864 -0.000878959 -0.00915658
internal_weight=1671.07 1468.76 1403.65 1306.45 1275.63 1243.58 687.984 555.596 387.518 65.1011 472.827 221.601 215.157 42.6942
internal_count=13846 10508 9527 8611 8384 8200 4909 3291 2397 981 3791 1554 1118 216
is_linear=0
shrinkage=0.03


Tree=84
num_leaves=15
num_cat=0
split_feature=0 1 3 3 5 0 6 1 0 0 0 6 2 3
split_gain=112.898 61.401 53.231 37.7417 36.2012 32.9949 24.1358 23.7703 43.2114 27.5801 23.4738 28.6076 21.5057 21.052
threshold=19.772500000000008 -20.869999999999994 2.5310699015428226 2.9991522989611203 2028.0090942382815 15.873333333333335 5.9500000000000011 -2.8999999999999955 13.552083333333337 8.0737500000000058 5.1554166666666701 5.8500000000000014 29.460000000000008 2.8156640673439983
decision_type=2 2 2 2 2 2 2 2 2 2 2 2 2 2
left_child=1 -1 -3 4 7 6 -5 9 -9 10 11 -4 13 -10
right_child=-2 2 3 5 -6 -7 -8 8 12 -11 -12 -13 -14 -15
leaf_value=-0.026289509299876678 -0.025676457112508003 -0.014175075536938047 -0.010290077421541697 -0.0042730796674052204 -0.024051695451604679 -0.02549545409591783 0.015459764075201721 0.022804737151686374 -0.044442796077430687 -0.0051594367215963433 0.01748862432421578 0.0186888659558117 0.0095241363215666335 -0.0005598505781015126
leaf_weight=62.812561027705669 138.75702251493931 133.7515644878149 81.235735557973385 212.36261422932148 28.665775038301945 49.092605851590633 74.539053313434124 253.40791624411941 12.714342735707758 162.66295998543501 169.03424057364464 47.884743839502335 180.9719525873661 34.909188129007816
leaf_count=985 2815 1245 454 1247 229 431 453 2318 71 951 1174 216 911 238
internal_value=0.000116281 0.00251129 0.00378386 0.00563044 0.00862568 -0.00302982 0.000889542 0.00964364 0.0142964 0.00475652 0.0101655 0.000517892 0.00480636 -0.0129486
internal_weight=1642.8 1504.05 1441.23 1307.48 971.487 335.994 286.902 942.821 482.003 460.818 298.155 129.12 228.595 47.6235
internal_count=13738 10923 9938 8693 6562 2131 1700 6333 3538 2795 1844 670 1220 309
is_linear=0
shrinkage=0.03


Tree=85
num_leaves=15
num_cat=0
split_feature=0 3 1 3 1 0 6 7 8 0 1 7 6 7
split_gain=93.6622 59.8604 49.9487 43.6864 37.2377 51.7166 37.7021 25.7573 25.2153 33.9413 24.3539 18.4975 26.8335 16.3863
threshold=21.34500000000001 2.5393897166869195 -20.869999999999994 3.0697901557035743 -1.3199999999999974 15.18166666666667 7.2500000000000009 37.250000000000007 26.550000000000004 4.2775000000000043 3.9200000000000035 40.650000000000013 5.7500000000000009 56.050000000000004
decision_type=2 2 2 2 2 2 2 2 2 2 2 2 2 2
left_child=1 -1 -3 4 7 -6 10 -4 9 -9 -7 -5 -13 -11
right_child=-2 2 3 11 5 6 -8 8 -10 13 -12 12 -14 -15
leaf_value=-0.015832507881115603 -0.02730415799213488 -0.026048231801629056 -0.00466668924926689 -0.019906158984180033 0.021891399854454961 -0.02264942704242277 0.020896714195984534 -0.013785073316031083 0.021125537414350994 -0.0020409071760578504 0.0030974245485035101 -0.0083559571198568248 0.023282812042726291 0.016090229718302537
leaf_weight=158.41610665619373 107.3298954218626 48.336792163550854 271.17815987020731 73.006569817662239 273.45854825153947 53.268594529479742 62.81808178499341 77.182288728654385 90.897875383496284 69.516920201480389 84.10326324030757 106.70061684772372 30.092850208282471 124.44463057070971
leaf_count=1659 2293 738 1655 636 2441 356 325 463 500 429 453 621 184 935
internal_value=-0.000350448 0.00156519 0.0035944 0.00470157 0.00708054 0.0134338 0.0018293 0.00231463 0.00754227 0.00292774 -0.00697795 -0.00782352 -0.00127737 0.00961479
internal_weight=1630.75 1523.42 1365.01 1316.67 1106.87 473.648 200.19 633.22 362.042 271.144 137.372 209.8 136.793 193.962
internal_count=13688 11395 9736 8998 7557 3575 1134 3982 2327 1827 809 1441 805 1364
is_linear=0
shrinkage=0.03


Tree=86
num_leaves=15
num_cat=0
split_feature=0 1 4 3 1 5 1 0 7 8 8 7 0 4
split_gain=90.8074 50.0378 39.4334 33.0453 22.558 21.2658 21.9839 40.3086 33.146 21.0777 20.0384 19.6244 18.1075 16.4709
threshold=19.772500000000008 -16.949999999999992 55.790704262654415 3.0992350405272688 23.110000000000007 1092.9609985351565 -2.2499999999999982 14.511250000000006 25.250000000000004 41.050000000000004 22.650000000000006 48.550000000000004 4.2775000000000043 72.79408161091861
decision_type=2 2 2 2 2 2 2 2 2 2 2 2 2 2
left_child=1 10 -3 5 -2 6 8 9 -4 -8 -1 -5 -10 -7
right_child=4 2 3 11 -6 13 7 -9 12 -11 -12 -13 -14 -15
leaf_value=-0.02854889021265182 -0.025653870905335559 -0.011004960388662702 -0.011963711564904507 -0.020900182869917815 0.048745354659604667 -0.0019141191817300819 0.02149459160999179 0.0031199563238283978 -0.0086474133322310496 -0.045170885281971739 -0.0057916289431627571 0.00097699733787567455 0.010607309180923908 -0.042074352512212032
leaf_weight=54.462327431887388 129.15440107882023 139.77975709736347 90.394799388945103 56.864450726658106 2.8806871585547915 65.114511221647263 284.93783250823617 204.08495112136006 49.741065628826618 3.430670090019702 95.420636091381311 101.63624645769596 337.95856363326311 9.7230395749211294
leaf_count=782 2749 1263 552 431 46 345 2658 1056 255 20 788 567 2173 54
internal_value=7.46109e-05 0.00218873 0.00402552 0.00577835 -0.0236765 0.00771356 0.00890237 0.0133464 0.00430654 0.0205481 -0.0141952 -0.00695359 0.00812108 -0.00761781
internal_weight=1625.58 1493.55 1343.67 1203.89 132.035 1045.39 970.548 492.453 478.094 288.369 149.883 158.501 387.7 74.8376
internal_count=13739 10944 9374 8111 2795 7113 6714 3734 2980 2678 1570 998 2428 399
is_linear=0
shrinkage=0.03


Tree=87
num_leaves=15
num_cat=0
split_feature=0 1 0 5 1 7 3 5 1 0 3 0 1 0
split_gain=91.6745 51.0186 57.0447 37.2449 25.3519 24.7592 21.4494 21.1832 20.5416 27.8245 19.027 23.89 17.205 16.7219
threshold=19.772500000000008 -6.1699999999999964 14.740000000000004 181.60037231445315 0.13000000000000259 31.850000000000005 3.3015161197560743 821.58520507812511 -0.59999999999999842 12.223333333333338 3.0949879214112825 5.1554166666666701 23.110000000000007 6.0337500000000039
decision_type=2 2 2 2 2 2 2 2 2 2 2 2 2 2
left_child=1 3 6 5 -4 -1 8 -6 9 13 11 -7 -2 -3
right_child=12 2 4 -5 7 10 -8 -9 -10 -11 -12 -13 -14 -15
leaf_value=-0.023892547161829647 -0.025482574682802558 -0.032780587951451154 -0.024110417198541581 -0.01149186021249031 0.0037125635785416593 -0.0015652146402919886 -0.021471611697039355 -0.018814222036226656 0.01941888909714614 -0.0091492831193518732 -0.046917680205042868 0.018416476647323054 0.039963711029633697 0.013546338521383955
leaf_weight=24.500126399099827 126.59711053222418 6.2748817652463904 45.362419825047255 313.90349019691348 222.48739095404744 104.13604782149196 15.802317790687082 44.161386989057064 257.28052691742778 66.505260974168777 4.69054190814495 110.20101183652878 2.8590482994914046 268.05229748040438
leaf_count=164 2757 35 438 2554 1231 666 81 307 2361 379 23 731 44 1973
internal_value=0.000369653 0.00248851 0.00680263 -0.00467686 -0.00363496 0.00411863 0.0121046 -7.45948e-05 0.0130261 0.00815772 0.00734628 0.00874615 -0.0237419 0.0123715
internal_weight=1612.81 1483.36 925.926 557.431 312.011 243.528 613.915 266.649 598.113 340.832 219.028 214.337 129.456 274.327
internal_count=13744 10943 6805 4138 1976 1584 4829 1538 4748 2387 1420 1397 2801 2008
is_linear=0
shrinkage=0.03


Tree=88
num_leaves=15
num_cat=0
split_feature=0 0 7 5 6 8 0 0 5 2 4 0 6 6
split_gain=89.505 46.7426 44.3036 27.2976 24.6388 24.9332 32.6857 17.932 18.1019 17.0424 20.0093 19.6516 16.0218 20.5076
threshold=19.772500000000008 1.6875000000000033 22.250000000000004 2276.419311523438 5.8500000000000014 26.050000000000004 8.5416666666666714 5.3120833333333364 87.811836242675795 27.54000000000001 61.625391831882332 5.5687500000000023 8.0500000000000025 7.0500000000000016
decision_type=2 2 2 2 2 2 2 2 2 2 2 2 2 2
left_child=1 -1 12 4 5 7 -7 8 -4 10 -6 -11 13 -3
right_child=-2 2 3 -5 9 6 -8 -9 -10 11 -12 -13 -14 -15
leaf_value=-0.023214470406834466 -0.024046254146192981 -0.011718543458744402 0.014926886687995375 -0.026635806508531024 -0.021496094877767317 0.014476781248839136 -0.026030741255223588 0.0090418317266796715 -0.015145534407178144 -0.024631648313898101 0.01778341623232086 0.0079388102125664047 -0.02830766953578271 0.0028634098728657041
leaf_weight=61.500943712890148 126.28067801520228 159.81181625649333 24.308445200324059 20.96632444113493 11.349305666983126 25.580717444419861 55.068942882120609 268.30450337007642 62.089898873120546 16.823235750198364 287.24409073963761 265.2687871158123 24.960708819329739 187.93335590884089
leaf_count=997 2798 1180 127 151 75 177 378 1935 349 101 2344 1424 292 1398
internal_value=8.93775e-05 0.00217597 0.00329934 0.00648629 0.00719529 0.00179336 -0.0131625 0.00522136 -0.00661058 0.0112352 0.0162237 0.00591624 -0.00556152 -0.00385234
internal_weight=1597.49 1471.21 1409.71 1037 1016.04 435.353 80.6497 354.703 86.3983 580.685 298.593 282.092 372.706 347.745
internal_count=13726 10928 9931 7061 6910 2966 555 2411 476 3944 2419 1525 2870 2578
is_linear=0
shrinkage=0.03


Tree=89
num_leaves=15
num_cat=0
split_feature=0 3 1 2 3 2 4 0 1 1 1 0 4 2
split_gain=79.2099 50.779 38.5062 31.6517 29.3058 31.4276 31.347 30.3379 24.5674 24.0286 20.6487 34.0753 26.1726 18.9767
threshold=21.34500000000001 2.4936671310044445 -22.949999999999992 39.550000000000018 2.9991522989611203 19.750000000000011 72.980779660173894 15.873333333333335 23.110000000000007 -12.019999999999996 0.13000000000000259 11.206250000000006 76.379356949650528 24.490000000000013
decision_type=2 2 2 2 2 2 2 2 2 2 2 2 2 2
left_child=1 -1 -3 4 5 -4 13 10 -2 -8 11 12 -6 -7
right_child=8 2 3 -5 7 6 9 -9 -10 -11 -12 -13 -14 -15
leaf_value=-0.016926922414854891 -0.028458731458497154 -0.0273428886117425 -0.025376783199986392 0.089114992034532589 0.012495437593473458 -0.017211251123461065 -0.0041272534219334196 -0.024049703846651484 0.050486008273191496 0.017645401203646778 0.011655059666094444 -0.025193663994486505 -0.015436771731107361 0.0045479130652394482
leaf_weight=121.07673827558756 97.73068368434906 35.0023223310709 26.186365336179733 2.9324270114302626 85.626593053340912 37.567677896469831 53.27046037837863 54.633631777018309 2.7938256338238707 303.2227901853621 93.288693286478519 54.83089405298233 45.365359742194414 561.66825146973133
leaf_count=1414 2305 621 248 23 446 242 331 593 42 2942 614 354 273 3194
internal_value=-0.000157384 0.00160615 0.00327517 0.00410804 0.00385103 0.00645977 0.00735769 -0.00382055 -0.025789 0.0143895 0.000210849 -0.00556612 0.00277824 0.00315737
internal_weight=1575.2 1474.67 1353.6 1318.59 1315.66 981.916 955.729 333.745 100.525 356.493 279.112 185.823 130.992 599.236
internal_count=13642 11295 9881 9260 9237 6957 6709 2280 2347 3273 1687 1073 719 3436
is_linear=0
shrinkage=0.03


Tree=90
num_leaves=15
num_cat=0
split_feature=0 4 1 8 3 3 1 0 7 5 4 5 1 3
split_gain=76.1065 54.5769 37.9851 37.9641 32.9497 30.3948 27.7225 37.0772 35.3975 22.7683 19.1673 18.8014 18.1731 16.9959
threshold=21.34500000000001 51.610016136662914 -22.949999999999992 37.550000000000004 3.0992350405272688 2.7249472773468431 -4.119999999999993 14.740000000000004 32.150000000000013 169.02221679687503 76.475653675102635 2137.5385742187505 23.110000000000007 2.8516802035256634
decision_type=2 2 2 2 2 2 2 2 2 2 2 2 2 2
left_child=1 3 -3 -1 6 -5 8 11 -4 -10 -11 -8 -2 -9
right_child=12 2 4 5 -6 -7 7 13 9 10 -12 -13 -14 -15
leaf_value=-0.021750454970000412 -0.028254498434468242 -0.026515693353829591 -0.012488461538079153 -0.01697098727541221 -0.0086735681482575724 0.11427286898095787 0.016066362582870308 0.0068759526426972429 0.011901672730270048 0.0031440563883536467 -0.019644454203297881 -0.03241729412701639 0.039220079992566236 -0.009636812737174684
leaf_weight=111.98071739077568 93.072251535952091 36.45848336070776 134.94201104342937 2.5183150172233573 158.5816472619772 2.4623757973313332 415.17678358778358 140.58445758000016 210.90777514502406 126.46898322179914 43.952876139432192 6.4274455308914176 2.8922227397561064 91.911415178328753
leaf_count=1347 2253 663 856 29 1139 16 3609 760 1349 723 294 33 42 601
internal_value=-8.7539e-05 0.00159573 0.00328488 -0.0179842 0.00412175 0.0561718 0.0058614 0.00995852 0.000661249 0.00533506 -0.00281356 0.0152523 -0.0258374 0.00033473
internal_weight=1578.34 1482.37 1365.41 116.961 1328.95 4.98069 1170.37 654.1 516.272 381.33 170.422 421.604 95.9645 232.496
internal_count=13714 11419 10027 1392 9364 45 8225 5003 3222 2366 1017 3642 2295 1361
is_linear=0
shrinkage=0.03


Tree=91
num_leaves=15
num_cat=0
split_feature=0 3 6 2 4 5 2 0 0 0 6 7 5 2
split_gain=78.6245 44.1432 35.6771 27.6009 27.5797 26.9959 24.3014 23.2905 21.3103 21.8776 18.4401 17.9762 21.5265 20.4507
threshold=21.34500000000001 2.5393897166869195 5.8500000000000014 38.530000000000015 73.913375157659104 354.11683654785162 23.350000000000012 3.3720833333333364 3.817500000000003 14.616666666666669 5.2500000000000009 36.95000000000001 2697.963500976563 25.970000000000002
decision_type=2 2 2 2 2 2 2 2 2 2 2 2 2 2
left_child=1 -1 5 4 11 6 7 -3 -6 -10 -8 13 -13 -4
right_child=-2 2 3 -5 8 -7 10 -9 9 -11 -12 12 -14 -15
leaf_value=-0.013684692928144143 -0.026151951627217587 -0.014695620675159751 -0.024515685581513021 0.073669614652681611 -0.019783391044304127 -0.014140323168268092 -0.019534692673351992 0.017794410686166117 0.023104028607183892 -0.012896722799800557 0.00034935362968730989 0.014721110488686524 -0.026536123371974345 0.0023141372591659439
leaf_weight=148.59005497395992 95.739125404506922 23.578129440546036 26.167530056089163 4.6146684214472762 12.443169120699165 136.71167877689004 53.992147210985422 106.04574283212423 157.79584572091699 16.164318338036537 177.19366713985801 166.13373881205916 11.309911102056502 433.80151333659887
leaf_count=1643 2344 226 212 28 183 992 417 872 1720 98 1372 968 122 2539
internal_value=4.85975e-05 0.00176632 0.00350681 0.00731711 0.00685657 -0.00283973 0.00146934 0.0118173 0.0169768 0.0197043 -0.00435859 0.00387507 0.0119575 0.000737923
internal_weight=1570.28 1474.54 1325.95 828.431 823.816 497.521 360.81 129.624 186.403 173.96 231.186 637.413 177.444 459.969
internal_count=13736 11392 9749 5870 5842 3879 2887 1098 2001 1818 1789 3841 1090 2751
is_linear=0
shrinkage=0.03


Tree=92
num_leaves=15
num_cat=0
split_feature=0 4 0 3 4 6 8 7 5 7 3 0 8 8
split_gain=75.9368 38.091 30.9039 24.2423 29.5044 23.595 27.5467 26.7867 22.1622 19.8771 17.4662 16.9506 16.7486 15.9549
threshold=20.112500000000008 51.610016136662914 1.6875000000000033 2.9897211630823897 79.307823360413394 5.9500000000000011 25.850000000000005 32.150000000000013 2137.5385742187505 123.45000000000002 2.9530392939755932 5.5687500000000023 37.550000000000004 36.95000000000001
decision_type=2 2 2 2 2 2 2 2 2 2 2 2 2 2
left_child=1 12 10 4 8 6 -5 -7 9 13 -3 -11 -1 -4
right_child=-2 2 3 5 -6 7 -8 -9 -10 11 -12 -13 -14 -15
leaf_value=-0.017834935867668995 -0.024063844368852221 -0.027194687005928184 0.006724884913873924 -0.0011590617520017671 0.021235526332665077 -0.0096297587988034023 -0.022763146247617681 0.023976689213579521 -0.034231971506100356 -0.044001663344543286 0.018330423433787036 0.0089447172895506764 0.038466296686962671 -0.013875036109752496
leaf_weight=104.53187437728047 110.60841348767281 43.16904591023922 781.15957494452596 179.08418795093894 105.64899964630604 35.090595535933971 74.586882404983044 51.825927600264549 12.119278706610201 12.525355421006681 8.4224336072802526 8.6219603419303876 4.061107985675334 34.455855920910835
leaf_count=1239 2686 784 5264 1149 1030 240 540 344 86 65 75 80 33 207
internal_value=-0.000215305 0.00161255 0.00299459 0.00390727 0.00635726 -0.00295759 -0.00757575 0.0104536 0.00448275 0.00508367 -0.0195554 -0.0229857 -0.0153976 0.00583871
internal_weight=1565.91 1455.3 1346.71 1295.12 954.531 340.588 253.671 86.9165 848.882 836.763 51.5915 21.1473 108.593 815.615
internal_count=13822 11136 9864 9005 6732 2273 1689 584 5702 5616 859 145 1272 5471
is_linear=0
shrinkage=0.03


Tree=93
num_leaves=15
num_cat=0
split_feature=0 1 4 6 8 7 6 8 8 1 8 0 4 0
split_gain=74.8682 41.7204 35.565 27.8722 26.9329 26.397 28.2311 24.8217 24.1894 19.9451 18.9338 17.4758 17.3055 13.7811
threshold=21.34500000000001 -16.629999999999992 54.462871437503409 5.8500000000000014 36.050000000000004 22.450000000000006 7.1500000000000012 29.950000000000006 27.450000000000006 -3.1999999999999953 23.650000000000006 7.844583333333337 69.076534229144485 5.1554166666666701
decision_type=2 2 2 2 2 2 2 2 2 2 2 2 2 2
left_child=1 10 4 8 -3 6 7 12 13 -8 -1 -10 -5 -4
right_child=-2 2 3 5 -6 -7 9 -9 11 -11 -12 -13 -14 -15
leaf_value=-0.025840511050620425 -0.026139666604225911 -0.015391497391851965 -0.0096013390759640861 -0.011412123636897415 0.038205399440652758 0.012713806015933809 -0.019560180726859552 -0.027966794511134159 0.018647125552745215 0.017438157004583631 -0.0042117213348393818 -0.023924330299162962 0.014084777461401339 0.004886351436581983
leaf_weight=60.687888387590647 90.287539016455412 116.37177430838346 71.785668320953846 52.670919574797153 8.1458323337137681 496.98365412652493 14.454836428165434 39.981673214584589 9.4922268688678724 90.477371357381344 90.131973564624786 55.337980803102255 42.275892946869135 313.72579787299037
leaf_count=915 2312 1248 386 318 69 3599 107 266 75 531 724 441 347 2416
internal_value=0.000219262 0.00186325 0.00358404 0.00518597 -0.0116088 0.00877566 0.00059704 -0.00845366 -0.000693881 0.012205 -0.0130277 -0.0175026 -3.09322e-05 0.00217075
internal_weight=1552.81 1462.52 1311.7 1187.19 124.518 736.844 239.861 134.928 450.342 104.932 150.82 64.8302 94.9468 385.511
internal_count=13754 11442 9803 8486 1317 5168 1569 931 3318 638 1639 516 665 2802
is_linear=0
shrinkage=0.03


Tree=94
num_leaves=15
num_cat=0
split_feature=0 3 0 5 6 7 2 3 0 4 2 5 2 3
split_gain=71.7935 40.9867 31.4178 24.4604 24.6002 32.5751 29.1069 33.567 24.3064 22.6744 20.7957 18.774 18.2968 14.6435
threshold=20.112500000000008 2.5310699015428226 1.6875000000000033 2276.419311523438 5.8500000000000014 36.250000000000007 22.910000000000011 3.0949879214112825 5.3120833333333364 74.111700236109343 37.130000000000017 570.06497192382824 14.950000000000005 3.3155064221748831
decision_type=2 2 2 2 2 2 2 2 2 2 2 2 2 2
left_child=1 -1 12 4 6 9 13 8 -8 10 -6 -11 -3 -4
right_child=-2 2 3 -5 5 -7 7 -9 -10 11 -12 -13 -14 -15
leaf_value=-0.013944737108896491 -0.02370782594292634 0.019130388237689529 0.013962787536824613 -0.026415438477837016 -6.4806218524010386e-05 0.017189773173859901 -0.018440045475218839 -0.022778113920521158 0.0047946487789632519 0.020949067332395436 0.038446558442811758 -0.035915592596230797 -0.029057143244719339 -0.020812665951632746
leaf_weight=134.8606786839664 106.37464407086372 7.9127203635871401 123.37607057765126 21.943146929144859 424.33482208475471 242.93963282182813 50.359731767326593 76.716083638370037 191.02931673452258 84.539198014885187 12.006083600223063 4.6729808822274199 38.465592328459024 11.063171580433844
leaf_count=1467 2685 78 924 161 2469 1739 287 573 1424 954 67 35 719 55
internal_value=-5.1924e-05 0.00173033 0.0033794 0.00429017 0.00486314 0.00812738 -0.000685751 -0.00563008 -0.000108762 0.00391355 0.00108034 0.0176054 -0.0206055 0.0109685
internal_weight=1530.59 1424.22 1289.36 1242.98 1221.04 768.493 452.544 318.105 241.389 525.553 436.341 89.2122 46.3783 134.439
internal_count=13637 10952 9485 8688 8527 5264 3263 2284 1711 3525 2536 989 797 979
is_linear=0
shrinkage=0.03


Tree=95
num_leaves=15
num_cat=0
split_feature=0 1 4 6 2 1 4 6 0 5 1 2 1 2
split_gain=74.4966 38.9769 33.8926 25.2549 24.4138 24.099 23.2185 21.2859 18.6363 18.4709 16.4595 16.2472 18.3663 13.6958
threshold=21.34500000000001 -19.729999999999993 54.462871437503409 5.8500000000000014 23.43000000000001 -11.769999999999994 74.111700236109343 5.3500000000000014 16.857916666666675 366.96533203125006 -2.2499999999999982 39.710000000000015 -0.35999999999999793 16.430000000000007
decision_type=2 2 2 2 2 2 2 2 2 2 2 2 2 2
left_child=1 -1 11 4 5 -4 -5 -6 10 13 -8 -3 -13 -7
right_child=-2 2 3 6 7 9 8 -9 -10 -11 -12 12 -14 -15
leaf_value=-0.018837850067595113 -0.027420297909232619 -0.014618622434224663 -0.019014587678447523 0.0045202735653225188 -0.018381778008184326 -0.034790135471511149 0.004520870251273206 -0.0011685811582325433 -0.021856613953877221 -0.0039723024302110088 0.025968582470983746 -0.024286875887010308 0.062853038458476285 0.020490288756084756
leaf_weight=81.64495513215661 85.9317936450243 124.78059374168515 26.223347380757332 601.57552352175117 96.370801076292992 3.3151233345270148 46.058926597237587 192.8889543376863 9.5436897464096528 47.105525985360146 109.9289166778326 2.957969918847084 4.3507505506277075 103.60260969400406
leaf_count=1170 2306 1353 181 3544 694 16 391 1443 67 248 1364 49 53 898
internal_value=-0.000445119 0.00117093 0.00237736 0.00392274 -0.00155564 0.00708694 0.00727343 -0.00694696 0.0171917 0.0116249 0.0197048 -0.0120111 0.0289075 0.0184698
internal_weight=1536.28 1450.35 1368.7 1236.61 469.506 180.247 767.107 289.26 165.532 154.023 155.988 132.089 7.30872 106.918
internal_count=13777 11471 10301 8846 3480 1343 5366 2137 1822 1162 1755 1455 102 914
is_linear=0
shrinkage=0.03


Tree=96
num_leaves=15
num_cat=0
split_feature=7 1 1 5 6 7 1 5 7 1 4 7 3 5
split_gain=61.282 37.6806 28.3128 24.8339 22.829 36.9731 26.2942 24.5892 23.6359 24.2002 18.174 16.8145 15.8644 15.2096
threshold=12.950000000000001 -23.989999999999991 9.5000000000000053 2276.419311523438 5.5500000000000016 69.550000000000026 -11.489999999999995 61.412071228027351 32.150000000000013 -6.1699999999999964 48.067643348421477 131.05000000000004 2.5473808314219206 226.14455413818362
decision_type=2 2 2 2 2 2 2 2 2 2 2 2 2 2
left_child=-1 -2 3 4 5 -3 7 -7 9 10 -6 12 -10 -8
right_child=1 2 -4 -5 8 6 13 -9 11 -11 -12 -13 -14 -15
leaf_value=-0.018839718363881802 -0.029606467982367428 -0.01410546606872249 -0.020514517184858156 -0.021114837366139637 0.030123236277057264 0.030867836707044547 0.020353160170649608 -0.024560829796140903 -0.0083412008564880385 0.0056344865667987938 -0.014234407175388621 -0.038611145462432071 0.014132832665804486 -0.0023651993666609786
leaf_weight=134.84132596477866 31.59713900834322 137.75398763641715 43.467907506972551 33.996610339730978 8.166822534054516 8.1453340500593168 88.557494666427374 34.229272924363613 29.754249718040228 432.42836615070701 95.044487163424492 4.9096870198845854 403.42811227962375 37.407292939722538
leaf_count=2238 646 1085 1087 359 83 48 729 230 159 3181 631 36 2963 206
internal_value=0.000392498 0.00227189 0.00303525 0.00382941 0.00450798 -0.00263182 0.00678503 -0.0134402 0.00675278 0.00251779 -0.0104691 0.0119132 0.0125735 0.0136411
internal_weight=1523.73 1388.89 1357.29 1313.82 1279.83 306.093 168.339 42.3746 973.732 535.64 103.211 438.092 433.182 125.965
internal_count=13681 11443 10797 9710 9351 2298 1213 278 7053 3895 714 3158 3122 935
is_linear=0
shrinkage=0.03


Tree=97
num_leaves=15
num_cat=0
split_feature=0 1 3 3 1 0 0 2 1 0 2 3 6 4
split_gain=68.187 38.9588 27.5262 19.8109 26.3387 35.987 22.3899 22.2338 17.5909 16.8274 16.1418 15.2508 14.6394 15.3398
threshold=19.635416666666671 -19.729999999999993 2.4936671310044445 2.9991522989611203 -1.3199999999999974 13.552083333333337 15.873333333333335 34.130000000000017 -6.8099999999999969 12.037083333333337 20.110000000000007 3.3015161197560743 7.2500000000000009 64.166115723292293
decision_type=2 2 2 2 2 2 2 2 2 2 2 2 2 2
left_child=1 -1 -3 4 9 -6 8 12 -5 10 -4 -10 13 -7
right_child=-2 2 3 6 5 7 -8 -9 11 -11 -12 -13 -14 -15
leaf_value=-0.018475594982484276 -0.022767118408962277 -0.012317743670359605 -0.020844163809809513 -0.014033432859156553 0.023594048632150217 -0.021893897358483648 -0.021812823491682194 0.023359287915356484 0.0071398034450272201 -0.013735182160652113 0.0050996559830181728 -0.021754980559596869 0.012436731844754264 0.001106695878506256
leaf_weight=80.416096165776253 109.93612689897418 97.918858133256435 21.686356049031019 55.191161535680294 153.28754211217165 36.538159191608429 44.428417384624481 44.832816939800978 199.90066257864237 53.461276926100254 452.71476355195045 16.937483370304108 56.429444938898087 85.329245187342167
leaf_count=1176 2832 1069 188 282 1771 215 414 213 1303 298 3065 89 299 494
internal_value=-0.000127149 0.00166684 0.00290827 0.00413867 0.00639767 0.0124499 -0.00231626 0.00472289 0.000936188 0.00206646 0.00387233 0.00479329 -6.73842e-05 -0.00591138
internal_weight=1509.01 1399.07 1318.66 1220.74 904.28 376.417 316.458 223.13 272.029 527.862 474.401 216.838 178.297 121.867
internal_count=13708 10876 9700 8631 6543 2992 2088 1221 1674 3551 3253 1392 1008 709
is_linear=0
shrinkage=0.03


Tree=98
num_leaves=15
num_cat=0
split_feature=0 3 0 6 8 0 7 0 3 4 2 2 4 2
split_gain=57.909 33.2216 24.255 17.0907 24.0783 24.0139 20.932 17.3472 17.5354 17.2349 16.8183 16.3258 16.2695 20.5231
threshold=19.478750000000005 2.4936671310044445 1.47291666666667 5.8500000000000014 26.950000000000006 9.0512500000000049 27.350000000000005 5.1554166666666701 3.3957507652705003 79.191763622095365 13.830000000000005 16.430000000000007 71.034011291580967 33.990000000000016
decision_type=2 2 2 2 2 2 2 2 2 2 2 2 2 2
left_child=1 -1 10 4 7 -6 12 9 -9 11 -3 -4 13 -5
right_child=-2 2 3 6 5 -7 -8 8 -10 -11 -12 -13 -14 -15
leaf_value=-0.014443322468530383 -0.020607146987731698 0.029437866447664208 0.029664530773844761 -0.0064465953650872888 0.012694420525072692 -0.026875206397979291 0.01099448863490687 0.0063928831188392789 -0.049906869857202885 0.0056366190877766807 -0.026233216386858445 -0.026688990562722677 0.01151720740997828 0.013361346293450442
leaf_weight=105.56272615492344 112.52202278748155 4.7644393295049658 4.3202745020389548 227.05434362217784 17.869926773011684 52.981331814080477 418.51028971746564 295.6230737939477 4.0737424045801154 37.038225769996643 36.78362450003624 44.74034707993269 102.43877865746617 58.345029912889004
leaf_count=1258 2872 57 16 1319 133 396 3035 2254 21 242 737 237 937 312
internal_value=6.37722e-06 0.00166471 0.00297822 0.00372604 -0.000910501 -0.0168573 0.00634965 0.00205413 0.00546418 -0.00974219 -0.0193074 -0.0212331 0.0013221 -0.00236469
internal_weight=1522.63 1410.11 1304.54 1263 456.647 70.8513 806.348 385.796 299.697 86.0988 41.5481 49.0606 387.838 285.399
internal_count=13826 10954 9696 8902 3299 529 5603 2770 2275 495 794 253 2568 1631
is_linear=0
shrinkage=0.03


Tree=99
num_leaves=15
num_cat=0
split_feature=7 1 5 3 5 3 3 1 6 1 1 8 1 1
split_gain=59.7882 35.3719 21.4553 22.4232 22.7568 19.6371 34.6066 16.5024 17.146 19.3315 15.3576 14.5691 15.643 13.7151
threshold=18.950000000000006 -23.989999999999991 2276.419311523438 3.0315821457892791 101.85620880126955 2.8914649762579918 2.5556022371618456 -2.6199999999999943 7.2500000000000009 5.0000000000000044 -4.119999999999993 26.150000000000006 -8.8499999999999943 2.200000000000002
decision_type=2 2 2 2 2 2 2 2 2 2 2 2 2 2
left_child=5 -2 3 4 -3 6 -1 -8 -9 -10 -6 12 -5 -12
right_child=1 2 -4 11 10 -7 7 8 9 -11 13 -13 -14 -15
leaf_value=-0.020809843510520062 -0.0292274678846468 0.014452177262271135 -0.020841904908269884 -0.020523848702827727 -0.00074185512124361002 -0.025308276223006999 -0.018594975242818265 -0.0048793884995378236 0.026466251481521163 -0.018671621225566537 0.013085908606896606 -0.012424821162570982 0.0057258962072749137 -0.0010190792981114578
leaf_weight=99.943944405764341 28.841128014028072 251.36696537211537 29.850387714803219 22.669321335852146 324.5649831071496 72.688578099012375 26.184798300266266 52.344877388328314 47.655248664319515 9.6064870618283731 200.56014160811901 95.139307662844658 148.74911077320576 89.436784490942955
leaf_count=1730 625 2228 303 123 2074 1225 186 474 263 132 1686 1036 1114 583
internal_value=-1.90026e-05 0.00303072 0.00385558 0.00452437 0.00686465 -0.0117692 -0.00750516 0.00236777 0.00749857 0.0187032 0.00374278 -0.00307542 0.00215558 0.00874729
internal_weight=1499.6 1191.18 1162.34 1132.49 865.929 308.424 235.735 135.791 109.607 57.2617 614.562 266.558 171.418 289.997
internal_count=13782 9772 9147 8844 6571 4010 2785 1055 869 395 4343 2273 1237 2269
is_linear=0
shrinkage=0.03


Tree=100
num_leaves=15
num_cat=0
split_feature=3 1 1 5 2 3 4 5 6 8 1 2 1 1
split_gain=48.4638 35.1634 29.7014 29.6764 26.7927 27.9782 26.8876 18.5602 19.6799 16.9523 17.368 16.4572 15.3328 24.6608
threshold=2.365431802716774 9.7300000000000058 -22.949999999999992 101.85620880126955 29.29000000000001 2.9172953989117247 67.277502390347863 2697.963500976563 5.8500000000000014 29.250000000000004 -11.009999999999996 25.900000000000006 -2.9799999999999991 2.200000000000002
decision_type=2 2 2 2 2 2 2 2 2 2 2 2 2 2
left_child=-1 2 -2 4 6 -6 -4 8 9 10 11 -5 -10 -14
right_child=1 -3 3 7 5 -7 -8 -9 12 -11 -12 -13 13 -15
leaf_value=-0.021301401048803036 -0.026251408013747229 -0.023649509610868487 -0.044928672195144154 -0.023866084686384358 0.010749625893563193 -0.017201442094884764 0.018392925993872957 -0.028089296051904862 -0.0012311909110002352 -0.027198267055246694 0.00099357849847982963 0.012302278229612704 0.01437536641131467 -0.002163402017197745
leaf_weight=89.271741051226854 31.075904712080956 47.778525279834867 5.2798513472080222 52.881849505007267 80.483049727976322 52.321798197925091 217.5221057869494 19.380140412598848 285.1392032392323 27.792605344206095 222.76027486473322 13.659781396389006 214.87091356888413 129.63468004763126
leaf_count=1551 671 1359 29 366 452 519 2089 210 1786 232 1608 75 1704 1123
internal_value=4.52245e-06 0.00137677 0.00227747 0.00296757 0.0103638 -0.000308655 0.0166983 0.000237268 0.000846151 -0.00523865 -0.00304261 -0.0163692 0.00391396 0.00816371
internal_weight=1489.85 1400.58 1352.8 1321.73 355.607 132.805 222.802 966.119 946.739 317.095 289.302 66.5416 629.645 344.506
internal_count=13774 12223 10864 10193 3089 971 2118 7104 6894 2281 2049 441 4613 2827
is_linear=0
shrinkage=0.03


Tree=101
num_leaves=15
num_cat=0
split_feature=0 3 1 0 1 0 3 3 1 8 1 6 0 7
split_gain=59.6194 29.5715 28.0894 22.5913 51.9155 34.931 33.2311 21.3287 15.7344 16.6269 15.5342 15.3768 14.7014 14.5881
threshold=21.34500000000001 2.4936671310044445 -23.989999999999991 15.18166666666667 -0.59999999999999842 13.056666666666672 2.9049264216215964 3.3335742151318679 3.8000000000000047 24.450000000000006 23.110000000000007 7.0500000000000016 19.353750000000005 32.45000000000001
decision_type=2 2 2 2 2 2 2 2 2 2 2 2 2 2
left_child=1 -1 -3 4 5 13 11 -6 -8 -10 -2 -5 -13 -4
right_child=10 2 3 6 7 -7 8 -9 9 -11 -12 12 -14 -15
leaf_value=-0.013402870632892715 -0.02802053948288406 -0.028564724033862603 -0.0033245261388315005 -0.006845337138617011 0.018271312750202922 -0.022988604779952355 -0.032468448187314411 -0.036947637711552447 0.015393000184955132 -0.019825218220999662 0.038570810775117363 0.0070099177070938592 0.042929028968849911 0.0059763016797383653
leaf_weight=108.75015788152814 74.32113553583622 24.190038248896599 217.68650785833597 70.30644316971302 254.75305910781026 48.223867677152157 41.069105833768845 5.5531483739614478 17.762978248298168 33.144920319318771 2.4476757124066344 80.069998189806938 10.878910753875969 496.25665033981204
leaf_count=1423 2256 551 1497 400 2471 306 418 28 144 308 42 403 102 3405
internal_value=0.000142614 0.00155326 0.00281384 0.00343075 0.00541681 0.00145858 -0.00457811 0.0169564 -0.0188652 -0.00747693 -0.0254287 0.00363703 0.0117266 0.00313973
internal_weight=1485.41 1408.65 1299.9 1275.71 1022.47 762.167 253.232 260.306 91.977 50.9079 76.7688 161.255 90.9489 713.943
internal_count=13754 11456 10033 9482 7707 5208 1775 2499 870 452 2298 905 505 4902
is_linear=0
shrinkage=0.03


Tree=102
num_leaves=15
num_cat=0
split_feature=3 3 7 6 5 2 4 3 7 4 8 2 7 4
split_gain=37.481 24.2639 27.9842 25.4708 25.3641 35.9119 19.6276 20.4402 16.8221 15.3561 15.1638 17.7643 14.7274 14.4495
threshold=2.5028502720925196 2.9991522989611203 32.150000000000013 5.3500000000000014 101.85620880126955 25.190000000000008 73.913375157659104 2.827356347238116 76.15000000000002 79.587957923530652 22.950000000000006 31.060000000000002 135.35000000000005 76.475653675102635
decision_type=2 2 2 2 2 2 2 2 2 2 2 2 2 2
left_child=-1 4 10 8 9 6 -6 -8 13 -2 11 -3 -5 -4
right_child=1 2 3 12 5 -7 7 -9 -10 -11 -12 -13 -14 -15
leaf_value=-0.015711337241694916 0.0075056974506168125 0.021665529329596398 -0.011501629706131727 0.010078531552913285 -0.023330208679788515 0.0044815544301032547 -0.0172976188987982 0.0085158644098983424 0.0030290242874456696 0.024771998262416665 -0.023396538754583095 -0.021623000414874742 -0.034946978383632414 -0.045673987666872883
leaf_weight=129.56855506449938 200.35110233537853 16.479753635823727 33.304800512269139 141.97026799991727 69.356980871409178 547.30209351330996 48.782481323927641 61.04857474938035 36.884762454777956 59.979607880115509 90.091857299208641 15.667782897129653 5.8863970488309851 16.527975633740425
leaf_count=2025 1629 99 246 1078 629 3950 505 636 238 766 1459 248 42 138
internal_value=-0.00036596 0.0011244 -0.00557006 0.000508934 0.00354816 0.000664039 -0.0109561 -0.00300206 -0.0123166 0.0115634 -0.017145 0.000552096 0.00806327 -0.0235111
internal_weight=1473.2 1343.63 356.814 234.574 986.821 726.49 179.188 109.831 86.7175 260.331 122.239 32.1475 147.857 49.8328
internal_count=13688 11663 3548 1742 8115 5720 1770 1141 622 2395 1806 347 1120 384
is_linear=0
shrinkage=0.03


Tree=103
num_leaves=15
num_cat=0
split_feature=0 1 4 8 8 0 1 2 0 5 8 0 2 4
split_gain=56.8474 31.0928 22.1112 24.9041 17.9 14.1797 36.3282 23.4824 19.0061 18.5382 20.2277 16.9483 16.605 15.0682
threshold=20.794166666666673 -22.949999999999992 55.790704262654415 41.45000000000001 36.550000000000004 15.18166666666667 -1.0599999999999949 33.730000000000011 11.32083333333334 97.894454956054702 15.850000000000003 7.6012500000000038 31.930000000000003 68.376236656702474
decision_type=2 2 2 2 2 2 2 2 2 2 2 2 2 2
left_child=1 -1 3 -3 5 6 8 -7 9 -4 -11 -8 -10 -9
right_child=-2 2 4 -5 -6 7 11 13 12 10 -12 -13 -14 -15
leaf_value=-0.026599607220023254 -0.024392337483983742 -0.011319443724658023 0.014326569727918181 0.052343407983895689 -0.014873486589557181 -0.0085568329111769207 -0.042012073128634995 0.021212828628924842 -0.01858445631081292 -0.010940325869039742 0.0044056577467398161 0.015853158535505493 0.0097488344509585774 -0.027040272967814291
leaf_weight=33.829155948013067 80.478837115690112 140.98221691325307 122.03244600817561 4.7753117196261874 45.244573805481195 158.20905011892319 3.7019247338175765 43.0869005843997 65.587234385311604 96.398940302431583 373.83570117875934 269.92769742757082 25.113871790468693 5.8376204520463935
leaf_count=761 2448 1580 934 34 306 1053 19 263 384 686 2386 2640 135 76
internal_value=-3.77669e-05 0.00139032 0.00210837 -0.00889127 0.00344076 0.00416496 0.00570497 -0.00294046 0.00199651 0.00395851 0.00124316 0.0149202 -0.0107186 0.015029
internal_weight=1469.04 1388.56 1354.73 145.758 1208.98 1163.73 956.598 207.134 682.968 592.267 470.235 273.63 90.7011 48.9245
internal_count=13705 11257 10496 1614 8882 8576 7184 1392 4525 4006 3072 2659 519 339
is_linear=0
shrinkage=0.03


Tree=104
num_leaves=15
num_cat=0
split_feature=0 0 2 0 8 4 2 6 3 6 3 0 3 8
split_gain=47.9084 29.4149 21.236 20.1608 17.2291 15.9062 21.2046 20.9308 16.9009 15.2656 26.9009 15.6001 15.0369 14.738
threshold=15.18166666666667 2.0920833333333362 13.830000000000005 21.34500000000001 36.550000000000004 65.421530153243964 31.780000000000001 5.8500000000000014 2.5473808314219206 7.0500000000000016 2.5624356123134335 18.580000000000009 3.5041390522533491 30.050000000000004
decision_type=2 2 2 2 2 2 2 2 2 2 2 2 2 2
left_child=1 2 -1 9 5 6 -3 -7 -9 13 -11 -12 -5 -2
right_child=3 4 -4 12 -6 7 -8 8 -10 10 11 -13 -14 -15
leaf_value=0.024534485094964927 -0.006703557234436437 -0.0092644870257362743 -0.023782892687867117 -0.026741976702370322 -0.016680713712739915 0.001725792359981153 0.0097161037216040372 -0.016447807409957188 0.012797001926660976 -0.019218218945758741 0.0037806854860785856 0.033305638713322837 0.031396488008611181 -0.027550984787163474
leaf_weight=8.7742022350430471 120.16949737817049 140.59736308455467 54.270995011553168 69.46285761334002 33.557314343750477 374.80385168269277 83.668845687061548 17.7861388027668 397.06346707418561 37.124810237437487 67.333019837737083 20.305158261209726 3.4285217244178048 40.393383402377367
leaf_count=98 925 1019 1022 2217 223 2710 678 94 3366 524 333 138 93 352
internal_value=-0.000115301 0.00296285 -0.0167803 -0.00963967 0.00416602 0.00487173 -0.00217154 0.00687227 0.0115066 -0.00599827 0.00187048 0.01092 -0.0236195 -0.0120863
internal_weight=1468.74 1110.52 63.0452 358.217 1047.48 1013.92 224.266 789.653 414.85 285.326 124.763 87.6382 72.8914 160.563
internal_count=13792 9210 1120 4582 8090 7867 1697 6170 3460 2272 995 471 2310 1277
is_linear=0
shrinkage=0.03


Tree=105
num_leaves=15
num_cat=0
split_feature=0 3 2 0 0 5 2 8 6 8 3 3 5 4
split_gain=51.1091 31.1024 18.6546 20.4237 20.9485 20.853 20.8456 18.9573 15.5713 24.4372 15.2674 15.1694 12.5741 15.5737
threshold=21.34500000000001 2.4703222665607396 38.530000000000015 15.18166666666667 1.6875000000000033 2697.963500976563 14.950000000000005 38.650000000000013 6.6500000000000012 19.550000000000004 3.3155064221748831 3.5041390522533491 134.22866058349612 69.653138728714652
decision_type=2 2 2 2 2 2 2 2 2 2 2 2 2 2
left_child=1 -1 3 4 6 7 -3 10 9 -5 12 -2 13 -6
right_child=11 2 -4 8 5 -7 -8 -9 -10 -11 -12 -13 -14 -15
leaf_value=-0.015483002880396187 -0.028109754564558245 0.024831289598634777 0.052183100106068747 0.0087330264379674293 -0.0017808621362648239 -0.030628038533860046 -0.026341382193399869 -0.024982199559498732 0.0014596052350518238 -0.021875485709392083 -0.022744575704240252 0.029736324850967347 0.0039129509053870614 0.014470176000412345
leaf_weight=93.264758434146643 67.106092507019639 8.1120784692466241 5.7321780435740939 31.684977576136589 66.274087592959404 13.708834800869225 34.813896305859089 17.198644403368235 131.93203043565154 84.811060855165124 15.450754165649412 3.5462558809667817 617.54431557655334 261.38231998682022
leaf_count=1297 2200 84 32 237 366 118 791 106 750 786 79 94 4200 2567
internal_value=-0.000126813 0.00115331 0.00236842 0.00210538 0.00396028 0.00485405 -0.0163257 0.00538227 -0.00560359 -0.013547 0.0059513 -0.0248318 0.00644392 0.0111877
internal_weight=1452.56 1381.91 1288.65 1282.91 1034.48 991.559 42.926 977.85 248.428 116.496 960.651 70.6523 945.201 327.656
internal_count=13707 11413 10116 10084 8311 7436 875 7318 1773 1023 7212 2294 7133 2933
is_linear=0
shrinkage=0.03


Tree=106
num_leaves=15
num_cat=0
split_feature=7 1 3 1 2 0 2 0 2 1 0 7 3 6
split_gain=44.273 29.5032 19.6523 22.0321 20.4868 22.039 19.8861 18.4102 26.0012 14.7545 19.9796 14.5778 13.0357 16.8249
threshold=18.950000000000006 -23.989999999999991 3.1123133611707687 -3.9799999999999964 18.010000000000005 13.552083333333337 26.700000000000006 21.34500000000001 40.870000000000012 -0.7999999999999956 15.18166666666667 6.9500000000000011 2.8689088065662753 6.9500000000000011
decision_type=2 2 2 2 2 2 2 2 2 2 2 2 2 2
left_child=7 -2 3 12 -5 -6 -7 8 9 -1 -11 -10 13 -3
right_child=1 2 -4 4 5 6 -8 -9 11 10 -12 -13 -14 -15
leaf_value=-0.016857322377590148 -0.028768128825274613 0.0061155510409191451 -0.0075744416463490267 -0.050756472587833161 0.014629015118857754 -0.025036340395027404 0.0050004012144171774 -0.028201872776315473 -0.0052217247360415416 0.019645132389419027 -0.0083515765241429663 0.10780518434856849 -0.0080697712235698084 -0.0098646390488359124
leaf_weight=111.63197308406234 26.295244725421071 285.13211372122169 142.75589060038328 4.1767115704715243 290.89612803980708 21.279560189694166 180.25293199159205 46.285055508837104 1.5089925974607461 28.770309422165155 99.098526757210493 1.7175003401935098 135.77433757483959 73.846370592713356
leaf_count=1201 645 2012 1445 28 3019 158 1192 1579 31 220 911 16 792 526
internal_value=-0.000561118 0.00205752 0.00279695 0.00429656 0.0087538 0.0093604 0.0017209 -0.011046 -0.00767232 -0.0089389 -0.00194879 0.0662155 -0.000186009 0.00280995
internal_weight=1449.42 1160.41 1134.11 991.358 496.605 492.429 201.532 289.012 242.727 239.501 127.869 3.22649 494.753 358.978
internal_count=13775 9817 9172 7727 4397 4369 1350 3958 2379 2332 1131 47 3330 2538
is_linear=0
shrinkage=0.03


Tree=107
num_leaves=15
num_cat=0
split_feature=0 1 3 1 6 8 0 4 0 0 2 1 8 3
split_gain=44.5308 26.1333 18.3578 17.3592 16.3229 19.3217 20.8718 18.9099 17.0711 14.3995 14.1113 12.6727 11.4602 13.6803
threshold=19.772500000000008 -21.86999999999999 2.5393897166869195 23.110000000000007 5.8500000000000014 26.050000000000004 5.1554166666666701 74.111700236109343 8.9791666666666696 14.740000000000004 40.530000000000015 -3.4199999999999942 38.350000000000016 2.7857923613768478
decision_type=2 2 2 2 2 2 2 2 2 2 2 2 2 2
left_child=1 -1 10 -2 5 6 -4 12 -7 11 -3 -9 -6 -14
right_child=3 2 4 -5 7 8 -8 9 -10 -11 -12 -13 13 -15
leaf_value=-0.02272604416302829 -0.022578255050794065 -0.010526112997082187 -0.010666505159610739 0.045562300940044917 0.004514373711502164 0.00603896997606346 0.0058483172233922036 0.0032046065331218778 -0.02283555325314416 -0.014795813916428259 0.052787939650605631 0.023923863061737438 -0.035124534670144314 0.0095714833955738744
leaf_weight=37.957464097067714 87.726023511961102 118.33402742445469 90.18620166555047 2.5909567400813094 576.34078629314899 26.138101484626532 280.67309578880668 36.596242792904377 58.724067062139511 12.118120953440664 2.2753071114420882 99.385052364319563 13.521457560360433 10.10407656803727
leaf_count=875 2779 1291 549 44 3465 199 2221 310 460 69 35 1430 75 57
internal_value=0.000135539 0.00149389 0.00220466 -0.0201459 0.00332446 -0.00115009 0.00181433 0.00604826 -0.0139753 0.0156137 -0.00890743 0.0184119 0.00366502 -0.0163967
internal_weight=1452.67 1362.35 1324.4 90.317 1203.79 455.721 370.859 748.066 84.8622 148.099 120.609 135.981 599.966 23.6255
internal_count=13859 11036 10161 2823 8835 3429 2770 5406 659 1809 1326 1740 3597 132
is_linear=0
shrinkage=0.03


Tree=108
num_leaves=15
num_cat=0
split_feature=0 1 7 2 1 0 6 3 6 1 3 7 6 2
split_gain=45.3875 24.708 21.4721 23.0449 20.0514 24.2425 23.0243 19.2782 17.2597 15.7296 18.2463 14.5865 13.9683 12.3514
threshold=21.34500000000001 -23.989999999999991 22.650000000000006 41.110000000000014 -0.59999999999999842 14.960833333333339 7.0500000000000016 2.5624356123134335 5.8500000000000014 -12.019999999999996 3.1123133611707687 70.65000000000002 7.8500000000000014 18.010000000000005
decision_type=2 2 2 2 2 2 2 2 2 2 2 2 2 2
left_child=1 -1 3 4 -3 -6 -7 -8 9 -4 11 -11 -10 -13
right_child=-2 2 8 -5 5 6 7 -9 12 10 -12 13 -14 -15
leaf_value=-0.027296090204173975 -0.023970671948220005 -0.012474186686679078 -0.011890445048706644 0.069805397030490018 0.020284763631545868 -0.017897459827049302 -0.018090248209574566 0.014484668272461861 0.0080372608261622836 0.00052442939574622429 -0.0078862942822728981 -0.027679030204461372 -0.032903234598090192 0.018026131795599084
leaf_weight=26.16670416854322 67.612051513046026 177.92016552016139 86.801536824554205 2.722449865192174 45.779582757502794 63.803271381184459 21.260064501315355 61.066185355186462 538.71072498708963 134.22127731144428 106.84101085923612 4.7611430063843718 6.6402809992432585 95.592933528125286
leaf_count=666 2332 1688 596 36 418 572 300 326 4110 1049 726 27 65 862
internal_value=-0.00015841 0.00103141 0.00160191 -0.00451509 -0.00524896 0.00147954 -0.0045096 0.00595632 0.00394491 -0.00056339 0.00234271 0.00701537 0.00747945 0.015606
internal_weight=1439.9 1372.29 1346.12 372.552 369.829 191.909 146.13 82.3262 973.569 428.218 341.416 234.575 545.351 100.354
internal_count=13773 11441 10775 3340 3304 1616 1198 626 7435 3260 2664 1938 4175 889
is_linear=0
shrinkage=0.03


Tree=109
num_leaves=15
num_cat=0
split_feature=0 1 6 3 1 0 2 2 7 6 2 1 2 1
split_gain=50.7189 25.7547 17.6507 18.2364 21.4901 26.4957 22.8496 22.6759 19.4092 17.4129 18.1159 17.115 17.0056 18.3254
threshold=21.34500000000001 -22.949999999999992 8.0500000000000025 3.1296479655739806 -3.1999999999999953 15.18166666666667 39.550000000000018 17.550000000000008 32.45000000000001 5.8500000000000014 19.250000000000007 -0.35999999999999793 28.980000000000008 7.3700000000000019
decision_type=2 2 2 2 2 2 2 2 2 2 2 2 2 2
left_child=1 -1 3 4 8 7 12 -6 -3 10 -5 -8 -7 -14
right_child=-2 2 -4 9 5 6 11 -9 -10 -11 -12 -13 13 -15
leaf_value=-0.026461620682242091 -0.025820701509605627 -0.0084193321913908614 -0.02338747322256382 0.006926475957944646 -0.051680984106501501 -0.020710769828007274 -0.020289443285852429 0.012999564177353224 0.0030605901586640023 0.020915383020809884 -0.021749793328824197 0.078464361219896223 -0.001520117991676648 0.031329381581465116
leaf_weight=28.934120481833816 65.248432582244277 200.15606293082237 23.823212480172515 26.81778185069561 3.9798942878842345 36.766095351427794 1.7307962439954279 367.62257888913155 387.669459130615 13.981529969722031 70.922298118472099 4.4785794448107472 178.26471112295985 15.71047245338559
leaf_count=742 2305 1535 360 157 25 256 35 3559 2627 95 604 42 1234 103
internal_value=-0.000187553 0.00105953 0.00167679 0.00215078 0.00323528 0.00718214 -0.000658425 0.01217 -0.000856012 -0.00938836 -0.0138912 0.0519417 -0.00229195 0.00128747
internal_weight=1426.11 1360.86 1331.92 1308.1 1196.38 608.553 236.951 371.602 587.826 111.722 97.7401 6.20938 230.741 193.975
internal_count=13679 11374 10632 10272 9416 5254 1670 3584 4162 856 761 77 1593 1337
is_linear=0
shrinkage=0.03


Tree=110
num_leaves=15
num_cat=0
split_feature=0 1 5 1 0 0 3 2 1 2 5 3 0 3
split_gain=38.714 25.487 22.8093 20.3717 39.9238 33.1873 24.1494 16.1863 14.1237 13.1103 12.5877 16.0668 15.6787 12.0566
threshold=21.34500000000001 -22.949999999999992 1024.3920898437502 -0.59999999999999842 12.665416666666673 15.087083333333338 3.3155064221748831 39.710000000000015 23.110000000000007 13.830000000000005 101.85620880126955 2.8831274627939032 5.1554166666666701 2.4426051608629105
decision_type=2 2 2 2 2 2 2 2 2 2 2 2 2 2
left_child=1 -1 3 4 10 6 -5 13 -2 -4 11 -3 -12 -7
right_child=8 2 9 5 -6 7 -8 -9 -10 -11 12 -13 -14 -15
leaf_value=-0.025692079863334171 -0.025529889563100112 0.015401965593850792 0.033402222799026701 0.017786356353788658 -0.019909739944732191 -0.029025049886043309 -0.04027501842236389 0.052688052239966171 0.037632188835033414 -0.0096494401170057094 -0.0098386533957828242 -0.0084921923389564436 0.0031820533095243482 0.00053313231204963046
leaf_weight=30.602234585210681 62.60704056173563 113.96226105839014 5.6372400745749465 221.51890498027205 79.966823365539312 12.183538589626549 5.7214055657386771 4.1336073875427237 2.4940464794635764 179.5661642588675 108.43033789470792 31.780362114310265 346.63555964082479 213.84943036921322
leaf_count=789 2310 898 50 2398 644 181 29 47 43 1585 663 227 2515 1437
internal_value=-0.000158955 0.000934814 0.00156947 0.00315951 -0.000132321 0.00804845 0.0161544 1.02527e-05 -0.0225774 -0.00816668 0.00252874 0.0101693 6.47883e-05 -0.00118093
internal_weight=1419.09 1353.99 1323.39 1138.18 680.775 457.407 227.24 230.167 65.1011 185.203 600.809 145.743 455.066 226.033
internal_count=13816 11463 10674 9039 4947 4092 2427 1665 2353 1635 4303 1125 3178 1618
is_linear=0
shrinkage=0.03


Tree=111
num_leaves=15
num_cat=0
split_feature=7 1 3 3 2 2 5 1 5 2 7 2 4 6
split_gain=41.1119 21.2713 19.0982 18.8786 25.8988 22.9908 20.1088 19.1264 25.4186 22.4884 17.218 16.9057 16.9964 15.0745
threshold=12.950000000000001 -23.989999999999991 2.3297028928717642 2.9349022553917599 20.110000000000007 30.680000000000007 86.323806762695327 -5.4899999999999984 821.58520507812511 18.010000000000005 46.45000000000001 24.910000000000011 76.638107997702505 6.3500000000000014
decision_type=2 2 2 2 2 2 2 2 2 2 2 2 2 2
left_child=-1 -2 -3 4 -4 7 -6 9 -9 -5 13 12 -8 -10
right_child=1 2 3 5 6 -7 11 8 10 -11 -12 -13 -14 -15
leaf_value=-0.017389332729092946 -0.026407651565086784 -0.022827026150297525 -0.02522378622968206 0.026703122934949895 0.015057576665517044 -0.015448374876118698 -0.019816887686352105 0.010658790318440803 -0.040085729658499408 -0.01469777981093494 0.0031208934591322943 0.0058806269474874998 0.0039212945305667568 0.017713665271051639
leaf_weight=113.72101347893476 23.392977895215154 26.570279028266668 23.454207472503185 12.564733713865278 175.30945804715157 95.673135731369257 50.029551241546869 195.03069570288062 21.056587902829055 93.452756928279996 30.547340443357825 489.97365092858672 57.418543608859181 4.369403436779975
leaf_count=2251 651 361 275 61 1570 1613 407 1762 170 514 175 3374 519 24
internal_value=-0.000174033 0.00134548 0.00187479 0.00241817 0.00519707 -0.00246995 0.00615182 0.00104139 0.00555096 -0.00958745 -0.0121212 0.00351769 -0.0072124 -0.0298586
internal_weight=1412.56 1298.84 1275.45 1248.88 796.185 452.695 772.731 357.022 251.004 106.017 55.9733 597.422 107.448 25.426
internal_count=13727 11476 10825 10464 6145 4319 5870 2706 2131 575 369 4300 926 194
is_linear=0
shrinkage=0.03


Tree=112
num_leaves=15
num_cat=0
split_feature=7 5 6 7 6 8 5 3 8 3 7 3 8 4
split_gain=40.5379 18.7861 19.3207 15.2423 22.0499 15.3525 13.2527 14.1357 12.5994 11.7282 11.3705 11.6474 14.4708 10.5909
threshold=12.950000000000001 2276.419311523438 5.8500000000000014 23.050000000000004 7.1500000000000012 29.150000000000006 159.65335845947268 3.0949879214112825 28.650000000000006 2.5556022371618456 118.05000000000003 2.5310699015428226 33.050000000000004 63.785139106023614
decision_type=2 2 2 2 2 2 2 2 2 2 2 2 2 2
left_child=-1 2 6 4 5 -4 7 -2 13 -6 11 12 -5 -8
right_child=1 -3 3 10 9 -7 8 -9 -10 -11 -12 -13 -14 -15
leaf_value=-0.016374188976834961 0.0073831427845301289 -0.020598934855240919 -0.00059599565548554495 -0.012392354191033345 -0.0072819066211290088 -0.020425524174932982 -0.036433835888530136 -0.010440181487382263 -0.023788409763680213 0.014063759569395198 -0.03759754707632193 0.010123414347372637 0.038815466045305072 -0.0028530860823592764
leaf_weight=116.26100100576878 167.31899731978774 31.186555329710245 92.723318846896291 38.354882553219795 29.859317595139146 55.644761761650443 7.8254394624382249 51.605357069522142 33.498553298413754 94.786361971870065 3.8314503058791152 484.00843880139291 4.7018027435988179 208.38875456899405
leaf_count=2283 1538 425 822 321 361 590 69 677 393 604 66 3986 25 1661
internal_value=0.000522373 0.00204053 0.00261109 0.00543098 -0.000330115 -0.00811993 -0.00222747 0.00315342 -0.00693868 0.00893307 0.00838868 0.00879354 -0.00604634 -0.00423061
internal_weight=1419.99 1303.73 1272.55 803.91 273.014 148.368 468.637 218.924 249.713 124.646 530.897 527.065 43.0567 216.214
internal_count=13821 11538 11113 6775 2377 1412 4338 2215 2123 965 4398 4332 346 1730
is_linear=0
shrinkage=0.03


Tree=113
num_leaves=15
num_cat=0
split_feature=0 5 2 7 0 2 6 0 2 8 5 4 6 4
split_gain=38.8851 21.4417 20.8809 22.7661 21.1838 11.0117 28.3329 14.1339 13.6069 10.5129 11.9599 12.9053 12.6786 10.2582
threshold=21.34500000000001 2137.5385742187505 41.110000000000014 9.0500000000000025 1.6875000000000033 23.43000000000001 5.3500000000000014 3.182083333333336 14.950000000000005 36.550000000000004 1092.9609985351565 51.090448556717369 6.2500000000000009 69.424391453819027
decision_type=2 2 2 2 2 2 2 2 2 2 2 2 2 2
left_child=1 2 3 -1 -5 7 13 -6 -9 10 11 -8 -12 -7
right_child=-2 -3 -4 4 5 6 9 8 -10 -11 12 -13 -14 -15
leaf_value=-0.023142029274734598 -0.023722772583032611 -0.02083415921522011 0.068995272923645323 -0.021343912200819742 -0.017360601873410379 0.004438691846561542 -0.017192393950521665 -0.047081459590790124 0.011930916807681451 -0.01090991246820119 -0.024294946496588272 0.0050904996567768682 0.00067417011339866641 -0.020318508405469775
leaf_weight=33.276903769001365 61.303760223090649 40.013350643217564 3.0758265294134608 34.10400197096169 16.496962822973728 18.719536952674389 23.158995177596807 2.6180872470140448 188.74065347388387 48.466214008629322 26.307329310104251 777.0756717659533 55.345052426680923 69.952851602807641
leaf_count=544 2318 520 38 783 107 133 265 13 1839 318 190 5663 447 555
internal_value=-0.00055578 0.000523119 0.00119737 0.000983108 0.00163759 0.00229328 0.00100605 0.00856897 0.010883 0.00255577 0.00330733 0.00442497 -0.00756716 -0.0151008
internal_weight=1398.66 1337.35 1297.34 1294.26 1260.99 1226.88 1019.03 207.856 191.359 930.353 881.887 800.235 81.6524 88.6724
internal_count=13733 11415 10895 10857 10313 9530 7571 1959 1852 6883 6565 5928 637 688
is_linear=0
shrinkage=0.03


Tree=114
num_leaves=15
num_cat=0
split_feature=0 1 2 4 1 6 2 4 1 5 7 6 0 2
split_gain=33.3036 22.7658 20.569 22.4441 18.6602 14.7764 22.3653 20.0726 19.1702 16.5459 15.0928 20.3058 14.7667 14.4156
threshold=21.34500000000001 23.110000000000007 41.110000000000014 51.090448556717369 -23.989999999999991 5.8500000000000014 23.43000000000001 71.984408050385881 -12.019999999999996 359.26994323730474 27.750000000000004 7.2500000000000009 14.616666666666669 16.430000000000007
decision_type=2 2 2 2 2 2 2 2 2 2 2 2 2 2
left_child=2 -2 3 -1 -5 6 8 10 -6 13 11 -7 -9 -10
right_child=1 -3 -4 4 5 7 -8 12 9 -11 -12 -13 -14 -15
leaf_value=-0.013672592127788373 -0.026197143103838274 0.05032586390562345 0.067548611645613002 -0.025959799880759787 -0.017079936305171031 -0.0091902106646923835 -0.0074285547410498053 0.015485050213419765 -0.038240982688853307 -0.0038701174633948409 0.0069727601887280615 0.0066540844144911699 -0.0073296603339602483 0.020022149324889028
leaf_weight=92.476372761651874 57.639281371608377 2.8120923675596705 3.1312107257544985 20.772923799231648 25.618626665323973 183.44906805828214 280.94641110859811 184.84132611751556 3.0848065614700309 46.932341665029526 252.40565307438374 119.35614110715687 28.993335943669081 92.610434114933014
leaf_count=1334 2288 48 38 591 236 1134 2224 2189 15 252 1486 816 187 893
internal_value=-0.000282577 -0.0218764 0.000711159 0.000503404 0.00157163 0.002062 -0.00225798 0.00458491 0.00636899 0.0106705 0.00156896 -0.00294355 0.0123719 0.0177679
internal_weight=1395.07 60.4514 1334.62 1331.49 1239.01 1218.24 449.193 769.046 168.246 142.628 555.211 302.805 213.835 95.6952
internal_count=13731 2336 11395 11357 10023 9432 3620 5812 1396 1160 3436 1950 2376 908
is_linear=0
shrinkage=0.03


Tree=115
num_leaves=15
num_cat=0
split_feature=0 1 5 7 6 1 7 0 7 8 8 2 1 8
split_gain=35.1188 22.0153 18.6008 20.8634 19.4767 18.9403 27.2403 22.104 17.7566 18.9408 17.3509 17.3395 20.2532 16.7012
threshold=19.772500000000008 -23.989999999999991 1118.3176879882815 53.050000000000004 6.2500000000000009 -2.2499999999999982 31.150000000000006 14.960833333333339 71.65000000000002 41.45000000000001 18.750000000000004 36.390000000000015 1.340000000000005 25.550000000000004
decision_type=2 2 2 2 2 2 2 2 2 2 2 2 2 2
left_child=1 -1 5 4 -4 6 -3 8 9 -7 -10 12 -9 -8
right_child=-2 2 3 -5 -6 7 13 11 10 -11 -12 -13 -14 -15
leaf_value=-0.027703020744706916 -0.019719297490590326 -0.010596305438090764 -0.034230183995309423 0.010846611105555825 -0.006972947420793592 0.016432538322561724 -0.0015185209951613197 -0.024618502959340885 0.014874350672595151 -0.039640538444369461 -0.020108909986853277 0.025428842641443548 0.0011373080287787197 0.010974139234525403
leaf_weight=22.896654613316059 78.392025927081704 182.8416154589504 31.568806741386652 38.249443773180246 88.360415188595653 250.43331116810441 247.89334955438972 31.282209370285273 22.428828023374081 4.6182871833443633 27.091227874159813 20.701968837529421 184.13825291022658 156.29444818198681
leaf_count=678 2782 1395 235 225 950 2699 1834 293 211 27 232 150 1039 934
internal_value=-0.000345304 0.000829293 0.00135847 -0.00824368 -0.0143716 0.00271141 -0.00102005 0.00675705 0.0120842 0.0152664 -0.00428336 -0.00013632 -0.00269928 0.0033274
internal_weight=1387.19 1308.8 1285.9 158.179 119.929 1127.72 587.029 540.694 304.572 255.052 49.5201 236.122 215.42 404.188
internal_count=13684 10902 10224 1410 1185 8814 4163 4651 3169 2726 443 1482 1332 2768
is_linear=0
shrinkage=0.03


Tree=116
num_leaves=15
num_cat=0
split_feature=0 1 0 3 3 1 2 3 7 6 1 3 1 3
split_gain=34.4855 37.32 19.2643 26.3824 20.0233 19.0285 18.5194 15.2453 17.2878 12.8297 17.1733 34.2339 17.2643 14.3743
threshold=15.749166666666673 -6.1699999999999964 10.191250000000005 2.6349103399517433 2.3468222213590955 -21.86999999999999 15.850000000000007 2.9069058218741564 11.650000000000004 5.8500000000000014 3.9200000000000035 2.8831274627939032 -0.59999999999999842 2.4823160715771224
decision_type=2 2 2 2 2 2 2 2 2 2 2 2 2 2
left_child=1 2 5 4 -4 -1 -3 8 -2 -8 12 -12 -11 -14
right_child=7 6 3 -5 -6 -7 9 -9 -10 10 11 -13 13 -15
leaf_value=-0.022821734316103678 -0.019809738643906682 -0.046461944780869999 -0.01763516864897954 -0.034720512952161664 0.038881303907430456 9.8892982465975234e-05 0.0017456186404367594 -0.01833772379568873 0.00098804722954904485 0.0062332631711466404 -0.065199241248982034 0.025664618555832977 -0.026517518857143881 0.020931325091733861
leaf_weight=34.399572059512138 46.969124495983124 4.7459214814007273 12.269931342452766 37.395346939563751 8.8562401644885522 411.83350351825356 208.19890769571066 107.5292769856751 143.46437224373221 199.59981981664896 6.6347496882081014 6.5043160915374756 5.1333255171775809 162.13974847644567
leaf_count=894 1173 27 195 227 67 2860 1736 2224 972 1517 48 68 45 1781
internal_value=-0.000324442 0.00213392 -0.00385751 -0.0198903 0.00674342 -0.00171511 0.00723203 -0.00935801 -0.00421827 0.00774337 0.0110162 -0.0215845 0.0122392 0.0193263
internal_weight=1395.67 1097.71 504.755 58.5215 21.1262 446.233 592.957 297.963 190.433 588.211 380.012 13.1391 366.873 167.273
internal_count=13834 9465 4243 489 262 3754 5222 4369 2145 5195 3459 116 3343 1826
is_linear=0
shrinkage=0.03


Tree=117
num_leaves=15
num_cat=0
split_feature=7 1 5 1 6 4 2 5 7 1 5 7 1 4
split_gain=30.1084 23.1727 20.2292 14.7281 16.0476 15.4105 23.8284 14.9575 14.1983 24.9944 15.0114 13.7269 13.2958 13.0206
threshold=14.450000000000001 -23.989999999999991 2276.419311523438 9.2500000000000053 5.5500000000000016 71.034011291580967 28.27 1594.5361938476565 69.550000000000026 -11.769999999999994 31.891020774841312 131.05000000000004 -4.3799999999999963 70.950635547691363
decision_type=2 2 2 2 2 2 2 2 2 2 2 2 2 2
left_child=-1 -2 3 4 8 -6 7 11 13 10 -10 -7 -8 -3
right_child=1 2 -4 -5 5 6 12 -9 9 -11 -12 -13 -14 -15
leaf_value=-0.012491788102194843 -0.028841532656467321 0.0030661907198732199 -0.021795114235609429 -0.01748278925565154 0.0023049966675496711 0.015732982847223024 -0.033087799636029508 -0.035908558106545529 0.036165460182405414 0.0097125356113199127 -0.024780276370649185 -0.035030594870900982 0.00072277781655972985 -0.017274526204733135
leaf_weight=146.53914860077202 20.768035771325231 42.917099168524146 29.370712270960212 29.798471165820956 529.5435550455004 280.22184646502137 12.335950136184691 4.3895650692284098 3.193315874785184 122.49149315617979 32.50615194439888 3.9662304744124404 48.481178937479854 80.797710683196783
leaf_count=2727 646 302 341 1013 3300 3087 65 24 20 978 233 34 366 707
internal_value=0.000320931 0.00184298 0.00238851 0.00300286 0.00354332 0.00553944 0.010421 0.0140099 -0.00267786 0.0032714 -0.0184918 0.0149042 -0.00655956 -0.0102503
internal_weight=1387.32 1240.78 1220.01 1190.64 1160.84 878.938 349.395 288.578 281.906 158.191 35.6995 284.188 60.8171 123.715
internal_count=13843 11116 10470 10129 9116 6876 3576 3145 2240 1231 253 3121 431 1009
is_linear=0
shrinkage=0.03


Tree=118
num_leaves=15
num_cat=0
split_feature=7 1 5 6 7 1 2 6 8 1 4 1 4 4
split_gain=29.7776 21.0535 16.7554 13.7251 17.486 16.004 16.0531 17.6608 19.6546 15.9993 15.4652 14.3898 18.6829 13.4951
threshold=12.950000000000001 -20.869999999999994 2276.419311523438 5.8500000000000014 29.550000000000004 21.950000000000006 23.510000000000009 5.2500000000000009 26.050000000000004 -14.409999999999997 69.793263973270058 -3.8599999999999945 46.95955375009391 54.901478245972619
decision_type=2 2 2 2 2 2 2 2 2 2 2 2 2 2
left_child=-1 -2 3 5 11 6 9 10 -9 -3 -8 12 -5 -13
right_child=1 2 -4 4 -6 -7 7 8 -10 -11 -12 13 -14 -15
leaf_value=-0.015229743591082257 -0.020101261400036 -0.025401574396305797 -0.02058755643020977 0.033589950393493821 0.0099344734127470302 0.0643376636680872 0.0076324191697493028 0.002943717605344984 -0.017520938969731777 0.0080769364791323031 -0.027323261785996932 -0.014330718479153078 -0.012607932246629622 0.005977887829429423
leaf_weight=109.02057463675737 40.018392259255052 13.09288529679179 28.50730873644352 7.6173835657536975 329.72738511115313 2.2634336668997994 13.973653063178061 159.96653728187084 56.289350431412458 147.49174382165074 52.804718732833862 31.881250711157918 96.181391298770905 284.43398754298687
leaf_count=2292 988 125 307 72 2662 47 95 1296 653 1214 520 287 663 2587
internal_value=-0.000259866 0.00104205 0.00174904 0.00229833 0.00477449 -0.0018672 -0.00234894 -0.00663919 -0.00243917 0.00520704 -0.020004 0.00071069 -0.00892948 0.00389228
internal_weight=1373.27 1264.25 1224.23 1195.72 749.841 445.882 443.619 283.034 216.256 160.585 66.7784 420.114 103.799 316.315
internal_count=13808 11516 10528 10221 6271 3950 3903 2564 1949 1339 615 3609 735 2874
is_linear=0
shrinkage=0.03


Tree=119
num_leaves=15
num_cat=0
split_feature=0 0 3 5 6 2 8 2 7 6 3 8 8 2
split_gain=34.2085 15.409 17.4954 21.1039 16.9699 16.2574 19.5404 15.5347 14.7675 14.6437 16.5863 14.4743 14.3171 13.9303
threshold=21.34500000000001 1.6875000000000033 3.0697901557035743 1072.7744750976565 6.2500000000000009 25.190000000000008 19.350000000000005 13.830000000000005 22.250000000000004 7.3500000000000014 2.6600207171756822 30.150000000000006 20.550000000000004 18.010000000000005
decision_type=2 2 2 2 2 2 2 2 2 2 2 2 2 2
left_child=1 7 3 8 5 -4 -7 -1 9 10 -3 -12 -11 -10
right_child=-2 2 4 -5 -6 6 -8 -9 13 12 11 -13 -14 -15
leaf_value=0.021279944317092681 -0.022892920449617524 -0.031857086415944723 -8.800648333343916e-05 -0.008106930823466944 0.026059216728689775 0.0056270474174650344 -0.027109559776556651 -0.02536067271265029 -0.040397848024613284 -0.01915498128411653 0.0024392146000000604 -0.019821629553053107 0.011262705338867342 0.0072375500855619427
leaf_weight=7.0791600961238137 55.537695471197367 20.557453537359834 81.721218533813953 134.64189872704446 11.934094678610562 21.64198537170887 63.154450980946422 33.783809158951044 4.5912662968039504 15.381527673453091 98.728676242753863 34.74183801934123 94.222377527505159 681.74382304772735
leaf_count=91 2315 154 526 1245 73 165 644 913 26 179 757 260 794 5560
internal_value=-4.70109e-05 0.000942857 0.00153519 0.00296847 -0.00714409 -0.00966508 -0.0187862 -0.0169653 0.00454509 -0.00148616 -0.00743066 -0.00345951 0.00685938 0.00686058
internal_weight=1359.46 1303.92 1263.06 1084.61 178.452 166.518 84.7964 40.863 949.967 263.632 154.028 133.471 109.604 686.335
internal_count=13702 11387 10383 8975 1408 1335 809 1004 7730 2144 1171 1017 973 5586
is_linear=0
shrinkage=0.03


Tree=120
num_leaves=15
num_cat=0
split_feature=0 1 0 1 0 2 0 2 1 2 5 1 3 1
split_gain=29.3734 21.7932 20.0966 21.7611 25.937 18.955 17.9239 17.5331 27.1785 19.045 16.0093 15.8562 24.4751 16.4576
threshold=21.34500000000001 -10.519999999999992 15.61791666666667 -0.59999999999999842 12.30291666666667 32.010000000000012 7.7600000000000042 28.980000000000008 3.8000000000000047 39.550000000000018 86.323806762695327 2.3400000000000025 2.827356347238116 3.5900000000000025
decision_type=2 2 2 2 2 2 2 2 2 2 2 2 2 2
left_child=1 10 3 4 -3 -6 -5 -4 9 -9 -1 -8 13 -13
right_child=-2 2 7 6 5 -7 11 8 -10 -11 -12 12 -14 -15
leaf_value=0.0097690846868845917 -0.021386438010573463 0.0050883511546212798 -0.022498460050551349 -0.054137702254898744 -0.025451339344690904 0.0025233679193726447 0.01823121234149868 -0.01631944162821632 0.0093240069128919748 0.031218266191508547 -0.00889485470188465 0.0036217478662518504 0.0086554806808877768 -0.072419296830335753
leaf_weight=48.242482226341963 54.133076148107648 408.6219330355525 38.922700595110655 2.5967262536287299 47.430348914116621 39.341362912207842 182.0077717602253 88.636900121346116 110.57960487343371 7.3662911150604478 261.51208695396781 4.21626468002796 58.019893858581781 5.1867973729968071
leaf_count=345 2306 3136 323 14 327 302 1996 888 790 103 2548 31 537 37
internal_value=6.21453e-05 0.000969165 0.00313648 0.00558096 0.00192081 -0.0128837 0.0127394 -0.00429797 -0.000776914 -0.0123877 -0.00596597 0.0136491 0.00119396 -0.0412524
internal_weight=1356.81 1302.68 992.927 747.421 495.394 86.7717 252.027 245.505 206.583 96.0032 309.755 249.431 67.423 9.40306
internal_count=13683 11377 8484 6380 3765 629 2615 2104 1781 991 2893 2601 605 68
is_linear=0
shrinkage=0.03


Tree=121
num_leaves=15
num_cat=0
split_feature=0 5 0 2 5 5 8 0 2 7 4 2 4 8
split_gain=35.9239 19.1219 16.9568 14.2171 15.2299 13.6429 11.1666 10.8958 20.9684 12.6721 13.8965 16.4244 11.6231 21.0749
threshold=21.34500000000001 86.323806762695327 3.817500000000003 13.830000000000005 3933.8288574218755 1651.5906982421877 25.750000000000004 15.749166666666673 33.810000000000009 21.650000000000006 70.08775619642914 29.460000000000008 54.462871437503409 40.050000000000004
decision_type=2 2 2 2 2 2 2 2 2 2 2 2 2 2
left_child=1 -1 3 4 -3 7 -5 -4 9 -9 11 -11 13 -10
right_child=-2 2 5 6 -6 -7 -8 8 12 10 -12 -13 -14 -15
leaf_value=0.0082969609798070765 -0.02324064605951277 0.052117816078129015 0.0034946412037787627 -0.022618200209882307 -0.024042743864620551 -0.013521755528758889 -0.0018637978852244338 -0.026844261425209334 -0.016197156785688123 -0.036873376377672046 -0.022516692575174125 0.019003692311050507 0.018671357041327108 0.053528921060534959
leaf_weight=292.83592220954597 53.771504504606128 5.1824833918362838 693.68425553292036 61.322478139773011 3.0706575773656368 54.112897258251905 37.600388960912824 40.399637702852488 26.038081679493192 4.8478248678147819 20.825726464390755 24.555784232914448 36.460261492058635 3.5700968652963629
leaf_count=2855 2339 31 5375 922 74 476 332 362 388 37 198 131 243 25
internal_value=0.000561781 0.00155996 -0.000396381 -0.011622 0.0242456 0.000945135 -0.0148271 0.00188052 -0.0052419 -0.0145452 -0.00432209 0.00888135 0.00754641 -0.00631556
internal_weight=1358.28 1304.51 1011.67 107.176 8.25314 904.495 98.9229 850.382 156.697 90.629 50.2293 29.4036 66.0684 29.6082
internal_count=13788 11449 8594 1359 105 7235 1254 6759 1384 728 366 168 656 413
is_linear=0
shrinkage=0.03


Tree=122
num_leaves=15
num_cat=0
split_feature=0 1 3 2 6 7 1 0 1 1 1 3 0 7
split_gain=25.1748 16.0799 15.3008 15.6697 13.0247 16.3331 19.4952 19.8088 14.1615 12.5939 12.1373 11.9363 15.7751 18.8349
threshold=21.34500000000001 -23.989999999999991 2.3880655892041744 38.530000000000015 5.8500000000000014 32.150000000000013 -3.4199999999999942 15.087083333333338 -0.59999999999999842 23.110000000000007 0.64000000000000212 3.0992350405272688 5.4462500000000027 64.550000000000026
decision_type=2 2 2 2 2 2 2 2 2 2 2 2 2 2
left_child=1 -1 -3 4 11 6 -6 8 -8 -2 -9 12 -4 -14
right_child=9 2 3 -5 5 -7 7 10 -10 -11 -12 -13 13 -15
leaf_value=-0.025346365243118493 -0.023908803291614322 -0.013318597434824908 -0.0097649134301192701 0.045830404755796937 -0.0085240930057292677 0.0094125076841822305 0.002770114916933917 -0.025482708726658251 0.0207748582537861 0.034902889973736848 0.00026640139444209133 -0.010500639873447631 -0.0016065800469669688 0.016463003809584455
leaf_weight=19.941489337012172 49.508925657719374 61.550411030650139 93.13073417916894 6.2636223547160617 147.66436246037483 301.3726493511349 75.43477014452219 17.435626786202192 81.92714349552989 2.6388294734060755 154.77168434485793 120.49519363045692 144.85883742757142 79.782414622604847
leaf_count=661 2267 1020 674 39 1050 2465 550 152 959 47 939 958 1174 817
internal_value=-9.26909e-05 0.000731256 0.00115544 0.00189409 0.00163049 0.00395725 0.000499781 0.00455651 0.0122159 -0.020332 -0.00247271 -0.00250273 0.000553401 0.00485544
internal_weight=1356.78 1304.63 1284.69 1223.14 1216.87 778.606 477.234 329.569 157.362 52.1478 172.207 438.267 317.772 224.641
internal_count=13772 11458 10797 9777 9738 6115 3650 2600 1509 2314 1091 3623 2665 1991
is_linear=0
shrinkage=0.03


Tree=123
num_leaves=15
num_cat=0
split_feature=0 1 0 5 0 3 3 2 1 0 1 8 2 8
split_gain=26.7866 19.2796 32.6389 21.5743 20.2314 18.1993 22.6358 19.9754 24.7785 15.5665 21.6668 20.9606 15.0862 14.6712
threshold=22.895000000000007 -3.1999999999999953 15.18166666666667 1536.9753417968752 7.2375000000000034 2.9049264216215964 2.5556022371618456 29.460000000000008 8.6300000000000043 8.0737500000000058 -16.949999999999992 19.450000000000006 22.670000000000005 8.1500000000000021
decision_type=2 2 2 2 2 2 2 2 2 2 2 2 2 2
left_child=1 9 3 4 -3 6 -4 -8 -9 10 -1 12 -12 -11
right_child=-2 2 5 -5 -6 -7 7 8 -10 13 11 -13 -14 -15
leaf_value=-0.010015561352444675 -0.023435616345484411 -0.039548048354271573 -0.019976191928427034 -0.025742485517547528 0.012210330442600198 -0.014852121439274913 -0.021760212077281314 0.0084640210037929924 0.081012624077369796 -0.06715288483915359 0.0075614649491139822 0.012732884762846527 -0.013117603858658389 -0.0079356254293678468
leaf_weight=117.11678553931415 41.211662190034986 5.9718657508492461 33.989481309428811 13.781131628900765 373.10426463931799 86.585562042891979 18.310007346794009 127.48107161745429 3.4056980162858954 2.8495457246899596 57.329037208110094 153.03327152132988 68.839049842208624 235.88498878851533
leaf_count=1556 1896 32 625 88 3818 1065 112 740 36 22 416 1069 514 1749
internal_value=8.33908e-05 0.000847776 0.00442433 0.0099318 0.011293 -0.00360301 0.00176581 0.00681901 0.0109517 -0.00288518 0.000763152 0.00530411 -0.00373575 -0.00891961
internal_weight=1338.89 1297.68 662.629 392.857 379.076 269.772 183.186 149.197 130.887 635.053 396.318 279.201 126.168 238.735
internal_count=13738 11842 6516 3938 3850 2578 1513 888 776 5326 3555 1999 930 1771
is_linear=0
shrinkage=0.03


Tree=124
num_leaves=15
num_cat=0
split_feature=0 5 0 3 3 2 2 6 3 8 4 5 6 3
split_gain=26.9667 17.5657 15.5803 15.2593 13.8367 14.3267 11.9128 26.4002 15.3951 10.87 11.6113 11.5756 10.6816 10.4912
threshold=21.34500000000001 2276.419311523438 1.6875000000000033 3.5041390522533491 2.4936671310044445 38.530000000000015 23.43000000000001 5.3500000000000014 2.7354152436453965 36.350000000000009 53.00437893998221 312.47671508789068 7.5500000000000016 3.3335742151318679
decision_type=2 2 2 2 2 2 2 2 2 2 2 2 2 2
left_child=1 2 -1 -2 -4 6 8 -8 -6 -9 -11 12 -12 -10
right_child=3 -3 4 -5 5 -7 7 9 13 10 11 -13 -14 -15
leaf_value=-0.020124240995558769 -0.025825315871023907 -0.020864538865547507 -0.0099987032995539262 0.034685458807785584 -0.029446036025859951 0.046634805228603908 -0.014604709492570979 0.0033557698203422696 0.012358043356492513 0.034701711283990778 -0.013593617430783606 -0.038290034339868884 0.028010207263806198 -0.018313525386317364
leaf_weight=29.119020065292716 47.704022657126188 32.336472131311893 83.611046958714724 3.2083127330988637 8.0474580526351911 5.6056354194879523 88.44304514490068 810.85966283269227 181.9799173399806 3.6427512839436522 26.810069754719734 12.910704743117092 5.9658135436475268 9.7552435249090177
leaf_count=768 2250 476 1166 99 62 28 696 6038 1834 23 171 94 38 47
internal_value=-0.000214571 0.000632222 0.001197 -0.0214174 0.00171449 0.00257105 0.00231558 0.000909477 0.00895444 0.00251972 -0.0110165 -0.015327 -0.00541586 0.0107106
internal_weight=1350 1299.09 1266.75 50.9123 1237.63 1154.02 1148.41 948.632 199.783 860.189 49.3293 45.6866 32.7759 191.735
internal_count=13790 11441 10965 2349 10197 9031 9003 7060 1943 6364 326 303 209 1881
is_linear=0
shrinkage=0.03


Tree=125
num_leaves=15
num_cat=0
split_feature=6 1 1 3 5 2 4 4 3 2 6 1 8 6
split_gain=17.548 18.2609 12.5482 17.91 10.5632 14.6439 12.4915 11.4276 11.7174 13.1224 11.1849 13.867 16.0765 10.4046
threshold=8.0500000000000025 -20.869999999999994 9.7300000000000058 3.5041390522533491 101.85620880126955 31.530000000000001 66.764490697485613 63.049973187834269 3.0352215459756287 19.250000000000007 5.8500000000000014 -11.209999999999996 25.850000000000005 7.7500000000000009
decision_type=2 2 2 2 2 2 2 2 2 2 2 2 2 2
left_child=1 -1 4 -4 5 7 13 -3 9 -9 11 -6 -13 -7
right_child=-2 2 3 -5 10 6 -8 8 -10 -11 -12 12 -14 -15
leaf_value=-0.020186257770354047 -0.023413678165677087 -0.037207487750524126 -0.024312418948796894 0.041769102672225229 -0.016870046648756701 0.013540354031272052 -0.017501978992613885 -0.035409736827605717 -0.0012242982151973824 0.0160683752372149 0.002582987592322423 0.0031091506110076821 -0.015197077752503943 -0.020187996551144088
leaf_weight=35.269822416827083 26.494877904653549 3.5152655579149714 29.462177051231265 3.2802680153399697 62.871528144925833 35.455516520887613 35.40045278891921 3.6581113152205935 52.571111986413598 176.9603899307549 616.45122222974896 185.27753500826657 55.208269953727722 9.6842592246830446
leaf_count=957 655 21 1309 97 415 254 373 34 393 1940 5263 1390 462 143
internal_value=0.000305001 0.000804085 0.00140254 -0.0166504 0.00189343 0.0066045 -0.00440461 0.0103532 0.011226 0.0148365 0.000263156 -0.00444396 -0.00113893 0.00602358
internal_weight=1331.56 1305.07 1269.8 32.7424 1237.05 317.245 80.5402 236.705 233.19 180.619 919.809 303.357 240.486 45.1398
internal_count=13706 13051 12094 1406 10688 3158 770 2388 2367 1974 7530 2267 1852 397
is_linear=0
shrinkage=0.03


Tree=126
num_leaves=15
num_cat=0
split_feature=7 1 5 3 1 1 8 7 3 8 8 1 1 4
split_gain=24.384 17.4812 14.5836 11.8218 20.9889 12.4596 9.52572 9.08424 15.6602 19.1177 14.3738 28.1445 13.4641 13.3689
threshold=12.950000000000001 -22.949999999999992 2697.963500976563 3.2532192342476365 23.110000000000007 10.730000000000004 12.350000000000003 30.950000000000006 2.9349022553917599 26.250000000000004 26.550000000000004 -12.019999999999996 -0.47999999999999393 63.449981465881635
decision_type=2 2 2 2 2 2 2 2 2 2 2 2 2 2
left_child=-1 -2 3 5 6 7 -5 8 -3 12 11 -9 -10 -13
right_child=1 2 -4 4 -6 -7 -8 10 9 -11 -12 13 -14 -15
leaf_value=-0.014391926438321668 -0.024715145042513421 0.0027241016881686844 -0.025128086583262817 0.013350115616972597 0.056994544294597646 -0.026131892443856181 -0.026013463278080021 -0.012518780018844038 -0.011760666528160577 -0.02080786943943885 0.011703374362705675 -0.017260312127688398 0.016084565817610121 0.0074829933374131246
leaf_weight=101.55862238630652 22.633640523999929 370.51103300601244 17.452393535524607 5.971484823152422 2.5249547250568858 12.688642499968408 32.777817439287901 93.497510299086571 29.480375021696091 64.148906400427222 198.98220921121538 19.999065648764372 31.109615514054894 320.35481646843255
leaf_count=2279 739 2932 250 42 42 582 549 625 208 624 1420 113 367 2929
internal_value=-0.000341265 0.00083715 0.00133949 0.00175118 -0.0138312 0.00232659 -0.0197641 0.00266955 -0.000373958 -0.00952458 0.0050482 0.00197597 0.00256535 0.00598278
internal_weight=1323.69 1222.13 1199.5 1182.05 41.2743 1140.77 38.7493 1128.08 495.25 124.739 632.834 433.851 60.59 340.354
internal_count=13701 11422 10683 10433 633 9800 591 9218 4131 1199 5087 3667 575 3042
is_linear=0
shrinkage=0.03


Tree=127
num_leaves=15
num_cat=0
split_feature=0 5 3 2 0 2 0 2 4 8 5 6 4 5
split_gain=22.0593 14.5734 12.8691 10.6565 10.1163 15.2864 10.4608 15.3821 12.4597 12.457 12.3502 10.7795 18.7548 10.6264
threshold=19.635416666666671 2697.963500976563 3.5041390522533491 33.730000000000011 1.6875000000000033 14.950000000000005 15.18166666666667 35.930000000000014 51.090448556717369 38.850000000000016 841.39382934570324 5.8500000000000014 73.913375157659104 876.97348022460949
decision_type=2 2 2 2 2 2 2 2 2 2 2 2 2 2
left_child=1 4 -2 -4 5 -1 9 10 -9 11 -8 -6 -13 -14
right_child=2 -3 3 -5 6 -7 7 8 -10 -11 -12 12 13 -15
leaf_value=0.033394317485586772 -0.01922542714053577 -0.023095877407345353 0.072561389819967584 -0.018675615521301155 -0.0006082469816111049 -0.025069672100683216 -0.003915908135096278 -0.0031166869841974267 0.035241821363520089 -0.022203621801409393 -0.02464530522253534 0.0031450858299782798 0.017886589174069902 -0.033280642239117766
leaf_weight=3.8801786843687323 68.363007666543126 21.814445223659277 1.6717696227133267 1.447105338796973 372.8719260878861 24.638230917975307 183.12769711390138 15.044729668647053 14.141885053366421 16.467559114098549 29.24275591596961 459.51721262559295 117.77628534659743 2.8774831071496001
leaf_count=21 2774 383 43 46 2866 769 1163 185 71 107 283 3337 1790 18
internal_value=-0.000259568 0.000664714 -0.016354 0.0359725 0.00110114 -0.0162533 0.00152287 -0.00405162 0.016021 0.00291452 -0.00687241 0.00337135 0.00592566 0.0164028
internal_weight=1332.88 1261.4 71.4819 3.11887 1239.59 28.5184 1211.07 241.557 29.1866 969.51 212.37 953.043 580.171 120.654
internal_count=13856 10993 2863 89 10610 790 9820 1702 256 8118 1446 8011 5145 1808
is_linear=0
shrinkage=0.03


Tree=128
num_leaves=15
num_cat=0
split_feature=0 0 7 2 3 8 6 2 7 6 8 5 3 6
split_gain=25.6673 14.7758 15.2769 16.5088 16.0129 16.6498 15.2599 12.8427 14.6925 14.0466 13.2718 12.3766 11.6858 10.7859
threshold=21.34500000000001 5.1554166666666701 19.850000000000005 40.870000000000012 3.1296479655739806 19.350000000000005 5.8500000000000014 18.390000000000011 68.65000000000002 5.3500000000000014 38.350000000000016 99.97662734985353 3.4484401491963586 7.0500000000000016
decision_type=2 2 2 2 2 2 2 2 2 2 2 2 2 2
left_child=1 11 3 13 7 -6 -7 -4 9 -9 -11 -1 -2 -3
right_child=12 2 4 -5 5 6 -8 8 -10 10 -12 -13 -14 -15
leaf_value=0.0079763543489087367 -0.026054634412707365 -0.013079619674991961 -0.035718812034530339 0.053827944573436322 0.010705509061311709 -0.023176334670557113 0.016536073718741353 -0.012027879997339085 0.016916395823259971 0.0063258189521996902 -0.020725757240479769 -0.010278885003805898 0.022833949366968732 -0.00025222385954506017
leaf_weight=41.296906584873796 43.129997324198484 94.934891454875469 5.7073467113077632 3.3451476953923693 29.045898115262389 50.595682844519615 9.7268252633512002 42.839297514408827 96.199131693691015 582.77441869862378 15.836876960471271 161.29455188475549 4.1205386165529481 153.3226477894932
leaf_count=343 2186 888 43 41 188 434 73 269 1023 4806 103 1735 131 1572
internal_value=7.564e-05 0.000880382 0.00227092 -0.00419562 0.00422743 -0.00771025 -0.0166076 0.00567104 0.00603921 0.00438415 0.00557677 -0.00653678 -0.0214064 -0.00519028
internal_weight=1334.17 1286.92 1084.33 251.603 832.725 89.3684 60.3225 743.357 737.65 641.451 598.611 202.591 47.2505 248.258
internal_count=13835 11518 9440 2501 6939 695 507 6244 6201 5178 4909 2078 2317 2460
is_linear=0
shrinkage=0.03


Tree=129
num_leaves=15
num_cat=0
split_feature=4 0 1 1 0 7 4 0 4 5 4 1 0 0
split_gain=22.4061 12.0933 19.1667 16.7931 22.3615 23.3076 22.0594 20.5207 19.613 14.5791 15.3189 13.3974 15.6448 12.5865
threshold=51.610016136662914 19.635416666666671 23.110000000000007 -0.59999999999999842 15.18166666666667 63.050000000000004 77.154265355803943 12.223333333333338 63.785139106023614 1144.661804199219 69.17697077024296 -3.8599999999999945 6.4387500000000033 8.5416666666666714
decision_type=2 2 2 2 2 2 2 2 2 2 2 2 2 2
left_child=-1 3 -3 7 5 -5 -7 11 -9 10 -6 13 -13 -2
right_child=1 2 -4 4 9 6 -8 8 -10 -11 -12 12 -14 -15
leaf_value=-0.014116009102239266 0.00076294381899394447 -0.018405910176286702 0.05287377459700765 0.017564049369739331 0.0070595793109454125 -0.037872242495745355 0.007072817706382465 0.0033636168680613969 -0.025476201235220097 -0.030404488904145138 -0.010958277767288629 -0.056818888957370486 0.0097549137172461345 -0.010070247707306317
leaf_weight=100.40257921628654 386.03770834766328 47.862561902031302 2.6903061494231215 173.66919415444136 124.84278428927064 13.069201104342936 31.833523791283369 33.282638609409332 56.560687093064189 13.329601839184759 63.106686796993017 2.2647512033581725 143.27105804905295 127.65047685429454
leaf_count=2009 3262 2010 43 2080 671 100 330 213 412 119 440 12 1319 746
internal_value=-0.000566026 0.000560235 -0.0136605 0.0011864 0.00598194 0.0126031 -0.00654878 -0.00150589 -0.014873 -0.00123486 0.000983852 0.000335641 0.00833825 -0.00194342
internal_weight=1319.87 1219.47 50.5529 1168.92 419.851 218.572 44.9027 749.067 89.8433 201.279 187.949 659.224 145.536 513.688
internal_count=13766 11757 2053 9704 3740 2510 430 5964 625 1230 1111 5339 1331 4008
is_linear=0
shrinkage=0.03


Tree=130
num_leaves=15
num_cat=0
split_feature=0 1 5 1 7 7 3 8 3 7 3 0 1 0
split_gain=20.6635 14.1025 12.2385 11.9822 10.4471 11.0116 10.4042 9.40416 17.8946 9.31272 11.8297 9.51107 8.50398 22.84
threshold=22.895000000000007 -23.989999999999991 2276.419311523438 23.110000000000007 19.850000000000005 137.85000000000005 3.284890724912179 41.45000000000001 2.7381381513186649 9.0500000000000025 2.9217436838819402 19.478750000000005 -6.1699999999999964 8.6320833333333393
decision_type=2 2 2 2 2 2 2 2 2 2 2 2 2 2
left_child=1 -1 4 -2 7 6 12 9 -9 -3 11 -11 13 -6
right_child=3 2 -4 -5 5 -7 -8 8 -10 10 -12 -13 -14 -15
leaf_value=-0.024574803049073942 -0.026731356852265444 -0.019308229598348079 -0.01743580657553491 0.029700190350193754 0.0046439483589785571 -0.0092972566633379213 -0.019947621860988272 -0.020737022157856042 0.059179292541900505 0.0030139712377043248 -0.016413262547053692 -0.026814663999372112 0.0068046291665771743 -0.014039527333397268
leaf_weight=18.109474526718259 33.690235920250416 32.967334762215614 29.34181827865541 2.9279491379857054 292.54853801615536 58.371613629162312 15.03331123292446 3.7564976289868337 4.8069473132491112 158.76724404469132 41.941070135682821 9.2390138171613199 549.75618919543922 72.668758861720562
leaf_count=669 1846 713 406 47 1976 443 146 33 27 1277 509 195 5154 405
internal_value=0.000367463 0.00100715 0.00139122 -0.0215496 0.00185047 0.00323923 0.00403522 -0.00359896 0.02562 -0.00472983 -0.00235995 0.00122468 0.00445061 0.000898236
internal_weight=1323.93 1287.31 1269.2 36.6182 1239.86 988.378 930.007 251.478 8.56344 242.915 209.947 168.006 914.973 365.217
internal_count=13846 11953 11284 1893 10878 8124 7681 2754 60 2694 1981 1472 7535 2381
is_linear=0
shrinkage=0.03


Tree=131
num_leaves=15
num_cat=0
split_feature=0 5 7 8 0 7 6 8 6 6 2 4 7 0
split_gain=20.267 14.7595 13.4769 13.3183 12.0232 11.4659 15.7397 19.278 15.8648 15.3627 15.2004 16.1214 14.3088 12.564
threshold=22.895000000000007 2276.419311523438 10.450000000000001 40.050000000000004 5.4462500000000027 37.850000000000009 7.2500000000000009 23.950000000000006 5.2500000000000009 6.1500000000000012 29.640000000000004 66.764490697485613 16.550000000000004 8.8508333333333393
decision_type=2 2 2 2 2 2 2 2 2 2 2 2 2 2
left_child=1 2 3 -1 -4 6 7 8 -6 -9 11 -11 -10 -14
right_child=-2 -3 4 -5 5 -7 -8 9 12 10 -12 -13 13 -15
leaf_value=-0.018422539212952962 -0.022241262661763204 -0.019719532835175982 -0.0052160444487118519 0.048007448201709942 -0.024706610464986158 0.0071091785838362856 0.0088358087707234544 -0.01867960674941763 -0.014961978180625925 -0.026326316099873459 -0.010052729611620643 0.010995110401963003 -0.011979233641489437 0.013538525153924404
leaf_weight=44.715392738580704 35.536611399613321 30.929314455017447 195.9692648164928 1.9421108830720175 14.028113653883336 366.39271976612508 151.72877778112888 75.815553322434425 21.794955048710108 10.998177234083412 117.31631917133927 79.639685081318021 18.980960495769978 142.10272459313273
leaf_count=872 1878 484 1796 23 151 3273 1193 804 228 70 757 826 130 1269
internal_value=-0.00021169 0.000420575 0.000937821 -0.0147081 0.00156061 0.00289411 0.000444679 -0.00221688 0.00498059 -0.00721113 -0.00296059 0.00622859 0.00737979 0.0104763
internal_weight=1307.89 1272.35 1241.42 46.6575 1194.77 998.798 632.405 480.676 196.907 283.77 207.954 90.6379 182.879 161.084
internal_count=13754 11876 11392 895 10497 8701 5428 4235 1778 2457 1653 896 1627 1399
is_linear=0
shrinkage=0.03


Tree=132
num_leaves=15
num_cat=0
split_feature=0 5 7 6 5 7 6 8 8 0 3 0 8 5
split_gain=22.7273 13.1931 12.1542 13.0166 11.6601 22.6871 11.3202 18.4203 13.6242 14.8201 10.6488 16.6899 17.4645 14.0169
threshold=21.34500000000001 3470.7541503906255 22.250000000000004 5.9500000000000011 617.37762451171886 52.550000000000004 6.8500000000000014 20.350000000000005 20.150000000000006 12.665416666666673 3.0908186382493312 5.4462500000000027 17.250000000000004 86.323806762695327
decision_type=2 2 2 2 2 2 2 2 2 2 2 2 2 2
left_child=1 2 6 4 10 -6 8 -8 -1 -10 11 13 -13 -4
right_child=-2 -3 3 -5 5 -7 7 -9 9 -11 -12 12 -14 -15
leaf_value=0.0041289408503088027 -0.020780275286962108 -0.028460534260766841 0.012148919562591185 0.0063643832867801816 -0.029631251538354612 0.0028419796923402863 -0.020551133210358802 0.0041480411678152408 0.00021480958186831752 -0.026244780623696885 -0.0080002961562504089 -0.0022483099527451466 0.016123325729472296 -0.013520883832250136
leaf_weight=37.028448991477489 44.419995367527008 12.704195765778421 25.834061527624726 474.82289876416326 33.181141702458262 44.301838265731931 30.967421805486083 180.29552218876779 28.38488650508225 56.838658498600125 82.220524424687028 74.966797307133675 120.99385787174106 66.540082737803459
leaf_count=349 2347 272 230 4032 295 277 415 1654 216 577 636 779 1127 663
internal_value=7.14741e-05 0.000817108 0.00113556 0.00290888 -0.00075922 -0.0112646 -0.00376539 0.000447815 -0.0109908 -0.0175318 0.00146187 0.00417839 0.00911933 -0.00628864
internal_weight=1313.5 1269.08 1256.38 922.861 448.038 77.483 333.515 211.263 122.252 85.2235 370.555 288.335 195.961 92.3741
internal_count=13869 11522 11250 8039 4007 572 3211 2069 1142 793 3435 2799 1906 893
is_linear=0
shrinkage=0.03


Tree=133
num_leaves=15
num_cat=0
split_feature=0 1 2 4 6 4 0 8 2 7 2 1 0 8
split_gain=20.1294 14.5693 14.2146 13.03 12.7342 17.9801 14.2629 13.6001 11.4106 10.8399 25.547 21.472 16.4811 16.0203
threshold=21.34500000000001 -23.989999999999991 40.870000000000012 51.090448556717369 5.9500000000000011 74.111700236109343 14.616666666666669 38.850000000000016 37.130000000000017 36.95000000000001 25.970000000000002 -6.1699999999999964 8.9187500000000046 25.150000000000006
decision_type=2 2 2 2 2 2 2 2 2 2 2 2 2 2
left_child=1 -1 3 -3 -5 7 -7 8 9 10 -6 12 -12 -11
right_child=-2 2 -4 4 5 6 -8 -9 -10 13 11 -13 -14 -15
leaf_value=-0.026178523764145228 -0.020407168031423169 -0.011177056876679622 0.055035085793114558 -0.0025062685386635789 -0.032333557905183573 0.018594130613853628 -0.017382507322380225 -0.022735689757186907 0.034416718865140743 -0.0045915843030394903 0.0011469442851028894 0.0054609848981343285 -0.02341935111083893 0.016042211140513601
leaf_weight=17.466171341016889 42.83937287889421 79.727788297459483 3.3129639234393826 470.77113401889801 20.491686258465052 97.947339693084359 10.237446319311855 18.681596666574478 8.9930770676583034 51.095000598579645 50.348178155720234 283.0867724455893 46.854787282645702 97.320375867187977
leaf_count=668 2316 1259 42 4040 175 1563 75 115 63 390 353 1854 300 558
internal_value=-0.000424314 0.000272764 0.000666501 0.00047633 0.00128914 0.00389719 0.0150617 0.001781 0.00264072 0.00205878 -0.000511083 0.00128396 -0.0108127 0.00895542
internal_weight=1299.17 1256.33 1238.87 1235.56 1155.83 685.056 108.185 576.871 558.19 549.197 400.781 380.29 97.203 148.415
internal_count=13771 11455 10787 10745 9486 5446 1638 3808 3693 3630 2682 2507 653 948
is_linear=0
shrinkage=0.03


Tree=134
num_leaves=15
num_cat=0
split_feature=3 3 5 2 0 1 3 4 1 6 2 3 2 1
split_gain=17.1757 13.8714 16.1215 21.4361 13.0565 12.0284 12.0005 11.9312 10.7806 10.6656 10.7561 10.7556 9.37204 8.43399
threshold=2.5310699015428226 2.9991522989611203 151.088005065918 24.97000000000001 15.873333333333335 23.110000000000007 2.827356347238116 81.055311417135314 2.5000000000000049 5.0500000000000016 22.11000000000001 3.3335742151318679 29.830000000000002 3.7000000000000046
decision_type=2 2 2 2 2 2 2 2 2 2 2 2 2 2
left_child=8 2 7 6 9 -6 -4 -2 12 10 11 -3 -1 -11
right_child=1 4 3 -5 5 -7 -8 -9 -10 13 -12 -13 -14 -15
leaf_value=-0.018080134237675457 0.0064332315133054816 0.017867565937483013 -0.022453521575264552 0.0030130243189601873 -0.019048087068910563 0.03391969215863877 -0.0024160842585964912 0.025228183627395758 -0.026935970347171431 -0.00028450504573949379 -0.028612392335324085 -0.029059141879093444 0.001174243289076674 0.019504855530187982
leaf_weight=34.275888642296195 301.05006286688149 12.199184469878675 50.454734837636352 419.22114460915327 62.09368438180536 3.2116766721010199 56.941206427291036 33.043713729828596 26.780035162344575 187.68944312818348 21.925362430512905 5.5961056351661673 63.770733207464218 20.61131502315402
leaf_count=498 2876 103 644 3265 1843 52 612 529 848 1336 120 29 919 126
internal_value=0.000123016 0.00125096 0.00321781 -5.53324e-05 -0.00414506 -0.0159709 -0.01195 0.0083619 -0.0104113 -0.000979622 -0.0150241 0.00234953 -0.00567143 0.00175748
internal_weight=1298.86 1174.04 860.711 526.617 313.327 65.3054 107.396 334.094 124.827 248.021 39.7207 17.7953 98.0466 208.301
internal_count=13800 11535 7926 4521 3609 1895 1256 3405 2265 1714 252 132 1417 1462
is_linear=0
shrinkage=0.03


Tree=135
num_leaves=15
num_cat=0
split_feature=7 1 3 4 1 3 4 2 0 8 2 4 8 3
split_gain=23.739 16.6053 10.9873 14.2487 12.3838 9.75244 14.329 31.9298 14.8686 11.7929 10.6744 9.9884 14.2914 10.4942
threshold=19.850000000000005 -23.989999999999991 2.9217436838819402 55.790704262654415 -3.1999999999999953 2.9991522989611203 79.307823360413394 24.910000000000011 1.6875000000000033 38.850000000000016 25.11000000000001 71.342453728638176 25.950000000000006 3.5041390522533491
decision_type=2 2 2 2 2 2 2 2 2 2 2 2 2 2
left_child=2 -2 3 -1 -5 6 7 -3 -8 -9 -7 12 -12 -13
right_child=1 5 -4 4 -6 10 8 9 -10 -11 11 13 -14 -15
leaf_value=-0.013611596648900862 -0.027710197650043136 -0.0097664263858761972 -0.020475308966134934 -0.021120612493514816 0.0057752065121017878 0.004108110208832073 -0.029221094244941258 0.0070030782337292333 0.019406376134275122 -0.023905728849569881 0.010544953521965352 -0.017717518976129842 -0.014879319846774866 0.035166821095088965
leaf_weight=96.515542984940112 15.739690929651259 142.01040288060904 51.113999108783901 17.089506888762116 103.11475743353367 127.0237217117101 5.2275211568921796 488.4479962028563 76.80044811964035 10.411157695576547 46.185036137700081 71.937515700235963 33.409448630176485 2.6332223899662486
leaf_count=1965 625 1524 1220 139 889 947 76 3581 1016 65 290 978 318 75
internal_value=-0.000159874 0.00192897 -0.00809113 -0.00508966 0.00180871 0.00242069 0.00426303 0.00273911 0.0159928 0.00631148 -0.00231403 -0.00759789 -0.000178985 -0.0154094
internal_weight=1287.66 1019.83 267.834 216.72 120.204 1004.09 722.898 640.87 82.028 498.859 281.189 154.165 79.5945 74.5707
internal_count=13708 9495 4213 2993 1028 8870 6262 5170 1092 3646 2608 1661 608 1053
is_linear=0
shrinkage=0.03


Tree=136
num_leaves=15
num_cat=0
split_feature=0 3 2 2 6 7 3 6 4 2 2 2 5 0
split_gain=19.1983 12.3524 14.7365 13.7115 11.9956 12.5735 11.4408 15.5022 13.4261 15.1849 11.0132 10.961 10.8797 9.68231
threshold=22.895000000000007 2.5310699015428226 38.530000000000015 29.830000000000002 5.8500000000000014 31.150000000000006 2.9349022553917599 6.2500000000000009 71.034011291580967 27.630000000000006 34.230000000000011 20.990000000000009 3470.7541503906255 9.544583333333339
decision_type=2 2 2 2 2 2 2 2 2 2 2 2 2 2
left_child=1 3 4 -1 -3 6 8 -8 9 11 -5 -6 -7 -10
right_child=-2 2 -4 10 5 12 7 -9 13 -11 -12 -13 -14 -15
leaf_value=-0.023094735618396391 -0.021830757803723753 -0.0026102311196431818 0.043503733870638335 0.0091412785490582946 0.023067169106325561 0.0093546335440828198 -0.025516467265884156 0.0011607746711222154 -0.0070696798596986835 0.0016777018155405107 -0.013369929619036684 -0.034283993579128792 -0.02919703090716726 0.019218198755349105
leaf_weight=38.181060627102852 34.037687740288675 430.01311918068677 6.5122562646865836 41.389146875590086 2.8798678144812611 286.6866126395762 32.119200209155679 47.840702816843987 15.315414004027842 246.11442687176168 35.328214447014034 16.705674221739173 5.7934154365211716 60.273966670036316
leaf_count=554 1956 3992 34 430 38 2630 311 390 144 1561 790 141 111 784
internal_value=7.50134e-05 0.000681143 0.00162043 -0.00865491 0.00134415 0.00372694 0.000404735 -0.00973805 0.00280257 -0.000385974 -0.00126374 -0.0251402 0.00849412 0.0138692
internal_weight=1299.19 1265.15 1150.25 114.898 1143.74 713.729 421.249 79.9599 341.289 265.7 76.7174 19.5855 292.48 75.5894
internal_count=13866 11910 10136 1774 10102 6110 3369 701 2668 1740 1220 179 2741 928
is_linear=0
shrinkage=0.03


Tree=137
num_leaves=15
num_cat=0
split_feature=0 1 2 6 1 3 1 0 3 0 6 3 8 1
split_gain=21.035 16.0238 14.0664 11.8694 11.8615 11.1748 10.8136 24.1649 19.5634 17.7003 20.3392 15.768 14.177 14.0416
threshold=21.34500000000001 -23.989999999999991 41.110000000000014 8.0500000000000025 23.110000000000007 3.3015161197560743 -0.59999999999999842 11.683750000000005 2.5556022371618456 15.18166666666667 7.5500000000000016 2.8629955138915615 23.950000000000006 4.020000000000004
decision_type=2 2 2 2 2 2 2 2 2 2 2 2 2 2
left_child=1 -1 3 5 -2 6 7 -3 -8 -10 12 -9 13 -11
right_child=4 2 -4 -5 -6 -7 8 11 9 10 -12 -13 -14 -15
leaf_value=-0.028050178621685629 -0.026191332038720021 0.0013436463329011606 0.055088321362508762 -0.022272363692497341 0.029683997469161231 -0.02121860082242661 -0.020149206189459288 -0.0035862093479238949 0.012742077765668316 -0.0088035017839865493 0.023224544007057413 -0.024821798094341718 -0.010166460231709244 0.018375922044382122
leaf_weight=16.941464453935623 37.788799330592155 622.32826200500131 3.2349665351212016 19.581119546666741 2.9255020543932906 19.572082797065377 25.54059774056077 72.017317367717624 202.02007241547108 28.517205746844411 28.819032814353704 55.454959662631154 110.0471112113446 40.073668884113431
leaf_count=673 2272 4916 36 364 46 138 316 628 2452 257 147 425 842 237
internal_value=-0.000606047 9.64652e-05 0.000507549 0.000318438 -0.0215611 0.000703895 0.00108362 -0.00109967 0.00484066 0.00644466 0.000280581 -0.0129457 -0.00352957 0.00711173
internal_weight=1284.86 1244.15 1227.21 1223.97 40.7143 1204.39 1184.82 749.801 435.018 409.477 207.457 127.472 178.638 68.5909
internal_count=13749 11431 10758 10722 2318 10358 10220 5969 4251 3935 1483 1053 1336 494
is_linear=0
shrinkage=0.03


Tree=138
num_leaves=15
num_cat=0
split_feature=6 5 1 1 3 8 3 7 8 1 5 8 1 6
split_gain=17.0631 11.6691 9.54824 9.77752 10.5295 9.62751 9.29398 7.72934 12.357 19.6859 15.2319 10.7148 10.6164 12.8634
threshold=8.0500000000000025 2697.963500976563 -23.989999999999991 9.2500000000000053 3.2532192342476365 12.350000000000003 3.5041390522533491 30.950000000000006 26.550000000000004 -11.769999999999994 29.891889572143558 21.450000000000006 -16.629999999999992 6.8500000000000014
decision_type=2 2 2 2 2 2 2 2 2 2 2 2 2 2
left_child=1 2 -1 4 7 -6 -5 12 9 10 -9 -12 -4 -14
right_child=-2 -3 3 6 5 -7 -8 8 -10 -11 11 -13 13 -15
leaf_value=-0.022682228782154951 -0.024217865831951201 -0.021918253565708236 -0.023451118841775979 -0.021058690387340206 0.015220080011401703 -0.023965667854711721 0.028217346102731706 0.036494742180776772 0.010635870276948125 0.0052294316560836168 -0.022394107575395394 -0.0026540721516241316 -0.0042605952538433065 0.005120575797984292
leaf_weight=14.176728345453737 24.440586567856371 19.379888895899057 16.49728075042367 27.107197115197781 6.5310939066112068 24.089752955362201 3.0483492426574221 5.1051055416464797 196.62610878422856 319.81212129071355 48.492135701701045 50.109084816649556 269.44546193536371 255.14105917233974
leaf_count=578 690 353 211 1421 44 197 86 31 1445 2950 378 329 2551 2503
internal_value=0.00010619 0.000598575 0.000969007 0.00126171 0.00169405 -0.0153908 -0.0153317 0.00215742 0.00444086 0.00154643 -0.00975276 -0.0124896 -0.000463028 0.000303149
internal_weight=1280 1255.56 1236.18 1222 1191.85 30.6208 30.1555 1161.23 620.145 423.518 103.706 98.6012 541.084 524.587
internal_count=13767 13077 12724 12146 10639 241 1507 10398 5133 3688 738 707 5265 5054
is_linear=0
shrinkage=0.03


Tree=139
num_leaves=15
num_cat=0
split_feature=3 1 0 1 1 0 6 8 0 8 3 8 6 7
split_gain=18.3434 11.9601 11.9145 12.0388 12.0007 19.6392 20.9642 23.3827 18.0891 16.0507 13.7531 13.2132 13.9991 12.8981
threshold=2.5556022371618456 1.340000000000005 22.727083333333344 23.110000000000007 -1.5599999999999976 13.552083333333337 7.2500000000000009 33.150000000000013 12.037083333333337 40.650000000000013 3.0053006563276736 18.250000000000004 7.0500000000000016 17.550000000000004
decision_type=2 2 2 2 2 2 2 2 2 2 2 2 2 2
left_child=1 -1 4 -4 8 10 7 13 11 -8 -6 -2 -13 -7
right_child=2 -3 3 -5 5 6 9 -9 -10 -11 -12 12 -14 -15
leaf_value=-0.0053564123091058603 -0.0064300762834558489 -0.026239840661074838 -0.02623867450445307 0.032584884673517389 0.018539130112144874 -0.016621657294060527 0.0090909578670440409 -0.030137522737804592 -0.015309485806344145 0.05396975340786031 0.0014609628724308453 0.0054085444915363086 -0.014887853856546762 0.0030265888468933933
leaf_weight=106.63813959714025 161.13129664026201 31.429955148138106 22.312862717546526 2.7488229572772971 125.214126477018 35.802761998958886 71.07065219245851 26.389308287762105 69.696418043226004 7.0799658037722102 64.211280718445778 366.06231884099543 32.404790438711643 163.3644662629813
leaf_count=1465 1441 932 1427 43 1929 462 418 280 495 40 563 2889 217 1233
internal_value=2.54799e-05 -0.0102648 0.00127149 -0.018784 0.00173561 0.00523489 0.000497395 -0.00414777 -0.00101047 0.0137872 0.0127881 0.000794563 0.00372483 -0.000570819
internal_weight=1285.56 138.068 1147.49 25.0617 1122.43 493.133 303.707 225.557 629.295 78.1506 189.425 559.598 398.467 199.167
internal_count=13834 2397 11437 1470 9967 4925 2433 1975 5042 458 2492 4547 3106 1695
is_linear=0
shrinkage=0.03


Tree=140
num_leaves=15
num_cat=0
split_feature=0 1 0 7 1 5 8 3 2 0 2 3 7 8
split_gain=16.1056 23.2053 16.2432 15.0635 12.7377 12.5193 11.4452 12.3552 12.3837 11.9341 11.5243 10.632 12.4905 15.9469
threshold=15.61791666666667 -1.3199999999999974 7.7600000000000042 37.250000000000007 -23.989999999999991 1594.5361938476565 17.950000000000006 2.7551351618907289 22.910000000000011 12.11166666666667 20.29000000000001 2.5999812681294023 62.250000000000007 13.750000000000002
decision_type=2 2 2 2 2 2 2 2 2 2 2 2 2 2
left_child=1 3 -3 -1 -5 11 7 -6 10 -8 -9 -4 -13 -14
right_child=-2 2 5 4 6 -7 9 8 -10 -11 -12 12 13 -15
leaf_value=-0.0059507052807452618 -0.0065553584209925514 -0.040279402632227027 -0.018847916462942618 -0.026461969619297396 -0.029491686634903473 -0.025871682209324575 0.0081279166977252394 -0.008855232448537094 -0.010056675736513348 -0.034059703415528969 0.018752792684795006 0.015803821887682042 0.029506673204914135 -0.010286340438969551
leaf_weight=318.75847116857767 266.61981567181647 4.8911324441432944 9.2468438744544965 12.048627054318784 13.737883694469927 7.472682934254407 264.19237135536969 20.013871002942324 58.152956208214164 5.2056346535682669 38.526792338117957 202.48304513096809 10.805247686803339 38.041357815265656
leaf_count=2811 4384 25 72 519 119 49 1870 162 453 35 337 2394 111 386
internal_value=-1.55539e-05 0.00172667 0.00917326 -0.00106385 0.00272341 0.010222 0.00366671 -0.00360927 -0.000337547 0.00718977 0.00932396 0.011352 0.0125334 -0.00106846
internal_weight=1270.2 1003.58 272.94 730.637 411.878 268.049 399.83 130.432 116.694 269.398 58.5407 260.576 251.33 48.8466
internal_count=13727 9343 3037 6306 3495 3012 2976 1071 952 1905 499 2963 2891 497
is_linear=0
shrinkage=0.03


Tree=141
num_leaves=15
num_cat=0
split_feature=4 1 8 3 1 1 1 0 0 1 5 2 8 4
split_gain=20.9312 12.7921 10.2568 19.0686 9.66853 17.8733 9.37108 21.5566 20.0475 18.5045 16.0391 15.7128 15.2573 11.723
threshold=51.090448556717369 -23.989999999999991 40.050000000000004 2.7249472773468431 -8.4099999999999948 -9.2099999999999955 -6.1699999999999964 13.552083333333337 8.7912500000000051 -0.47999999999999393 1144.661804199219 16.430000000000007 19.250000000000004 56.945562790795641
decision_type=2 2 2 2 2 2 2 2 2 2 2 2 2 2
left_child=2 -2 4 -4 5 -1 8 11 12 -9 -11 -8 -3 -13
right_child=1 6 3 -5 -6 -7 7 9 -10 10 -12 13 -14 -15
leaf_value=-0.0097932401583127604 -0.02711839837369219 -0.0084965767442343083 -0.027321102582617836 0.078581925136042452 -0.023394426470811483 0.065855738889878945 -0.035784255455699555 -0.021990033836032017 -0.015649037076514754 0.0018793643204874947 -0.025373945937895565 0.039855986765035364 0.0052134085483976121 0.0077248332835642567
leaf_weight=25.264083041809503 13.596484550274907 106.64330613426864 2.3665267946198574 1.9906976800411937 57.841579906642437 2.1484057717025271 6.3448692485690108 37.361036503687501 82.215519160032272 293.83673816174269 19.806435788050294 9.567952021956442 226.38286328315735 391.30127720534801
leaf_count=551 582 814 46 15 1326 25 34 322 516 3654 204 52 1556 4107
internal_value=-0.000265485 0.000794739 -0.0141638 0.0266999 -0.0165376 -0.00175521 0.00114097 0.00312352 -0.00247789 -0.00232212 8.31554e-05 0.00781165 0.000810835 0.00858901
internal_weight=1276.67 1187.06 89.6113 4.35722 85.2541 27.4125 1173.46 758.218 415.242 351.004 313.643 407.214 333.026 400.869
internal_count=13804 11841 1963 61 1902 576 11259 8373 2886 4180 3858 4193 2370 4159
is_linear=0
shrinkage=0.03


Tree=142
num_leaves=15
num_cat=0
split_feature=6 1 0 1 5 3 7 6 3 6 0 1 1 1
split_gain=18.294 13.0733 9.98587 18.8263 8.68558 8.60098 8.5166 10.1775 8.26423 8.15876 20.714 19.756 18.7153 13.791
threshold=8.0500000000000025 -23.989999999999991 22.727083333333344 23.110000000000007 3470.7541503906255 3.1296479655739806 139.95000000000002 4.7500000000000009 2.5310699015428226 7.2500000000000009 12.827500000000006 -2.6199999999999943 -1.659999999999995 -0.53999999999999615
decision_type=2 2 2 2 2 2 2 2 2 2 2 2 2 2
left_child=1 -1 4 -4 5 6 8 -8 -3 10 12 -11 -10 -12
right_child=-2 2 3 -5 -6 -7 7 -9 9 11 13 -13 -14 -15
leaf_value=-0.027105205438869684 -0.02619346198440704 -0.0058193664940530184 -0.025336514489425453 0.04446227656431441 -0.026780523051405488 -0.0067516555606991118 0.011299920007887217 -0.02290903003125596 0.0030285347842883494 -0.016118297589098433 -0.019329932403332303 0.016411049408949829 0.0166565598732187 -0.0013105678997378791
leaf_weight=14.221073187887667 22.491684508509934 90.99262791313231 25.154662332497541 3.0829102657735339 8.8434766530990583 102.46091519016773 10.745349846780298 23.60931914485991 496.01740708015859 19.386912962421775 46.471342504024506 98.350749392062426 110.18165984004736 197.16535696666688
leaf_count=632 672 1205 1673 46 179 935 96 199 3574 146 342 633 1812 1611
internal_value=3.4711e-05 0.000528513 0.000869088 -0.016456 0.00128866 0.00151852 0.00229931 -0.0121923 0.00278069 0.00359463 0.00256197 0.0109641 0.00552889 -0.00481255
internal_weight=1269.18 1246.68 1232.46 28.2376 1204.23 1195.38 1092.92 34.3547 1058.57 967.573 849.836 117.738 606.199 243.637
internal_count=13755 13083 12451 1719 10732 10553 9618 295 9323 8118 7339 779 5386 1953
is_linear=0
shrinkage=0.03


Tree=143
num_leaves=15
num_cat=0
split_feature=0 1 2 5 7 1 8 1 6 5 2 1 7 8
split_gain=13.9479 13.5301 12.5338 12.2052 11.2871 9.87622 9.04063 9.38545 8.35554 10.7564 15.4724 10.8136 10.1542 11.472
threshold=21.34500000000001 23.110000000000007 40.870000000000012 3470.7541503906255 9.0500000000000025 -23.989999999999991 36.550000000000004 6.0400000000000036 5.9500000000000011 617.37762451171886 16.430000000000007 -8.0599999999999934 52.550000000000004 22.950000000000006
decision_type=2 2 2 2 2 2 2 2 2 2 2 2 2 2
left_child=2 -2 3 4 -1 -6 8 -8 9 -7 -11 -12 13 -13
right_child=1 -3 -4 -5 5 6 7 -9 -10 10 11 12 -14 -15
leaf_value=-0.018019379702353421 -0.022856529580829527 0.035295057565716943 0.048668713350277705 -0.030163347767519284 -0.023960467517918974 0.0012517730083773234 -0.014516069785750768 0.028594409768442866 0.0044596057214443211 0.02907377915345357 -0.042572416692686132 -0.00073230350655406661 0.0015867646390135639 -0.038704816117063078
leaf_weight=26.549241855740547 35.00843742210418 3.10832730308175 3.9167861212044945 10.445202630013226 12.656822751276193 385.13972050882876 46.687196217477322 4.0957267414778462 650.9266854301095 6.9572226386517277 10.098528144881127 12.403230275958778 32.138336891308427 16.068137345835567
leaf_count=566 2309 45 44 257 580 3496 332 47 5478 32 101 86 174 148
internal_value=0.000300332 -0.0173333 0.000865898 0.000671767 0.000964152 0.00140723 0.00170326 -0.0105541 0.00227113 -0.000809902 -0.0109196 -0.0152053 -0.0100285 -0.0227487
internal_weight=1256.2 38.1168 1218.08 1214.17 1203.72 1177.17 1164.51 50.7829 1113.73 462.805 77.6655 70.7082 60.6097 28.4714
internal_count=13695 2354 11341 11297 11040 10474 9894 379 9515 4037 541 509 408 234
is_linear=0
shrinkage=0.03


Tree=144
num_leaves=15
num_cat=0
split_feature=7 5 0 1 7 1 4 0 0 5 4 5 4 1
split_gain=17.7584 12.8997 9.96573 11.0051 13.4121 12.5397 14.7585 12.0211 10.6667 10.5909 10.1662 9.98784 12.6248 14.991
threshold=10.150000000000004 3470.7541503906255 16.492916666666673 -1.5599999999999976 37.250000000000007 2.6900000000000039 63.993135684908829 7.7600000000000042 12.11166666666667 1118.3176879882815 56.945562790795641 86.323806762695327 76.475653675102635 -19.729999999999993
decision_type=2 2 2 2 2 2 2 2 2 2 2 2 2 2
left_child=-1 2 3 4 10 7 -7 -5 11 -9 -2 -6 13 -13
right_child=1 -3 -4 5 8 6 -8 9 -10 -11 -12 12 -14 -15
leaf_value=-0.01700299879664657 0.0076738554363998636 -0.030131008381638829 -0.0050150267919986486 -0.033380852022302475 0.013586459850662496 -0.037328653470482608 0.0016307797357062196 0.013414740086832806 -0.030057566260837665 -0.0092037580461057141 -0.0070890459265212464 -0.016954223634127394 -0.0068958463174716893 0.0088655386054027237
leaf_weight=50.214184420183301 50.007315954193473 10.83774388860911 186.28173878602684 4.5552603751420966 86.363627389073372 9.0503237918019277 67.150320928543806 215.69835389964283 7.1560385301709166 19.69207788258791 239.25992788281292 21.698404908180237 96.005603213794529 190.64246352948248
leaf_count=1607 577 277 2848 24 810 53 563 2578 45 116 1726 347 949 1187
internal_value=0.000299141 0.00103401 0.00134198 0.00252143 0.000397705 0.00714825 -0.00342001 0.0105047 0.00393941 0.0114916 -0.00451925 0.00463017 0.00208583 0.00616
internal_weight=1254.61 1204.4 1193.56 1007.28 691.133 316.146 76.2006 239.946 401.866 235.39 289.267 394.71 308.346 212.341
internal_count=13707 12100 11823 8975 5641 3334 616 2718 3338 2694 2303 3293 2483 1534
is_linear=0
shrinkage=0.03


Tree=145
num_leaves=15
num_cat=0
split_feature=0 2 5 1 6 1 1 3 0 1 1 8 6 3
split_gain=14.0858 11.81 11.4245 11.3817 8.99056 9.6658 8.37487 8.36421 7.75403 19.5962 14.6965 10.9343 18.8854 14.0305
threshold=21.34500000000001 39.550000000000018 3470.7541503906255 -0.35999999999999793 8.0500000000000025 -22.429999999999989 23.110000000000007 3.3957507652705003 14.740000000000004 -0.59999999999999842 0.42000000000000032 30.150000000000006 7.5500000000000016 2.5556022371618456
decision_type=2 2 2 2 2 2 2 2 2 2 2 2 2 2
left_child=1 2 4 -3 5 -1 -2 8 9 -7 -10 13 -13 -12
right_child=6 3 -4 -5 -6 7 -8 -9 10 -11 11 12 -14 -15
leaf_value=-0.019918122430106017 -0.022562259791155857 -0.014049484723635638 -0.030073208116075969 0.053651436223594237 -0.020560052711432644 0.00055377409427160814 0.022021318158012997 -0.030008238865150218 -0.020284583137674922 0.011661808921234019 -0.022330810336028028 -0.019145958780710459 0.017328132835692775 0.0067587054025145914
leaf_weight=18.791155692189932 33.753861618228257 2.7543557323515415 10.060132763348518 6.0868531949818117 16.87836884893477 713.08891234919429 3.4565566703677169 6.6682867519557467 37.095869669690728 177.8041598983109 15.566322620958088 51.20636080391705 16.05425420217216 151.24767351895571
leaf_count=724 2294 60 267 59 333 5372 50 42 451 2364 211 437 109 1036
internal_value=-1.59501e-05 0.000543873 0.000278406 0.0332757 0.000556666 0.000873846 -0.0179529 0.00122489 0.00142976 0.0027813 -0.00300445 -0.000191278 -0.0103137 0.00392731
internal_weight=1260.51 1223.3 1214.46 8.84121 1204.4 1187.52 37.2104 1168.73 1162.06 890.893 271.17 234.075 67.2606 166.814
internal_count=13809 11465 11346 119 11079 10746 2344 10022 9980 7736 2244 1793 546 1247
is_linear=0
shrinkage=0.03


Tree=146
num_leaves=15
num_cat=0
split_feature=3 7 5 2 6 8 0 8 7 2 5 7 8 2
split_gain=16.6075 9.47369 14.7879 17.6949 9.16091 11.6005 9.29694 13.4852 14.6847 11.3493 10.3453 10.1078 15.3433 14.8395
threshold=2.5310699015428226 12.950000000000001 580.17892456054699 37.410000000000018 7.4500000000000011 40.050000000000004 14.616666666666669 18.550000000000004 27.950000000000006 32.730000000000011 134.22866058349612 86.750000000000014 12.650000000000004 13.830000000000005
decision_type=2 2 2 2 2 2 2 2 2 2 2 2 2 2
left_child=-1 2 -2 -4 5 6 10 -8 -9 -10 -3 12 -12 -14
right_child=1 4 3 -5 -6 -7 7 8 9 -11 11 -13 13 -15
leaf_value=-0.010694399034677572 -0.027233600467235875 0.0079714152204933518 -0.0069679978072488633 0.060108060930074758 0.0125565066162809 -0.022407779792068146 0.013197928279947068 -0.014608701297457956 -0.0028772807447836331 0.026705359629969543 -0.020887275907007532 -0.010047810936418732 0.048131000133935682 0.0028157951634376738
leaf_weight=114.07003933843225 24.647196592763066 256.84271061141044 16.580245307646695 3.4477209793403736 66.207628606818616 17.523032543249428 33.184508456848562 103.16909369360656 58.449936958961189 13.538609537295995 23.517626318149269 68.16316831111908 5.6068042628467074 442.5238828510046
leaf_count=2236 682 2941 215 30 453 180 311 1462 489 219 185 557 58 3719
internal_value=0.000165316 0.00126674 -0.0121208 0.0068882 0.00182671 0.00112037 0.00155248 -0.00407661 -0.0074057 0.00297587 0.00302787 0.000665333 0.00223159 0.00348866
internal_weight=1247.47 1133.4 44.6752 20.028 1088.73 1022.52 1005 208.342 175.158 71.9885 796.654 539.811 471.648 448.131
internal_count=13737 11501 927 245 10574 10121 9941 2481 2170 708 7460 4519 3962 3777
is_linear=0
shrinkage=0.03


Tree=147
num_leaves=15
num_cat=0
split_feature=0 1 5 0 1 7 4 5 1 8 6 6 1 8
split_gain=18.891 10.8136 7.90767 7.61379 13.9171 17.1363 14.5035 12.2744 12.1673 12.1427 11.4009 9.61363 20.423 18.1727
threshold=22.895000000000007 -23.989999999999991 3470.7541503906255 15.61791666666667 -0.59999999999999842 71.65000000000002 76.713008623985033 821.58520507812511 4.020000000000004 40.050000000000004 6.2500000000000009 7.2500000000000009 3.8000000000000047 34.350000000000009
decision_type=2 2 2 2 2 2 2 2 2 2 2 2 2 2
left_child=1 -1 3 4 9 7 8 -6 -7 -3 -9 12 -5 -13
right_child=-2 2 -4 11 5 6 -8 10 -10 -11 -12 13 -14 -15
leaf_value=-0.0246124328637395 -0.02363581926941926 0.0010657797165970998 -0.026055357080246755 -0.023600746815642865 0.015796302998231673 -0.057284415941878122 0.0028976728146247396 -0.029447141734921779 0.0074624514720920514 -0.029714763053124916 0.010390698845543682 -0.0024656317728329914 -9.5223007942465648e-05 0.031925439656078913
leaf_weight=13.813420969061552 27.995474326424301 732.35376405157149 8.5233289599418622 49.380149820819497 161.7976039275527 7.1771568804979307 26.394999757409096 10.253082908689978 3.5298830643296242 10.719345284625886 14.347758198156951 66.630774311721325 97.965715098194778 16.41080900747329
leaf_count=650 1882 5821 201 568 2139 56 262 62 28 63 103 795 965 121
internal_value=0.000296744 0.000865162 0.00117726 0.00139277 0.00256086 0.00910673 -0.00932333 0.0128054 -0.0371246 0.000582411 -0.00671451 -0.00349776 -0.00807864 0.00462979
internal_weight=1247.29 1219.3 1205.48 1196.96 966.574 223.5 37.102 186.398 10.707 743.073 24.6008 230.387 147.346 83.0416
internal_count=13716 11834 11184 10983 8534 2650 346 2304 84 5884 165 2449 1533 916
is_linear=0
shrinkage=0.03


Tree=148
num_leaves=15
num_cat=0
split_feature=6 5 7 4 8 7 3 4 7 1 1 4 7 5
split_gain=14.2884 9.47334 16.681 17.1802 13.0444 11.4202 10.3485 10.6602 10.5125 9.68953 12.0313 10.0058 11.8914 8.93218
threshold=8.0500000000000025 151.088005065918 93.450000000000017 78.936295831852064 14.250000000000002 11.650000000000004 3.0053006563276736 79.191763622095365 142.65000000000003 -4.8999999999999941 2.4300000000000028 78.838038577037594 64.550000000000026 1946.307800292969
decision_type=2 2 2 2 2 2 2 2 2 2 2 2 2 2
left_child=1 5 9 4 -4 -1 7 8 -7 11 13 12 -3 -11
right_child=-2 2 3 -5 -6 6 -8 -9 -10 10 -12 -13 -14 -15
leaf_value=-0.025921796434731262 -0.024644437081375377 -0.0054990076656851227 -0.010970921738557659 0.00011685009259799724 -0.051378635195504965 0.0050836601531079771 -0.00401459890839574 0.017949624962949998 -0.033530707607619413 0.0067469244219070931 -0.0052778994398461577 -0.025347013374992684 0.015839428648150612 -0.019265145124961636
leaf_weight=10.636558267287908 20.453692015260458 240.78288117982447 14.080143939703705 26.218553282320499 15.31538218911737 277.31503843609244 105.08927763719112 61.332820438779891 5.505774922668933 273.35344208870083 132.40085553284734 19.233861397951841 25.067050510086119 11.46983866393566
leaf_count=331 657 2100 86 240 136 2445 1505 1013 75 2520 1970 288 211 99
internal_value=-0.000374445 5.30695e-05 -0.00200724 -0.0176727 -0.0330215 0.00344563 0.00419698 0.0067088 0.00421645 -0.000743365 0.00216805 -0.00499695 -0.00343518 0.00563568
internal_weight=1238.26 1217.8 757.922 55.6141 29.3955 459.879 449.243 344.154 282.821 702.308 417.224 285.084 265.85 284.823
internal_count=13676 13019 7650 462 222 5369 5038 3533 2520 7188 4589 2599 2311 2619
is_linear=0
shrinkage=0.03


Tree=149
num_leaves=15
num_cat=0
split_feature=6 1 0 1 8 0 6 1 3 3 1 0 1 1
split_gain=11.0093 9.73156 7.92568 15.5473 14.4227 13.8044 20.4283 12.8085 24.622 13.2442 12.3768 16.1244 11.9032 11.3756
threshold=8.0500000000000025 -23.989999999999991 15.61791666666667 -0.59999999999999842 17.450000000000006 12.223333333333338 7.4500000000000011 2.4300000000000028 2.8603200350211857 3.3957507652705003 -6.4599999999999964 7.4091666666666702 3.9200000000000035 -3.9799999999999964
decision_type=2 2 2 2 2 2 2 2 2 2 2 2 2 2
left_child=1 -1 3 4 -3 10 -7 9 12 -5 11 -6 -9 -8
right_child=-2 2 -4 7 5 6 13 8 -10 -11 -12 -13 -14 -15
leaf_value=-0.024257937223870676 -0.020882437703163583 -0.0080269004120890729 -0.0039260637360707604 0.014422657746666567 0.0050983973429066642 -0.016727116492476463 -0.0087728751584711419 -0.0083688971028357782 0.0078198284741777552 -0.047439797595584712 0.010328694465991535 -0.0095621946285192432 -0.063046109409327297 0.03780735962976664
leaf_weight=13.180590895935891 21.165131500922143 160.73332073353231 257.07840885408223 160.04918439500034 210.33823088183999 66.011517561972141 7.5560492612421539 7.5313660278916341 46.45763223990798 2.2238194569945327 178.27464435249567 98.218064069747925 6.5136730335652828 10.312161169946192
leaf_count=643 675 1405 4000 2038 1607 477 118 60 472 12 1459 651 49 72
internal_value=7.19133e-05 0.000450854 0.000739508 0.00199926 -0.000117535 0.00212018 -0.00905149 0.00891886 -0.00282907 0.0132895 0.00405964 0.000415898 -0.0362316 0.0186887
internal_weight=1245.64 1224.48 1211.3 954.22 731.444 570.711 83.8797 222.776 60.5027 162.273 486.831 308.556 14.045 17.8682
internal_count=13738 13063 12420 8420 5789 4384 667 2631 581 2050 3717 2258 109 190
is_linear=0
shrinkage=0.03


Tree=150
num_leaves=15
num_cat=0
split_feature=7 1 3 1 1 2 4 0 3 1 2 3 2 4
split_gain=14.6554 11.55 8.54326 7.23603 8.97065 10.2215 13.1381 10.1337 7.14324 6.79592 6.88585 6.33553 11.8557 10.9116
threshold=12.950000000000001 -22.949999999999992 2.3297028928717642 3.9200000000000035 -1.3999999999999984 36.630000000000017 37.284449063304372 16.607916666666672 1.8241256582029706 -15.389999999999995 36.390000000000015 2.9349022553917599 19.750000000000011 81.055311417135314
decision_type=2 2 2 2 2 2 2 2 2 2 2 2 2 2
left_child=3 -2 -3 4 8 7 -7 -6 9 -1 -11 12 -4 -14
right_child=1 2 11 -5 5 6 -8 -9 -10 10 -12 -13 13 -15
leaf_value=-0.014932029726263816 -0.022422311109803642 -0.01697113577075832 -0.020982686746342304 -0.027153948553804503 0.011595171920592036 -0.023225155817137515 0.044994602262877791 -0.028112598588642991 -0.023080092210619831 0.071460678621402957 -0.014548093398902858 -0.0012549507043757371 0.0032611972106497515 0.021810579847074268
leaf_weight=3.0655005723237991 17.595509641803801 21.314549042843282 16.470375638455153 19.927464109845459 11.272250995039942 2.8110553445294491 8.0787487411871535 10.066476740874348 28.703138517215848 1.3622908331453794 0.85302160494029511 399.11994412913918 678.08998369146138 28.845307262614369
leaf_count=89 779 338 232 1161 86 126 105 181 482 32 22 4349 5455 398
internal_value=0.00014395 0.00103337 0.00141346 -0.0117225 -0.00674325 0.00454952 0.0269123 -0.00755677 -0.0172766 0.0129198 0.0441179 0.00177734 0.00344974 0.00404781
internal_weight=1247.58 1161.44 1143.84 86.1399 66.2125 32.2285 10.8898 21.3387 33.984 5.28081 2.21531 1122.53 723.406 706.935
internal_count=13835 11551 10772 2284 1123 498 231 267 625 143 54 10434 6085 5853
is_linear=0
shrinkage=0.03


Tree=151
num_leaves=15
num_cat=0
split_feature=0 2 1 1 3 6 4 6 2 1 1 1 0 0
split_gain=13.5701 12.1197 11.0824 9.38822 8.89463 8.93885 8.3267 9.00638 9.27044 12.5817 12.1174 9.17259 17.6215 15.2907
threshold=22.530833333333337 41.110000000000014 23.110000000000007 -23.989999999999991 3.3957507652705003 4.6500000000000012 51.090448556717369 5.5500000000000016 23.43000000000001 -11.769999999999994 2.6900000000000039 -0.59999999999999842 13.802500000000004 13.671250000000004
decision_type=2 2 2 2 2 2 2 2 2 2 2 2 2 2
left_child=1 3 -2 -1 5 -5 -7 8 9 -8 -11 13 -13 -9
right_child=2 -3 -4 4 -6 6 7 11 -10 10 -12 12 -14 -15
leaf_value=-0.024225957995696924 -0.026689792920702726 0.047249064133658369 0.027767388761039142 0.021176724252862215 -0.035256676247330775 -0.0092636749472108006 -0.018023693584166504 0.0010728523193527235 -0.0088827755764541438 0.011979156880466217 -0.026616709469810859 0.016614537200744212 0.001764268101778707 -0.022328808692995597
leaf_weight=13.062667419202624 25.641458554193381 3.9358480731025329 3.0246198400855056 17.732748564332724 5.2532563116401425 75.772835748270154 19.611722238361835 481.7107389383018 146.03028500918299 72.938393574208021 7.1809459701180449 101.62196564488113 241.28719951491803 25.509063826873899
leaf_count=650 1958 51 41 161 45 1371 200 3557 1292 637 56 1744 1800 224
internal_value=-0.000155374 0.000335163 -0.0202016 0.00014331 0.00042981 0.000616913 0.000287953 0.000956222 -0.00409127 0.00294319 0.00823441 0.00241848 0.0062007 -0.000145682
internal_weight=1240.31 1211.65 28.6661 1207.71 1194.65 1189.4 1171.66 1095.89 245.761 99.7311 80.1193 850.129 342.909 507.22
internal_count=13787 11788 1999 11737 11087 11042 10881 9510 2185 893 693 7325 3544 3781
is_linear=0
shrinkage=0.03


Tree=152
num_leaves=15
num_cat=0
split_feature=6 3 5 3 8 1 3 1 0 6 0 6 8 0
split_gain=11.3766 8.73009 8.50153 10.3062 15.8997 9.42762 7.82414 8.38843 8.1251 12.031 12.0912 8.91563 11.817 7.52921
threshold=8.0500000000000025 2.0614147635482767 101.85620880126955 2.1914508849812533 26.450000000000006 -4.5099999999999953 2.928646727972795 -1.159999999999995 17.241250000000004 5.8500000000000014 28.065000000000008 5.5500000000000016 24.650000000000006 15.749166666666673
decision_type=2 2 2 2 2 2 2 2 2 2 2 2 2 2
left_child=1 -1 6 4 -4 -6 -3 -8 -9 10 11 -10 -13 -5
right_child=-2 2 3 13 5 -7 7 8 9 -11 -12 12 -14 -15
leaf_value=-0.020815850614555875 -0.021861698750442044 0.008527612469723082 -0.01402927157793109 0.00013819770525690914 0.00024261937860187391 0.10518978118719292 -0.013134955876853165 0.011201068873288339 -0.021296284728859624 -0.030044186342074446 0.064912152362050807 0.060141885095108739 -0.021591917502443918 -0.0071575595159658386
leaf_weight=16.320196737535298 20.149011550471187 195.94284572731704 2.7530422238633028 732.75312574766576 1.0709342099726202 1.7879505697637794 35.924773372709751 50.649786060675979 8.144021696411075 12.023360744118689 1.8584722252562631 2.6466536670923224 2.1175938183441758 153.06610366888344
leaf_count=482 672 2114 81 6278 24 30 242 623 262 427 32 58 73 2376
internal_value=-4.73161e-05 0.000331483 0.000635996 -0.000851853 0.0364665 0.0761273 0.00491294 -0.00135471 0.00420799 -0.00894054 0.00905816 -0.00307241 0.0263698 -0.00112913
internal_weight=1237.21 1217.06 1200.74 891.431 5.61193 2.85888 309.308 113.365 77.4399 26.7901 14.7667 12.9083 4.76425 885.819
internal_count=13774 13102 12620 8789 135 54 3831 1717 1475 852 425 393 131 8654
is_linear=0
shrinkage=0.03


Tree=153
num_leaves=15
num_cat=0
split_feature=0 2 1 3 5 2 1 1 6 0 1 1 1 3
split_gain=12.9336 11.0052 8.87737 7.77368 7.51908 7.29766 6.20939 10.8404 12.8654 6.739 18.2635 11.3285 11.5756 24.1784
threshold=21.34500000000001 39.710000000000015 -23.989999999999991 3.4484401491963586 3470.7541503906255 33.730000000000011 9.5000000000000053 8.6300000000000043 6.7500000000000009 16.492916666666673 3.3700000000000037 -1.5599999999999976 2.4300000000000028 2.827356347238116
decision_type=2 2 2 2 2 2 2 2 2 2 2 2 2 2
left_child=1 2 -1 -2 6 -5 7 9 -9 11 -11 -4 -13 -14
right_child=3 -3 4 5 -6 -7 -8 8 -10 10 -12 12 13 -15
leaf_value=-0.023939692643138649 -0.023690093493822562 0.032793500121432444 -0.00077791840193001938 0.04801719759551696 -0.025944045326546893 -0.020501479601580948 -0.029926308409333788 -0.0059017855073097234 0.064285477603599261 -0.021304417621099234 0.0011301633979861258 0.0095672916664720983 -0.030450480129302918 0.0057858698485172676
leaf_weight=12.675686093978582 29.148898961953819 8.3348041661083681 684.09725187532604 2.0343440324068065 8.693520709872244 1.805045425891876 4.9724421184509984 4.0009756144136173 4.2104040756821632 44.534009803086519 115.16569588333368 231.00802267156541 21.050057528540492 65.83719938993454
leaf_count=652 2171 113 5351 56 210 73 104 48 20 613 882 2696 141 594
internal_value=-0.000168635 0.000346034 9.2755e-05 -0.0184192 0.000370128 0.018224 0.000586738 0.000741875 0.0331588 0.000484415 -0.00521961 0.00139783 0.00606771 -0.00323964
internal_weight=1237.57 1204.58 1196.25 32.9883 1183.57 3.83939 1174.88 1169.9 8.21138 1161.69 159.7 1001.99 317.895 86.8873
internal_count=13724 11424 11311 2300 10659 129 10449 10345 68 10277 1495 8782 3431 735
is_linear=0
shrinkage=0.03


Tree=154
num_leaves=15
num_cat=0
split_feature=7 8 1 8 5 7 2 5 3 2 8 2 3 2
split_gain=11.9299 12.4064 8.91859 7.78606 8.69214 9.922 17.0353 12.5047 8.6346 9.80811 7.91107 9.40838 7.64188 7.62626
threshold=10.150000000000004 40.050000000000004 -23.989999999999991 6.9500000000000011 86.323806762695327 137.85000000000005 13.830000000000005 2137.5385742187505 2.9262703993295172 29.29000000000001 16.650000000000002 22.750000000000011 3.4484401491963586 21.490000000000009
decision_type=2 2 2 2 2 2 2 2 2 2 2 2 2 2
left_child=1 -1 -2 13 8 6 -6 -8 -5 -10 11 -7 -11 -4
right_child=2 -3 3 4 5 10 7 -9 9 12 -12 -13 -14 -15
leaf_value=-0.019239789360983386 -0.023766018218313676 0.039100933246202889 -0.00094851966836657518 0.010190232698491472 0.046812526277235665 0.0043475241702432233 0.000486702728106925 -0.020256251985322139 0.0069192544033521612 -0.016341004249456694 -0.040097768724314961 -0.042595740000302647 0.027513450863219709 -0.039934803610138084
leaf_weight=42.669277233071625 12.550201279111205 2.6236506216227999 9.9969472233206051 158.25287322606891 6.0060067884623995 16.236098192632205 844.19898911844939 25.991458933800459 55.213863179087639 36.806354475207627 8.478091109544037 3.974803388118743 3.0451508313417426 7.3119911318644872
leaf_count=1474 675 83 83 1664 67 113 7585 356 637 725 67 23 68 150
internal_value=-0.000147491 -0.0150887 0.000434328 0.000712681 0.00101867 -0.000358144 0.000219545 -0.000155402 0.0059189 -0.00122354 -0.0174146 -0.00645758 -0.0123985 -0.0186995
internal_weight=1233.36 45.2929 1188.06 1175.51 1158.2 904.885 876.196 870.19 253.318 95.0654 28.689 20.2109 39.8515 17.3089
internal_count=13770 1557 12213 11538 11305 8211 8008 7941 3094 1430 203 136 793 233
is_linear=0
shrinkage=0.03


Tree=155
num_leaves=15
num_cat=0
split_feature=3 5 2 5 4 3 4 5 3 8 2 4 5 2
split_gain=10.9602 9.71981 10.5991 9.99021 7.78222 6.74692 11.5217 17.5104 18.6151 14.5905 10.4614 10.5876 12.4333 10.3869
threshold=2.0344679931109422 2276.419311523438 13.830000000000005 3933.8288574218755 39.528311884913158 3.0053006563276736 79.307823360413394 354.11683654785162 2.7636076634217397 19.950000000000006 22.350000000000012 75.161808487174852 592.08319091796886 25.190000000000008
decision_type=2 2 2 2 2 2 2 2 2 2 2 2 2 2
left_child=-1 4 3 -3 -2 6 9 8 -8 -6 -11 -12 -13 -7
right_child=1 2 -4 -5 5 13 7 -9 -10 10 11 12 -14 -15
leaf_value=-0.022034056310944666 -0.023805669743578457 0.063081846910011924 -0.026884314096194087 -0.020427020832768514 -0.006943517183272665 0.0035720389031375348 -0.019904233741656223 -0.032649265691103393 0.022771094277615318 -0.023239304476861587 0.0022180959318900198 0.019116270491541569 -0.034722248301906115 -0.0081548860750733105
leaf_weight=19.661068620160222 10.840956232510505 1.6613475251942902 20.226135690696537 1.7896022405475376 170.06094016041607 113.5041540209204 9.9264864763244969 6.1149098770692936 63.954032702371478 12.480221503414212 565.5562093835324 54.827679152600467 3.2423959663137785 166.80262781307101
leaf_count=763 372 9 318 62 1784 886 209 121 1018 154 4565 903 28 2570
internal_value=-0.000369526 3.17464e-06 -0.0186307 0.0249159 0.000393416 0.000638516 0.00192168 0.0127081 0.0168481 0.000836942 0.00292465 0.00348462 0.0155732 -0.0034105
internal_weight=1220.65 1200.99 23.6771 3.45095 1177.31 1166.47 886.163 79.9954 73.8805 806.167 636.107 623.626 58.0701 280.307
internal_count=13762 12999 389 71 12610 12238 8782 1348 1227 7434 5650 5496 931 3456
is_linear=0
shrinkage=0.03


Tree=156
num_leaves=15
num_cat=0
split_feature=0 5 2 6 6 2 4 3 0 8 3 3 0 0
split_gain=9.73316 9.8118 8.52875 7.55855 7.75187 16.2587 10.4577 9.08486 10.616 8.87998 16.1404 7.92158 17.1114 11.2054
threshold=22.895000000000007 3470.7541503906255 40.870000000000012 8.0500000000000025 5.3500000000000014 23.210000000000012 69.424391453819027 3.3957507652705003 2.9616666666666704 15.650000000000004 2.9151834255747917 3.0245923782276005 5.4462500000000027 8.5416666666666714
decision_type=2 2 2 2 2 2 2 2 2 2 2 2 2 2
left_child=1 2 3 4 5 7 -7 8 -1 -10 -11 12 -8 -14
right_child=-2 -3 -4 -5 -6 6 11 -9 9 10 -12 -13 13 -15
leaf_value=-0.014913587160388143 -0.017802336814773889 -0.029320323801733092 0.037790793159563893 -0.01933890142928012 0.0018898132820397001 0.006856710420710805 -0.032730391231715415 -0.028449296823004344 0.020917646312419491 0.024409746518426232 -0.018629346075057847 -0.028478970626734251 0.019845559249295656 -0.024098163944776933
leaf_weight=15.657108552753924 25.796223279088736 8.8636735267937166 4.5610592179000369 15.952963645569978 988.34872505720705 17.56408001575619 14.924338218756018 6.1537709310650817 39.659253213554621 12.535014912486078 17.645506598055363 36.016959256492555 17.021408975124363 6.4066020958125582
leaf_count=252 1914 266 69 390 9372 148 145 29 328 165 121 370 136 65
internal_value=8.01012e-05 0.000478585 0.000724468 0.00055048 0.000837481 -0.00480743 -0.0136546 0.00411861 0.00676454 0.0117664 -0.000544164 -0.0185255 -0.00869199 0.00733418
internal_weight=1227.11 1201.31 1192.45 1187.89 1171.93 183.584 91.9334 91.6507 85.4969 69.8398 30.1805 74.3693 38.3523 23.428
internal_count=13770 11856 11590 11521 11131 1759 864 895 866 614 286 716 346 201
is_linear=0
shrinkage=0.03


Tree=157
num_leaves=15
num_cat=0
split_feature=0 2 1 7 1 0 0 0 6 1 1 6 0 4
split_gain=10.1362 14.9621 9.36237 9.16839 9.22935 13.0161 16.2922 12.8434 14.3724 20.0455 11.9902 11.8905 11.8205 11.6937
threshold=21.34500000000001 39.710000000000015 -0.35999999999999793 9.0500000000000025 -9.6099999999999941 8.6320833333333393 5.4462500000000027 14.616666666666669 6.8500000000000014 3.7000000000000046 8.6300000000000043 6.4500000000000011 18.580000000000009 63.049973187834269
decision_type=2 2 2 2 2 2 2 2 2 2 2 2 2 2
left_child=1 3 -3 -1 5 6 -5 11 9 -9 -10 13 -11 -6
right_child=-2 2 -4 4 7 -7 -8 8 10 12 -12 -13 -14 -15
leaf_value=-0.019575029772548758 -0.016880796893451289 -0.010606397354253503 0.057523258471262995 -0.0075912693979859041 -0.024396432673448442 -0.022586634999184452 0.0072867923873034457 -0.024290349598502917 0.001447842728705495 0.0048967864921242773 0.044873276516622422 0.010175104221247207 -0.02285894441643652 0.00219442096777047
leaf_weight=20.701093480922282 31.767319324426353 2.1383872386068106 5.4865238927304736 183.02476078923792 14.48789009451866 30.456918314099312 102.55073088034987 55.158740684390068 119.55806074105203 64.585933368653059 5.014830455183982 196.61534576117992 16.494320057332516 382.1819621194154
leaf_count=490 2318 46 56 2014 89 267 742 605 806 346 37 1863 315 3811
internal_value=-0.000418825 3.12409e-05 0.039402 -0.0002537 0.000104542 -0.0042675 -0.00224174 0.00172538 -0.00381343 -0.0105135 0.00353941 0.0041626 -0.000959322 0.00116432
internal_weight=1230.22 1198.46 7.62491 1190.83 1170.13 316.032 285.575 854.097 260.812 136.239 124.573 593.285 81.0803 396.67
internal_count=13805 11487 102 11385 10895 3023 2756 7872 2109 1266 843 5763 661 3900
is_linear=0
shrinkage=0.03


Tree=158
num_leaves=15
num_cat=0
split_feature=0 1 1 2 2 6 6 7 1 1 0 2 0 0
split_gain=10.4219 11.49 8.60078 10.9135 11.6718 9.50138 9.90625 16.5495 13.3228 13.6829 22.0962 12.2451 9.72747 9.22609
threshold=22.895000000000007 23.110000000000007 -9.6099999999999941 13.830000000000005 21.130000000000006 8.0500000000000025 6.4500000000000011 16.350000000000005 8.6300000000000043 4.020000000000004 16.024583333333339 31.840000000000011 18.315416666666671 21.943750000000005
decision_type=2 2 2 2 2 2 2 2 2 2 2 2 2 2
left_child=2 -2 3 -1 -5 6 7 -4 9 -8 -11 -10 -9 -14
right_child=1 -3 5 4 -6 -7 8 12 11 10 -12 -13 13 -15
leaf_value=0.037182445112206072 -0.025920164125059059 0.031364328665034732 -0.026970218339272368 -0.027022914601491452 -0.0023934527160008987 -0.027965646639971743 0.0087453157371205313 0.0021435398856664688 0.0023399466051823112 -0.052656591678719278 2.6497361453634351e-05 0.085394100954728061 -0.02750790954512395 0.034036011201748262
leaf_weight=4.9469003509730092 21.439232698641721 2.8000129647552958 18.382051074877381 17.434284751303494 291.50925375334918 8.0284868152812106 297.51716243568808 464.90396033599973 2.9272975362837306 7.0218167789280406 67.074736594222486 2.6777237951755524 15.72707147523761 1.6579090300947417
leaf_count=91 1859 39 347 464 2588 220 2784 4356 30 49 530 37 353 101
internal_value=0.000757107 -0.0183224 0.0011575 -0.00310309 -0.00386604 0.00266887 0.00298053 0.000211859 0.00664503 0.00587748 -0.00560076 0.0489394 0.00130154 -0.0201067
internal_weight=1224.05 24.2392 1199.81 313.89 308.944 885.918 877.89 500.671 377.219 371.614 74.0966 5.60502 482.289 17.385
internal_count=13848 1898 11950 3143 3052 8807 8587 5157 3430 3363 579 67 4810 454
is_linear=0
shrinkage=0.03


Tree=159
num_leaves=15
num_cat=0
split_feature=7 5 3 0 5 2 8 5 0 2 8 2 4 7
split_gain=10.598 9.43406 6.41704 16.0815 10.3431 19.459 10.5994 11.9848 9.03259 11.8415 8.68695 10.3306 9.07261 12.5135
threshold=9.0500000000000025 3470.7541503906255 2.928646727972795 16.492916666666673 86.323806762695327 25.250000000000011 36.550000000000004 1049.7723388671877 2.3095833333333373 16.430000000000007 15.050000000000002 26.29000000000001 71.342453728638176 50.350000000000016
decision_type=2 2 2 2 2 2 2 2 2 2 2 2 2 2
left_child=-1 2 4 8 -2 -6 10 -8 9 -4 11 -7 13 -12
right_child=1 -3 3 -5 5 6 7 -9 -10 -11 12 -13 -14 -15
leaf_value=-0.016325144661483097 0.0088113571491509456 -0.029219352961479761 0.046867556013571864 -0.01644473273057075 -0.0098721151971595204 -0.035868665211855805 -0.02096279127494783 0.03726929080662672 -0.00074137554587408742 -0.023074016701467571 0.0042458012953926847 0.0013069571246567585 0.013432011451167564 -0.023835606518673981
leaf_weight=34.238541672937572 166.14175267703831 8.6201407304033619 6.6620763540267927 61.576077288947999 129.8693721909076 9.2120653623715061 25.592579611577097 2.6889405213296405 329.80230469070375 2.3406044347211719 315.12059125863016 19.520699724555016 96.187247322872281 13.969982717186211
leaf_count=1381 1861 261 28 1958 1549 91 191 16 2681 74 2438 154 1009 131
internal_value=-0.000111662 0.000369234 0.000610212 -0.00247215 0.002197 0.000390412 0.00316857 -0.0143425 0.000108218 0.0281946 0.0042885 -0.0114175 0.00537393 0.00298514
internal_weight=1221.54 1187.3 1178.68 400.381 778.303 612.161 482.292 28.2815 338.805 9.00268 454.011 28.7328 425.278 329.091
internal_count=13823 12442 12181 4741 7440 5579 4030 207 2783 102 3823 245 3578 2569
is_linear=0
shrinkage=0.03


Tree=160
num_leaves=15
num_cat=0
split_feature=5 0 1 1 2 0 0 5 0 5 5 2 1 2
split_gain=9.47748 8.0812 8.56079 6.23866 14.6019 12.8792 11.8052 9.02515 13.3347 9.11302 8.9115 16.8338 14.8243 8.84293
threshold=3470.7541503906255 22.895000000000007 23.110000000000007 -4.119999999999993 13.830000000000005 6.3316666666666697 13.552083333333337 134.22866058349612 11.121250000000005 1.8911790847778323 876.97348022460949 30.740000000000009 -0.59999999999999842 39.710000000000015
decision_type=2 2 2 2 2 2 2 2 2 2 2 2 2 2
left_child=1 3 -3 4 -1 -5 -7 8 -6 -10 12 -12 -8 -14
right_child=-2 2 -4 5 7 6 10 -9 9 -11 11 -13 13 -15
leaf_value=0.041128097716706356 -0.029269491497645402 -0.024001603601768697 0.02289128596266744 -0.046275517768057481 0.0064336681023374415 0.00731978704006153 -0.01932250459482953 -0.0049444595317808798 0.025875966853976834 -0.033062150492386498 -0.031262887013368358 0.0034524987173503697 0.0025646313444535615 0.040673958181770331
leaf_weight=6.0571202319115391 8.8064057147130352 20.272503865882758 3.3697990402579299 3.8106609582900992 143.44080541655421 303.322305040434 27.673528202809393 359.29175119753927 2.1021915748715392 12.04206248372793 22.140274543315172 27.13690659403801 265.4257067097351 4.6031060023233286
leaf_count=29 274 1819 46 20 1237 3601 299 3183 12 116 258 369 2320 70
internal_value=0.000103588 0.000343201 -0.0166601 0.000698585 -0.00174229 0.00264964 0.00300694 -0.00232312 0.00364699 -0.0231722 -0.000773463 -0.0124567 0.00119564 0.00336195
internal_weight=1209.5 1200.69 23.6423 1177.05 522.934 654.112 650.302 516.877 157.585 14.1443 346.98 49.2772 297.702 270.029
internal_count=13653 13379 1865 11514 4577 6937 6917 4548 1365 128 3316 627 2689 2390
is_linear=0
shrinkage=0.03


Tree=161
num_leaves=15
num_cat=0
split_feature=7 1 6 8 7 3 1 1 4 3 6 4 1 7
split_gain=9.7558 9.89681 8.40019 10.5315 9.44744 9.41276 13.2559 8.99547 8.25377 6.03877 7.25919 9.11118 8.12991 10.5561
threshold=22.250000000000004 -23.989999999999991 7.1500000000000012 30.150000000000006 16.550000000000004 2.5556022371618456 -2.719999999999994 -0.59999999999999842 46.37137136140533 2.3468222213590955 5.9500000000000011 63.22463668737057 -3.4199999999999942 36.95000000000001
decision_type=2 2 2 2 2 2 2 2 2 2 2 2 2 2
left_child=2 -2 3 4 -1 7 8 -4 -7 -3 11 -11 13 -12
right_child=1 9 5 -5 -6 6 -8 -9 -10 10 12 -13 -14 -15
leaf_value=-0.01667609274549383 -0.02559562666780173 -0.020617291665834165 0.00020504129579678826 -0.022487638934767389 0.0013283055574948677 0.025618942152517084 0.010292471106126589 -0.022709426389398758 -0.026746260082636045 -0.03059570693740872 -0.0058250462082846712 0.00026111248551321023 0.0093322329134731766 0.0071388392085382762
leaf_weight=38.343083564192057 10.762602570466695 9.4088539695367199 39.447027751244605 39.566834866069257 78.304933676496148 2.4587358450517085 90.255878865718842 24.294008587487042 14.318565955385564 7.7885652817785731 104.3102859146893 428.52567905094475 210.73608475737274 121.07559637352824
leaf_count=752 611 120 819 665 824 29 904 930 123 69 688 4011 2389 859
internal_value=0.000123402 0.00174752 -0.0043019 -0.00930574 -0.00468132 0.000302864 0.00572179 -0.00874436 -0.0180627 0.00210985 0.00237828 -0.00035841 0.00511073 0.00113983
internal_weight=1219.6 892.608 326.989 156.215 116.648 170.774 107.033 63.741 16.7773 881.845 872.436 436.314 436.122 225.386
internal_count=13793 8747 5046 2241 1576 2805 1056 1749 152 8136 8016 4080 3936 1547
is_linear=0
shrinkage=0.03


Tree=162
num_leaves=15
num_cat=0
split_feature=0 2 1 0 1 2 3 4 1 7 7 4 0 1
split_gain=8.99741 9.71858 7.89642 8.40295 17.5445 10.5365 11.1132 11.3679 8.57169 18.4711 14.6118 17.5032 13.7026 13.3152
threshold=22.727083333333344 39.710000000000015 -23.989999999999991 16.607916666666672 3.3700000000000037 29.73 2.5556022371618456 66.496895921107154 -0.59999999999999842 59.350000000000016 37.250000000000007 63.636436913307286 12.037083333333337 -10.049999999999995
decision_type=2 2 2 2 2 2 2 2 2 2 2 2 2 2
left_child=1 2 -1 8 -5 -6 -7 -8 10 -10 11 13 -12 -4
right_child=-2 -3 3 4 5 6 7 -9 9 -11 12 -13 -14 -15
leaf_value=-0.023481763201293766 -0.018170177290553296 0.030088579602312402 -0.0091644198253251364 -0.022846287542313867 -0.016710226650946843 -0.02308328645524715 0.016956908485499751 -0.0047719505401667764 0.0096488558993113975 -0.010424608876607112 0.0041790856077200816 -0.010244983462500194 -0.030580495638767708 0.011672090543867124
leaf_weight=11.957391657866536 23.894015034660697 8.6175683252513391 42.490845852531493 41.332937335595489 27.096101322211325 10.967245275154708 49.979059285484254 37.073273707181215 211.33844648487866 50.331895299255848 393.86152472626418 215.77902921102941 9.4872492030262929 74.842006063088775
leaf_count=674 1964 140 705 620 302 260 352 420 2451 509 3059 1657 65 627
internal_value=-0.000320981 5.38933e-05 -0.000191462 6.76138e-05 -0.00615187 -0.00049932 0.00410545 0.00775406 0.0011099 0.00576277 -0.000548879 -0.00519057 0.00328789 0.00411269
internal_weight=1209.05 1185.15 1176.54 1164.58 166.449 125.116 98.0196 87.0523 998.131 261.67 736.461 333.112 403.349 117.333
internal_count=13805 11841 11701 11027 1954 1334 1032 772 9073 2960 6113 2989 3124 1332
is_linear=0
shrinkage=0.03


Tree=163
num_leaves=15
num_cat=0
split_feature=0 1 4 8 7 4 7 2 5 8 0 1 2 1
split_gain=10.6775 8.55402 8.42267 7.1421 6.95467 10.8126 11.4312 11.4844 11.125 9.06312 13.5175 10.8229 9.77246 8.77149
threshold=22.727083333333344 -19.729999999999993 69.17697077024296 23.650000000000006 39.150000000000013 63.636436913307286 137.85000000000005 13.830000000000005 2437.5661621093755 21.750000000000004 6.4387500000000033 -4.7099999999999973 23.070000000000011 -0.66999999999999738
decision_type=2 2 2 2 2 2 2 2 2 2 2 2 2 2
left_child=1 2 -1 -4 13 -6 7 -7 -9 10 11 12 -8 -3
right_child=-2 4 3 -5 5 6 9 8 -10 -11 -12 -13 -14 -15
leaf_value=-0.026822990326678255 -0.019387378425207966 -0.0039307093940836313 -0.021278086209649622 0.0081229830557846671 -0.014737459759366646 0.049426671747638609 0.0012980559879296159 0.0069790203513771919 -0.036205530846474369 -0.041901858910783421 0.017319682565981553 -0.058025325131603273 -0.040909114329921531 0.0028475881534986256
leaf_weight=18.563380239531398 23.41154102422297 361.50106747355312 10.145327349193396 21.372662534937263 25.073113054037094 4.6860419549047938 23.346528418362144 368.63937612529844 4.470353500917553 5.1511023752391329 17.605520606040955 3.5012205317616454 5.2419029250740996 325.6863784622401
leaf_count=455 1924 3101 419 267 190 22 170 3249 30 44 156 19 31 3688
internal_value=0.000254192 0.000654889 -0.0113577 -0.00170424 0.00118981 0.00405049 0.00517079 0.0070294 0.00636622 -0.0075284 -0.00320919 -0.0146551 -0.00756199 -0.000718726
internal_weight=1218.4 1194.98 50.0814 31.518 1144.9 457.715 432.642 377.796 373.11 54.8463 49.6952 32.0897 28.5884 687.187
internal_count=13765 11841 1141 686 10700 3911 3721 3301 3279 420 376 220 201 6789
is_linear=0
shrinkage=0.03


Tree=164
num_leaves=15
num_cat=0
split_feature=1 1 3 8 3 4 2 8 5 8 2 2 7 1
split_gain=7.54894 11.1332 11.4699 18.8771 10.8548 10.0206 9.51048 9.96616 9.22074 8.22062 13.0678 11.5616 10.3619 10.2291
threshold=2.2600000000000042 -0.66999999999999738 3.0517350474477398 20.150000000000006 2.4241135926961861 72.601595779063814 25.310000000000009 19.850000000000005 21.567813873291019 17.450000000000006 22.910000000000011 25.900000000000006 37.250000000000007 -16.949999999999992
decision_type=2 2 2 2 2 2 2 2 2 2 2 2 2 2
left_child=1 9 5 -4 -2 6 -3 -8 -9 10 -1 -12 -11 -14
right_child=4 2 3 -5 -6 -7 7 8 -10 12 11 -13 13 -15
leaf_value=0.0036491337984498611 -0.028957101723430766 -0.026102096711321202 0.019647873917304933 -0.020580362963454363 -0.0035518471522594415 0.021211089503712494 -0.014365552143577379 -0.026053826105362467 0.015068640744909642 -0.0032198064442694016 -0.023023499069248353 -0.0026863463159718954 -0.0050607977133416181 0.0080768786471550648
leaf_weight=63.939281622879207 15.174765150062738 7.1394850872457019 15.373660260811446 28.446140002459288 245.03524676151574 53.904368283227086 14.318633805029092 4.3795273639261714 69.000907571054995 301.06543791200966 53.539189049974084 47.252328241243958 70.542029813863337 210.68241120316088
leaf_count=712 756 62 137 285 3628 1229 167 38 624 2807 504 376 872 1614
internal_value=-0.000627157 0.000626385 0.00703865 -0.00634328 -0.0051386 0.010997 0.00503078 0.00783098 0.0122971 -0.00103373 -0.00692891 -0.0136092 0.000643044 0.00477518
internal_weight=1199.79 939.583 192.563 43.8198 260.21 148.743 94.8386 87.6991 73.3804 747.021 164.731 100.792 582.29 281.224
internal_count=13811 9427 2542 422 4384 2120 891 829 662 6885 1592 880 5293 2486
is_linear=0
shrinkage=0.03


Tree=165
num_leaves=15
num_cat=0
split_feature=1 7 6 8 8 0 0 1 7 6 8 8 6 7
split_gain=8.31016 8.11147 9.71902 9.55329 7.66129 7.25858 7.08464 8.23441 6.80872 17.0532 7.89098 6.65384 6.91787 6.76502
threshold=-22.949999999999992 19.250000000000004 7.0500000000000016 20.250000000000004 20.150000000000006 12.827500000000006 22.530833333333337 -1.3999999999999984 137.85000000000005 4.7500000000000009 6.9500000000000011 38.850000000000016 7.1500000000000012 42.650000000000013
decision_type=2 2 2 2 2 2 2 2 2 2 2 2 2 2
left_child=-1 2 3 -2 -4 -5 7 -6 10 -10 -3 -12 13 -13
right_child=1 8 4 5 6 -7 -8 -9 9 -11 11 12 -14 -15
leaf_value=-0.021021078139116012 0.0017992208969180006 -0.026910680940173147 -0.016105757156860814 -0.0027201751944678641 -0.0055190369735977612 -0.027520828532364601 -0.022959838005942961 0.010979800048021845 0.017550046543830963 -0.018195262957882773 0.0029918214717770068 -0.042228004592951361 0.0076264834441022332 0.013517759273370898
leaf_weight=15.285063743591307 25.738836669363081 7.2149600135162464 21.469287276268005 15.148025641217826 42.469523601233959 36.499702319502831 7.8615682590752831 72.479597983881831 15.838497961871324 41.541008471511304 888.42557785380632 7.778842933475973 6.4787755478173485 1.9993691947311161
leaf_count=771 326 146 551 130 621 944 783 682 133 322 8280 95 40 27
internal_value=0.000264772 0.00055537 -0.00460915 -0.0131124 1.0575e-05 -0.0204367 0.0029353 0.00488905 0.00173999 -0.00819686 0.00237354 0.00263654 -0.0158273 -0.0306329
internal_weight=1206.23 1190.94 221.667 77.3866 144.28 51.6477 122.811 114.949 969.277 57.3795 911.898 904.683 16.257 9.77821
internal_count=13851 13080 4037 1400 2637 1074 2086 1303 9043 455 8588 8442 162 122
is_linear=0
shrinkage=0.03


Tree=166
num_leaves=15
num_cat=0
split_feature=7 8 8 1 2 2 0 0 1 0 2 2 2 4
split_gain=9.4839 9.30385 8.06546 7.55354 11.6773 9.76005 9.71107 9.60781 13.4739 9.58332 14.4467 17.7761 8.47246 9.71992
threshold=9.9500000000000011 36.550000000000004 41.750000000000007 -6.1699999999999964 15.850000000000007 14.950000000000005 1.6875000000000033 13.552083333333337 -0.53999999999999615 10.191250000000005 31.130000000000006 33.590000000000011 33.590000000000011 76.577599000937951
decision_type=2 2 2 2 2 2 2 2 2 2 2 2 2 2
left_child=2 3 -1 5 -5 -2 -7 12 -9 -8 -11 -12 13 -6
right_child=1 -3 -4 4 7 6 9 8 -10 10 11 -13 -14 -15
leaf_value=-0.018065600662538778 0.025848316282813075 -0.012018395114347408 0.030840681724574586 -0.04176896657189863 0.0028158855969189307 -0.023022571753105785 -2.7644969473866825e-05 -0.018699238392414511 0.0016550284280069931 -0.027473429574718482 0.032755725868386217 -0.02416197744799474 0.042554181458374966 0.013557082188069367
leaf_weight=36.571516072377563 10.021589240059255 50.019407171756029 2.4013032857328644 4.1954999547451726 249.23606370389462 19.261264214292169 352.75226753950119 31.709881851449609 277.39175088703632 28.181839477270842 9.5868162177503127 8.2990850824862701 4.8665286749601355 108.44894998706877
leaf_count=1461 141 577 49 26 2248 857 2499 324 3302 177 63 115 33 1804
internal_value=1.01878e-05 0.000507387 -0.0143561 0.00108529 0.00305855 -0.00202979 -0.00275812 0.00340025 -0.000486626 -0.0017243 -0.0144394 0.00646485 0.00670631 0.0061013
internal_weight=1192.94 1153.97 38.9728 1103.95 675.849 428.103 418.081 671.653 309.102 398.82 46.0677 17.8859 362.552 357.685
internal_count=13676 12166 1510 11589 7737 3852 3711 7711 3626 2854 355 178 4085 4052
is_linear=0
shrinkage=0.03


Tree=167
num_leaves=15
num_cat=0
split_feature=7 2 8 7 6 2 5 5 2 1 3 2 1 3
split_gain=7.08515 8.33693 6.73624 6.86512 18.2652 10.6048 12.1189 10.5925 8.66002 7.17924 8.40065 7.69095 14.3639 11.8551
threshold=6.9500000000000011 41.110000000000014 36.550000000000004 137.85000000000005 4.7500000000000009 13.830000000000005 3933.8288574218755 2276.419311523438 27.030000000000005 9.5000000000000053 3.3015161197560743 23.43000000000001 -12.339999999999995 2.7354152436453965
decision_type=2 2 2 2 2 2 2 2 2 2 2 2 2 2
left_child=-1 2 3 5 -5 6 -2 9 -9 10 11 12 -7 -14
right_child=1 -3 -4 4 -6 7 -8 8 -10 -11 -12 -13 13 -15
leaf_value=-0.018614686719777666 0.060011750293642155 0.045093289146554943 -0.010798868823965255 0.017557246383196695 -0.020005568875547653 -0.018425190853069703 -0.020498024134646142 -0.025866969948858544 0.033359903647113165 -0.017115611884396108 -0.026099513203834177 0.00057889359312337174 -0.026895208835642798 0.014096075955342353
leaf_weight=17.880308442749083 4.4474612846970549 2.6638744464144102 50.889762911014259 15.174670301377772 41.527145925909281 15.094088803976772 1.8407121030613778 19.4861168647185 1.6301795188337553 18.35244470089674 8.9543844824656826 880.05184650048614 5.8218850418925276 111.80679769255221
leaf_count=885 25 59 632 133 420 387 70 352 28 1184 86 7987 53 1454
internal_value=-0.000382534 -9.01792e-05 -0.000230864 0.000256701 -0.00982286 0.000800791 0.0368656 0.000552582 -0.019993 0.000988513 0.00133012 0.00159814 0.00830166 0.0118576
internal_weight=1195.62 1177.74 1175.08 1124.19 56.7018 1067.49 6.28817 1061.2 21.1163 1040.08 1021.73 1012.77 132.723 117.629
internal_count=13755 12870 12811 12179 553 11626 95 11531 380 11151 9967 9881 1894 1507
is_linear=0
shrinkage=0.03


Tree=168
num_leaves=15
num_cat=0
split_feature=1 5 0 6 1 4 1 2 1 5 2 2 0 8
split_gain=8.13065 10.74 10.5803 10.6429 23.6982 15.631 10.4803 9.77676 15.6957 8.9885 10.2924 9.76419 8.47776 10.194
threshold=-9.6099999999999941 120.6850929260254 16.492916666666673 6.4500000000000011 3.9200000000000035 63.049973187834269 1.9700000000000033 23.43000000000001 -2.2499999999999982 61.412071228027351 34.670000000000016 32.490000000000016 19.927083333333339 38.850000000000016
decision_type=2 2 2 2 2 2 2 2 2 2 2 2 2 2
left_child=1 -1 3 5 -5 -2 -4 -7 -9 10 -8 -11 -13 -14
right_child=2 -3 6 4 -6 7 9 8 -10 11 -12 12 13 -15
leaf_value=0.0049445904665643605 -0.025825090565283666 -0.0077040298717777822 -0.021118121534537418 0.010072716650702971 -0.0293761946763153 0.0079079078535012285 0.014169853405797666 -0.008602043458614466 0.0057955212319048934 -0.015601940936850715 -0.024941736048257404 0.0086522312428904784 -0.021067017210104996 0.030428484648254841
leaf_weight=81.490719999186695 18.849758364260197 226.4389260718599 28.922343312762678 243.64957983233035 13.563306614756582 137.91838984191418 42.845626905560493 144.64489713683724 127.13041049428284 54.142191966064274 6.0942225167527786 46.426452570594847 20.318090002983812 3.2186201447620979
leaf_count=645 124 2507 489 2255 90 1535 589 1156 1365 635 331 304 1579 159
internal_value=-0.000159156 -0.00435152 0.00129833 0.00307553 0.00788679 0.000176166 -0.00472136 0.00143244 -0.00187063 -0.00187525 0.00889758 -0.00616059 0.00126266 -0.0130719
internal_weight=1195.65 307.93 887.724 685.756 257.213 428.543 201.968 409.694 271.775 173.045 48.9398 124.105 69.9632 23.5367
internal_count=13763 3152 10611 6525 2345 4180 4086 4056 2521 3597 920 2677 2042 1738
is_linear=0
shrinkage=0.03


Tree=169
num_leaves=15
num_cat=0
split_feature=7 7 6 8 4 7 4 7 3 5 2 8 8 6
split_gain=7.77076 7.54886 20.1576 7.61241 9.12933 10.0751 9.78048 7.94533 7.62154 7.49736 13.6121 6.66392 11.255 6.29385
threshold=10.150000000000004 137.85000000000005 4.7500000000000009 32.650000000000013 60.462870237364776 27.750000000000004 70.415102171751968 24.450000000000006 2.7904751702341759 2697.963500976563 16.430000000000007 26.250000000000004 27.950000000000006 7.0500000000000016
decision_type=2 2 2 2 2 2 2 2 2 2 2 2 2 2
left_child=11 3 -3 9 7 6 -6 8 -5 10 -2 -1 -13 -8
right_child=1 2 -4 4 5 -7 13 -9 -10 -11 -12 12 -14 -15
leaf_value=-0.021982183599796156 0.038100436063733159 0.01950388663275791 -0.020614360476630386 -0.009226509928100108 -0.026799095731459794 0.00013472070173523626 -0.013112516611709606 0.041144189582969344 0.0302430635405561 -0.019025913804209347 0.0018841623968724132 0.042163770766677357 -0.011597828118656018 0.020704274648475327
leaf_weight=25.287344492506236 8.4382248595356923 14.404298636130987 41.913390255533159 15.486440815962856 37.567989384755492 51.749984144233167 12.325974997133018 4.8297382527962318 5.0097654247656456 14.156942517496644 936.05022921785712 3.7070665247738388 12.744737335946409 6.8843551473692051
leaf_count=956 42 129 413 153 391 523 260 30 67 345 9724 142 513 73
internal_value=-4.58888e-05 0.000421037 -0.0101921 0.000976959 -0.00569857 -0.0094768 -0.0180878 0.0102371 0.00137891 0.00191402 0.00224768 -0.0126066 0.00223808 -0.000568878
internal_weight=1190.56 1148.82 56.3177 1092.5 133.854 108.528 56.7783 25.3259 20.4962 958.645 944.488 41.7391 16.4518 19.2103
internal_count=13761 12150 542 11608 1497 1247 724 250 220 10111 9766 1611 655 333
is_linear=0
shrinkage=0.03


Tree=170
num_leaves=15
num_cat=0
split_feature=7 8 6 4 2 5 8 3 5 6 5 4 7 3
split_gain=6.00073 9.95017 9.58292 10.5777 9.06697 13.2506 8.97742 16.554 8.81075 8.76303 10.4912 8.71177 8.91023 8.27868
threshold=31.150000000000006 27.750000000000004 7.4500000000000011 54.462871437503409 29.73 260.19952392578131 26.550000000000004 2.6288383180679502 183.67058563232425 5.8500000000000014 200.27383422851565 63.785139106023614 31.550000000000004 2.0869645607831915
decision_type=2 2 2 2 2 2 2 2 2 2 2 2 2 2
left_child=1 -1 3 -3 5 -5 7 -2 -8 -10 -11 -9 -13 -4
right_child=6 2 13 4 -6 -7 8 11 9 10 -12 12 -14 -15
leaf_value=0.00056540598074058689 -0.024431427686544712 0.012411206171559221 -0.027637785297683529 0.011748514211729476 -0.019320799066184398 -0.016401854954105077 0.012716889793646879 -0.01609893741336205 -0.012620760190394995 -0.02583550367970789 0.010362228097519736 0.040291990338409626 0.0010073549620139666 0.0062602173119249843
leaf_weight=315.44901961740106 24.637844820506871 14.676709703169761 6.3252913146279743 25.516162753105164 95.058337988331914 33.923586507327855 102.492870869115 25.939033539965749 31.542737498879433 7.1868262197822324 61.267672779038548 4.2683907132595769 386.54948872048408 55.857100423891097
leaf_count=4310 355 182 269 277 1412 340 950 256 294 47 492 39 3890 619
internal_value=-0.000594541 -0.00290292 -0.00761397 -0.011298 -0.0136157 -0.00432308 0.00136727 -0.00103388 0.00658073 0.000227798 0.00624468 0.000404503 0.00153815 0.0024292
internal_weight=1190.69 546.806 231.357 169.175 154.498 59.4397 643.885 441.395 202.49 99.9972 68.4545 416.757 390.818 62.1824
internal_count=13732 7409 3099 2211 2029 617 6323 4540 1783 833 539 4185 3929 888
is_linear=0
shrinkage=0.03


Tree=171
num_leaves=15
num_cat=0
split_feature=0 1 1 3 3 7 0 4 2 1 0 1 3 7
split_gain=7.63673 10.4346 8.97645 12.6868 14.0823 10.8614 10.2336 16.5866 9.94825 14.2032 10.6913 9.79146 9.53793 11.74
threshold=21.34500000000001 23.110000000000007 -0.53999999999999615 3.2532192342476365 2.5556022371618456 37.250000000000007 15.61791666666667 73.913375157659104 37.670000000000016 3.1000000000000045 16.722916666666674 2.3400000000000025 2.8603200350211857 61.550000000000004
decision_type=2 2 2 2 2 2 2 2 2 2 2 2 2 2
left_child=2 -2 5 4 -4 -1 11 8 9 10 -8 -6 -13 -14
right_child=1 -3 3 -5 6 -7 7 -9 -10 -11 -12 12 13 -15
leaf_value=-0.0054847022203965519 -0.022282452584847373 0.027203202516857618 -0.0161388615369807 -0.022042400751313394 0.015793033209573537 0.0017865108226707057 0.0025664386628596807 -0.025457689789750243 0.034772006443418803 0.0080175368804797625 -0.028141878986081677 -0.022981929194391446 0.017439189353124756 -0.015992602389268692
leaf_weight=338.35795007739216 24.403489265125248 3.6428558677434912 25.363684213720262 15.190139338374136 133.49737222492695 405.40494761336595 20.376150704920292 17.521233948878944 8.2265598271042091 114.46567062847316 19.136644495651126 11.08557430282235 29.428277602419257 12.80887210741639
leaf_count=3277 2276 50 414 157 1916 3645 117 170 38 750 287 95 356 118
internal_value=5.26235e-05 -0.0151396 0.000435679 0.00401145 0.00507481 -0.00152428 0.00658263 0.0014566 0.00450203 0.00267087 -0.0126336 0.01148 0.000590082 0.00716524
internal_weight=1178.91 28.0463 1150.86 407.1 391.91 743.763 366.546 179.726 162.205 153.978 39.5128 186.82 53.3227 42.2371
internal_count=13666 2326 11340 4418 4261 6922 3847 1362 1192 1154 404 2485 569 474
is_linear=0
shrinkage=0.03


Tree=172
num_leaves=15
num_cat=0
split_feature=3 5 3 2 1 0 3 8 3 2 5 2 1 7
split_gain=10.2215 8.67354 6.56617 10.165 10.2125 17.5992 11.8626 9.83564 15.078 17.2677 10.4844 10.9672 11.4999 9.15206
threshold=2.0344679931109422 3011.185424804688 2.928646727972795 25.550000000000008 -0.59999999999999842 16.367083333333341 3.4484401491963586 21.350000000000005 2.7527396936641 25.510000000000009 159.65335845947268 22.910000000000011 -11.209999999999996 9.9500000000000011
decision_type=2 2 2 2 2 2 2 2 2 2 2 2 2 2
left_child=-1 2 7 -4 -5 -6 -7 8 9 -2 11 -10 -13 -11
right_child=1 -3 3 4 5 6 -8 -9 10 13 -12 12 -14 -15
leaf_value=-0.022556720509656715 -0.034844101985213108 -0.025487667999055282 0.0031236409438911523 -0.013203311876882904 0.011851980208741699 -0.014907944889904379 0.035035013560646804 0.004445924970349408 0.025378838593153156 -0.029197847243886195 -0.0049483280970221014 -0.039039706435191966 0.0067428087540840126 0.001153976514324247
leaf_weight=16.796706699300557 22.783279312774539 10.578656864352523 162.83186771627516 109.71803765837103 54.395767904818058 57.568466072436422 3.6774382712319484 538.01387589331716 27.130426241084933 9.9469170616939646 81.53228622302413 4.5230374252423635 45.76212964579463 48.425801526755095
leaf_count=743 353 267 1582 753 445 1922 139 5060 393 318 754 30 595 444
internal_value=9.18748e-06 0.000350128 0.000606116 -0.00257664 -0.00669093 -0.000451912 -0.0113945 0.00219521 -0.0028456 -0.0132832 0.00253339 0.0103756 0.00194384 -0.00442274
internal_weight=1193.68 1176.89 1166.31 388.192 225.36 115.642 61.2459 778.118 240.104 81.156 158.948 77.4156 50.2852 58.3727
internal_count=13798 13055 12788 4841 3259 2506 2061 7947 2887 1115 1772 1018 625 762
is_linear=0
shrinkage=0.03


Tree=173
num_leaves=15
num_cat=0
split_feature=1 6 2 2 5 2 8 2 5 4 7 5 8 4
split_gain=7.23932 9.73888 9.72675 11.0615 10.9899 5.66431 9.65827 10.1738 11.8445 8.7659 10.1709 8.62837 8.46599 8.42319
threshold=-9.2099999999999955 8.0500000000000025 14.950000000000005 21.130000000000006 3933.8288574218755 28.580000000000002 26.550000000000004 25.900000000000006 29.891889572143558 58.14055370677584 19.250000000000004 108.58045959472658 27.050000000000004 72.459201808529414
decision_type=2 2 2 2 2 2 2 2 2 2 2 2 2 2
left_child=2 -2 4 -4 -1 6 7 8 -5 10 -7 -8 -13 -9
right_child=1 -3 3 5 -6 9 11 13 -10 -11 -12 12 -14 -15
leaf_value=0.053430152224770842 0.0017807849467733586 -0.027878830608633404 -0.027779746028024695 0.028028644213492875 -0.020823512710909264 -0.0080349138582952589 0.028262572724986605 -0.005567777902982218 -0.013355747125910401 -0.01856380639491638 0.034171814259119498 0.036324900206195512 -0.00081711647688214629 0.019671412577291873
leaf_weight=4.3608574932441106 856.55874355975538 9.0832285746000689 16.605166024528444 5.7322622220963231 2.0383506938815117 17.510686140507463 13.78960946574807 25.071925094351172 94.985399711877108 44.09050696156919 6.1283940728753796 5.1048139855265608 57.563086019828916 21.091002600267529
leaf_count=34 10065 448 432 47 98 368 101 243 954 276 69 38 428 146
internal_value=2.1983e-05 0.00143776 -0.00387233 -0.00467558 0.0301603 -0.00326691 -0.000944849 -0.00543589 -0.010748 -0.0107987 0.00384992 0.00764156 0.00273142 0.00613614
internal_weight=1179.71 865.642 314.072 307.673 6.39921 291.068 223.338 146.881 100.718 67.7296 23.6391 76.4575 62.6679 46.1629
internal_count=13747 10513 3234 3102 132 2670 1957 1390 1001 713 437 567 466 389
is_linear=0
shrinkage=0.03


Tree=174
num_leaves=15
num_cat=0
split_feature=7 4 0 3 2 2 6 4 4 2 0 2 4 4
split_gain=6.8998 5.17095 3.91958 13.9387 5.63667 5.39594 4.33874 9.66856 8.89607 7.68058 10.1768 7.36778 14.4734 11.0649
threshold=6.9500000000000011 86.085062248403489 21.34500000000001 3.5041390522533491 39.050000000000018 33.730000000000011 5.8500000000000014 63.22463668737057 72.980779660173894 28.330000000000002 9.0512500000000049 31.780000000000001 61.625391831882332 66.764490697485613
decision_type=2 2 2 2 2 2 2 2 2 2 2 2 2 2
left_child=-1 2 4 -4 6 -5 7 -2 11 10 -10 12 -8 -13
right_child=1 -3 3 5 -6 -7 8 -9 9 -11 -12 13 -14 -15
leaf_value=-0.019135306467955762 -0.031703439495675792 -0.027915030815309952 -0.022069940693773493 0.059892163287969521 0.025456940399589865 -0.0057901447636856725 -0.014061048831803756 -0.0014873396066686197 -0.00013890622124146918 -0.0092548716565717185 0.018159387014514604 0.0076125924990171311 0.00047376227750062515 -0.012352041340620835
leaf_weight=16.071190498303622 8.7742377538233978 4.9104258120059958 19.254056005273018 2.0062983334064479 7.0656464342027894 1.5405427040532229 74.782627088017762 390.54778858739883 43.317738602869213 18.003093376755714 73.161313181743026 173.31362732406706 330.51527183316648 28.241835316643119
leaf_count=891 99 103 1693 39 67 51 974 3797 572 146 1512 1393 2336 184
internal_value=-0.000199809 7.51325e-05 0.000216281 -0.0118341 0.00046577 0.0363645 0.000288803 -0.00222881 0.0016461 0.00859668 0.0114111 9.41978e-05 -0.0022361 0.00476799
internal_weight=1191.51 1175.43 1170.52 22.8009 1147.72 3.54684 1140.66 399.322 741.336 134.482 116.479 606.853 405.298 201.555
internal_count=13857 12966 12863 1783 11080 90 11013 3896 7117 2230 2084 4887 3310 1577
is_linear=0
shrinkage=0.03


Tree=175
num_leaves=15
num_cat=0
split_feature=1 7 3 5 8 1 2 7 6 2 5 2 3 7
split_gain=10.2759 7.15964 8.7884 10.3178 7.82603 8.96463 12.0896 7.00553 15.1783 7.17714 9.42672 6.65726 6.63683 8.91884
threshold=-23.989999999999991 30.950000000000006 2.9349022553917599 821.58520507812511 24.050000000000004 -0.53999999999999615 30.830000000000002 137.85000000000005 4.7500000000000009 13.830000000000005 2276.419311523438 28.330000000000002 2.6288383180679502 55.45000000000001
decision_type=2 2 2 2 2 2 2 2 2 2 2 2 2 2
left_child=-1 2 -2 4 5 -4 -7 9 -9 -3 12 -6 13 -11
right_child=1 7 3 -5 11 6 -8 8 -10 10 -12 -13 -14 -15
leaf_value=-0.028370784356554421 0.00013867267921391073 0.035922792308093886 -0.009230349480957448 -0.033552960478157048 0.010062735585386525 0.039438019574937179 -0.005448584482341156 0.01771091679420608 -0.016682190550478791 -0.00043382334057359153 -0.021802350869625155 -0.015746578636369388 0.005167900275403866 -0.031994706785097297
leaf_weight=10.137677260674534 413.76276914728805 5.1883683465421191 20.647262526676059 12.720430463552473 9.8727210685610753 10.328572779893877 9.9110967027954739 15.031737364828585 40.865266012959182 53.885023776441813 12.069857063703237 59.070428917184472 489.30580233596265 8.4814768582582456
leaf_count=653 4961 46 174 161 146 117 298 131 318 305 168 1409 4755 50
internal_value=0.000308593 0.000583184 -0.00195756 -0.00897884 -0.00585563 0.00447669 0.018236 0.00276365 -0.00728452 0.00376192 0.00340285 -0.0119596 0.00399275 -0.0051631
internal_weight=1171.28 1161.14 536.313 122.551 109.83 40.8869 20.2397 624.828 55.897 568.931 563.742 68.9431 551.672 62.3665
internal_count=13692 13039 7266 2305 2144 589 415 5773 449 5324 5278 1555 5110 355
is_linear=0
shrinkage=0.03


Tree=176
num_leaves=15
num_cat=0
split_feature=0 2 7 0 3 8 4 4 8 2 5 0 2 0
split_gain=9.15105 6.97318 6.39951 8.69258 8.94791 8.79011 12.0063 8.33955 10.5749 11.4866 9.10309 9.01845 8.00843 7.58048
threshold=22.895000000000007 39.050000000000018 22.250000000000004 5.4462500000000027 3.0732820038803887 19.450000000000006 68.376236656702474 81.055311417135314 17.250000000000004 23.510000000000009 2137.5385742187505 7.1566666666666707 21.910000000000007 7.6012500000000038
decision_type=2 2 2 2 2 2 2 2 2 2 2 2 2 2
left_child=1 2 -1 -4 7 6 -6 8 9 -5 11 -10 -8 -14
right_child=-2 -3 3 4 5 -7 12 -9 10 -11 -12 -13 13 -15
leaf_value=-0.0038447649900687814 -0.019537190410783258 0.023393701387665174 -0.0043519791944721968 0.015008047304317202 0.03565974904014034 -0.009010342761339836 0.012498206784434692 0.021008872592208461 0.016366875666560771 -0.011480819835251413 -0.021924354959135275 0.0044468187763871654 -0.050767936768555073 -0.0047744095788100046
leaf_weight=293.04174497630447 20.511175873689353 10.560096002649514 190.97666692594066 17.886879069730639 9.1476094610989076 95.002179566770792 19.433025382459164 25.818775776773691 68.085147887468338 66.987367501482368 9.4604182317852956 339.00260130967945 3.0588148236274746 16.997172717936337
leaf_count=3436 1924 189 1984 268 42 867 151 543 557 638 81 3066 15 120
internal_value=-0.00014824 0.000209447 -2.25987e-05 0.00127993 0.00288724 -0.00373177 0.0065527 0.00469414 0.00381393 -0.00578865 0.00577969 0.00647566 -0.000904131 -0.013867
internal_weight=1185.97 1165.46 1154.9 861.857 670.88 143.639 48.6366 527.241 501.422 84.8742 416.548 407.088 39.489 20.056
internal_count=13881 11957 11768 8332 6348 1195 328 5153 4610 906 3704 3623 286 135
is_linear=0
shrinkage=0.03


Tree=177
num_leaves=15
num_cat=0
split_feature=5 0 1 2 1 6 2 8 4 1 5 0 2 1
split_gain=7.61459 6.02446 11.0596 7.71001 5.67823 5.36011 14.4476 8.709 8.03432 7.97889 7.27425 5.94348 9.41711 7.41886
threshold=3470.7541503906255 22.895000000000007 23.110000000000007 40.530000000000015 -23.989999999999991 5.3500000000000014 22.990000000000013 6.9500000000000011 69.424391453819027 -12.809999999999995 338.26016235351568 9.544583333333339 25.970000000000002 -8.6299999999999955
decision_type=2 2 2 2 2 2 2 2 2 2 2 2 2 2
left_child=1 3 -3 4 -1 6 9 -7 -8 -6 -11 12 13 -10
right_child=-2 2 -4 -5 5 7 8 -9 11 10 -12 -13 -14 -15
leaf_value=-0.021383243514100314 -0.028247329371636279 -0.024670869199750763 0.032980532020365147 0.033240683928173101 -0.016625798253558654 -0.035098906618368869 0.0074266498504969441 0.0020396042413921103 -0.023851526837134273 0.015153229791581279 -0.0065310626832672169 -0.0272788904329326 0.011517732897290517 0.0055428573194833079
leaf_weight=9.3466299036517722 7.2682447256520382 16.810390191618357 2.699831958860158 5.6089057475328437 11.607382325455545 4.7190411174669853 15.838430192321537 959.6485655256547 30.592110235244032 50.573252458125353 18.418040238320827 25.59765218757093 13.452082827687262 9.7939676456153411
leaf_count=598 274 1861 37 89 139 70 138 9271 214 506 97 346 68 105
internal_value=0.000442491 0.000643878 -0.015474 0.000929243 0.00074284 0.000942787 -0.00385963 0.0018217 -0.0117138 0.00545442 0.00935375 -0.015575 -0.00961439 -0.0167614
internal_weight=1181.97 1174.71 19.5102 1155.2 1149.59 1140.24 175.873 964.368 95.2742 80.5987 68.9913 79.4358 53.8382 40.3861
internal_count=13813 13539 1898 11641 11552 10954 1613 9341 871 742 603 733 387 319
is_linear=0
shrinkage=0.03


Tree=178
num_leaves=15
num_cat=0
split_feature=1 7 6 5 7 5 6 5 7 3 4 1 3 2
split_gain=4.95438 5.49469 9.52144 5.439 5.13251 5.37133 5.11985 10.4257 13.4637 8.45261 6.99214 6.3296 14.3704 12.1993
threshold=-22.949999999999992 19.850000000000005 7.0500000000000016 3470.7541503906255 14.450000000000001 802.19177246093761 5.9500000000000011 617.37762451171886 53.050000000000004 3.0949879214112825 76.954814691059269 3.4800000000000031 3.0908186382493312 21.910000000000007
decision_type=2 2 2 2 2 2 2 2 2 2 2 2 2 2
left_child=-1 2 4 6 -2 -6 7 11 -9 -8 -10 12 -3 -14
right_child=1 3 -4 -5 5 -7 9 8 10 -11 -12 -13 13 -15
leaf_value=-0.017078444925292705 -0.023541354066271915 0.0030861641689000929 0.001126068421774928 -0.026987815015248301 -0.0035021759235070614 -0.030181660881194949 0.0030424781523808227 -0.024661154260483029 0.0073780687789191694 0.022755342719704946 -0.023847508169392528 0.012019542383470572 0.0023969225274157535 -0.024882693266045339
leaf_weight=13.461973480414597 22.384087630547583 254.2367149963975 144.33687256742269 4.9506047200411549 55.323334712535143 6.8069787579588583 480.13495462620631 33.215565512888134 31.378233916126192 19.448206244036555 7.0630037579685441 43.948576233815402 25.521898671984673 33.449766060337424
leaf_count=765 629 2452 2611 142 797 75 4218 369 185 291 49 706 203 263
internal_value=0.000373084 0.000589737 -0.00356629 0.0016115 -0.0114995 -0.00685696 0.00179287 -0.000611561 -0.010972 0.0038538 0.00118166 0.00149189 -1.88716e-05 -0.0132334
internal_weight=1175.66 1162.2 228.851 933.348 84.5144 62.1303 928.397 428.814 71.6568 499.583 38.4412 357.157 313.208 58.9717
internal_count=13755 12990 4112 8878 1501 872 8736 4227 603 4509 234 3624 2918 466
is_linear=0
shrinkage=0.03


Tree=179
num_leaves=15
num_cat=0
split_feature=1 6 5 0 8 1 0 2 8 2 5 1 1 2
split_gain=5.7659 5.58702 4.69742 4.75673 9.61069 9.7009 11.3693 10.8111 9.44284 9.68686 9.67619 9.22063 10.5365 9.20782
threshold=-23.989999999999991 8.1500000000000021 3470.7541503906255 13.552083333333337 40.050000000000004 -6.1699999999999964 7.1566666666666707 15.850000000000007 22.450000000000006 16.430000000000007 101.85620880126955 -8.6299999999999955 0.96000000000000385 24.43000000000001
decision_type=2 2 2 2 2 2 2 2 2 2 2 2 2 2
left_child=-1 2 3 4 5 6 8 -7 9 -2 -10 -5 -13 -14
right_child=1 -3 -4 11 -6 7 -8 -9 10 -11 -12 12 13 -15
leaf_value=-0.021577478399379259 0.026227835755141198 -0.021770074324217972 -0.023206437941746767 0.057706760481745202 -0.025631766647273301 -0.040190732296414247 -0.0072994437954588993 0.0067458089829144398 0.023541847171582097 -0.005280094315260009 0.0043287905743365617 -0.011688847791456798 -0.028836487319224544 0.0015171083912488153
leaf_weight=9.6767683923244459 8.5052201990038139 8.9894412816502136 6.3128742128610602 1.3187642339617003 10.001792818307875 3.4891682267189017 144.20053080096841 359.33567636460066 28.877345332875848 115.89701219554991 115.45481272414327 82.063492835499346 8.3072081729769689 266.9842852242291
leaf_count=680 43 391 192 25 62 19 1038 4146 198 1040 792 918 64 4121
internal_value=0.000368687 0.000570236 0.000763504 0.000915871 0.00222177 0.00261342 -0.000532288 0.00618521 0.00311251 -0.00293397 0.00830839 -0.00194324 -0.00232379 0.000500102
internal_weight=1169.41 1159.74 1150.75 1144.44 785.762 775.76 412.935 362.825 268.734 124.402 144.332 358.674 357.355 275.291
internal_count=13729 13049 12658 12466 7338 7276 3111 4165 2073 1083 990 5128 5103 4185
is_linear=0
shrinkage=0.03


Tree=180
num_leaves=15
num_cat=0
split_feature=5 0 6 3 7 3 0 7 5 4 5 0 2 7
split_gain=6.06063 9.52545 8.90265 9.08828 9.66226 17.7887 8.58998 10.5175 12.9225 11.6029 14.0333 10.733 9.19119 8.57576
threshold=97.894454956054702 10.425000000000004 5.9500000000000011 3.0949879214112825 51.150000000000013 2.9530392939755932 5.1554166666666701 52.550000000000004 663.57281494140636 76.286732669025227 242.87597656250003 10.295000000000005 16.430000000000007 41.550000000000004
decision_type=2 2 2 2 2 2 2 2 2 2 2 2 2 2
left_child=1 -1 6 4 -4 -6 12 8 9 13 -11 -9 -2 -8
right_child=2 -3 3 -5 5 -7 7 11 -10 10 -12 -13 -14 -15
leaf_value=0.010162217256771484 0.014866637321098816 -0.0011315401759717661 0.0010356084708021927 0.021572060940997836 -0.02847848998635075 0.0181094134912047 -0.003894681691553568 0.008271155802356385 -0.026888926137293472 -0.041837688393629696 0.0066313819812518259 -0.013872047338982446 -0.018198629487165639 0.018485622302766607
leaf_weight=111.62794705666602 7.7811181377619496 166.24928719783202 501.12256989628077 17.124536831397563 24.51989483460784 9.582344785332678 71.812680886127055 93.287894515320659 26.619374013040215 12.896613275632264 8.373177065048365 23.947956442832947 65.490006901323795 18.548058298416436
leaf_count=1380 41 2465 5744 363 360 80 838 750 313 172 107 199 746 149
internal_value=-0.000429883 0.00342552 -0.00164828 0.000679242 -2.82076e-05 -0.0152448 -0.00554898 -0.00292544 -0.00850359 -0.00391962 -0.0233161 0.00366886 -0.0145343 0.000851304
internal_weight=1158.98 277.877 881.106 552.349 535.225 34.1022 328.757 255.486 138.25 111.631 21.2698 117.236 73.2711 90.3607
internal_count=13707 3845 9862 6547 6184 440 3315 2528 1579 1266 279 949 787 987
is_linear=0
shrinkage=0.03


Tree=181
num_leaves=15
num_cat=0
split_feature=7 5 6 7 5 5 1 1 1 3 1 4 0 1
split_gain=7.90845 6.42162 5.04185 10.2897 8.62601 14.1984 9.20669 10.7179 12.5468 8.91517 15.3501 10.5054 8.41593 8.14872
threshold=9.0500000000000025 2697.963500976563 7.5500000000000016 15.450000000000001 1536.9753417968752 445.88070678710943 8.4700000000000042 5.0000000000000044 -6.299999999999998 2.4241135926961861 -1.8699999999999972 56.55391705498635 18.891250000000007 -1.3999999999999984
decision_type=2 2 2 2 2 2 2 2 2 2 2 2 2 2
left_child=-1 2 3 -2 5 6 7 8 -4 10 11 -7 -9 -11
right_child=1 -3 4 -5 -6 9 -8 12 -10 13 -12 -13 -14 -15
leaf_value=-0.014175233238399188 -0.012262044500684475 -0.018572154916015528 -0.018082984014778446 0.0013777160763399294 -0.02746546338500255 0.093902440037000323 0.050227584559839812 -0.045431109977564742 0.015245624157674874 -0.0081821109233004511 -0.012253240706279638 0.0050483678196402001 0.002217602571622122 0.027060372641519115
leaf_weight=30.550683642271906 51.460103880148381 13.816988337785004 13.625891176983712 973.31735977437347 4.9631335018202654 4.2958200164139271 2.2654695101082316 6.7635065093636495 32.598646798171103 8.3781308475881833 2.2546622557565552 1.7006455743685363 5.6938179894350469 16.329581265803427
leaf_count=1356 1043 377 150 9862 104 93 71 36 258 78 46 23 129 98
internal_value=0.00064159 0.00105165 0.00130925 0.000681497 0.00774397 0.00987465 0.00119309 -0.0015098 0.00524627 0.0254207 0.0509175 0.0730261 -0.0251061 0.0152566
internal_weight=1168.01 1137.46 1123.65 1024.78 98.8693 93.9062 60.9473 58.6819 46.2245 32.9588 8.25113 5.99647 12.4573 24.7077
internal_count=13724 12368 11991 10905 1086 982 644 573 408 338 162 116 165 176
is_linear=0
shrinkage=0.03


Tree=182
num_leaves=15
num_cat=0
split_feature=5 0 3 2 1 8 2 5 2 3 8 3 2 0
split_gain=6.8061 5.72645 6.99835 10.4564 6.37469 18.0112 14.931 6.86207 6.63175 9.76766 8.38509 7.57013 6.61423 14.3131
threshold=3470.7541503906255 22.895000000000007 3.2404219364065252 18.390000000000011 -16.949999999999992 22.750000000000004 27.030000000000005 108.58045959472658 22.910000000000011 2.7464862939613948 6.9500000000000011 2.8689088065662753 26.030000000000005 7.0662500000000046
decision_type=2 2 2 2 2 2 2 2 2 2 2 2 2 2
left_child=1 2 4 -4 5 -1 7 -7 9 -6 11 -10 -12 -14
right_child=-2 -3 3 -5 8 6 -8 -9 10 -11 12 -13 13 -15
leaf_value=-0.028200600627933239 -0.02792159866297695 -0.015547432059825915 0.010726165888145291 -0.025422534847471038 -0.02086532775435963 0.024523393184543281 -0.018839610117422873 0.0019772142829871096 -0.00074239644626732213 0.0097895455325544868 -0.0038421347298178668 -0.063431949352422051 0.018052431308845391 0.0010900411274815719
leaf_weight=24.351831576321274 6.8049214803613713 19.449024464469403 10.156911835074427 20.421688781119883 9.1449750624597055 17.375033470802009 22.912866190075874 36.445007612928748 3.4978022556751958 130.13779276423156 203.22363668307662 2.4846478430554271 47.340963669121265 608.85637860419229
leaf_count=689 269 1885 59 227 98 124 208 395 42 1542 2233 53 348 5577
internal_value=-9.10693e-07 0.000187471 0.000470213 -0.013456 0.000867134 -0.00627705 0.000953855 0.0095705 0.00159146 0.00764243 0.000609887 -0.0321344 0.000874904 0.00233939
internal_weight=1162.6 1155.8 1136.35 30.5786 1105.77 101.085 76.7329 53.82 1004.69 139.283 865.403 5.98245 859.421 656.197
internal_count=13749 13480 11595 286 11309 1416 727 519 9893 1640 8253 95 8158 5925
is_linear=0
shrinkage=0.03


Tree=183
num_leaves=15
num_cat=0
split_feature=1 8 5 6 8 1 0 3 1 1 3 0 8 5
split_gain=6.75022 8.67706 7.20785 6.5953 6.40198 11.161 6.95541 9.5436 10.9391 9.5241 10.9067 8.53472 8.29486 9.24069
threshold=-16.949999999999992 22.650000000000006 95.991077423095717 4.7500000000000009 12.650000000000004 -1.0599999999999949 15.087083333333338 3.2312809473728179 -0.59999999999999842 2.5000000000000049 2.8603200350211857 12.172500000000005 41.050000000000004 1144.661804199219
decision_type=2 2 2 2 2 2 2 2 2 2 2 2 2 2
left_child=1 -1 -3 -2 5 -5 7 8 -6 -10 -11 -12 13 -8
right_child=3 2 -4 4 6 -7 12 -9 9 10 11 -13 -14 -15
leaf_value=-0.021634602352566805 0.014611715580958438 0.015513344229823868 -0.0066747993948751303 -0.01448655536717855 0.0013318067768769088 0.011150143045995002 -0.0023667136657767591 -0.016377792132188044 0.014426045176686364 -0.036322410110289985 -0.024865893268310093 0.013708007055603677 0.021186659597209959 -0.023264379431883746
leaf_weight=26.268608406186104 29.786265573929995 15.868287411518393 59.352967526763678 56.76035591494292 515.24196295067668 19.950251499656588 234.04749809252098 21.662720087915659 118.65465629659593 6.2530287131667128 5.7350867725908783 21.402704440057278 11.271819181740282 19.767618231941015
leaf_count=799 317 117 707 450 4195 429 3806 128 1791 60 98 272 187 363
internal_value=0.000219114 -0.00713345 -0.00185198 0.000928789 0.000519604 -0.00776149 0.00119289 0.00278091 0.00342645 0.0104696 -0.00360052 0.0049621 -0.00292926 -0.00407918
internal_weight=1162.02 101.49 75.2213 1060.53 1030.75 76.7106 954.037 688.95 667.287 152.045 33.3908 27.1378 265.087 253.815
internal_count=13719 1623 824 12096 11779 879 10900 6544 6416 2221 430 370 4356 4169
is_linear=0
shrinkage=0.03


Tree=184
num_leaves=15
num_cat=0
split_feature=6 1 6 7 8 1 1 8 3 8 4 2 6 7
split_gain=7.08046 5.95642 5.38728 14.7126 14.6247 13.9783 12.0052 10.9268 8.95416 8.92586 6.08871 14.5127 7.48101 7.9929
threshold=8.0500000000000025 -19.729999999999993 7.2500000000000009 16.350000000000005 21.850000000000005 -16.269999999999992 5.0000000000000044 38.850000000000016 2.7833460672411037 37.350000000000009 64.166115723292293 31.780000000000001 7.1500000000000012 23.650000000000006
decision_type=2 2 2 2 2 2 2 2 2 2 2 2 2 2
left_child=2 -2 3 -1 -4 -6 -7 10 -9 -8 11 -5 -12 -14
right_child=1 -3 4 7 5 6 9 8 -10 -11 12 -13 13 -15
leaf_value=-0.01699854021923005 0.028384433760454977 -0.025001199791669235 -0.015927551237247029 -0.014188768997327995 -0.020383874700296161 0.014787369753706139 -0.016695376837101931 -0.044436827656288876 -6.7962737499287467e-05 0.029636657897540285 0.0020919770711175503 0.0071660445887738048 0.014749667455802605 -0.02792106722408565
leaf_weight=46.038983088452369 1.2973114941269148 14.680478435941039 25.034343054518104 70.637126693502069 13.031494091264902 122.07983739767224 19.478403809946034 7.8872358947992307 7.5952609423547983 3.6273992946371427 755.72937151324004 46.916694547049701 4.6906020492315319 13.64716976881027
leaf_count=1131 51 603 528 612 204 1139 479 54 123 113 8175 295 44 97
internal_value=-1.93929e-05 -0.01925 0.000267678 -0.000639462 0.00496383 0.0083487 0.0110495 0.000208628 -0.0239954 -0.00849397 0.00065533 -0.00567733 0.00162312 -0.016808
internal_weight=1152.37 15.9778 1136.39 953.142 183.251 158.217 145.186 907.103 15.4825 23.1058 891.621 117.554 774.067 18.3378
internal_count=13648 654 12994 10531 2463 1935 1731 9400 177 592 9223 907 8316 141
is_linear=0
shrinkage=0.03


Tree=185
num_leaves=15
num_cat=0
split_feature=6 3 3 0 1 1 7 2 0 1 6 4 1 3
split_gain=5.47904 5.62628 6.36603 11.2408 12.0454 4.53205 4.14059 5.89425 9.00061 4.47655 4.43327 8.3078 7.42662 9.44858
threshold=8.0500000000000025 2.0614147635482767 2.1914508849812533 13.120416666666673 1.340000000000005 -23.989999999999991 12.950000000000001 34.77000000000001 16.492916666666673 -3.9799999999999964 5.9500000000000011 63.22463668737057 23.110000000000007 3.3155064221748831
decision_type=2 2 2 2 2 2 2 2 2 2 2 2 2 2
left_child=1 -1 3 -3 -5 -4 7 -7 9 -9 11 -8 13 -13
right_child=-2 2 5 4 -6 6 10 8 -10 -11 -12 12 -14 -15
leaf_value=-0.018024892649673191 -0.016602071886084899 -0.011455775370965168 -0.020131721803065321 0.080365198091481516 -0.016890965304848012 -0.015828120794257775 -0.026438255987731481 -0.0060541235995814806 -0.0072221394825800955 0.048942015114116263 0.0030107330381509067 0.00023755969872136273 0.042074979468700945 -0.023704803409785567
leaf_weight=13.15871280338615 15.575507949106393 3.5992052853107444 8.2302922550588828 3.0062822792679071 1.1841403748840091 29.315658033359796 10.18823472317308 1.5567007064819334 15.586395760998128 3.8639154322445419 621.44706722861156 415.43868674151599 2.6988131888210765 14.383241053204982
leaf_count=474 675 75 598 46 74 465 97 29 747 30 5881 4220 30 266
internal_value=0.000523372 0.000770904 0.00100542 0.0264387 0.054923 0.000805586 0.000978115 -0.00734681 0.00467042 0.0346651 0.00137832 -0.000914783 -0.000253967 -0.000616792
internal_weight=1159.23 1143.66 1130.5 7.78963 4.19042 1122.71 1114.48 50.3227 21.007 5.42062 1064.16 442.709 432.521 429.822
internal_count=13707 13032 12558 195 120 12363 11765 1271 806 59 10494 4613 4516 4486
is_linear=0
shrinkage=0.03


Tree=186
num_leaves=15
num_cat=0
split_feature=3 5 1 0 2 2 5 0 1 3 2 4 7 3
split_gain=7.12291 5.74594 5.63182 14.7181 11.2389 11.8551 8.34028 7.79784 7.7555 13.1755 8.22927 14.6671 11.1869 10.4743
threshold=2.0344679931109422 3.219794869422913 -9.6099999999999941 8.9187500000000046 24.670000000000009 13.830000000000005 28.595915794372562 15.087083333333338 0.48000000000000548 2.2886738732175314 29.460000000000008 67.277502390347863 28.850000000000005 2.9421122609584889
decision_type=2 2 2 2 2 2 2 2 2 2 2 2 2 2
left_child=1 -1 3 4 5 -2 -7 -4 9 -9 11 -10 13 -12
right_child=2 -3 7 -5 -6 6 -8 8 10 -11 12 -13 -14 -15
leaf_value=0.042656612223326659 0.030423639591462312 -0.023527869925912 0.0033337006255343858 -0.026368344733879574 0.0027161038559763398 0.023299432097419415 -0.015946692279487924 0.031726553668614543 -0.041299348938881653 -0.025436864713703655 0.0016766790593434934 -0.0021675472291533102 0.015623303291326704 -0.018464153459452844
leaf_weight=0.36837667273357411 5.0150063112378112 15.331070179585366 596.64278323017061 22.089131224900484 185.16323245782405 4.34770568832755 73.613285679835826 3.3630903735756901 10.845211505889891 24.267367430962622 122.76117070810869 32.113584281876683 39.553892891388386 27.627679384779185
leaf_count=10 92 755 6007 210 1409 59 1120 80 106 339 1374 285 551 1376
internal_value=-6.15826e-05 -0.0195135 0.00022133 -0.00338367 -0.00139927 -0.0105058 -0.0134907 0.00144446 -0.00287829 -0.017614 -0.00106227 -0.0127614 0.00163666 -0.00212088
internal_weight=1163.1 15.6994 1147.4 290.228 268.139 82.976 77.961 857.175 260.532 27.6305 232.902 42.9588 189.943 150.389
internal_count=13773 765 13008 2890 2680 1271 1179 10118 4111 419 3692 391 3301 2750
is_linear=0
shrinkage=0.03


Tree=187
num_leaves=15
num_cat=0
split_feature=1 5 7 5 7 4 1 7 7 3 5 8 5 3
split_gain=5.60406 7.61623 10.7568 7.94514 8.09412 6.49545 6.35855 10.187 6.29347 5.86814 8.33938 7.09246 5.76466 7.88804
threshold=-16.629999999999992 28.595915794372562 64.550000000000026 95.991077423095717 48.550000000000004 82.451524733846171 -15.079999999999995 79.450000000000017 19.450000000000006 2.3468222213590955 1244.619079589844 24.850000000000005 151.088005065918 3.0053006563276736
decision_type=2 2 2 2 2 2 2 2 2 2 2 2 2 2
left_child=1 -1 3 -3 -5 -6 7 8 -2 10 -8 -12 13 -11
right_child=6 2 -4 4 5 -7 9 -9 -10 12 11 -13 -14 -15
leaf_value=0.043424732132753996 -0.015741163917887498 0.016175846280946253 -0.032065248654490619 -0.0016031709205274964 -0.027752459602529488 0.023588080418417173 -0.017918521521153079 -0.026814477176770414 0.025912872067446444 0.0061512533653770053 -0.0087937078273087489 0.049756162177235962 -0.0011422173562963401 -0.0039123414022689531
leaf_weight=1.6982079101726402 3.0889440421015086 13.91374798864126 13.232253288384525 56.450469643808901 20.020270053297285 1.7186859222128976 30.094899412244558 3.8905459567904463 23.387709677219391 275.21513645071536 3.5413649184629312 2.4215857125818729 611.98354743979871 93.167087520472705
leaf_count=38 86 68 425 859 265 36 1017 36 138 3164 126 58 5916 1549
internal_value=-5.99264e-05 -0.00656544 -0.00777217 -0.00397512 -0.00771995 -0.0228346 0.000610889 0.0139143 0.0206572 0.000200143 -0.0115189 0.0187147 0.000642467 0.00360238
internal_weight=1153.82 107.034 105.335 92.1032 78.1894 21.739 1046.79 30.3672 26.4767 1016.42 36.0579 5.96295 980.366 368.382
internal_count=13781 1691 1653 1228 1160 301 12090 260 224 11830 1201 184 10629 4713
is_linear=0
shrinkage=0.03


Tree=188
num_leaves=15
num_cat=0
split_feature=5 0 1 7 3 3 0 1 0 8 3 7 0 3
split_gain=6.51033 9.36691 12.0863 10.6996 8.62125 7.59141 7.43529 7.40661 9.94454 9.36067 8.00276 7.09143 8.57086 7.04514
threshold=86.323806762695327 10.379583333333338 -0.59999999999999842 67.050000000000026 2.8031360556287286 2.5393897166869195 6.2187500000000044 -10.769999999999996 15.749166666666673 38.650000000000013 2.8195373548239311 110.35000000000002 8.9187500000000046 3.3957507652705003
decision_type=2 2 2 2 2 2 2 2 2 2 2 2 2 2
left_child=1 4 5 -4 -1 -3 -6 11 9 13 -10 12 -2 -9
right_child=7 2 3 -5 6 -7 -8 8 10 -11 -12 -13 -14 -15
leaf_value=0.019579692779598097 -0.0025437003665122297 0.011237669337830842 0.0070895675692318784 -0.02530723363480291 -0.021243619340815516 -0.021632293059464573 0.0077954971718964972 0.0029340636569882097 -0.00089461860368149218 -0.027544224497967652 -0.014632466425875656 -0.022395858150625555 -0.025362600693915955 -0.028840185875623772
leaf_weight=51.22256129514426 181.02303864527494 7.2498870138078919 103.23671677475795 9.081192269921301 9.0708074951544386 30.349954389035702 36.499434258788824 519.32906602695584 93.05114976502955 8.4711964912712556 63.864034987054765 21.121101691387594 15.171074697747825 5.3636559173464766
leaf_count=576 2030 60 1846 140 87 212 576 4619 1501 52 1590 249 232 26
internal_value=-0.000277264 0.00403411 -0.000673186 0.00426999 0.0112574 -0.0151675 0.00168319 -0.00145263 7.09211e-05 0.00202611 -0.00654314 -0.0062688 -0.00442788 0.00255501
internal_weight=1154.1 246.711 149.918 112.318 96.7928 37.5998 45.5702 907.394 690.079 533.164 156.915 217.315 196.194 524.693
internal_count=13796 3497 2258 1986 1239 272 663 10299 7788 4697 3091 2511 2262 4645
is_linear=0
shrinkage=0.03


Tree=189
num_leaves=15
num_cat=0
split_feature=0 2 5 0 4 1 2 4 2 5 1 0 0 2
split_gain=9.27928 6.67168 16.7046 6.90766 6.88655 12.8606 10.115 9.93682 7.09472 6.63789 8.73807 18.2779 10.8503 12.7305
threshold=17.868750000000009 32.630000000000017 401.55863952636724 17.745416666666674 62.845155557268036 2.790000000000004 25.310000000000009 39.528311884913158 31.930000000000003 134.22866058349612 -4.3799999999999963 7.000833333333337 5.5687500000000023 16.430000000000007
decision_type=2 2 2 2 2 2 2 2 2 2 2 2 2 2
left_child=1 4 3 -3 5 6 -1 8 -8 -6 11 12 13 -11
right_child=-2 2 -4 -5 9 -7 7 -9 -10 10 -12 -13 -14 -15
leaf_value=-0.022369387058889311 -0.0083365767032386445 -0.0065649391082149931 0.01905471726551413 0.029093679266126701 0.0044298343679002091 -0.040203474495234863 0.063977551638526781 -0.0016166090893428593 -0.015949255761870992 0.0262264934889294 0.0027732366498687904 -0.013981843008018626 0.013476322577115292 -0.0067950468839139931
leaf_weight=20.219600744079798 113.11718179425225 55.863655418157578 56.042194847017527 4.3608854692429295 286.71498296270147 8.7381407059729082 2.5957674402743574 74.738685954362154 0.91612142696976651 10.714876044075934 254.60090427473187 115.21546517312527 47.683118775486946 101.96699954336509
leaf_count=441 3497 484 537 27 3328 68 55 674 21 68 2445 717 330 1097
internal_value=-0.000215491 0.000674653 0.00741544 -0.00354986 -0.000180541 -0.00729268 -0.0039974 0.000972205 0.0442138 0.000760621 -0.00122824 -0.00492176 0.00163384 -0.00345196
internal_weight=1153.49 1040.37 116.267 60.2245 924.105 107.208 98.4702 78.2506 3.51189 816.896 530.181 275.58 160.365 112.682
internal_count=13789 10292 1048 511 9244 1259 1191 750 76 7985 4657 2212 1495 1165
is_linear=0
shrinkage=0.03


Tree=190
num_leaves=15
num_cat=0
split_feature=7 6 2 0 0 2 3 2 3 0 0 1 2 1
split_gain=5.36268 9.0599 7.23203 7.37514 5.56058 6.04471 5.67355 6.59455 5.40928 5.21028 4.81463 13.1725 10.4259 15.9334
threshold=137.85000000000005 4.7500000000000009 13.830000000000005 0.5754166666666698 22.895000000000007 39.550000000000018 3.5041390522533491 33.730000000000011 3.0620815993800359 10.102500000000004 15.61791666666667 3.5900000000000025 28.980000000000008 8.6300000000000043
decision_type=2 2 2 2 2 2 2 2 2 2 2 2 2 2
left_child=2 -2 -1 -4 5 10 -6 -8 -3 -10 -5 -12 -13 -14
right_child=1 8 3 4 6 -7 7 -9 9 -11 11 12 13 -15
leaf_value=0.030215161503120147 0.011205579242375981 -0.025648866069457901 -0.027134078640434232 0.0019120616013505347 -0.022249631105627436 0.025958534308360117 0.049859590537309734 -0.019922843670172642 0.0044144681260690878 -0.033594462745174462 -0.01348503864090791 -0.013368297493265143 0.0029720425355581419 0.044310432864075024
leaf_weight=6.459859497845172 14.245026203803716 22.037490582559258 7.5781253227032712 835.52919520623982 15.586872662417592 7.7230294574983409 1.5095252394676202 1.581001568585634 14.98066256940365 3.0858875727280966 72.020571281667799 29.856587616726756 106.29351760586724 8.1304458151571435
leaf_count=98 138 292 570 8045 1785 152 27 57 93 29 901 298 975 204
internal_value=0.000316065 -0.00879461 0.000777023 0.000574244 0.000793948 0.00108642 -0.0150095 0.018018 -0.0159985 -0.00349917 0.000879311 -0.00310045 0.00214038 0.00626781
internal_weight=1146.62 54.3491 1092.27 1085.81 1078.23 1059.55 18.6774 3.09053 40.104 18.0666 1051.83 216.301 144.281 114.424
internal_count=13664 552 13112 13014 12444 10575 1869 84 414 122 10423 2378 1477 1179
is_linear=0
shrinkage=0.03


Tree=191
num_leaves=15
num_cat=0
split_feature=6 5 1 3 1 4 2 2 4 4 2 3 0 4
split_gain=5.59937 5.44075 8.78652 6.2442 14.2612 7.23754 6.63007 5.65886 5.77422 8.88881 5.38258 5.28962 7.40901 7.30427
threshold=8.0500000000000025 97.894454956054702 -19.169999999999991 2.8689088065662753 -1.9299999999999966 58.525117042264803 29.29000000000001 20.830000000000009 79.587957923530652 78.398231687566934 23.850000000000012 3.4484401491963586 16.607916666666672 72.157196671827663
decision_type=2 2 2 2 2 2 2 2 2 2 2 2 2 2
left_child=1 3 -3 5 -5 -1 -6 -7 9 -9 -11 12 13 -8
right_child=-2 2 -4 4 6 7 11 8 -10 10 -12 -13 -14 -15
leaf_value=-0.015470557818623812 -0.016971474892820439 -0.013424705871924196 -6.9065356447016533e-05 -0.017439974668786416 0.012875597967253518 -0.0272981896992723 0.025487194669714292 0.010217891951600045 0.024932053606371754 0.00040361354503815245 -0.044209927045830273 0.029881337644919768 -0.017414456685546469 -0.015672077908022088
leaf_weight=10.206083130091427 15.981593317817895 45.895799613092095 811.53566350508481 33.537589732557535 46.717395752668381 2.7161405654624096 8.7538281567394716 115.11504821339622 20.600350714288652 5.3851705659180862 3.4143084799870849 2.8734185439534476 22.51583638228476 5.5828540548682204
leaf_count=200 692 1023 8245 242 824 65 57 978 395 102 51 73 780 49
internal_value=0.000128001 0.000383535 -0.00079876 0.00402746 -0.00112651 0.00793756 0.00532972 0.00965364 0.010531 0.00795642 -0.019652 -0.00364244 -0.00697668 0.00948254
internal_weight=1150.83 1134.85 857.431 277.418 119.981 157.437 86.4433 147.231 144.515 123.915 8.79948 39.7259 36.8525 14.3367
internal_count=13776 13084 9268 3816 2025 1791 1783 1591 1526 1131 153 959 886 106
is_linear=0
shrinkage=0.03


Tree=192
num_leaves=15
num_cat=0
split_feature=1 0 1 7 1 8 3 8 2 0 2 5 8 1
split_gain=5.08132 5.38511 11.6516 13.9615 10.7028 9.96594 9.40028 7.87942 12.9961 8.96379 18.677 8.59504 13.1691 8.56374
threshold=-22.949999999999992 15.18166666666667 -0.59999999999999842 71.65000000000002 4.7500000000000027 40.050000000000004 2.4823160715771224 16.450000000000006 23.210000000000012 11.32083333333334 31.780000000000001 129.18057250976565 33.050000000000004 -3.719999999999994
decision_type=2 2 2 2 2 2 2 2 2 2 2 2 2 2
left_child=-1 2 5 4 6 7 -4 8 -2 -9 -11 13 -13 -12
right_child=1 -3 3 -5 -6 -7 -8 9 -10 10 11 12 -14 -15
leaf_value=-0.018298091690042605 0.0043768996166634036 -0.0032828731659757687 -0.025391274563685361 -0.0086853634651842902 -0.027222599571820199 -0.029302248310768077 0.015552856572938464 0.0037970719448290149 -0.014392956647113559 -0.01647836805872618 -0.035620601913791065 0.024744924121355819 -0.01889925640665286 0.011890020420853981
leaf_weight=12.116480166092513 58.259277652017772 261.7188615645282 4.36826417595148 33.945137416943908 4.9769273232668629 9.3946955204009992 134.93512582778931 439.67290324158967 75.061886368319392 62.045115664601326 6.0040389858186245 28.219821212813258 7.1097261924296609 5.9288851842284185
leaf_count=771 603 4586 42 346 46 55 2106 3699 633 449 58 257 66 41
internal_value=0.000267533 0.000482295 0.00161753 0.00843437 0.0124942 -0.000148571 0.0140971 0.000295146 -0.0062193 0.00188563 -0.0057676 0.00834336 0.0156835 -0.0129208
internal_weight=1143.76 1131.64 869.922 178.225 144.28 691.696 139.303 682.302 133.321 548.98 109.308 47.2625 35.3295 11.9329
internal_count=13758 12987 8401 2540 2194 5861 2148 5806 1236 4570 871 422 323 99
is_linear=0
shrinkage=0.03


Tree=193
num_leaves=15
num_cat=0
split_feature=1 1 7 2 5 4 2 1 4 3 7 4 8 3
split_gain=5.98816 6.94763 4.68554 6.66491 4.53873 4.34103 4.61519 13.0813 10.9239 10.316 8.93268 7.15167 7.69802 6.80013
threshold=23.110000000000007 10.730000000000004 7.2500000000000009 39.550000000000018 3470.7541503906255 86.085062248403489 23.43000000000001 -12.019999999999996 63.22463668737057 2.8941332216415412 22.650000000000006 77.877763375646751 15.050000000000002 2.9991522989611203
decision_type=2 2 2 2 2 2 2 2 2 2 2 2 2 2
left_child=1 2 -1 4 5 6 7 -4 -9 10 -10 -8 -13 -14
right_child=-2 -3 3 -5 -6 -7 11 8 9 -11 -12 12 13 -15
leaf_value=-0.015404834226705003 0.03357751731872153 -0.022547467542205945 -0.015631155230827348 0.029371458767439563 -0.023217497037714637 -0.026542480455932674 4.576872341501018e-05 -0.027359169669605679 -0.045915542643133717 0.0039828791581667999 0.022795819424056049 -0.028754097443146654 0.0047023881322022501 -0.018807176274113518
leaf_weight=16.818182783666998 3.6898516230285159 11.596932423301039 24.148822373710573 5.9579991344362488 6.5794997885823241 4.4857803322374812 845.89941608952358 6.7028453983366481 0.86018330045044322 104.685042982921 47.52463710308075 14.652836937457321 28.533313299529254 16.796363298315555
leaf_count=923 45 1194 537 167 272 97 7899 54 10 1101 723 184 401 147
internal_value=-0.000252272 -0.000391682 -0.000143171 0.000102425 -8.24939e-05 7.76777e-05 0.000211482 0.00453073 0.00765637 0.0093573 0.0206693 -0.000669485 -0.0105916 -0.00422671
internal_weight=1138.93 1135.24 1123.64 1106.83 1100.87 1094.29 1089.8 183.922 159.773 153.07 48.3848 905.882 59.9825 45.3297
internal_count=13754 13709 12515 11592 11425 11153 11056 2425 1888 1834 733 8631 732 548
is_linear=0
shrinkage=0.03


Tree=194
num_leaves=15
num_cat=0
split_feature=5 0 3 8 8 0 2 3 4 4 4 3 0 2
split_gain=6.11158 6.1039 6.17551 6.29198 5.98326 9.21046 7.13065 11.5169 13.1624 11.4271 10.4714 13.5015 8.87472 11.302
threshold=3470.7541503906255 19.478750000000005 3.4484401491963586 41.750000000000007 32.250000000000007 8.172916666666671 33.050000000000018 2.9315799033948049 50.040024129114492 43.595671393729511 59.599562818540527 2.4703222665607396 13.802500000000004 31.060000000000002
decision_type=2 2 2 2 2 2 2 2 2 2 2 2 2 2
left_child=1 4 3 -3 6 -6 9 8 -8 -1 12 -12 13 -11
right_child=-2 2 -4 -5 5 -7 7 -9 -10 10 11 -13 -14 -15
leaf_value=0.034475173470978809 -0.02764112464462911 -0.017819832753170749 0.020846395264982394 0.018296895965617965 0.011703317287788617 -0.0089159020484136705 -0.0084300082567583395 -0.020787860866570765 0.018658821805091045 -0.016843834939735132 -0.034270386412935103 0.001320873225255472 -0.031086199242114154 0.015053979794089822
leaf_weight=7.7399165695533148 6.285472043324261 38.685209118761122 4.2081814655102781 4.0617280919104806 22.5646235300228 114.34281268529594 20.478481460362673 9.6664367439225298 67.443480432033539 25.214368510991335 8.7119724121876043 783.57391946809366 15.398728875443338 15.216827128082512
leaf_count=159 275 2653 143 118 191 953 400 146 406 343 110 7547 155 129
internal_value=-0.000251702 -7.61812e-05 -0.0105515 -0.0140483 0.000384185 -0.00545729 0.00122782 0.00886797 0.0123255 0.00034732 -4.36598e-06 0.000886805 -0.0124441 -0.00476507
internal_weight=1143.59 1137.31 46.9551 42.7469 1090.35 136.907 953.444 97.5884 87.922 855.856 848.116 792.286 55.8299 40.4312
internal_count=13728 13453 2914 2771 10539 1144 9395 952 806 8443 8284 7657 627 472
is_linear=0
shrinkage=0.03


Tree=195
num_leaves=15
num_cat=0
split_feature=7 6 0 0 8 8 5 4 7 5 2 4 8 0
split_gain=6.22648 7.98963 8.75972 8.82168 6.06937 5.81912 5.26155 5.01787 5.62529 4.61445 4.403 6.19487 4.61531 4.87006
threshold=18.950000000000006 7.0500000000000016 10.899166666666671 16.857916666666675 38.850000000000016 38.050000000000004 3470.7541503906255 60.845749082720452 40.250000000000007 692.73147583007824 32.630000000000017 59.245239167123209 28.050000000000004 16.024583333333339
decision_type=2 2 2 2 2 2 2 2 2 2 2 2 2 2
left_child=1 -1 -3 10 6 -5 -2 -6 -9 -7 11 -4 -12 -14
right_child=4 2 3 5 7 9 -8 8 -10 -11 12 -13 13 -15
leaf_value=-0.013286498727406164 0.0010760796177439467 -0.018565050942255711 -0.018092196962281586 -0.01229058511319253 0.023776211975431002 -0.0024537179528671231 -0.026970936067816219 -0.028594876920480679 0.011806121580105924 0.041696467117089381 0.024775193051157485 0.010149003130256549 -0.0078385292515971081 0.029487812433034416
leaf_weight=70.877089195884764 923.79881698079407 20.100042460951954 9.4056821614503878 38.138387320097536 1.7543584955856228 5.2068002922460428 5.0602777437306932 14.18810934899375 3.3009795332327476 2.4898455608636141 21.821955660358071 20.308723634108901 10.454947965219615 3.3455749396234742
leaf_count=1410 9404 443 105 1348 17 155 197 134 45 12 236 163 128 37
internal_value=-0.000479502 -0.00524589 -0.000836927 0.00250527 0.000541216 -0.00748903 0.000894443 -0.0157106 -0.0207433 0.014981 0.00952367 0.000911646 0.0164863 0.00259123
internal_weight=1150.25 202.149 131.272 111.172 948.103 45.835 928.859 19.2434 17.4891 7.69665 65.3369 29.7144 35.6225 13.8005
internal_count=13834 4037 2627 2184 9797 1515 9601 196 179 167 669 268 401 165
is_linear=0
shrinkage=0.03


Tree=196
num_leaves=15
num_cat=0
split_feature=7 1 0 8 8 3 7 4 4 0 3 5 7 1
split_gain=5.70553 4.90464 10.2337 13.4141 10.1145 8.77114 9.96514 8.68069 12.09 5.76355 9.6399 8.36921 6.98196 6.30528
threshold=6.9500000000000011 -9.6099999999999941 8.6320833333333393 25.650000000000006 24.450000000000006 2.618100417062156 32.150000000000013 54.901478245972619 52.078971753194189 5.1554166666666701 3.0315821457892791 28.595915794372562 103.75000000000001 -11.489999999999995
decision_type=2 2 2 2 2 2 2 2 2 2 2 2 2 2
left_child=-1 2 3 9 -4 7 -7 8 -5 11 12 -2 -11 -13
right_child=1 -3 4 5 -6 6 -8 -9 -10 10 -12 13 -14 -15
leaf_value=-0.017995100572253512 0.023327280847521708 0.0014665036497633823 0.007344876966282967 -0.019901269521715285 -0.030243716673902757 -0.017957353972806227 0.016826478247814493 -0.0080590847480998592 0.072774449189691795 0.010496523465929239 -0.024421124406838034 -0.01780296226723109 -0.03078556137152785 0.0036433786029021601
leaf_weight=14.515964444726704 4.8457717588171354 850.32699088379741 8.6263845693320054 1.6220046509988599 21.058472618460655 7.5496652415022245 63.494373955763876 41.297311396338046 1.9462649021297691 39.830040611326694 10.079371772706507 70.076319680549204 3.0862082913517943 14.560857772827147
leaf_count=879 59 9873 116 64 206 55 499 283 23 347 47 1211 27 90
internal_value=7.43317e-05 0.00032033 -0.00305629 -0.0011067 -0.0194371 0.0064412 0.0129321 -0.00389499 0.0355127 -0.00724918 0.000596466 -0.011851 0.00689442 -0.0141139
internal_weight=1152.92 1138.4 288.073 258.388 29.6849 115.91 71.044 44.8656 3.56827 142.479 52.9956 89.4829 42.9162 84.6372
internal_count=13779 12900 3027 2705 322 924 554 370 87 1781 421 1360 374 1301
is_linear=0
shrinkage=0.03


Tree=197
num_leaves=15
num_cat=0
split_feature=2 7 5 1 3 3 2 2 1 7 8 2 2 7
split_gain=4.31157 13.0109 8.14679 4.81866 10.7585 7.59374 7.42573 5.91486 5.23785 8.64761 7.95241 8.56262 17.4105 7.18105
threshold=13.830000000000005 90.250000000000014 1946.307800292969 -6.1699999999999964 2.8941332216415412 2.0344679931109422 16.430000000000007 15.850000000000007 -9.6099999999999941 15.050000000000002 29.450000000000006 24.150000000000009 25.190000000000008 35.95000000000001
decision_type=2 2 2 2 2 2 2 2 2 2 2 2 2 2
left_child=1 -1 3 4 8 -5 -6 -7 -2 -10 11 -11 -13 -14
right_child=2 -3 -4 5 6 7 -8 -9 9 10 -12 12 13 -15
leaf_value=0.042307418096711118 -0.0021083793006286679 -0.033750190256664071 -0.014978030232021952 -0.028062592578185545 0.02589087746161076 -0.037975950171171391 -0.013116816779967304 0.0019001773460956837 -0.021875698045268385 0.02359261589402218 0.03309422144975363 -0.041553534432329703 -0.011355603523333514 0.018496631110750193
leaf_weight=5.6744724214076987 236.2568165641278 2.0430786460638046 33.249940359964967 6.7989222048781803 3.6994798555970183 2.3659162148833266 93.32192936912179 691.90986668504775 7.2875029183924189 15.550234388560055 10.798941642045973 7.0518875755369654 10.439194537699224 19.342936530709267
leaf_count=87 2399 11 544 503 16 13 631 8978 101 176 70 70 62 176
internal_value=-0.000407808 0.0206107 -0.00056831 -0.000121493 -0.00272841 0.00138158 -0.0113805 0.00170987 3.64293e-05 0.00715591 0.0107931 0.00566189 -0.00233143 0.00800389
internal_weight=1145.79 7.71755 1138.07 1104.82 403.749 701.075 97.0214 694.276 306.728 70.4707 63.1832 52.3843 36.834 29.7821
internal_count=13837 98 13739 13195 3701 9494 647 8991 3054 655 554 484 308 238
is_linear=0
shrinkage=0.03


Tree=198
num_leaves=15
num_cat=0
split_feature=7 6 7 8 6 7 7 6 0 7 8 2 4 2
split_gain=5.63269 16.9109 8.30096 11.7581 14.2412 13.4265 11.5774 7.31125 7.26121 7.10122 9.35975 8.69777 8.65968 13.8318
threshold=139.95000000000002 4.7500000000000009 32.150000000000013 27.250000000000004 6.4500000000000011 31.550000000000004 30.950000000000006 5.4500000000000011 6.4387500000000033 9.0500000000000025 25.750000000000004 33.910000000000011 72.601595779063814 26.230000000000008
decision_type=2 2 2 2 2 2 2 2 2 2 2 2 2 2
left_child=2 -2 3 5 -5 6 7 -1 -6 10 -9 12 13 -11
right_child=1 -3 -4 4 8 -7 -8 9 -10 11 -12 -13 -14 -15
leaf_value=-0.016979099523075646 0.018130778420936203 -0.020896013587076365 0.0027315038982321316 -0.020184250347052051 -0.030750076756686437 -0.040103154711472855 0.03492357937364144 -0.024103371975253453 -0.0019531188609435669 -0.029834945820705033 0.032664777426932488 0.015453638605865428 0.011462912045908906 0.00047535204105335241
leaf_weight=17.498505262192339 12.923346146941183 35.263764697127044 542.2894912166521 58.576025343034416 7.2641414371319106 5.8583148261532179 8.5119487755000574 15.207621042616667 174.92507042223588 13.974958647973834 2.2176135340705505 46.028027811087668 53.561588738579303 142.09868498845026
leaf_count=317 123 378 5604 994 117 67 89 770 2248 255 109 636 870 1174
internal_value=-0.000343485 -0.0102736 0.00010534 -0.00250453 -0.00744616 0.0014085 0.0023525 0.00128192 -0.00326289 0.00250969 -0.0154981 0.00379265 0.00117112 -0.00241132
internal_weight=1136.2 48.1871 1088.01 545.723 240.765 304.957 299.099 290.587 182.189 273.088 17.4252 255.663 209.635 156.074
internal_count=13751 501 13250 7646 3359 4287 4220 4131 2365 3814 879 2935 2299 1429
is_linear=0
shrinkage=0.03


Tree=199
num_leaves=15
num_cat=0
split_feature=0 2 3 5 5 4 2 2 3 2 8 8 5 0
split_gain=8.21288 6.21214 8.82727 11.2115 10.6076 9.48234 9.97374 8.6383 7.98844 7.68811 9.2356 7.5606 7.53239 9.98471
threshold=15.18166666666667 31.780000000000001 2.623569721740374 1244.619079589844 617.37762451171886 79.054296055094554 16.430000000000007 16.430000000000007 2.9530392939755932 26.570000000000007 22.350000000000005 32.650000000000013 129.18057250976565 10.615000000000004
decision_type=2 2 2 2 2 2 2 2 2 2 2 2 2 2
left_child=1 2 3 -1 7 6 8 -4 -6 -5 -11 12 -3 -14
right_child=-2 11 4 9 5 -7 -8 -9 -10 10 -12 -13 13 -15
leaf_value=-0.01451823652058218 -0.0052119899832144129 -0.0057552117694862782 -0.030364312217068697 -0.012198861566498879 -0.015722931991614911 -0.039288690140156006 -0.0067474350340946902 0.0033740174600943142 0.040659677364907686 -0.0039014006195993568 0.050451812755802433 -0.0057682333932982943 -0.0092506551333146943 0.02422052884299996
leaf_weight=67.237376391422004 251.91055284813046 14.200484428554772 5.922237808816134 6.4355776077136424 2.6168423662893456 6.4479398322291663 120.62134232791141 559.35027801105753 6.4226650353521109 4.6803331794217211 5.5818317728117108 24.837828256189823 9.1816364768892509 44.467690531164408
leaf_count=614 4545 105 34 273 75 65 904 6199 30 97 72 187 139 391
internal_value=-0.000448296 0.000922843 5.16823e-05 -0.00908326 0.00115625 -0.00633304 -0.00440604 0.00296755 0.0243972 0.0123857 0.0275173 0.00822461 0.0133564 0.0184278
internal_weight=1129.91 878.004 785.316 83.9351 701.381 136.109 129.661 565.273 9.03951 16.6977 10.2622 92.6876 67.8498 53.6493
internal_count=13730 9185 8363 1056 7307 1074 1009 6233 105 442 169 822 635 530
is_linear=0
shrinkage=0.03


Tree=200
num_leaves=15
num_cat=0
split_feature=0 1 2 4 2 8 3 5 1 2 2 3 3 4
split_gain=5.34718 8.10253 13.7987 11.5594 8.14706 9.15629 13.6445 8.83733 9.31677 7.74781 7.54715 7.32751 6.76363 7.14752
threshold=16.722916666666674 3.5900000000000025 38.530000000000015 51.610016136662914 28.980000000000008 22.350000000000005 2.7381381513186649 520.71606445312511 23.110000000000007 31.130000000000006 35.310000000000009 3.1989813056003746 3.1296479655739806 59.838763542305976
decision_type=2 2 2 2 2 2 2 2 2 2 2 2 2 2
left_child=-1 2 -2 -3 -5 12 10 8 -8 -9 -7 -11 13 -6
right_child=1 3 -4 4 5 6 7 9 -10 11 -12 -13 -14 -15
leaf_value=0.0013797447443136142 -0.024704895766539468 -0.028728521445392632 0.016510929305689509 -0.015191267175812975 -0.0049690367418991944 0.0078577484808312805 -0.018214174299088726 -0.016905834659819426 0.027442065822672373 0.013703640678243026 0.042970324223019538 0.097329636212988777 -0.020850464283814936 0.037992333472467332
leaf_weight=967.3714231448248 32.25302872620523 11.036463344935326 8.6088633830659074 19.52041678596288 4.2227692771703067 25.261804706417028 39.389931967481971 2.3383370102383187 3.5791872292757025 3.2770225438289349 6.2964297872968009 0.61921621253713954 2.1280049495398989 14.477789924945681
leaf_count=9837 575 673 174 232 90 137 1266 90 44 153 120 56 152 166
internal_value=0.00051012 -0.00433232 -0.0158345 -0.000683477 0.00208652 0.00552213 0.000851898 -0.00896818 -0.0138735 0.0220844 0.015968 0.0441581 0.0227621 0.0285314
internal_weight=1140.38 173.009 40.8619 132.147 121.111 101.59 80.7619 49.2037 42.9691 6.23458 31.5582 3.89624 20.8286 18.7006
internal_count=13765 3928 749 3179 2506 2274 1866 1609 1310 299 257 209 408 256
is_linear=0
shrinkage=0.03


Tree=201
num_leaves=15
num_cat=0
split_feature=0 3 3 2 2 7 0 1 3 3 4 7 2 3
split_gain=7.36639 5.25543 5.19303 10.2345 9.00982 7.09382 6.84101 8.12871 6.47777 6.29393 8.41383 7.50625 5.88202 5.68123
threshold=22.895000000000007 3.4484401491963586 2.5310699015428226 36.490000000000016 27.390000000000004 12.950000000000001 21.943750000000005 9.5000000000000053 2.6396358757844824 1.8241256582029706 41.3693692444185 9.0500000000000025 30.740000000000009 1.6306310536445865
decision_type=2 2 2 2 2 2 2 2 2 2 2 2 2 2
left_child=2 -2 4 5 -1 -4 -7 -8 -5 11 -11 -6 -9 -13
right_child=1 -3 3 8 9 6 7 12 -10 10 -12 13 -14 -15
leaf_value=-0.025864345030426814 -0.026081209147226007 0.011443262432823752 -0.013613411290568955 -0.0034806764594948656 -0.0060928700578358466 0.0012514673517512852 -0.014944507183251665 -0.0086429634010072882 0.032108442716497668 -0.028616724969908372 2.1463629595876838e-05 0.0079046221004180524 0.10022760183826375 0.089829678076635014
leaf_weight=15.780934832990168 14.165282512549313 3.6877543609589329 28.191319585777819 6.2778000999242094 3.0909347711130968 964.39139991579577 0.94790662545710747 0.39387855213135459 14.565345952287315 9.7932592942379397 63.862290556542575 1.5746605191379788 0.85219495743513107 1.0040197810158131
leaf_count=366 1804 116 405 51 171 9335 55 26 106 347 804 41 53 29
internal_value=0.000461898 -0.0181343 0.000776843 0.00140632 -0.00588992 0.000959297 0.00139795 0.0452361 0.0217207 -0.00164368 -0.00411859 0.0263054 0.0772877 0.0559905
internal_weight=1128.58 17.853 1110.73 1015.62 95.1061 994.777 966.585 2.19398 20.8431 79.3252 73.6555 5.66962 1.24607 2.57868
internal_count=13709 1920 11789 10031 1758 9874 9469 134 157 1392 1151 241 79 70
is_linear=0
shrinkage=0.03


Tree=202
num_leaves=15
num_cat=0
split_feature=5 2 5 8 4 5 3 4 2 1 4 2 4 2
split_gain=4.83774 10.4456 7.53451 4.50493 10.354 10.8353 9.77737 9.02915 8.76327 7.02471 7.70611 7.05129 11.6822 6.79947
threshold=2437.5661621093755 13.830000000000005 3933.8288574218755 30.150000000000006 57.343016267870176 226.14455413818362 2.0869645607831915 71.804206879021606 33.730000000000011 8.4700000000000042 77.397088820913254 29.460000000000008 66.496895921107154 35.930000000000014
decision_type=2 2 2 2 2 2 2 2 2 2 2 2 2 2
left_child=3 2 -2 -1 6 8 -5 -7 9 11 -11 -6 -13 -8
right_child=1 -3 -4 4 5 7 13 -9 -10 10 -12 12 -14 -15
leaf_value=0.0015552040032918264 0.053774068636235239 -0.026884114257177971 -0.018901409065112087 -0.026061079816427364 0.01033930117244931 -0.02004625670144539 0.029610792788428729 0.0027418770220568084 -0.024152774542304942 0.049111448527858995 -0.020130717157810694 0.013094365877489415 -0.013744386285487775 0.00016226003269380058
leaf_weight=882.36516118049622 2.0745542701333792 13.525876532308756 1.5227053030394015 4.2979923053644589 40.755769276991487 59.288368400651962 17.710903389379386 20.83566881576553 11.250157415401189 4.3891814639791837 1.348391583189368 20.360014665871859 45.491948970593512 11.346887073479591
leaf_count=10444 16 348 76 173 435 631 151 384 381 64 40 103 333 230
internal_value=0.000320137 -0.0150563 0.025591 0.000568565 -0.00309469 -0.00564063 0.0121661 -0.0141596 -4.865e-05 0.00255691 0.0322662 0.000672982 -0.00537467 0.0184993
internal_weight=1136.56 17.1231 3.59726 1119.44 237.075 203.72 33.3558 80.124 123.595 112.345 5.73757 106.608 65.852 29.0578
internal_count=13809 440 92 13369 2925 2371 554 1015 1356 975 104 871 436 381
is_linear=0
shrinkage=0.03


Tree=203
num_leaves=15
num_cat=0
split_feature=3 6 0 0 8 6 6 7 6 7 7 0 7 0
split_gain=6.50521 7.89809 8.11015 7.75756 6.79891 8.93499 8.37617 6.50493 9.78766 6.18579 6.21827 5.35214 4.67326 4.58553
threshold=3.1296479655739806 5.9500000000000011 28.065000000000008 22.530833333333337 13.750000000000002 5.0500000000000016 5.2500000000000009 137.85000000000005 4.7500000000000009 41.050000000000004 93.450000000000017 8.8508333333333393 39.850000000000016 26.04333333333334
decision_type=2 2 2 2 2 2 2 2 2 2 2 2 2 2
left_child=3 2 4 7 6 12 -2 -1 -9 -7 -11 -12 -6 -3
right_child=1 13 -4 -5 5 9 -8 8 -10 10 11 -13 -14 -15
leaf_value=0.0020681644033627451 0.016780919838497273 0.022313051958713272 0.0354324128550925 -0.024149526081462706 0.0033605505526155661 -0.025141871497376438 -0.026627945512237808 0.013538927208071183 -0.020662713886232663 0.0039561345092927374 -0.041215786744605125 -0.0040373711727748557 -0.045538967388251993 -0.020379739445332841
leaf_weight=982.63127997191623 13.520537309348585 10.90425548609346 2.5314825009554616 9.6326608685776574 1.9354946450330306 16.680755456443876 4.5464510205201796 9.7895450145006162 25.058010938111693 29.2112484741956 5.1610525846481314 8.5923014483414573 10.052870308980344 1.9686750564724196
leaf_count=10336 113 229 41 1288 81 537 86 104 313 228 29 62 85 211
internal_value=0.000617952 -0.00645505 -0.00954641 0.00134731 -0.0111924 -0.0152978 0.00503369 0.00161217 -0.010945 -0.0101849 -0.00393818 -0.0198369 -0.0379933 0.0147856
internal_weight=1132.22 105.105 92.2322 1027.11 89.7007 71.6337 18.067 1017.48 34.8476 59.6454 42.9646 13.7534 11.9884 12.8729
internal_count=13743 1702 1262 12041 1221 1022 199 10753 417 856 319 91 166 440
is_linear=0
shrinkage=0.03


Tree=204
num_leaves=15
num_cat=0
split_feature=1 5 7 2 1 2 2 2 4 3 5 5 7 2
split_gain=5.93961 6.68883 11.5775 13.9434 8.02883 6.46613 11.3831 8.29112 9.93158 7.14033 6.92005 6.78397 10.099 9.01353
threshold=-9.6099999999999941 29.891889572143558 112.95000000000002 22.750000000000011 -11.489999999999995 13.830000000000005 22.990000000000013 28.190000000000008 70.495123343915992 3.0385486344804629 3933.8288574218755 580.17892456054699 41.050000000000004 27.390000000000004
decision_type=2 2 2 2 2 2 2 2 2 2 2 2 2 2
left_child=1 4 5 -4 -1 10 -7 9 -9 11 -3 12 -8 -13
right_child=-2 2 3 -5 -6 6 7 8 -10 -11 -12 13 -14 -15
leaf_value=0.036075095280785188 0.0013791526581957653 0.053594740493424518 -0.0020315811624711045 -0.041675975766100305 -0.013899331955192058 -0.02853665702663475 0.021559012603815906 -0.0057889075208085077 -0.041898863006746605 -0.021843838442373358 -0.017355409030930406 -0.022878711991794788 0.0018682749449667904 0.034562326631938534
leaf_weight=6.9425362898036838 846.86307355342433 2.6568394759669895 16.440053980331871 14.725045546423642 3.8726289160549623 13.74600562173873 29.6273742178455 63.145166821777821 6.7668582871556273 9.1336265355348569 1.2771955081261692 13.704157989006488 100.89952808944508 2.0316125657409421
leaf_count=75 10696 18 218 163 28 483 213 734 36 48 69 216 786 31
internal_value=0.000118235 -0.00362065 -0.00455816 -0.0214763 0.0185187 -0.00230915 -0.00299879 -0.00132152 -0.0098256 0.00254279 0.0317115 0.00420364 0.00646767 -0.0138406
internal_weight=1131.83 284.969 274.153 31.1651 10.8152 242.988 239.054 225.308 69.912 155.396 3.93403 146.263 130.527 15.7358
internal_count=13814 3118 3015 381 103 2634 2547 2064 770 1294 87 1246 999 247
is_linear=0
shrinkage=0.03


Tree=205
num_leaves=15
num_cat=0
split_feature=0 1 3 1 7 3 6 8 4 7 7 1 8 3
split_gain=5.49351 7.97873 5.10295 7.76 12.973 7.46502 6.33344 5.53915 5.03012 4.52055 6.93219 9.63246 7.08409 7.26775
threshold=22.727083333333344 23.110000000000007 3.1296479655739806 3.0000000000000049 54.250000000000007 3.3957507652705003 5.9500000000000011 18.950000000000006 80.783803873571614 137.85000000000005 77.750000000000014 -12.019999999999996 24.050000000000004 2.7158696936794864
decision_type=2 2 2 2 2 2 2 2 2 2 2 2 2 2
left_child=2 -2 9 4 6 -6 -4 -5 -9 10 -1 12 -12 -14
right_child=1 -3 3 7 5 -7 -8 8 -10 -11 11 -13 13 -15
leaf_value=0.00018467556436161617 -0.026032284903807452 0.020064947685725941 -0.039132853280206437 0.024298925735130379 0.0015014722333647409 -0.032490262870768435 0.002445088903819856 0.0040519550515294113 -0.036317172240959969 -0.00989970118545473 -0.017407631875871854 0.015020679858255826 0.05982471920363143 -0.016165348629361892
leaf_weight=886.47136327764019 14.385836927685888 3.529110074043273 16.488871536217633 9.3370272070169467 41.751783581450582 5.7416395768523207 3.9238982032984486 14.350831600837411 2.4020593902096143 34.827017603907734 15.621051295660438 61.462475944310427 1.4864945290610188 1.464585695415735
leaf_count=9277 1935 42 210 115 276 28 32 258 31 418 215 759 35 32
internal_value=-0.000341035 -0.0163708 -6.41637e-05 -0.00670944 -0.0120047 -0.00319316 -0.0313995 0.00700727 -0.0034559 0.000565706 0.000952659 0.00935167 -0.00921822 0.0275654
internal_weight=1113.24 17.9149 1095.33 93.9961 67.9062 47.4934 20.4128 26.0899 16.7529 1001.33 966.506 80.0346 18.5721 2.95108
internal_count=13663 1977 11686 950 546 304 242 404 289 10736 10318 1041 282 67
is_linear=0
shrinkage=0.03


Tree=206
num_leaves=15
num_cat=0
split_feature=0 2 7 3 0 2 4 5 2 4 3 5 0 5
split_gain=4.73225 4.95226 4.66081 4.21817 4.00931 5.316 6.31535 5.45013 4.88474 4.36015 13.3989 10.8006 10.7867 6.3689
threshold=22.895000000000007 39.710000000000015 9.0500000000000025 3.4484401491963586 1.9095833333333367 14.950000000000005 82.259126559788498 3933.8288574218755 14.950000000000005 81.055311417135314 3.0109441344462131 326.81074523925787 7.000833333333337 37.515192031860359
decision_type=2 2 2 2 2 2 2 2 2 2 2 2 2 2
left_child=1 2 -1 -2 5 6 7 -4 -6 -10 11 -11 -12 -14
right_child=3 -3 4 -5 8 -7 -8 -9 9 10 12 -13 13 -15
leaf_value=-0.015070519494653416 -0.02322451211093448 0.021300620158683871 0.040992156627491491 0.01034796703368508 -0.028096278734888819 -0.018818833493604453 -0.030238868956649553 -0.017662681464294248 5.965629416929097e-05 0.027560976662924373 -0.037791115747919796 -0.027315545442318276 -0.020449108478753884 0.01191538782582101
leaf_weight=17.507148795761168 13.063575249165298 8.7794887381605786 3.954007339198145 3.7857821593061081 4.3845803551375857 19.813704976346344 1.6176656060852108 1.3438112707808612 993.25144366687164 28.244632259011272 6.2331656068563452 2.8242338551208368 6.4529130067676332 19.751237144693732
leaf_count=595 1773 151 28 118 32 932 13 89 9097 549 44 33 80 214
internal_value=-0.000199457 4.60113e-05 -0.000141904 -0.0155242 0.000111963 -0.0111495 0.0104254 0.025672 0.000405859 0.000550568 0.00810858 0.0218763 -0.00533822 0.00348673
internal_weight=1131.01 1114.16 1105.38 16.8494 1087.87 26.7292 6.91548 5.29782 1061.14 1056.76 63.5062 31.0689 32.4373 26.2042
internal_count=13748 11857 11706 1891 11111 1062 130 117 10049 10017 920 582 338 294
is_linear=0
shrinkage=0.03


Tree=207
num_leaves=15
num_cat=0
split_feature=6 1 2 7 0 1 2 1 8 8 0 6 0 1
split_gain=4.94886 4.25383 5.52636 6.63857 3.56444 7.45816 4.82709 9.70279 3.52521 3.47288 8.17746 7.49989 6.63799 9.03102
threshold=8.0500000000000025 -13.839999999999995 31.610000000000003 9.3500000000000032 22.895000000000007 23.110000000000007 38.530000000000015 -0.35999999999999793 32.750000000000007 33.550000000000004 20.794166666666673 7.3500000000000014 18.735000000000003 5.4000000000000048
decision_type=2 2 2 2 2 2 2 2 2 2 2 2 2 2
left_child=4 2 -2 -4 6 -6 9 -8 -9 12 -11 -12 -1 -14
right_child=1 -3 3 -5 5 -7 7 8 -10 10 11 -13 13 -15
leaf_value=0.0012440579243675591 -0.022041090130129899 -0.027924970302002711 -0.015909534567486644 0.064240022571922697 -0.025031918524879418 0.020805530555275023 -0.023859068287704142 0.047208196487176619 0.011055034311152963 -0.006610109646386057 -0.015153734985946854 0.072011049509210362 -0.031177853854051578 0.00025558826342345813
leaf_weight=958.58335007727146 2.3897253996692589 9.287211097776888 1.0672235228121283 1.1708818990737198 11.494676771573721 3.4478639215230933 3.0769879836589107 4.9785202979110146 5.443243692163378 96.503268616273999 0.969387399964034 1.3107918193563817 12.600935960188506 20.775475420057774
leaf_count=9458 103 502 49 28 1585 39 84 61 37 833 58 19 341 526
internal_value=4.22352e-05 -0.0171246 0.00566039 0.0329109 0.000270771 -0.0138137 0.000473687 0.01767 0.0309467 0.00024488 -0.00509051 0.0416316 0.000780792 -0.0121735
internal_weight=1133.1 13.915 4.62783 2.23811 1119.18 14.9425 1104.24 13.4988 10.4218 1090.74 98.7834 2.28018 991.96 33.3764
internal_count=13723 682 180 77 13041 1624 11417 182 98 11235 910 77 10325 867
is_linear=0
shrinkage=0.03


Tree=208
num_leaves=15
num_cat=0
split_feature=0 1 2 6 1 1 2 0 7 8 7 4 8 8
split_gain=4.06116 4.85859 20.2784 7.1919 5.58145 4.26206 4.17084 4.91767 4.32505 3.84685 6.02535 7.14695 4.85836 6.02711
threshold=22.895000000000007 8.6300000000000043 29.830000000000002 5.5500000000000016 8.8300000000000036 23.110000000000007 40.870000000000012 19.478750000000005 33.250000000000007 36.550000000000004 54.250000000000007 59.245239167123209 34.95000000000001 33.650000000000013
decision_type=2 2 2 2 2 2 2 2 2 2 2 2 2 2
left_child=1 6 4 -4 -3 -2 7 9 -9 12 11 -11 13 -1
right_child=5 2 3 -5 -6 -7 -8 8 -10 10 -12 -13 -14 -15
leaf_value=3.3474780650862948e-05 -0.022859351747235208 0.021637086498527698 -0.015107896125563526 0.059693616927557869 -0.03101242603093024 0.011423214267565521 0.027585614788126579 -0.019788389608665795 0.023989015158733612 0.015991162930519588 0.024335634653893528 -0.017472994639231961 0.013379689784306618 -0.014217304131379812
leaf_weight=977.30001791939139 12.622333770617844 1.6856115898117403 0.95791690424084652 6.2328373570926487 5.6636141976341605 3.61111195385456 3.7145849708467713 17.530946668237451 1.4317734045907844 6.0185038736090055 3.537306820973753 35.099298702552915 22.722913797479123 26.460400472395122
leaf_count=9987 1860 16 57 124 131 43 66 655 43 45 45 250 205 231
internal_value=-0.000561282 -0.000336275 0.016321 0.049101 -0.0177916 -0.0150129 -0.000572404 -0.000693549 -0.0154469 -0.000418201 -0.00893899 -0.0123114 -3.91824e-05 -0.00035597
internal_weight=1124.59 1108.36 14.54 7.19075 7.34923 16.2334 1093.82 1090.1 18.9627 1071.14 44.6551 41.1178 1026.48 1003.76
internal_count=13758 11855 328 181 147 1903 11527 11461 698 10763 340 295 10423 10218
is_linear=0
shrinkage=0.03


Tree=209
num_leaves=15
num_cat=0
split_feature=5 3 0 5 6 8 5 2 8 8 3 2 6 5
split_gain=5.75572 5.64175 7.63708 5.92899 5.88983 15.3921 5.22801 8.49622 6.22684 5.26562 11.3403 8.05944 11.0768 7.11817
threshold=3011.185424804688 3.1296479655739806 21.34500000000001 -1.0172996520996092 5.1500000000000012 13.750000000000002 76.644542694091811 19.010000000000009 6.9500000000000011 17.750000000000004 2.827356347238116 25.690000000000008 4.8500000000000014 289.33708190917974
decision_type=2 2 2 2 2 2 2 2 2 2 2 2 2 2
left_child=1 2 3 -1 5 -3 7 -5 -9 10 11 12 -8 -13
right_child=-2 4 -4 6 -6 -7 9 8 -10 -11 -12 13 -14 -15
leaf_value=-0.022944445142431942 -0.022954516761603944 0.012041296322143191 -0.022227568392521307 -0.036973379630142827 -0.00180751314217048 -0.034087195662028613 0.0051887583690930746 -0.035696146466397717 0.007845118123759133 0.0017956451462672535 0.0038142509897759963 0.0082381130505820178 -0.032082005911353254 -0.017497779579259316
leaf_weight=7.875594886019825 8.4963940768502635 9.4445090973749775 11.39114857604727 3.0327694714069358 75.636499589774758 17.357710445765406 9.3246759101748449 2.0332321571186176 178.89608884695917 658.32690264191478 74.209013227373362 21.684645838104188 26.883589215576649 15.897675023414193
leaf_count=90 324 87 1488 53 1376 231 89 36 2123 6408 631 198 318 226
internal_value=0.000302591 0.000500755 0.00118337 0.00147251 -0.00617292 -0.0179841 0.00168965 0.00623872 0.00716229 0.000645341 -0.00444911 -0.0126992 -0.0226022 -0.00281977
internal_weight=1120.49 1111.99 1009.56 998.164 102.439 26.8022 990.289 183.962 180.929 806.327 148 73.7906 36.2083 37.5823
internal_count=13678 13354 11660 10172 1694 318 10082 2212 2159 7870 1462 831 407 424
is_linear=0
shrinkage=0.03


Tree=210
num_leaves=15
num_cat=0
split_feature=5 0 5 8 6 4 3 0 7 8 8 0 8 7
split_gain=5.01058 4.06104 7.08492 9.36525 14.9399 7.83677 9.55592 5.28029 7.73062 5.61728 4.64024 4.3369 7.81551 7.23179
threshold=3470.7541503906255 5.4462500000000027 1536.9753417968752 23.850000000000005 4.8500000000000014 70.702656576716251 2.5473808314219206 4.82541666666667 54.850000000000016 25.750000000000004 33.150000000000013 7.1566666666666707 17.850000000000005 139.95000000000002
decision_type=2 2 2 2 2 2 2 2 2 2 2 2 2 2
left_child=1 2 3 4 -1 6 -5 8 9 -8 -7 12 -3 -14
right_child=-2 11 -4 5 -6 10 7 -9 -10 -11 -12 -13 13 -15
leaf_value=0.0070814858752626768 -0.026766296019567769 -0.0056884524368636478 0.014813321750987613 -0.029471807669903444 -0.021048954838154946 0.016072596752987219 -0.018581487372878631 -0.022631461318367779 -0.024263786564429232 0.017159343236546228 -0.021301122619593611 0.00025016065540099338 0.013771108115599994 -0.032283069491204575
leaf_weight=23.31785040255636 5.2418611547909668 31.63498524017632 15.590133809018878 10.998274857178329 57.78452121373266 29.735455406364053 3.816069868393245 6.1106432825326911 5.4687558533623806 25.125780030153692 2.4495389470830551 833.00737109570764 71.907434979453683 2.2759550847113124
leaf_count=189 259 285 217 95 838 275 28 35 45 147 44 10591 649 29
internal_value=3.78761e-05 0.000187195 -0.00392262 -0.00577363 -0.0129734 0.00127312 -0.0059536 0.000985778 0.00570041 0.0119836 0.012672 0.000980237 0.00667128 0.0119476
internal_weight=1124.46 1119.22 180.397 164.807 81.1024 83.7045 51.5195 40.5212 34.4106 28.9418 32.185 938.826 105.818 74.1834
internal_count=13726 13467 1913 1696 1027 669 350 255 220 175 319 11554 963 678
is_linear=0
shrinkage=0.03


Tree=211
num_leaves=15
num_cat=0
split_feature=5 8 0 3 3 6 1 6 5 0 6 5 1 2
split_gain=5.20263 3.9456 6.16318 7.20408 6.84434 8.20977 5.43684 13.7461 7.34362 6.60235 11.6999 9.13762 4.58382 9.44729
threshold=3470.7541503906255 32.250000000000007 20.290833333333335 3.4484401491963586 1.8241256582029706 7.9500000000000011 6.770000000000004 7.5500000000000016 1.8911790847778323 13.206250000000006 7.0500000000000016 1049.7723388671877 -6.1699999999999964 16.430000000000007
decision_type=2 2 2 2 2 2 2 2 2 2 2 2 2 2
left_child=1 2 4 -4 5 -1 9 8 -8 -3 -11 -12 -6 -14
right_child=-2 6 3 -5 12 -7 7 -9 -10 10 11 -13 13 -15
leaf_value=-0.0038387895953434065 -0.026809928683904485 -0.00038118884798698068 -0.021659794978262391 0.025679682437185804 -0.0014318172602572651 0.065918137636366156 0.048749145996799914 0.063168171400590736 -0.014045691683076894 -0.030269396965347709 -0.0081850807557396644 0.037464981305343321 -0.032298426012409932 0.0032615701950601968
leaf_weight=2.6795486351475111 5.4134668279439202 78.000903557986021 18.00902968947776 2.5446883542463175 374.32421083841473 2.2172287236899137 1.0130498823709775 2.7071168399415901 9.1471741963177902 22.160118483472615 30.867689929436892 3.5081946719437829 5.8118648827075949 561.44115738477558
leaf_count=76 277 663 1817 80 3472 74 14 70 575 228 314 25 31 5922
internal_value=0.00013295 0.000287746 0.000985795 -0.0148793 0.00134566 0.033569 -0.0042675 0.0136855 -0.00397748 -0.00607286 -0.0137824 -0.00259895 0.00114265 0.00284104
internal_weight=1119.85 1114.43 967.028 20.5537 946.474 4.89678 147.404 12.8673 10.1602 134.537 56.536 34.3759 941.577 567.253
internal_count=13638 13361 11472 1897 9575 150 1889 659 589 1230 567 339 9425 5953
is_linear=0
shrinkage=0.03


Tree=212
num_leaves=15
num_cat=0
split_feature=8 0 3 4 3 4 3 8 7 4 5 0 6 7
split_gain=5.44409 4.14651 7.75315 6.67655 6.62817 8.8205 7.46517 6.9974 7.2559 5.83857 5.21359 5.46757 5.06707 7.05327
threshold=46.550000000000004 16.722916666666674 3.5041390522533491 73.913375157659104 2.5556022371618456 65.882388627330798 2.8568436380487197 23.050000000000004 20.050000000000004 45.655383557529547 2437.5661621093755 1.6875000000000033 6.6500000000000012 29.250000000000004
decision_type=2 2 2 2 2 2 2 2 2 2 2 2 2 2
left_child=1 9 3 4 5 -3 -6 8 -8 -1 -11 -12 -9 -14
right_child=-2 2 -4 -5 6 -7 7 12 -10 10 11 -13 13 -15
leaf_value=0.014602573472050269 -0.033164068627481696 -0.022703263974461856 0.033526039571596139 -0.023930046235174179 0.0043852213662084957 0.051399185919052653 -0.016141648898792469 -0.027983418340150279 0.02569072433845792 0.00025429600971564435 0.011227427233126872 -0.030451810119088776 -0.015148398804705625 0.031193243700177165
leaf_weight=24.263950529508293 3.5822995817288747 21.513528572395447 3.659866494126617 15.454322275705634 81.426306688226759 0.61340889008715649 5.8367705559357983 18.329148902092129 7.35777742927894 913.44075261242688 3.388029384892433 8.7065257756039482 10.949586682952939 2.9391569010913363
leaf_count=611 65 1038 89 612 669 19 201 616 122 8919 109 118 505 22
internal_value=-0.000530774 -0.000396652 -0.00472527 -0.00577424 -0.00374367 -0.0185153 -0.00104209 -0.0106583 0.00735216 0.00037352 -1.48687e-05 -0.0188105 -0.0180336 -0.0039051
internal_weight=1121.46 1117.88 168.08 164.42 148.966 22.1269 126.839 45.4124 13.1945 949.799 925.535 12.0946 32.2179 13.8887
internal_count=13715 13650 3893 3804 3192 1057 2135 1466 323 9757 9146 227 1143 527
is_linear=0
shrinkage=0.03


Tree=213
num_leaves=15
num_cat=0
split_feature=0 1 3 6 1 1 5 0 4 3 8 0 3 4
split_gain=5.59094 8.0055 8.08146 10.1846 14.4431 9.32124 9.17266 7.86107 14.3255 8.31848 7.28828 6.20748 7.53035 7.11177
threshold=15.18166666666667 -0.53999999999999615 2.7188586095681604 6.2500000000000009 3.5900000000000025 0.13000000000000259 956.80392456054699 12.827500000000006 69.793263973270058 2.1914508849812533 31.550000000000004 13.671250000000004 2.9315799033948049 76.475653675102635
decision_type=2 2 2 2 2 2 2 2 2 2 2 2 2 2
left_child=1 7 5 6 -5 -3 11 -1 9 10 -9 13 -13 -4
right_child=-2 2 3 4 -6 -7 -8 8 -10 -11 -12 12 -14 -15
leaf_value=2.3597514771702923e-05 -0.0046049980112712816 0.014726376053246051 -0.012047815536067184 0.020601581416309685 -0.039264268994918576 -0.035111788860807132 -0.026908777811572204 0.056651090432588112 -0.042405459643517253 -0.0081302151131256231 -0.018115440432300865 -0.018153941637051751 0.02536116902571094 0.0081818190513567625
leaf_weight=641.69056273903698 249.16870446479879 4.8244695710018259 25.55627859570086 61.091626474633813 2.9447547774761906 7.6140848863869905 8.0785181969404203 2.5015612114220853 9.9587859995663148 43.909280193969607 1.1792619768530128 3.6059229336679008 18.949409198015928 37.049672001972795
leaf_count=6183 4533 44 368 1117 32 66 49 45 80 353 28 34 129 667
internal_value=-0.000653 0.000484208 0.00630888 0.00817369 0.0172872 -0.016124 0.00179758 -0.000936508 -0.0114596 -0.00424434 0.0339447 0.0048014 0.017929 -0.000135673
internal_weight=1118.12 868.954 169.715 157.276 64.0364 12.4386 93.2398 699.239 57.5489 47.5901 3.68082 85.1613 22.5553 62.606
internal_count=13728 9195 2506 2396 1149 110 1247 6689 506 426 73 1198 163 1035
is_linear=0
shrinkage=0.03


Tree=214
num_leaves=15
num_cat=0
split_feature=6 1 2 2 1 1 5 5 2 7 2 0 3 1
split_gain=5.12997 4.3647 6.51374 4.34364 6.36121 7.02748 8.55902 4.83537 8.58664 6.3468 5.62461 5.85378 9.58563 5.67019
threshold=8.0500000000000025 -14.409999999999997 31.610000000000003 39.550000000000018 5.4000000000000048 -0.35999999999999793 372.38618469238287 139.38381958007815 33.45000000000001 14.450000000000001 31.780000000000001 16.982083333333339 2.6633522192622494 -10.769999999999996
decision_type=2 2 2 2 2 2 2 2 2 2 2 2 2 2
left_child=3 2 -2 7 5 -5 -7 8 9 -1 11 -9 -13 -12
right_child=1 -3 -4 4 -6 6 -8 10 -10 -11 13 12 -14 -15
leaf_value=-0.02340007653733844 -0.023015334533396499 -0.029671031005231895 0.036209604033162181 -0.012258211992417271 -0.020988180515984348 0.093882564115247147 0.018841011570226811 -0.0022831649829935302 -0.011100292481928972 0.004621152798481732 -0.018799332286195843 0.019457711666457364 -0.026243295249704389 0.0053381233391629644
leaf_weight=6.4549695793539277 2.685472657904028 8.6020417069084925 2.0755188427865505 2.405489269644022 2.2729158252477637 1.1932234358973781 5.6447954126633704 546.15418072929606 36.407351571600884 340.02511398680508 8.4071460310369712 4.4116762718185809 19.186089054215699 131.42051287507638
leaf_count=104 102 515 68 59 384 32 74 5175 923 3948 142 35 361 1810
internal_value=-0.000174467 -0.017988 0.00460701 5.72381e-05 0.0176298 0.0282476 0.0422428 -0.00014396 0.00256911 0.00403327 -0.00160948 -0.00293244 -0.0172557 0.00376367
internal_weight=1117.35 13.363 4.76099 1103.98 11.5164 9.24351 6.83802 1092.47 382.887 346.48 709.58 569.752 23.5978 139.828
internal_count=13732 685 170 13047 549 165 106 12498 4975 4052 7523 5571 396 1952
is_linear=0
shrinkage=0.03


Tree=215
num_leaves=15
num_cat=0
split_feature=7 6 4 6 6 2 3 5 3 1 7 3 1 6
split_gain=5.48701 7.55354 10.1082 7.58442 6.70094 9.74773 7.11012 9.83583 6.59571 6.28579 6.27949 6.1777 7.78043 6.89601
threshold=22.450000000000006 5.9500000000000011 63.22463668737057 7.8500000000000014 7.2500000000000009 30.54000000000001 2.6633522192622494 1278.965759277344 2.8052289133514718 23.110000000000007 6.2500000000000009 1.8241256582029706 -15.389999999999995 7.7500000000000009
decision_type=2 2 2 2 2 2 2 2 2 2 2 2 2 2
left_child=4 2 -2 -3 6 8 7 -1 -6 -4 -7 12 -12 -14
right_child=1 3 9 -5 5 10 -8 -9 -10 -11 11 -13 13 -15
leaf_value=-0.032661029850702364 -0.034536697521804563 0.0044908757589948028 -0.0014088292665880447 -0.029806251091111034 -0.021155765402936681 -0.017811156779793648 -0.0050870680306680629 0.015640642372352159 0.020927347234328368 0.03396072984398435 -0.015836167736411128 0.0054735125601340336 -0.011331783174536644 0.087682242432553598
leaf_weight=17.673946426715705 7.2623257893137625 418.19709060620517 397.51001856010407 4.8985433778725556 22.00804344331846 9.1029238142073137 137.7903526420705 4.1166921071708193 3.1003353167325249 3.574869778007268 1.0402893852442505 104.64733401173726 0.56021124590188209 1.6240172856487332
leaf_count=224 80 4282 4235 80 410 682 2195 43 52 31 39 1354 16 67
internal_value=-3.80268e-05 0.0012197 -0.00168908 0.00402444 -0.00349713 0.00124028 -0.00769654 -0.02325 -0.0153569 -0.0010099 0.0049028 0.00696554 0.0426296 0.0667037
internal_weight=1133.11 831.443 408.347 423.096 301.664 142.083 159.581 21.7906 25.1084 401.085 116.975 107.872 3.22452 2.18423
internal_count=13790 8708 4346 4362 5082 2620 2462 267 462 4266 2158 1476 122 83
is_linear=0
shrinkage=0.03


Tree=216
num_leaves=15
num_cat=0
split_feature=7 6 2 0 5 7 5 8 6 7 7 2 3 5
split_gain=5.98454 14.2811 7.06543 7.05808 8.3762 6.45029 9.31561 6.72444 12.8762 9.01166 6.39883 6.76732 17.8606 6.7625
threshold=137.85000000000005 5.3500000000000014 13.830000000000005 2.5195833333333373 48.244745254516609 39.150000000000013 2437.5661621093755 27.250000000000004 6.1500000000000012 38.150000000000013 9.0500000000000025 26.030000000000005 2.8444212543566132 1144.661804199219
decision_type=2 2 2 2 2 2 2 2 2 2 2 2 2 2
left_child=2 -2 -1 4 -4 7 -7 9 -9 10 -5 12 -12 -14
right_child=1 -3 3 5 -6 6 -8 8 -10 -11 11 -13 13 -15
leaf_value=0.030007892493849941 -0.0022242698484206519 -0.04215572867429021 0.026501081076601686 -0.015540714075675775 -0.018905219477832119 0.0044830332169496804 -0.030237532751691103 -0.01963626204470837 -0.0018304985241795904 -0.029057665205588442 -0.02213976459301616 0.0052403699237258163 0.014307223007846365 -0.028545649946496044
leaf_weight=6.2602701764553776 42.514081315137446 8.9836873104795796 3.2935856170952347 16.124618405941874 28.11886053532362 373.77961291512474 6.0989475920796385 41.910111184697598 248.55629780772142 7.4073400045745066 29.522188207134604 279.33963518962264 28.974190544337038 2.7904046140611163
leaf_count=98 422 106 41 870 880 3555 65 867 2954 82 426 2866 495 24
internal_value=2.94608e-05 -0.00986055 0.000513234 0.000312044 -0.0134736 0.000743251 0.00384767 -0.00106136 -0.00445817 0.00165285 0.00236994 0.00326081 -0.00570115 0.00978641
internal_weight=1123.67 51.4978 1072.18 1065.92 31.4124 1034.5 379.879 654.625 290.466 364.158 356.751 340.626 61.2868 31.7646
internal_count=13751 528 13223 13125 921 12204 3620 8584 3821 4763 4681 3811 945 519
is_linear=0
shrinkage=0.03


Tree=217
num_leaves=15
num_cat=0
split_feature=1 2 5 1 6 4 1 8 1 0 1 2 0 8
split_gain=5.43619 10.1297 8.66235 5.96127 5.01572 4.8377 8.47618 6.28511 9.9067 9.81683 7.14973 8.51645 7.2207 4.56325
threshold=-19.729999999999993 30.610000000000003 84.347213745117202 -22.949999999999992 8.1500000000000021 43.595671393729511 2.9000000000000017 21.950000000000006 -8.2399999999999949 9.1212500000000052 -9.6099999999999941 33.910000000000011 19.353750000000005 24.350000000000005
decision_type=2 2 2 2 2 2 2 2 2 2 2 2 2 2
left_child=1 2 3 -1 5 6 7 8 9 -2 13 -12 -13 -9
right_child=4 -3 -4 -5 -6 -7 -8 10 -10 -11 11 12 -14 -15
leaf_value=-0.022972569697492562 -0.017506602922478114 0.058383898127274708 -0.019698851296179445 0.025260430157770547 -0.023433553992189927 0.00038031688864294353 -0.020646278876060239 0.03122227733954315 -0.027613016274178562 0.076289160510566223 0.071750830962702586 -0.0048451683369323357 0.050652781822962269 -0.023630945967855248
leaf_weight=2.3654261813499033 1.2813709308393302 0.89718901924788852 33.981619965285063 6.9219868388026935 6.7999982414767137 1044.6786646945402 4.6944762431085101 1.1760134464129834 4.5053845080547097 1.2196063511073587 4.213280716910953 4.838822360150516 2.540918851736933 2.6934181647375226
leaf_count=104 52 21 987 38 380 11328 393 26 146 22 41 101 30 69
internal_value=0.000111197 -0.0100857 -0.0127922 0.0119369 0.000537675 0.000711454 0.012981 0.0205872 -0.00282618 0.0369591 0.0307236 0.0416996 0.0180277 -0.00397148
internal_weight=1122.81 44.1662 43.269 9.28741 1078.64 1071.84 27.1633 22.4688 7.00636 2.50098 15.4625 11.593 7.37974 3.86943
internal_count=13738 1150 1129 142 12588 12208 880 487 220 74 267 172 131 95
is_linear=0
shrinkage=0.03


Tree=218
num_leaves=15
num_cat=0
split_feature=7 5 8 2 8 2 4 8 0 6 6 0 7 2
split_gain=5.05604 5.27344 4.58397 6.45875 8.52257 13.1145 8.83754 8.60292 9.65548 10.492 8.22597 9.07676 10.1984 14.1642
threshold=10.150000000000004 46.776163101196296 32.250000000000007 25.970000000000002 23.650000000000006 22.910000000000011 63.993135684908829 17.750000000000004 4.4329166666666699 6.1500000000000012 4.9500000000000011 16.492916666666673 24.650000000000006 33.810000000000009
decision_type=2 2 2 2 2 2 2 2 2 2 2 2 2 2
left_child=-1 -2 3 4 5 6 -3 -7 -9 -10 -5 -12 13 -13
right_child=1 2 -4 10 -6 7 -8 8 9 -11 11 12 -14 -15
leaf_value=-0.011466743071897609 0.0056362473679079858 -0.024474678746173276 -0.0059975515183740896 -0.026797361284602545 0.003663030789160577 -0.021362722091476976 0.0046230159451547698 -0.027706481330182327 0.0087675199351012478 -0.022476704198236278 0.0050526361574375804 -0.025723625470374972 0.0092454834563225775 0.0020725283016158154
leaf_weight=32.461092114448547 147.04115859186277 9.4715123162604851 116.52702494105324 7.4717018180526784 116.60837818821892 56.956136331427842 90.608902215026319 12.450281088706104 37.538335347548127 11.916153997182844 389.17483038315549 32.061387958470732 29.071322191972286 32.660923428833485
leaf_count=1591 2216 271 1287 84 1267 573 1075 242 369 141 3218 428 346 700
internal_value=1.99381e-05 0.00037236 -0.000453957 0.000334416 -0.00286781 -0.00634699 0.00165435 -0.0130417 -0.00516792 0.00094289 0.0025267 0.00303478 -0.0053028 -0.0118787
internal_weight=1122.02 1089.56 942.517 825.99 335.55 218.941 100.08 118.861 61.9048 49.4545 490.44 482.968 93.7936 64.7223
internal_count=13808 12217 10001 8714 3938 2671 1346 1325 752 510 4776 4692 1474 1128
is_linear=0
shrinkage=0.03


Tree=219
num_leaves=15
num_cat=0
split_feature=1 0 8 6 6 5 0 5 8 6 8 1 0 5
split_gain=5.51743 6.44014 12.6322 7.09112 6.42641 6.26075 7.96681 5.52758 8.38457 7.14007 5.38032 5.05355 6.45068 5.78849
threshold=-9.6099999999999941 8.6320833333333393 25.650000000000006 7.1500000000000012 8.0500000000000025 28.595915794372562 5.1554166666666701 94.190288543701186 23.950000000000006 6.0500000000000016 28.650000000000006 -11.489999999999995 1.9095833333333367 173.15576934814456
decision_type=2 2 2 2 2 2 2 2 2 2 2 2 2 2
left_child=1 2 5 -4 -2 -1 11 -8 -9 -10 -3 -7 -13 -14
right_child=4 10 3 -5 -6 6 7 8 9 -11 -12 12 13 -15
leaf_value=0.019860804775616265 0.0012221571378614041 -0.0056266286077219646 0.0095021009983059217 -0.0090119672233662015 -0.025876352954510063 -0.01855586365967558 -0.024397231693957157 0.0096193563828163593 0.0012075473653697746 -0.052056185623230257 -0.030629132025035501 0.034440969864436448 0.0082246988822108728 -0.030829693560382839
leaf_weight=5.9682464385405174 832.95875766454265 18.833975914865736 84.444565915502608 22.949566645547748 6.9526529954746357 68.499127591494471 6.3521796353161326 37.613136818632483 5.0297051295638067 3.0562033839523792 12.874813800677655 2.8995215259492388 6.9443264901638013 5.1633783243596554
leaf_count=65 10191 231 656 249 464 1203 48 313 39 33 137 13 48 35
internal_value=-0.000250068 -0.0038842 -0.00223004 0.0054991 0.000967335 -0.00809258 -0.00945972 -0.000222589 0.00358817 -0.022438 -0.0164045 -0.0151467 0.000601474 -0.00951161
internal_weight=1120.54 280.629 248.92 107.394 839.911 141.526 135.558 52.0512 45.699 8.08591 31.7088 83.5064 15.0072 12.1077
internal_count=13725 3070 2702 905 10655 1797 1732 433 385 72 368 1299 96 83
is_linear=0
shrinkage=0.03


Tree=220
num_leaves=15
num_cat=0
split_feature=7 3 8 1 3 2 7 1 3 7 2 2 8 3
split_gain=5.47426 5.4138 9.1912 13.9219 10.1056 9.03974 8.25415 8.51373 8.35336 7.18376 6.61513 11.2792 10.8446 8.20996
threshold=9.0500000000000025 2.8773195038736046 24.350000000000005 3.7000000000000046 3.4484401491963586 20.110000000000007 46.45000000000001 -6.299999999999998 3.2049199751550943 42.250000000000007 22.910000000000011 24.910000000000011 23.550000000000004 2.7693847114086778
decision_type=2 2 2 2 2 2 2 2 2 2 2 2 2 2
left_child=-1 5 3 -3 6 -2 7 -4 -8 -5 13 12 -12 -7
right_child=1 2 4 9 -6 10 8 -9 -10 -11 11 -13 -14 -15
leaf_value=-0.013752835741125815 -0.023136138527018325 -0.00097922716645077899 -0.024944105979602008 0.03213442406755336 0.029617947814482272 -0.0098088203783261683 0.009997701228440313 -0.0075918292848361994 -0.016556998126898453 0.0031177233783707728 -0.016605306721861984 0.0034464714943794883 0.0064108773273634199 0.020883672906917273
leaf_weight=24.182310073636472 11.489382394123821 205.51217767223716 31.946409113239497 17.891507866792384 5.7064495380036524 9.5392741439864022 36.771828670985997 119.57153562363237 13.871899357531218 13.33399645751342 51.901957443449646 511.41090741381049 27.598347570747137 32.995230271946639
leaf_count=1353 426 2064 211 358 135 259 351 2372 136 186 689 4344 338 508
internal_value=7.58631e-05 0.00039512 -0.00214902 0.00189089 -0.00673702 0.00214961 -0.00790395 -0.01139 0.00254431 0.0202249 0.00264398 0.00180922 -0.00863491 0.013933
internal_weight=1113.72 1089.54 444.606 236.738 207.868 644.935 202.162 151.518 50.6437 31.2255 633.446 590.911 79.5003 42.5345
internal_count=13730 12377 5813 2608 3205 6564 3070 2583 487 544 6138 5371 1027 767
is_linear=0
shrinkage=0.03


Tree=221
num_leaves=15
num_cat=0
split_feature=5 8 4 3 4 0 4 5 3 4 0 1 0 1
split_gain=4.22045 4.12749 7.615 10.7644 9.25661 8.36335 9.83142 5.95184 5.14894 5.11998 4.58927 4.47817 4.41435 4.34652
threshold=3470.7541503906255 32.650000000000013 59.245239167123209 2.7746921077691069 52.078971753194189 7.4091666666666702 70.415102171751968 0.65798380970954906 2.7214396151457776 53.00437893998221 6.0337500000000039 -5.4899999999999984 12.90666666666667 4.140000000000005
decision_type=2 2 2 2 2 2 2 2 2 2 2 2 2 2
left_child=1 -1 3 4 8 10 7 -7 -3 -5 -4 -8 -13 -6
right_child=-2 2 5 9 13 6 11 -9 -10 -11 -12 12 -14 -15
leaf_value=0.00095876529878372474 -0.025854136466564048 -0.02978427343996666 -0.0045567941685626945 0.054670745553518314 0.002908007499923725 0.022378753076516166 -0.027879976184251271 -0.020168369123640447 0.024068364641850252 -0.0019456659532804141 0.028370941471080911 0.017687321564785703 -0.0040841427451207297 0.042477927488861991
leaf_weight=969.44817821821198 4.5952039575204244 8.4764747372828477 6.7148302206769568 4.6199943725951007 7.0728477686643583 2.3120142035186282 3.2042665854096404 59.485581819433719 1.1413619462400664 1.841701964382082 7.1339141093194485 13.257448600605128 19.636899434495717 3.005791740026325
leaf_count=11644 257 209 72 24 58 12 19 599 8 71 54 195 415 25
internal_value=0.000135611 0.000266691 -0.00457041 0.00974451 -0.00179147 -0.00797807 -0.0110732 -0.0182456 -0.0217286 0.0404359 0.0131736 0.00136601 0.00495339 0.0174781
internal_weight=1111.95 1107.35 137.903 26.1582 19.6965 111.745 97.8962 61.7976 9.61784 6.4617 13.8487 36.0986 32.8943 10.0786
internal_count=13662 13405 1761 395 300 1366 1240 611 217 95 126 629 610 83
is_linear=0
shrinkage=0.03


Tree=222
num_leaves=15
num_cat=0
split_feature=1 6 2 1 7 6 4 7 6 8 8 1 2 1
split_gain=3.59135 3.16268 3.21544 5.98222 5.16886 7.84673 6.56378 4.17647 6.34989 8.31587 8.24932 5.45236 10.7235 5.28176
threshold=-23.989999999999991 8.1500000000000021 39.550000000000018 5.4000000000000048 4.6500000000000012 7.7500000000000009 41.3693692444185 20.050000000000004 6.8500000000000014 21.350000000000005 20.150000000000006 -9.6099999999999941 32.150000000000013 -2.7999999999999954
decision_type=2 2 2 2 2 2 2 2 2 2 2 2 2 2
left_child=-1 2 7 4 -4 6 -6 8 10 11 -2 12 -10 -11
right_child=1 -3 3 -5 5 -7 -8 -9 9 13 -12 -13 -14 -15
leaf_value=-0.019689481540065907 0.0030743777810247875 -0.019338157761850459 -0.018618990294596374 -0.021335554380827116 0.036850524571296783 0.065341318207831012 -0.02275333560589643 0.00038605158601538812 -0.016695886118958198 -0.0075252066840983045 -0.0189306623571939 -0.021825895448312031 0.066384882348198351 0.0070270473914145915
leaf_weight=7.8266878942959002 22.424514314159751 6.9430441674776366 1.3602540942374597 2.4050008158665142 2.2003958225250244 3.0308450101874769 2.5077449535019696 879.1234171371907 3.3199020097963539 30.124046066775918 45.829777649603784 21.205705854576081 1.1095178984105585 80.068147390615195
leaf_count=671 316 388 71 444 19 63 32 8755 97 433 995 366 19 1030
internal_value=-0.000629012 -0.000475863 -0.000338692 0.0147879 0.0255028 0.034501 0.00667877 -0.000512836 -0.00436798 -0.0005941 -0.011761 -0.0156464 0.0125088 0.00301689
internal_weight=1109.48 1101.65 1094.71 11.5042 9.09924 7.73899 4.70814 1083.21 204.082 135.827 68.2543 25.6351 4.42942 110.192
internal_count=13699 13028 12640 629 185 114 51 12011 3256 1945 1311 482 116 1463
is_linear=0
shrinkage=0.03


Tree=223
num_leaves=15
num_cat=0
split_feature=1 5 2 5 2 5 0 3 5 7 0 1 3 8
split_gain=5.04299 5.0002 7.49718 4.10958 7.6884 12.3104 8.73572 9.78722 9.88296 7.15276 6.94736 10.804 9.28545 7.51082
threshold=-23.989999999999991 2137.5385742187505 13.830000000000005 101.85620880126955 32.010000000000012 348.63291931152349 15.873333333333335 2.6117657714122742 1316.7683715820315 18.950000000000006 10.379583333333338 -0.59999999999999842 2.6396358757844824 26.650000000000006
decision_type=2 2 2 2 2 2 2 2 2 2 2 2 2 2
left_child=-1 3 -3 10 6 9 7 8 -5 -6 13 -12 -13 -2
right_child=1 2 -4 4 5 -7 -8 -9 -10 -11 11 12 -14 -15
leaf_value=-0.023258836600050285 0.0051158690832267158 0.029333201483557454 -0.020313582900398443 -0.017908346284106778 -0.014153640701686914 0.011718553471325475 -0.014497438364869436 0.00011355867587155288 0.015441827667827875 0.0055607126017342664 -0.012846070224908319 -0.018792437034567892 0.0070593120221001462 0.024026533348254549
leaf_weight=7.367810606956481 83.317700663581491 2.2724830824881819 19.03406449360773 49.483626823872328 34.572210287442431 98.885901664383709 46.827345640398562 535.23846669495106 8.7057620538398606 30.220082928892225 44.062196518294513 13.078946681460364 112.99808241985738 23.781282018870115
leaf_count=647 1083 44 382 397 1047 1610 583 4614 131 347 331 260 1998 205
internal_value=-5.7224e-05 0.000118768 -0.0139408 0.000408465 -0.000678361 0.00510479 -0.00216245 -0.00116635 -0.0127422 -0.00501381 0.00355115 -0.000226142 0.00425073 0.00949839
internal_weight=1109.85 1102.48 21.3065 1081.17 803.933 163.678 640.255 593.428 58.1894 64.7923 277.238 170.139 126.077 107.099
internal_count=13679 13032 426 12606 8729 3004 5725 5142 528 1394 3877 2589 2258 1288
is_linear=0
shrinkage=0.03


Tree=224
num_leaves=15
num_cat=0
split_feature=1 6 4 4 6 4 8 1 3 6 1 7 8 7
split_gain=5.69119 6.10426 6.83264 5.86242 4.47163 4.0836 5.16794 3.7622 5.50087 9.78811 5.80042 12.7635 9.11368 6.12773
threshold=-19.729999999999993 7.9500000000000011 69.793263973270058 50.50624326971775 8.1500000000000021 75.355103668107418 30.450000000000006 23.110000000000007 3.1123133611707687 5.9500000000000011 1.6700000000000046 54.250000000000007 20.150000000000006 155.35000000000005
decision_type=2 2 2 2 2 2 2 2 2 2 2 2 2 2
left_child=1 2 -1 -3 7 6 -4 8 -2 10 11 -10 -12 -14
right_child=4 3 5 -5 -6 -7 -8 -9 9 -11 12 -13 13 -15
leaf_value=-0.028554620432949963 0.0012507197638668233 -0.014499999067718674 0.015567283325512708 0.067752119937815172 -0.022931807724604261 -0.016246506382607408 -0.025168351067189607 0.026148000298322982 -0.034727811196601559 0.016316211826844357 0.018237889219949212 -0.0055431324119932538 -0.0065353447819625167 -0.063325046686926081
leaf_weight=15.078020344488321 944.95630200579762 0.89180248184129485 11.776002289261671 0.74029482062906027 6.3058630786836138 11.30325384903699 2.6358884135261169 4.1706991568207732 18.5654192622751 14.886713568586854 14.517140742857007 45.019617171958089 21.325934876687828 0.8977216137573113
leaf_count=396 10348 60 181 20 379 491 22 43 212 500 221 283 645 7
internal_value=2.80369e-05 -0.010619 -0.0131985 0.0343747 0.000459449 -0.0034627 0.00696724 0.000619429 0.000494454 -0.00566571 -0.00905631 -0.0144702 0.000448292 -0.0114573
internal_weight=1113.07 42.4253 40.7932 1.6321 1070.65 25.7151 14.4119 1064.34 1060.17 115.213 100.326 63.585 36.7408 22.2237
internal_count=13808 1170 1090 80 12638 694 203 12259 12216 1868 1368 495 873 652
is_linear=0
shrinkage=0.03


Tree=225
num_leaves=15
num_cat=0
split_feature=6 4 7 7 8 3 3 8 6 2 4 2 6 3
split_gain=2.73866 7.92344 7.16324 8.19037 7.39796 9.38613 6.94885 6.9182 7.50231 6.54344 21.0013 7.61209 6.14472 5.38194
threshold=5.8500000000000014 63.22463668737057 118.05000000000003 30.950000000000006 25.650000000000006 2.6487599622653897 2.3468222213590955 28.150000000000006 7.2500000000000009 26.230000000000008 73.913375157659104 21.630000000000013 6.1500000000000012 2.0614147635482767
decision_type=2 2 2 2 2 2 2 2 2 2 2 2 2 2
left_child=1 -1 3 7 5 12 -6 9 -9 10 11 -2 -5 -10
right_child=2 -3 -4 4 6 -7 -8 8 13 -11 -12 -13 -14 -15
leaf_value=-0.03190361539508315 0.0079645932338601334 -0.00077323683885959275 -0.039637047155628567 0.017949017258749703 -0.030658603032497317 0.0036590470951673227 0.01111098611803564 -0.0098086320572642136 -0.026030724741324937 0.0044627704639588961 0.013489681791872474 -0.04281727870017267 -0.028393376274397489 0.004611646075982509
leaf_weight=6.506415342912077 2.9352826718240967 377.47168968338519 2.7467204993590704 2.4247067547403267 2.7304040645249179 103.61294322647154 156.10626872628927 112.40152552770451 4.5698708218988022 223.46460266551003 16.594545610714704 12.905396339483557 13.248499650275333 70.015674000605941
leaf_count=91 124 4321 64 59 29 1366 1335 1413 253 3103 373 166 238 811
internal_value=0.000663384 -0.00138223 0.00174907 0.00196141 0.00598635 0.00032997 0.0102056 -0.000573957 -0.0049461 0.0026276 -0.00977124 -0.0334932 -0.0205775 0.00241463
internal_weight=1107.73 383.978 723.756 721.01 278.123 119.286 158.837 442.887 186.987 255.9 32.4352 15.8407 15.6732 74.5855
internal_count=13746 4412 9334 9270 3027 1663 1364 6243 2477 3766 663 290 297 1064
is_linear=0
shrinkage=0.03


Tree=226
num_leaves=15
num_cat=0
split_feature=0 2 7 6 7 2 0 6 8 7 3 2 8 3
split_gain=4.78337 6.46903 4.7379 10.4142 7.24725 11.4673 11.3478 13.1599 7.61017 7.01108 7.21391 6.31876 8.11974 5.81801
threshold=22.895000000000007 40.530000000000015 137.85000000000005 5.2500000000000009 65.550000000000026 23.850000000000012 3.3720833333333364 5.1500000000000012 6.9500000000000011 83.750000000000014 2.8113269582085123 23.070000000000011 22.050000000000004 3.3957507652705003
decision_type=2 2 2 2 2 2 2 2 2 2 2 2 2 2
left_child=1 2 4 11 8 13 -7 -8 -1 -9 -11 12 -4 -6
right_child=-2 -3 3 -5 5 6 7 9 -10 10 -12 -13 -14 -15
leaf_value=-0.032006178834139344 -0.016415632177730056 0.029265546965550938 0.0086439803093488459 -0.032956359029772064 0.015191948764028476 -0.040515632060194741 -0.030620025223625114 0.017803088926468529 -0.00051193069353486133 0.0074295018763351995 -0.025713078701074542 -0.029093126529051036 -0.033358064097504768 -0.021567907503030323
leaf_weight=5.9602686623111358 15.202583320206029 5.7581797088496378 31.416392900515348 11.428215081803499 81.435993490740657 5.585120638832449 8.9114177245646697 25.611956857144833 880.58047148608603 15.828185353428127 8.1513891629874689 5.3504124833270899 3.7573776622302821 3.2144764214754096
leaf_count=102 1876 95 312 132 1049 123 59 220 9414 138 72 58 38 14
internal_value=-0.0002348 5.06152e-06 -0.000176658 -0.00892938 0.000270765 0.00637556 -0.00317721 0.00100838 -0.000759492 0.00718479 -0.00441502 -0.00152305 0.00335906 0.0135605
internal_weight=1108.19 1092.99 1087.23 51.9524 1035.28 148.739 64.0881 58.5029 886.541 49.5915 23.9796 40.5242 35.1738 84.6505
internal_count=13702 11826 11731 540 11191 1675 612 489 9516 430 210 408 350 1063
is_linear=0
shrinkage=0.03


Tree=227
num_leaves=15
num_cat=0
split_feature=1 0 5 7 8 6 3 3 6 8 7 1 1 0
split_gain=4.71805 10.3391 11.1286 10.7311 10.4706 7.03453 6.62172 6.20181 6.17824 12.375 10.8291 9.14946 16.3082 9.41225
threshold=-9.2099999999999955 8.2450000000000028 48.244745254516609 112.95000000000002 22.450000000000006 8.0500000000000025 3.021156207445225 2.7551351618907289 6.1500000000000012 26.050000000000004 46.050000000000004 3.7000000000000046 2.6900000000000039 18.444166666666671
decision_type=2 2 2 2 2 2 2 2 2 2 2 2 2 2
left_child=1 2 -1 6 -3 8 -4 -5 9 11 -11 12 -2 -13
right_child=5 4 3 7 -6 -7 -8 -9 -10 10 -12 13 -14 -15
leaf_value=0.023450787605825134 0.0016329283630047316 0.0099796167725511899 0.0018969333926592499 -0.04255570688104781 -0.024437468569490327 -0.026351024322700915 -0.017519544590619593 -0.01030798429717991 0.0041950808661040083 -0.018813245968189039 0.0029059375273442966 0.021111378993513813 -0.034070209562133816 -0.017239670057739923
leaf_weight=15.360864023678003 220.94128695316613 9.8299996815621835 187.85106888925657 6.70032273186371 32.375050028786063 7.0233291662298134 16.252148206345737 21.132926805876195 456.84319588122889 54.936391523573548 32.382984180469066 34.432300969958305 11.144354046322404 6.0934073701500884
leaf_count=163 2393 130 2107 131 317 476 112 211 5567 1071 342 231 144 320
internal_value=0.000452861 -0.00283543 -0.000467888 -0.00214587 -0.0163759 0.00161048 0.000272975 -0.0192777 0.00188285 -0.00105545 -0.0108168 0.00209929 -0.00022029 0.0150687
internal_weight=1113.3 289.502 247.297 231.936 42.205 823.797 204.103 27.8332 816.774 359.931 87.3194 272.611 232.086 40.5257
internal_count=13715 3171 2724 2561 447 10544 2219 342 10068 4501 1413 3088 2537 551
is_linear=0
shrinkage=0.03


Tree=228
num_leaves=15
num_cat=0
split_feature=8 0 4 1 5 7 4 0 4 0 3 8 3 0
split_gain=4.70704 4.94071 7.19134 4.83893 9.66974 8.68691 14.359 12.6001 9.31069 8.24475 7.74649 7.2165 7.04945 6.55004
threshold=33.550000000000004 20.112500000000008 72.075793848888381 -0.66999999999999738 841.39382934570324 51.150000000000013 76.638107997702505 15.61791666666667 73.720931378400635 12.11166666666667 3.1468688037957739 17.750000000000004 2.9021552485153772 13.206250000000006
decision_type=2 2 2 2 2 2 2 2 2 2 2 2 2 2
left_child=1 3 -3 11 5 7 9 -5 -9 10 -7 -1 -11 -6
right_child=-2 2 -4 4 13 6 -8 8 -10 12 -12 -13 -14 -15
leaf_value=-0.0063167562801332636 -0.0062212261203256356 -0.026194985808969184 0.0074649028674162515 0.015774825239133625 0.010596237847828824 -0.075321409843533513 0.0071254132851182959 0.0044141663843325412 -0.022226909817539987 -0.045612187856242783 -0.0097233672409704919 0.00097122355771576388 0.0015067760173472244 -0.016263657774616674
leaf_weight=162.20910391979851 108.44632198102772 13.666430534096436 8.7647097492590529 103.62793298996985 10.093160058371721 3.4533106349408653 32.314960157498717 123.46554980892688 12.049958357587455 2.7750356625765553 3.0788856893777847 486.82003635447472 11.513894576579331 31.947993032168597
leaf_count=1685 1469 1472 642 1714 86 44 441 861 106 30 20 4789 92 349
internal_value=-0.000312819 0.00032979 -0.0132855 0.000653549 0.00358013 0.00551965 -0.00537607 0.00795291 0.00189979 -0.0242161 -0.0497982 -0.000857146 -0.010029 -0.00971882
internal_weight=1114.23 1005.78 22.4311 983.35 334.321 292.28 53.1361 239.143 135.516 20.8211 6.5322 649.029 14.2889 42.0412
internal_count=13800 12331 2114 10217 3743 3308 627 2681 967 186 64 6474 122 435
is_linear=0
shrinkage=0.03


Tree=229
num_leaves=15
num_cat=0
split_feature=5 2 2 4 2 7 4 1 0 8 8 8 0 8
split_gain=3.00713 6.83072 6.36702 8.64763 6.28663 5.56675 5.78957 5.34169 6.58856 7.91048 6.42801 5.76137 5.29247 6.74788
threshold=101.85620880126955 20.110000000000007 23.850000000000012 72.528369549010932 23.93000000000001 9.9500000000000011 78.283140277223723 5.9000000000000048 10.425000000000004 23.750000000000004 15.850000000000003 34.350000000000009 6.6558333333333373 13.750000000000002
decision_type=2 2 2 2 2 2 2 2 2 2 2 2 2 2
left_child=1 12 3 -3 -4 -6 7 8 9 10 -7 -9 -1 -14
right_child=-2 2 4 -5 5 6 -8 11 -10 -11 -12 -13 13 -15
leaf_value=-0.046720711024591279 -0.0012792476878312616 -0.040751565759491286 -0.048465969760401788 0.015275823925987995 -0.027850089403537417 0.015883254439605348 -0.014108377387257927 0.0091851263852186678 -0.003162464014400164 0.019049155881084329 -0.01852796876206516 0.0453413477541433 0.022229114356297167 -0.022000349037224413
leaf_weight=3.0447026104666284 828.93367742258124 1.6616392470896233 1.2782597634941328 50.209902126807719 4.6175337238237253 7.0770647507160929 16.534036520402879 38.003485472872853 100.9431593674235 31.295048269443214 11.509368216618894 3.5796782039105883 3.9586842488497478 7.4280133452266455
leaf_count=54 9721 15 20 1129 210 89 282 643 1051 206 91 123 39 116
internal_value=-0.000369976 0.00230601 0.00341708 0.0127442 0.00111647 0.00163775 0.00241897 0.0039048 0.00124696 0.0100569 -0.00528341 0.0132893 -0.0171186 -0.00607039
internal_weight=1110.07 281.141 266.709 51.8715 214.838 213.559 208.942 192.408 150.825 49.8815 18.5864 41.5832 14.4314 11.3867
internal_count=13789 4068 3859 1144 2715 2695 2485 2203 1437 386 180 766 209 155
is_linear=0
shrinkage=0.03


Tree=230
num_leaves=15
num_cat=0
split_feature=1 2 6 4 4 1 2 5 8 4 5 1 2 6
split_gain=3.41168 3.52635 12.3427 9.24744 7.3283 6.40909 4.73755 5.52344 8.11085 7.48731 4.77712 5.99918 8.66216 4.43049
threshold=-23.989999999999991 22.750000000000011 5.2500000000000009 69.653138728714652 61.625391831882332 -16.629999999999992 23.210000000000012 223.41780090332034 17.950000000000006 74.76836553696603 115.62456512451173 -11.769999999999994 23.93000000000001 5.9500000000000011
decision_type=2 2 2 2 2 2 2 2 2 2 2 2 2 2
left_child=-1 4 3 -3 -2 -6 -5 10 9 -9 11 -8 -13 -7
right_child=1 2 -4 6 5 13 7 8 -10 -11 -12 12 -14 -15
leaf_value=-0.018876343810644864 -0.02091680899618575 0.011341599849900335 0.00081684834460534947 0.0032669608940742844 -0.026377220388296114 0.004813907713779912 -0.046642980270507686 -0.01383931439603861 -0.024637782883444127 0.036565258240971996 -0.040309944206726699 0.023107393927077967 -0.021332670083296312 0.01811503089151081
leaf_weight=7.2269450470339498 8.4550396082922799 12.05057490756735 893.04554758965969 8.8624273696914297 4.2294766465201965 111.66292655281723 3.5913930423557714 4.2532827407121676 9.3408723766915482 4.6283882781863213 14.011696758680044 4.9201897196471753 11.06633629882708 27.678244455717504
leaf_count=639 279 102 10439 94 112 1103 19 20 135 26 159 65 173 483
internal_value=0.000372842 0.000514056 -0.000156215 -0.0119542 0.00474527 0.00639077 -0.0166898 -0.0201006 -0.00632978 0.0134695 -0.0271724 -0.0162681 -0.00710016 0.00756625
internal_weight=1125.02 1117.8 965.771 72.7252 152.026 143.571 60.6746 51.8122 18.2225 8.88167 33.5896 19.5779 15.9865 139.341
internal_count=13848 13209 11232 793 1977 1698 691 597 181 46 416 257 238 1586
is_linear=0
shrinkage=0.03


Tree=231
num_leaves=15
num_cat=0
split_feature=1 1 0 4 3 8 8 7 7 8 1 3 4 5
split_gain=6.8562 8.88691 10.7761 14.2406 9.61722 9.44652 6.87922 7.60037 12.6323 7.35558 13.7134 6.49731 12.1324 6.01412
threshold=2.200000000000002 -0.53999999999999615 12.827500000000006 69.793263973270058 3.0517350474477398 20.350000000000005 15.050000000000002 51.150000000000013 37.850000000000009 22.150000000000006 2.6900000000000039 2.6633522192622494 51.610016136662914 1278.965759277344
decision_type=2 2 2 2 2 2 2 2 2 2 2 2 2 2
left_child=1 2 -1 11 13 -6 -2 8 -8 10 -9 12 -4 -3
right_child=6 4 3 -5 5 -7 7 9 -10 -11 -12 -13 -14 -15
leaf_value=0.00039520734538558869 0.012282298228644189 0.012516977095391317 -0.012069514749655032 -0.043224853779131121 0.013643258179857946 -0.018703883874467558 -0.0072124126204435495 0.022305554093160984 0.015498695368990054 -0.0081614588282850238 -0.056689064864646393 -0.01345975799843851 0.031571406543331869 -0.013628442758778746
leaf_weight=643.15744729456492 18.155548564624041 117.38866111077368 12.444884365890177 10.095657686702905 11.841052047908304 21.480991572141647 177.71649284497835 1.9495954066514984 24.192117831204087 16.629758761730045 7.957070229575038 37.278289528563619 9.0688649304211122 7.6809823545627287
leaf_count=6279 296 1920 299 97 126 240 3525 25 306 178 92 349 57 96
internal_value=-0.000639943 0.000612366 -0.000819912 -0.012008 0.00701587 -0.00714666 -0.00504489 -0.00646949 -0.00442826 -0.0212758 -0.0405234 -0.0060142 0.006912 0.0108159
internal_weight=1117.04 870.437 712.045 68.8877 158.392 33.322 246.601 228.445 201.909 26.5364 9.90667 58.792 21.5137 125.07
internal_count=13885 9463 7081 802 2382 366 4422 4126 3831 295 117 705 356 2016
is_linear=0
shrinkage=0.03


Tree=232
num_leaves=15
num_cat=0
split_feature=6 2 8 1 3 0 6 3 1 2 1 2 0 1
split_gain=4.3442 8.18949 6.3521 5.74809 4.94531 6.86052 6.47013 5.65742 5.36962 16.9772 6.41622 4.86979 4.76091 4.71775
threshold=4.7500000000000009 22.570000000000011 12.650000000000004 -3.2999999999999954 3.2404219364065252 22.530833333333337 5.1500000000000012 3.5041390522533491 8.6300000000000043 30.740000000000009 9.2500000000000053 13.830000000000005 0.5754166666666698 -4.119999999999993
decision_type=2 2 2 2 2 2 2 2 2 2 2 2 2 2
left_child=1 -1 3 -2 5 8 -6 13 11 10 -10 -4 -13 -8
right_child=2 -3 4 -5 6 -7 7 -9 9 -11 -12 12 -14 -15
leaf_value=0.022815797795941901 -0.015351110874641336 -0.0095177937820203513 0.024764420644090727 0.0012724312447306423 -0.030872315611221147 -0.023788178381369637 0.021664062931954262 0.023702604190917635 0.018026681031115821 0.058656311091990945 -0.029960831989842625 -0.022486041219581494 0.00080074375217260765 -0.017279791654710133
leaf_weight=18.638943362981085 44.391913020983338 10.292686315719036 6.5698805171996346 31.617082952521741 9.2325879652053136 9.0968471765518171 2.5536032393574777 4.9037014264613381 3.8804704463109356 4.8372727991081765 4.2543720882385969 6.9698726416099808 930.22410701867193 13.806720143184064
leaf_count=212 365 130 101 573 116 1540 12 98 33 73 109 671 9386 360
internal_value=0.000106259 0.0113792 -0.000208201 -0.00850957 0.000433 0.000813673 -0.011266 -0.00174894 0.00107219 0.0195351 -0.00760239 0.000798003 0.000603778 -0.0103035
internal_weight=1101.27 28.9316 1072.34 76.009 996.329 965.833 30.4966 21.264 956.736 12.9721 8.13484 943.764 937.194 16.3603
internal_count=13779 342 13437 938 12499 11913 586 470 10373 215 142 10158 10057 372
is_linear=0
shrinkage=0.03


Tree=233
num_leaves=15
num_cat=0
split_feature=4 4 1 3 3 2 6 6 2 7 0 2 4 6
split_gain=4.17705 4.99795 6.52937 4.91648 4.37047 8.40533 4.26514 5.53059 5.3476 5.07429 6.03257 8.23393 5.68006 8.6824
threshold=34.750619676990745 43.595671393729511 2.9000000000000017 2.0344679931109422 2.1108253087514872 35.190000000000012 8.0500000000000025 7.5500000000000016 30.000000000000007 16.350000000000005 18.735000000000003 36.050000000000018 58.878146130194132 6.9500000000000011
decision_type=2 2 2 2 2 2 2 2 2 2 2 2 2 2
left_child=-1 2 -2 -3 5 -5 7 9 -9 10 11 12 -6 -14
right_child=1 3 -4 4 6 -7 -8 8 -10 -11 -12 -13 13 -15
leaf_value=-0.020384994588291429 0.020984430821009301 -0.027389833473590638 -0.016972603272609653 0.054266180399349676 -0.024543387140991395 -0.019832852540463176 -0.022086398971922255 -0.012492392290129304 0.010331020935743524 -0.00025892250941249187 -0.027641491181571894 0.028517344831625779 -0.014395949366730477 0.017908268073304891
leaf_weight=8.1882804373744857 18.739802733762193 5.029163959901779 4.3339491800870737 2.5316607519052914 12.906005872413514 1.584754677955061 7.0670133896637699 9.7739800610579533 69.33822720637545 924.80496292281896 11.720762282377107 5.0986438374966374 17.241974592208866 11.705451611429451
leaf_count=596 398 205 261 36 145 38 193 141 704 9876 899 29 220 92
internal_value=-0.000241434 -7.33952e-05 0.0134461 -0.000374738 -0.000222843 0.0274385 -0.000354822 -0.00018966 0.00739055 -0.00080631 -0.00928533 -0.00422216 -0.00878292 -0.00117132
internal_weight=1110.06 1101.88 23.0738 1078.8 1073.77 4.11642 1069.66 1062.59 79.1122 983.478 58.6728 46.9521 41.8534 28.9474
internal_count=13833 13237 659 12578 12373 74 12299 12106 845 11261 1385 486 457 312
is_linear=0
shrinkage=0.03


Tree=234
num_leaves=15
num_cat=0
split_feature=5 0 2 5 3 1 0 6 2 5 1 1 0 3
split_gain=4.63939 3.39115 4.98 4.7315 6.4311 3.94015 3.08428 3.63007 2.67683 11.4499 7.22589 6.70216 10.0161 6.69851
threshold=3470.7541503906255 22.895000000000007 39.710000000000015 489.27235412597662 2.7381381513186649 -0.35999999999999793 28.502500000000005 5.5500000000000016 32.150000000000013 391.54797363281256 8.6300000000000043 5.9000000000000048 17.498750000000005 2.623569721740374
decision_type=2 2 2 2 2 2 2 2 2 2 2 2 2 2
left_child=1 2 8 5 -5 -4 -3 -8 13 10 -10 12 -11 -1
right_child=-2 6 3 4 -6 -7 7 -9 9 11 -12 -13 -14 -15
leaf_value=-0.0076698429234311073 -0.026330409834098439 -0.018753454475809419 0.0044462161592046983 -0.020645208097208087 0.038322225060873995 0.063213885629158806 0.045512107419027531 -0.015592320082936933 -0.0040219239053567186 0.01499101319280715 0.037473600036121879 0.054521371127661082 -0.01360415156392298 0.00055027715568606035
leaf_weight=99.584081951994449 4.9131121134851119 12.779087530681862 1.7769352030009034 3.5187307503074408 1.6363551616668699 2.1029700352810305 0.72822941839694877 1.0250606075860558 109.67191010620445 64.429836967028677 2.9145692409947506 2.2850842967163763 12.442210465902461 788.8918218286708
leaf_count=1080 276 1747 38 88 6 26 8 139 1210 601 56 53 277 8201
internal_value=0.000172199 0.000313892 0.000511908 0.0215485 0.00125764 0.0427258 -0.0136055 0.0170995 0.00031619 0.00352113 -0.00262726 0.0121898 0.0102474 -0.000378655
internal_weight=1108.7 1103.79 1089.25 9.03499 5.15509 3.87991 14.5324 1.75329 1080.22 191.744 112.586 79.1571 76.872 888.476
internal_count=13806 13530 11636 158 94 64 1894 147 11478 2197 1266 931 878 9281
is_linear=0
shrinkage=0.03


Tree=235
num_leaves=15
num_cat=0
split_feature=5 2 5 7 2 2 0 7 7 6 7 8 5 0
split_gain=5.55216 9.59991 12.502 10.9068 6.72195 6.15294 9.39578 7.38324 7.29865 7.02254 6.54527 6.24135 6.02986 13.4462
threshold=101.85620880126955 31.780000000000001 125.7819175720215 19.250000000000004 16.430000000000007 33.730000000000011 20.617083333333337 14.450000000000001 9.9500000000000011 7.1500000000000012 14.050000000000002 19.250000000000004 617.37762451171886 13.802500000000004
decision_type=2 2 2 2 2 2 2 2 2 2 2 2 2 2
left_child=4 12 -3 -4 -1 6 10 8 -7 -10 -6 -8 -2 -14
right_child=1 2 3 -5 5 7 11 -9 9 -11 -12 -13 13 -15
leaf_value=-0.041074826491513686 -0.0013032359226639242 -0.024546399175640193 0.00087424761237975192 0.016914386391949501 -0.027648205171332513 -0.024348819295041305 -0.016196768120193893 -0.020827784202928731 -0.0092184901281727252 0.050917269360990253 0.0050639572341146868 0.049104903390239193 -0.0040655639253461716 -0.026173878131701033
leaf_weight=2.0228772456757715 477.53521788166836 11.127013082616029 98.935379872797057 61.219950357917696 4.6525378338992587 2.5690810680389422 1.1215098020620633 17.031378183048218 2.3976556858979166 3.5767709617502987 238.78735447814688 5.7333306223154068 149.87770579941571 28.794546733144671
leaf_count=17 4609 216 2274 611 62 171 81 474 109 74 2795 187 1613 410
internal_value=-0.000185665 -0.00141798 0.00488794 0.00707256 0.00347576 0.00394961 0.00538916 -0.00981156 0.0120304 0.0289222 0.00432822 0.0377192 -0.00306887 -0.00775435
internal_weight=1105.38 827.49 171.282 160.155 277.892 275.87 250.295 25.5749 8.54351 5.97443 243.44 6.85484 656.207 178.672
internal_count=13703 9733 3101 2885 3970 3953 3125 828 354 183 2857 268 6632 2023
is_linear=0
shrinkage=0.03


Tree=236
num_leaves=15
num_cat=0
split_feature=6 4 1 2 7 5 4 4 4 8 5 8 4 8
split_gain=3.17898 10.6936 9.45789 22.1328 10.7553 6.95643 6.69957 6.56768 5.84045 7.96111 8.28428 6.14619 5.78198 5.42184
threshold=6.4500000000000011 63.049973187834269 4.020000000000004 29.460000000000008 29.250000000000004 453.44700622558599 68.498981540802916 75.161808487174852 58.525117042264803 23.950000000000006 21.567813873291019 40.050000000000004 56.945562790795641 17.250000000000004
decision_type=2 2 2 2 2 2 2 2 2 2 2 2 2 2
left_child=1 -1 7 -4 5 6 8 13 11 -10 -11 -5 -7 -2
right_child=2 -3 3 4 -6 12 -8 -9 9 10 -12 -13 -14 -15
leaf_value=-0.018344696789736173 -0.013874773333630262 -0.00065329859364810438 -0.045240584086183887 -0.0309045638036325 0.020675663741822326 -0.016476143238192419 -0.029523822692231597 0.018341424729060311 0.030958457126929489 0.029586173330008191 -0.013116493398419291 0.02614822764351191 0.031458659029412757 0.0035104991234939298
leaf_weight=31.403893769718707 15.97718538274057 604.3186972909607 10.860508123412727 9.6150000414345396 15.12302338099107 2.5818063945043814 12.114843701012431 24.952969876583666 5.7521962681785253 4.0197947928681996 21.522839020006359 1.234707917086779 6.0741278328932822 338.40328205679543
leaf_count=358 296 7193 93 586 111 199 242 633 93 41 376 48 153 3312
internal_value=-0.000174068 -0.00155467 0.0016997 -0.00705659 -0.00123741 -0.00674575 -0.0107617 0.00376495 -0.00480906 0.00192394 -0.00553465 -0.0227532 0.0169355 0.00268985
internal_weight=1103.95 635.723 468.232 88.8988 78.0383 62.9153 54.2594 379.333 42.1445 31.2948 25.5426 10.8497 8.65593 354.38
internal_count=13734 7551 6183 1942 1849 1738 1386 4241 1144 510 417 634 352 3608
is_linear=0
shrinkage=0.03


Tree=237
num_leaves=15
num_cat=0
split_feature=7 3 5 8 1 8 3 1 1 5 3 1 1 2
split_gain=4.0971 6.44857 6.39556 7.36515 12.6203 11.0044 5.50358 5.45237 5.39815 5.08829 5.08216 8.46793 7.6593 15.5885
threshold=12.950000000000001 2.2329706937439124 223.41780090332034 25.750000000000004 -9.2099999999999955 31.350000000000005 2.2693728241106434 -13.589999999999996 -19.729999999999993 909.78790283203136 2.8689088065662753 8.6300000000000043 -6.4599999999999964 16.430000000000007
decision_type=2 2 2 2 2 2 2 2 2 2 2 2 2 2
left_child=1 2 -1 7 -5 -6 8 -4 9 -2 11 -8 13 -12
right_child=6 -3 3 4 5 -7 10 -9 -10 -11 12 -13 -14 -15
leaf_value=-0.023951533544173859 0.064143070285852755 -0.01330789414006664 0.02360661865953052 -0.019767290164406089 0.086784471408450276 -0.015120851465455935 0.0016903206591789958 -0.024628808591381356 -0.024313640232303851 -0.01477415632208633 0.027574797852243215 0.031269622951425199 0.00015355971166214249 -0.012217738049638261
leaf_weight=3.3028722568415096 0.41102331969886907 46.948686980875209 2.7977447416633359 1.7295323633588848 3.0862294628750537 0.8990279329009353 570.68055191938765 3.7693144904915235 12.669566687662153 0.92673152033239603 8.7460126462392491 7.8507000906392923 338.10089464858174 102.81573819881305
leaf_count=268 8 1397 115 66 128 57 5443 269 267 82 53 73 4846 738
internal_value=-0.000426709 -0.00782291 0.00850662 0.0183815 0.0405003 0.065374 2.4146e-05 -0.00367522 -0.0180122 0.0265389 0.000287122 0.00214498 -0.00210263 -0.0088809
internal_weight=1104.73 62.5334 15.5847 12.2818 5.71479 3.98526 1042.2 6.56706 14.0073 1.33775 1028.19 578.531 449.663 111.562
internal_count=13810 2300 903 635 251 185 11510 384 357 90 11153 5516 5637 791
is_linear=0
shrinkage=0.03


Tree=238
num_leaves=15
num_cat=0
split_feature=1 1 1 1 8 0 2 6 8 3 0 2 5 2
split_gain=7.80617 3.58881 5.10953 4.76249 4.51418 6.76273 6.86911 7.86557 7.49396 7.35683 7.33971 6.06727 5.34089 4.81667
threshold=9.7300000000000058 -16.949999999999992 -17.779999999999994 -15.079999999999995 32.650000000000013 21.000416666666673 29.640000000000004 7.1500000000000012 40.650000000000013 2.7381381513186649 13.552083333333337 35.410000000000011 61.412071228027351 26.030000000000005
decision_type=2 2 2 2 2 2 2 2 2 2 2 2 2 2
left_child=1 2 -1 -3 13 6 10 -8 -9 -10 -6 -7 -12 -5
right_child=-2 3 -4 4 5 11 7 8 9 -11 12 -13 -14 -15
leaf_value=-0.0028888644208646752 -0.020851195389190471 0.011256680000311436 -0.026276945766937121 -0.001658671916978757 0.011847585858789865 0.061511428748847477 -0.021013222067274399 -0.0084855267794762459 -0.0087347668725412785 0.042177070855541725 0.017272764778916025 -0.014956834429384586 -0.032926666408695404 0.0030210932823029105
leaf_weight=85.489729678956792 14.863130909390746 37.254869925789535 8.3727611890062672 318.48781099356711 28.132894039154053 1.5438338257372373 36.623178461566567 36.53727491106838 3.9788719192147237 4.9318630695343018 1.9411844462156285 0.96453489386476565 5.7126716990023851 519.79720570100471
leaf_count=1477 1425 332 110 3722 322 44 284 293 28 24 17 121 74 5394
internal_value=4.23094e-05 0.000346126 -0.00523015 0.0008764 0.000461694 -0.00494689 -0.00612056 -0.0108631 -0.00240751 0.0208561 0.00475527 0.0362253 -0.0196703 0.00124326
internal_weight=1104.63 1089.77 93.8625 995.906 958.651 120.366 117.858 82.0712 45.448 8.91073 35.7868 2.50837 7.65386 838.285
internal_count=13667 12242 1587 10655 10323 1207 1042 629 345 52 413 165 91 9116
is_linear=0
shrinkage=0.03


Tree=239
num_leaves=15
num_cat=0
split_feature=3 8 8 1 0 0 0 1 1 0 4 6 7 4
split_gain=3.7343 5.86359 11.6049 11.3504 7.60511 7.59107 7.15329 11.6268 7.90403 7.43938 8.06618 6.99168 6.78538 6.60615
threshold=2.8689088065662753 24.350000000000005 24.850000000000005 3.4800000000000031 19.012083333333344 16.607916666666672 11.206250000000006 -7.5799999999999956 -0.35999999999999793 15.749166666666673 64.742937764545658 6.7500000000000009 83.750000000000014 60.845749082720452
decision_type=2 2 2 2 2 2 2 2 2 2 2 2 2 2
left_child=-1 3 -3 5 -5 11 7 -4 -8 10 -10 13 -12 -2
right_child=1 2 6 4 -6 -7 8 -9 9 -11 12 -13 -14 -15
leaf_value=0.0022085455773562641 -0.034745789799188659 -0.033182075991893954 -0.013338666294886718 0.022920890849096626 -0.014333717896899344 -0.033010105384317028 -0.018631363286026208 0.013729339213771412 -0.029253626526188518 -0.01029700385182118 0.015369425085691472 0.028365748304022574 -0.019148731397217598 -6.406488783756451e-05
leaf_weight=652.9670382970944 4.0709591386839739 11.414583642967044 20.209521524608135 30.269431751221418 5.1517548756673923 5.4136801753193131 37.620216750539839 43.043609220534563 4.1550593450665465 50.414994498481974 35.25089393928647 6.6045062821358433 5.0957960784435263 196.0192731609568
leaf_count=7703 51 149 119 236 403 119 332 485 34 1648 489 73 31 1908
internal_value=0.000756321 -0.00132924 -0.00504072 0.00178538 0.0172577 -0.000867283 -0.0032398 0.00500805 -0.0071841 -0.00250004 0.00636513 0.000129474 0.0106521 -0.000938964
internal_weight=1107.7 454.734 207.205 247.53 35.4212 212.108 195.79 63.2531 132.537 94.9167 44.5017 206.695 40.3467 200.09
internal_count=13780 6077 3287 2790 639 2151 3138 604 2534 2202 554 2032 520 1959
is_linear=0
shrinkage=0.03


Tree=240
num_leaves=15
num_cat=0
split_feature=3 3 8 1 7 7 6 0 0 8 1 1 3 6
split_gain=5.35094 5.33387 11.128 10.0113 4.80955 4.76434 9.33025 5.13768 8.15508 4.61619 7.32978 4.16795 4.0039 4.77724
threshold=2.0614147635482767 2.1914508849812533 25.750000000000004 -3.8599999999999945 13.150000000000004 137.85000000000005 4.7500000000000009 10.191250000000005 8.7912500000000051 18.050000000000004 -7.7399999999999958 -23.989999999999991 2.3297028928717642 7.5500000000000016
decision_type=2 2 2 2 2 2 2 2 2 2 2 2 2 2
left_child=9 2 -2 -4 -3 11 -7 8 -8 10 -1 -6 -13 -14
right_child=1 4 3 -5 5 6 7 -9 -10 -11 -12 12 13 -15
leaf_value=0.072688682147936876 -0.012513865805072754 -0.0090012722607289899 -0.00088989285442390151 0.07891802951608029 -0.022076386145956764 0.014526065560204754 -0.017101472817991695 -0.050608352643483727 0.024442709408189232 -0.024439079216567357 -0.017805854693941463 -0.019266132032167333 0.00063394106742866742 0.0095818342536470921
leaf_weight=0.31967069394886505 4.3111883548554015 50.950534067582339 2.2575111635960639 2.6921187664847821 6.108029910363256 11.169222189579157 31.355258382856846 2.5560691189020863 4.001439467072486 12.163151694228871 1.3326068180613206 7.7140630465000859 908.68128426815383 56.088410019874573
leaf_count=13 174 1502 49 54 515 123 342 27 35 688 102 117 9509 479
internal_value=-0.000134481 0.000109297 0.0216369 0.0484864 -9.5404e-05 0.000354457 -0.00867118 -0.0157028 -0.0118568 -0.0180423 0.0205073 0.000815534 0.000981845 0.00116352
internal_weight=1101.7 1087.89 9.26082 4.94963 1078.62 1027.67 49.082 37.9128 35.3567 13.8154 1.65228 978.592 972.484 964.77
internal_count=13729 12926 277 103 12649 11147 527 404 377 803 115 10620 10105 9988
is_linear=0
shrinkage=0.03


Tree=241
num_leaves=15
num_cat=0
split_feature=5 0 1 3 4 1 3 3 7 6 1 3 3 4
split_gain=3.72902 3.39661 5.09599 4.12606 6.97082 7.81312 4.90197 5.2901 5.24403 4.50162 4.0674 5.60287 8.43034 6.48528
threshold=3470.7541503906255 22.895000000000007 19.47000000000001 1.8241256582029706 40.19194116139041 -15.389999999999995 2.0344679931109422 2.1108253087514872 10.150000000000004 8.0500000000000025 -19.729999999999993 2.7054446019199965 2.618100417062156 82.831255891752292
decision_type=2 2 2 2 2 2 2 2 2 2 2 2 2 2
left_child=1 3 -3 4 5 -1 -5 8 -8 10 11 12 -9 -13
right_child=-2 2 -4 6 -6 -7 7 9 -10 -11 -12 13 -14 -15
leaf_value=-0.0068539054627633133 -0.025471329976762977 -0.027135141625832936 0.0073510136874790797 -0.027180020658592235 -0.019879452943605446 0.067176950076036482 -0.017265268508331322 -0.019488551552943174 0.041784666867316592 -0.021582337879932283 0.00064392618686356733 -0.03258437186837581 0.013811590155624011 0.016155619221343363
leaf_weight=1.7529685506597155 4.1737242846284053 8.7894406178966147 5.7865294811781487 4.8921200677286825 1.7463905862532554 2.5153457254637028 1.2146321681793768 11.021250287070872 4.0873513445258141 7.5517572518438092 1016.2838949784636 11.525623201858251 14.88302470371127 2.4056683946400872
leaf_count=77 263 1648 241 182 101 82 46 272 72 222 9856 326 231 116
internal_value=-6.2016e-05 5.80462e-05 -0.0138515 0.000258435 0.023192 0.0412431 0.000108527 0.000258698 0.0276638 9.62391e-05 0.000271521 -0.00901238 -0.000554073 -0.0236496
internal_weight=1098.63 1094.46 14.576 1079.88 6.0147 4.26831 1073.87 1068.97 5.30198 1063.67 1056.12 39.8356 25.9043 13.9313
internal_count=13735 13472 1889 11583 260 159 11323 11141 118 11023 10801 945 503 442
is_linear=0
shrinkage=0.03


Tree=242
num_leaves=15
num_cat=0
split_feature=4 2 8 2 7 7 6 2 5 5 2 2 7 8
split_gain=3.73034 7.04495 10.6381 4.11607 6.34061 4.05961 4.76764 9.59743 9.03199 11.2127 6.37588 5.92439 5.71113 8.79792
threshold=43.595671393729511 33.13000000000001 22.350000000000005 40.530000000000015 6.9500000000000011 9.0500000000000025 7.5500000000000016 31.610000000000003 445.88070678710943 931.52178955078136 35.710000000000008 37.670000000000016 22.450000000000006 32.750000000000007
decision_type=2 2 2 2 2 2 2 2 2 2 2 2 2 2
left_child=1 2 -1 -3 -5 -2 12 -8 -9 10 -10 -12 13 -7
right_child=5 3 -4 4 -6 6 7 8 9 -11 11 -13 -14 -15
leaf_value=-0.0035365576558082272 -0.018619226495592459 -0.0087595838654759579 0.054979908923823595 -0.013437944171888136 0.042395499819123848 -0.0027482132765668595 -0.0089036044112321428 0.0031195817723109667 0.052320392014624795 -0.0039864809284328173 -0.0168150044670019 0.037459317296661417 -0.00012202233712364854 -0.019236084531124662
leaf_weight=4.8818511550780403 10.424129815073682 15.298250532709064 5.2059777863323689 2.5898960647173217 3.1841986214276403 151.48228963767178 26.13090752903372 37.059081215644255 10.856767790392047 7.2905333875678471 2.8563008490018538 2.5291378018446267 791.09986094129272 35.202006970066577
leaf_count=193 557 565 118 318 40 2065 326 402 82 64 33 17 8404 577
internal_value=-0.000529489 0.00953935 0.0288968 -0.000616859 0.0190653 -0.00082996 -0.000638448 0.00606253 0.0125566 0.026685 0.039885 0.0105483 -0.00123837 -0.00594316
internal_weight=1106.09 31.1602 10.0878 21.0723 5.77409 1074.93 1064.51 86.7227 60.5918 23.5327 16.2422 5.38544 977.784 186.684
internal_count=13761 1234 311 923 358 12527 11970 924 598 196 132 50 11046 2642
is_linear=0
shrinkage=0.03


Tree=243
num_leaves=15
num_cat=0
split_feature=5 5 2 5 4 3 3 7 0 1 7 3 1 2
split_gain=3.55043 3.01873 9.26065 8.92138 8.63213 10.7133 10.499 8.54241 8.35005 8.31935 6.49766 6.23615 10.901 15.5278
threshold=3011.185424804688 134.22866058349612 31.780000000000001 396.36590576171881 48.067643348421477 2.4069144043011184 2.7857923613768478 29.550000000000004 15.61791666666667 -6.299999999999998 9.9500000000000011 2.9069058218741564 -1.159999999999995 30.830000000000002
decision_type=2 2 2 2 2 2 2 2 2 2 2 2 2 2
left_child=1 10 8 7 6 -6 9 -4 -3 -5 -1 -12 -13 -14
right_child=-2 2 3 4 5 -7 -8 -9 -10 -11 11 12 13 -15
leaf_value=-0.02815825356571262 -0.018660098731637723 -0.0015111608711898662 -0.0068177216990380303 0.012370809015160824 0.058210768954943842 0.01326114575240268 0.042028494114292138 0.031120307573335549 -0.015249703868423352 -0.022866790736150406 0.0059292834502825947 -0.015203082041740541 0.013268264673209748 -0.014692623584497199
leaf_weight=5.0896163959987453 7.9243449126370242 526.86615680344403 55.976754240458831 8.7486769817769581 4.306146217044442 64.886740178335458 3.0408634031191459 4.9033291595987967 42.103782732505351 15.362613042350857 234.93346961168572 39.282862463966012 52.493373905308545 25.890824880450964
leaf_count=288 331 4984 1251 179 64 712 13 57 541 564 2622 311 906 930
internal_value=0.000185108 0.000339959 -0.000771279 0.00565106 0.0112885 0.016848 -0.0029742 -0.00330863 -0.00255278 -0.0100975 0.0025919 0.00311414 -0.00250917 0.00396386
internal_weight=1091.81 1083.89 726.195 157.225 96.345 69.1929 27.1522 60.8801 568.97 24.1113 357.69 352.601 117.667 78.3842
internal_count=13753 13422 8365 2840 1532 776 756 1308 5525 743 5057 4769 2147 1836
is_linear=0
shrinkage=0.03


Tree=244
num_leaves=15
num_cat=0
split_feature=2 5 4 3 3 6 8 4 3 3 4 3 3 8
split_gain=3.94006 8.22806 6.04182 11.3693 7.96069 8.10342 5.89118 8.15799 7.88071 5.36924 6.31896 5.14087 5.39742 8.94928
threshold=33.050000000000018 348.63291931152349 50.040024129114492 2.4069144043011184 2.7249472773468431 7.7500000000000009 25.350000000000005 39.528311884913158 1.7133170088000631 3.5041390522533491 68.600547635469056 3.3957507652705003 2.6396358757844824 22.750000000000004
decision_type=2 2 2 2 2 2 2 2 2 2 2 2 2 2
left_child=11 9 4 -4 5 -3 8 -8 -7 10 -2 12 13 -1
right_child=1 2 3 -5 -6 6 7 -9 -10 -11 -12 -13 -14 -15
leaf_value=-0.019809684314782895 -4.1174728232327728e-05 -0.022718451130127094 0.069585178166291256 0.013977532059944738 0.03574661659850429 0.04764629075437548 -0.019206261607577779 0.049806990254112685 -0.025792227710794795 0.031260383390025681 -0.02419326026363677 -0.023564742546140893 0.00061945550209033262 -0.0014575385338024159
leaf_weight=30.801932681584731 69.198832843219861 11.782227742252877 2.7322891238145521 40.346979128429666 3.8916772757656863 0.73631139448843708 1.5769813039805738 4.1122683531139046 4.704672540538013 3.2251420081593087 10.348932721884919 7.6279381336644283 798.59888643515296 97.162925795186311
leaf_count=637 1457 229 41 523 27 47 118 66 271 65 713 90 8519 846
internal_value=0.000217304 0.00466922 0.0121726 0.0190031 0.00090611 -0.00625897 0.0116012 0.030666 -0.00999962 -0.00173539 -0.00344464 -0.000514399 -0.000299437 -0.00599437
internal_weight=1086.85 152.656 69.8834 43.0793 26.8041 22.9125 11.1302 5.68925 5.44098 82.7729 79.5478 934.192 926.564 127.965
internal_count=13649 3557 1322 564 758 731 502 184 318 2235 2170 10092 10002 1483
is_linear=0
shrinkage=0.03


Tree=245
num_leaves=15
num_cat=0
split_feature=7 3 3 6 7 6 0 1 3 6 4 0 1 1
split_gain=4.60367 4.61671 7.94446 8.39845 3.24291 8.57907 4.55296 8.23109 3.29209 4.80787 5.2967 8.7 20.2787 4.52324
threshold=12.950000000000001 2.2112272835382036 2.0614147635482767 7.9500000000000011 123.45000000000002 4.8500000000000014 6.5575000000000037 -0.47999999999999393 2.365431802716774 7.4500000000000011 52.613903674843229 19.012083333333344 5.0000000000000044 -9.4199999999999928
decision_type=2 2 2 2 2 2 2 2 2 2 2 2 2 2
left_child=1 2 -1 -4 8 -6 -7 -8 -2 -10 -11 12 13 -12
right_child=4 -3 3 -5 5 6 7 -9 9 10 11 -13 -14 -15
leaf_value=-0.010919142579916299 -0.010702726438570533 -0.013019116925666046 0.056804113454876022 -0.010866932007819477 0.0072745274209335044 -0.021358178643763614 0.020399210255514191 -0.018139951785822624 0.0002264733282168538 -0.010765445775227365 -0.0084886137845034005 0.040537515565219534 -0.03374355469816076 0.018459686459733973
leaf_weight=9.2266641519963724 21.750907418550923 45.428078095661476 3.233758764807134 2.2536072351504117 27.039223753847182 27.195958768250421 7.5942403376102474 10.900935351382939 872.35620504920371 10.457272297237067 5.8883558670058838 7.1702579683624199 8.2337977811694127 40.419477434828877
leaf_count=667 457 1397 79 120 267 354 78 99 9653 158 66 69 41 278
internal_value=-0.000357314 -0.00835726 0.0059483 0.0316212 0.000113348 -0.00595154 -0.0137667 -0.00208086 0.000575525 0.000846289 0.00823292 0.0115726 0.00710344 0.014926
internal_weight=1099.15 60.1421 14.714 5.48737 1039.01 72.7304 45.6911 18.4952 966.276 944.525 72.1692 61.7119 54.5416 46.3078
internal_count=13783 2263 866 199 11520 798 531 177 10722 10265 612 454 385 344
is_linear=0
shrinkage=0.03


Tree=246
num_leaves=15
num_cat=0
split_feature=1 5 0 0 0 5 2 8 3 3 8 8 2 0
split_gain=3.97711 8.88478 8.41059 10.4245 8.39357 6.05269 9.25135 5.91987 5.55853 6.24228 6.26998 5.66917 5.15911 9.26873
threshold=-2.1799999999999966 1868.9926757812502 13.552083333333337 7.7600000000000042 8.172916666666671 74.964775085449233 20.670000000000005 8.1500000000000021 2.6049708415595538 3.0084213074606292 41.050000000000004 13.750000000000002 36.970000000000013 20.617083333333337
decision_type=2 2 2 2 2 2 2 2 2 2 2 2 2 2
left_child=4 2 3 -2 5 6 -1 -6 -5 10 -10 -11 -4 -14
right_child=1 -3 12 8 7 -7 -8 -9 9 11 -12 -13 13 -15
leaf_value=-0.038176922260121669 -0.026330763215747028 -0.02964723888445444 -0.0019039640846958694 -0.016208735867421761 -0.035943542169259879 -0.00035077340902007359 0.014037541967467683 -0.0051237124907561127 0.015404725770332441 0.024084817398937391 -0.024911442563110446 -0.0021493315420223237 0.021490011687958908 -0.017248802515911564
leaf_weight=2.3091083839535704 6.9134363941848269 6.9417582834139457 279.01685450784862 6.6887533105909815 4.7708745449781409 290.09474657219835 47.241024590563029 257.05060649104416 107.50218791887164 7.7427344880998126 2.7178089246153823 47.977743651717901 20.275065293069932 6.6845042139757416
leaf_count=47 41 87 3595 52 38 3093 565 2186 2082 70 15 511 189 1185
internal_value=-0.000158605 0.00183844 0.00234862 0.00748375 -0.00179405 0.00131734 0.0108972 -0.00581993 0.0089818 0.0100882 0.0141956 0.00185643 -0.00067917 0.0116115
internal_weight=1093.93 492.461 485.519 179.543 601.466 339.645 49.5501 261.821 172.629 165.94 110.22 55.7205 305.976 26.9596
internal_count=13756 7827 7740 2771 5929 3705 612 2224 2730 2678 2097 581 4969 1374
is_linear=0
shrinkage=0.03


Tree=247
num_leaves=15
num_cat=0
split_feature=8 5 4 3 6 0 3 8 8 3 4 0 1 4
split_gain=3.2051 2.94907 8.59987 5.14095 4.54963 9.25759 11.5407 8.68624 8.19404 8.0842 6.95622 6.36174 5.52445 4.76406
threshold=46.550000000000004 101.85620880126955 58.525117042264803 1.3533363647066288 5.8500000000000014 5.1554166666666701 2.7929517073486219 26.950000000000006 26.450000000000006 3.3957507652705003 78.076545659126495 7.2375000000000034 -5.839999999999999 82.259126559788498
decision_type=2 2 2 2 2 2 2 2 2 2 2 2 2 2
left_child=1 2 3 -1 5 6 8 9 -3 -7 11 -9 13 -8
right_child=-2 4 -4 -5 -6 7 12 10 -10 -11 -12 -13 -14 -15
leaf_value=0.034595469922772307 -0.025504433595615952 -0.037707008925637893 0.003978683974423497 -0.026769371058415571 0.00079340434354694582 0.0031899778827108724 0.0043744816973230434 0.019862239372632259 0.0069771725398250972 -0.035151187481253676 0.017985875215444994 -0.022053203230065495 -0.04449765878564093 -0.024002246673421563
leaf_weight=0.5114020355977108 3.4095700092148027 19.694597169756893 260.36636413796805 10.999260834883897 549.24191717081703 165.07320844545029 30.708921644836664 2.8461337909102431 4.1527867130935183 4.104436212219297 4.7299539330415419 31.661887067835778 1.7534423619508732 5.3995799971744409
leaf_count=25 68 236 3711 269 6836 1458 311 21 39 36 106 487 9 131
internal_value=2.07814e-05 0.000123812 0.00282534 -0.0214957 -0.000774942 -0.00395501 -0.0140616 -0.0009097 -0.0299581 0.00205869 -0.0134412 -0.0181341 -0.003536 -0.000401369
internal_weight=1094.65 1091.24 271.877 11.5107 819.367 270.125 61.7093 208.416 23.8474 169.178 39.238 34.508 37.8619 36.1085
internal_count=13743 13675 4005 294 9670 2834 726 2108 275 1494 614 508 451 442
is_linear=0
shrinkage=0.03


Tree=248
num_leaves=15
num_cat=0
split_feature=1 3 2 1 4 3 7 4 0 2 1 2 7 0
split_gain=6.33959 3.74505 4.89611 9.33073 4.88732 4.91189 4.72078 7.61433 4.14341 5.91375 5.7626 16.2119 4.60009 4.16744
threshold=-23.989999999999991 3.1296479655739806 19.750000000000011 2.6200000000000037 69.424391453819027 3.4484401491963586 54.250000000000007 73.720931378400635 22.530833333333337 40.530000000000015 8.6300000000000043 29.830000000000002 5.9500000000000011 16.492916666666673
decision_type=2 2 2 2 2 2 2 2 2 2 2 2 2 2
left_child=-1 8 -3 6 -5 -6 -4 -8 9 10 13 -12 -11 -2
right_child=1 2 3 4 5 -7 7 -9 -10 12 11 -13 -14 -15
leaf_value=-0.026911014633418794 0.0016639692253235102 0.0063573912243802804 -0.029461566607823876 0.028233754953871537 -0.0083851119180949844 0.022039832118863567 0.008585076034426908 -0.024499385620476603 -0.021312768064404762 -0.0086911689544576301 -0.022857762006885534 0.047522696177730056 0.043408758367606118 -0.00401004037287102
leaf_weight=6.5870410909410557 835.61186495702714 24.75370217487216 17.720875788480043 4.8412359356880215 21.555965475272391 5.0650940262712529 11.3720118701458 11.948308857157825 6.3333205981180063 1.7510500121861685 3.9549011755734664 6.8359490474686027 4.1676974077709019 134.38163654669188
leaf_count=680 8511 177 228 222 779 127 68 87 1242 51 77 91 34 1434
internal_value=0.000417998 0.000607615 -0.00498052 -0.00888526 0.00337189 -0.00200791 -0.0181383 -0.00867632 0.00115937 0.00132505 0.0011289 0.021977 0.0289667 0.000874579
internal_weight=1096.88 1090.29 97.2572 72.5035 31.4623 26.6211 41.0412 23.3203 993.036 986.703 980.784 10.7909 5.91875 969.994
internal_count=13808 13128 1688 1511 1128 906 383 155 11440 10198 10113 168 85 9945
is_linear=0
shrinkage=0.03


Tree=249
num_leaves=15
num_cat=0
split_feature=5 2 7 6 5 5 2 1 8 8 0 8 5 8
split_gain=4.27836 10.7264 19.4247 13.5401 6.98417 6.48691 6.35513 6.32054 5.97725 5.47099 8.94459 6.58176 5.40364 6.31518
threshold=617.37762451171886 30.140000000000004 39.45000000000001 6.3500000000000014 1244.619079589844 692.73147583007824 16.430000000000007 2.6900000000000039 32.350000000000009 27.250000000000004 17.372916666666672 41.45000000000001 2697.963500976563 15.250000000000002
decision_type=2 2 2 2 2 2 2 2 2 2 2 2 2 2
left_child=6 2 3 -2 8 -4 -1 12 -5 10 -3 -11 13 -7
right_child=1 9 5 4 -6 7 -8 -9 -10 11 -12 -13 -14 -15
leaf_value=-0.027724170823086414 -0.036720704706868175 0.013772955060192441 -0.025901760449971396 -0.02669593093289796 0.0041936413071236647 -0.016334517196457392 0.00097595998820597623 -0.031031692316218377 0.020507896924383373 -0.0095732181020381397 -0.018499874886829314 0.024460527442221301 -0.019766719895190184 0.010932270737784555
leaf_weight=6.0026526963338247 27.28092286689207 53.817493719048798 6.5562710324302307 17.516274326015267 18.480531107634306 7.8125845496542743 835.09153388580307 3.6029973686672738 2.0296558998525134 34.789471099618822 8.109203406609593 4.99316138960421 6.1591056124307206 61.44183369493112
leaf_count=47 328 494 61 189 444 59 10594 51 15 480 372 37 138 475
internal_value=-0.000290553 -0.00370643 -0.00875933 -0.0209476 -0.00898065 0.000677004 0.000738456 0.00317848 -0.0210347 0.00380156 0.00932005 -0.00480657 0.00519764 0.00766758
internal_weight=1093.68 252.59 150.88 65.3074 38.0265 85.5728 841.094 79.0165 19.5459 101.709 61.9267 39.7826 75.4135 69.2544
internal_count=13784 3143 1760 976 648 784 10641 723 204 1383 866 517 672 534
is_linear=0
shrinkage=0.03


Tree=250
num_leaves=15
num_cat=0
split_feature=4 7 6 0 8 8 1 5 0 1 5 0 0 7
split_gain=3.03763 6.45923 8.76601 6.55505 6.24971 7.7975 5.42864 5.20929 4.96808 8.5776 15.0005 12.6157 10.0175 8.54943
threshold=68.724193465342196 23.850000000000005 7.1500000000000012 19.478750000000005 24.050000000000004 23.650000000000006 -19.729999999999993 9.7633528709411639 15.61791666666667 -2.1799999999999966 617.37762451171886 9.7670833333333391 12.665416666666673 33.750000000000007
decision_type=2 2 2 2 2 2 2 2 2 2 2 2 2 2
left_child=1 2 4 6 5 -1 -3 -8 9 11 13 -2 -12 -11
right_child=8 3 -4 -5 -6 -7 7 -9 -10 10 12 -13 -14 -15
leaf_value=-0.0037919910012277104 -3.2999257615571386e-05 -0.016421102916716099 0.0036027465034448791 0.041716161084693906 -0.0150240306049722 0.037740458558902845 -0.014301104691664596 0.0070164962023664566 -0.0083313560403640054 0.016488732808564034 -0.0013089945745894506 -0.01514742121628729 -0.043489262400379994 0.0023290789300149895
leaf_weight=43.024182132445276 305.71841469756328 9.1753938104957324 143.15821000235155 3.508558547589927 51.951112606097013 3.482646180316805 9.9140363708138448 218.24320558644831 69.607610345818102 69.687701977789402 12.836309902369978 58.351553084328771 7.4428849071264258 84.811374416574836
leaf_count=479 3068 287 2699 97 757 32 55 1459 1636 1240 106 415 56 1387
internal_value=0.000560496 0.00233586 -0.00112909 0.00580226 -0.00797625 4.71052e-05 0.00509853 0.00603182 -0.000848751 0.000131484 0.00557592 -0.00249033 -0.0181063 0.00878084
internal_weight=1090.91 482.457 241.616 240.841 98.4579 46.5068 237.333 228.157 608.456 538.848 174.778 364.07 20.2792 154.499
internal_count=13773 5865 3967 1898 1268 511 1801 1514 7908 6272 2789 3483 162 2627
is_linear=0
shrinkage=0.03


Tree=251
num_leaves=15
num_cat=0
split_feature=8 2 4 4 2 7 4 8 6 4 4 4 8 6
split_gain=4.3263 3.61229 9.76442 8.26796 5.22017 7.0004 6.85904 5.00055 4.83224 4.1911 4.12026 4.98701 8.90365 8.00054
threshold=47.850000000000016 32.150000000000013 63.22463668737057 46.37137136140533 30.140000000000004 23.850000000000005 58.525117042264803 30.050000000000004 7.0500000000000016 61.886141877704979 66.764490697485613 51.090448556717369 37.550000000000004 7.3500000000000014
decision_type=2 2 2 2 2 2 2 2 2 2 2 2 2 2
left_child=1 2 3 8 7 -6 -7 -5 -1 -8 11 12 -3 -13
right_child=-2 10 -4 4 5 6 9 -9 -10 -11 -12 13 -14 -15
leaf_value=0.040169999047048349 -0.033304072809159972 -0.0085978072492825242 0.00021645709704554356 -0.022530006026943047 -0.012910793487268977 0.039580460175586828 -0.020130589854356604 0.0048410938412928985 2.2836561615397657e-05 0.018638349801470361 -0.0052593024656214819 0.0018950114901942214 0.025946847772869958 0.017231947505233838
leaf_weight=3.1638534436933679 2.5400784565135828 39.308303051861003 770.15808188961819 44.051238384097815 26.541099834721535 4.4335339665412894 4.7431979402899724 6.5655163102783254 7.6690327154938132 3.480277307331562 38.988734655547887 70.784584631910548 7.067251560278236 53.31921941251494
leaf_count=48 55 1298 8165 580 236 27 29 59 315 22 1206 827 84 664
internal_value=-0.000193777 -8.51948e-05 -0.000936701 -0.009676 -0.0126742 -0.00429435 0.0133963 -0.0189547 0.0141521 -0.00348122 0.00344234 0.00545147 -0.00289692 0.00856935
internal_weight=1082.81 1080.27 870.806 100.648 89.8149 39.1981 12.657 50.6168 10.8329 8.22348 209.468 170.479 46.3756 124.104
internal_count=13615 13560 9481 1316 953 314 78 639 363 51 4079 2873 1382 1491
is_linear=0
shrinkage=0.03


Tree=252
num_leaves=15
num_cat=0
split_feature=7 6 2 8 7 1 8 4 6 4 2 2 2 1
split_gain=2.81635 12.1959 6.41443 5.56509 5.1207 8.56353 12.5653 8.11298 7.99018 9.74029 7.84288 7.82195 7.73759 7.43256
threshold=155.35000000000005 5.1500000000000012 13.830000000000005 19.950000000000006 70.65000000000002 -12.019999999999996 23.750000000000004 65.251985199477886 5.3500000000000014 71.253376845066569 23.770000000000007 26.090000000000007 23.690000000000008 1.8000000000000045
decision_type=2 2 2 2 2 2 2 2 2 2 2 2 2 2
left_child=2 3 -1 -2 8 6 11 -7 9 -4 -11 -6 -8 -9
right_child=1 -3 4 -5 5 7 12 13 -10 10 -12 -13 -14 -15
leaf_value=0.027927909737469076 0.0087484977212535699 -0.038565598706379788 0.0043986964131214404 -0.03077809638523283 -0.024907605550447895 -0.034871035670775999 0.075009814730831417 0.014026894700005206 0.00031243795633924612 -0.045372509708331003 -0.012294725151414356 0.023649960917596666 0.004263711160717912 -0.0081278774123862661
leaf_weight=6.6317849345505229 20.140630498295657 7.8069212320260695 25.441959110554308 2.7858045883476725 20.306040821131326 2.6554368287324897 1.1734192045405496 92.515982553362846 849.07072143652476 7.2732433108612886 36.111035571899265 2.6627179123461238 4.2362149846740067 15.279461837373672
leaf_count=102 180 94 258 31 327 17 45 1047 10903 110 492 33 67 178
internal_value=0.000260643 -0.00854669 0.000522985 0.00285997 0.000324756 0.00567297 -0.00880599 0.00943871 -0.000489438 -0.0102445 -0.0187374 -0.0185266 0.0289179 0.0108407
internal_weight=1094.09 30.7334 1063.36 22.9264 1056.73 138.829 28.3784 110.451 917.897 68.8262 43.3843 22.9688 5.40963 107.795
internal_count=13884 305 13579 211 13477 1714 472 1242 11763 860 602 360 112 1225
is_linear=0
shrinkage=0.03


Tree=253
num_leaves=15
num_cat=0
split_feature=4 1 3 2 2 5 1 1 4 5 7 1 0 7
split_gain=2.67456 7.2551 5.34298 4.05624 13.5373 5.60124 6.06018 6.96999 6.69098 4.1847 3.83295 3.08078 10.6877 7.11425
threshold=43.595671393729511 2.9000000000000017 2.0614147635482767 27.030000000000005 28.470000000000002 1868.9926757812502 -15.389999999999995 -8.4099999999999948 37.284449063304372 348.63291931152349 9.9500000000000011 -0.53999999999999615 13.056666666666672 62.250000000000007
decision_type=2 2 2 2 2 2 2 2 2 2 2 2 2 2
left_child=1 3 -2 -1 -5 6 -6 -8 -9 -10 -4 12 -12 -13
right_child=2 -3 10 4 5 -7 7 8 9 -11 11 13 -14 -15
leaf_value=-0.020121735849867293 -0.02809780426604442 -0.022098150915250286 -0.015012523431017288 0.087828301276972567 -0.021054731315362143 -0.013421513096189422 0.055495857397855876 -0.023574207090248645 -0.017116070053266132 0.033358914895665316 -0.00025079689555329305 0.0036311666090019204 -0.015218422857622829 -0.0091201177168421122
leaf_weight=1.9109929830301613 5.253457947401329 4.8974313733633599 14.669052913086487 1.3132788054645086 2.1372618703171726 5.6555609013885251 4.0204132981598493 2.7692108561750306 1.1765255983918903 6.6090946213807911 623.45122189610265 329.50779455946758 45.114513454958797 43.740873393602669
leaf_count=166 218 527 609 24 93 89 68 132 36 98 5793 5005 418 540
internal_value=-0.000193947 0.00842262 -0.00044908 0.0148745 0.0183994 0.0107391 0.0192112 0.0260884 0.0110535 0.0246514 -0.000285154 -6.35911e-05 -0.00128203 0.00211647
internal_weight=1092.23 30.4898 1061.74 25.5923 23.6813 22.3681 16.7125 14.5752 10.5548 7.78562 1056.48 1041.81 668.566 373.249
internal_count=13816 1233 12583 706 540 516 427 334 266 134 12365 11756 6211 5545
is_linear=0
shrinkage=0.03


Tree=254
num_leaves=15
num_cat=0
split_feature=8 1 0 1 2 3 0 4 8 3 3 1 2 0
split_gain=3.71826 2.93364 3.68155 4.44614 8.07315 8.23694 17.2268 8.03992 11.6268 8.679 7.89529 6.05434 7.56922 5.89893
threshold=47.850000000000016 23.110000000000007 22.727083333333344 5.9000000000000048 30.370000000000005 2.8113269582085123 18.315416666666671 65.882388627330798 28.450000000000006 2.5556022371618456 2.6525170856833844 7.520000000000004 27.710000000000008 18.735000000000003
decision_type=2 2 2 2 2 2 2 2 2 2 2 2 2 2
left_child=1 2 3 13 5 11 -7 9 -9 -6 -10 -5 -13 -1
right_child=-2 -3 -4 4 7 6 -8 8 10 -11 -12 12 -14 -15
leaf_value=-0.00018376497631261934 -0.03045353514654436 0.021641303100711093 -0.017636517020025107 -0.045893696349029005 -0.021363890501669879 0.024184566400742773 -0.029283073690609444 0.023902454783379032 0.029004996548865125 0.040053464937516957 -0.029161404977477455 -0.034340244797105429 0.020876131548147783 -0.01465686827417894
leaf_weight=975.9130859693978 2.644539284054189 4.556899555027484 9.8045886901672912 4.6737561635673028 1.7642725026234973 15.769409881904723 7.0529078007675698 11.918576831929387 1.8135690912604321 13.86852401262149 8.7587772803381068 2.9844912337139249 4.1081547089852393 25.021655040094629
leaf_count=10356 55 47 1875 28 91 92 209 129 8 128 103 27 24 650
internal_value=-0.00020221 -0.000100783 -0.0002121 -3.67162e-05 0.00707427 -0.00339525 0.00712555 0.016417 0.00450445 0.0322544 -0.0175394 -0.0227613 -0.00373053 -0.000559835
internal_weight=1090.65 1088.01 1083.45 1073.65 72.7124 34.5887 22.8223 38.1237 22.4909 15.6328 10.5723 11.7664 7.09265 1000.93
internal_count=13822 13767 13720 11845 839 380 301 459 240 219 111 79 51 11006
is_linear=0
shrinkage=0.03


Tree=255
num_leaves=15
num_cat=0
split_feature=0 1 4 4 8 3 7 0 3 4 7 4 1 8
split_gain=4.05143 6.44141 7.93297 5.80459 5.35698 7.65626 8.19031 7.63959 11.446 7.13708 8.27005 6.08626 9.08301 7.16433
threshold=15.18166666666667 3.4800000000000031 69.424391453819027 52.613903674843229 18.550000000000004 2.7408598658790688 36.550000000000004 18.15666666666667 2.7795026965475165 68.724193465342196 12.150000000000004 65.882388627330798 4.6200000000000037 30.850000000000005
decision_type=2 2 2 2 2 2 2 2 2 2 2 2 2 2
left_child=-1 2 -2 -3 5 -5 -7 11 9 10 -9 12 -6 -13
right_child=1 3 -4 4 7 6 -8 8 -10 -11 -12 13 -14 -15
leaf_value=0.0011355756665323124 -0.0060116686880144661 -0.020373222975352032 -0.031991052025845186 -0.020873186173595831 -0.00015959522190365057 0.032576197747069227 -0.013266324605313042 -0.021612771114897327 -0.0032856011776604206 -0.013707209195153676 0.036271272547467447 0.0069415033516545838 -0.036844638357001906 -0.019234688860893405
leaf_weight=849.14120930898935 71.557930583599955 10.373120380565522 11.583777627907692 3.608470295090231 11.545664601027967 14.724477755371483 3.9111222699284545 1.8545626970008076 36.753920108312741 3.4053313147742292 17.786384473089129 31.152238976210356 11.838360754773019 12.305781450122593
leaf_count=9227 947 737 190 57 60 157 81 129 1773 22 127 164 66 83
internal_value=0.000158653 -0.00325415 -0.00996845 0.000291389 0.00185744 0.0150962 0.0227694 -0.000567937 0.00715922 0.0232604 0.0300234 -0.00748466 -0.0194811 -0.000736598
internal_weight=1091.54 242.401 83.1417 159.259 148.886 22.2441 18.6356 126.642 59.8002 23.0463 19.6409 66.842 23.384 43.458
internal_count=13820 4593 1137 3456 2719 295 238 2424 2051 278 256 373 126 247
is_linear=0
shrinkage=0.03


Tree=256
num_leaves=15
num_cat=0
split_feature=1 5 8 8 5 3 2 2 4 4 3 3 8 2
split_gain=3.339 6.58488 7.79885 11.4622 8.46993 5.46497 5.76158 5.16372 5.04256 6.34055 4.87684 4.13292 9.27196 8.57831
threshold=-16.949999999999992 86.323806762695327 25.750000000000004 27.050000000000004 223.41780090332034 2.5473808314219206 26.090000000000007 26.170000000000005 52.613903674843229 51.090448556717369 2.711748194629235 2.8689088065662753 17.250000000000004 22.490000000000009
decision_type=2 2 2 2 2 2 2 2 2 2 2 2 2 2
left_child=1 10 8 4 -4 6 -5 -6 9 -3 -1 12 13 -2
right_child=11 2 3 5 7 -7 -8 -9 -10 -11 -12 -13 -14 -15
leaf_value=0.016755491710613749 0.011776415263486006 -0.01095742308777585 -0.012398682736745565 0.013873214434016729 0.0031342524362399427 -0.0021495274316714924 -0.038269604705865927 0.060541646201958565 -0.027088562108426553 0.059461120728138916 -0.022335393994855672 -0.0014300975403290107 0.0043637510299045683 -0.0093951276414015582
leaf_weight=15.939361433032902 20.42231591232121 4.0087350916583118 2.9683154853992146 1.8894265140406767 2.0972798252478242 28.817769687157124 7.5850669927895069 4.1600796384736896 22.856172539759427 0.50542505737394083 2.5584226576611391 439.14099119557068 448.58372175390832 88.570323895430192
leaf_count=122 303 218 24 46 35 252 71 33 717 16 70 5898 4886 1065
internal_value=0.000234882 -0.0051586 -0.00910876 -0.00164166 0.0266883 -0.00897265 -0.0275394 0.0443835 -0.0215577 0.00628045 0.0104806 0.000744881 0.00245736 -0.00535715
internal_weight=1090.1 93.3861 74.8883 47.5179 9.22567 38.2923 9.47449 6.25736 27.3703 4.51416 18.4978 996.717 557.576 108.993
internal_count=13756 1604 1412 461 92 369 117 68 951 234 192 12152 6254 1368
is_linear=0
shrinkage=0.03


Tree=257
num_leaves=15
num_cat=0
split_feature=8 4 8 7 4 8 7 2 4 2 4 3 8 6
split_gain=5.43729 7.92908 5.45838 6.80557 5.67971 5.37943 8.88523 4.2673 8.70103 8.52699 7.71791 6.81519 6.53086 4.91584
threshold=36.550000000000004 64.581745353123125 34.95000000000001 17.950000000000006 61.344257152588746 32.250000000000007 26.250000000000004 24.79000000000001 64.166115723292293 23.850000000000012 82.451524733846171 3.1385553013966159 15.050000000000002 5.9500000000000011
decision_type=2 2 2 2 2 2 2 2 2 2 2 2 2 2
left_child=2 -2 5 -4 -5 7 -7 8 -1 -10 11 -9 -11 -13
right_child=1 -3 3 4 -6 6 -8 10 9 12 -12 13 -14 -15
leaf_value=-0.022433732765853222 0.0065408671771305911 -0.018647715180793011 -0.013972124589547696 0.05114027217583194 0.012283504350662586 -0.019684893494758198 0.0017866509411269 0.0022298386186121958 0.0021643189528269147 -0.027897957920048566 0.040474578118174967 -0.01610290841168191 -0.0052176339927852838 0.012745684502482519
leaf_weight=17.69124381407164 16.621678421040997 31.293137253960595 5.3317230993416187 3.8044900558888939 15.07532404642552 31.141701969783753 37.350601316429675 641.43139627156779 181.27163259568624 13.929605497978626 3.6109355646185568 29.263500346336514 51.680673768278211 5.6659201555885366
leaf_count=452 298 381 129 18 180 502 375 7088 2612 173 29 660 601 200
internal_value=-0.000180306 -0.0099547 0.000280367 0.0140688 0.0222922 -6.27254e-05 -0.0081187 0.00052941 -0.00269679 -0.00119767 0.00178682 0.00152083 -0.0103794 -0.0111989
internal_weight=1085.16 47.9148 1037.25 24.2115 18.8798 1013.04 68.4923 944.545 264.573 246.882 679.972 676.361 65.6103 34.9294
internal_count=13698 679 13019 327 198 12692 877 11815 3838 3386 7977 7948 774 860
is_linear=0
shrinkage=0.03


Tree=258
num_leaves=15
num_cat=0
split_feature=1 2 2 0 8 8 3 4 2 4 5 0 5 5
split_gain=3.87047 9.68144 7.63306 8.42192 13.1283 9.0567 9.31651 10.1614 12.7408 7.85844 7.00143 8.39072 6.82159 6.442
threshold=-9.2099999999999955 14.950000000000005 21.130000000000006 8.6320833333333393 22.550000000000004 26.550000000000004 2.3084362947012038 73.054532503963131 25.900000000000006 71.600573477942206 580.17892456054699 5.007916666666671 3933.8288574218755 570.06497192382824
decision_type=2 2 2 2 2 2 2 2 2 2 2 2 2 2
left_child=1 12 -3 5 -5 6 10 -8 -9 -6 -4 -12 -1 -7
right_child=-2 2 3 4 9 13 7 8 -10 -11 11 -13 -14 -15
leaf_value=0.052869791823067946 0.0010774434297129622 -0.026150934449638362 -0.018759229224572571 0.015857547851743339 -0.033207215694831226 0.009308940973752412 -0.016352240779829681 -0.0060093970585157943 0.023446605794297758 0.0090220629949271033 -0.014534968444306741 0.075891559084914503 -0.016766404783539114 -0.013631008984903952
leaf_weight=3.5794351312797508 793.77933865459636 12.071693209931253 1.1539168767631043 8.0550902271643263 22.208356334827844 84.959950838703662 57.877896395977587 62.068236737512052 15.719282323960213 4.3357580080628386 0.89861165033653412 2.2466623792424798 1.2029705408494917 11.738931160420178
leaf_count=26 10525 425 14 109 254 620 563 659 122 19 59 63 101 134
internal_value=-3.80141e-06 -0.00297612 -0.00374779 -0.00265841 -0.0162631 -0.000609405 -0.00547219 -0.00694965 0.000165107 -0.0262323 0.033664 0.0527825 0.0354831 0.00641309
internal_weight=1081.9 288.117 283.334 271.263 34.5992 236.663 139.965 135.665 77.7875 26.5441 4.29919 3.14527 4.78241 96.6989
internal_count=13693 3168 3041 2616 382 2234 1480 1344 781 273 136 122 127 754
is_linear=0
shrinkage=0.03


Tree=259
num_leaves=15
num_cat=0
split_feature=8 4 0 1 4 4 7 2 8 4 2 4 1 2
split_gain=4.75381 7.5173 14.0577 15.4739 7.75398 6.08447 5.85208 4.9122 4.9089 5.80983 4.16387 4.94743 6.67192 5.86621
threshold=31.350000000000005 65.882388627330798 12.11166666666667 6.0400000000000036 74.856407531770358 41.3693692444185 15.250000000000002 37.670000000000016 32.350000000000009 62.622803640618848 24.79000000000001 64.166115723292293 -3.5099999999999976 24.230000000000008
decision_type=2 2 2 2 2 2 2 2 2 2 2 2 2 2
left_child=10 2 6 5 -3 -4 -2 -5 9 -7 11 12 -1 -13
right_child=1 4 3 7 -6 8 -8 -9 -10 -11 -12 13 -14 -15
leaf_value=-0.0023144823398923201 -0.015141083977311962 -0.012795561517569668 0.018967801242001016 0.040896251118984074 0.0076085574835650493 -0.016164878569149076 0.028926150648015424 -0.015963772388326525 -0.023521942525948948 0.036988447332565053 0.0023977584746249984 0.0011828227372907519 -0.039519546557057597 -0.010816635414266825
leaf_weight=11.159222531132402 2.5111102866940227 89.947841686196625 3.6484831692650905 6.1570386071689418 19.844893594505265 3.6193007566034785 18.631378180347383 1.1226018751040099 26.880199890583754 2.1193695091642439 633.13435671292245 205.36217690142803 6.23982960730791 43.599315928528085
leaf_count=390 49 910 99 107 518 41 121 239 246 14 7547 2856 61 493
internal_value=0.000194781 -0.00432257 0.00375395 -0.00601844 -0.00907216 -0.0141388 0.0232448 0.0312588 -0.0182959 0.00604128 0.00107487 -0.0020668 -0.0170801 -0.000953446
internal_weight=1073.98 174.482 64.6895 43.547 109.793 36.2674 21.1425 7.27964 32.6189 5.73867 899.495 266.361 17.3991 248.961
internal_count=13691 2344 916 746 1428 400 170 346 301 55 11347 3800 451 3349
is_linear=0
shrinkage=0.03


Tree=260
num_leaves=15
num_cat=0
split_feature=5 8 2 1 2 4 7 5 4 8 1 6 8 5
split_gain=3.65272 3.50143 3.83027 3.66578 9.44871 18.0043 10.1677 8.99621 8.3433 10.7535 11.8302 9.28236 9.20303 8.3133
threshold=3470.7541503906255 6.9500000000000011 22.010000000000009 2.4300000000000028 29.460000000000008 67.277502390347863 29.550000000000004 317.48355102539068 56.945562790795641 23.950000000000006 3.7000000000000046 7.0500000000000016 38.050000000000004 149.37849426269534
decision_type=2 2 2 2 2 2 2 2 2 2 2 2 2 2
left_child=1 2 -1 -3 5 -5 8 -7 12 10 -10 -11 -6 -8
right_child=-2 3 -4 4 6 7 13 -9 9 11 -12 -13 -14 -15
leaf_value=-0.0013203259195885134 -0.025415715341940155 0.00073771043089111341 -0.03023504219639906 -0.046392177909543121 -0.029409902602314485 7.1576755474969035e-05 0.00040142967371984458 -0.026612779223601297 -0.01842525481883624 -0.022260988763913699 0.025259521838793597 0.0016224741264573891 0.015637542596932685 0.029798163708619808
leaf_weight=9.6179418396204692 4.278604387305676 833.10326486942358 6.3461122694425276 10.72352520842105 17.24114878335968 51.166393421124667 17.392179270740598 13.617726117372511 6.4900426017120507 20.893627249635756 22.813985988730565 43.870824599871412 4.5664042532443991 16.295327587984502
leaf_count=84 280 9063 147 137 892 577 264 173 58 947 332 528 88 171
internal_value=-0.00052051 -0.000397798 -0.0139194 -0.000180857 -0.00356917 -0.0121447 0.000812139 -0.0058568 -0.00342648 0.000514912 0.0152958 -0.00630389 -0.0197051 0.0150703
internal_weight=1078.42 1074.14 15.9641 1058.17 225.071 75.5076 149.564 64.7841 115.876 94.0685 29.304 64.7645 21.8076 33.6875
internal_count=13741 13461 231 13230 4167 887 3280 750 2845 1865 390 1475 980 435
is_linear=0
shrinkage=0.03


Tree=261
num_leaves=15
num_cat=0
split_feature=6 7 2 5 6 3 7 3 3 6 7 7 6 6
split_gain=4.09813 6.57799 5.7259 7.78478 4.46482 5.76856 6.20343 3.60433 4.03456 4.3593 4.22697 4.85536 5.37292 4.75243
threshold=4.6500000000000012 139.95000000000002 16.430000000000007 3470.7541503906255 5.1500000000000012 2.8249844571431795 206.15000000000006 3.5041390522533491 3.2312809473728179 5.0500000000000016 32.45000000000001 34.050000000000004 7.6500000000000012 5.7500000000000009
decision_type=2 2 2 2 2 2 2 2 2 2 2 2 2 2
left_child=-1 2 3 -2 5 -3 -7 8 10 -10 -4 -12 13 -13
right_child=1 4 7 -5 -6 6 -8 -9 9 -11 11 12 -14 -15
leaf_value=0.016431618363714894 0.03466215520479958 -0.018418665377485325 -0.0011863822260134193 -0.021269519977341854 -0.024542637634307824 0.022756308753757299 -0.019756370739286974 0.023695920486885583 -0.037564410209666971 -0.0051021489073475694 0.014314952429769351 -0.0011666155883506442 -0.027874205402901132 0.0051129724009560352
leaf_weight=13.391217397758735 8.178453844971953 11.138099755859004 515.16546213487163 2.2147336581256232 14.151089541846885 8.9895175006240589 3.582618534564971 5.0115237836726001 3.7615831450093564 19.103190829977393 29.542545252945274 196.08920783177018 4.3808999098837367 240.88265388226137
leaf_count=198 47 137 7202 179 183 68 28 101 74 441 292 1978 44 2676
internal_value=0.000529728 0.000313984 0.000772874 0.0219227 -0.0118016 -0.00351186 0.0100786 0.000534696 0.0003963 -0.0117929 0.000690605 0.00274222 0.00193697 0.00229881
internal_weight=1075.58 1062.19 1024.33 10.3932 37.8613 23.7102 12.5721 1013.94 1008.93 22.8648 986.061 470.895 441.353 436.972
internal_count=13648 13450 13034 226 416 233 96 12808 12707 515 12192 4990 4698 4654
is_linear=0
shrinkage=0.03


Tree=262
num_leaves=15
num_cat=0
split_feature=7 6 2 5 4 0 0 5 7 1 1 0 2 6
split_gain=2.99173 9.05893 5.04551 5.83561 7.1969 4.47372 7.01294 4.36492 3.95476 4.4818 3.962 3.62277 3.58408 3.35128
threshold=139.95000000000002 4.7500000000000009 13.830000000000005 2137.5385742187505 39.528311884913158 6.5575000000000037 10.191250000000005 3933.8288574218755 10.450000000000001 -1.3999999999999984 2.1100000000000025 0.5754166666666698 27.030000000000005 5.3500000000000014
decision_type=2 2 2 2 2 2 2 2 2 2 2 2 2 2
left_child=2 -2 7 8 12 13 -7 -1 9 -4 -11 -10 -5 -3
right_child=1 5 3 4 -6 6 -8 -9 11 10 -12 -13 -14 -15
leaf_value=0.038389465896550748 0.012830435394787527 -0.015437781799842412 -0.021382495961153207 -0.014895186717800398 -0.023370091234717335 0.010813414182177584 -0.035858831729134732 -0.016349222332858217 -0.024534938447116499 0.01453105490263628 -0.013467879168836207 0.00081164540872296893 0.041445681478385885 -0.043834953436092644
leaf_weight=4.3889698470011345 13.434854760766028 16.418415503343571 14.835785449948164 0.94993384159170391 16.55087925796397 10.150800611823795 2.9163130042143157 1.1071868948638437 4.1023927279748014 8.3746884458232689 7.8400276898173606 973.42150090448558 1.8058622414246199 4.8924491917714468
leaf_count=26 139 199 399 95 315 95 27 76 442 187 1035 10616 37 76
internal_value=-0.000155316 -0.00741296 0.000187327 2.07386e-05 -0.0159021 -0.0154631 -0.00141153 0.0265432 0.000340992 -0.0100292 0.000997268 0.000680308 0.0232298 -0.0236296
internal_weight=1081.19 47.8128 1033.38 1027.88 19.3067 34.378 13.0671 5.49616 1008.57 31.0505 16.2147 977.524 2.7558 21.3109
internal_count=13764 536 13228 13126 447 397 122 102 12679 1621 1222 11058 132 275
is_linear=0
shrinkage=0.03


Tree=263
num_leaves=15
num_cat=0
split_feature=2 5 5 8 7 3 1 3 5 0 2 8 0 1
split_gain=3.39332 4.83316 9.60168 6.53407 4.98554 6.24925 6.74234 6.36615 6.12333 5.84972 5.1101 4.87166 4.34049 13.1595
threshold=32.630000000000017 220.88405609130862 37.515192031860359 30.950000000000006 17.050000000000004 2.2112272835382036 -4.119999999999993 2.0614147635482767 802.19177246093761 15.087083333333338 34.230000000000011 31.750000000000004 12.366666666666671 -0.59999999999999842
decision_type=2 2 2 2 2 2 2 2 2 2 2 2 2 2
left_child=12 2 -2 -4 5 7 -7 10 -9 -8 -3 -5 -1 -14
right_child=1 4 3 11 -6 6 9 8 -10 -11 -12 -13 13 -15
leaf_value=0.00036666520996037966 0.011850490068106141 0.040799597326748219 -0.017432379901050243 0.032319265705777214 0.015353203534258288 -0.024027569431932447 0.024491419660759312 0.066362484180849612 -0.0038780686820132689 -0.0029845514050209267 -0.017341924078794941 -0.0035547139056651871 -0.017981612605284802 -0.00081822485036137657
leaf_weight=649.74625083059072 27.919320061337203 0.88828145712613871 32.970684435684234 3.4528462439775494 44.044682910200208 9.3469982370734197 7.980738127604126 2.7988405723590404 1.4329128470271824 30.472970644710585 3.8729924093931913 13.841511195991187 49.403363624587655 199.22568100062199
leaf_count=7232 608 25 972 62 413 138 56 57 65 817 347 316 438 2129
internal_value=-0.000172199 0.00358765 -0.00199947 -0.00977341 0.00789667 0.00194839 -0.00251215 0.0235364 0.0463832 0.00319408 -0.00129588 0.00498271 -0.000924594 -0.00428701
internal_weight=1077.4 179.023 78.1844 50.265 100.838 56.7937 47.8007 8.99303 4.23175 38.4537 4.76127 17.2944 898.375 248.629
internal_count=13675 3876 1958 1350 1918 1505 1011 494 122 873 372 378 9799 2567
is_linear=0
shrinkage=0.03


Tree=264
num_leaves=15
num_cat=0
split_feature=8 1 6 7 2 2 5 6 1 1 8 5 8 5
split_gain=4.65883 3.49914 3.42179 10.0789 9.05166 6.69873 6.08698 5.93436 5.36624 5.10191 9.13905 4.2686 4.11464 6.46837
threshold=46.550000000000004 10.730000000000004 4.7500000000000009 142.65000000000003 22.350000000000012 16.430000000000007 3933.8288574218755 5.3500000000000014 -9.8099999999999952 -9.2099999999999955 22.450000000000006 28.595915794372562 8.5500000000000025 159.65335845947268
decision_type=2 2 2 2 2 2 2 2 2 2 2 2 2 2
left_child=1 2 4 5 -1 6 -4 9 -6 11 -11 -5 13 -7
right_child=-2 -3 3 7 8 12 -8 -9 -10 10 -12 -13 -14 -15
leaf_value=0.024500368954289208 -0.031047334301874892 -0.015296056971316351 0.03240529819483709 0.012540468229409824 -0.029030245703257261 -0.00023346354470477073 -0.019879454322400219 -0.036617081112520537 0.0089985016898387667 0.014424558952172565 -0.03856277390923997 -0.033363026929768363 0.00094229068819906656 -0.037700358951606311
leaf_weight=16.570186246186498 3.2245235703885546 11.449607929680495 9.3447877967264485 1.7569236629642526 5.2323720348067582 11.77194537734613 1.769632753683253 8.0718868812546116 6.4398885853588563 12.48304705321789 2.7479377426207057 7.4076163151767105 987.59128993423656 5.4131987863220266
leaf_count=194 71 1230 71 17 34 210 143 95 70 92 22 109 11379 67
internal_value=0.000397054 0.000518665 0.000700892 0.000418147 0.0108232 0.000950885 0.0231267 -0.0157813 -0.0089944 -0.00771688 0.00307783 -0.0241949 0.000682834 -0.0134594
internal_weight=1091.27 1088.05 1076.6 1048.36 28.2424 1015.89 11.1144 32.4674 11.6723 24.3955 15.231 9.16454 1004.78 17.1851
internal_count=13804 13733 12503 12205 298 11870 214 335 104 240 114 126 11656 277
is_linear=0
shrinkage=0.03


Tree=265
num_leaves=15
num_cat=0
split_feature=8 4 4 2 2 3 1 4 5 8 2 4 3 8
split_gain=3.07467 4.34636 3.42021 5.44697 6.28001 7.2058 5.42804 5.12419 5.01539 5.93272 7.62466 5.89267 5.0747 4.59428
threshold=44.45000000000001 56.169129675191691 81.203787375263644 13.830000000000005 25.43000000000001 2.623569721740374 -18.869999999999994 86.085062248403489 2437.5661621093755 19.550000000000004 22.910000000000011 74.955703577671002 2.7551351618907289 27.250000000000004
decision_type=2 2 2 2 2 2 2 2 2 2 2 2 2 2
left_child=2 -2 3 -1 5 6 -5 -4 9 10 11 -7 -13 -6
right_child=1 -3 7 4 13 8 -8 -9 -10 -11 -12 12 -14 -15
leaf_value=0.026907385284827865 0.012974546820457339 -0.030059209456512508 0.0097403695053822972 -0.0018741950354855133 0.0034868282111609602 -0.015649834526763731 -0.036967464476312335 -0.021150285102355303 -0.024056280727006503 0.0024262427969820024 -0.013630104128738278 -0.030125828297729137 0.01060730796998474 -0.0012936520590700322
leaf_weight=5.7705878270789972 2.422266580630092 5.6021687006577849 57.818598530255258 6.7282243720255783 404.62712993344758 11.949165207333861 9.0730174202471954 4.3307165289297691 8.5528277552220953 132.49642880028114 64.172063693404198 2.0156468991190186 35.885697986930609 325.88781307893805
leaf_count=94 29 85 1068 231 4900 93 130 106 155 1634 751 45 431 4003
internal_value=0.000367654 -0.0170707 0.000514344 8.96067e-05 -9.16223e-05 -0.00398463 -0.0230256 0.00728699 -0.00271977 -0.00188531 -0.00687296 0.00192244 0.00772233 0.00135537
internal_weight=1077.33 8.02444 1069.31 1007.16 1001.39 270.873 15.8012 62.1493 255.072 246.519 114.023 49.8505 37.9013 730.515
internal_count=13755 114 13641 12467 12373 3470 361 1174 3109 2954 1320 569 476 8903
is_linear=0
shrinkage=0.03


Tree=266
num_leaves=15
num_cat=0
split_feature=7 2 6 4 0 4 2 7 3 6 4 3 3 2
split_gain=3.24565 6.01304 5.01481 4.95935 3.15789 6.88072 10.8677 15.442 13.3045 7.27812 9.83804 6.05838 5.42323 7.81409
threshold=5.9500000000000011 39.550000000000018 7.7500000000000009 41.3693692444185 14.616666666666669 69.543245090551423 29.460000000000008 29.050000000000004 2.9581001965622695 7.1500000000000012 52.613903674843229 3.3957507652705003 3.5041390522533491 30.680000000000007
decision_type=2 2 2 2 2 2 2 2 2 2 2 2 2 2
left_child=-1 4 3 -3 11 6 8 9 -6 -8 -11 -2 13 -7
right_child=1 2 -4 -5 5 12 7 -9 -10 10 -12 -13 -14 -15
leaf_value=-0.019274069986300494 0.0003245829139121517 0.029518968450889853 0.049891031239393063 -0.019969087333212308 -0.039442479804640072 -0.0042065134572921679 -0.010036369478591076 0.021677798161666921 0.011729608519886048 -0.015383472973257897 0.0099936795461463696 -0.030172821791477962 0.018691950841605957 -0.024280339779804195
leaf_weight=7.4569450487615532 798.98623208794743 2.4726239221636188 2.8201532314997166 2.8606023509055376 11.935310147702696 39.028135958127677 59.580145990010351 28.417759226169437 6.4923472153022876 17.111806040396914 56.492305745137855 4.9056570976972571 4.2305462723597875 31.345839387737215
leaf_count=690 8842 37 113 217 128 419 942 191 58 379 489 25 91 1139
internal_value=-0.000760994 -0.000613642 0.0235986 0.00401305 -0.000822235 -0.00372662 -0.000534021 0.00200271 -0.021738 -0.00232566 0.00396677 0.00010122 -0.0113218 -0.0133627
internal_weight=1074.14 1066.68 8.15338 5.33323 1058.53 254.634 180.03 161.602 18.4277 133.184 73.6041 803.892 74.6045 70.374
internal_count=13760 13070 367 254 12703 3836 2187 2001 186 1810 868 8867 1649 1558
is_linear=0
shrinkage=0.03


Tree=267
num_leaves=15
num_cat=0
split_feature=1 2 5 7 2 7 2 6 5 0 5 0 0 7
split_gain=4.00008 6.90172 7.15177 4.3094 5.87286 4.0911 5.48177 4.22633 4.08025 3.6895 3.24878 5.04234 2.78544 3.10361
threshold=-19.729999999999993 31.780000000000001 25.448328971862797 54.850000000000016 26.230000000000008 6.5500000000000016 39.550000000000018 7.7500000000000009 86.323806762695327 1.6875000000000033 2137.5385742187505 9.6645833333333382 9.0512500000000049 50.750000000000007
decision_type=2 2 2 2 2 2 2 2 2 2 2 2 2 2
left_child=1 2 -1 4 9 -2 10 -8 -5 -4 -7 12 13 -12
right_child=5 -3 3 8 -6 6 7 -9 -10 -11 11 -13 -14 -15
leaf_value=0.043056336377837214 -0.018178946716692738 0.051938232872812254 -0.016973188028847334 -0.0045187165306988016 -0.022663264197248172 0.00089227696739589755 0.006318389847454144 0.050443530546581718 -0.039431192317445088 0.014349379982291129 -0.019084993996757695 -0.029459451425563995 0.02863747992578021 0.0098321568389934146
leaf_weight=1.1339928773231793 9.2725780776236189 0.64249765872955222 3.7626014172565219 4.9674100768752378 10.148474933113901 993.41537084011361 5.2788760603871188 2.4592959100846201 7.9729343564249575 11.097850820980964 5.924120543990286 7.1672956300899378 1.617219635285436 5.575636784080416
leaf_count=34 819 13 364 100 138 11147 235 88 385 109 174 84 12 69
internal_value=0.000296877 -0.00892528 -0.0111966 -0.0138816 -0.00614792 0.000660625 0.000849262 0.0245099 -0.0273149 0.00584852 0.00064467 -0.010954 0.000528192 -0.00539963
internal_weight=1070.44 39.7258 39.0833 37.9493 25.0089 1030.71 1021.44 7.73817 12.9403 14.8605 1013.7 20.2843 13.117 11.4998
internal_count=13771 1143 1130 1096 611 12628 11809 323 485 473 11486 339 255 243
is_linear=0
shrinkage=0.03


Tree=268
num_leaves=15
num_cat=0
split_feature=7 0 8 1 2 2 0 2 5 7 3 5 8 8
split_gain=3.04254 5.59642 10.9272 5.44393 6.96035 4.27966 5.03692 4.1492 5.7237 2.91972 4.77646 4.05447 3.83134 3.80095
threshold=135.35000000000005 6.5575000000000037 21.750000000000004 -4.7099999999999973 22.350000000000012 22.010000000000009 3.6654166666666703 16.430000000000007 3933.8288574218755 19.850000000000005 2.8914649762579918 2137.5385742187505 20.450000000000006 32.45000000000001
decision_type=2 2 2 2 2 2 2 2 2 2 2 2 2 2
left_child=7 3 -3 4 5 6 -2 8 -1 10 13 -11 -13 -9
right_child=1 2 -4 -5 -6 -7 -8 9 -10 11 -12 12 -14 -15
leaf_value=0.029274740934834301 -0.017697988097315626 0.018318251814993136 -0.032052649884522541 -0.044618869376342386 -0.02994666829156949 0.026765590087549664 0.015173336023276834 0.0015379629624917618 -0.020425025037931543 0.0014759805259738146 -0.012784153424854514 0.0085115943993627329 -0.022744111452378084 -0.0093489733391813219
leaf_weight=8.167013176251201 10.403337167808795 14.485653157811614 4.1938757789321235 3.6704069264233103 8.6325337851885688 3.597351385280489 5.7123108729720107 137.50730998325162 1.9240611693821836 795.52358967531472 34.762507602805272 4.417654992779716 10.774061178090049 35.466277842991985
leaf_count=67 141 155 42 20 133 35 52 2470 158 8487 1281 73 157 452
internal_value=0.000204531 -0.00689761 0.00595505 -0.0143497 -0.00904327 0.00111441 -0.00584074 0.000560945 0.0188113 0.000361841 -0.00280304 0.00117526 -0.0136908 -0.000735187
internal_weight=1079.24 50.6955 18.6795 32.0159 28.3455 19.713 16.1156 1028.54 10.0911 1018.45 207.736 810.715 15.1917 172.974
internal_count=13723 578 197 381 361 228 193 13145 225 12920 4203 8717 230 2922
is_linear=0
shrinkage=0.03


Tree=269
num_leaves=15
num_cat=0
split_feature=1 5 2 0 2 7 3 8 7 2 1 7 2 8
split_gain=3.94781 3.49568 7.57104 9.96987 9.51007 16.3306 7.52936 6.36165 7.47714 7.35943 6.07129 5.90711 5.84584 13.1111
threshold=23.110000000000007 276.22181701660162 32.150000000000013 13.802500000000004 29.460000000000008 27.550000000000004 2.6396358757844824 25.850000000000005 11.950000000000001 34.670000000000016 -19.729999999999993 24.050000000000004 29.640000000000004 27.850000000000005
decision_type=2 2 2 2 2 2 2 2 2 2 2 2 2 2
left_child=1 6 3 -3 -5 11 7 8 -1 10 -9 -6 13 -8
right_child=-2 2 -4 4 5 -7 12 9 -10 -11 -12 -13 -14 -15
leaf_value=0.019394908630952692 0.0270736005199388 0.0026866647788359507 0.0095471935620824819 -0.02537295886726499 -0.0082264225862144214 0.021684486851004992 -0.00016557718009464081 -0.023818627367648181 -0.026091908910603624 -0.028295377266035211 0.0033291177214312732 -0.044554376631555218 -0.0042619472998314924 0.014247256524442647
leaf_weight=2.998153408640067 4.0595511458814135 290.19434941443615 104.69123185356148 22.984352739527822 16.60443365434185 15.408727683825417 296.6701198273804 7.4877774673514059 24.145688850199804 8.5609970040386525 57.609160518273711 4.6157617634162298 160.11534310388379 69.250393343158066
leaf_count=195 42 3151 1821 300 208 141 3653 49 286 351 310 56 2369 837
internal_value=0.00063457 0.00051039 0.00251072 0.000383612 -0.0106869 -0.00104211 -0.000941668 -0.00840985 -0.0205571 -0.00371806 -0.000106668 -0.0177779 0.000502666 0.00259344
internal_weight=1085.4 1081.34 454.499 349.808 59.6133 36.6289 626.838 100.802 27.1438 73.6579 65.0969 21.2202 526.036 365.921
internal_count=13769 13727 5677 3856 705 405 8050 1191 481 710 359 264 6859 4490
is_linear=0
shrinkage=0.03


Tree=270
num_leaves=15
num_cat=0
split_feature=3 5 8 7 5 8 7 8 8 8 7 1 3 1
split_gain=3.26692 9.81141 5.90234 6.85195 6.96148 5.69784 5.80278 5.81681 8.19773 8.14006 6.01672 5.61782 5.47565 5.98871
threshold=2.6396358757844824 200.27383422851565 26.150000000000006 31.850000000000005 122.09938049316408 17.250000000000004 49.750000000000007 28.150000000000006 25.750000000000004 27.050000000000004 9.0500000000000025 1.4600000000000068 2.6564144601913733 -6.1699999999999964
decision_type=2 2 2 2 2 2 2 2 2 2 2 2 2 2
left_child=1 2 -1 -4 -5 -3 7 8 10 11 -7 -10 -2 -14
right_child=12 5 3 4 -6 6 -8 -9 9 -11 -12 -13 13 -15
leaf_value=-0.024167700634898249 0.012233488854834735 -0.020831010848320019 -0.018659045282376448 0.013325102240843385 -0.014384125155466531 -0.023554202863717944 -0.034134264763556535 -0.0044884301199694804 0.054960500492716807 0.0049213321183339967 0.0070813480426387028 0.0025422906310782062 -0.0041587205969017211 0.0011558719375958418
leaf_weight=25.254647785797715 29.867424450116232 8.7125586378388089 23.511844962486066 19.484165159054101 12.582355119287966 5.7671998926671213 2.639825250953435 39.860154205118306 7.4855443558190036 9.5915735873859358 38.482334538828582 2.4777447124943137 286.20152430841699 567.78481282736175
leaf_count=412 225 276 357 117 64 370 118 563 93 125 582 51 2631 7827
internal_value=-0.000958696 -0.00445382 -0.0123947 -0.00671254 0.00234628 0.00118573 0.00316751 0.00443445 0.00999204 0.025655 0.00265621 0.0433457 -0.000180066 -0.00062802
internal_weight=1079.7 195.85 80.833 55.5784 32.0665 115.017 106.304 103.665 63.8044 19.5549 44.2495 9.96329 883.854 853.986
internal_count=13811 3128 950 538 181 2178 1902 1784 1221 269 952 144 10683 10458
is_linear=0
shrinkage=0.03


Tree=271
num_leaves=15
num_cat=0
split_feature=1 7 5 1 3 0 1 5 1 0 1 0 0 4
split_gain=4.31504 7.38584 8.66629 5.87574 5.79797 8.53269 5.91678 5.87549 5.6452 6.89468 8.22915 6.77148 9.34466 13.4653
threshold=-16.949999999999992 58.650000000000013 25.448328971862797 -15.079999999999995 2.5473808314219206 4.6191666666666702 -21.409999999999993 540.74963378906261 -9.6099999999999941 5.775000000000003 -5.2999999999999945 8.437083333333339 5.5687500000000023 79.307823360413394
decision_type=2 2 2 2 2 2 2 2 2 2 2 2 2 2
left_child=1 4 -3 -2 6 7 -1 -6 11 10 -10 12 13 -5
right_child=3 2 -4 8 5 -7 -8 -9 9 -11 -12 -13 -14 -15
leaf_value=0.023479732133695183 0.011571541306176046 0.039362326418897878 -0.030320544149446474 -0.021975804302871809 0.010510487105587529 -0.029771471381788282 -0.021975327144209446 -0.019366913188284828 0.020541166223455545 0.00018168130227126476 -0.025741040748023539 -0.017704297249418188 0.0056072941451102212 0.0094441415710933493
leaf_weight=2.1585543567780432 38.304196113720536 0.92429485777393239 15.310071416664867 35.061290198005736 43.842777495272458 5.5369239263236514 17.432482443284243 5.8902313658036283 25.76738436147571 770.43687105237041 3.1027293261140576 31.68617741111666 62.523064257577062 17.90864946693182
leaf_count=196 334 34 504 268 391 46 232 208 189 10381 18 300 487 123
internal_value=-0.000374806 -0.0065847 -0.0242994 0.000205721 -0.0024734 0.002546 -0.01607 0.0066599 -0.00026598 0.000730195 0.0148719 -0.00564447 -0.00221221 -0.0113748
internal_weight=1075.89 91.0953 16.2344 984.79 74.861 55.2699 19.591 49.733 946.486 799.307 28.8701 147.179 115.493 52.9699
internal_count=13711 1611 538 12100 1073 645 428 599 11766 10588 207 1178 878 391
is_linear=0
shrinkage=0.03


Tree=272
num_leaves=15
num_cat=0
split_feature=1 1 1 2 4 6 3 7 8 6 2 3 3 7
split_gain=3.98173 4.79104 3.69226 3.39455 3.80219 4.16954 5.1405 3.18218 5.14927 5.9613 5.47435 3.88374 8.35367 4.22173
threshold=23.110000000000007 10.730000000000004 -23.989999999999991 39.550000000000018 33.3705414203054 7.7500000000000009 2.7381381513186649 9.0500000000000025 25.750000000000004 7.8500000000000014 36.490000000000016 1.8241256582029706 1.6306310536445865 11.350000000000003
decision_type=2 2 2 2 2 2 2 2 2 2 2 2 2 2
left_child=1 2 -1 7 -5 6 -6 8 -4 10 -10 12 -9 -14
right_child=-2 -3 3 4 5 -7 -8 11 9 -11 -12 -13 13 -15
leaf_value=-0.021707624110254668 0.026373344001593819 -0.022655328962696227 -0.025427691903175721 -0.01883661288018141 -0.02235121334216859 0.042314071099506016 0.029517098937926839 -0.01823904051638597 0.049940494042953434 -0.022545236519981422 -0.01624200526055997 8.946929964369963e-05 0.091245941523966451 0.0042160178720672828
leaf_weight=5.9872755729593328 4.1183894369751206 7.4461615425534537 9.8002388377208245 1.5564095985610027 2.579352851957081 4.1935149392811581 2.3208444118499756 1.3917394150048488 2.3896751157008107 2.4587404292542487 1.094735160237178 1029.5177873317152 0.68379400111734845 0.85955069307237864
leaf_count=636 43 1178 440 238 79 206 88 52 53 159 68 10461 11 32
internal_value=-2.38567e-05 -0.000149721 2.87647e-05 0.00017204 0.0162765 0.023557 0.00305393 -6.94625e-06 -0.0129809 0.00825003 0.0301621 0.000203256 0.0299501 0.0634909
internal_weight=1076.4 1072.28 1064.83 1058.85 10.6501 9.09371 4.9002 1048.2 15.7434 5.94315 3.48441 1032.45 2.93508 1.54334
internal_count=13744 13701 12523 11887 611 373 167 11276 720 280 121 10556 95 43
is_linear=0
shrinkage=0.03


Tree=273
num_leaves=15
num_cat=0
split_feature=3 2 3 2 0 0 1 8 3 0 4 0 1 2
split_gain=3.72633 12.2257 10.7448 6.16396 8.11557 6.49155 7.55931 7.63886 9.69693 6.55079 5.68732 7.96679 5.72786 5.78277
threshold=2.6396358757844824 25.550000000000008 2.6525170856833844 35.410000000000011 20.794166666666673 14.616666666666669 3.4800000000000031 19.950000000000006 2.8031360556287286 20.617083333333337 72.601595779063814 15.873333333333335 -0.53999999999999615 31
decision_type=2 2 2 2 2 2 2 2 2 2 2 2 2 2
left_child=1 -1 -2 5 -5 -4 10 8 -8 -9 11 12 -7 -14
right_child=2 -3 3 4 -6 6 7 9 -10 -11 -12 -13 13 -15
leaf_value=-0.02537418683182446 0.020939941313365566 -0.0012974523853866971 0.0010746342302677032 0.021713982691613821 -0.018831604604763175 -0.022084214994895442 -0.015533738184569927 -0.0075670007162877816 0.024738611294331334 0.015386880976565152 -0.037542901184936139 -0.022307666450598482 -0.010665249114609813 0.017715161273809402
leaf_weight=20.313290444901213 21.881963848369196 174.69467827666085 647.26599897141568 21.775353023782376 4.7008126019500187 7.1109898388385764 6.7053254488855627 85.84906993759796 18.120731187053025 11.898258424131198 6.92809916101396 25.170756220817566 9.7680964432656783 15.502640433609484
leaf_count=499 156 2586 7114 153 825 93 44 637 251 756 88 389 69 102
internal_value=-0.000180079 -0.0039221 0.00065014 0.000110661 0.0140918 -0.000349352 -0.00525631 -0.000852895 0.0136811 -0.00464542 -0.0134861 -0.00999839 -4.85996e-05 0.00675666
internal_weight=1077.69 195.008 882.678 860.796 26.4762 834.32 187.054 122.573 24.8261 97.7473 64.4806 57.5525 32.3817 25.2707
internal_count=13762 3085 10677 10521 978 9543 2429 1688 295 1393 741 653 264 171
is_linear=0
shrinkage=0.03


Tree=274
num_leaves=15
num_cat=0
split_feature=1 0 8 2 0 2 7 5 5 8 2 1 1 8
split_gain=2.48155 10.3303 12.0505 9.27216 7.75884 7.7462 9.46245 12.3083 11.1643 11.5814 7.42115 6.8465 7.53853 5.98403
threshold=-9.6099999999999941 7.4983333333333375 22.450000000000006 14.950000000000005 5.775000000000003 27.710000000000008 39.45000000000001 108.58045959472658 570.06497192382824 23.750000000000004 24.79000000000001 -16.629999999999992 -11.489999999999995 22.050000000000004
decision_type=2 2 2 2 2 2 2 2 2 2 2 2 2 2
left_child=1 2 3 -1 5 6 8 -8 -4 -10 -5 -6 -13 -3
right_child=-2 13 4 10 11 -7 7 -9 9 -11 -12 12 -14 -15
leaf_value=0.03392731065071989 0.00056285897523644267 0.0030357769893045827 0.046776880571073029 -0.018331528604630366 -0.020992083597019966 -0.018385723162285449 0.019420152992363673 -0.0075426651183004073 0.061220969116940721 -0.024901491978157397 -0.00029227852488328059 0.029680547683106434 -0.0052781115362628538 -0.020249646566800752
leaf_weight=3.4523774890694758 802.97164172155317 12.843413394875823 8.3504083701409382 47.462382836500183 2.9085096381604663 14.07653555087745 20.538684188388288 51.085672382730991 0.84229542780667443 4.9839838957414031 35.66036991099827 24.23295508697629 6.7686760481447008 39.515922236256301
leaf_count=82 10687 154 56 838 32 134 161 469 27 132 381 190 70 386
internal_value=-0.000277395 -0.00274436 0.000122945 -0.00854178 0.00575173 0.00148087 0.00491445 0.000350017 0.0264326 -0.00530641 -0.010688 0.0179282 0.0221215 -0.014588
internal_weight=1075.69 272.722 220.363 86.5751 133.788 99.8776 85.801 71.6244 14.1767 5.82628 83.1228 33.9101 31.0016 52.3593
internal_count=13799 3112 2572 1301 1271 979 845 630 215 159 1219 292 260 540
is_linear=0
shrinkage=0.03


Tree=275
num_leaves=15
num_cat=0
split_feature=1 7 0 8 0 4 8 4 6 8 1 7 5 6
split_gain=3.12229 5.9907 12.5161 8.73197 5.52887 11.5371 5.77589 5.40003 6.69615 7.88975 6.51846 5.24541 5.19524 11.4888
threshold=-1.0599999999999949 59.350000000000016 13.802500000000004 13.750000000000002 11.32083333333334 69.793263973270058 29.150000000000006 53.00437893998221 6.9500000000000011 19.150000000000006 -8.8499999999999943 19.450000000000006 856.36730957031261 6.5500000000000016
decision_type=2 2 2 2 2 2 2 2 2 2 2 2 2 2
left_child=4 2 -2 -3 7 6 -6 10 9 -9 -1 -7 -4 -14
right_child=1 3 12 -5 5 11 -8 8 -10 -11 -12 -13 13 -15
leaf_value=0.022668935183524291 0.01328806843712526 0.019423271589945241 0.0018282883075467062 -0.012956642505665604 0.0042753173088877746 0.00027309612762428643 -0.010634582959367363 -0.0046628484772983179 -0.009562436302283938 0.0036379469964569187 -0.011223705170666277 -0.031504339393319543 -0.030058087759383307 0.0043651919792647058
leaf_weight=17.69434626353905 86.60704938089475 8.1231227410025877 247.69299195555504 42.728559881448746 54.125527962110937 6.0022022649645832 39.667756931856275 158.87352345185354 64.738109746016562 289.02128164237365 6.3255340023897579 19.874155566096306 14.289256746880708 19.824695203569718
leaf_count=534 1814 134 4146 500 570 50 357 1643 542 2684 96 135 275 341
internal_value=2.86234e-05 0.00204817 0.00338414 -0.00750939 -0.00126264 -0.00706491 -0.00207615 4.19617e-05 -0.000621067 0.00068973 0.0136516 -0.0243974 0.000304167 -0.010499
internal_weight=1075.59 419.266 368.414 50.8517 656.322 119.67 93.7933 536.653 512.633 447.895 24.0199 25.8764 281.807 34.114
internal_count=13821 7210 6576 634 6611 1112 927 5499 4869 4327 630 185 4762 616
is_linear=0
shrinkage=0.03


Tree=276
num_leaves=15
num_cat=0
split_feature=6 5 8 1 4 0 4 3 3 8 3 3 5 0
split_gain=3.7584 5.15551 5.99407 5.9843 7.49905 6.5166 5.35214 7.36999 6.78155 6.07103 8.75221 6.66515 5.66551 4.96266
threshold=7.5500000000000016 276.22181701660162 33.050000000000004 5.0000000000000044 65.421530153243964 18.891250000000007 50.040024129114492 2.3084362947012038 2.7081488483781833 24.850000000000005 1.8241256582029706 1.7790177943804237 1199.885437011719 13.363333333333339
decision_type=2 2 2 2 2 2 2 2 2 2 2 2 2 2
left_child=-1 2 3 4 13 -5 7 9 12 10 -3 -11 -8 -2
right_child=1 6 -4 5 -6 -7 8 -9 -10 11 -12 -13 -14 -15
leaf_value=-0.0011274870121303173 -0.023298410991997618 0.036550689994602599 0.01454141668785339 -0.051421884390200574 0.027247939436380195 -0.0026786055556601049 0.029052995790578181 -0.015572074096642139 -0.011732717136648713 -0.016624903740382443 -0.021489917707979565 0.051790522428443661 -0.01471472906766785 0.0038916684952671737
leaf_weight=959.37988465209492 10.407271899282938 2.5770271007204446 13.105180296115575 4.2321990542113763 5.5517557524144641 4.8935770553071052 24.250018119113527 12.295460621127857 4.8712823572568587 1.1575185172259796 5.7574342954903841 4.3182120765559375 2.3670178931206456 12.329160180408506
leaf_count=11503 108 140 170 27 50 382 220 296 59 108 316 154 50 186
internal_value=-0.00052851 0.00474835 -0.00223419 -0.00833585 -0.00120789 -0.0281298 0.0108068 0.00066601 0.0189347 0.0151984 -0.00155059 0.0369942 0.0247689 -0.00901141
internal_weight=1067.49 108.113 50.5191 37.414 28.2882 9.12578 57.594 26.1057 31.4883 13.8102 8.33446 5.47573 26.617 22.7364
internal_count=13769 2266 923 753 344 409 1343 1014 329 718 456 262 270 294
is_linear=0
shrinkage=0.03


Tree=277
num_leaves=15
num_cat=0
split_feature=0 1 2 5 2 4 4 2 2 5 5 2 4 7
split_gain=2.60314 8.01602 7.39602 6.69867 8.00446 6.71043 7.86384 5.8447 6.03923 5.44579 5.52861 5.14292 6.91413 4.70434
threshold=16.492916666666673 2.790000000000004 38.530000000000015 61.412071228027351 30.370000000000005 73.913375157659104 59.245239167123209 31.780000000000001 31.530000000000001 171.1984786987305 29.891889572143558 30.910000000000007 67.890308264881341 28.650000000000006
decision_type=2 2 2 2 2 2 2 2 2 2 2 2 2 2
left_child=7 2 -2 5 -5 6 -3 8 -1 10 -9 -8 -13 -6
right_child=1 3 -4 4 13 -7 11 9 -10 -11 -12 12 -14 -15
leaf_value=-0.00033878257290395229 -0.02445547489176601 -0.023810355110804992 0.0094795714553817575 -0.021098446291920002 -0.0037137766461955149 -0.010418082303351082 0.038698724851694503 0.013348912283001373 -0.02108746872353737 0.010825660971256477 -0.010438140747061647 0.024050021128146262 -0.01044856563741367 0.016210831346008175
leaf_weight=772.61009222571738 24.998192994855348 3.2135553637053809 6.8449536298867306 20.71866519888863 63.255386614589952 11.210676450747995 8.8858498763293046 12.006506875157354 11.83589096739888 80.4735147645697 26.282476021908224 13.030840795487167 7.6045231372117987 11.788079180521889
leaf_count=8484 485 126 138 331 2039 315 54 76 98 774 220 115 270 171
internal_value=-0.000381433 -0.00375784 -0.0170943 -0.000618204 -0.00505936 0.00895683 0.0157043 0.00026331 -0.000678292 0.00643648 -0.00282918 0.0206449 0.0114413 -0.000411932
internal_weight=1074.76 171.551 31.8431 139.708 95.7621 43.9454 32.7348 903.208 784.446 118.762 38.289 29.5212 20.6354 75.0435
internal_count=13696 4044 623 3421 2541 880 565 9652 8582 1070 296 439 385 2210
is_linear=0
shrinkage=0.03


Tree=278
num_leaves=15
num_cat=0
split_feature=1 0 8 8 2 8 7 7 8 7 4 4 4 3
split_gain=3.69168 4.27052 3.10362 3.12685 4.99367 3.3056 6.0719 7.92483 4.10544 6.17702 5.58323 3.14961 3.13764 5.05659
threshold=23.110000000000007 22.895000000000007 46.550000000000004 42.050000000000004 32.310000000000009 36.550000000000004 15.250000000000002 28.850000000000005 34.95000000000001 17.750000000000004 60.845749082720452 64.919325809788504 70.201618120264655 2.6349103399517433
decision_type=2 2 2 2 2 2 2 2 2 2 2 2 2 2
left_child=1 2 3 5 -5 8 -7 12 -1 -10 -11 -12 13 -8
right_child=-2 -3 -4 4 -6 6 7 -9 9 10 11 -13 -14 -15
leaf_value=-3.830838956388566e-05 0.025177037204610508 -0.019883413815154939 -0.026906982319998787 -0.0060315799686899551 0.030886759183089096 0.020360715475729388 -0.00092405018060316897 0.0082047923494117016 -0.014701650208150297 0.047721459913097973 -0.018386743008773115 0.015441781459428358 -0.0042427285648550103 -0.042650230290000285
leaf_weight=977.86763746431097 4.2137783356010905 8.758278943016192 2.8285500053316346 5.42423227149993 6.4407657352276146 4.3559982739388969 3.49446972715669 8.7187455645762366 5.3386165346018997 3.9339130884036448 2.0975875928997985 13.825854699127374 5.0763347474858156 9.9308522427454573
leaf_count=11137 45 1854 39 44 41 63 24 91 67 20 17 149 58 76
internal_value=-4.98174e-06 -0.000128945 5.47096e-05 0.0001532 0.0148521 -2.9542e-05 -0.00943457 -0.0147552 0.00027563 0.0119961 0.0195344 0.0101624 -0.0254407 -0.0326063
internal_weight=1062.31 1058.09 1049.33 1046.51 11.865 1034.64 31.5764 27.2204 1003.06 25.196 19.8574 15.9234 18.5017 13.4253
internal_count=13725 13680 11826 11787 85 11702 312 249 11390 253 186 166 158 100
is_linear=0
shrinkage=0.03


Tree=279
num_leaves=15
num_cat=0
split_feature=4 1 1 1 8 8 3 3 6 6 1 0 1 8
split_gain=3.19004 6.25572 4.07639 6.7424 12.2642 6.53954 3.81171 4.78521 4.54243 4.44519 10.7985 4.49211 8.89104 6.98719
threshold=43.595671393729511 2.9000000000000017 -15.389999999999995 -8.4099999999999948 26.250000000000004 26.250000000000004 2.0344679931109422 2.1108253087514872 8.0500000000000025 7.5500000000000016 8.6300000000000043 13.206250000000006 -0.59999999999999842 30.150000000000006
decision_type=2 2 2 2 2 2 2 2 2 2 2 2 2 2
left_child=1 2 -1 5 -5 -4 -2 -8 9 11 -11 -9 -13 -14
right_child=6 -3 3 4 -6 -7 7 8 -10 10 -12 12 13 -15
leaf_value=-0.010589387998196859 -0.026199757507090211 -0.021559631475551198 0.057958313129493406 -0.020901232989142531 0.030199882828247922 -0.0065119361178222054 0.027702284304893035 0.00085053626321872475 -0.023708015279369773 0.0047037280122841033 0.062259130914116452 -0.017312522770390897 0.0014937027015797847 -0.010232468351289655
leaf_weight=3.9982590263243827 3.9902896842686451 4.0168135553831226 4.9868319500237765 6.6099767147097692 8.6290617764461768 1.6092979814857242 4.6149111145641646 679.86774755828083 6.2638235080521545 72.335108302067965 2.0724429416004559 36.307922788430005 175.87349461857229 60.713587581645697
leaf_count=256 201 522 76 239 116 37 82 7280 209 768 38 360 2318 1264
internal_value=0.000238043 0.00974529 0.0152349 0.0202203 0.00811247 0.0434425 -4.33836e-05 8.22806e-05 -6.77204e-05 9.93596e-05 0.00711117 -0.000455121 -0.00369916 -0.0015459
internal_weight=1071.89 29.8502 25.8334 21.8352 15.239 6.59613 1042.04 1038.05 1033.43 1027.17 74.4076 952.763 272.895 236.587
internal_count=13766 1246 724 468 355 113 12520 12319 12237 12028 806 11222 3942 3582
is_linear=0
shrinkage=0.03


Tree=280
num_leaves=15
num_cat=0
split_feature=5 0 8 8 2 5 4 6 0 7 8 5 4 0
split_gain=3.17127 3.1276 7.90588 7.00368 6.10877 12.8343 14.592 5.59202 5.34624 5.31224 6.32449 5.20145 7.02004 5.8688
threshold=3470.7541503906255 14.008333333333338 41.050000000000004 33.150000000000013 29.460000000000008 289.33708190917974 67.277502390347863 7.6500000000000012 18.315416666666671 36.250000000000007 22.150000000000006 246.04593658447268 56.945562790795641 17.241250000000004
decision_type=2 2 2 2 2 2 2 2 2 2 2 2 2 2
left_child=1 -1 3 4 5 6 -3 -5 9 -8 -11 -6 13 -13
right_child=-2 2 -4 7 11 -7 8 -9 -10 10 -12 12 -14 -15
leaf_value=0.0009877215659783074 -0.024724461446961062 -0.05404074000819549 0.019986406437160813 -0.021511925422903446 -0.0039398072151312072 -0.031301836248809126 0.021501797544574031 0.006500992482078677 -0.026156522558972144 -0.022198215915208486 0.016365689484828798 0.0049522219472569635 0.011843089803948471 -0.019439510492158463
leaf_weight=772.27411243808456 3.6998586875852189 3.0579282790422431 12.364823270589111 29.152496753260493 107.66220544348471 17.204724730923772 16.035923330113295 7.6446947545045978 3.1248763208277515 6.8316167034208757 6.5161151085048914 21.397799775004387 59.67299660644494 13.8150382861495
leaf_count=8350 266 23 205 673 2067 231 104 126 62 46 43 194 731 675
internal_value=-0.00013495 -2.75955e-05 -0.00259761 -0.00361848 -0.00182661 -0.0108156 -0.000320633 -0.0156742 0.00619451 0.0103826 -0.00354352 0.000556966 0.00564711 -0.00488993
internal_weight=1080.46 1076.76 304.481 292.116 255.319 52.7712 35.5665 36.7972 32.5085 29.3837 13.3477 202.548 94.8858 35.2128
internal_count=13796 13530 5180 4975 4176 509 278 799 255 193 89 3667 1600 869
is_linear=0
shrinkage=0.03


Tree=281
num_leaves=15
num_cat=0
split_feature=6 4 4 1 4 4 0 1 5 5 0 5 4 8
split_gain=3.59481 4.39958 4.32165 7.11381 4.25331 5.34515 8.01004 13.5808 7.49664 5.46964 5.21713 5.62232 4.8477 4.6587
threshold=5.6500000000000012 78.398231687566934 78.076545659126495 -6.299999999999998 63.22463668737057 68.724193465342196 10.191250000000005 3.7000000000000046 298.58799743652349 257.07260131835943 12.223333333333338 460.74885559082037 80.783803873571614 22.950000000000006
decision_type=2 2 2 2 2 2 2 2 2 2 2 2 2 2
left_child=4 2 -2 -4 -1 13 -7 9 12 -8 11 -11 -9 -6
right_child=1 -3 3 -5 5 6 7 8 -10 10 -12 -13 -14 -15
leaf_value=-0.031632118664952039 0.0015627914247323372 0.01080844442053407 -0.051542446224844572 0.0094910156641272309 0.018128468399114889 0.0001191466552503488 -0.033968314685473462 0.015290211063981592 -0.027337612336580285 0.027021737711301584 -0.029571850762937293 -0.014037676586988535 -0.028290321085888571 -0.0042043608241169941
leaf_weight=3.2968961333390316 742.02220302913338 46.124570849584416 2.5779586466960609 2.8050995818339279 20.50895433826372 185.03415748314001 20.200673973653466 21.163911552634097 4.666009454522281 4.1295687109231967 6.3275087662041178 6.2674392983317375 1.6404968108981837 13.279012884479014
leaf_count=52 9079 1189 27 64 187 1917 291 427 202 36 72 40 49 147
internal_value=0.000876387 0.00191589 0.00135339 -0.0232338 -0.00199926 -0.00154423 -0.00306987 -0.0120949 0.0038389 -0.0237374 -0.0101608 0.00321066 0.0110984 0.00948288
internal_weight=1080.04 793.53 747.405 5.38306 286.515 283.218 249.43 64.3956 27.4704 36.9252 16.7245 10.397 22.8044 33.788
internal_count=13779 10359 9170 91 3420 3368 3034 1117 678 439 148 76 476 334
is_linear=0
shrinkage=0.03


Tree=282
num_leaves=15
num_cat=0
split_feature=8 7 7 1 1 3 3 1 3 8 7 6 3 0
split_gain=3.49149 3.56696 6.0355 11.7629 8.42976 10.0645 8.03544 8.12867 10.4935 8.43724 11.4948 7.02179 7.94625 8.40698
threshold=46.550000000000004 137.85000000000005 70.65000000000002 -1.159999999999995 -3.1999999999999953 2.8052289133514718 2.9123921262002082 -6.8099999999999969 2.8831274627939032 18.450000000000006 29.850000000000005 6.9500000000000011 2.5842520475600215 10.148750000000003
decision_type=2 2 2 2 2 2 2 2 2 2 2 2 2 2
left_child=1 2 4 -4 5 11 7 9 -9 -7 -11 -1 -13 -14
right_child=-2 -3 3 -5 -6 6 -8 8 -10 10 -12 12 13 -15
leaf_value=0.0046140982190707256 -0.027197181041829627 -0.0073983083448821351 0.012338942717465834 -0.0098336721319659225 0.0027490114902902394 0.01097824197776625 -0.0048982555465210504 -0.01956814980569083 -0.07687133569960268 0.0031199230934223724 -0.044755372920423822 0.00060106381335045663 -0.0037700363381131846 -0.033669353344202908
leaf_weight=156.12649747007526 3.1196041258517644 48.389764054212719 91.157943855971098 27.277753844391555 474.95851666550152 10.310946075711401 123.29486868204549 10.983158469200133 3.5140572264790526 8.3118707058019954 8.5699288230389339 65.502263312693685 19.390263421460986 14.427828017622231
leaf_count=1358 69 556 1135 334 7687 113 851 101 32 55 103 1052 183 112
internal_value=0.00036882 0.000475282 0.000858007 0.00719264 1.30196e-05 -0.003077 -0.0088285 -0.0200649 -0.0375222 -0.00975709 -0.0223274 0.00065765 -0.00554568 -0.0171266
internal_weight=1065.34 1062.22 1013.83 118.436 895.39 420.432 164.985 41.69 14.4972 27.1927 16.8818 255.447 99.3204 33.8181
internal_count=13741 13672 13116 1469 11647 3960 1255 404 133 271 158 2705 1347 295
is_linear=0
shrinkage=0.03


Tree=283
num_leaves=15
num_cat=0
split_feature=5 3 2 5 5 1 5 1 4 7 1 2 4 2
split_gain=3.24448 8.43031 5.16453 12.5525 8.89746 4.77877 5.63953 4.50465 5.66996 7.69615 5.20866 5.81402 6.51176 6.00571
threshold=149.37849426269534 2.6396358757844824 16.430000000000007 802.19177246093761 3933.8288574218755 -1.8699999999999972 99.97662734985353 -5.0199999999999934 45.655383557529547 15.250000000000002 -15.079999999999995 21.710000000000012 80.274844970219206 24.97000000000001
decision_type=2 2 2 2 2 2 2 2 2 2 2 2 2 2
left_child=1 5 3 -2 -5 6 -1 8 9 -4 -10 12 -12 -13
right_child=2 -3 7 4 -6 -7 -8 -9 10 -11 11 13 -14 -15
leaf_value=0.0050951530956691122 -0.021530313886486678 0.0037267446410610772 -0.0053442701652728943 0.045125282753893499 -0.019682628922366781 -0.02157825330407831 -0.015168090752849356 1.2923212307419992e-06 0.00051428884502623682 0.035185956494148379 0.012684186052597534 -0.02299882733853038 -0.029025536213930937 -0.0079689827921250178
leaf_weight=29.626244504470378 4.8951300175394854 326.46147682168521 9.4952417521271837 8.416596607770769 1.7787520566489536 16.270621903706342 19.79459129460156 385.66976763249841 75.230249362997711 6.2795591047033659 18.303688426502053 29.01196538284421 3.1063182577490798 130.72789194714278
leaf_count=213 29 4728 298 60 165 390 133 5147 1137 99 120 198 27 957
internal_value=-0.000415475 0.00175079 -0.00167863 0.0151213 0.0330703 -0.00797761 -0.00316077 -0.00208638 -0.005034 0.0119256 -0.00611978 -0.00886256 0.00560747 -0.0108248
internal_weight=1065.07 392.153 672.915 15.0905 10.1953 65.6915 49.4208 657.825 272.155 15.7748 256.38 181.15 21.41 159.74
internal_count=13701 5464 8237 254 225 736 346 7983 2836 397 2439 1302 147 1155
is_linear=0
shrinkage=0.03


Tree=284
num_leaves=15
num_cat=0
split_feature=5 3 6 4 2 3 1 3 3 4 7 4 1 7
split_gain=3.32241 3.31292 2.54777 8.33286 9.04026 7.91431 9.07881 5.05716 4.52815 7.73455 5.41189 4.53614 4.11569 3.85736
threshold=1.0000000180025095e-35 3.1034855738918377 7.4500000000000011 51.090448556717369 33.13000000000001 2.7024736189930869 -8.6299999999999955 1.8241256582029706 2.4703222665607396 54.901478245972619 20.850000000000005 70.201618120264655 4.020000000000004 27.750000000000004
decision_type=2 2 2 2 2 2 2 2 2 2 2 2 2 2
left_child=1 -1 13 7 8 6 -6 -4 9 -5 11 -10 -7 -2
right_child=2 -3 3 4 5 12 -8 -9 10 -11 -12 -13 -14 -15
leaf_value=-0.019213856629018589 -0.0027013984369977512 0.016374298504383305 0.017935772991095941 0.023642597909855269 -0.0081456180851867451 0.013912795159884613 0.034316727656526991 -0.011572785784991553 -0.0069011432780701869 -0.028477624308236606 0.021987648692519526 0.024003712366750512 -0.031082160090586061 0.001429910191029113
leaf_weight=12.356293134624137 300.39554122183472 2.0566344759427002 5.2875588280148795 2.6874253372661761 5.0824555680155781 2.6814694702625266 24.909425397985615 32.042618747334927 22.74653062038124 8.2515140003524703 12.245039904955773 4.2155725434422484 2.8249347486998886 624.60900460463017
leaf_count=164 4245 49 402 47 69 26 269 1100 176 115 104 40 130 6795
internal_value=0.000425386 -0.0134028 0.000628161 0.0046667 0.00978915 0.0211493 0.0270904 -0.00703422 0.00149105 -0.0147652 0.00628103 -0.00138348 -0.0104002 8.67979e-05
internal_weight=1062.39 14.4129 1047.98 122.975 85.6444 35.4983 29.9919 37.3302 50.1461 10.9389 39.2071 26.9621 5.5064 925.005
internal_count=13731 213 13518 2478 976 494 338 1502 482 162 320 216 156 11040
is_linear=0
shrinkage=0.03


Tree=285
num_leaves=15
num_cat=0
split_feature=8 4 1 1 5 2 3 6 5 2 2 4 3 1
split_gain=2.75723 7.68024 10.3504 9.27227 7.63171 7.49244 8.55486 5.50166 9.31503 9.49958 6.30363 10.1468 6.0077 5.4464
threshold=25.550000000000004 53.543130779142118 -13.309999999999997 -8.8499999999999943 48.244745254516609 33.990000000000016 2.821271094248551 6.1500000000000012 529.26785278320324 20.830000000000009 27.470000000000002 69.17697077024296 2.5473808314219206 8.4700000000000042
decision_type=2 2 2 2 2 2 2 2 2 2 2 2 2 2
left_child=1 3 4 -1 -3 -4 -7 8 -2 -10 12 13 -9 -12
right_child=7 2 5 -5 -6 6 -8 10 9 -11 11 -13 -14 -15
leaf_value=0.0051706533127172643 0.001166162766769678 0.016728756985686852 0.00019969482904562963 -0.024179081442810169 -0.01492062289036649 0.025869084615010658 -0.011262269062053481 -0.014400193364596043 0.026348626725078299 -0.022966863170026511 0.0038656669035595976 -0.0081756648469819924 0.013969312751554707 0.029090049088369645
leaf_weight=14.604241699911652 91.605628401273862 6.898747789207845 448.71385402558371 26.103722393279895 59.416488175978884 19.969710492296148 6.9574756321962914 6.6360808080062261 3.1443103649653521 28.702310172375292 201.73621242900845 71.396595093654469 67.910248258616775 7.0480178616708136
leaf_count=452 1419 88 4823 844 1017 198 291 93 17 416 1944 763 919 470
internal_value=1.1589e-05 -0.00137291 -0.000417459 -0.0137782 -0.0114285 0.0011385 0.0162153 0.00169796 -0.0037362 -0.0174439 0.00359434 0.00151482 0.0112867 0.00485178
internal_weight=1060.84 582.664 541.956 40.708 66.3152 475.641 26.9272 478.179 123.452 31.8466 354.727 280.181 74.5463 208.784
internal_count=13754 7713 6417 1296 1105 5312 489 6041 1852 433 4189 3177 1012 2414
is_linear=0
shrinkage=0.03


Tree=286
num_leaves=15
num_cat=0
split_feature=5 6 7 8 4 3 8 3 3 7 8 4 4 7
split_gain=2.31515 11.4479 12.0203 11.3067 9.97349 6.47593 10.6767 8.59026 7.15968 5.83248 6.82973 6.44318 5.56132 5.13533
threshold=570.06497192382824 6.3500000000000014 45.250000000000007 18.450000000000006 76.475653675102635 2.833752533671182 27.250000000000004 2.680852005173215 2.7665392494818257 9.0500000000000025 18.750000000000004 37.284449063304372 58.878146130194132 12.950000000000001
decision_type=2 2 2 2 2 2 2 2 2 2 2 2 2 2
left_child=13 2 3 -2 -4 6 7 9 12 -3 -11 -12 -8 -1
right_child=1 5 4 -5 -6 -7 8 -9 -10 10 11 -13 -14 -15
leaf_value=-0.012157498264113718 0.0059440303597192903 -0.011398114743601986 0.0043278651223395354 -0.028278457892409972 -0.027028783605497857 0.01619427175688937 -0.0085474059808611138 -0.0088037094921897679 0.017145466216149666 -0.007329098906450518 -0.022249001202542824 0.024955038275966724 -0.033481411140687263 0.00096723683764482905
leaf_weight=26.780968642793596 10.741945417132227 6.9489140867954111 52.012454931624234 38.522555449977517 10.030050941742955 25.568303895648569 26.825458048377186 22.275076102931052 5.8013954339548937 8.2227803261484933 2.0409944890998295 36.643947664881125 11.198956639505921 784.63436664850451
leaf_count=1355 108 411 423 552 91 298 368 226 36 169 69 481 87 9081
internal_value=-0.000266689 -0.00274327 -0.00994186 -0.0208466 -0.00108971 0.00279293 -0.000173763 0.00659447 -0.011816 0.0130075 0.0167854 0.0219667 -0.0165608 0.00051962
internal_weight=1068.25 256.833 111.307 49.2645 62.0425 145.526 119.958 76.1317 43.8258 53.8566 46.9077 38.6849 38.0244 811.415
internal_count=13755 3319 1174 660 514 2145 1847 1356 491 1130 719 550 455 10436
is_linear=0
shrinkage=0.03


Tree=287
num_leaves=15
num_cat=0
split_feature=2 4 4 1 3 6 7 6 6 4 0 1 0 1
split_gain=3.02833 8.23287 7.58344 7.28025 7.63909 6.78715 11.5326 6.87579 5.65149 13.1442 6.41431 5.5502 5.36268 5.06042
threshold=23.43000000000001 77.78573678022596 64.166115723292293 -11.769999999999994 3.3155064221748831 4.9500000000000011 149.75000000000003 5.1500000000000012 5.2500000000000009 71.034011291580967 7.70041666666667 -3.5099999999999976 5.5687500000000023 -13.049999999999995
decision_type=2 2 2 2 2 2 2 2 2 2 2 2 2 2
left_child=2 8 11 -4 5 -5 -7 -8 9 -2 12 -1 -11 -3
right_child=1 13 3 4 -6 6 7 -9 -10 10 -12 -13 -14 -15
leaf_value=-0.0030989484833377017 0.0088604773353611315 0.0039349831708953269 -0.0097811335989363615 0.022809483042420232 -0.016940292375462764 0.0099548812985277013 0.010325363104968174 -0.033102699629337144 0.00041430059011231111 -0.026056521370252429 -0.036422651405438683 -0.043378397474404765 0.014497288261344266 -0.015652089797241368
leaf_weight=8.4101651269011182 17.483787233242765 15.001264282967893 24.294130384689197 27.019663671031594 9.5718728303909284 88.816705955192447 4.3267970196902743 8.8985715024173242 791.7538285307819 4.557104713283481 14.721923882840199 4.0176530620083204 5.280598521232605 50.187323685502633
leaf_count=358 166 174 579 338 51 1377 36 58 9562 56 251 42 31 787
internal_value=-0.000265168 -0.000969339 0.00332989 0.005088 0.00774505 0.00969202 0.006031 -0.0191678 -0.000160719 -0.0107474 -0.0245067 -0.0183812 -0.00495928 -0.0111533
internal_weight=1074.34 898.986 175.356 162.928 138.634 129.062 102.042 13.2254 833.797 42.0434 24.5596 12.4278 9.8377 65.1886
internal_count=13866 11027 2839 2439 1860 1809 1471 94 10066 504 338 400 87 961
is_linear=0
shrinkage=0.03


Tree=288
num_leaves=15
num_cat=0
split_feature=3 1 0 2 3 1 8 0 1 3 0 0 1 6
split_gain=5.41488 3.29052 8.11268 21.7464 18.8586 10.5141 9.86156 11.5857 8.17041 7.63262 7.07322 7.52155 10.2761 8.9578
threshold=2.0344679931109422 -3.1999999999999953 8.0737500000000058 26.340000000000003 2.9123921262002082 -12.559999999999993 23.850000000000005 12.491666666666671 -5.0199999999999934 3.0620815993800359 7.3220833333333362 12.366666666666671 1.8000000000000045 7.2500000000000009
decision_type=2 2 2 2 2 2 2 2 2 2 2 2 2 2
left_child=-1 2 -2 4 -4 -5 7 -7 -6 -8 -3 12 -12 -13
right_child=1 10 3 5 8 6 9 -9 -10 -11 11 13 -14 -15
leaf_value=-0.020509242939286278 0.0010252709604941007 -0.026990872167504783 -0.057236673570094328 -0.030162268523178565 -0.029073680657531541 0.01536117880378988 -0.0033041639330229724 -0.022850589201338794 0.016570607592002913 -0.029168933454322764 0.0099002888211903676 -0.0036799292964332111 -0.012997007529450587 0.0067429706620285388
leaf_weight=11.015075009316204 321.82131320703775 6.7731010373681775 12.317150706425311 10.877073595300315 5.6597960405051708 45.562253614887595 103.15750616416335 7.5218913704156867 6.56321983784437 10.455227334052323 144.2835404612124 250.87016219715588 19.203556682914495 104.2165085489396
leaf_count=753 3499 44 120 125 36 299 733 107 43 103 2291 3820 341 1466
internal_value=-0.000483756 -0.000254207 -0.00193463 -0.00662945 -0.0325185 -0.00288961 -0.000940801 0.00962428 -0.00516506 -0.00591811 0.0014222 0.00184453 0.00714806 -0.000610505
internal_weight=1060.3 1049.28 523.935 202.114 24.5402 177.574 166.697 53.0841 12.223 113.613 525.347 518.574 163.487 355.087
internal_count=13780 13027 5065 1566 199 1367 1242 406 79 836 7962 7918 2632 5286
is_linear=0
shrinkage=0.03


Tree=289
num_leaves=15
num_cat=0
split_feature=1 3 5 6 0 3 4 0 0 8 8 4 1 4
split_gain=3.73719 3.74764 5.60587 3.22704 2.62905 4.93799 6.44785 4.46967 2.60738 5.133 6.05706 4.71884 7.45837 6.43217
threshold=-19.729999999999993 2.7432509906096931 28.595915794372562 8.1500000000000021 5.007916666666671 2.618100417062156 71.034011291580967 1.6875000000000033 14.511250000000006 30.850000000000005 40.650000000000013 46.95955375009391 -4.7099999999999973 35.464277091584059
decision_type=2 2 2 2 2 2 2 2 2 2 2 2 2 2
left_child=1 2 -1 8 5 6 -4 -7 11 -10 -11 12 13 -2
right_child=3 -3 4 -5 -6 7 -8 -9 9 10 -12 -13 -14 -15
leaf_value=0.050406694563139329 -0.01339933685331051 -0.024293960720931502 -0.040344859867209579 -0.020957031006181615 0.019786700336050178 -0.024118323904875529 0.0057081764581785694 0.011089446586837156 0.00048818425252195264 -0.012575826226669404 0.010824206609940497 0.0010813234261691151 -0.019973387907376797 0.034076407121903692
leaf_weight=0.66693499498069542 2.6230857791379121 9.6054430019576085 6.5203513847664052 5.3199334188830099 2.2136157359927884 3.3871379210613659 3.9513877236749977 11.515830784104763 203.51783000072464 60.011764267925173 11.097868339391423 725.79993822798133 3.349103102926164 12.02159887133166
leaf_count=26 86 366 266 384 38 242 130 78 3201 1243 206 7209 51 184
internal_value=6.87897e-05 -0.00906308 -0.00323188 0.000415025 -0.0062464 -0.00918156 -0.0239845 0.00207403 0.000547115 -0.0019464 -0.00882439 0.00146916 0.0162325 0.0252598
internal_weight=1061.6 37.8607 28.2553 1023.74 27.5883 25.3747 10.4717 14.903 1018.42 274.627 71.1096 743.794 17.9938 14.6447
internal_count=13710 1146 780 12564 754 716 396 320 12180 4650 1449 7530 321 270
is_linear=0
shrinkage=0.03


Tree=290
num_leaves=15
num_cat=0
split_feature=5 2 4 2 5 7 4 7 7 2 4 2 7 6
split_gain=4.52694 9.85526 12.6513 8.5577 7.00761 6.02159 5.38453 6.027 4.79936 7.47155 6.75235 6.15464 4.60411 4.99195
threshold=802.19177246093761 16.430000000000007 70.495123343915992 15.850000000000007 3470.7541503906255 41.050000000000004 74.591369540564486 88.550000000000026 63.750000000000007 28.190000000000008 39.528311884913158 20.490000000000006 35.650000000000013 5.9500000000000011
decision_type=2 2 2 2 2 2 2 2 2 2 2 2 2 2
left_child=3 4 8 -1 -2 -4 7 -7 9 10 -3 -12 -13 -14
right_child=1 2 5 -5 -6 6 -8 -9 -10 -11 11 12 13 -15
leaf_value=-0.036936998002650691 0.03239820376579236 0.035337265116179434 -0.040689024249161557 0.0014558662116813451 -0.020864371998198013 0.010767879378168912 -0.029427824295226522 -0.036644581370031307 0.016019103379548733 0.0015517991833075579 0.0091451526599228387 -0.030428434397890263 -0.028876972249747467 0.002208202522401637
leaf_weight=4.257576177828013 9.4542662845924479 1.5449648411013175 10.243029855657371 873.85669026011601 2.08087319205515 10.222952443640681 8.4741058193612826 2.0741754593327633 11.341590115334837 89.741882370552048 7.0512837311252943 18.967239354271442 6.2596742403693524 12.576736379181964
leaf_count=31 53 75 159 11255 181 91 82 13 87 1185 118 265 54 132
internal_value=0.000318634 -0.00386744 -0.00564479 0.00122791 0.021892 -0.0227422 -0.0124296 0.000616338 -0.00192043 -0.00352083 -0.0131576 -0.0155621 -0.0202875 -0.00905694
internal_weight=1068.15 190.033 178.498 878.114 11.5351 31.0143 20.7712 12.2971 147.483 136.142 46.3999 44.8549 37.8036 18.8364
internal_count=13781 2495 2261 11286 234 345 186 104 1916 1829 644 569 451 186
is_linear=0
shrinkage=0.03


Tree=291
num_leaves=15
num_cat=0
split_feature=1 0 8 5 3 0 1 0 6 3 5 3 5 7
split_gain=3.2534 6.15658 7.69756 7.54565 4.89809 7.57375 5.72711 4.95583 4.93622 10.532 8.87114 5.59853 5.20687 7.51227
threshold=-9.6099999999999941 8.2450000000000028 22.050000000000004 51.433988571166999 3.0245923782276005 5.4462500000000027 -17.349999999999991 1.9095833333333367 5.8500000000000014 2.8293037680651048 460.74885559082037 2.5473808314219206 559.77044677734386 40.650000000000013
decision_type=2 2 2 2 2 2 2 2 2 2 2 2 2 2
left_child=1 3 -3 -1 5 8 -7 -6 9 -5 -11 -10 13 -13
right_child=-2 2 -4 4 7 6 -8 -9 11 10 -12 12 -14 -15
leaf_value=0.018370085872334466 0.00067631142010170361 0.011383012973645645 -0.021483983636718839 -0.019210602783657042 0.014090287035353132 -0.018624826125823855 0.0090892880717282076 -0.027344100065210479 -0.014789197771851923 0.02275093368039317 -0.029282731671631458 0.029736768926411063 -0.013923607985602949 0.0016532959738592291
leaf_weight=15.300654247170312 783.59629023622256 7.5074090426787725 28.49567242898047 44.561567283701152 2.6082818154245606 6.5417975652962914 64.394407607614994 11.515375345945357 18.049390743020922 10.750191800761966 3.001006746897473 10.243098970502613 10.906404457520692 36.650643213186413
leaf_count=174 10538 109 305 500 30 92 543 74 406 130 98 72 252 331
internal_value=-0.000303516 -0.00313369 -0.0145081 -0.00133335 -0.00278572 -0.00156284 0.00631009 -0.0192665 -0.00574141 -0.012225 0.01018 -0.000662648 0.00392518 0.00828044
internal_weight=1054.12 270.526 36.0031 234.523 219.222 205.099 70.9362 14.1237 134.162 58.3128 13.7512 75.8495 57.8001 46.8937
internal_count=13654 3116 414 2702 2528 2424 635 104 1789 728 228 1061 655 403
is_linear=0
shrinkage=0.03


Tree=292
num_leaves=15
num_cat=0
split_feature=2 4 3 3 3 0 4 3 1 3 0 4 2 2
split_gain=3.52969 13.8803 6.75095 8.77893 5.82744 5.57289 5.14571 8.27876 7.76213 7.1765 6.09469 6.57898 7.73463 4.99432
threshold=32.070000000000014 63.22463668737057 3.1989813056003746 2.9615966742688715 2.4703222665607396 13.802500000000004 50.040024129114492 2.7249472773468431 -7.4099999999999975 2.6994995205779713 11.89458333333334 55.401310132180235 32.830000000000013 32.310000000000009
decision_type=2 2 2 2 2 2 2 2 2 2 2 2 2 2
left_child=1 5 3 6 -3 -1 7 8 -2 10 11 12 -8 -10
right_child=2 4 -4 -5 -6 -7 9 -9 13 -11 -12 -13 -14 -15
leaf_value=-0.0075964021278509385 0.012268127964794833 -0.031021535763769315 0.02834420676495502 -0.016107299479953041 0.00076020769844586619 -0.025240814265917767 0.057317631337792073 0.0289557214855681 0.037001545751450281 -0.0004277529329212216 0.018174819132491166 -0.0097547875426590436 -0.0023284292732600235 -0.022121319011123738
leaf_weight=72.861125425435603 8.7913576588034577 4.2287166533060363 8.4236824058461917 19.880820136517286 751.87766242516227 20.318298654165119 2.3867140449583557 4.4845263718161723 0.47445562295616284 65.669859621906653 56.655401765019633 17.149341147392988 4.458454879000783 23.457321675377898
leaf_count=1021 187 77 494 1098 8172 251 23 50 8 600 511 104 69 1092
internal_value=5.4539e-05 -0.00081035 0.00350961 0.00234751 0.000541721 -0.011671 0.0044231 -0.00543192 -0.0108634 0.00694899 0.0128872 0.000174672 0.0231236 -0.0195121
internal_weight=1061.12 849.286 211.832 203.408 756.106 93.1794 183.527 37.2077 32.7231 146.32 80.6499 23.9945 6.84517 23.9318
internal_count=13757 9521 4236 3742 8249 1272 2644 1337 1287 1307 707 196 92 1100
is_linear=0
shrinkage=0.03


Tree=293
num_leaves=15
num_cat=0
split_feature=0 1 4 6 1 0 3 1 7 1 6 5 4 4
split_gain=3.19212 9.30218 6.64399 6.62535 4.78935 6.22757 8.7151 9.40886 6.42311 5.92457 6.36812 8.45553 9.60793 5.46029
threshold=7.4983333333333375 -9.2099999999999955 36.329224999104149 7.9500000000000011 -3.2999999999999954 5.6695833333333372 2.8156640673439983 -5.839999999999999 24.250000000000004 -10.769999999999996 5.5500000000000016 25.448328971862797 76.212508993357019 70.702656576716251
decision_type=2 2 2 2 2 2 2 2 2 2 2 2 2 2
left_child=4 2 3 -2 5 9 8 -8 -7 10 11 -1 -13 -12
right_child=1 -3 -4 -5 -6 6 7 -9 -10 -11 13 12 -14 -15
leaf_value=0.031937905433552065 -0.018424033255635158 7.7834998605958911e-05 -0.015075552123811398 0.051489127685354658 -0.019450523802808348 -0.0090079496939121997 -0.0090155533160179244 0.019647545602835874 0.020257671880068384 0.011113275775689305 -0.0035479288091992758 -0.036279467830991285 -0.0058301348932944504 0.010871544586608306
leaf_weight=2.8268098505213848 1.4224098101258271 696.119342414313 53.701426899060607 1.8836322156712411 7.4909551171585909 7.1440383619628838 33.66400202177465 13.669211165979503 52.518803110346198 34.1587472865358 63.822237972868606 12.401515025645493 32.35164349921979 36.233624720713124
leaf_count=30 50 9761 460 52 53 116 268 151 519 256 850 188 443 483
internal_value=0.000154139 -0.000883868 -0.0124261 0.0241161 0.00278678 0.00342872 0.00913463 -0.000502784 0.0166627 3.888e-05 -0.00258095 -0.0114949 -0.0148764 0.00172976
internal_weight=1049.41 753.127 57.0075 3.30604 296.282 288.791 106.996 47.3332 59.6628 181.795 147.636 47.58 44.7532 100.056
internal_count=13680 10323 562 102 3357 3304 1054 419 635 2250 1994 661 631 1333
is_linear=0
shrinkage=0.03


Tree=294
num_leaves=15
num_cat=0
split_feature=1 7 6 5 5 7 4 7 1 1 0 4 1 5
split_gain=3.45945 3.24523 2.89847 5.88792 6.73722 5.10798 6.73504 6.42403 5.0433 4.94958 8.21043 4.50362 8.11479 7.62166
threshold=-23.989999999999991 5.9500000000000011 7.5500000000000016 1457.8253173828127 437.94325256347662 19.250000000000004 56.55391705498635 16.150000000000002 -6.299999999999998 5.1000000000000059 20.794166666666673 51.090448556717369 -7.4099999999999975 783.74694824218761
decision_type=2 2 2 2 2 2 2 2 2 2 2 2 2 2
left_child=-1 -2 -3 4 8 7 -7 11 -4 -10 -11 12 -6 -13
right_child=1 2 3 -5 5 6 -8 -9 9 10 -12 13 -14 -15
leaf_value=-0.021292674076188782 -0.018718063681711982 -2.2621245813122596e-06 -0.014246771591790077 -0.017529152900230226 0.031257645450123994 0.066474064912401959 0.0019501109857712258 -0.019381885978804629 0.012638090716759328 -0.022267013490071735 0.029481609275028429 0.04969692996567579 -0.01654730226092866 0.0037101210116643594
leaf_weight=5.6834007132565594 6.9658935399493194 956.79099092260003 13.275377174839376 8.2401507387403381 4.4842754816636461 3.0138866584748021 2.3821060843765736 4.0883344730827949 30.605828671948984 9.5590312862768752 2.7901849262416354 6.5885944631881994 6.6891069490229746 5.968564570415765
leaf_count=645 709 10860 169 278 128 30 25 41 322 81 237 55 158 46
internal_value=0.000223849 0.00035899 0.000502628 0.00539775 0.00768034 0.0181783 0.0427478 0.0120946 0.00126999 0.00628051 -0.00924229 0.0180819 0.00363018 0.0297248
internal_weight=1067.13 1061.44 1054.48 97.6854 89.4453 33.2149 5.39599 27.8189 56.2304 42.955 12.3492 23.7305 11.1734 12.5572
internal_count=13784 13139 12430 1570 1292 483 55 428 809 640 318 387 286 101
is_linear=0
shrinkage=0.03


Tree=295
num_leaves=15
num_cat=0
split_feature=4 3 0 5 5 8 7 2 3 7 4 8 8 3
split_gain=2.31138 7.72287 8.42915 8.31097 6.30252 4.53601 4.34525 3.40598 7.59211 8.61774 8.3649 7.60078 6.4583 7.64918
threshold=81.203787375263644 2.9991522989611203 7.2375000000000034 267.99122619628912 18.679683685302738 20.450000000000006 67.050000000000026 25.43000000000001 3.0458117739606858 85.15000000000002 75.921725598022732 15.850000000000003 27.250000000000004 3.0586992706045746
decision_type=2 2 2 2 2 2 2 2 2 2 2 2 2 2
left_child=7 3 -3 -2 -4 -6 -7 8 -1 10 11 -10 -9 -14
right_child=1 2 4 -5 5 6 -8 12 9 -11 -12 -13 13 -15
leaf_value=-0.0059547243629650302 0.024097219443010791 -0.027284062173539694 -0.027590310513251674 -0.015446011249585846 0.023938679702824751 0.01973237027998765 -0.019162164804258888 0.0033551581644935243 -0.023169874042588849 -0.0074011961144697042 -0.0077225959587865819 0.026058388700606325 -0.00079986977350221501 -0.016093045748094788
leaf_weight=209.47892022901215 23.651486939983446 9.1053930623456818 3.3971344244200763 5.2029022208880624 11.128820199053736 3.3264767006039602 5.4811453246511519 398.15757447236683 2.3527349457144764 27.877232722938061 11.36045184265822 28.560032265260816 296.33587502129376 31.697255899198353
leaf_count=3158 602 83 53 154 126 82 64 4904 14 183 91 196 3033 1084
internal_value=5.43037e-05 0.00566215 -0.00435144 0.0166884 0.00535098 0.0120138 -0.00395826 -0.000292716 -0.00309989 0.00538891 0.0137995 0.021703 0.000791001 -0.00232204
internal_weight=1067.11 61.2934 32.439 28.8544 23.3336 19.9364 8.80762 1005.82 279.629 70.1505 42.2732 30.9128 726.191 328.033
internal_count=13827 1164 408 756 325 272 146 12663 3642 484 301 210 9021 4117
is_linear=0
shrinkage=0.03


Tree=296
num_leaves=15
num_cat=0
split_feature=3 7 3 4 2 5 3 8 7 0 0 0 5 3
split_gain=3.37968 5.44939 5.09444 5.69376 6.03755 6.40464 6.99286 5.46705 9.46074 7.29817 6.98402 5.10429 5.435 4.9706
threshold=2.9349022553917599 16.850000000000005 2.9508320041922094 72.157196671827663 25.550000000000008 1457.8253173828127 3.0084213074606292 24.350000000000005 82.350000000000023 10.058333333333339 13.206250000000006 7.844583333333337 592.08319091796886 3.4484401491963586
decision_type=2 2 2 2 2 2 2 2 2 2 2 2 2 2
left_child=-1 -2 -3 7 5 6 -5 8 -4 -9 -11 12 -8 -6
right_child=1 2 3 4 13 -7 11 9 -10 10 -12 -13 -14 -15
leaf_value=0.0017908606110684387 -0.019392414201309029 -0.015296733208638641 0.012720780689908296 0.018407533653931812 -0.013953340597812757 -0.025433389747561482 -0.018758118138687097 0.020307036843380633 -0.029372495275751708 -0.019095858856610713 0.0024586151480103981 0.0043244902574424383 0.011263530821920704 0.016625586100956526
leaf_weight=726.88298841274809 14.215669604018329 20.001227256376296 69.633365194778889 19.154313742183149 54.280977281043306 6.8892424441874018 21.04029585886747 10.109605446457861 4.2199560008011749 21.79473252594471 32.802470108959824 49.444736588746309 6.4545251380186519 4.4022646513767532
leaf_count=8977 905 278 509 379 992 45 154 68 31 167 507 525 38 106
internal_value=0.000643222 -0.00184897 -0.00101223 -1.29671e-05 -0.00382697 0.000567579 0.00267441 0.0044326 0.00995532 -0.00192635 -0.00633445 -0.00142832 -0.0115625 -0.0114193
internal_weight=1061.33 334.443 320.228 300.226 161.666 102.983 96.0939 138.56 73.8533 64.7068 54.5972 76.9396 27.4948 58.6832
internal_count=13681 4704 3799 3521 2239 1141 1096 1282 540 742 674 717 192 1098
is_linear=0
shrinkage=0.03


Tree=297
num_leaves=15
num_cat=0
split_feature=0 8 6 6 1 3 1 2 0 2 1 6 3 3
split_gain=2.8644 5.90429 5.53912 4.89963 8.09882 15.5836 11.2297 8.87712 8.76379 9.95639 7.01924 6.09753 10.6025 5.9885
threshold=15.18166666666667 40.050000000000004 7.1500000000000012 5.8500000000000014 3.4800000000000031 2.8831274627939032 -3.1999999999999953 20.110000000000007 10.191250000000005 31.840000000000011 -3.5099999999999976 6.9500000000000011 2.8659799742227245 2.9262703993295172
decision_type=2 2 2 2 2 2 2 2 2 2 2 2 2 2
left_child=1 3 -3 -1 6 -6 8 -8 10 11 13 12 -10 -5
right_child=-2 2 -4 4 5 -7 7 -9 9 -11 -12 -13 -14 -15
leaf_value=-0.0028823115136835122 -0.0040898340079696402 -0.035577996173820257 0.0047743046183441685 0.00094917670883500147 -0.061017848722123007 0.012797288074882869 -0.031378128162813705 0.0097229997913202693 0.017419669885018918 0.0027747315223187866 -0.034523027358968061 -0.037875391827762013 -0.020388750051202578 0.01595760913263997
leaf_weight=322.95754782040603 234.91271634341683 7.1106163272634131 4.5758805056102574 198.58401212911122 4.186810269020496 4.545142499729991 3.9134944528341284 165.81391901243478 7.820247955620288 34.422568357549608 3.6403389517217866 10.271228089928625 28.165754739195108 26.229901281651109
leaf_count=3284 4638 57 33 2225 43 96 63 2453 48 391 39 84 193 171
internal_value=-0.00117578 -0.000339283 -0.020647 -2.14057e-05 0.00187554 -0.0252288 0.00242132 0.00859707 -0.000986204 -0.00942242 0.00202117 -0.0183656 -0.0119236 0.00276318
internal_weight=1057.15 822.237 11.6865 810.551 487.593 8.73195 478.861 169.727 309.134 80.6798 228.454 46.2572 35.986 224.814
internal_count=13818 9180 90 9090 5806 139 5667 2516 3151 716 2435 325 241 2396
is_linear=0
shrinkage=0.03


Tree=298
num_leaves=15
num_cat=0
split_feature=8 2 7 5 2 8 5 0 8 0 4 0 7 5
split_gain=4.73672 6.3922 2.9689 2.96513 7.1468 4.36936 3.9587 3.14141 2.7903 2.4788 2.46699 3.67554 6.92936 7.4423
threshold=6.9500000000000011 22.010000000000009 19.450000000000006 2137.5385742187505 20.670000000000005 13.750000000000002 2697.963500976563 0.5754166666666698 29.850000000000005 7.3220833333333362 81.203787375263644 10.425000000000004 68.65000000000002 39.467620849609382
decision_type=2 2 2 2 2 2 2 2 2 2 2 2 2 2
left_child=1 9 -3 7 5 -5 -7 -2 -8 -1 -9 -12 -13 -14
right_child=3 2 -4 4 -6 6 8 10 -10 -11 11 12 13 -15
leaf_value=-0.0079271139231650405 -0.018301238082437065 0.0087518487096071868 -0.043532615117842365 0.053099561492275911 -0.026244822211557123 0.020479485227583465 -0.022550675258116593 0.00055333198338857717 0.022096890992547837 0.023565777056457616 0.010698473862718196 0.011296027629573548 -0.06762946166257236 0.0075136068302863873
leaf_weight=7.187865596264599 6.7241817747708401 0.79831078136339684 5.5089366654865444 0.60483507532626646 10.909694427624343 3.8877935928758216 5.2538056552875787 960.02519138634671 0.7296208650805055 2.1024729236960411 44.058478050399572 5.532413002336396 1.8104321947321298 1.7407461972907183
leaf_count=64 567 23 123 20 199 39 249 11474 25 26 660 209 23 22
internal_value=0.000271591 -0.0156292 -0.0366229 0.000524539 -0.0102771 0.00718951 -0.000249172 0.00076088 -0.0147218 0.000797451 0.000905312 0.00713626 -0.00948916 -0.0372376
internal_weight=1056.87 15.5976 6.30725 1041.28 21.3857 10.4761 9.87122 1019.89 5.98343 9.29034 1013.17 53.1421 9.08359 3.55118
internal_count=13723 236 146 13487 532 333 313 12955 274 90 12388 914 254 45
is_linear=0
shrinkage=0.03


Tree=299
num_leaves=15
num_cat=0
split_feature=5 2 2 7 6 1 6 5 3 5 5 5 7 2
split_gain=2.50988 9.9967 9.37193 11.5671 8.46661 9.67104 7.55887 10.2663 6.80305 6.2198 5.73753 5.42645 5.26461 4.62878
threshold=617.37762451171886 16.430000000000007 31.780000000000001 39.45000000000001 5.8500000000000014 -8.0599999999999934 6.3500000000000014 1244.619079589844 2.799250921202582 2437.5661621093755 3933.8288574218755 497.24102783203131 22.850000000000005 27.470000000000002
decision_type=2 2 2 2 2 2 2 2 2 2 2 2 2 2
left_child=11 10 3 6 5 -5 -3 8 -8 -6 -2 -1 -13 -10
right_child=1 2 -4 4 9 -7 7 -9 13 -11 -12 12 -14 -15
leaf_value=3.5780633685362802e-05 0.032913001666172878 -0.027073762023191603 0.0052977737115177722 -0.040939707566753351 0.015658337148865404 -0.0021390979717726909 -0.028700245971298551 0.0061666402278656891 0.030425949791604782 -0.022987882636650411 -0.019216536984067667 -0.0055307131110426738 0.016165876897430622 -0.011123286978054994
leaf_weight=770.20992223871872 9.1964008733630163 31.428666788619012 65.473791304393671 5.9452194469049564 30.949401671532542 35.274605236249045 21.40785819338635 23.759366849204525 2.445108260959385 3.3538758989889166 1.6395529657602299 13.32001103798393 35.490604906575754 7.0681763226166368
leaf_count=10040 65 416 1059 97 294 247 247 411 21 59 152 262 379 64
internal_value=-0.000132074 -0.00283762 -0.00422127 -0.0080861 0.000499953 -0.00857252 -0.0155359 -0.00853715 -0.0196746 0.0113357 0.0240683 0.000656443 0.0102529 0.001434
internal_weight=1056.96 237.942 227.106 161.632 75.5231 41.2198 86.1092 54.6805 30.9211 34.3033 10.836 819.021 48.8106 9.51328
internal_count=13813 3132 2915 1856 697 344 1159 743 332 353 217 10681 641 85
is_linear=0
shrinkage=0.03


Tree=300
num_leaves=15
num_cat=0
split_feature=3 2 6 3 6 5 0 3 8 5 2 6 3 8
split_gain=3.61614 6.034 6.14872 4.13178 5.04912 3.57682 3.22561 2.77947 2.62381 2.47239 3.47765 8.80747 7.34032 7.50783
threshold=3.1385553013966159 18.390000000000011 5.0500000000000016 3.3581498806778467 6.0500000000000016 1.0000000180025095e-35 22.530833333333337 3.1568155811881558 14.050000000000002 33.262964248657234 24.79000000000001 4.8500000000000014 2.9508320041922094 28.450000000000006
decision_type=2 2 2 2 2 2 2 2 2 2 2 2 2 2
left_child=5 -2 7 4 -4 -1 9 -3 -9 -7 11 -11 13 -13
right_child=1 2 3 -5 -6 6 -8 8 -10 10 -12 12 -14 -15
leaf_value=-0.015012036975872219 0.010531274375405297 0.0044433701998158968 -0.012450889257154344 0.01236296245039796 0.013349408170878615 0.0058506921703784139 -0.020199412838239113 -0.0018230343719135616 -0.041329109657359739 0.012276991221474503 0.0014893216056622604 -0.013507649404137127 0.0027692434014197935 0.011732163385010635
leaf_weight=12.006786662619559 15.951274339109657 1.7152033504098643 44.291438584914431 9.1095224737655354 7.1920077423565081 84.093502784846351 5.5229062684811643 1.9424597844481448 7.7916197574231774 27.424398717004806 675.92815330112353 90.621852333890274 56.627112440299243 11.221065052784978
leaf_count=170 109 17 761 210 305 1139 1265 25 144 326 6642 1673 678 218
internal_value=8.13617e-05 -0.00570499 -0.00939492 -0.00535088 -0.00866102 0.000615209 0.000827973 -0.0286482 -0.0343499 0.000971948 0.000489668 -0.00313368 -0.00586087 -0.0106397
internal_weight=1051.44 87.9935 72.0423 60.593 51.4834 963.446 951.439 11.4493 9.73408 945.916 861.823 185.894 158.47 101.843
internal_count=13682 1571 1462 1276 1066 12111 11941 186 169 10676 9537 2895 2569 1891
is_linear=0
shrinkage=0.03


Tree=301
num_leaves=15
num_cat=0
split_feature=8 6 1 6 8 0 3 3 1 1 5 3 5 1
split_gain=3.2958 3.20861 3.52014 2.79345 5.33696 7.72536 5.04881 6.02639 3.49914 3.45958 5.58744 6.57941 5.28084 6.41702
threshold=47.850000000000016 8.0500000000000025 -21.409999999999993 7.5500000000000016 23.550000000000004 6.3316666666666697 2.7054446019199965 2.0614147635482767 -20.869999999999994 -6.299999999999998 437.94325256347662 2.3297028928717642 489.27235412597662 1.4600000000000068
decision_type=2 2 2 2 2 2 2 2 2 2 2 2 2 2
left_child=1 3 -3 -1 5 8 7 -6 -5 10 -9 -12 13 -11
right_child=-2 2 -4 4 6 -7 -8 9 -10 12 11 -13 -14 -15
leaf_value=-0.00017530645812743154 -0.030911671608510077 0.02698463086343041 -0.02048206677514933 -0.011606471419307152 -0.015761912381605219 -0.014239339589142459 -0.0070428782330071091 -0.01340177067358923 0.054443982251313687 0.054662138496949307 0.059862164225831349 -0.0025576061381146226 0.0073298463247663051 0.018078470417058498
leaf_weight=951.90730634820648 2.0871399741154155 0.73411154211498697 10.232690947013905 0.60098482482135329 5.1317295316839582 18.884913880843669 13.279080107109619 7.6224475447088462 1.4200529828667665 5.9503764733672169 1.6350342147052286 3.407882968429476 17.196910166414455 16.229022520827129
leaf_count=11418 51 30 650 53 247 469 168 83 57 43 37 52 189 191
internal_value=4.04292e-05 0.000130943 -0.0153152 0.000307824 0.00528918 -0.00775919 0.00921554 0.0130479 0.0374625 0.0161323 0.00226186 0.0242375 0.0204273 0.0298281
internal_weight=1056.32 1054.23 10.9668 1043.27 91.3584 20.906 70.4525 57.1734 2.02104 52.0417 12.6654 5.04292 39.3763 22.1794
internal_count=13738 13687 680 13007 1589 579 1010 842 110 595 172 89 423 234
is_linear=0
shrinkage=0.03


Tree=302
num_leaves=15
num_cat=0
split_feature=1 2 4 6 2 0 0 1 3 0 2 4 3 5
split_gain=3.60111 6.57252 11.8236 7.94713 6.78444 8.45964 7.25176 5.94214 5.77874 5.2735 6.98542 19.1903 11.9591 16.476
threshold=-6.1699999999999964 28.190000000000008 53.00437893998221 5.5500000000000016 25.900000000000006 10.191250000000005 6.1291666666666709 -19.729999999999993 3.0949879214112825 13.552083333333337 29.460000000000008 67.277502390347863 2.8156640673439983 293.93762207031256
decision_type=2 2 2 2 2 2 2 2 2 2 2 2 2 2
left_child=1 4 -3 -4 6 7 -1 -6 -9 -2 11 -11 -13 -14
right_child=9 2 3 -5 5 -7 -8 8 -10 10 -12 12 13 -15
leaf_value=-0.00010227312223754581 0.0040764390922753916 0.010661935476470411 0.022150515257688966 -0.014770464630177942 -0.010764982010617503 -0.035479533308129849 -0.015342526483586952 0.012796781566400095 -0.021869230280168555 -0.040102063892098763 0.001042040889230491 -0.031635846027658107 0.017154566792067415 -0.021626596782578084
leaf_weight=142.47414961841423 345.51624052179977 23.636374963447452 4.7015228718519202 89.72153672715649 12.061614701058714 3.1624064892530432 34.007473091594875 82.14487811923027 3.6779053360223761 13.746271634474395 246.82673371816054 8.6516358768567425 30.657951593864709 13.35555975884199
leaf_count=1934 4291 439 21 677 147 18 293 596 17 176 4630 59 297 174
internal_value=0.000168007 -0.00209138 -0.00798791 -0.0127192 0.000436651 0.0065989 -0.00310892 0.0083034 0.0110764 0.0015259 -0.00129148 -0.00985111 -0.00135509 0.0051677
internal_weight=1054.34 395.588 118.059 94.4231 277.528 101.047 176.482 97.8844 85.8228 658.754 313.238 66.4114 52.6651 44.0135
internal_count=13769 4142 1137 698 3005 778 2227 760 613 9627 5336 706 530 471
is_linear=0
shrinkage=0.03


Tree=303
num_leaves=15
num_cat=0
split_feature=0 1 1 2 3 5 6 1 4 0 1 3 5 5
split_gain=3.4124 8.3366 6.99953 6.36463 8.58635 8.48473 4.56596 13.2675 9.32382 6.78474 7.0124 6.66579 5.20442 4.81967
threshold=13.552083333333337 -6.8099999999999969 -0.53999999999999615 26.230000000000008 2.8195373548239311 372.38618469238287 6.4500000000000011 -0.66999999999999738 62.845155557268036 10.425000000000004 -6.299999999999998 3.3957507652705003 480.26972961425787 29.891889572143558
decision_type=2 2 2 2 2 2 2 2 2 2 2 2 2 2
left_child=6 -2 -3 4 -4 -6 8 12 -1 11 -11 13 -8 -10
right_child=1 2 3 -5 5 -7 7 -9 9 10 -12 -13 -14 -15
leaf_value=-0.0222651596622623 0.036821587172838413 -0.014359231416794727 -0.048920048634727202 0.0004058427296429343 0.009470079140926943 -0.032233797977499659 -0.0012994504444586053 0.02374885079653382 0.016315133422118579 -0.023323095609225547 -0.0024797742709033667 -0.032719925938388149 0.0080349550792758427 0.0022547495796856778
leaf_weight=15.404415731318293 3.9029813706874839 38.929900984279811 4.4797554397955563 258.9848793707788 11.561176130548121 5.7882995144464067 134.56846523820423 28.795230582356453 22.539995972067118 16.31874018907547 92.154438386671245 3.7201609984040251 88.26565299811773 333.59706458682194
leaf_count=163 55 555 39 4644 95 72 984 741 431 122 1195 20 1249 3454
internal_value=0.00054463 -0.00201832 -0.00260574 -0.000931161 -0.0161165 -0.00544197 0.00167384 0.00494275 -3.3272e-05 0.000743866 -0.00579986 0.00272697 0.00241733 0.00318783
internal_weight=1059.01 323.647 319.744 280.814 21.8292 17.3495 735.364 251.629 483.735 468.33 108.473 359.857 222.834 356.137
internal_count=13819 5460 5405 4850 206 167 8359 2974 5385 5222 1317 3905 2233 3885
is_linear=0
shrinkage=0.03


Tree=304
num_leaves=15
num_cat=0
split_feature=7 2 8 4 5 4 5 6 7 7 8 2 4 6
split_gain=3.62882 5.61023 4.77116 4.77012 3.57234 11.0899 5.50231 4.80251 14.0761 5.57505 5.01769 4.27959 10.3949 7.45784
threshold=137.85000000000005 13.830000000000005 9.9500000000000011 84.364652112121689 783.74694824218761 75.103035060329248 764.31665039062511 6.3500000000000014 52.550000000000004 19.250000000000004 18.250000000000004 28.330000000000002 69.793263973270058 5.8500000000000014
decision_type=2 2 2 2 2 2 2 2 2 2 2 2 2 2
left_child=1 -1 -2 -4 6 7 11 8 -6 -9 -10 13 -13 -3
right_child=2 4 3 -5 5 -7 -8 9 10 -11 -12 12 -14 -15
leaf_value=0.028773084184715372 0.0046299341378775085 -0.0012080579367548324 -0.019863363427436487 0.0096803140822830473 -0.021114576037624625 -0.03311018519383796 0.02971993423933357 -0.0055943921592453991 -0.019248527112197121 0.0084392675935863089 0.013529594068932426 0.001066822699017776 -0.010110505651335987 0.0067090086374843299
leaf_weight=5.0934304613620034 16.673537843860686 222.86371715343557 26.831065719481558 5.3385968073271206 34.056125370087102 10.053341525141148 4.844861337915062 46.312446439405903 4.2250620324630317 54.296479609096423 21.9717335565947 298.86631208076142 98.850130257662386 204.67166892997921
leaf_count=96 140 2368 349 64 416 152 49 1010 42 567 172 3640 1656 3001
internal_value=-0.000317049 7.43167e-05 -0.00821841 -0.0148165 -0.00010028 -0.00403671 0.000714105 -0.00202638 -0.00865219 0.00198779 0.00772972 0.000508055 -0.00172963 0.00258885
internal_weight=1054.95 1006.11 48.8432 32.1697 1001.01 170.915 830.097 160.862 60.2529 100.609 26.1968 825.252 397.716 427.535
internal_count=13722 13169 553 413 13073 2359 10714 2207 630 1577 214 10665 5296 5369
is_linear=0
shrinkage=0.03


Tree=305
num_leaves=15
num_cat=0
split_feature=5 7 6 0 4 6 2 1 1 1 7 2 2 1
split_gain=2.78119 2.83055 7.6201 5.33696 3.47346 6.9873 5.18846 8.85628 3.55267 10.046 3.90037 3.42005 6.51499 3.12961
threshold=3470.7541503906255 17.550000000000004 7.0500000000000016 12.665416666666673 57.343016267870176 7.7500000000000009 27.310000000000006 -15.079999999999995 6.0400000000000036 4.020000000000004 30.350000000000005 35.310000000000009 36.850000000000016 -19.729999999999993
decision_type=2 2 2 2 2 2 2 2 2 2 2 2 2 2
left_child=1 2 3 -1 6 13 -3 -8 9 10 11 -9 -13 -6
right_child=-2 4 -4 -5 5 -7 7 8 -10 -11 -12 12 -14 -15
leaf_value=0.0065813476915241153 -0.024001144096814236 -0.014187478890496878 0.00053545883624350396 -0.01977061412529816 -0.0081567636705715714 -0.024997439664740714 0.058201901465122517 0.019507373500184295 0.033771746870246415 -0.034606100522333857 -0.0095200129308024087 -0.035066763647425378 0.019891244673418931 0.00086094082575829066
leaf_weight=8.1399818230420333 3.3497828503604969 7.3293883414007714 103.7001861918252 33.256442053476349 35.179156233090907 8.8016663568560016 2.4389847866259506 24.416609125211838 3.3405330709647378 4.1229178421199313 6.6579609997570506 2.4996916875243178 3.3978825286030769 813.17377821356058
leaf_count=79 280 138 2415 1050 894 81 38 157 43 71 49 24 22 8492
internal_value=-6.19068e-05 3.66244e-05 -0.0038403 -0.0145559 0.000657399 0.000187419 0.00795141 0.0116371 0.00785655 0.00499773 0.0102092 0.014708 -0.00510955 0.000477835
internal_weight=1059.8 1056.46 145.097 41.3964 911.359 857.155 54.204 46.8746 44.4356 41.0951 36.9721 30.3142 5.89757 848.353
internal_count=13833 13553 3544 1129 10009 9467 542 404 366 323 252 203 46 9386
is_linear=0
shrinkage=0.03


Tree=306
num_leaves=15
num_cat=0
split_feature=8 2 1 3 1 0 1 0 0 2 0 2 5 1
split_gain=4.12305 5.03229 6.07441 5.47279 5.29599 5.02075 8.89285 7.08589 5.33034 8.59399 7.15574 5.62793 5.27062 4.63652
threshold=31.150000000000006 23.850000000000012 6.770000000000004 2.6525170856833844 -19.729999999999993 7.70041666666667 -9.4199999999999928 6.4387500000000033 10.191250000000005 27.090000000000007 10.476250000000006 26.090000000000007 190.88557434082034 5.0000000000000044
decision_type=2 2 2 2 2 2 2 2 2 2 2 2 2 2
left_child=-1 -2 4 -4 -3 7 -7 12 9 11 -10 -8 -6 -12
right_child=1 2 3 -5 5 6 8 -9 10 -11 13 -13 -14 -15
leaf_value=0.0011049685264463659 0.022238726138690289 -0.033148624401243984 0.046878945751094574 0.0033571678268134774 0.014589909288691081 -0.032275964761169056 0.014145505947404061 0.029310629869198978 -0.048256467472421169 0.034172919315528356 -0.0032472642965710365 -0.046667873381743337 -0.023436362467881531 -0.022486590337853659
leaf_weight=868.55595769628417 5.4415675189811727 5.4673570580780497 2.4274158196058115 11.530859709484501 5.1507404819130915 10.801651962101458 2.0146759934723364 7.6551885921508065 2.6507645640522233 6.4133080914616585 101.05111989541911 1.7669461257755754 6.1483426578342915 11.773478901945053
leaf_count=11299 146 59 53 728 34 110 29 53 29 41 960 14 41 151
internal_value=0.000247167 -0.00386856 -0.00480288 0.0135538 -0.0064693 -0.0053249 -0.00733859 0.00881499 -0.00495729 0.0149042 -0.00682369 -0.0180866 -0.00632506 -0.00543484
internal_weight=1048.85 180.293 174.852 13.9583 160.894 155.426 136.472 18.9543 125.67 10.1949 115.475 3.78162 11.2991 112.825
internal_count=13747 2448 2302 781 1521 1462 1334 128 1224 84 1140 43 75 1111
is_linear=0
shrinkage=0.03


Tree=307
num_leaves=15
num_cat=0
split_feature=1 0 0 1 4 4 4 7 5 1 7 2 5 3
split_gain=2.92098 4.25467 8.42326 7.09878 7.10441 5.95424 5.8085 6.50405 4.6631 5.37549 7.9854 8.87141 6.48703 6.21399
threshold=-9.2099999999999955 7.3220833333333362 5.6695833333333372 -16.269999999999992 77.397088820913254 54.901478245972619 72.528369549010932 39.45000000000001 27.003902435302738 -15.079999999999995 66.350000000000009 27.630000000000006 559.77044677734386 2.5473808314219206
decision_type=2 2 2 2 2 2 2 2 2 2 2 2 2 2
left_child=1 2 8 -4 -5 -3 -7 -8 -1 10 11 12 13 -10
right_child=-2 5 3 4 -6 6 7 -9 9 -11 -12 -13 -14 -15
leaf_value=0.020836789042601871 0.00070589052880985943 0.0052855552757043083 -0.021126783999562609 0.018896484926685938 -0.0097990614852208162 -0.019778696870673393 0.025979690365631671 -0.016734471440066932 -0.015743610517890524 -0.012845934909684938 -0.022675228889405558 -0.019316051779729129 -0.014652191899170412 0.012925445256686907
leaf_weight=5.4835536787286392 769.6412797140656 17.982596447691321 5.15958806592971 38.128359582275152 9.0181477442383748 39.462330481037498 5.3112161383032781 5.5692019611597061 6.8310228616464874 52.894238720182329 12.451243497664107 13.655536546371875 10.623606731649486 58.31666647340171
leaf_count=72 10566 352 71 344 54 253 24 34 45 416 427 169 470 492
internal_value=-0.000250188 -0.00286309 -0.000754537 0.00958779 0.0133181 -0.00931733 -0.0145349 0.00454793 -0.0041687 -0.00518272 -0.00111785 0.00210123 0.00616239 0.00972681
internal_weight=1050.53 280.887 212.562 52.3061 47.1465 68.3253 50.3427 10.8804 160.256 154.772 101.878 89.4268 75.7713 65.1477
internal_count=13789 3223 2560 469 398 663 311 58 2091 2019 1603 1176 1007 537
is_linear=0
shrinkage=0.03


Tree=308
num_leaves=15
num_cat=0
split_feature=7 6 0 2 0 2 2 7 8 4 8 8 4 3
split_gain=3.22977 7.20224 6.48422 5.35311 4.36713 3.57017 4.57383 3.30346 3.17169 3.75848 3.27308 6.17924 4.44178 3.7335
threshold=137.85000000000005 5.3500000000000014 6.4387500000000033 16.430000000000007 10.476250000000006 22.490000000000009 22.010000000000009 155.35000000000005 6.9500000000000011 79.054296055094554 9.9500000000000011 10.250000000000002 66.764490697485613 2.8031360556287286
decision_type=2 2 2 2 2 2 2 2 2 2 2 2 2 2
left_child=3 2 5 -1 -4 6 -2 -3 9 -5 12 -12 -10 -14
right_child=1 7 4 8 -6 -7 -8 -9 10 -11 11 -13 13 -15
leaf_value=0.02188787333475694 -0.011584637607907683 -0.0081744319527191148 0.020350816256496845 -0.027401237547415819 -0.020090455528149878 -0.027795410215407695 0.022022824765277747 -0.045162660523515537 -0.026463624571589465 0.013045095863918998 -0.034252063315355498 0.00020680286295028349 -0.0012882392316378457 0.022623700924499932
leaf_weight=9.3135978793725354 13.27530511305668 4.3488031255546939 12.500690186396239 6.480511798989026 2.083706251345574 6.8460812028497449 3.9091371947433791 4.7641842933371663 1.7551952251233185 2.1708734352141619 3.7067822832614175 947.98288601031527 8.9569507455453294 15.534723422257228
leaf_count=227 151 51 133 142 16 88 46 61 30 29 47 12448 118 191
internal_value=1.80982e-05 -0.00752338 -0.00157893 0.000386703 0.0136545 -0.0110004 -0.00314891 -0.0300652 0.00016177 -0.0169521 0.000330331 3.67752e-05 0.0105824 0.0141713
internal_weight=1043.63 47.7279 38.6149 995.902 14.5844 24.0305 17.1844 9.11299 986.588 8.65139 977.937 951.69 26.2469 24.4917
internal_count=13778 546 434 13232 149 285 197 112 13005 171 12834 12495 339 309
is_linear=0
shrinkage=0.03


Tree=309
num_leaves=15
num_cat=0
split_feature=3 7 3 8 1 2 2 6 5 5 5 6 2 7
split_gain=2.53998 8.74315 8.27489 5.24573 9.58711 4.89966 8.36525 11.5353 7.18289 5.49476 8.70537 5.22544 7.04477 5.23094
threshold=2.6396358757844824 54.850000000000016 2.6564144601913733 17.850000000000005 -13.839999999999995 35.410000000000011 32.230000000000011 7.0500000000000016 1457.8253173828127 175.09024810791018 1343.6857910156252 7.7500000000000009 39.050000000000018 6.9500000000000011
decision_type=2 2 2 2 2 2 2 2 2 2 2 2 2 2
left_child=1 3 -2 4 -1 6 7 8 -5 -8 -11 -7 -13 -14
right_child=2 -3 -4 5 -6 11 9 -9 -10 10 -12 12 13 -15
leaf_value=0.034316700024236632 0.016240773321049427 -0.027670924815679222 0.0002630092778319749 0.0038922842608160517 -0.030698975229680268 -0.02453299585671527 -0.00046107500063875779 -0.012569873969186645 0.042251440053065178 0.02842512769511845 -0.0076361338842557136 -0.013854889430938891 -0.0048622835563284878 0.047809030038266268
leaf_weight=1.62451724463608 29.241559875896201 11.089749936945735 826.32570117525756 39.005417654290795 10.232120505417695 12.835086625767874 19.573885244317353 50.738024854217656 3.9937673052772871 23.427236526273195 7.5154965957626692 10.178144907578824 2.7288755658082655 2.8597190657164901
leaf_count=76 221 194 10413 259 296 304 133 688 56 229 116 323 369 64
internal_value=0.00012141 -0.00295206 0.00082742 -0.00132699 -0.0198147 4.78103e-05 0.00231458 -0.0029939 0.00833439 0.0120318 0.0197016 -0.0110767 0.000687469 0.0252555
internal_weight=1051.37 195.802 855.567 184.712 11.8566 172.856 144.254 93.7372 42.9992 50.5166 30.9427 28.6018 15.7667 5.58859
internal_count=13741 3107 10634 2913 372 2541 1481 1003 315 478 345 1060 756 433
is_linear=0
shrinkage=0.03


Tree=310
num_leaves=15
num_cat=0
split_feature=1 4 3 5 5 7 7 0 0 0 2 2 3 3
split_gain=2.74141 4.85719 5.01852 6.28804 4.34565 3.36617 3.12954 4.17674 5.62703 3.82007 3.53841 5.0069 4.26943 4.17781
threshold=-19.729999999999993 82.831255891752292 2.711748194629235 71.321914672851577 260.19952392578131 54.850000000000016 137.85000000000005 10.476250000000006 8.9187500000000046 1.0000000180025095e-35 22.750000000000011 18.710000000000012 3.2223236039529959 2.7636076634217397
decision_type=2 2 2 2 2 2 2 2 2 2 2 2 2 2
left_child=1 2 3 -1 -3 -5 9 8 10 -2 11 12 -8 -13
right_child=6 4 -4 5 -6 -7 7 -9 -10 -11 -12 13 -14 -15
leaf_value=0.022105862996372114 0.033397713228983217 0.044520896616837904 -0.028515753236086235 -0.0043458238445227126 -0.016024027407191051 -0.030542361753965921 -0.02895322519472867 -0.037977830450185872 0.025617886106374936 0.00033168013468804359 -0.026170173625233141 -0.022497959137051615 0.0017573324966603941 0.013624117261834033
leaf_weight=5.5607659490779069 2.1549774135928592 1.894060819409787 9.5263596037402731 18.152179082622755 1.0407449125777928 5.0292849589604876 8.3808468617498857 2.7410599743016055 3.953748606145381 961.03259381523822 7.0524767115712157 2.5956987179815796 7.0104480013251296 14.521834786981342
leaf_count=59 39 93 344 434 85 148 67 29 40 12138 61 32 40 159
internal_value=-0.000242264 -0.00773329 -0.0107596 -0.00411365 0.0244346 -0.0110573 7.08553e-05 -0.00746699 -0.00473511 0.000440222 -0.00832537 -0.00378865 -0.0157113 0.00720713
internal_weight=1050.65 41.2034 38.2686 28.7422 2.93481 23.1815 1009.44 46.2561 43.5151 963.188 39.5613 32.5088 15.3913 17.1175
internal_count=13768 1163 985 641 178 582 12605 428 399 12177 359 298 107 191
is_linear=0
shrinkage=0.03


Tree=311
num_leaves=15
num_cat=0
split_feature=1 2 2 0 8 3 4 2 6 8 8 4 1 0
split_gain=3.3426 6.24869 6.66547 5.18239 5.4252 5.17065 8.24538 5.84974 9.64052 5.24456 4.88938 6.77568 5.61353 4.60349
threshold=-9.2099999999999955 14.950000000000005 21.130000000000006 8.6320833333333393 25.750000000000004 2.3468222213590955 70.702656576716251 25.900000000000006 5.9500000000000011 12.650000000000004 24.450000000000006 71.600573477942206 -12.809999999999995 12.366666666666671
decision_type=2 2 2 2 2 2 2 2 2 2 2 2 2 2
left_child=1 -1 -3 4 5 -4 -7 -8 9 -9 12 -12 -5 -2
right_child=13 2 3 10 -6 6 7 8 -10 -11 11 -13 -14 -15
leaf_value=0.028369204825994351 0.003393038525876883 -0.02664601388743985 0.023197533518256746 -0.020980094653241802 0.0041138202738756511 -0.020336917103791811 -0.0061620875836706519 -0.0073843431898453944 -0.027036651167196352 0.028029452615090187 -0.026734637378193035 0.013775747681736745 0.020970267175331871 -0.001216033126801406
leaf_weight=4.7232805874664328 390.76022704597563 9.6150810890831035 4.6545368665829292 3.8424974195659161 108.85405178787187 27.620126341935247 71.975177286891267 4.4837798476219239 4.0095099722966543 14.647438955958931 20.611114113591615 3.8370551019906989 6.1102393940091115 387.60203394398559
leaf_count=132 4468 414 138 86 862 362 759 20 39 127 237 17 62 6145
internal_value=8.13809e-05 -0.00269276 -0.00331526 -0.00239136 -0.000783911 -0.00496842 -0.00621541 -0.00194583 0.0108801 0.019775 -0.0130964 -0.0200852 0.00433751 0.00109924
internal_weight=1063.35 284.984 280.261 270.646 236.245 127.391 122.736 95.1159 23.1407 19.1312 34.4009 24.4482 9.95274 778.362
internal_count=13868 3255 3123 2709 2307 1445 1307 945 186 147 402 254 148 10613
is_linear=0
shrinkage=0.03


Tree=312
num_leaves=15
num_cat=0
split_feature=2 3 0 1 6 2 7 3 1 0 1 0 7 3
split_gain=3.17493 5.10024 5.22192 4.01559 3.78811 4.68461 5.65676 2.41698 5.763 10.6576 7.06647 4.95914 4.15212 3.06263
threshold=36.970000000000013 2.5932971456787062 20.794166666666673 3.8000000000000047 7.7500000000000009 39.050000000000018 6.9500000000000011 2.1914508849812533 -1.9299999999999966 13.120416666666673 -18.109999999999992 5.007916666666671 9.6500000000000039 2.2693728241106434
decision_type=2 2 2 2 2 2 2 2 2 2 2 2 2 2
left_child=7 4 3 -3 -2 -6 -7 8 9 10 11 -1 -12 -9
right_child=1 2 -4 -5 5 6 -8 13 -10 -11 12 -13 -14 -15
leaf_value=-0.013800900596386941 -0.020892934714022447 0.013661277218675711 -0.012874577205578761 0.049652805103273474 -0.016671025759255786 -0.0060910658465073066 0.047483914359062351 -0.019804125914280445 -0.023592018363924203 0.060957280429850998 0.018547273365121776 0.057267671176048834 -0.027033427343221551 -0.00039852885478338209
leaf_weight=0.82597753778099869 5.5398940900340703 8.3011766579002124 2.7735315032768986 4.3167168609797946 3.3828113947529328 2.9203618166502565 2.8429282694123685 6.3744194353930643 2.5737377260811618 2.9722194997593752 1.7556177182123063 1.7263928623870013 4.9716505529358983 996.58386976574548
leaf_count=96 202 54 579 18 179 419 65 153 153 35 68 41 113 11571
internal_value=-7.03706e-05 0.00937555 0.0208934 0.0287163 -0.00325803 0.00843005 0.0234498 -0.000358444 0.011275 0.019827 0.00200484 0.0368582 -0.0142774 -0.000541467
internal_weight=1047.86 30.0774 15.3914 12.6179 14.686 9.1461 5.76329 1017.78 14.8256 12.2519 9.27964 2.55237 6.72727 1002.96
internal_count=13746 1516 651 72 865 663 484 12230 506 353 318 137 181 11724
is_linear=0
shrinkage=0.03


Tree=313
num_leaves=15
num_cat=0
split_feature=6 5 0 2 3 8 3 1 2 2 8 3 5 3
split_gain=3.28581 8.77984 6.67145 10.2088 6.28799 5.91254 5.75725 7.56048 7.51853 5.72663 5.14507 4.83753 3.81331 6.247
threshold=5.9500000000000011 157.70842742919925 5.1554166666666701 16.430000000000007 3.0949879214112825 25.850000000000005 3.0084213074606292 -0.97999999999999676 26.29000000000001 23.43000000000001 30.050000000000004 3.3957507652705003 372.38618469238287 3.3581498806778467
decision_type=2 2 2 2 2 2 2 2 2 2 2 2 2 2
left_child=1 6 3 -3 -2 11 8 -8 9 -1 -6 -4 -7 -14
right_child=4 2 5 -5 10 12 7 -9 -10 -11 -12 -13 13 -15
leaf_value=0.012198376842217412 0.00062436412210094825 0.013642516825259283 0.00014356015584113192 -0.025157193864396129 0.028465046899095486 -0.0019711796051675966 -0.015326550705724922 0.0042980158204765744 0.024689888424442866 -0.0027532072485233531 -0.0042927502533386761 -0.035335141983496014 -0.023705371361355736 0.02394792078102162
leaf_weight=38.047195289516822 619.01486916199792 6.9069633195176712 134.41877963533625 30.18012440437451 12.285527300788091 17.623492639977485 29.769975208677351 40.73092807456851 16.841322122141719 55.596212873933837 6.0418564253486684 2.5499910046346477 26.357037508394573 1.9245040102396149
leaf_count=702 8081 40 1150 529 269 275 212 851 152 601 318 20 387 49
internal_value=-0.000186572 -0.00231116 -0.00632562 -0.0177628 0.00115151 -0.00392216 0.00257578 -0.00408718 0.00682597 0.0033863 0.0180027 -0.00076828 -0.0131155 -0.0197555
internal_weight=1038.29 400.947 219.961 37.0871 637.342 182.874 180.986 70.5009 110.485 93.6434 18.3274 136.969 45.905 28.2815
internal_count=13636 4968 2450 569 8668 1881 2518 1063 1455 1303 587 1170 711 436
is_linear=0
shrinkage=0.03


Tree=314
num_leaves=15
num_cat=0
split_feature=1 7 7 8 7 8 4 7 1 1 4 5 0 4
split_gain=3.05175 2.84113 7.24062 6.33728 10.751 6.72546 5.19322 5.91135 5.10878 5.00485 4.73381 4.65781 5.44273 5.75615
threshold=-23.989999999999991 31.150000000000006 31.350000000000005 11.150000000000004 26.650000000000006 26.850000000000005 68.724193465342196 90.250000000000014 -16.629999999999992 -19.729999999999993 63.785139106023614 559.77044677734386 7.0662500000000046 71.342453728638176
decision_type=2 2 2 2 2 2 2 2 2 2 2 2 2 2
left_child=-1 3 -3 4 -2 -5 7 9 -7 -4 -10 12 -12 -14
right_child=1 2 6 5 -6 8 -8 -9 10 -11 11 -13 13 -15
leaf_value=-0.020758529305667139 -0.0011558216120687668 0.034402080344910435 -0.018403492835646875 0.0024514361373816299 -0.052169907885266084 -0.029761804616411123 -0.00065677526798966904 -0.028843386950069161 0.0017598293255244805 0.008102756596221351 0.034346123072569838 -0.023118468684683938 -0.010641092191267059 0.0028937675119119636
leaf_weight=5.4264903658768153 9.9981614282587525 4.9330050325952461 5.7970978363882741 240.2789148268057 4.9636103780940166 6.1150518287904552 409.61310243117623 3.3148836605250827 83.868195224786177 137.27496145619079 2.0660109892487517 13.911169617203994 85.208864205051214 41.549299648730084
leaf_count=669 179 44 96 3684 57 101 4613 19 1382 972 10 263 859 875
internal_value=-0.000148313 -2.20151e-05 0.00143307 -0.00169422 -0.020288 -0.0010645 0.00107932 0.00590868 -0.00468961 0.00690847 -0.00388523 -0.00719132 -0.00530659 -0.00621666
internal_weight=1054.32 1048.89 560.933 487.959 14.9618 472.998 556 146.387 232.719 143.072 226.604 142.735 128.824 126.758
internal_count=13823 13154 5744 7410 236 7174 5700 1087 3490 1068 3389 2007 1744 1734
is_linear=0
shrinkage=0.03


Tree=315
num_leaves=15
num_cat=0
split_feature=3 7 2 7 6 2 0 0 7 0 0 6 5 5
split_gain=2.97187 5.33026 6.33746 4.16395 6.63566 3.71601 6.27782 3.00376 2.53131 2.63051 3.91579 2.21215 4.79466 8.42941
threshold=1.8241256582029706 13.150000000000004 34.77000000000001 6.5500000000000016 7.9500000000000011 35.590000000000011 15.470833333333337 19.165000000000006 6.2500000000000009 16.024583333333339 17.868750000000009 7.5500000000000016 1002.2830200195314 408.25686645507818
decision_type=2 2 2 2 2 2 2 2 2 2 2 2 2 2
left_child=3 2 -2 -1 -5 6 -4 -8 -7 -10 -11 -3 13 -13
right_child=1 11 5 4 -6 8 7 -9 9 10 -12 12 -14 -15
leaf_value=-0.017896322152886522 -0.018593411037938934 0.00023436176236492609 0.045661190382046121 -0.003672890621778543 0.0583591455437436 -0.024443622876924889 -0.02466702883828964 0.024584716867451575 -0.023789895638318931 0.023822671004150857 -0.0072538268590168938 0.0018573173447371499 -0.016668425065517366 0.02789518803743821
leaf_weight=1.4113483908586193 28.056822847574949 916.28694518073462 2.9861450549215105 2.6427769477013499 2.4125034189783037 3.5270604867255342 2.2554322956129913 0.76031262567266811 2.1515076132491222 5.4741439879871887 7.5836926037445664 41.663260858040303 6.527421571314334 14.380694540217517
leaf_count=279 619 10550 27 114 97 383 42 52 61 61 643 413 197 141
internal_value=0.000242 0.000105408 -0.00908899 0.0191006 0.0306792 0.001994 0.0207068 -0.00921997 -0.0047458 0.00104833 0.00654203 0.000610081 0.00602183 0.00891044
internal_weight=1038.12 1031.65 52.7951 6.46663 5.05528 24.7383 6.00189 3.01574 18.7364 15.2093 13.0578 978.858 62.5714 56.044
internal_count=13679 13189 1888 490 211 1269 121 94 1148 765 704 11301 751 554
is_linear=0
shrinkage=0.03


Tree=316
num_leaves=15
num_cat=0
split_feature=7 0 5 4 2 1 0 5 2 7 2 5 3 3
split_gain=4.13268 2.63221 5.02978 7.61583 8.41577 4.68569 4.05325 7.81392 5.51991 4.44159 5.86186 3.56955 3.39719 3.26804
threshold=6.9500000000000011 7.1566666666666707 1651.5906982421877 37.913939675492678 31.930000000000003 -3.1999999999999953 5.4462500000000027 33.262964248657234 27.710000000000008 19.450000000000006 28.870000000000005 570.06497192382824 2.6049708415595538 2.8095125780378463
decision_type=2 2 2 2 2 2 2 2 2 2 2 2 2 2
left_child=-1 5 -3 4 -4 6 8 -8 -2 -9 12 -12 -11 -14
right_child=1 2 3 -5 -6 -7 7 9 -10 10 11 -13 13 -15
leaf_value=-0.018395415882200304 0.0024519870842188486 0.00013969799382491544 0.054179836536194882 -0.018152881046262424 -0.021188626168776627 -0.022898903605896862 -0.024580291563503002 -0.018412931660773131 -0.017688607034554046 -0.017037822061099616 0.016697884147069103 0.057060198926924224 0.017035697167224712 0.0042942167945463064
leaf_weight=9.4832763365702686 152.14737960440107 740.9691734504886 2.078802991192791 25.774305091006681 1.6181854167953131 5.1096435002982608 5.0781219191849223 3.6317302752286187 12.31359718670137 3.3684427994303396 6.6372713521122915 2.926030158996582 35.132391510531306 38.163596510887146
leaf_count=900 1961 9383 26 265 27 32 71 74 151 32 46 18 372 329
internal_value=0.000346624 0.000535949 -0.00035135 -0.0122967 0.0237031 0.003112 0.00371033 0.00861132 0.00084622 0.0107369 0.0121617 0.03328 0.00913274 0.0105486
internal_weight=1044.43 1034.95 770.44 29.4713 3.69699 264.508 259.399 94.9376 164.461 89.8595 86.2277 9.5633 76.6644 73.296
internal_count=13687 12787 9701 318 53 3086 3054 942 2112 871 797 64 733 701
is_linear=0
shrinkage=0.03


Tree=317
num_leaves=15
num_cat=0
split_feature=5 3 0 7 7 2 0 0 2 3 4 2 6 7
split_gain=2.66434 3.27549 8.05859 4.36654 4.83434 4.49305 4.15946 3.70093 5.92366 3.44186 7.10227 4.84981 4.22845 3.59162
threshold=46.776163101196296 2.8420535352836414 6.3316666666666697 16.150000000000002 20.850000000000005 33.210000000000015 8.2450000000000028 12.223333333333338 28.870000000000005 2.9530392939755932 78.730274404130242 32.490000000000016 5.0500000000000016 27.050000000000004
decision_type=2 2 2 2 2 2 2 2 2 2 2 2 2 2
left_child=1 7 -3 -4 5 -5 -6 -1 -9 10 11 13 -11 -8
right_child=-2 2 3 4 6 -7 9 8 -10 12 -12 -13 -14 -15
leaf_value=0.015950375515086962 -0.00044659502035360079 -0.042020675345573931 -0.027312089649015318 0.039700590852012843 0.022846425911300171 -0.0116955954173085 -0.0030122788980247272 -0.029197892346383279 0.0066049529386223681 -0.022702382607044092 0.011865085083571042 0.010494103612751455 0.0060275135534254166 -0.053376949750181125
leaf_weight=32.071579846320674 910.81511221453547 2.9575391989201298 3.3180628689005962 4.6873284722678354 5.9596222173422566 1.5747992377728222 1.8163314778357724 3.8363261241465798 28.806895751389675 4.2633520150557151 5.0622313925996414 1.6334813814610241 36.68855582177639 4.5506991054862738
leaf_count=566 11462 23 142 52 51 77 29 30 266 54 219 13 676 77
internal_value=0.000141919 0.00402304 -0.00036831 0.00197327 0.00382469 0.0269448 0.00100833 0.00887421 0.0016545 -0.00177263 -0.0145916 -0.0307901 0.00256669 -0.0413685
internal_weight=1048.04 137.227 72.512 69.5545 66.2364 6.26213 59.9743 64.7148 32.6432 54.0147 13.0627 8.00051 40.9519 6.36703
internal_count=13737 2275 1413 1390 1248 129 1119 862 296 1068 338 119 730 106
is_linear=0
shrinkage=0.03


Tree=318
num_leaves=15
num_cat=0
split_feature=8 4 8 2 7 8 7 2 4 2 0 8 5 2
split_gain=2.80404 2.76274 2.3942 6.66321 3.42867 2.76077 2.93815 5.65907 5.29747 5.46001 3.97853 4.33254 3.82968 9.48396
threshold=46.550000000000004 86.085062248403489 6.9500000000000011 22.350000000000012 19.450000000000006 7.3500000000000014 142.65000000000003 13.830000000000005 79.688802774203879 22.010000000000009 8.9187500000000046 9.2500000000000018 2437.5661621093755 27.030000000000005
decision_type=2 2 2 2 2 2 2 2 2 2 2 2 2 2
left_child=1 2 3 -1 -5 -4 7 -7 10 -10 11 -8 -9 -14
right_child=-2 -3 5 4 -6 6 8 12 9 -11 -12 -13 13 -15
leaf_value=0.0068279803991558039 -0.024425395564280958 -0.021388578774652944 0.021042410380080548 0.011420397395042333 -0.037797254882913855 0.032103052273624928 0.0031793959222758935 0.0013542542934477098 -0.0075961310701837641 0.026506390005531306 0.0068281824275515093 -0.0387311663493803 -0.028611532225307757 0.039649308101410249
leaf_weight=9.1196111654862779 2.9630210828036061 4.0006175194866946 5.246030354872345 1.072541664354502 6.0743731339462101 4.3489309914875767 2.735456787049773 964.61646612512413 12.605732273776086 5.1459798349533221 3.2384481849148861 8.2124167028814536 8.5543464015936461 1.3491614628583182
leaf_count=91 66 94 63 28 127 92 15 12440 148 73 30 122 320 21
internal_value=0.000764987 0.000860488 0.000967327 -0.0101136 -0.0299159 0.0011545 0.00103058 0.00132588 -0.00778533 0.00317607 -0.0208076 -0.0288697 0.00115576 -0.0165288
internal_weight=1039.28 1036.32 1032.32 16.2665 7.14691 1016.05 1010.81 978.869 31.938 17.7517 14.1863 10.9479 974.52 9.90351
internal_count=13730 13664 13570 246 155 13324 13261 12873 388 221 167 137 12781 341
is_linear=0
shrinkage=0.03


Tree=319
num_leaves=15
num_cat=0
split_feature=1 3 6 3 2 1 2 3 4 0 5 4 6 1
split_gain=2.50042 5.81605 5.09098 7.51564 10.4203 9.34059 8.44952 8.58485 9.18575 7.40077 5.79707 6.81925 7.31213 10.501
threshold=-0.66999999999999738 2.4241135926961861 7.2500000000000009 2.8031360556287286 33.990000000000016 0.42000000000000032 29.29000000000001 2.6117657714122742 63.449981465881635 18.15666666666667 414.64392089843756 62.402036062599194 5.6500000000000012 3.7000000000000046
decision_type=2 2 2 2 2 2 2 2 2 2 2 2 2 2
left_child=-1 -2 3 4 5 -3 -7 -8 -9 10 11 -5 13 -13
right_child=1 2 -4 9 -6 6 7 8 -10 -11 -12 12 -14 -15
leaf_value=-0.0010184475135036016 -0.016862459866917378 0.010170009755999519 0.0094652875611402326 -0.028091178672635483 0.011349718647290593 -0.043001986344215301 0.024369808364479467 -0.039691511753257074 -0.00017576683174972684 -0.0089451270467073643 -0.0030815542422578551 -0.010719375365958182 0.014949860687612738 0.018719921071808164
leaf_weight=670.98418432660401 13.1279183604056 9.2987070111557824 78.680786459706724 3.4053991064429274 16.847524217795581 11.366605880670248 3.9986778413876918 9.4743677619844693 10.723841759376226 35.422243945300579 48.084381327033043 28.540659372229129 90.289050010032952 16.285856250673532
leaf_count=6958 862 162 927 17 174 105 27 97 65 1827 452 373 1625 93
internal_value=7.82758e-05 0.00203528 0.00276433 0.000879431 -0.00829973 -0.0157654 -0.0226394 -0.011747 -0.0197094 0.00345644 0.00584569 0.00894445 0.0100774 0.000151276
internal_weight=1046.53 375.546 362.418 283.737 61.7097 44.8622 35.5635 24.1969 20.1982 222.028 186.605 138.521 135.116 44.8265
internal_count=13764 6806 5944 5017 630 456 294 189 162 4387 2560 2108 2091 466
is_linear=0
shrinkage=0.03


Tree=320
num_leaves=15
num_cat=0
split_feature=7 6 8 3 6 7 6 5 1 5 3 2 1 8
split_gain=1.99344 5.66491 4.21209 4.72153 4.05708 4.05001 8.24373 7.03073 6.91694 6.42338 10.9589 8.30314 12.1454 6.46492
threshold=139.95000000000002 4.7500000000000009 13.750000000000002 2.7951845887901361 5.1500000000000012 77.750000000000014 5.2500000000000009 137.91287231445315 -11.769999999999994 326.81074523925787 3.0352215459756287 28.27 -2.719999999999994 15.650000000000004
decision_type=2 2 2 2 2 2 2 2 2 2 2 2 2 2
left_child=5 -2 3 -3 -5 6 9 -7 -9 11 -11 -1 -13 -12
right_child=1 2 -4 4 -6 7 -8 8 -10 10 13 12 -14 -15
leaf_value=-0.033436650850546361 0.011844923886523912 -0.029778722012370286 -0.022911482300753804 0.018778537981171545 -0.011473027763341649 0.013856917430150131 0.0005673049402812265 -0.026797838140248324 0.0030073375656653905 0.029233145560261325 0.020748518138480134 0.035618995715218635 -0.023292257872507768 -0.027553553624416378
leaf_weight=17.201062214793641 11.195114985574035 3.2185234362259534 15.573128485586492 8.3053541686385852 6.1008545490913084 51.444926342228428 858.60890761343762 7.3711583353579035 42.16943191178143 6.8809398193843689 2.5238803057000032 4.1245723934844154 7.1733058462850714 8.8558338293805701
leaf_count=133 127 29 246 58 40 757 11427 148 338 65 19 18 246 117
internal_value=0.000254604 -0.0058955 -0.0120494 -0.00173692 0.00605422 0.000531484 -0.000106831 0.00619913 -0.00186986 -0.0122381 0.00165813 -0.0208965 -0.000637722 -0.0160301
internal_weight=1050.75 44.393 33.1979 17.6247 14.4062 1006.35 905.369 100.986 49.5406 46.7596 18.2607 28.4989 11.2979 11.3797
internal_count=13768 500 373 127 98 13268 12025 1243 486 598 201 397 264 136
is_linear=0
shrinkage=0.03


Tree=321
num_leaves=15
num_cat=0
split_feature=1 5 3 7 0 6 1 4 5 4 1 1 1 5
split_gain=2.64447 2.25234 3.35532 2.6992 3.77352 2.27174 2.58778 2.2318 7.23787 2.94486 3.38107 7.48292 5.43554 2.94968
threshold=-22.949999999999992 1.0000000180025095e-35 3.1034855738918377 31.850000000000005 15.32291666666667 8.0500000000000025 -19.729999999999993 46.37137136140533 1244.619079589844 34.134216328025033 -14.129999999999994 -18.869999999999994 -10.049999999999995 2276.419311523438
decision_type=2 2 2 2 2 2 2 2 2 2 2 2 2 2
left_child=-1 2 3 4 -2 7 -7 8 -3 13 11 -11 -12 -10
right_child=1 5 -4 -5 -6 6 -8 -9 9 10 12 -13 -14 -15
leaf_value=-0.01643560292559813 -0.053486811013281961 -0.0080453683338482674 0.017429297056692047 -0.0049184460715429191 -0.0029391660997995163 0.019848532747990012 -0.019179655762473293 -0.00014312580052189568 -0.022457376166986433 -0.012697872986815569 -0.022045150085900654 0.086147390630761073 0.024747903543783225 0.026344488321537646
leaf_weight=8.1088163385866192 2.3987576495856029 14.135936888284048 2.1562509392388156 7.3355124674271792 2.3849317585118115 0.97631467040628095 8.7379003538517264 980.38873369246721 2.1357721735257686 0.69451339566148806 1.902396532706917 1.0626650187186903 11.599238612223411 0.76025513443164516
leaf_count=786 19 595 49 114 23 37 610 11213 65 43 38 31 148 32
internal_value=-0.000341624 -0.000200019 -0.0116346 -0.0177401 -0.0331514 -2.91477e-05 -0.0137707 0.000116125 0.00775515 0.0198357 0.0248479 0.0566436 0.0170892 -0.00617249
internal_weight=1044.78 1036.67 14.2755 12.1192 4.78369 1022.39 9.71422 1012.68 32.2908 18.1548 15.2588 1.75718 13.5016 2.89603
internal_count=13803 13017 205 156 42 12812 647 12165 952 357 260 74 186 97
is_linear=0
shrinkage=0.03


Tree=322
num_leaves=15
num_cat=0
split_feature=4 1 0 8 8 4 8 8 8 3 4 8 4 3
split_gain=3.45146 3.04603 4.94587 7.38251 5.48113 5.45954 4.57125 7.25642 8.2679 4.25389 4.18351 9.24072 8.17412 6.22829
threshold=35.464277091584059 -9.2099999999999955 8.6320833333333393 28.750000000000004 25.650000000000006 73.054532503963131 20.950000000000006 24.550000000000004 23.650000000000006 2.7381381513186649 42.905021626773895 26.050000000000004 51.090448556717369 2.4069144043011184
decision_type=2 2 2 2 2 2 2 2 2 2 2 2 2 2
left_child=-1 2 4 -4 5 -2 9 8 -8 -7 11 -3 -12 -14
right_child=1 10 3 -5 -6 6 7 -9 -10 -11 12 -13 13 -15
leaf_value=-0.017598835399405564 -0.012130663460151481 -0.012873513406020673 -0.00049936273961883053 -0.028757156246844221 0.0046275711897450214 -0.024500835732431316 0.0061227842719089537 -0.018376749930243391 0.049009444705707277 -0.0010621639689838906 -0.014060123860537227 0.034849064368612667 0.02306175129850959 0.001593161086271917
leaf_weight=8.3954733834834752 51.058503803913482 5.1776873741764566 19.227754925377667 13.717646381817756 104.01514249620959 7.0186809083679682 13.369452792452654 4.9803454172797492 5.030444774311035 54.046044216724113 28.842103480710648 8.7141034473897871 11.383976701879872 704.50782823981717
leaf_count=658 807 203 192 117 877 185 196 60 50 527 526 197 210 8880
internal_value=0.000503102 0.000667403 -0.00204846 -0.0127658 -0.000527364 -0.00448931 0.000218833 0.0112235 0.0197697 -0.00410752 0.00164423 0.0173921 0.00132755 0.00196624
internal_weight=1039.49 1031.09 272.464 32.9454 239.519 135.503 84.445 23.3802 18.3999 61.0647 758.626 13.8918 744.734 715.892
internal_count=13685 13027 3011 309 2702 1825 1018 306 246 712 10016 400 9616 9090
is_linear=0
shrinkage=0.03


Tree=323
num_leaves=15
num_cat=0
split_feature=0 8 8 5 3 8 1 3 3 5 0 7 6 5
split_gain=5.45535 5.17954 8.03571 5.65345 4.5253 4.1963 4.52962 8.74565 5.37205 11.9887 7.61489 7.17443 7.70705 5.66484
threshold=14.008333333333338 30.150000000000006 41.050000000000004 821.58520507812511 2.7381381513186649 29.750000000000004 -0.59999999999999842 2.2886738732175314 2.8420535352836414 342.95301818847662 18.735000000000003 15.250000000000002 6.2500000000000009 331.86579895019537
decision_type=2 2 2 2 2 2 2 2 2 2 2 2 2 2
left_child=-1 3 -3 5 -4 6 7 -2 9 11 13 -8 -13 -10
right_child=1 2 4 -5 -6 -7 8 -9 10 -11 -12 12 -14 -15
leaf_value=0.0012309548748069552 0.033229842321393276 -0.013517338787691681 -0.018753092966563304 -0.013192317120421886 0.022406994081285672 0.025147093149052193 0.010295324355065659 -0.02372024215519972 0.015842185442252733 0.013733701218487821 -0.013633231628642269 0.0085153893261727068 -0.021214921972981752 -0.0064665930215816615
leaf_weight=747.99497685965616 2.0032487642019978 72.350095410714857 2.3426762721501282 28.696315634297207 8.8484893376007658 5.2175488390494129 11.154054776183328 13.604263334069399 51.292627709917724 24.587814068770967 12.123832827201111 9.1267260364256781 39.933221393497661 12.149797570891677
leaf_count=8583 28 1523 41 581 166 97 416 203 398 348 936 41 309 91
internal_value=-0.000129218 -0.00358889 -0.00985919 -0.00105824 0.0129593 0.000925349 6.9156e-05 -0.0148499 0.00160415 -0.00356189 0.00737237 -0.0107334 -0.0156245 0.0115358
internal_weight=1041.43 293.431 83.5413 209.889 11.1912 181.193 175.976 15.6075 160.368 84.8018 75.5663 60.214 49.0599 63.4424
internal_count=13761 5178 1730 3448 207 2867 2770 231 2539 1114 1425 766 350 489
is_linear=0
shrinkage=0.03


Tree=324
num_leaves=15
num_cat=0
split_feature=5 4 2 3 3 0 0 2 3 3 7 0 5 2
split_gain=2.49158 2.50555 6.33283 5.7034 5.37135 3.79987 3.96834 3.26432 3.24024 3.06352 4.92364 4.6176 5.49255 4.15457
threshold=3470.7541503906255 43.595671393729511 33.13000000000001 2.7381381513186649 2.2329706937439124 8.9791666666666696 6.3316666666666697 36.250000000000014 2.0344679931109422 2.2329706937439124 9.9500000000000011 13.120416666666673 707.47735595703136 31.780000000000001
decision_type=2 2 2 2 2 2 2 2 2 2 2 2 2 2
left_child=1 2 5 4 7 6 -1 -4 -3 11 -11 12 -10 -14
right_child=-2 8 3 -5 -6 -7 -8 -9 9 10 -12 -13 13 -15
leaf_value=0.031113815484632976 -0.023432888912332132 -0.02549477112290726 0.027482783615296092 0.029972069281301701 -0.026297002623219157 0.039857720182824942 -0.02185193728726869 -0.0070126364387353346 -0.019616457945587147 -0.019033392058657839 -1.5286949855116178e-05 0.037991825162977846 -0.012990271606841696 0.058123609872567608
leaf_weight=1.1937055876478573 3.0805849707685402 3.5366493582259855 3.0566160711459833 3.1884257211349896 7.3866467648185781 6.1094808280467987 2.0339938355609775 5.545504332985729 4.1163077950477582 11.407634630915707 974.67336716037244 3.7358011236647144 0.71417321334592976 0.90769048966467381
leaf_count=43 271 204 86 21 284 75 54 537 71 563 11360 79 37 13
internal_value=-3.71057e-05 5.57439e-05 0.00867041 -0.00145818 -0.00912119 0.0276017 0.000462641 0.00683035 -0.000198545 -8.31889e-05 -0.000254361 0.0160562 -0.00174373 0.0337982
internal_weight=1030.69 1027.61 28.5144 19.1772 15.9888 9.33718 3.2277 8.60212 999.092 995.555 986.081 9.47397 5.73817 1.62186
internal_count=13698 13427 1100 928 907 172 97 623 12327 12123 11923 200 121 50
is_linear=0
shrinkage=0.03


Tree=325
num_leaves=15
num_cat=0
split_feature=5 1 1 3 8 2 6 8 2 3 1 0 2 5
split_gain=3.09071 3.06302 4.91323 2.69453 3.24874 5.17604 2.91965 3.59103 3.0819 2.84735 2.44046 2.42241 2.80754 2.33584
threshold=1.0000000180025095e-35 0.84000000000000496 -3.9799999999999964 3.3015161197560743 6.9500000000000011 23.43000000000001 5.3500000000000014 12.350000000000003 33.670000000000016 2.8689088065662753 4.7500000000000027 11.89458333333334 24.79000000000001 101.85620880126955
decision_type=2 2 2 2 2 2 2 2 2 2 2 2 2 2
left_child=1 2 -1 4 5 -2 7 -5 -8 -7 -3 -9 -13 -6
right_child=3 10 -4 6 13 9 8 11 -10 -11 -12 12 -14 -15
leaf_value=0.00074927072674668856 0.0022454568672577329 0.019628246424917582 -0.044524159230874882 0.0084024824347104822 0.0029519546845211708 -0.010982147627419956 0.01838126453095263 -0.034429984712801981 -0.020937424510252576 -0.054875118094799724 -0.013345123738421302 0.027232440100742848 -0.017461384862787345 -0.00044649090738178014
leaf_weight=3.7148119523189962 7.8093437729403359 2.7491658218204975 4.04030669108033 3.2327794060111072 238.20725424017292 3.4371742373332381 4.4663690167944869 7.238911207765339 1.7173445681110022 2.1408945536240935 3.3970849036704749 0.82720851898193348 3.2105789021588862 760.61684300226625
leaf_count=28 79 66 43 18 3550 43 104 42 98 84 70 3 131 9455
internal_value=-0.000257188 -0.0138224 -0.025229 -6.14274e-05 0.00016262 -0.0139918 -0.010523 -0.0175288 0.00606714 -0.0336097 0.0020864 -0.0250416 -0.00471699 0.000366138
internal_weight=1046.81 13.9014 7.75512 1032.9 1012.21 13.3874 20.6932 14.5095 6.18371 5.57807 6.14625 11.2767 4.03779 998.824
internal_count=13814 207 71 13607 13211 206 396 194 202 127 136 176 134 13005
is_linear=0
shrinkage=0.03


Tree=326
num_leaves=15
num_cat=0
split_feature=8 2 3 7 6 2 2 3 0 2 3 8 8 3
split_gain=2.92493 6.3697 4.48227 2.29024 6.00242 4.53672 4.35155 2.92703 3.99973 3.60055 7.95881 4.53576 4.72064 3.61785
threshold=6.9500000000000011 22.010000000000009 2.8689088065662753 137.85000000000005 4.7500000000000009 13.830000000000005 22.570000000000011 3.5041390522533491 24.422500000000003 36.970000000000013 2.6396358757844824 30.250000000000004 29.850000000000005 2.1914508849812533
decision_type=2 2 2 2 2 2 2 2 2 2 2 2 2 2
left_child=1 -1 -3 5 6 -2 -5 8 9 13 11 12 -11 -7
right_child=3 2 -4 4 -6 7 -8 -9 -10 10 -12 -13 -14 -15
leaf_value=0.004463293572605386 0.026739848258494469 -0.0097972760145147737 -0.060249743634776358 0.025966593033185506 -0.011959333725481835 0.01428857691437343 -0.020729120221515799 0.021065574862029153 -0.021663336533630756 0.00028169685917158599 0.02878452435534775 -0.024120900891082906 0.057615245937713069 -6.5832074812857558e-05
leaf_weight=8.507732914760707 4.9442824609577647 4.0969410021789363 2.2046490216162056 6.4427356310188761 33.976484156679362 15.0754783579614 1.5457721985876558 5.1604303508065632 6.3924614577554157 9.0164007087005302 11.556809703353791 5.0426891288952893 0.51072377164382565 929.70934099459555
leaf_count=87 100 46 101 82 398 487 17 100 1383 369 108 196 8 10296
internal_value=0.000118799 -0.0126874 -0.0332825 0.000315173 -0.00646584 0.000609617 0.0156301 0.00045106 0.000320789 0.000487672 0.0112638 -0.00358982 0.00853626 0.00017808
internal_weight=1044.18 14.8093 6.30159 1029.37 41.965 987.409 7.98851 982.464 977.304 970.911 26.1266 14.5698 9.52712 944.785
internal_count=13778 234 147 13544 497 13047 99 12947 12847 11464 681 573 377 10783
is_linear=0
shrinkage=0.03


Tree=327
num_leaves=15
num_cat=0
split_feature=0 2 1 4 2 4 5 8 4 0 0 2 1 5
split_gain=2.91994 3.86841 3.65471 2.50795 2.53411 2.38042 2.13648 2.41326 2.28515 2.10809 3.45776 2.03086 6.78786 4.04252
threshold=20.794166666666673 40.870000000000012 19.47000000000001 77.704207941289525 33.990000000000016 35.464277091584059 1278.965759277344 40.050000000000004 56.169129675191691 9.544583333333339 8.9791666666666696 36.630000000000017 3.5900000000000025 1024.3920898437502
decision_type=2 2 2 2 2 2 2 2 2 2 2 2 2 2
left_child=1 5 6 4 -4 9 7 -2 -9 10 -1 -7 13 -13
right_child=2 -3 3 -5 -6 11 -8 8 -10 -11 -12 12 -14 -15
leaf_value=-0.016930002635931109 -0.025639380524142778 0.025496616448869799 0.033078247140915978 -0.019593287441310198 -0.0077983844875130544 -0.0006480537046156512 0.02314041036855824 0.034901478533506489 -0.015728903180241845 -0.026355398804035021 0.044781283712240424 -0.0088636071762822743 0.033295367666271933 0.02459042135420586
leaf_weight=1.2096629524603475 12.62487938988488 4.1534771332517257 2.5563765228725961 1.3056829082779584 1.6998278459068386 988.22877797135152 0.22752563841641027 0.52751632314175434 0.82768281572498381 4.7165092588402331 0.33360583521425713 14.177308854646986 5.9075519312173119 3.1413268856704226
leaf_count=112 2074 35 35 48 152 10626 33 40 106 188 7 205 48 35
internal_value=-0.00065764 -0.000430873 -0.011794 0.00783441 0.0183753 -0.000561612 -0.0194878 -0.02168 0.0104302 -0.0176796 0.00877256 -0.000438313 0.00814411 -0.00178445
internal_weight=1041.64 1021.87 19.7695 5.56189 4.2562 1017.71 14.2076 13.9801 1.3552 6.25978 1.54327 1011.45 23.2262 17.3186
internal_count=13744 11256 2488 235 187 11221 2253 2220 146 307 119 10914 288 240
is_linear=0
shrinkage=0.03


Tree=328
num_leaves=15
num_cat=0
split_feature=5 0 0 4 2 8 4 1 2 0 1 6 5 6
split_gain=2.77132 3.66894 6.61448 4.62976 8.59148 9.67862 8.664 4.32158 3.4709 7.46111 6.96569 5.0602 7.29067 3.2627
threshold=46.776163101196296 10.476250000000006 16.024583333333339 73.913375157659104 32.410000000000011 32.050000000000004 65.719957942251654 6.6200000000000019 26.340000000000003 11.121250000000005 3.3700000000000037 7.1500000000000012 37.515192031860359 7.7500000000000009
decision_type=2 2 2 2 2 2 2 2 2 2 2 2 2 2
left_child=1 -1 8 4 6 7 -4 -6 9 -3 11 12 -10 -13
right_child=-2 2 3 -5 5 -7 -8 -9 10 -11 -12 13 -14 -15
leaf_value=0.011289957443425572 -0.00062887437785881257 -0.023553620170397516 -0.014992232596911651 -0.0080906885035468348 0.020272238227590132 -0.035445590292248218 0.039080475953009411 -0.015888660080894703 -0.023309331262122809 0.018301438366473122 -0.048091498978138664 0.016017438483480615 0.027340861686691489 -0.017533156429199743
leaf_weight=41.367497898172587 900.55784047394991 4.7483109887689343 2.7191834375262252 10.420749698532743 11.269401941564867 4.1904618336120611 13.223539183381943 3.10644103353843 16.37318944558502 10.613053136505185 3.2911133263260117 9.3473510127514583 2.1366382539272299 2.5821061711758366
leaf_count=738 11426 145 16 297 149 112 99 184 136 246 22 69 21 27
internal_value=-2.59652e-05 0.00395957 0.000649483 0.00886583 0.0140699 -2.53799e-05 0.0295173 0.0119332 -0.00689715 0.00471489 -0.012169 -0.00687887 -0.0163609 0.00796108
internal_weight=1035.95 135.389 94.0215 44.9298 34.509 18.5663 15.9427 14.3758 49.0918 15.3614 33.7304 30.4393 18.5098 11.9295
internal_count=13687 2261 1523 857 560 445 115 333 666 391 275 253 157 96
is_linear=0
shrinkage=0.03


Tree=329
num_leaves=15
num_cat=0
split_feature=7 2 1 1 2 2 3 5 7 2 7 7 1 5
split_gain=3.08525 3.20775 2.91173 5.71087 4.68288 5.78555 4.9302 8.13824 6.38083 3.76739 3.71925 4.07179 3.36649 3.07684
threshold=6.9500000000000011 41.110000000000014 -16.949999999999992 -15.079999999999995 26.970000000000002 31.780000000000001 2.711748194629235 25.448328971862797 64.550000000000026 23.690000000000008 19.450000000000006 82.350000000000023 -15.389999999999995 208.10385894775393
decision_type=2 2 2 2 2 2 2 2 2 2 2 2 2 2
left_child=-1 2 4 10 6 13 7 -2 -9 -10 -4 12 -12 -6
right_child=1 -3 3 -5 5 -7 -8 8 9 -11 11 -13 -14 -15
leaf_value=-0.017108570807092646 0.068285100977669044 0.026359152848181886 -0.015838196254395882 -3.1143755813539152e-05 -0.033893916233721316 0.02390543244245863 -0.014895584559961726 0.0055492395970232001 0.01406118136973864 -0.039717443188558146 0.012973946306438387 -0.011560240234653506 0.038814607343982378 -0.010348851682037941
leaf_weight=8.5143805592088011 0.70890385285019775 3.1552365641109636 3.0582251539453855 902.99139329395257 8.8785272333771044 2.0685474351048461 15.805712364846839 41.690893618040718 0.98857985436916251 3.7822449599625543 22.619891157839451 3.8046766575425854 5.4536828100681332 12.82041052659042
leaf_count=877 21 66 81 10858 73 43 515 574 89 78 156 41 31 197
internal_value=-0.000103617 5.37424e-05 -5.28794e-05 0.00043557 -0.00527907 -0.0163316 -0.00091773 0.0039779 0.00157865 -0.0280682 0.0121637 0.0152501 0.0191562 -0.0210515
internal_weight=1036.34 1027.83 1024.67 937.928 86.7438 23.7675 62.9763 47.1706 46.4617 4.77082 34.9365 31.8783 28.0736 21.6989
internal_count=13700 12823 12757 11167 1590 313 1277 762 741 167 309 228 187 270
is_linear=0
shrinkage=0.03


Tree=330
num_leaves=15
num_cat=0
split_feature=1 0 0 3 3 8 5 0 0 8 6 7 6 1
split_gain=4.47038 5.80186 6.91571 10.7203 9.0885 4.77459 4.6407 6.25238 6.31864 6.75299 10.8432 6.84312 7.65544 6.39017
threshold=-6.1699999999999964 13.552083333333337 10.191250000000005 2.6349103399517433 2.4936671310044445 25.650000000000006 1072.7744750976565 6.1291666666666709 13.552083333333337 32.350000000000009 7.6500000000000012 51.150000000000013 5.5500000000000016 -0.53999999999999615
decision_type=2 2 2 2 2 2 2 2 2 2 2 2 2 2
left_child=1 2 5 4 -4 -1 7 -2 -9 11 -11 13 -13 -10
right_child=6 -3 3 -5 -6 -7 -8 8 9 10 -12 12 -14 -15
leaf_value=-0.0050029602604399351 -0.034947633966703133 0.027127118029866209 -0.011723234962206985 -0.025105290459804745 0.034438104824989289 0.0021989617400729835 -0.0060516917069208705 0.0052084596802976562 -0.012569327915821788 -0.017468046544455586 0.015004711713556246 0.0049232811236873996 -0.036276508541721285 0.0043466789493032156
leaf_weight=207.55738490913063 3.1333594098687163 4.6270033633336416 9.2067483440041524 28.674913577735424 5.1945378668606272 136.69186440715566 75.216808523284271 287.60410399921238 21.492369098123163 42.237209144164808 10.94598699477501 7.0547884355764818 7.9274557796306908 189.88015592901502
leaf_count=2526 21 66 184 208 28 1171 860 3942 307 925 171 69 119 3191
internal_value=-0.000630807 -0.00315383 -0.00358449 -0.0147773 0.00608209 -0.00214519 0.000903719 0.00183009 0.00209444 -0.00111658 -0.010631 0.00115581 -0.0177823 0.00257557
internal_weight=1037.44 391.952 387.325 43.0762 14.4013 344.249 645.492 570.275 567.142 279.538 53.1832 226.355 14.9822 211.373
internal_count=13788 4183 4117 420 212 3697 9605 8745 8724 4782 1096 3686 188 3498
is_linear=0
shrinkage=0.03


Tree=331
num_leaves=15
num_cat=0
split_feature=8 4 4 6 7 0 0 2 8 8 2 5 2 7
split_gain=2.68108 2.29007 5.86839 4.88083 9.31949 5.20681 6.00877 4.41876 3.59297 3.43337 2.71984 2.66891 2.46438 2.44025
threshold=47.850000000000016 81.055311417135314 80.783803873571614 5.4500000000000011 91.65000000000002 10.191250000000005 2.0920833333333362 24.670000000000009 19.350000000000005 14.650000000000004 25.190000000000008 1381.1018066406252 16.430000000000007 155.35000000000005
decision_type=2 2 2 2 2 2 2 2 2 2 2 2 2 2
left_child=1 2 -1 4 7 6 -6 -3 9 -4 -9 13 -8 -5
right_child=-2 3 8 11 5 -7 12 10 -10 -11 -12 -13 -14 -15
leaf_value=-0.0005049384038078986 -0.027596257719618371 -0.037763479808519754 -0.010549481615932714 0.019294200359030296 -0.025443667458701986 -0.030059354616304993 -0.010364806238697422 0.024034848234239545 0.0080688186203537095 -0.067829581511459527 -0.016728863449831665 -0.021946683294261946 0.02172993113588632 -0.012999582808651997
leaf_weight=969.59065253648441 2.257238504709675 6.5952504328452033 2.2518561892211433 23.71474892995321 2.3717586328275564 1.9221305511891831 1.8378002122044588 1.5819975137710569 1.3298358230385927 1.4576900433748958 2.4324570025783032 0.86178722139447828 17.801786450669169 1.6178832883015264
leaf_count=12382 50 123 36 689 55 20 12 7 44 22 40 15 218 29
internal_value=-0.000420645 -0.000334827 -0.000689092 0.00526899 -0.00215696 0.00824277 0.0127484 -0.0243061 -0.0301704 -0.0426813 0.00092469 0.014781 0.01837 0.0168164
internal_weight=1037.62 1035.37 974.63 60.7376 34.5432 23.9335 22.0113 10.6097 5.03938 3.70955 4.01445 26.1944 19.6396 25.3326
internal_count=13742 13692 12484 1208 475 305 285 170 102 58 47 733 230 718
is_linear=0
shrinkage=0.03


Tree=332
num_leaves=15
num_cat=0
split_feature=8 2 4 4 6 1 8 4 4 6 2 1 6 2
split_gain=2.5834 2.35081 5.23364 7.35712 6.57329 9.11238 6.98878 4.75341 4.70651 4.59927 4.05454 5.73659 4.75275 5.92699
threshold=47.850000000000016 33.050000000000018 55.401310132180235 63.785139106023614 7.7500000000000009 1.340000000000005 41.45000000000001 37.913939675492678 33.3705414203054 6.9500000000000011 34.570000000000014 7.1900000000000039 6.7500000000000009 33.990000000000016
decision_type=2 2 2 2 2 2 2 2 2 2 2 2 2 2
left_child=1 7 4 -4 6 8 -3 9 -6 -1 11 12 -5 -14
right_child=-2 2 3 10 5 -7 -8 -9 -10 -11 -12 -13 13 -15
leaf_value=0.056875146503039757 -0.027047496809447732 -0.017983245573303365 0.014985018485584608 0.010429898443263128 -0.019441687291178674 -0.022876665397516465 0.020227580243144618 -0.0005821342405700425 0.025748435469134211 0.0016696992972572314 -0.019340124336361085 0.02428870526014355 -0.031060316843252736 0.010062994434280131
leaf_weight=1.5518543431535352 2.1480579089839003 27.086607745965015 54.07902106968686 9.6008139858022385 1.6601632945239568 5.1230535838985807 4.2305178896058342 881.50574890186545 14.063139570178462 3.0380474445410073 8.4049004046246392 7.4281350099481633 7.7345928717404586 4.3220361303538084
leaf_count=12 60 560 723 176 87 625 27 9928 247 159 689 368 50 22
internal_value=8.78679e-05 0.000170652 0.0037156 0.00800478 -0.00382271 0.00897446 -0.0123553 -0.000407912 0.0200998 0.0271703 -0.00219175 0.00324176 -0.00473037 -0.0166769
internal_weight=1031.98 1029.83 143.733 91.5695 52.1635 20.8464 31.3171 886.096 15.7233 4.5899 37.4905 29.0856 21.6574 12.0566
internal_count=13733 13673 3574 2028 1546 959 587 10099 334 171 1305 616 248 72
is_linear=0
shrinkage=0.03


Tree=333
num_leaves=15
num_cat=0
split_feature=0 8 8 0 4 3 7 5 0 7 5 5 7 7
split_gain=2.59789 3.5353 4.74653 4.85865 4.24863 4.62551 4.33237 4.68008 3.72721 3.67742 8.77838 4.103 3.82448 3.53265
threshold=13.552083333333337 41.750000000000007 32.750000000000007 19.353750000000005 75.103035060329248 3.0556573214048552 17.250000000000004 280.60307312011724 13.802500000000004 21.850000000000005 76.644542694091811 39.467620849609382 25.650000000000006 51.150000000000013
decision_type=2 2 2 2 2 2 2 2 2 2 2 2 2 2
left_child=-1 2 4 -4 5 13 -7 9 -3 10 -8 -11 -13 -2
right_child=1 8 3 -5 -6 6 7 -9 -10 11 -12 12 -14 -15
leaf_value=0.00088131351052710691 -0.0013088333528172812 -0.027636546535295334 -0.01723007312303447 0.0057354762938149869 -0.01388352273737176 -0.01755209695285162 0.084834414096990857 -0.0031442251029918087 0.019679243390647777 -0.0038884115502721786 -0.012057028519704969 -0.0089768516674543046 0.03008594310192441 -0.022825994087732341
leaf_weight=722.35656546906102 198.49469629477244 0.84692820906638999 34.252740237861872 10.29509676992893 21.52455141977407 3.9633740507997564 1.2205952878575801 11.106844869907944 9.8152880461420846 6.9269992501940605 1.0017850643489508 2.2664147114846847 11.659256450831888 6.1217046747915438
leaf_count=8390 2761 4 326 615 508 334 43 183 172 176 41 60 124 59
internal_value=-0.000115001 -0.00236331 -0.00296684 -0.0119133 -0.00141961 -0.000262068 0.00919097 0.0127026 0.0138733 0.020144 0.0509708 0.0146765 0.0235529 -0.00206046
internal_weight=1041.85 319.496 308.834 44.5478 264.286 242.762 38.1453 34.1819 10.6622 23.0751 2.22238 20.8527 13.9257 204.616
internal_count=13796 5406 5230 941 4289 3781 961 627 176 444 84 360 184 2820
is_linear=0
shrinkage=0.03


Tree=334
num_leaves=15
num_cat=0
split_feature=6 1 0 6 5 4 4 0 7 1 0 6 4 7
split_gain=1.92631 4.4352 4.09518 2.77285 6.3679 4.00327 3.73562 9.63848 5.09627 4.7259 5.49238 3.80188 3.3722 3.89882
threshold=8.0500000000000025 -19.729999999999993 6.8383333333333374 7.6500000000000012 163.37332916259768 50.040024129114492 56.55391705498635 12.743750000000004 17.950000000000006 5.0000000000000044 18.891250000000007 7.8500000000000014 45.655383557529547 9.3500000000000032
decision_type=2 2 2 2 2 2 2 2 2 2 2 2 2 2
left_child=3 2 -2 -1 -5 12 8 -8 11 -9 -11 -7 13 -6
right_child=1 -3 -4 4 5 6 7 9 -10 10 -12 -13 -14 -15
leaf_value=-0.00066417042435256226 -0.01446478877497104 -0.021464609928250004 0.055541310318247314 -0.0083738989259766246 0.023659504557131731 -0.0096287033437643527 -0.026642327723938652 0.029532982552293349 0.056685619056203215 -0.040328928246079053 0.022267484649115828 0.02830232590772689 -0.01656270320519259 -0.0093638448437605732
leaf_weight=953.27719435584731 0.831563205923884 8.3154194550588709 0.56324326619505882 19.89000771776773 6.287296470836738 3.1813104590401071 4.3195872192736742 10.668652357067911 3.5291354241780928 1.453067192807793 1.6773862768895922 5.2866111854091287 6.0642107236199072 5.0087597935926169
leaf_count=11714 41 615 8 366 294 41 50 72 34 11 57 55 136 167
internal_value=-0.000379339 -0.0130362 0.0251926 -0.000246282 0.00559036 0.0114927 0.0179322 0.00855566 0.0303455 0.0206296 -0.00951734 0.0145402 -4.64969e-05 0.00944601
internal_weight=1030.35 9.71023 1.39481 1020.64 67.366 47.476 30.1158 18.1187 11.9971 13.7991 3.13045 8.46792 17.3603 11.2961
internal_count=13661 664 49 12997 1283 917 320 190 130 140 68 96 597 461
is_linear=0
shrinkage=0.03


Tree=335
num_leaves=15
num_cat=0
split_feature=8 2 3 8 8 3 7 2 2 1 0 1 7 1
split_gain=2.23999 4.67113 5.48078 3.14713 8.0753 5.92504 4.37303 4.08084 6.11756 4.08753 3.56587 5.04683 5.01573 4.88767
threshold=6.9500000000000011 22.210000000000012 2.8156640673439983 9.9500000000000011 10.250000000000002 2.7081488483781833 125.75000000000001 22.990000000000013 16.430000000000007 -9.6099999999999941 7.1566666666666707 -19.729999999999993 97.450000000000017 -10.519999999999992
decision_type=2 2 2 2 2 2 2 2 2 2 2 2 2 2
left_child=1 -1 -3 5 -5 -2 10 8 -8 -9 11 12 -6 -12
right_child=3 2 -4 4 6 -7 7 9 -10 -11 13 -13 -14 -15
leaf_value=0.0030344723607794708 -0.032588259351036201 -0.00029339930976317509 -0.050899686887269799 -0.03561611912595021 -0.0084421932965836853 0.012092265720733915 -0.032645577534846634 -0.035024473777727029 0.0027583932155770523 0.0001252290245091751 -0.0096281391348400792 0.0060630601570027653 0.042593842624193592 0.00027993659350096257
leaf_weight=9.7666687201708573 1.9355238046264265 3.5549165452830485 3.2339964786078781 4.6985032982192925 35.077760663931258 34.219299451913685 4.2309794130269465 7.6973314036149532 26.671157818986103 4.5167865150142443 47.009434736333787 179.53524822182953 0.83606997388414939 671.5219291083049
leaf_count=91 37 44 103 56 917 395 36 99 371 55 515 1540 52 9394
internal_value=0.000134199 -0.0104909 -0.0278403 0.000317128 -7.20362e-06 0.00888761 0.000200265 -0.00902998 -0.00296032 -0.0230003 0.000635573 0.00401122 -0.00613239 -0.000380773
internal_weight=1034.51 16.5556 6.78891 1017.95 981.795 36.1548 977.097 43.1163 30.9021 12.2141 933.98 215.449 35.9138 718.531
internal_count=13705 238 147 13467 13035 432 12979 561 407 154 12418 2509 969 9909
is_linear=0
shrinkage=0.03


Tree=336
num_leaves=15
num_cat=0
split_feature=4 3 5 4 8 8 7 2 6 2 5 7 5 3
split_gain=2.12475 5.37443 8.12036 4.09403 3.95084 5.30256 3.71371 4.50566 4.07089 3.40059 2.58437 2.32993 2.84114 2.11987
threshold=81.055311417135314 3.0769170220969655 401.55863952636724 80.783803873571614 19.350000000000005 14.650000000000004 90.250000000000014 24.670000000000009 5.4500000000000011 16.430000000000007 64.889247894287124 159.90000000000003 71.321914672851577 2.1914508849812533
decision_type=2 2 2 2 2 2 2 2 2 2 2 2 2 2
left_child=3 2 9 13 5 -5 7 8 -3 -2 -10 12 -8 -1
right_child=1 6 -4 4 -6 -7 11 -9 10 -11 -12 -13 -14 -15
leaf_value=0.0089528443638187318 -0.023731962745986344 -0.048004529885485231 -0.027371631917558616 -0.0033808918799409005 0.012903205512595377 -0.064796546400750776 -0.0058525554162129571 0.0089119708166026448 -0.027172556370885958 0.019113095310097621 0.013214535021226631 -0.0076388026566098898 0.032208554224452318 -0.00042566677140867582
leaf_weight=21.196355239138938 0.93202814785763521 3.7460386659950036 3.2260818528011432 2.5397685449570409 1.4641961110755799 1.7760448982007799 2.4867170825600606 3.5312034492380917 1.5288440324366095 31.625449942192063 2.3387926667928696 5.3507412038743496 3.4473345624282956 953.12757478666026
leaf_count=1089 13 27 100 37 48 27 31 58 21 819 35 49 34 11388
internal_value=-4.15098e-05 0.00547728 0.0125613 -0.000374547 -0.0236061 -0.0360896 -0.00587802 -0.0174595 -0.0293053 0.0172159 -0.00505267 0.00605008 0.0177149 -0.000212668
internal_weight=1038.32 58.2132 35.7836 980.104 5.78001 4.31581 22.4297 11.1449 7.61368 32.5575 3.86764 11.2848 5.93405 974.324
internal_count=13776 1187 932 12589 112 64 255 141 83 832 56 114 65 12477
is_linear=0
shrinkage=0.03


Tree=337
num_leaves=15
num_cat=0
split_feature=5 2 7 1 2 0 2 4 0 4 0 4 8 4
split_gain=3.42205 6.20681 5.05996 5.56004 8.90066 9.52919 4.0293 4.61205 4.54212 7.17045 8.52482 7.06904 3.96285 6.51527
threshold=61.412071228027351 20.110000000000007 42.95000000000001 -0.66999999999999738 25.510000000000009 10.727500000000004 33.45000000000001 66.897661966714097 20.794166666666673 67.415453573354412 16.492916666666673 73.80451742901316 31.350000000000005 70.307004609645816
decision_type=2 2 2 2 2 2 2 2 2 2 2 2 2 2
left_child=1 -1 3 4 -3 -6 8 -8 9 10 -5 -10 13 -11
right_child=-2 2 -4 6 5 -7 7 -9 11 12 -12 -13 -14 -15
leaf_value=-0.01954897254777364 -0.0012593044881013002 -0.058188238818018705 0.011249405418917776 -0.043175180876620707 0.019967438757089909 -0.01540619549439117 0.01001134861023425 -0.023427109819318313 0.067905563476207603 0.039687401430148407 0.0064696361715185433 -0.015029299640679209 -0.0044419814210035023 0.0087605190602841436
leaf_weight=9.0754451900720579 868.55410344630945 2.0882695335894814 63.942385820671916 4.1684106364846212 8.997614476829769 20.95470569934696 5.8590483281295729 7.4210416069254279 1.6406073383986943 7.7318266211077598 7.2835501693189144 0.95376596599817265 9.2643543072044832 23.506258266046643
leaf_count=138 11048 31 1064 29 49 166 188 334 47 45 45 74 111 487
internal_value=-0.000491471 0.00335104 0.00473065 0.000486814 -0.00963399 -0.00447823 0.00533813 -0.00900641 0.00892962 0.00653546 -0.0136168 0.0417175 0.0124243 0.0174089
internal_weight=1041.44 172.887 163.812 99.8695 32.0406 29.9523 67.8289 13.2801 54.5488 51.9544 11.452 2.59437 40.5024 31.2381
internal_count=13856 2808 2670 1606 246 215 1360 522 838 717 74 121 643 532
is_linear=0
shrinkage=0.03


Tree=338
num_leaves=15
num_cat=0
split_feature=1 7 3 1 1 8 8 4 5 8 1 6 5 8
split_gain=1.96506 5.03435 10.6062 8.7011 9.54869 7.01936 7.39093 5.20033 5.99397 7.43359 5.81242 6.54243 5.59953 5.12344
threshold=-0.66999999999999738 51.150000000000013 3.1256959199799685 2.6200000000000037 3.7000000000000046 21.050000000000004 25.050000000000004 64.166115723292293 430.01182556152349 31.350000000000005 7.8900000000000032 5.5500000000000016 246.04593658447268 25.650000000000006
decision_type=2 2 2 2 2 2 2 2 2 2 2 2 2 2
left_child=-1 7 3 5 -5 -3 -7 12 9 10 11 -9 13 -2
right_child=1 2 -4 4 -6 6 -8 8 -10 -11 -12 -13 -14 -15
leaf_value=-0.00090210056265424207 -0.022313903502692731 0.016991977189452504 0.0052383038580566333 -0.072661989787758272 -0.015477123089381701 -0.045026727918338519 0.0075869669710845727 -0.0054743951508441522 -0.0050272071502252338 -0.0034763957689598777 -0.0047638743604341231 0.016721202455674145 0.0027917904396194638 -0.00015114286197748253
leaf_weight=661.59369326103479 17.909475065767765 6.7632722649723318 32.637027555378154 3.7288712225854379 7.5984559017233551 4.2984423059970123 3.9429336413741112 13.038941703271119 34.760489425621927 35.902202676748857 16.169641180429608 102.14556437684223 77.075578927993774 18.670275304466486
leaf_count=6883 374 170 338 47 94 88 79 271 601 748 640 1610 1355 445
internal_value=8.06862e-05 0.00181401 -0.00616392 -0.0199709 -0.0386693 -0.00432101 -0.0217575 0.00331908 0.00619657 0.00854519 0.0118324 0.0141832 -0.00180495 -0.0113071
internal_weight=1036.23 374.641 58.969 26.332 11.3273 15.0046 8.24138 315.672 202.017 167.256 131.354 115.185 113.655 36.5798
internal_count=13743 6860 816 478 141 337 167 6044 3870 3269 2521 1881 2174 819
is_linear=0
shrinkage=0.03


Tree=339
num_leaves=15
num_cat=0
split_feature=1 0 4 2 1 1 2 0 0 2 3 5 6 3
split_gain=3.21305 2.59553 2.41286 5.73924 3.63269 3.79936 8.9058 4.30863 4.76612 6.04697 3.97923 5.08347 4.9834 3.51988
threshold=23.110000000000007 26.04333333333334 58.525117042264803 36.390000000000015 6.770000000000004 -2.4399999999999928 31.840000000000011 14.215416666666671 10.957916666666671 35.930000000000014 2.680852005173215 1049.7723388671877 6.9500000000000011 2.623569721740374
decision_type=2 2 2 2 2 2 2 2 2 2 2 2 2 2
left_child=1 2 4 -4 5 7 -7 8 -1 10 11 -10 -13 -6
right_child=-2 -3 3 -5 13 6 -8 -9 9 -11 -12 12 -14 -15
leaf_value=-0.0042147541840327936 0.02290121346303502 -0.023350515859750509 5.9445577111193209e-05 0.030058925288176698 0.036679406910046612 -0.033698707755734476 -0.0047327040745341114 -0.022815353435999001 0.045986584445079901 -0.023634486246949374 -0.002028316068604802 0.041683093612335936 -0.0032841542149463889 -0.016673585770298715
leaf_weight=36.937030323897488 4.3511815015226594 3.4182628642301998 893.8405643242877 4.7765605326276264 2.6507545906351875 10.851884224452077 51.683604399557225 5.6943659461103371 5.817794267088181 2.7298499224707475 6.1174115464091292 2.1510325670242292 7.0622292272746563 0.91602650191634882
leaf_count=829 43 920 10069 217 163 151 958 144 50 88 43 9 90 78
internal_value=-0.000285945 -0.000405476 -0.000306872 0.000252142 -0.00406845 -0.00496407 -0.0102105 4.70336e-05 0.00252218 0.012694 0.0182386 0.026099 0.0102677 0.0223266
internal_weight=1039 1034.65 1031.23 898.617 132.612 129.045 62.5355 66.5097 60.8153 23.8783 21.1485 15.0311 9.21326 3.56678
internal_count=13852 13809 12889 10286 2603 2362 1109 1253 1109 280 192 149 99 241
is_linear=0
shrinkage=0.03


Tree=340
num_leaves=15
num_cat=0
split_feature=7 8 7 0 6 5 0 5 3 7 0 4 5 7
split_gain=3.20356 6.6761 4.34094 4.1806 5.33202 5.10043 4.24873 4.85419 4.11453 4.01615 4.10805 8.53609 7.78376 8.85375
threshold=32.150000000000013 26.550000000000004 31.350000000000005 8.5416666666666714 5.9500000000000011 4.7462420463562021 9.1970833333333371 276.22181701660162 2.5393897166869195 31.150000000000006 9.4112500000000043 54.901478245972619 1024.3920898437502 17.950000000000006
decision_type=2 2 2 2 2 2 2 2 2 2 2 2 2 2
left_child=2 8 9 -3 5 -5 -6 -8 -2 10 11 12 13 -1
right_child=1 3 -4 4 6 -7 7 -9 -10 -11 -12 -13 -14 -15
leaf_value=-0.0014135694071614211 -0.021267309280845609 0.011747004896206392 -0.016696783500842464 0.029118132853029437 -0.016730199745362554 -0.010895104856668636 0.0040741353325513749 0.024054701702130324 0.00025856311584130195 0.025898851693471305 5.6834384255403692e-05 -0.013868050232975195 -0.0027557056389974363 0.077913557454526688
leaf_weight=2.2514082742854944 7.1726881708018473 82.78267355915159 14.917985065607352 2.2032148200087276 4.7983590178191653 29.58670354145579 34.505133092869073 15.401125436648725 360.16924315690994 4.0302698325831434 414.00701315503102 50.05956611293368 10.657569872215388 1.7947455942630766
leaf_count=35 174 676 167 31 35 376 407 163 4208 41 6545 493 380 19
internal_value=0.000451043 0.00205715 -0.00128125 0.00696741 0.00231095 -0.00731852 0.00793775 0.0105916 -0.000218346 -0.000771401 -0.00104942 -0.00801464 0.0115277 0.0422406
internal_weight=1034.34 536.619 497.719 169.277 86.4945 31.7899 54.7046 49.9063 367.342 482.801 478.77 64.7633 14.7037 4.04615
internal_count=13750 6070 7680 1688 1012 407 605 570 4382 7513 7472 927 434 54
is_linear=0
shrinkage=0.03


Tree=341
num_leaves=15
num_cat=0
split_feature=7 6 8 3 4 4 8 1 2 1 4 1 8 7
split_gain=2.10394 12.5607 4.57564 2.66105 2.42894 5.71725 2.97046 2.81372 2.70293 6.67308 5.10298 2.33318 2.24647 2.09371
threshold=155.35000000000005 5.1500000000000012 20.250000000000004 2.7606034007223066 84.364652112121689 83.61268295120702 20.650000000000006 -6.299999999999998 16.430000000000007 -6.4599999999999964 64.166115723292293 -22.949999999999992 19.050000000000004 77.750000000000014
decision_type=2 2 2 2 2 2 2 2 2 2 2 2 2 2
left_child=4 2 3 -2 5 8 7 -6 9 10 -1 -10 -7 -13
right_child=1 -3 -4 -5 6 12 -8 -9 11 -11 -12 13 -14 -15
leaf_value=-0.018370174858741758 -0.016816429366661199 -0.037401456107684444 -0.027895072272236303 0.014384783968884339 -0.02110294441587449 0.00078086250069749009 -0.03396748952555715 0.015722569686683039 -0.017132857152964771 -0.031706375448356895 0.032778264562163019 -0.00032826914244450916 0.037840232613766338 0.0041915958971348484
leaf_weight=1.490551019553094 2.0097130299545922 8.0299101519631204 2.3368367904331526 16.26194035471417 2.3083636211231351 2.1326057242695233 3.1320577801670879 3.2876362819224578 6.0836023746523997 1.4834917746484269 8.057508856058119 877.10981981188525 4.0832645641639829 102.06492922548205
leaf_count=159 28 99 30 155 101 59 77 69 519 18 52 11184 79 1142
internal_value=1.31671e-05 -0.00786535 0.0048414 0.0102584 0.000243839 0.00038822 -0.014675 -0.000364396 0.000195312 0.0143286 0.0238089 2.26998e-05 0.0269958 0.000146658
internal_weight=1039.87 28.6384 20.6085 18.2717 1011.23 1002.51 8.72806 5.596 996.29 11.0316 9.54806 985.258 6.21587 979.175
internal_count=13771 312 213 183 13459 13212 247 170 13074 229 211 12845 138 12326
is_linear=0
shrinkage=0.03


Tree=342
num_leaves=15
num_cat=0
split_feature=1 1 3 2 6 2 2 5 3 5 1 0 1 0
split_gain=3.118 5.19806 5.03004 6.90951 4.13177 3.6521 4.58635 4.47868 3.86061 3.13125 3.12694 4.70953 6.67162 4.56914
threshold=-16.949999999999992 -15.079999999999995 2.1652738388787243 26.970000000000002 7.9500000000000011 23.210000000000012 23.770000000000007 267.99122619628912 2.5771929705045071 208.10385894775393 -9.6099999999999941 5.775000000000003 -6.4599999999999964 8.7008333333333372
decision_type=2 2 2 2 2 2 2 2 2 2 2 2 2 2
left_child=2 -2 4 5 -1 8 7 -7 -4 -5 13 12 -12 -3
right_child=1 10 3 9 -6 6 -8 -9 -10 -11 11 -13 -14 -15
leaf_value=-0.015183900670515798 0.011135256311873284 -0.0018245740584999705 0.020511674169273873 -0.034509058645875577 0.044163690376292954 0.062328947836914658 -0.0014442143865277608 -0.0048834555612937277 -0.029335408716520586 -0.010546101143257519 0.019810470467539174 4.6431394582167006e-05 -0.015143708384357909 -0.016143898727563312
leaf_weight=0.97100672591477577 36.701704206410795 110.53232072573155 0.98354582977481086 8.8020500317215937 2.193059237441048 1.0640182385686778 52.787021749070846 1.3355595779139546 6.1645677001215518 12.514414952369405 21.812106347642843 750.04541289841291 5.4665508451871565 23.594674844294786
leaf_count=81 337 887 161 72 84 25 554 54 420 173 176 10406 34 260
internal_value=-0.000281373 0.000219278 -0.00568946 -0.00721444 0.0266782 -0.00205144 0.000704127 0.0344874 -0.0208011 -0.0215439 -0.000232001 0.000499616 0.012518 -0.00444436
internal_weight=1034.97 948.153 86.8152 83.6512 3.16407 62.3347 55.1866 2.39958 7.14811 21.3165 911.451 777.324 27.2787 134.127
internal_count=13724 12100 1624 1459 165 1214 633 79 581 245 11763 10616 210 1147
is_linear=0
shrinkage=0.03


Tree=343
num_leaves=15
num_cat=0
split_feature=2 3 4 8 1 3 8 2 1 0 3 7 3 4
split_gain=3.12723 5.53826 5.39387 6.71089 4.87375 4.60794 5.12204 4.4889 4.69094 4.47897 4.26414 4.07937 3.77852 5.31808
threshold=33.050000000000018 2.9786734406525972 54.901478245972619 32.750000000000007 -19.729999999999993 2.7857923613768478 32.050000000000004 35.310000000000009 -1.9999999999999984 9.8691666666666702 2.4426051608629105 28.850000000000005 2.5310699015428226 56.55391705498635
decision_type=2 2 2 2 2 2 2 2 2 2 2 2 2 2
left_child=12 2 4 9 -2 -6 -7 8 -5 -4 -11 -3 13 -1
right_child=1 11 3 7 5 6 -8 -9 -10 10 -12 -13 -14 -15
leaf_value=0.0030985924277363544 0.048244826288549474 -0.023818858953896828 -0.016176938080374046 0.0078925318178236035 -0.0066620991196886551 -0.014438829074620992 0.038577313185424351 0.016747216886546287 -0.027410475646866102 0.040075716902840036 0.013958934413340406 0.0052487224317784107 -0.00046159981230390284 -0.01705666719592713
leaf_weight=19.164627910126001 0.70108130015432735 9.6360469894716534 3.0969226211309424 4.8485546670854101 44.836658383137546 1.9147492707706977 3.504390487447381 4.9705604773480436 7.9961978236678997 5.8100508850766337 53.263805413153023 6.8318701987154773 844.25644251215272 28.515011477516964
leaf_count=519 10 1062 25 28 1448 35 24 72 74 104 465 226 9364 329
internal_value=-0.000260777 0.00377208 0.00585138 0.0106644 -0.00176335 -0.00338862 0.0205139 -0.0053382 -0.014477 0.0152619 0.0171519 -0.0121498 -0.000930768 -0.00905811
internal_weight=1039.35 147.411 130.943 79.9861 50.9569 50.2558 5.41914 17.8153 12.8448 62.1708 59.0739 16.4679 891.936 47.6796
internal_count=13785 3573 2285 768 1517 1507 59 174 102 594 569 1288 10212 848
is_linear=0
shrinkage=0.03


Tree=344
num_leaves=15
num_cat=0
split_feature=1 2 4 0 1 1 8 2 0 2 7 4 2 4
split_gain=3.68208 8.85956 5.85992 3.84022 7.44769 6.94805 6.12432 4.8531 4.43854 9.56537 5.30288 6.80549 3.78273 5.16004
threshold=-19.729999999999993 30.610000000000003 69.424391453819027 7.0662500000000046 -10.329999999999993 -3.4199999999999942 17.950000000000006 22.350000000000012 6.3316666666666697 28.580000000000002 112.95000000000002 78.076545659126495 21.130000000000006 77.061688219308124
decision_type=2 2 2 2 2 2 2 2 2 2 2 2 2 2
left_child=1 2 -1 5 -5 6 7 12 9 10 -8 -12 -2 -14
right_child=3 -3 -4 4 -6 -7 8 -9 -10 -11 11 -13 13 -15
leaf_value=-0.030398478780165935 -0.0022930980912827573 0.043986282849738698 -0.0041190656764150905 -0.010843831800727252 0.00050571764694192715 -0.028468494390471926 0.0099747963115161663 -0.0090062384643350216 0.018797874894448306 -0.022517536861998051 -0.045712926313859342 0.0088618327944235669 -0.017842042845105831 0.0268408420066444
leaf_weight=10.430060048354788 18.090916647342969 1.6984083810821164 24.191972563159652 55.069978843443096 722.48250910965726 4.7528187390416852 103.28399335034192 40.250929304398596 28.959938141517341 8.9418994542211276 2.6818480417132369 4.0645120609551668 2.1667188657447687 10.554848264902828
leaf_count=443 205 26 699 558 10220 32 785 337 289 86 25 54 24 97
internal_value=0.00034277 -0.00891015 -0.012667 0.000686958 -0.000311007 0.00414096 0.00497487 -0.00224319 0.00843404 0.00577565 0.00825706 -0.0159336 0.0065969 0.0184849
internal_weight=1037.62 36.3204 34.622 1001.3 777.552 223.748 218.996 71.0634 147.932 118.972 110.03 6.74636 30.8125 12.7216
internal_count=13880 1168 1142 12712 10778 1934 1902 663 1239 950 864 79 326 121
is_linear=0
shrinkage=0.03


Tree=345
num_leaves=15
num_cat=0
split_feature=8 3 0 0 1 0 8 7 2 8 2 0 1 3
split_gain=2.24213 4.92727 3.1071 3.0901 2.71212 2.62442 2.19129 1.92025 6.63373 5.55751 3.5668 3.34949 5.22974 3.54724
threshold=41.050000000000004 2.7833460672411037 19.353750000000005 20.290833333333335 3.3700000000000037 12.90666666666667 45.850000000000016 139.95000000000002 22.570000000000011 21.550000000000004 13.830000000000005 5.9575000000000049 -8.6299999999999955 2.7551351618907289
decision_type=2 2 2 2 2 2 2 2 2 2 2 2 2 2
left_child=7 2 5 -4 -3 -2 -6 10 9 11 -1 12 13 -9
right_child=1 4 3 -5 6 -7 -8 8 -10 -11 -12 -13 -14 -15
leaf_value=0.024186083075847492 0.0022724070904550481 0.039877728831555555 -0.010956280129442636 0.039502667010827518 -0.012585204357064525 -0.031467771108753304 0.027100137862635813 -0.020741534261183373 -0.030735279508327728 -0.028098523501045729 0.0012164076664300074 0.015342962925931663 -0.022025694180958857 0.018026059006802778
leaf_weight=5.1261653986293814 4.3444631714373845 4.8021335508674365 1.3049953039735558 1.5576082651969043 2.1343280395958577 2.7662378549575806 1.1103997855680061 1.8527345419861401 6.5087666275212532 4.3304651784710577 971.58441639097873 14.033539397642015 7.1004167795181301 8.2756169273052347
leaf_count=98 36 33 10 32 88 16 48 62 110 61 12921 149 40 86
internal_value=0.00128101 0.0114894 -0.00278787 0.0196184 0.0275368 -0.0131148 0.00418071 0.00108936 -0.0051109 0.00028684 0.00136158 0.00496785 -0.00386118 0.00970788
internal_weight=1036.83 18.0202 9.9733 2.8626 8.04686 7.1107 3.24473 1018.81 42.1015 35.5928 976.711 31.2623 17.2288 10.1284
internal_count=13790 263 94 42 169 52 136 13527 508 398 13019 337 188 148
is_linear=0
shrinkage=0.03


Tree=346
num_leaves=15
num_cat=0
split_feature=2 1 5 1 6 2 7 1 4 4 2 0 5 5
split_gain=3.14838 3.56909 3.10565 4.45964 2.92872 8.89981 4.25591 3.17622 2.29644 2.74502 3.90195 5.62812 3.94277 3.1837
threshold=39.550000000000018 5.4000000000000048 471.43501281738287 -0.35999999999999793 4.7500000000000009 23.210000000000012 206.15000000000006 -9.6099999999999941 86.085062248403489 81.055311417135314 13.830000000000005 2.75416666666667 1651.5906982421877 28.595915794372562
decision_type=2 2 2 2 2 2 2 2 2 2 2 2 2 2
left_child=4 2 3 -2 5 -1 8 -7 9 10 12 13 -6 -12
right_child=1 -3 -4 -5 6 7 -8 -9 -10 -11 11 -13 -14 -15
leaf_value=0.02094485401895135 0.0012013515902164046 -0.018053491420934101 0.0029991461882976226 0.05898562927873157 -0.015328219556211751 -0.037799081528034233 -0.024616529009240783 0.00081915313030065317 -0.020670784987748013 0.0074948886794545975 0.030441280514622679 0.00016448271874415678 0.036895592324015222 -0.013508294243915413
leaf_weight=17.896254668012265 1.902387900277972 1.4929794488707546 3.9844066709047183 2.4755289609311131 1.1540061235427845 2.6727814560290426 5.3113337568938723 3.9224648708477607 3.7695978477131566 43.307895270874724 0.62599771237000723 912.73285199620295 3.7684485639911145 34.521799311391078
leaf_count=233 43 486 126 100 6 21 46 79 100 949 19 10627 82 861
internal_value=0.000365596 0.0164376 0.0238661 0.0387684 0.000195969 0.0102381 -5.86392e-05 -0.0177474 9.62761e-05 0.000195517 -0.000143772 -0.000295135 0.0241315 -0.0119051
internal_weight=1039.54 9.8553 8.36232 4.37792 1029.68 24.4915 1005.19 6.59525 999.881 996.111 952.803 947.881 4.92245 35.1478
internal_count=13778 755 269 143 13023 333 12690 100 12644 12544 11595 11507 88 880
is_linear=0
shrinkage=0.03


Tree=347
num_leaves=15
num_cat=0
split_feature=5 4 3 2 2 7 2 8 8 1 8 1 4 4
split_gain=3.01772 10.4945 7.72638 5.80864 6.84926 10.3444 5.65317 4.48226 4.2973 5.56553 5.22599 5.71204 6.12828 4.78929
threshold=821.58520507812511 75.103035060329248 3.1123133611707687 21.810000000000009 27.470000000000002 37.550000000000004 15.850000000000007 21.450000000000006 41.750000000000007 -8.4099999999999948 23.950000000000006 -15.389999999999995 58.14055370677584 58.525117042264803
decision_type=2 2 2 2 2 2 2 2 2 2 2 2 2 2
left_child=6 3 -3 -2 5 -5 -1 -7 9 10 11 -6 -13 -11
right_child=1 2 -4 4 8 7 -8 -9 -10 13 -12 12 -14 -15
leaf_value=-0.03021877571041116 0.010587006734254747 -0.046963871427336344 0.0034331322596062542 -0.030744889434045259 -0.011884853658199841 -0.016983352852187446 0.00076785579406460803 0.008369435042970233 0.030955634518548183 -0.011712215981662766 -0.0035292188476572554 0.047453292490337182 -0.007478178456300567 0.0042765311031919967
leaf_weight=4.332172005204483 27.592835225630552 7.2999534530099464 3.8932036436162889 17.974274349864572 2.4575246493332079 9.0828201572876441 857.18697504024021 15.639534343499689 2.9478062409907571 40.4483651710907 10.384968194644896 6.8872963739559072 2.0582870915532112 27.726144915213808
leaf_count=32 476 82 73 270 104 79 11343 149 15 641 167 95 12 251
internal_value=-0.000152428 -0.00373952 -0.0305908 -0.00172282 -0.00428675 -0.0140821 0.000577184 -0.00124314 0.000316668 -0.00101655 0.0118542 0.0250192 0.035333 -0.00524187
internal_weight=1035.91 174.393 11.1932 163.2 135.607 42.6966 861.519 24.7224 92.9104 89.9626 21.7881 11.4031 8.94558 68.1745
internal_count=13789 2414 155 2259 1783 498 11375 228 1285 1270 378 211 107 892
is_linear=0
shrinkage=0.03


Tree=348
num_leaves=15
num_cat=0
split_feature=4 0 0 3 3 3 2 2 3 8 4 8 3 2
split_gain=2.49371 3.62821 5.07312 4.10122 2.95675 3.16995 2.91002 9.97534 3.56635 9.2498 2.52757 6.9324 6.84228 6.28833
threshold=43.595671393729511 16.722916666666674 13.919583333333337 2.7381381513186649 2.0869645607831915 2.1108253087514872 28.470000000000002 27.030000000000005 2.5310699015428226 17.550000000000004 58.525117042264803 33.45000000000001 2.6600207171756822 37.670000000000016
decision_type=2 2 2 2 2 2 2 2 2 2 2 2 2 2
left_child=1 2 6 -3 -2 -6 7 -1 9 -8 11 12 -7 -14
right_child=4 3 -4 -5 5 10 8 -9 -10 -11 -12 -13 13 -15
leaf_value=-0.019060130311171763 -0.021097008967857146 -0.015072645203655061 0.039775913656147452 0.027008611389033644 0.030473721877188352 -0.00092559751717525109 0.05248063429008077 0.068756977872258887 0.017625006888188362 -0.027517791073933633 0.00064307537509738252 0.015140608591597118 -0.021769052020273318 0.025379094830856767
leaf_weight=1.6388942043995549 4.881378350313752 7.9142570099793357 4.8867343715392044 1.748550835996866 2.1107093086466184 54.497975743492134 0.6299852365627866 1.3583686798810957 4.2146148085594177 6.2132019558921456 906.15994947019499 13.216244091163388 30.174244069959968 1.945373871596529
leaf_count=172 240 733 86 15 26 728 17 19 22 192 10883 169 412 74
internal_value=0.000363438 0.00894587 0.0162957 -0.00563894 0.000112505 0.000236009 0.00603222 0.0279833 -0.00174502 -0.0144009 0.000142368 -0.0043637 -0.00747854 -0.0182334
internal_weight=1041.59 28.6046 18.9418 9.66281 1012.99 1008.1 14.0551 2.99726 11.0578 6.84319 1005.99 99.8338 86.6176 32.1196
internal_count=13788 1256 508 748 12532 12292 422 191 231 209 12266 1383 1214 486
is_linear=0
shrinkage=0.03


Tree=349
num_leaves=15
num_cat=0
split_feature=5 8 4 2 1 3 3 8 4 4 0 4 8 3
split_gain=3.04941 2.85395 2.10193 4.77569 6.44861 4.13846 5.24478 4.4692 3.34582 2.8263 2.96631 2.76925 6.24133 8.33609
threshold=3011.185424804688 29.850000000000005 43.595671393729511 33.13000000000001 -9.2099999999999955 2.7381381513186649 2.2329706937439124 18.050000000000004 44.952868011151843 45.655383557529547 10.425000000000004 50.040024129114492 29.850000000000005 2.7188586095681604
decision_type=2 2 2 2 2 2 2 2 2 2 2 2 2 2
left_child=2 -2 3 4 -1 6 7 -5 -4 10 -10 12 -11 -14
right_child=1 -3 8 5 -6 -7 -8 -9 9 11 -12 -13 13 -15
leaf_value=-0.0048029997273741996 -0.027955511242287095 0.017624571866253293 -0.027372611155570915 0.053482637968827261 0.04290386382859479 0.028341436516796922 -0.025462084329234618 -0.0013898300548879667 0.049389213260145517 -0.02342174856696224 -0.0056848534885289336 -0.00028296288051733644 -0.0099915179296257983 0.052981673933148565
leaf_weight=3.9654130898416042 5.2104829605668774 0.81944722635671485 3.1634730236837632 0.6091869979864003 5.3253631340339798 2.4436189481057218 6.9116681631421661 7.5906554883113131 1.0733263865113252 12.566497316816823 1.208955346024595 976.02696551103145 5.3035318590700617 1.7518522466998545
leaf_count=112 296 27 89 60 54 15 287 564 15 300 38 11806 81 15
internal_value=-0.000443745 -0.0201354 -0.000308777 0.00782188 0.0240539 -0.00160206 -0.00790264 0.0080571 -0.000534401 -0.000422006 0.0273719 -0.000513117 -0.0113925 0.0102808
internal_weight=1033.97 6.02993 1027.94 26.8459 9.29078 17.5551 15.1115 8.19984 1001.09 997.931 2.28228 995.649 19.6219 7.05538
internal_count=13759 323 13436 1092 166 926 911 624 12344 12255 53 12202 396 96
is_linear=0
shrinkage=0.03


Tree=350
num_leaves=15
num_cat=0
split_feature=8 8 8 6 3 0 4 2 2 7 4 8 8 6
split_gain=3.73735 2.97721 4.55363 5.15732 6.0141 6.70163 4.49136 4.42483 3.69801 7.33058 15.8811 5.88762 5.25758 9.42023
threshold=6.9500000000000011 32.650000000000013 34.350000000000009 7.2500000000000009 2.6846658636547684 13.120416666666673 64.581745353123125 26.780000000000008 26.230000000000008 37.250000000000007 76.577599000937951 27.850000000000005 19.450000000000006 6.5500000000000016
decision_type=2 2 2 2 2 2 2 2 2 2 2 2 2 2
left_child=-1 8 7 4 -4 -6 -5 -3 9 10 11 -2 13 -10
right_child=1 2 3 6 5 -7 -8 -9 12 -11 -12 -13 -14 -15
leaf_value=-0.014647758412404335 -0.025303460236788124 0.0094549240073112228 -0.022563474264198601 0.018735530988312335 0.013139385393146885 -0.012570410248985628 -0.0034679238775054155 -0.016602388658467811 0.013578417812997904 0.00028957309482957979 0.0097486685537587214 0.0016686324352566736 0.00068217088749355809 -0.0079090446776166976
leaf_weight=15.112299383850766 38.155356683535501 6.336398407816886 13.584714683587661 17.482384338858541 17.404568761354312 17.098331461660564 14.255810380447654 34.793565789121203 74.07134644058533 289.86804207647219 22.854048506123945 8.8021575461607409 429.98827223898843 23.571995814563707
leaf_count=240 686 100 110 278 204 449 125 465 628 3648 565 164 5522 528
internal_value=-0.000313275 -8.41236e-05 -0.00447935 -0.000264634 -0.00641222 0.000403383 0.00896113 -0.0124589 0.00051939 -0.00182333 -0.0104766 -0.0203182 0.00211682 0.00836356
internal_weight=1023.38 1008.27 120.956 79.8258 48.0876 34.5029 31.7382 41.13 887.311 359.68 69.8116 46.9575 527.632 97.6433
internal_count=13712 13472 1731 1166 763 653 403 565 11741 5063 1415 850 6678 1156
is_linear=0
shrinkage=0.03


Tree=351
num_leaves=15
num_cat=0
split_feature=1 0 0 4 5 6 3 3 7 1 3 0 1 3
split_gain=2.12794 6.50292 4.79898 12.7827 6.67947 5.75211 7.44985 4.2447 4.01964 6.62572 4.18122 3.97294 6.00988 8.6269
threshold=-3.1999999999999953 7.3220833333333362 10.191250000000005 69.653138728714652 175.09024810791018 5.4500000000000011 2.5393897166869195 3.1034855738918377 13.750000000000002 -9.0299999999999958 1.8886847560186923 15.61791666666667 3.5900000000000025 2.8195373548239311
decision_type=2 2 2 2 2 2 2 2 2 2 2 2 2 2
left_child=2 -2 -1 4 5 -4 -7 8 10 -10 -6 -3 13 -13
right_child=1 11 3 -5 7 6 -8 -9 9 -11 -12 12 -14 -15
leaf_value=9.3805195387918871e-05 -0.026904454094261249 0.0038706295872988931 0.019895493064627571 -0.024248745481556054 0.021150333903597912 0.0053819596073564737 -0.027943629284475972 -0.02710797768670848 -0.021574014202603253 0.016935103224703509 -0.015280706978506279 0.00014072039068316024 0.0019655856714780634 -0.022256730480081442
leaf_weight=401.56950804812368 6.250446781050413 303.42253934266046 3.5477792620658901 27.559836663305759 2.8506807191297403 8.592615640722217 17.274579746648669 2.4114865623414508 3.6946235243231049 33.014133330434561 10.174862882122396 37.140138562186621 136.37236067501362 25.520504788029939
leaf_count=4370 43 4017 16 177 76 96 147 26 36 203 191 524 3300 450
internal_value=-6.07704e-05 0.00131127 -0.00142737 -0.0069754 -0.000915627 -0.0121174 -0.0170852 0.00551231 0.00759712 0.0125899 -0.00636814 0.00171501 -0.00157412 -0.00918766
internal_weight=1019.4 508.706 510.69 109.121 81.5608 29.415 25.8672 52.1458 49.7343 36.7088 13.0255 502.456 199.033 62.6606
internal_count=13672 8334 5338 968 791 259 243 532 506 239 267 8291 4274 974
is_linear=0
shrinkage=0.03


Tree=352
num_leaves=15
num_cat=0
split_feature=6 2 7 4 6 8 2 2 2 2 5 6 4 5
split_gain=2.52518 2.48627 3.48633 6.00611 10.8803 7.97401 7.81538 6.68908 4.44711 4.37331 9.95504 5.37248 6.1685 7.47718
threshold=8.1500000000000021 36.970000000000013 17.550000000000004 58.525117042264803 7.0500000000000016 32.850000000000009 30.680000000000007 33.730000000000011 31.780000000000001 31.780000000000001 171.1984786987305 6.9500000000000011 53.00437893998221 783.74694824218761
decision_type=2 2 2 2 2 2 2 2 2 2 2 2 2 2
left_child=1 2 3 -1 6 7 -5 -6 -7 11 -11 12 -4 -14
right_child=-2 -3 9 4 5 8 -8 -9 -10 10 -12 -13 13 -15
leaf_value=-0.013299162047489233 -0.020080999888116239 0.0086855498711820769 0.027415372865537309 0.0089935487258619232 0.0090759739837218637 0.013571421903465834 -0.024286409126545824 0.041837470138630622 -0.027178911440438065 -0.0032131114381918 0.013562818097466114 -0.0071142880838757439 0.0013015894229603808 -0.0079395404524959575
leaf_weight=48.031534978072159 4.7813862176844841 26.590904971584678 6.4718984379433087 8.9178302488289791 18.49762569041923 3.0917685236781818 17.902417060453445 7.5862051469739518 5.3925554102752358 61.936779528390616 63.835984909906983 100.163573100348 558.88832234055735 90.707986311754212
leaf_count=940 380 1303 91 105 185 22 594 71 52 860 579 1071 6570 872
internal_value=-0.000310154 -0.00019768 -0.000444448 -0.00546985 0.000770946 0.0117513 -0.0132952 0.0197972 -0.0124639 0.000184483 0.00534133 -0.0006791 0.000312708 9.61351e-07
internal_weight=1022.8 1018.02 991.424 109.42 61.3884 34.5682 26.8202 26.0838 8.48432 882.005 125.773 756.232 656.068 649.596
internal_count=13695 13315 12012 1969 1029 330 699 256 74 10043 1439 8604 7533 7442
is_linear=0
shrinkage=0.03


Tree=353
num_leaves=15
num_cat=0
split_feature=0 4 7 2 3 3 0 3 8 8 7 4 2 0
split_gain=4.59306 5.40619 4.92514 4.43913 8.99969 6.96789 13.7189 8.05167 5.67349 8.54108 7.70134 7.4261 7.82689 7.18327
threshold=7.4983333333333375 81.203787375263644 139.95000000000002 26.230000000000008 2.8156640673439983 2.7833460672411037 8.172916666666671 2.7354152436453965 24.350000000000005 25.050000000000004 60.050000000000004 65.882388627330798 32.730000000000011 15.61791666666667
decision_type=2 2 2 2 2 2 2 2 2 2 2 2 2 2
left_child=2 3 -1 4 5 7 -7 -2 10 -10 11 12 13 -5
right_child=1 -3 -4 8 -6 6 -8 -9 9 -11 -12 -13 -14 -15
leaf_value=0.0040594719700262783 -0.028568649192769833 0.01112520825937024 -0.0086792590883378855 -0.0026130903678389179 -0.0027887989210135999 0.002587792053649242 -0.059277492959230273 0.0071176758052181139 -0.021659332046364114 -0.0021468830678334828 -0.025167742461617251 0.0097653998614396029 0.0074444423975614793 -0.026787835070011805
leaf_weight=257.22814712382387 9.232496499083938 27.251437078462914 29.603480967576616 41.118677036836743 117.90342040872201 4.9555325470864755 7.8312380146235228 12.124164804816244 20.550403072265908 326.3684794761939 7.4721331768669179 100.67175138322636 45.299610844813287 14.265697324182836
leaf_count=2993 138 652 365 371 1710 61 132 192 262 4474 86 1164 974 177
internal_value=-0.000494591 -0.00175065 0.00271914 -0.0022614 -0.00678612 -0.0201175 -0.0368529 -0.00889735 -0.00101351 -0.00336167 0.00288484 0.00404508 -0.00171433 -0.00920459
internal_weight=1021.88 735.045 286.832 707.794 152.047 34.1434 12.7868 21.3567 555.747 346.919 208.828 201.356 100.684 55.3844
internal_count=13751 10393 3358 9741 2233 523 193 330 7508 4736 2772 2686 1522 548
is_linear=0
shrinkage=0.03


Tree=354
num_leaves=15
num_cat=0
split_feature=6 3 1 4 4 4 4 6 0 3 8 8 3 8
split_gain=3.03183 3.9279 8.60421 6.28097 7.03193 4.04813 4.35861 5.92573 6.68937 4.47237 4.40205 3.93367 5.55038 4.04576
threshold=7.4500000000000011 2.6049708415595538 -5.979999999999996 67.145127263055102 70.814681664685949 41.3693692444185 63.22463668737057 6.0500000000000016 4.82541666666667 2.618100417062156 22.450000000000006 38.850000000000016 2.7249472773468431 24.650000000000006
decision_type=2 2 2 2 2 2 2 2 2 2 2 2 2 2
left_child=1 2 3 -1 -5 -3 7 -7 10 -10 -9 13 -13 -11
right_child=-2 5 -4 4 -6 6 -8 8 9 11 -12 12 -14 -15
leaf_value=0.0086449369840333728 0.004730154213895347 0.026237907332689471 -0.022854664841765952 -0.021358309551593395 0.01135709058449277 -0.025377324047187878 0.00094465822066897845 -0.016278231526320987 0.027289406531245598 -0.001460351860628945 0.03892931257903269 -0.025243678464069098 0.042573794562347 -0.015618594983321363
leaf_weight=30.124298686976545 122.91933793399949 4.3922480097971848 20.521757262875326 17.683423490729187 7.8954758174950248 11.238695316249503 731.99235615239013 1.1068522753193963 2.6529847190249702 37.801871978677809 4.2362809730693698 0.84589221328496877 2.2119600644800812 34.378447101335041
leaf_count=324 2525 42 238 124 151 150 9263 78 23 345 31 7 84 431
internal_value=0.000328627 -0.000272379 -0.00674425 -0.000510589 -0.0112126 0.000328761 0.000159524 -0.00587 -0.00296603 -0.00531606 0.0267295 -0.00680863 0.0222157 -0.008325
internal_weight=1030 907.083 76.225 55.7032 25.5789 830.858 826.465 94.473 83.2343 77.8912 5.34313 75.2382 3.05785 72.1803
internal_count=13816 11291 837 599 275 10454 10412 1149 999 890 109 867 91 776
is_linear=0
shrinkage=0.03


Tree=355
num_leaves=15
num_cat=0
split_feature=8 7 3 8 0 2 0 0 0 6 5 6 0 6
split_gain=1.67497 4.63455 5.94537 6.98114 6.78683 5.30151 3.8786 4.67704 3.33239 3.23993 3.54099 2.97798 3.40428 2.87567
threshold=32.250000000000007 24.650000000000006 2.7904751702341759 38.650000000000013 19.353750000000005 34.970000000000013 14.411666666666671 12.582916666666671 16.857916666666675 6.9500000000000011 3.219794869422913 6.5500000000000016 11.683750000000005 6.5500000000000016
decision_type=2 2 2 2 2 2 2 2 2 2 2 2 2 2
left_child=-1 2 4 -4 11 -6 7 13 -8 10 -10 -2 -13 -3
right_child=1 6 3 -5 5 -7 8 -9 9 -11 -12 12 -14 -15
leaf_value=0.0013051588044015443 -0.041864445154667036 0.013355985482413634 -0.006035329366587034 0.028066451088496602 0.037877602388364101 -0.010393024351569942 -0.024682727767931525 0.027946723343056794 0.019146456569541115 0.019296461605676593 -0.022286518278913696 0.00034255460128827098 -0.019676153978954246 -0.0023148171083422135
leaf_weight=894.0621539298445 3.4418089715763918 15.631873884936793 16.177115123951811 6.9245637777494258 2.9579371130093923 3.5573662659153342 6.0892798481509116 7.4528671242296687 1.7628070882055888 4.3851321460679173 5.2594518633559346 10.245748185319824 28.736068020574749 28.125863384921104
leaf_count=11842 21 203 473 212 23 147 63 56 25 22 188 102 228 230
internal_value=0.000825995 -0.00220549 -0.00747387 0.00492683 -0.0133091 0.0136458 0.00334645 0.00748783 -0.00852436 0.00139518 -0.0107954 -0.0176676 -0.0145376 0.0034567
internal_weight=1034.81 140.748 72.0406 23.1017 48.9389 6.5153 68.7073 51.2106 17.4967 11.4074 7.02226 42.4236 38.9818 43.7577
internal_count=13835 1993 1206 685 521 170 787 489 298 235 213 351 330 433
is_linear=0
shrinkage=0.03


Tree=356
num_leaves=15
num_cat=0
split_feature=6 7 2 6 0 5 5 1 5 1 1 5 7 2
split_gain=3.29414 4.23156 4.8335 4.37884 4.71263 4.63068 4.09732 5.72831 5.52149 4.40291 4.95422 3.88399 7.13491 5.01359
threshold=7.4500000000000011 22.650000000000006 35.310000000000009 7.0500000000000016 18.580000000000009 20.211750030517582 497.24102783203131 -5.0199999999999934 103.47106170654298 -3.719999999999994 2.6200000000000037 276.22181701660162 11.650000000000004 31.130000000000006
decision_type=2 2 2 2 2 2 2 2 2 2 2 2 2 2
left_child=1 -1 3 -3 5 -5 7 8 -7 -9 -11 12 -2 -13
right_child=11 2 -4 4 -6 6 -8 9 -10 10 -12 13 -14 -15
leaf_value=-0.0055920264527947027 -0.026640814407807165 0.0001243065565613586 0.026854399989364532 0.01151119937023848 0.018787614065757401 0.016837851498897841 0.00048812644435724601 -0.060410653085130606 -0.016516630148690589 0.001346937861448471 -0.035306235549161756 -0.0063850506755080329 0.0024250287001282306 0.012876900963319754
leaf_weight=171.98834769707173 7.9118399003054938 663.13991298631299 4.8219159645959726 6.7347774030640712 4.4617814766243091 5.1980270743370047 13.415091429022139 3.1130803972482637 15.686588117387144 5.3466056063771301 7.454645611345768 15.019334419397635 50.859721126034856 53.068951643072069
leaf_count=2879 510 7662 100 55 31 24 175 19 96 70 47 455 532 1082
internal_value=-0.000735645 -0.00137355 -0.000372528 -0.000590487 -0.00818747 -0.0105886 -0.0137196 -0.0187749 -0.00782489 -0.0318326 -0.0210092 0.00377209 -0.00186807 0.00859706
internal_weight=1028.22 901.361 729.372 724.551 61.4106 56.9488 50.214 36.7989 20.8846 15.9143 12.8013 126.86 58.7716 68.0883
internal_count=13737 11158 8279 8179 517 486 431 256 120 136 117 2579 1042 1537
is_linear=0
shrinkage=0.03


Tree=357
num_leaves=15
num_cat=0
split_feature=8 8 7 4 1 0 0 7 7 2 8 4 1 0
split_gain=2.00425 5.7789 5.26043 4.49331 5.0229 3.96733 5.49899 3.51783 4.00598 5.67161 3.50061 4.18213 3.11974 4.23475
threshold=36.550000000000004 34.350000000000009 22.050000000000004 64.581745353123125 -9.0299999999999958 20.449166666666674 22.530833333333337 28.850000000000005 21.050000000000004 31 33.650000000000013 70.702656576716251 19.47000000000001 22.895000000000007
decision_type=2 2 2 2 2 2 2 2 2 2 2 2 2 2
left_child=1 10 -3 -4 -5 7 -7 8 -2 -10 12 -12 13 -1
right_child=5 2 3 4 -6 6 -8 -9 9 -11 11 -13 -14 -15
leaf_value=9.4916100672655729e-05 -0.0042121893872747269 -0.0024962292484462896 0.04189597097350585 -0.019348116815719692 0.018810959848215354 0.038225833489992686 -0.01928680777451169 0.0065174382604165195 -0.043078521614229009 -0.0054190204539223711 -0.025759713273614739 0.0066815940101031925 0.024428444634060034 -0.02516931491994006
leaf_weight=916.76720813731663 20.010968747083098 14.40964073082432 5.5215304647572365 3.0158201737795052 14.556076889159156 2.9812109167687586 1.6214033325668422 9.8711724872700852 6.6759515542071295 7.4001152394339442 9.0565887052798626 5.0161178582347921 3.7022771476767948 5.0102587091969317
leaf_count=10817 162 248 34 27 192 49 270 121 68 43 108 101 153 1295
internal_value=-1.0401e-05 0.000287851 0.0116792 0.0202608 0.0115727 -0.00589604 0.0181391 -0.00876011 -0.013244 -0.0249527 -0.000178779 -0.0145201 5.47299e-05 -6.95327e-05
internal_weight=1025.62 977.056 37.5031 23.0934 17.5719 48.5608 4.60261 43.9582 34.087 14.0761 939.552 14.0727 925.48 921.777
internal_count=13688 12975 501 253 219 713 319 394 273 111 12474 209 12265 12112
is_linear=0
shrinkage=0.03


Tree=358
num_leaves=15
num_cat=0
split_feature=8 5 3 3 7 7 3 3 6 6 4 1 4 7
split_gain=2.27079 1.89207 3.40976 3.76573 2.56978 2.79703 2.53936 7.52968 6.38059 5.1753 9.67009 7.17123 4.76165 19.0524
threshold=46.550000000000004 5.5488803386688241 3.1034855738918377 2.880236053890159 26.650000000000006 20.850000000000005 2.7665392494818257 2.7746921077691069 5.2500000000000009 6.7500000000000009 65.553312650190989 1.8000000000000045 70.814681664685949 51.650000000000013
decision_type=2 2 2 2 2 2 2 2 2 2 2 2 2 2
left_child=1 2 3 4 5 -1 8 -8 -3 10 -9 -11 13 -10
right_child=-2 6 -4 -5 -6 -7 7 9 12 11 -12 -13 -14 -15
leaf_value=-0.0084180998575448269 -0.0212337391968139 -0.02401443487825982 0.013429837616354471 -0.022581811164072464 -0.0089769243975786079 0.027777382942117252 0.021696970733597824 -0.011169424974646232 -0.00043423689337769811 0.016920337771123298 0.0018103336605098637 -0.00097666609579578727 0.0058658394055033569 -0.034123051290411321
leaf_weight=2.7025569713441717 3.3380880064796647 9.6276503599947301 5.8433303481433532 11.8826710016001 12.948099350323899 3.5238291705027223 15.99726882856339 57.546315615763888 290.72293812758289 41.666269971057773 438.11230683082249 37.98648234794382 83.254065038170666 14.938377546612172
leaf_count=40 74 160 174 213 182 21 154 703 3719 551 5825 760 1021 158
internal_value=0.000426994 0.000518008 -0.00606136 -0.0100331 -0.00152269 0.0130759 0.000769149 0.00201525 -0.00108008 0.00143128 0.00028392 0.00847895 -0.000452206 -0.00218659
internal_weight=1030.09 1026.75 36.9005 31.0572 19.1745 6.22639 989.852 591.309 398.543 575.311 495.659 79.6528 388.915 305.661
internal_count=13755 13681 630 456 243 61 13051 7993 5058 7839 6528 1311 4898 3877
is_linear=0
shrinkage=0.03


Tree=359
num_leaves=15
num_cat=0
split_feature=0 1 1 2 0 6 2 7 4 1 4 1 1 4
split_gain=3.18601 6.36639 6.21863 8.40739 6.74127 6.62756 6.64211 7.12015 10.5783 7.49125 7.61881 5.93001 5.73486 5.09942
threshold=13.552083333333337 -0.53999999999999615 -6.4599999999999964 17.030000000000005 10.727500000000004 5.6500000000000012 29.640000000000004 77.750000000000014 74.392782427009948 -1.659999999999995 75.161808487174852 -8.6299999999999955 -4.5099999999999953 82.084370064790633
decision_type=2 2 2 2 2 2 2 2 2 2 2 2 2 2
left_child=2 11 3 13 -5 6 7 8 -4 -9 -11 -2 -10 -1
right_child=1 -3 5 4 -6 -7 -8 9 12 10 -12 -13 -14 -15
leaf_value=0.028016468483729122 0.030136482775632467 -0.0014156216249567627 0.0025853951847733228 -0.0018563700005085793 -0.01763750072406671 0.0061837137483776346 0.02573427012338458 0.015741496443692819 -0.052338003939587791 -0.036845020978444158 0.00092697096577666485 -0.016961014368585749 -0.017040307786738249 -0.021153687343921226
leaf_weight=11.077957909903487 1.6687646573409427 267.40043975773733 22.834403090178967 331.41556383855641 25.330912578850985 240.76094813132659 5.9063204191625109 22.615696538239717 4.7198190912604359 5.1015937179327038 22.417879043146968 37.393302442971617 22.901626767590642 1.4963751784525801
leaf_count=238 28 4727 163 3455 295 3279 36 310 37 33 222 578 304 26
internal_value=-0.000537402 -0.00309214 0.000557978 -0.00214928 -0.00302308 0.00343514 -0.00277834 -0.00468932 -0.0125357 0.00329794 -0.00712165 -0.0142469 -0.0246897 0.0210378
internal_weight=1023.04 306.463 716.579 369.321 356.746 347.258 106.497 100.591 50.4558 50.1352 27.5195 39.0621 27.6214 12.5743
internal_count=13731 5333 8398 4014 3750 4384 1105 1069 504 565 255 606 341 264
is_linear=0
shrinkage=0.03


Tree=360
num_leaves=15
num_cat=0
split_feature=8 2 3 8 5 4 7 7 1 5 5 2 4 3
split_gain=2.07604 1.67052 8.10359 13.324 6.35824 6.17922 5.83566 5.68529 16.8647 15.7474 9.6431 9.14242 9.6598 12.6094
threshold=47.850000000000016 25.900000000000006 2.7381381513186649 22.550000000000004 113.99826812744142 70.201618120264655 46.050000000000004 63.050000000000004 -2.719999999999994 408.25686645507818 1278.965759277344 23.690000000000008 80.120348460262775 2.8629955138915615
decision_type=2 2 2 2 2 2 2 2 2 2 2 2 2 2
left_child=1 2 3 -1 5 -5 -6 8 9 11 -10 -4 13 -13
right_child=-2 -3 7 4 6 -7 -8 -9 10 -11 -12 12 -14 -15
leaf_value=-0.03032181747709474 -0.025065331891119078 0.0012998517999966615 -0.055153910783560245 -0.017504426927974583 0.0053309429814403413 0.025437825728116766 -0.019339426175990212 0.0048350880751536762 0.010929490504064039 0.0011043027264766769 -0.026006398346457214 -0.010172184139155457 0.0050398423269612785 -0.060585086133116889
leaf_weight=20.159545850241557 1.889850684092379 655.3463514422765 7.482257201569154 3.2821465507149687 14.671021851710973 10.590296733658759 18.812080360483378 155.73863089014776 60.610762100666761 33.541446235729381 6.1405904544517389 11.786845349706715 10.102557636797426 6.728743325918912
leaf_count=549 53 8563 123 18 237 84 205 1796 1471 394 68 108 72 51
internal_value=0.000327008 0.000398911 -0.00124183 -0.0105281 -0.00164898 0.0147841 -0.00868869 0.000932929 -0.00352546 -0.0137602 0.00719798 -0.0272286 -0.0183118 -0.0306584
internal_weight=1016.88 1014.99 359.647 67.5151 47.3555 13.8724 33.4831 292.132 136.393 69.6418 66.7514 36.1004 28.6181 18.5156
internal_count=13792 13739 5176 1093 544 102 442 4083 2287 748 1539 354 231 159
is_linear=0
shrinkage=0.03


Tree=361
num_leaves=15
num_cat=0
split_feature=5 8 3 4 8 7 8 1 3 3 8 8 3 5
split_gain=3.84001 5.95889 2.77699 3.51404 2.02427 5.21918 6.09154 7.08127 4.842 4.49335 4.4426 6.69865 6.51383 9.25478
threshold=2137.5385742187505 13.750000000000002 3.0620815993800359 39.528311884913158 25.550000000000004 33.250000000000007 26.350000000000005 5.4000000000000048 3.0352215459756287 3.4484401491963586 24.450000000000006 23.650000000000006 2.711748194629235 445.88070678710943
decision_type=2 2 2 2 2 2 2 2 2 2 2 2 2 2
left_child=4 -2 3 -3 9 6 7 -6 -8 10 11 12 13 -1
right_child=1 2 -4 -5 5 -7 8 -9 -10 -11 -12 -13 -14 -15
leaf_value=-0.020325306703556475 0.039411219046491329 0.0078194800911460197 0.0057024043030945472 -0.028776031339998842 0.018346357666143509 0.00566521310914636 -0.0010861282002168349 -0.028474025288051485 -0.016788537867143443 -0.036693978563577812 -0.0085494354946651085 0.011137629246251569 0.00071925326627915508 0.00096757834901115719
leaf_weight=33.7159358933568 0.88015330745838838 2.4164274273207438 3.4157739621587089 12.427825245074926 22.701737754279751 183.69361506169662 230.84258021740243 2.4095648932270697 18.157446424942464 2.1458677547052494 57.338594567263499 44.754675686708651 363.21423746470828 38.836922775721177
leaf_count=613 31 152 21 330 233 1861 2708 97 1013 27 742 564 4454 829
internal_value=3.98266e-05 -0.0129296 -0.0173678 -0.0227013 0.000301305 0.00176687 -0.00085667 0.0129353 -0.00229374 -0.000942138 -0.00073167 0.000217008 -0.000927507 -0.00906922
internal_weight=1016.95 19.1402 18.26 14.8443 997.811 457.805 274.111 25.1113 249 540.006 537.86 480.522 435.767 72.5529
internal_count=13675 534 503 482 13141 5912 4051 330 3721 7229 7202 6460 5896 1442
is_linear=0
shrinkage=0.03


Tree=362
num_leaves=15
num_cat=0
split_feature=2 1 5 1 8 1 4 0 5 2 8 0 8 5
split_gain=2.72876 3.59208 3.45777 3.72471 1.81795 1.81411 5.87794 5.66934 5.6141 5.56773 4.30746 4.25929 5.23654 6.49322
threshold=39.050000000000018 5.4000000000000048 460.74885559082037 -0.35999999999999793 26.250000000000004 6.0400000000000036 73.913375157659104 18.735000000000003 4.7462420463562021 34.230000000000011 43.95000000000001 19.353750000000005 26.150000000000006 23.867601394653324
decision_type=2 2 2 2 2 2 2 2 2 2 2 2 2 2
left_child=5 2 3 4 -2 7 9 -1 -9 11 -11 12 -7 -14
right_child=1 -3 -4 -5 -6 6 -8 8 -10 10 -12 -13 13 -15
leaf_value=-0.00081889668630314295 0.02376968887648008 -0.01917397185356377 0.0012934517656039727 0.051671938484035992 -0.017380826760200526 0.01643980269110118 -0.01010777299252761 0.031573313128574337 -0.02319217216274401 -0.022181998419801084 0.034581640497086938 0.02821947716842519 0.019079676812661372 -0.017538085421828612
leaf_weight=919.92426508304197 0.7119118534028529 1.7484460535924871 4.9494143624324352 3.0804571275366452 1.2193666603416202 22.415237242821604 19.905341828707606 1.0095690321177269 15.270228196633978 6.829546940396539 0.50476553349290032 10.497657288098706 5.7038874775171307 11.607373657636343
leaf_count=10277 6 581 145 112 42 121 683 21 532 693 23 417 23 77
internal_value=-0.00060097 0.0132151 0.0201309 0.0354244 0.000722273 -0.000773436 0.00361 -0.0011396 -0.0181653 0.00844559 -0.0145948 0.0120295 0.00716341 -0.00508983
internal_weight=1025.38 11.7096 9.96115 5.01174 1.93128 1013.67 77.4638 936.204 16.2798 57.5585 7.33431 50.2242 39.7265 17.3113
internal_count=13753 886 305 160 48 12867 2037 10830 553 1354 716 638 221 100
is_linear=0
shrinkage=0.03


Tree=363
num_leaves=15
num_cat=0
split_feature=8 2 3 8 5 0 0 2 6 6 0 4 8 8
split_gain=2.82805 2.31388 3.43257 4.25314 5.68603 3.88121 2.16998 5.3953 4.81347 5.49676 4.1449 3.51895 5.62485 5.45501
threshold=46.550000000000004 37.130000000000017 2.6396358757844824 30.250000000000004 678.38827514648449 25.474583333333335 20.617083333333337 35.410000000000011 7.3500000000000014 6.0500000000000016 19.635416666666671 74.20064040332548 31.450000000000006 29.950000000000006
decision_type=2 2 2 2 2 2 2 2 2 2 2 2 2 2
left_child=1 6 3 4 -3 -4 10 8 9 11 -1 13 -13 -8
right_child=-2 2 5 -5 -6 -7 7 -9 -10 -11 -12 12 -14 -15
leaf_value=-0.0002283177191528848 -0.026367087321923256 0.027936099230572262 0.026494437663356896 -0.020537110988320968 -0.013086272536685895 -0.017650812741005342 0.056043776459915519 -0.022769824894078347 0.048633333418459525 -0.022929559709161065 -0.022985212174366901 -0.024335287503995728 0.027604065558997325 -0.01514091993657125
leaf_weight=980.96034532843623 2.6651834436925119 5.8203724061604607 10.198088996345176 5.3103091174270949 4.6727704254444689 1.4132981812581409 2.5784522693138592 2.8051485265605143 2.5062457988969973 2.9566351778339586 6.2568231900222591 2.6648648711852729 2.8551273830235004 0.83916879352182139
leaf_count=10623 64 427 173 256 194 414 195 391 48 312 245 223 106 75
internal_value=-6.15699e-05 3.18389e-05 0.00847424 -0.000791286 0.010119 0.0201477 -0.000206788 0.0100567 0.0175145 0.00769421 -0.000395661 0.0191127 0.00264289 0.0390942
internal_weight=1034.5 1031.84 27.4148 15.8035 10.4931 11.6114 1004.42 17.2056 14.4005 11.8942 987.217 8.93761 5.51999 3.41762
internal_count=13746 13682 1464 877 621 587 12218 1350 959 911 10868 599 329 270
is_linear=0
shrinkage=0.03


Tree=364
num_leaves=15
num_cat=0
split_feature=5 0 4 8 6 0 0 7 3 4 8 3 4 5
split_gain=1.69449 1.60665 4.48525 4.16185 9.29505 7.58264 4.77251 6.63042 7.31431 5.75949 6.00304 5.49826 4.37402 4.25871
threshold=3933.8288574218755 15.087083333333338 74.280880055051654 18.950000000000006 6.3500000000000014 18.15666666666667 18.15666666666667 23.250000000000004 2.7494038983908173 73.720931378400635 38.850000000000016 2.6288383180679502 64.919325809788504 127.49544525146486
decision_type=2 2 2 2 2 2 2 2 2 2 2 2 2 2
left_child=1 -1 3 4 5 -3 -5 8 11 10 -10 -8 -9 -6
right_child=-2 2 -4 6 13 -7 7 12 9 -11 -12 -13 -14 -15
leaf_value=0.0011447739060298186 -0.021281093374384136 0.030190883601001185 -0.014078654680619118 -0.005679490619704082 -0.037548608442723418 -0.018722767125351182 -0.0052430246236724112 0.032729810734861413 -0.027996076653651402 0.045883495693458197 0.016132460748009305 0.021461069912694797 0.0061434114035289252 0.00071591870194209013
leaf_weight=787.12071845983155 2.2266514856601125 15.901206188835209 22.618998785037547 115.70726740686223 2.781785152736119 2.7256055388133964 14.146867477102207 8.5952516405377555 14.623093631817033 0.3225078348768865 2.6853299934882662 12.059462992008774 14.710954677546395 8.3870386942289752
leaf_count=8911 223 90 688 954 69 161 798 89 907 43 139 133 305 239
internal_value=0.000426666 0.000494692 -0.00167591 -0.00029692 0.00991141 0.0224442 -0.00200524 0.00431698 -0.00259596 -0.0170282 -0.0206425 0.00738264 0.0168916 -0.011117
internal_weight=1024.61 1022.39 235.265 212.646 29.7956 18.6268 182.851 67.1435 43.8373 17.6309 17.3084 26.2063 23.3062 11.1688
internal_count=13749 13526 4615 3927 559 251 3368 2414 2020 1089 1046 931 394 308
is_linear=0
shrinkage=0.03


Tree=365
num_leaves=15
num_cat=0
split_feature=8 2 2 3 8 8 5 5 4 4 5 2 0 4
split_gain=2.91118 4.82805 3.66749 3.50772 2.63339 4.38606 3.16456 6.29112 2.81815 2.55441 2.47467 5.28702 7.06631 6.53255
threshold=6.9500000000000011 22.350000000000012 17.550000000000008 2.8156640673439983 9.9500000000000011 10.250000000000002 179.1347351074219 163.37332916259768 71.523103026453512 80.90818231986232 86.323806762695327 33.730000000000011 20.617083333333337 77.704207941289525
decision_type=2 2 2 2 2 2 2 2 2 2 2 2 2 2
left_child=1 2 -1 -3 6 -6 7 -2 -8 -4 11 12 -7 -14
right_child=4 3 9 -5 5 10 8 -9 -10 -11 -12 -13 13 -15
leaf_value=-0.019839259837564877 0.008455369916649573 -0.0057734218558462402 0.026459527766350931 -0.049332004278096232 -0.026153292242600809 0.0037320759074416393 -0.0065369666914921552 -0.032276783448103696 0.024650760317671206 -0.0095508395211789509 -0.00027596321355571814 -0.011445103893971695 0.046929501390585562 -0.018438523887162259
leaf_weight=3.4069849997758883 16.84877510427032 3.3717813235707572 4.1777047906070948 2.9901735575404018 4.5832923625130197 184.39446293993387 2.8096348139224565 3.2198632480576626 11.980392835335804 2.0595235386863351 768.95380817924161 18.683052283711731 5.13863526796922 1.1853563308250157
leaf_count=21 252 42 38 107 53 2331 31 33 101 39 9871 658 143 53
internal_value=0.000448366 -0.0118625 0.00191158 -0.0301664 0.000653424 0.000361729 0.00863912 0.000698402 0.0186873 0.0148922 0.000512522 0.00339551 0.00490143 0.0338324
internal_weight=1033.8 16.0062 9.64421 6.36195 1017.8 982.939 34.8587 20.0686 14.79 6.23723 978.355 209.402 190.718 6.32399
internal_count=13773 247 98 149 13526 13109 417 285 132 77 13056 3185 2527 196
is_linear=0
shrinkage=0.03


Tree=366
num_leaves=15
num_cat=0
split_feature=4 7 2 6 2 1 0 4 3 0 4 1 7 3
split_gain=2.43214 2.25501 4.34379 4.29416 4.7952 3.28651 2.7745 2.56896 8.61195 6.77276 5.38181 4.1532 7.76172 2.56091
threshold=86.085062248403489 137.85000000000005 16.430000000000007 5.3500000000000014 22.750000000000011 -9.2099999999999955 4.2775000000000043 81.203787375263644 3.0424494744286918 7.4983333333333375 80.783803873571614 1.8000000000000045 67.050000000000026 2.7606034007223066
decision_type=2 2 2 2 2 2 2 2 2 2 2 2 2 2
left_child=1 2 6 4 13 -6 -1 10 -9 -10 -4 -11 -13 -3
right_child=-2 3 7 -5 5 -7 -8 8 9 11 -12 12 -14 -15
leaf_value=0.027079310860899958 -0.021055903247539028 -0.022492894746914256 -0.0001910850355069552 -0.026219602550555728 -0.033611000134243514 0.010140399323106388 -0.013658560132837288 0.020320184656863371 -0.039794825125716721 0.018160296183406949 -0.025958893045883689 0.024305864006590346 -0.036431858084511645 0.0052491735991580411
leaf_weight=7.1842059721238893 4.057095796801149 2.3259247428504741 926.00385561725125 7.2891806215047827 5.2008229927159846 1.5415775631554414 1.1966591826640067 20.09364150557667 3.5527446102350977 6.4715035893022996 6.3529452385846517 2.226843417622149 3.8624195912852883 29.983587758848444
leaf_count=196 104 67 11900 95 61 21 22 601 27 75 137 93 44 292
internal_value=-0.000302046 -0.000199285 0.000110465 -0.00659372 -0.0023673 -0.02359 0.0204266 -8.6215e-05 0.00764423 -0.00842648 -0.000394287 0.00272617 -0.0139247 0.00263674
internal_weight=1027.34 1023.29 976.945 46.3411 39.0519 6.7424 8.38087 968.564 36.2072 16.1135 932.357 12.5608 6.08926 32.3095
internal_count=13735 13631 13095 536 441 82 218 12877 840 239 12037 212 137 359
is_linear=0
shrinkage=0.03


Tree=367
num_leaves=15
num_cat=0
split_feature=6 7 3 8 7 3 8 7 4 7 4 1 7 6
split_gain=2.86805 4.26053 4.00622 3.81008 3.80706 3.60264 5.66712 3.45422 2.22214 2.05325 6.62088 2.67489 4.67004 2.30338
threshold=4.7500000000000009 139.95000000000002 3.0556573214048552 6.9500000000000011 176.35000000000005 3.0620815993800359 22.050000000000004 206.15000000000006 79.96628907109077 108.45000000000002 73.054532503963131 -8.0599999999999934 112.95000000000002 4.8500000000000014
decision_type=2 2 2 2 2 2 2 2 2 2 2 2 2 2
left_child=2 3 -1 -2 -4 8 7 -7 -3 -5 -11 12 -12 -14
right_child=1 5 4 9 -6 6 -8 -9 -10 10 11 -13 13 -15
leaf_value=0.017391849262520298 -0.018984574818400848 -0.03011972068887395 -0.024383790901018495 0.00054357954395553294 0.016531411226249008 0.017505788864730403 -0.032160374429023968 -0.016175534299809648 -0.0072630840544994487 -0.027222477031190476 0.033088930609457799 0.022563049730796175 0.013444556667706688 -0.012094755562274184
leaf_weight=18.254643174586821 7.8382583197671911 8.1407054942101293 4.1031132908537975 934.11346463428345 2.5292209275066853 9.6701634265482408 2.8104906152002505 2.8163510560989371 8.0254350746981782 3.2615889278240529 2.8743841287214353 12.975051064975556 3.6975009660236529 9.0801654533715901
leaf_count=245 167 135 68 12523 31 69 21 21 126 22 27 188 34 149
internal_value=0.000523367 0.000269211 0.010383 0.000624989 -0.00865924 -0.0104228 0.000154096 0.00927283 -0.019857 0.000803571 0.0081714 0.0129867 0.00416993 -0.00426497
internal_weight=1030.19 1005.3 24.887 973.84 6.63233 31.4631 15.297 12.4865 16.1661 966.002 31.8887 28.6271 15.6521 12.7777
internal_count=13826 13482 344 13110 99 372 111 90 261 12943 420 398 210 183
is_linear=0
shrinkage=0.03


Tree=368
num_leaves=15
num_cat=0
split_feature=3 2 6 8 1 6 1 4 2 2 6 3 8 2
split_gain=3.02974 6.68427 5.1798 5.15076 4.01241 3.10604 5.88831 5.34514 4.35255 3.46921 3.39853 3.258 4.26578 2.79949
threshold=3.1296479655739806 18.390000000000011 5.1500000000000012 14.050000000000002 -9.4199999999999928 5.9500000000000011 1.340000000000005 81.359772279836577 33.730000000000011 28.580000000000002 6.6500000000000012 3.2049199751550943 25.650000000000006 24.490000000000013
decision_type=2 2 2 2 2 2 2 2 2 2 2 2 2 2
left_child=-1 -2 3 -3 -5 6 -4 8 11 -7 -11 12 -8 -14
right_child=1 2 5 4 -6 9 7 -9 -10 10 -12 -13 13 -15
leaf_value=0.00080537305835368892 0.011735589585407248 0.0051262567520285541 -0.01909767056481472 0.0065473916661293414 -0.039827056414252771 0.024090270321713281 0.013200716621447594 -0.029121065208800791 -0.02413473651795137 -0.022303234744301546 0.019845792322032124 0.021105995802207591 0.012183947535026576 -0.034787619861584303
leaf_weight=928.14329918823205 16.973362013697624 3.9385769837535909 21.633224191144109 1.6830520797520865 9.8117936302442086 5.599004000425337 6.4188824223820209 3.439817121718078 2.6992895038565612 3.6028073831694201 1.8170842162799088 11.962973082205279 1.0190676078200342 2.9548518508672714
leaf_count=12053 123 48 220 9 195 46 96 46 208 236 176 227 7 77
internal_value=0.000285005 -0.00483146 -0.00860734 -0.0235933 -0.0330564 -0.00450613 -0.00767218 0.00135541 0.00649662 0.00933709 -0.00728209 0.0110701 -0.00132058 -0.0227144
internal_weight=1021.7 93.5538 76.5804 15.4334 11.4948 61.147 50.1281 28.4949 25.0551 11.0189 5.41989 22.3558 10.3928 3.97392
internal_count=13767 1714 1591 252 204 1339 881 661 615 458 412 407 180 84
is_linear=0
shrinkage=0.03


Tree=369
num_leaves=15
num_cat=0
split_feature=1 1 6 0 1 8 6 2 0 0 1 4 4 4
split_gain=2.35716 5.31264 6.01346 5.21209 4.47817 4.30305 4.36839 12.8328 7.11531 8.34359 6.85682 8.48455 7.72548 6.62418
threshold=2.200000000000002 3.7000000000000046 6.7500000000000009 15.61791666666667 2.0400000000000054 43.95000000000001 6.3500000000000014 29.060000000000009 18.15666666666667 21.34500000000001 5.0000000000000044 67.415453573354412 58.878146130194132 67.667472815236394
decision_type=2 2 2 2 2 2 2 2 2 2 2 2 2 2
left_child=4 2 3 -2 -1 6 -3 -8 10 13 12 -12 -9 -10
right_child=1 5 -4 -5 -6 -7 7 8 9 -11 11 -13 -14 -15
leaf_value=0.00077376776641324024 -0.010305415899678169 0.0055842079858432099 0.00022722873991751951 -0.037069880534214887 0.022216081364580826 0.036062430881518344 -0.035830975823541618 -0.030605407653207944 0.019905923267940297 -0.021559175367423234 -0.040220894881110192 -0.0026768396594323229 0.011240769198696326 -0.009212008549051064
leaf_weight=792.22286277764942 22.769237553700808 65.838691894896328 27.609153646277264 8.974000549875198 7.8662026603706172 1.9784234113758419 9.4236033950000984 4.0301032308489111 29.102140334201977 6.45468190324027 9.6778736561536807 11.30797143280506 17.932206898927689 8.5210297466255707
leaf_count=9283 327 1408 352 157 105 84 99 28 289 1434 48 52 93 49
internal_value=0.000250754 -0.00246548 -0.0100772 -0.0187729 0.00101205 0.000329122 -0.000324679 -0.00437413 -0.000599477 0.00778179 -0.00918254 -0.0210326 0.00256351 0.0132434
internal_weight=1023.71 223.619 59.3524 31.7432 800.089 164.267 162.288 96.4496 87.026 44.0779 42.9482 20.9858 21.9623 37.6232
internal_count=13808 4420 836 484 9388 3584 3500 2092 1993 1772 221 100 121 338
is_linear=0
shrinkage=0.03


Tree=370
num_leaves=15
num_cat=0
split_feature=1 3 2 1 8 7 3 1 3 7 1 5 2 2
split_gain=4.32491 5.47384 16.6323 8.80838 9.62213 5.96895 7.13721 5.65864 4.28712 9.56901 6.32538 6.60447 4.8765 6.1836
threshold=2.2600000000000042 2.8052289133514718 29.550000000000001 3.7000000000000046 19.950000000000006 51.650000000000013 3.1222027387990035 8.8300000000000036 3.1296479655739806 54.250000000000007 -0.59999999999999842 678.38827514648449 37.670000000000016 32.570000000000014
decision_type=2 2 2 2 2 2 2 2 2 2 2 2 2 2
left_child=8 2 -2 5 -5 -3 -7 -4 10 -10 -1 12 13 -12
right_child=1 3 7 4 -6 6 -8 -9 9 -11 11 -13 -14 -15
leaf_value=0.00065759519878576538 -0.039178397622815872 -0.0037149880240290667 -0.0054261178486289851 0.021876250204427867 -0.00011559265974250232 -0.05503102017499184 -0.0065220787343082719 0.030195712671297247 -0.026335078960733341 0.0011221970505838987 0.014151622743487512 -0.0037687657575113977 0.044837120067091403 -0.0056560512871911741
leaf_weight=622.33321798406541 12.974038975313304 26.553739057853818 74.957143205218017 22.836729261442088 71.920424657058902 4.3901905417442304 6.1608288399875164 3.2485348486807188 14.978853659704326 39.802891426719725 73.693211234174669 31.488441698485985 2.9943314726697272 16.92963080201298
leaf_count=6685 116 432 1192 321 2028 64 48 187 207 291 1660 369 26 193
internal_value=0.000275903 -0.00341012 -0.00901874 0.000506813 0.00535761 -0.0116965 -0.029723 -0.0035839 0.0013037 -0.00672291 0.00190019 0.00802718 0.0119927 0.0104299
internal_weight=1025.26 223.042 91.1797 131.862 94.7572 37.1048 10.551 78.2057 802.221 54.7817 747.439 125.106 93.6172 90.6228
internal_count=13819 4388 1495 2893 2349 544 112 1379 9431 498 8933 2248 1879 1853
is_linear=0
shrinkage=0.03


Tree=371
num_leaves=15
num_cat=0
split_feature=2 1 1 1 8 7 0 5 5 8 2 5 5 8
split_gain=2.67046 4.28231 2.95706 2.82169 8.63551 3.13365 3.08302 3.20892 2.76663 2.76596 2.56725 3.5589 2.43239 6.84213
threshold=38.530000000000015 5.4000000000000048 -0.35999999999999793 8.6300000000000043 28.450000000000006 33.750000000000007 19.478750000000005 4.7462420463562021 46.776163101196296 32.850000000000009 31.530000000000001 12.823606967926027 5.5488803386688241 26.850000000000005
decision_type=2 2 2 2 2 2 2 2 2 2 2 2 2 2
left_child=3 2 8 6 -5 10 12 -8 -2 -4 -6 -12 13 -1
right_child=1 -3 9 4 5 -7 7 -9 -10 -11 11 -13 -14 -15
leaf_value=-0.021324024413110196 0.027537165900470398 -0.020286679357490879 0.039949709267876873 -0.012063622153581276 -0.0041602883219403995 0.0045166790587641038 0.026826004746122942 -0.017694465073892281 -0.021346549989833638 0.006014952922889243 -0.012360039013944692 0.047487535898725279 0.0005872190464320077 0.005862405915383985
leaf_weight=15.552366759162398 0.59778480604291084 2.0571378672029814 5.2713613287778536 8.3240311001427489 1.0824135716538856 4.6959308811929068 0.7385493591427793 12.823515395633875 2.0947987819090486 3.9253838177537546 0.60467173904180516 6.5386606105603278 950.73602996696718 16.097595920786262
leaf_count=259 5 678 211 593 70 126 30 654 78 43 102 465 10286 170
internal_value=0.000529974 0.0131189 0.0200243 0.000344656 0.0109118 0.0255157 0.000108517 -0.0135943 -0.00597544 0.0274759 0.0357147 0.0415258 0.00031132 -0.00774059
internal_weight=1031.14 13.9465 11.8893 1017.19 21.2457 12.9217 995.948 13.5621 2.69258 9.19675 8.22575 7.14333 982.386 31.65
internal_count=13770 1015 337 12755 1356 763 11399 684 83 254 637 567 10715 429
is_linear=0
shrinkage=0.03


Tree=372
num_leaves=15
num_cat=0
split_feature=6 3 5 5 6 2 2 2 5 4 1 0 3 1
split_gain=2.66849 4.79834 2.27138 2.45312 4.79865 4.92798 4.79673 5.59158 9.34805 7.01648 5.68556 5.31877 6.97266 9.76201
threshold=8.0500000000000025 2.1108253087514872 3470.7541503906255 284.63710021972662 4.6500000000000012 17.030000000000005 16.430000000000007 31.780000000000001 348.63291931152349 39.528311884913158 6.770000000000004 11.963333333333336 2.8444212543566132 -6.8099999999999969
decision_type=2 2 2 2 2 2 2 2 2 2 2 2 2 2
left_child=2 -2 3 4 -1 -6 -5 8 -8 -10 -9 12 -11 -14
right_child=1 -3 -4 6 5 -7 7 10 9 11 -12 -13 13 -15
leaf_value=0.019785357186257239 0.010411011147744809 -0.028699078947189517 -0.022934222983989058 0.020542239091426613 -0.028131042542689465 -0.0010191431386086052 0.011742653882068532 0.0056952098163521991 0.037678702263814118 -0.0077528726876853879 0.037123651084021131 -0.010517205744367117 -0.011881014937029682 0.0094531089523120504
leaf_weight=8.8776987344026548 3.8683897295268235 6.477969684638083 2.8111136478837571 11.259160034824161 5.0990432702237731 583.95413125341292 45.247054382925853 100.65317219134886 2.7766786785796276 73.595842357026413 4.5193955642171195 69.4918446643278 24.607602403732017 78.069298150017858
leaf_count=172 377 320 236 68 52 7762 462 1114 41 917 488 841 275 699
internal_value=2.04497e-05 -0.0144475 0.000182647 0.000269768 -0.00095552 -0.00130111 0.00205371 0.00148189 -0.000648395 -0.00294221 0.00738266 -0.00355198 -0.000762247 0.00427488
internal_weight=1021.31 10.3464 1010.96 1008.15 597.931 589.053 410.22 398.961 293.788 248.541 105.173 245.765 176.273 102.677
internal_count=13824 697 13127 12891 7986 7814 4905 4837 3235 2773 1602 2732 1891 974
is_linear=0
shrinkage=0.03


Tree=373
num_leaves=15
num_cat=0
split_feature=8 3 7 2 8 0 2 3 4 3 1 8 7 4
split_gain=3.16296 3.61853 2.81917 3.14701 4.02504 4.13761 5.69452 3.98773 3.69846 3.3166 3.22728 2.0076 5.82992 4.32447
threshold=44.45000000000001 2.7973506512180744 137.85000000000005 22.750000000000011 21.750000000000004 8.9187500000000046 18.710000000000012 2.8249844571431795 81.533337539902803 3.2223236039529959 -9.6099999999999941 32.750000000000007 25.250000000000004 60.845749082720452
decision_type=2 2 2 2 2 2 2 2 2 2 2 2 2 2
left_child=2 -2 11 4 5 6 9 8 -8 -4 -5 -1 -13 -14
right_child=1 -3 3 10 -6 -7 7 -9 -10 -11 -12 12 13 -15
leaf_value=0.00078713858952402286 -0.033950590415876072 0.0061439402984693262 -0.028723555774655407 -0.037527790385158251 -0.027245679350980632 0.023473626649498359 -0.021243255670952428 0.02265864356891293 0.01353849567331426 0.0014302097661779323 0.00039251154592616892 -0.010137950071409064 0.0266258545051677 0.00046071448038338317
leaf_weight=856.00046755152289 4.2024919111281624 2.8830090134870261 8.2297746900003421 4.4783804605249316 4.5171650811098507 4.8411184437572947 4.9695543248672056 7.3084091246128073 4.1849824914243072 4.9536036401987067 3.1671821586787692 56.58054218266625 5.4468379952013484 48.427122883265838
leaf_count=11521 45 68 77 68 65 53 87 70 67 27 42 1004 30 585
internal_value=-0.000205285 -0.0188944 -5.60734e-05 -0.00717979 -0.00345366 0.00034256 -0.00407735 0.00753833 -0.00557543 -0.0180914 -0.0235908 0.00029485 -0.00349312 0.00354311
internal_weight=1020.19 7.0855 1013.11 46.6502 39.0046 34.4874 29.6463 16.4629 9.15454 13.1834 7.64556 966.455 110.455 53.874
internal_count=13809 113 13696 556 446 381 328 224 154 104 110 13140 1619 615
is_linear=0
shrinkage=0.03


Tree=374
num_leaves=15
num_cat=0
split_feature=6 1 4 1 6 1 6 4 2 2 3 1 1 7
split_gain=2.69059 2.91127 2.57037 2.1327 3.42679 2.91879 4.00756 2.53823 2.47409 4.66078 2.42566 2.36483 8.13153 13.8769
threshold=8.0500000000000025 -21.409999999999993 86.085062248403489 9.5000000000000053 5.8500000000000014 8.6300000000000043 6.9500000000000011 73.720931378400635 33.45000000000001 30.740000000000009 3.3957507652705003 2.2600000000000042 3.4800000000000031 62.250000000000007
decision_type=2 2 2 2 2 2 2 2 2 2 2 2 2 2
left_child=2 -2 3 5 7 10 -7 -5 9 -9 11 -1 13 -13
right_child=1 -3 -4 4 -6 6 -8 8 -10 -11 -12 12 -14 -15
leaf_value=0.00096963108902426418 0.022227600517639008 -0.020145291291640943 -0.022377280097767745 -0.020220422503532755 -0.024539857457442752 -0.0056428388006078021 0.032130097067828677 -0.013986195270934972 -0.0051353524271969065 0.055864046195761012 -0.018835147481561607 -0.0065437890847925345 0.00073661726198818891 -0.052335184500559483
leaf_weight=780.79010998446029 0.85792327870149065 9.2171314907027391 3.5937496502883723 1.6929136146791259 6.9650456923991442 3.9475793866440636 4.9485410742927343 0.83985268976539407 2.5097371970769018 1.3372959236148743 5.0404356569051734 39.816619784804061 146.79732924082782 6.0926275942474595
leaf_count=8953 30 659 102 197 947 103 90 61 185 77 28 553 1705 61
internal_value=-0.000150041 -0.0148559 1.2106e-05 0.000114763 -0.0113698 0.000281319 0.0164922 0.00438531 0.0152657 0.0329976 0.000117256 0.000234612 -0.0027331 -0.0136069
internal_weight=1014.45 10.0751 1004.37 1000.78 13.3448 987.433 8.89612 6.3798 4.68689 2.17715 978.537 973.497 192.707 45.9092
internal_count=13751 689 13062 12960 1467 11493 193 520 323 138 11300 11272 2319 614
is_linear=0
shrinkage=0.03


Tree=375
num_leaves=15
num_cat=0
split_feature=3 8 1 7 3 3 8 5 1 1 6 1 6 6
split_gain=2.62568 4.263 4.60808 4.32179 4.09965 3.29954 6.64107 5.48664 3.72268 3.2266 3.13725 2.70523 2.10934 1.72684
threshold=1.8241256582029706 18.050000000000004 -5.6599999999999975 9.0500000000000025 2.0344679931109422 2.1914508849812533 25.750000000000004 348.63291931152349 -4.5099999999999953 -2.1799999999999966 7.7500000000000009 -18.489999999999991 8.0500000000000025 4.7500000000000009
decision_type=2 2 2 2 2 2 2 2 2 2 2 2 2 2
left_child=1 2 -1 -3 -2 6 11 8 -8 -10 -5 -6 13 -7
right_child=4 3 -4 10 5 12 7 -9 9 -11 -12 -13 -14 -15
leaf_value=0.082067502107275508 -0.026047752606720518 -0.021867356917447588 -0.0095472659081011074 -0.014440632529725021 0.01927233873262019 0.0080106989244140003 -0.02044151836629789 0.06080112024175751 0.047477166461541098 -0.0061487694309121056 0.038198665472582487 -0.024367446958225174 -0.017466420509064912 7.0763574930900238e-05
leaf_weight=0.51375042181462049 4.3208244448760516 2.3871815834427252 0.45577550504822184 0.85158219002187285 0.98465240513905872 24.298985177418217 1.6654061339795587 2.4714793316088617 1.4049570839852092 1.3905836226185786 2.2912561937700957 3.172873968142083 5.0693230656906954 965.53774015547242
leaf_count=11 278 302 69 33 38 342 32 40 9 48 61 163 255 12073
internal_value=0.00034813 0.0180339 0.0560191 0.00381544 0.000216635 0.000355197 0.0159333 0.032281 0.00823968 0.0262101 0.0238927 -0.0122992 0.000165727 0.000273565
internal_weight=1016.82 6.49955 0.969526 5.53002 1010.32 1006 11.09 6.93243 4.46095 2.79554 3.14284 4.15753 994.906 989.837
internal_count=13754 476 80 396 13278 13000 330 129 89 57 94 201 12670 12415
is_linear=0
shrinkage=0.03


Tree=376
num_leaves=15
num_cat=0
split_feature=8 6 6 3 4 8 8 8 4 2 0 3 2 0
split_gain=3.49184 2.72788 2.02438 3.1758 2.57554 3.81366 2.93346 4.6185 4.15379 7.46151 7.27719 5.90516 5.41462 3.80333
threshold=46.550000000000004 8.1500000000000021 7.5500000000000016 2.3468222213590955 46.37137136140533 18.750000000000004 36.550000000000004 34.95000000000001 60.462870237364776 35.590000000000011 15.749166666666673 2.7494038983908173 31.060000000000002 17.132916666666674
decision_type=2 2 2 2 2 2 2 2 2 2 2 2 2 2
left_child=1 2 3 -1 5 -5 7 8 9 10 12 -11 -6 -9
right_child=-2 -3 -4 4 6 -7 -8 13 -10 11 -12 -13 -14 -15
leaf_value=-0.026307044606802197 -0.03043065493596276 -0.02008610477526189 0.0047085826630581876 -0.018845496673399541 -0.016009132100113052 0.01897553150501162 -0.0083749690881068581 0.020611387092625687 0.00070747258829315378 0.024306184521209088 -0.029255735876430634 -0.014193958692305482 0.0049385716496453897 -0.011248301584803432
leaf_weight=3.0654650727519757 2.302532630856148 4.7794540679897173 95.896685101441108 2.0936322896741322 20.222459186566994 12.090742876636794 34.641064049792476 15.820449195103722 778.40324338083155 9.8139159847050887 14.516492887400089 4.5689655315363771 22.553001448512077 3.5326591257471582
leaf_count=122 61 394 1897 50 290 165 499 144 9452 80 221 121 151 135
internal_value=0.000368529 0.000467597 0.000583802 0.000149831 0.000266675 0.0125196 6.08125e-05 0.000406158 6.79426e-05 -0.00679165 -0.0116205 0.0119483 -0.00510411 0.0145289
internal_weight=1024.3 1022 1017.22 921.322 918.257 14.1844 904.072 869.431 850.078 71.6748 57.292 14.3829 42.7755 19.3531
internal_count=13782 13721 13327 11430 11308 215 11093 10594 10315 863 662 201 441 279
is_linear=0
shrinkage=0.03


Tree=377
num_leaves=15
num_cat=0
split_feature=8 4 4 1 1 3 5 5 5 3 3 1 6 5
split_gain=3.4255 4.30806 5.30402 5.39091 7.06573 5.34634 14.4777 7.02343 4.64008 3.45407 7.11906 5.56992 9.46284 5.68429
threshold=31.350000000000005 75.020816798574003 65.882388627330798 -5.2999999999999945 6.3000000000000052 2.7249472773468431 505.09439086914068 253.00989532470706 338.26016235351568 2.7188586095681604 2.7665392494818257 -3.2999999999999954 6.9500000000000011 208.10385894775393
decision_type=2 2 2 2 2 2 2 2 2 2 2 2 2 2
left_child=-1 2 3 8 5 -5 7 -7 -2 11 -11 12 13 -4
right_child=1 -3 9 4 -6 6 -8 -9 -10 10 -12 -13 -14 -15
leaf_value=0.0014873429342057217 0.027271144805498027 0.010275508053788603 0.013252944251156815 -0.017839657903702882 0.02534305528159389 0.0046621920944209718 0.029596778448239627 -0.044650345964194427 -0.001984909850493554 -0.040696822452776032 -0.0095877920459710511 0.011589998776912672 -0.034793455836435498 -0.026349589217586948
leaf_weight=840.43711608927697 10.32335386099294 18.061003922717646 11.55607605352998 22.549578400328755 5.4577996265143147 4.6175821977667528 8.7748481146991235 4.4829670432955027 8.3493982241488975 7.220790419727563 40.104751589125954 14.055174635723231 8.6387182027101499 3.4174763762857756
leaf_count=11356 86 511 83 252 316 45 57 38 123 44 639 77 53 24
internal_value=0.000705913 -0.00319796 -0.0048826 0.00159353 -0.00396261 -0.00843546 0.00374444 -0.021645 0.0147536 -0.0097628 -0.0150782 -0.00286723 -0.0115941 0.00313057
internal_weight=1008.05 167.61 149.549 64.5555 45.8828 40.425 17.8754 9.10055 18.6728 84.993 47.3255 37.6674 23.6123 14.9736
internal_count=13704 2348 1837 917 708 392 140 83 209 920 683 237 160 107
is_linear=0
shrinkage=0.03


Tree=378
num_leaves=15
num_cat=0
split_feature=1 2 1 5 4 6 4 5 6 6 8 4 5 7
split_gain=2.54879 2.48729 1.77798 5.45242 4.09647 3.00842 2.49202 1.68671 1.66546 2.80088 4.46518 3.79427 2.22137 6.84372
threshold=-23.989999999999991 30.610000000000003 -21.409999999999993 29.891889572143558 81.949151010949848 6.6500000000000012 64.742937764545658 -2.7262921333312984 7.5500000000000016 8.0500000000000025 17.450000000000006 36.329224999104149 151.088005065918 93.450000000000017
decision_type=2 2 2 2 2 2 2 2 2 2 2 2 2 2
left_child=1 -1 3 -2 5 -5 -7 -4 12 -10 11 -11 -9 -14
right_child=2 -3 7 4 -6 6 -8 8 9 10 -12 -13 13 -15
leaf_value=-0.025629466814636202 0.05854740550482776 0.026015804883760943 -0.017338203431189362 -0.021742580422124135 0.036794306596974101 -0.0098448379673062893 0.031014130049616548 0.0014508051547236097 0.0052845256182534042 0.054014514585146292 -0.021445676495234187 -0.013653200580355919 -0.00066224497939163332 -0.012966976633874654
leaf_weight=4.7342900694347909 0.87498610466718574 0.16037812549620856 4.1181647183839223 4.4297432065941376 1.4205344496294845 1.9895909619517627 1.6602843943983314 338.40185180946719 87.851032516686246 0.60333369387080693 7.1781260711140931 0.80150079261511564 526.56361651502084 43.100101130083203
leaf_count=651 8 5 71 128 27 99 17 4705 1490 45 522 66 5551 361
internal_value=-0.000140817 -0.0198109 -2.70029e-05 0.0117673 0.00229326 -0.00715694 0.0114141 -0.000159861 -7.22608e-05 0.00365537 -0.0118313 0.0257843 -0.00047171 -0.0016143
internal_weight=1023.89 4.89467 1018.99 10.3751 9.50015 8.07962 3.64988 1008.62 1004.5 96.434 8.58296 1.40483 908.066 569.664
internal_count=13746 656 13090 279 271 244 116 12811 12740 2123 633 111 10617 5912
is_linear=0
shrinkage=0.03


Tree=379
num_leaves=15
num_cat=0
split_feature=5 5 4 8 4 3 2 2 7 2 3 8 3 4
split_gain=2.56156 5.65225 8.11828 7.53982 9.82282 8.07876 7.25458 6.53393 9.14971 11.1072 10.885 9.57488 6.36596 9.52579
threshold=151.088005065918 242.87597656250003 71.253376845066569 29.150000000000006 54.901478245972619 2.7188586095681604 32.630000000000017 23.770000000000007 23.650000000000006 27.710000000000008 2.9729014070002422 15.850000000000003 2.777332557871238 60.845749082720452
decision_type=2 2 2 2 2 2 2 2 2 2 2 2 2 2
left_child=-1 2 -2 12 5 6 -5 -4 -9 11 -11 -10 -3 -14
right_child=1 3 7 4 -6 -7 -8 8 9 10 -12 -13 13 -15
leaf_value=0.001607837979902082 0.00050326335803968546 0.0076938875093929991 0.00222313143360987 0.026158616701512215 -0.010816193777152259 0.037712949716984467 -0.014077391853777948 0.006550922159382834 -0.03683944367503645 -0.10182562302683403 -0.017593602918715437 -0.0081463561575141809 -0.021952495793435747 0.0011135243175991827
leaf_weight=373.44641813985072 85.949583277921192 127.96961692220066 20.92266622337047 5.0619800743879813 91.324577808030881 6.1055548244621596 11.051292525138704 11.989683898980728 14.127908634254707 2.0138046443462363 3.5203937150072306 36.729568094247952 16.457645179354586 208.47246051509865
leaf_count=5564 951 2177 274 75 1262 59 255 206 109 18 63 419 276 2054
internal_value=-0.000364959 -0.00151378 -0.00609057 0.000215181 -0.00647533 0.011064 -0.000647319 -0.012372 -0.0168054 -0.0217989 -0.0591369 -0.0166738 0.00238003 -0.000663861
internal_weight=1015.14 641.697 175.254 466.443 113.543 22.2188 16.1133 89.304 68.3814 56.3917 5.5342 50.8575 352.9 224.93
internal_count=13762 8198 2040 6158 1651 389 330 1089 815 609 81 528 4507 2330
is_linear=0
shrinkage=0.03


Tree=380
num_leaves=15
num_cat=0
split_feature=3 7 1 8 3 2 2 2 1 1 3 7 1 5
split_gain=4.62619 3.53613 10.7898 6.55265 8.13817 5.98009 5.7257 7.95189 8.66252 18.4451 10.1645 8.37072 5.9823 7.87688
threshold=3.1296479655739806 77.750000000000014 -12.019999999999996 24.050000000000004 2.7158696936794864 18.010000000000005 25.43000000000001 20.670000000000005 -15.079999999999995 -4.3799999999999963 2.8156640673439983 49.750000000000007 2.4300000000000028 212.70996093750003
decision_type=2 2 2 2 2 2 2 2 2 2 2 2 2 2
left_child=1 6 3 -3 -5 -4 7 -1 -9 11 -11 -10 -12 -14
right_child=-2 2 5 4 -6 -7 -8 8 9 10 12 -13 13 -15
leaf_value=0.012220408518172542 -0.0067006770631758486 -0.015871449138150893 -0.017009781770350101 0.055355902048935784 -0.019684249818647272 0.014262861886053592 0.0011052767230969346 0.0053876400611876096 -0.042576809941548929 -0.021462036925858578 0.0079562578476386238 -0.013888018899373031 0.0056827276254193112 -0.048837895636152734
leaf_weight=20.064504009555094 87.143976501422003 23.61799336865079 5.1547007076442233 1.8853080482222133 1.6536540107335893 67.081678967457265 659.78476512321504 35.079225971596316 18.086235363967717 18.262595986016095 47.321605924516916 20.404075701721013 5.092828846536575 3.2031422108411789
leaf_count=585 1663 397 34 46 49 942 7665 497 138 328 1028 163 146 43
internal_value=-0.000132889 0.000491287 0.00580825 -0.0100593 0.0236802 0.0118295 -0.000153745 -0.00508976 -0.00751173 -0.0115506 -0.00266565 -0.0281054 0.0037764 -0.0183573
internal_weight=1013.84 926.692 99.3933 27.157 3.53896 72.2364 827.299 167.514 147.45 112.37 73.8802 38.4903 55.6176 8.29597
internal_count=13724 12061 1468 492 95 976 10593 2928 2343 1846 1545 301 1217 189
is_linear=0
shrinkage=0.03


Tree=381
num_leaves=15
num_cat=0
split_feature=6 4 4 0 1 0 8 7 7 7 1 8 8 1
split_gain=2.36329 3.45295 7.15963 4.29815 5.46329 13.6637 4.69961 4.40666 3.84368 6.58753 3.79416 3.34032 5.98016 4.70129
threshold=7.4500000000000011 51.610016136662914 53.00437893998221 11.206250000000006 5.0000000000000044 18.735000000000003 36.550000000000004 11.050000000000002 24.450000000000006 31.550000000000004 1.340000000000005 25.350000000000005 26.750000000000004 -10.049999999999995
decision_type=2 2 2 2 2 2 2 2 2 2 2 2 2 2
left_child=-1 10 -3 8 6 -6 7 -5 -4 -10 11 13 -13 -2
right_child=1 2 3 4 5 -7 -8 -9 9 -11 -12 12 -14 -15
leaf_value=-0.0011222903008447586 0.0067727140750706407 0.033631610213688524 -0.02254368748088724 -0.0099568266583257362 -0.03569597619616853 0.016008096623548056 -0.011344868754290997 0.018803694530826875 0.039290513979977938 -0.017236061397357144 -0.022780047798882094 0.041139313193914583 -0.00043485079990171439 -0.024898567579788991
leaf_weight=898.31631919904612 7.8219646231736979 6.9944048928446128 8.4691675428766739 4.8283915710635474 7.3554802844300893 9.3340327707119268 6.0696908310055724 38.337297924794257 2.2410837849602094 3.4283992785494775 6.9067084335838436 3.1512711485847822 12.379499209579079 7.3794663926819366
leaf_count=11246 293 87 124 70 46 289 47 284 21 30 693 46 283 249
internal_value=-0.000584273 0.00326969 0.00653014 0.00377687 0.00700219 -0.0075089 0.0119726 0.015434 -0.0107311 0.00764912 -0.00424548 0.000506561 0.00997911 -0.00918981
internal_weight=1023.01 124.697 87.0579 80.0635 65.9249 16.6895 49.2354 43.1657 14.1387 5.66948 37.6389 30.7322 15.5308 15.2014
internal_count=13808 2562 998 911 736 335 401 354 175 51 1564 871 329 542
is_linear=0
shrinkage=0.03


Tree=382
num_leaves=15
num_cat=0
split_feature=1 3 1 2 7 8 7 8 2 1 1 4 7 1
split_gain=3.68531 8.63481 6.15715 5.16459 6.60638 5.31412 4.93405 4.52412 4.82618 4.18518 4.25665 4.28702 4.61229 4.15524
threshold=-6.1699999999999964 2.8095125780378463 -9.6099999999999941 18.390000000000011 99.15000000000002 9.9500000000000011 15.050000000000002 17.250000000000004 25.11000000000001 -13.839999999999995 -15.389999999999995 76.379356949650528 50.350000000000016 -5.839999999999999
decision_type=2 2 2 2 2 2 2 2 2 2 2 2 2 2
left_child=1 2 -1 4 -3 -5 -4 8 -8 10 11 -7 -13 -2
right_child=13 3 6 5 -6 9 7 -9 -10 -11 -12 12 -14 -15
leaf_value=-0.0017711745992209152 0.01676963194749485 0.022520882503983517 -0.013797716392960627 0.0058391516394921484 -0.021527685697027503 -0.034909658982666084 0.016068184768596509 0.01834985803771098 -0.029792870496797658 -0.015152218975372134 0.016082013181401816 0.019307543804996951 -0.019946734584080097 0.00044704332371445774
leaf_weight=190.25852210179437 13.36171218100935 8.8610433738213015 5.8190501956269136 15.415731137851251 3.5337197827175251 3.4321495880140018 3.1338310204446307 33.932254523970187 3.2385837063193321 96.545295940712094 7.7986434819176784 4.785531332716344 4.0439373240806162 623.88314380706288
leaf_count=2456 116 86 94 103 29 78 38 287 25 706 41 112 79 9514
internal_value=-0.000580279 -0.00291127 0.000624756 -0.00866359 0.0092931 -0.0104066 0.0103357 0.0140697 -0.00811897 -0.0125858 -0.000101167 -0.0108305 0.00112868 0.000815033
internal_weight=1018.04 380.798 236.382 144.416 12.3948 132.021 46.1237 40.3047 6.37241 116.606 20.0603 12.2616 8.82947 637.245
internal_count=13764 4134 2900 1234 115 1119 444 350 63 1016 310 269 191 9630
is_linear=0
shrinkage=0.03


Tree=383
num_leaves=15
num_cat=0
split_feature=1 8 8 7 5 8 8 1 0 6 6 3 3 8
split_gain=2.40463 3.00515 2.71963 3.37641 3.8237 4.53715 3.58722 2.52946 2.39033 2.17745 2.16131 2.00054 5.61001 4.4576
threshold=-19.729999999999993 32.350000000000009 23.050000000000004 42.650000000000013 95.991077423095717 29.650000000000006 26.650000000000006 -21.409999999999993 3.182083333333336 8.1500000000000021 5.8500000000000014 2.5842520475600215 2.6049708415595538 17.750000000000004
decision_type=2 2 2 2 2 2 2 2 2 2 2 2 2 2
left_child=1 2 -1 6 10 -6 7 -4 -8 11 -5 13 -13 -2
right_child=9 -3 3 4 5 -7 8 -9 -10 -11 -12 12 -14 -15
leaf_value=-0.018719804384925199 -0.017577431891330167 -0.032131754482200334 0.050899437670303617 0.026004856653635153 -0.03111500275590506 0.0059080609681125109 0.015314399424544137 -0.0023125811793799876 -0.015936313214922559 -0.018925060483074501 -0.0060693791295276548 -0.016880860926134288 0.00014614469301396004 0.0054379481387345947
leaf_weight=8.000649852328932 7.1498764165444291 2.9995375697035334 1.8921576277352872 2.8296002969145801 6.8313890998251718 4.3622132753953338 3.627828668570146 0.99758021393791008 3.204645587131381 4.3305342209641813 3.1343339146114886 16.780533276963979 847.04851252702065 112.2006008104654
leaf_count=638 232 57 63 28 168 39 65 13 34 386 43 116 10288 1659
internal_value=-9.04272e-05 -0.00740858 -0.00444624 0.000321289 -0.00757251 -0.0173856 0.0136591 0.0366579 0.000493569 0.000197501 0.0106973 0.000300872 -0.000203755 0.00392458
internal_weight=1025.39 37.8799 34.8804 26.8797 17.1575 11.1936 9.72221 2.88974 6.83247 987.51 5.96393 983.18 863.829 119.35
internal_count=13829 1148 1091 453 278 207 175 76 99 12681 71 12295 10404 1891
is_linear=0
shrinkage=0.03


Tree=384
num_leaves=15
num_cat=0
split_feature=5 7 2 1 8 8 7 8 3 1 4 2 3 2
split_gain=2.3186 2.27621 2.46156 3.69329 2.05805 2.30434 2.01396 3.3104 5.05989 3.88004 3.47997 4.83777 3.68944 3.36071
threshold=3470.7541503906255 5.9500000000000011 40.530000000000015 2.9000000000000017 30.150000000000006 31.350000000000005 13.150000000000004 27.950000000000006 2.2886738732175314 -0.41999999999999743 52.078971753194189 34.230000000000011 2.7408598658790688 36.490000000000016
decision_type=2 2 2 2 2 2 2 2 2 2 2 2 2 2
left_child=1 4 6 -4 -1 -6 7 8 13 -10 -11 -12 -13 -3
right_child=-2 2 3 -5 5 -7 -8 -9 9 10 11 12 -14 -15
leaf_value=-0.025483174384649882 -0.022922403832169386 0.02598907319092443 0.034812106222199983 -0.01430553188953573 0.034765719874297482 -0.015277647925040919 0.00069139446187909423 -0.017493852717277655 -0.019792983783297163 -0.023820938722143459 -0.00782572191006186 0.040230204040732458 -0.014243472077292187 -0.01737096864550107
leaf_weight=4.4938037638785309 2.8552228036569423 7.2004054405260813 3.2543826512992373 1.3715849783038718 0.53138319263234712 0.93282155791530386 954.16717470670119 13.664695261861196 10.889703733380882 2.2814882523380247 5.5076163033954781 4.1649441316258162 0.87994650995824475 1.2592953317798672
leaf_count=571 269 201 24 161 39 94 11102 539 211 94 125 37 170 72
internal_value=0.0002995 0.000387703 0.000505637 0.0202947 -0.016713 0.00962204 0.000393912 -0.00567974 -0.000287585 -0.00741871 0.0037527 0.0112602 0.0299443 0.0183806
internal_weight=1013.45 1010.6 1004.64 4.62597 5.95801 1.4642 1000.02 45.8481 32.1834 23.7237 12.834 10.5525 5.04489 8.4597
internal_count=13709 13440 12736 185 704 133 12551 1449 910 637 426 332 207 273
is_linear=0
shrinkage=0.03


Tree=385
num_leaves=15
num_cat=0
split_feature=2 4 4 4 0 3 7 3 7 0 3 2 3 3
split_gain=1.68363 6.21813 6.47014 5.37391 8.59935 5.34849 5.02792 4.8023 7.72802 4.71771 4.34681 4.27966 4.22516 4.13258
threshold=32.150000000000013 63.785139106023614 50.040024129114492 63.22463668737057 13.802500000000004 3.1918867669349358 48.150000000000013 2.711748194629235 18.550000000000004 19.165000000000006 3.0315821457892791 33.730000000000011 2.4703222665607396 2.4823160715771224
decision_type=2 2 2 2 2 2 2 2 2 2 2 2 2 2
left_child=3 2 -2 4 6 -3 -1 -4 -9 13 -8 -7 -5 -6
right_child=1 5 7 12 9 11 10 8 -10 -11 -12 -13 -14 -15
leaf_value=0.00018779015492920037 -0.0050659482658820731 -0.0091672824189960381 0.014803744423820434 -0.029011823514414923 0.0032824483623369875 0.032490394839711535 -0.039576050745359415 -0.011722474012276092 0.014633756165129904 0.011759944945262052 0.0018376311812693534 -0.0086193220424755791 9.0511391498923979e-05 -0.036266263855192882
leaf_weight=62.900573236984201 36.049851787334774 53.440594991319813 60.966407928382978 3.517953679081983 2.6271777111105683 4.5119603089988223 4.7546813199296576 19.424584618071094 18.64906221232377 2.229833942372351 3.6377024669200182 3.3043449708493426 720.53028931934386 14.359716491773723
leaf_count=915 1336 1090 602 70 44 170 119 513 124 54 21 325 8161 162
internal_value=-0.000355246 0.00213162 0.00571501 -0.000956576 -0.00780656 -0.0057357 -0.00286647 0.00965061 0.00123134 -0.0250857 -0.0233407 0.0161048 -9.07076e-05 -0.0303073
internal_weight=1010.9 196.347 135.09 814.558 90.5097 61.2569 71.293 99.0401 38.0736 19.2167 8.39238 7.81631 724.048 16.9869
internal_count=13706 4160 2575 9546 1315 1585 1055 1239 637 260 140 495 8231 206
is_linear=0
shrinkage=0.03


Tree=386
num_leaves=15
num_cat=0
split_feature=2 3 6 2 7 5 3 5 4 2 7 3 3 7
split_gain=2.46759 3.71952 4.22203 3.31126 3.45316 2.50671 4.87961 2.09744 2.39111 5.78778 3.39084 3.17496 5.61839 2.95089
threshold=36.750000000000014 2.6396358757844824 7.8500000000000014 38.670000000000023 4.6500000000000012 551.05187988281261 2.7494038983908173 3470.7541503906255 43.595671393729511 28.470000000000002 21.450000000000006 2.0869645607831915 2.1108253087514872 17.050000000000004
decision_type=2 2 2 2 2 2 2 2 2 2 2 2 2 2
left_child=7 2 -2 -4 -5 6 -3 8 9 -1 13 -10 -13 -11
right_child=1 5 3 4 -6 -7 -8 -9 11 10 -12 12 -14 -15
leaf_value=0.044236104648521159 -0.016362367825335022 0.02707791663896774 -0.01403237065977107 -0.01503499658525867 0.035679220758988141 0.030809224982834664 -0.015282386583566791 -0.023088129446472525 -0.025760013811986584 -0.00067431511461917969 -0.025977789398786887 0.039135492854397068 -0.001231744452461299 0.029056353493957507
leaf_weight=2.5170648549683419 8.2817837111651915 3.7204803284257633 2.1041346217971286 0.96767775248736132 4.0775958391022868 6.3309181563090533 4.1493082544766366 2.8918377879308528 3.7252077657030886 10.578732708469035 2.2967621455900362 2.1139694149605921 954.12038032955024 3.172571941278874
leaf_count=55 326 50 156 275 201 81 533 263 156 299 37 20 11256 21
internal_value=-0.000841527 0.00754564 -0.00266869 0.0132552 0.0250742 0.0180904 0.00553869 -0.00110218 -0.0010137 0.00937232 0.00163006 -0.00122411 -0.00110171 0.00768963
internal_weight=1011.05 29.6319 15.4312 7.14941 5.04527 14.2007 7.86979 981.417 978.525 18.5651 16.0481 959.96 956.234 13.7513
internal_count=13729 1622 958 632 476 664 583 12107 11844 412 357 11432 11276 320
is_linear=0
shrinkage=0.03


Tree=387
num_leaves=15
num_cat=0
split_feature=2 1 0 1 3 2 2 3 3 1 5 7 1 5
split_gain=2.01016 2.46514 2.18368 8.47836 5.52166 4.54474 4.87239 5.34482 6.7035 8.6521 7.5696 7.10807 5.13755 4.95162
threshold=39.550000000000018 5.4000000000000048 14.740000000000004 1.0700000000000034 2.2886738732175314 35.510000000000012 31.930000000000003 2.7432509906096931 2.4241135926961861 -8.8499999999999943 721.47155761718761 30.950000000000006 -15.079999999999995 421.08187866210943
decision_type=2 2 2 2 2 2 2 2 2 2 2 2 2 2
left_child=2 -2 5 4 -4 6 -1 8 9 12 11 -10 -8 -9
right_child=1 -3 3 -5 -6 -7 7 13 10 -11 -12 -13 -14 -15
leaf_value=-0.00040501244898610253 0.018543838443089447 -0.017132724735100684 0.018454679523560925 -0.00072209567264312606 -0.020013206236703551 -0.025038847457228623 0.027313632345337905 0.038216931597827138 -0.023476819482977879 0.039436286238435397 0.0102323790179688 0.018975730923344539 -0.014028648232024843 0.0015337692097988288
leaf_weight=696.74667236814275 8.2979946326231566 1.3177753872587334 2.9501371160149565 202.57419993868098 32.675428840098903 5.3923610169440499 3.0096002500504255 7.7882791347801668 17.072765875607733 8.0922094509005529 18.56889420747757 3.6169222369790068 7.3181503461673874 5.4534454401582479
leaf_count=8233 277 491 101 3402 514 148 53 51 106 71 138 18 104 40
internal_value=-0.000486651 0.0125013 -0.000622377 -0.00312732 -0.0164108 0.000152505 0.000361802 0.00779615 0.00366304 0.0180941 -0.00338922 -0.0155227 -0.000633458 0.0242779
internal_weight=1020.87 9.61577 1011.26 238.2 35.6256 773.059 767.667 70.9203 57.6785 18.42 39.2586 20.6897 10.3278 13.2417
internal_count=13747 768 12979 4017 615 8962 8814 581 490 228 262 124 157 91
is_linear=0
shrinkage=0.03


Tree=388
num_leaves=15
num_cat=0
split_feature=6 7 3 0 4 6 8 2 8 0 6 0 7 3
split_gain=2.31781 5.25654 4.95292 4.72985 7.43244 4.59952 4.36701 5.84278 5.97791 5.40569 5.2761 6.15979 4.87765 4.88755
threshold=6.6500000000000012 16.550000000000004 2.996047357956205 18.580000000000009 52.613903674843229 7.1500000000000012 24.350000000000005 26.230000000000008 6.9500000000000011 11.206250000000006 6.3500000000000014 20.617083333333337 48.550000000000004 2.8156640673439983
decision_type=2 2 2 2 2 2 2 2 2 2 2 2 2 2
left_child=1 -1 3 -2 -5 -4 7 12 -9 -8 11 -11 13 -3
right_child=2 6 5 4 -6 -7 9 8 -10 10 -12 -13 -14 -15
leaf_value=-0.018725127225855627 -0.00040773259424609206 -0.019020126029108516 0.026263645918698845 -0.007884242501935158 0.019364202406849787 -0.012476255396323094 -0.00035861630123931379 -0.031516860452435423 0.0071356490372042865 -0.016646785196169106 0.0014572980411873852 0.010800452255225341 0.00091795007698356748 -0.0024272848164272405
leaf_weight=14.469230932532808 320.0492421350209 24.15140652586706 11.508226672303861 12.748335137905086 26.398200267576613 2.8866799761308348 142.30923764454201 2.7304230411536983 128.29168659378774 64.918478352017701 28.691782069858164 7.5947523952927432 177.77220759750344 44.767289506969973
leaf_count=608 3458 352 304 892 525 210 1485 87 1139 822 335 529 2256 756
internal_value=-0.000347805 -0.00144912 0.00152504 0.000808579 0.0105152 0.0181892 -0.00101729 0.00100245 0.00609753 -0.00414138 -0.00940496 -0.0136643 -0.00171734 -0.00843084
internal_weight=1009.29 635.696 373.591 359.196 39.1465 14.3949 621.227 377.713 131.022 243.514 101.205 72.5132 246.691 68.9187
internal_count=13758 8369 5389 4875 1417 514 7761 4590 1226 3171 1686 1351 3364 1108
is_linear=0
shrinkage=0.03


Tree=389
num_leaves=15
num_cat=0
split_feature=1 8 4 4 0 0 6 6 0 1 0 5 8 7
split_gain=2.42375 3.30337 3.37205 4.77683 3.05317 2.48107 4.67303 3.70902 4.39099 2.26147 2.83381 2.24539 2.1662 5.67074
threshold=8.6300000000000043 28.450000000000006 73.80451742901316 73.14318327868078 19.478750000000005 26.04333333333334 5.5500000000000016 5.4500000000000011 19.012083333333344 8.2500000000000053 17.745416666666674 3470.7541503906255 32.750000000000007 27.750000000000004
decision_type=2 2 2 2 2 2 2 2 2 2 2 2 2 2
left_child=9 2 3 4 -2 7 -7 -3 -9 11 -11 12 -1 -14
right_child=1 5 -4 -5 -6 6 -8 8 -10 10 -12 -13 13 -15
leaf_value=0.00068536099393971448 0.016570002631346243 -0.014317703470270839 -0.025511676182495314 0.048512049866874886 -0.02423059924595649 0.023764211909286379 -0.02218469145558313 -0.0084391277545710092 0.050202952873126344 0.015937843495217378 -0.026405055896688834 -0.022907497545884746 -0.0090850325510740629 0.0045227918194561661
leaf_weight=875.59369150764542 2.1484541669487971 0.8873508693650346 3.0055208208505064 0.99128213897347439 2.5505134467384778 3.5891924819443375 2.5435538281453773 1.1246528644114731 4.5091000332031399 1.1456328844651569 4.7849198738113046 2.806192157091572 68.477637198287994 44.886771653778851
leaf_count=10493 16 111 242 40 442 87 463 8 270 6 88 267 740 430
internal_value=0.000190175 0.00996074 -0.00406853 0.00937783 -0.00594163 0.0191936 0.00426847 0.0307961 0.0389889 -2.86693e-05 -0.017106 9.05779e-05 0.000178909 -0.00370456
internal_weight=1019.04 21.3496 8.69577 5.69025 4.69897 12.6539 6.13275 6.5211 5.63375 997.695 5.93055 991.764 988.958 113.364
internal_count=13703 1679 740 498 458 939 550 389 278 12024 94 11930 11663 1170
is_linear=0
shrinkage=0.03


Tree=390
num_leaves=15
num_cat=0
split_feature=6 1 6 2 4 4 1 5 3 2 1 1 0 1
split_gain=2.70403 2.66468 2.31026 2.87618 4.85643 3.53733 5.10885 6.8997 4.66077 7.10645 4.7072 4.58471 9.42013 3.98022
threshold=8.0500000000000025 -21.409999999999993 7.5500000000000016 30.000000000000007 44.952868011151843 51.090448556717369 -6.299999999999998 559.77044677734386 2.4426051608629105 33.210000000000015 -1.7599999999999951 5.0000000000000044 18.444166666666671 1.340000000000005
decision_type=2 2 2 2 2 2 2 2 2 2 2 2 2 2
left_child=2 -2 -1 4 -4 13 7 -7 9 -8 -10 -12 -13 -5
right_child=1 -3 3 5 -6 6 8 -9 10 -11 11 12 -14 -15
leaf_value=-0.00021359334566274949 0.01888752959488664 -0.02146396570455128 0.023176145809796388 0.0032003403106559969 -0.02093339233925667 -0.019352369197775394 -0.020234861986867084 0.031800107639388168 -0.014435731818344394 0.047311373543123869 0.020150793531427433 -0.04471793839077317 0.014701566330509515 -0.026416982689921046
leaf_weight=921.08698072016705 0.9648405062034725 7.8586847088299674 2.1326549970544857 16.978895186446611 7.556402190355584 8.8745546750724298 1.1474023154005397 2.1588419396430245 5.2734785974025717 6.0639697726583108 26.626949833706021 2.4651983529329282 6.8609264078550041 4.3091260106884866
leaf_count=11528 29 636 124 364 159 102 18 24 36 97 189 12 106 371
internal_value=8.58229e-05 -0.0155781 0.000237708 0.00478564 -0.00996455 0.00665552 0.0103663 -0.00753275 0.0145133 0.0354087 0.0101063 0.0139993 -0.00381446 -0.00371107
internal_weight=1020.36 8.82353 1011.54 90.4484 9.68906 80.7593 59.4713 11.0334 48.4379 7.21137 41.2266 35.9531 9.32612 21.288
internal_count=13795 665 13130 1602 283 1319 584 126 458 115 343 307 118 735
is_linear=0
shrinkage=0.03


Tree=391
num_leaves=15
num_cat=0
split_feature=5 2 5 4 4 4 4 0 3 5 6 3 3 0
split_gain=2.19947 1.78859 7.94038 5.19632 6.55798 4.41884 3.99846 4.54624 6.10124 3.95857 4.09429 4.91548 8.00425 5.65684
threshold=3470.7541503906255 32.070000000000014 348.63291931152349 63.22463668737057 37.913939675492678 51.610016136662914 68.600547635469056 16.492916666666673 3.4484401491963586 163.37332916259768 5.7500000000000009 2.7665392494818257 2.8466030511298492 13.802500000000004
decision_type=2 2 2 2 2 2 2 2 2 2 2 2 2 2
left_child=1 3 5 4 -1 -3 -7 -8 -9 -6 -11 -12 -13 -14
right_child=-2 2 -4 -5 9 6 7 8 -10 10 11 12 13 -15
leaf_value=0.026713735965998898 -0.022853909157556102 -0.022606580551272883 0.009307619890775224 0.0002681322934774095 -0.027330331323907959 0.0021212899622005555 0.010572541487715387 -0.028518775750530377 0.010782840137043084 -0.034620342034432122 -0.01064856742373177 0.023008851442187197 0.0022006850888337906 -0.039844780956276776
leaf_weight=3.8407850330695501 2.78064863057807 8.1258561108261329 88.286494797794148 727.53381571697537 8.8696764390915614 86.192852607928216 5.5311022792011526 13.192180765792729 4.1478553283959618 3.525275775929912 46.145301837706938 11.462394746020438 9.3707215827889723 3.0977064080070695
leaf_count=69 270 540 1595 8214 74 1143 38 844 81 53 620 99 69 66
internal_value=-1.40445e-05 7.05989e-05 0.00256454 -0.000561435 -0.00747695 -0.00255122 -0.000865164 -0.0117374 -0.0190422 -0.00937022 -0.00686851 -0.00500497 0.00586807 -0.0104281
internal_weight=1022.1 1019.32 205.476 813.846 86.3119 117.19 109.064 22.8711 17.34 82.4711 73.6014 70.0761 23.9308 12.4684
internal_count=13775 13505 4241 9264 1050 2646 2106 963 925 981 907 854 234 135
is_linear=0
shrinkage=0.03


Tree=392
num_leaves=15
num_cat=0
split_feature=8 2 3 4 3 5 3 3 5 8 4 6 3 2
split_gain=2.52036 5.34109 4.88846 2.65104 7.83197 6.69781 4.89918 4.58829 4.12869 4.02494 5.01209 3.23982 2.70538 2.58943
threshold=6.9500000000000011 22.010000000000009 2.8689088065662753 80.274844970219206 3.1760188705226056 298.58799743652349 3.0245923782276005 3.0245923782276005 18.679683685302738 21.550000000000004 82.682639293058585 5.4500000000000011 2.7636076634217397 13.830000000000005
decision_type=2 2 2 2 2 2 2 2 2 2 2 2 2 2
left_child=1 -1 -3 13 5 6 12 -7 -6 -8 -11 -10 -5 -2
right_child=3 2 -4 4 8 7 9 -9 11 10 -12 -13 -14 -15
leaf_value=0.0042006047630927619 0.018462103580445928 -0.0077989325668156436 -0.058411765884526637 0.0009403635552573806 -0.051569704326335716 -0.028540551063800133 0.0087652265147671899 0.012173721007030494 -0.015549009755940087 0.012974558390202786 -0.04694912429375641 0.022544292744733567 0.023725532542773473 -0.00055568075956413546
leaf_weight=8.3090937854722124 5.4889015732333055 4.4643315598368636 2.228750501293689 5.6487983372062436 1.4888979610986997 5.3551688049919886 11.056859225034712 3.3616179316304624 7.3555291367229056 1.5356299211271101 2.0769935082644224 1.6972367032431064 29.302785332547501 931.86084177065641
leaf_count=89 99 52 96 174 27 155 140 45 99 32 28 38 711 12001
internal_value=-0.000192824 -0.0120052 -0.0300547 -4.96605e-06 0.00563215 0.00996053 0.0142099 -0.0132022 -0.0171089 -0.000375403 -0.0241866 -0.00687501 0.0201716 -0.000424761
internal_weight=1021.23 15.0022 6.69308 1006.23 68.8795 58.3379 49.6211 8.71679 10.5417 14.6695 3.61262 9.05277 34.9516 937.35
internal_count=13786 237 148 13549 1449 1285 1085 200 164 200 60 137 885 12100
is_linear=0
shrinkage=0.03


Tree=393
num_leaves=15
num_cat=0
split_feature=7 3 3 1 8 0 5 7 3 2 2 1 5 8
split_gain=2.88472 3.74091 3.30796 4.13632 3.69105 4.49303 3.13748 3.81701 3.73417 3.35218 2.45848 2.26283 4.80836 4.62337
threshold=22.450000000000006 2.2693728241106434 2.2329706937439124 1.340000000000005 31.450000000000006 13.363333333333339 414.64392089843756 8.1500000000000021 1.6306310536445865 27.030000000000005 35.310000000000009 6.9000000000000048 76.644542694091811 33.45000000000001
decision_type=2 2 2 2 2 2 2 2 2 2 2 2 2 2
left_child=2 -2 3 4 5 6 -1 -8 -9 -10 -3 -4 -13 -14
right_child=1 10 11 -5 -6 -7 7 8 9 -11 -12 12 13 -15
leaf_value=-0.021716657687161182 -0.023502547282784909 0.00082624487131561022 -0.0045985422427900101 -0.021966143879583889 -0.019792429782604728 0.036020794524397756 -0.019211734496135772 -0.016117256296051607 -0.012687708528945492 0.043830693128282687 0.018231567333871521 0.021312505002069576 -0.021253571211214288 0.021479627041935765
leaf_weight=2.1314265700057202 4.6517673247726625 740.2886599333724 226.87947164743673 2.5136337045114479 1.7760063691530366 6.448395244893617 1.6318845096975563 1.0431938879191873 0.69449762511067081 3.9885864462703466 6.3797598204109809 8.5258109857095423 6.4366207050625217 2.3649129706900567
leaf_count=51 127 8408 2838 557 97 130 77 35 60 75 128 318 612 264
internal_value=-0.000132426 0.000816407 -0.0028212 0.00856564 0.0138404 0.0185354 0.00435251 0.0135987 0.0244152 0.0346914 0.000999147 -0.00379546 0.00639707 -0.00875145
internal_weight=1015.75 751.32 264.434 20.2276 17.714 15.938 9.48959 7.35816 5.72628 4.68308 746.668 244.207 17.3273 8.80153
internal_count=13777 8663 5114 1082 525 428 298 247 170 135 8536 4032 1194 876
is_linear=0
shrinkage=0.03


Tree=394
num_leaves=15
num_cat=0
split_feature=1 0 0 0 1 1 2 1 7 1 6 0 8 8
split_gain=3.38041 2.18951 1.80238 3.05276 8.63753 2.88738 1.80173 6.09015 2.68895 6.10186 5.43709 3.1826 2.47221 5.21585
threshold=-23.489999999999991 -7.1304166666666626 22.895000000000007 21.943750000000005 9.5000000000000053 9.2500000000000053 36.970000000000013 -0.7999999999999956 12.150000000000004 3.8000000000000047 6.9500000000000011 19.772500000000008 36.550000000000004 34.95000000000001
decision_type=2 2 2 2 2 2 2 2 2 2 2 2 2 2
left_child=1 -1 3 5 -5 6 12 -8 11 10 -10 -9 13 -2
right_child=2 -3 -4 4 -6 -7 7 8 9 -11 -12 -13 -14 -15
leaf_value=0.020451045203088734 -0.0002222304204790055 -0.026493565455985267 -0.011839740312679195 -0.018955605493561196 0.060783753868912091 -0.022752944992435083 -0.020202150933960661 0.039568386557520402 0.020661951674240928 0.033319728270035237 -0.024808798404277313 -0.0055865261519849512 -0.0074154480437356807 0.014442439933060682
leaf_weight=0.29091719049029041 909.00141793873627 5.4549947830382726 10.693469220423138 1.6316005829721683 1.5890311533585189 4.038807514589279 4.523468729574236 5.0771028865128782 2.8451236179098469 3.7963584251701823 5.375276924110949 1.5335494176251812 39.796188554726541 21.364991585724056
leaf_count=57 9804 643 1873 184 87 145 164 56 16 41 39 101 340 200
internal_value=-0.000271264 -0.0214375 -0.000129941 6.90154e-06 0.0254671 -0.000100741 1.41531e-05 0.00810818 0.0156621 0.00623029 -0.00853707 0.0297356 -0.000187144 0.000129675
internal_weight=1017.01 5.74591 1011.27 1000.57 3.22063 997.352 993.313 23.1509 18.6274 12.0168 8.2204 6.61065 970.163 930.366
internal_count=13750 700 13050 11177 271 10906 10761 417 253 96 55 157 10344 10004
is_linear=0
shrinkage=0.03


Tree=395
num_leaves=15
num_cat=0
split_feature=8 0 1 6 0 4 0 3 8 6 4 4 0 2
split_gain=2.53514 5.18526 7.45106 9.66156 6.50543 6.20042 5.88468 5.75332 4.83216 4.81343 5.95096 5.1559 4.74534 7.67623
threshold=25.550000000000004 7.000833333333337 -9.2099999999999955 6.3500000000000014 11.206250000000006 74.280880055051654 20.617083333333337 2.5130177251271069 29.950000000000006 6.3500000000000014 65.719957942251654 71.523103026453512 19.165000000000006 34.130000000000017
decision_type=2 2 2 2 2 2 2 2 2 2 2 2 2 2
left_child=12 7 9 4 5 -4 -6 -2 -8 11 -11 -3 13 -1
right_child=1 2 3 -5 6 -7 8 -9 -10 10 -12 -13 -14 -15
leaf_value=-0.0016430858382316758 -0.012866738869491396 -0.016572760952579077 0.014952389607648071 0.0051129211324598732 -0.014338658656542085 -0.0089410022264989324 0.041198737028288614 0.010452474129341688 -0.0049372547931451002 -0.0065553555166525225 -0.034383848529209657 0.023549596130157956 -0.020217286741884041 0.013794644092995663
leaf_weight=509.39901439193636 9.8254542116774228 4.3433296689763647 20.458346206694841 228.93233323306777 60.787220527185127 17.051683316938579 2.2986952993087462 86.856210882775486 4.889588437974453 17.501298039220277 11.135125190019606 5.3466751575469971 10.534630613459738 29.73665951192379
leaf_count=6210 151 36 158 3021 813 257 243 738 352 229 65 35 1103 318
internal_value=0.000205402 0.00182251 0.000209582 0.00165751 -0.00581928 0.00414057 -0.0112956 0.00797516 0.0130459 -0.0121452 -0.0181714 0.00569765 -0.00117643 -0.000767637
internal_weight=1019.1 469.426 372.744 334.418 105.486 37.51 67.9755 96.6817 7.18828 38.3264 28.6364 9.69 549.67 539.136
internal_count=13729 6098 5209 4844 1823 415 1408 889 595 365 294 71 7631 6528
is_linear=0
shrinkage=0.03


Tree=396
num_leaves=15
num_cat=0
split_feature=1 0 4 1 0 6 7 4 1 1 4 1 1 1
split_gain=2.41419 7.46346 9.09746 4.20839 5.0584 3.92211 9.36043 12.1237 9.34509 6.90468 4.6691 4.60904 4.21228 4.10802
threshold=-6.1699999999999964 10.148750000000003 63.22463668737057 -5.839999999999999 11.260000000000003 5.5500000000000016 76.15000000000002 69.424391453819027 3.3700000000000037 -1.159999999999995 50.040024129114492 -3.4199999999999942 1.6700000000000046 -4.5099999999999953
decision_type=2 2 2 2 2 2 2 2 2 2 2 2 2 2
left_child=1 -1 -3 4 -2 6 7 11 13 -8 -7 -5 -13 -9
right_child=3 2 -4 5 -6 10 9 8 -10 -11 -12 12 -14 -15
leaf_value=-0.00046354963309914684 0.027387428781768381 0.0011803082769596103 -0.025161874384111643 0.026558287062403371 -0.01136932196601341 -0.009748402801667444 0.019852714401279482 -0.055293483513585616 0.00017963090539655838 -0.0037215438869537582 0.0024585235557700751 -0.012432898892840664 0.019845389298993186 -0.022926199456706892
leaf_weight=333.65959643572569 9.8379281535744649 21.513661404140294 24.902475396171212 6.4301006421446827 3.5627171695232382 29.004915251571219 18.266071420162916 4.0113165192306033 14.763341812416909 26.037985462229699 473.69912730384385 10.423523668665437 4.3493823506869367 28.352864918299019
leaf_count=3647 82 323 178 35 32 1209 274 26 515 228 6568 130 90 384
internal_value=-0.000163092 -0.00204766 -0.013185 0.00097758 0.0170095 0.00060141 -0.00443427 -0.0113334 -0.0196813 0.00622153 0.00173626 0.00727216 -0.00227396 -0.0284749
internal_weight=1008.82 380.076 46.4161 628.739 13.4006 615.339 112.635 68.3305 47.1275 44.3041 502.704 21.203 14.7729 32.3642
internal_count=13721 4148 501 9573 114 9459 1682 1180 925 502 7777 255 220 410
is_linear=0
shrinkage=0.03


Tree=397
num_leaves=15
num_cat=0
split_feature=0 3 2 2 6 5 6 5 7 8 8 8 2 6
split_gain=2.59132 2.49636 6.94256 6.22273 4.30651 7.51572 6.85129 5.78724 5.6506 4.90505 7.35088 4.09326 4.7277 4.40925
threshold=22.895000000000007 2.6396358757844824 25.310000000000009 37.130000000000017 6.5500000000000016 331.86579895019537 7.8500000000000014 2.4370993375778203 10.450000000000001 17.250000000000004 27.650000000000006 23.850000000000005 31.440000000000005 7.0500000000000016
decision_type=2 2 2 2 2 2 2 2 2 2 2 2 2 2
left_child=1 2 -1 -3 -4 7 9 -6 -8 -7 11 13 -13 -11
right_child=-2 3 4 -5 5 6 8 -9 -10 10 -12 12 -14 -15
leaf_value=-0.02147751233384582 -0.014669604294479338 -2.6094424050470781e-05 0.012111218222465105 0.023339370959787463 0.01702197694496933 -0.032856165343122468 -0.001903955951837824 -0.013066856936166844 0.031279966530733935 0.020556404816673868 -0.010839481596542284 0.038772034660226148 0.0051199775365785771 -0.011814306862666353
leaf_weight=16.685899936710484 10.642506953619884 815.23795839061495 17.186975742690265 9.3889869102276844 5.4585958507377645 3.3024080130271605 7.3452034383080926 63.755971040693112 10.961040824186055 4.7618512855842736 26.664274321869016 6.3547310614958397 8.4113100785762054 10.054074560292063
leaf_count=488 1892 9228 155 69 35 75 368 673 161 32 272 58 94 156
internal_value=-0.00059693 -0.000433565 -0.00361426 0.000267885 -0.00168064 -0.00336331 0.00302093 -0.0104853 0.0185563 -0.00198248 0.000372494 0.0105026 0.0211431 -0.00076842
internal_weight=1016.21 1005.57 180.942 824.627 164.256 147.069 77.8549 69.2146 18.3062 59.5486 56.2462 29.582 14.766 14.8159
internal_count=13756 11864 2567 9297 2079 1924 1216 708 529 687 612 340 152 188
is_linear=0
shrinkage=0.03


Tree=398
num_leaves=15
num_cat=0
split_feature=1 2 2 8 0 3 7 6 8 3 6 3 7 1
split_gain=1.84412 6.07776 7.04176 4.36556 3.69556 3.30267 3.24208 3.52091 3.29578 2.49103 5.91719 5.38985 4.99097 11.0124
threshold=6.770000000000004 29.73 34.230000000000011 38.850000000000016 18.15666666666667 2.8195373548239311 47.250000000000007 7.3500000000000014 29.950000000000006 3.1123133611707687 5.9500000000000011 3.0810375013703508 54.250000000000007 1.6700000000000046
decision_type=2 2 2 2 2 2 2 2 2 2 2 2 2 2
left_child=9 4 6 -4 5 -2 7 -3 -9 11 12 -1 13 -11
right_child=1 2 3 -5 -6 -7 -8 8 -10 10 -12 -13 -14 -15
leaf_value=-0.00060196955817066816 -0.015050311896741568 0.025439800556616918 -0.023808371138391904 0.024002903383948823 -0.026313010864358815 0.014599461758065247 -0.012760041194355936 -0.018463613712617198 0.018911248225721062 -0.032677636221288289 0.015931334026233784 0.012258912894597155 -0.0027907773097132324 0.007098572177740391
leaf_weight=833.62039517046651 5.2744834132026899 23.029360883287161 6.2153659457107997 1.3781072821002451 6.161984628532081 6.3373884242027998 2.2883645705878726 3.2039254158735266 3.2913357084617019 16.545638374984268 9.5033812620677036 29.395892512518913 54.494409035891294 9.2663045974913967
leaf_count=10318 35 597 1151 164 177 39 93 30 17 218 95 265 396 190
internal_value=-0.000331749 0.00485402 0.0113391 -0.0133479 -0.00936219 0.00100611 0.0174589 0.0201423 0.000471613 -0.000647717 -0.00537402 -0.000150223 -0.00806021 -0.0186661
internal_weight=1010.01 57.1803 39.4065 7.59347 17.7739 11.6119 31.813 29.5246 6.49526 952.826 89.8097 863.016 80.3064 25.8119
internal_count=13785 2303 2052 1315 251 74 737 644 47 11482 899 10583 804 408
is_linear=0
shrinkage=0.03


Tree=399
num_leaves=15
num_cat=0
split_feature=1 1 8 8 6 2 3 8 6 3 1 8 5 4
split_gain=4.08928 2.24674 3.42427 3.64568 2.28949 1.67065 4.61806 3.96029 8.16253 7.24676 14.0125 6.77629 5.05823 8.44131
threshold=-23.989999999999991 -22.429999999999989 29.050000000000004 23.650000000000006 8.0500000000000025 25.190000000000008 2.5556022371618456 20.250000000000004 6.1500000000000012 3.0586992706045746 1.340000000000005 14.450000000000001 200.27383422851565 69.076534229144485
decision_type=2 2 2 2 2 2 2 2 2 2 2 2 2 2
left_child=-1 2 3 -2 5 6 -3 8 11 -9 -11 -7 13 -10
right_child=1 4 -4 -5 -6 7 -8 9 12 10 -12 -13 -14 -15
leaf_value=-0.025415514531274979 0.00026355902487416134 -0.027776406779282729 -0.01858847497254033 0.052048866905528429 -0.014524171375491397 0.0015240472854407116 -0.0010802584260528733 0.0010843869472656499 -0.036319748607234664 -0.024246488321163211 0.0050787453283547964 0.017885016743533412 0.0025476595573754729 0.0049863970613317271
leaf_weight=4.6038404671708113 2.1585463755764058 4.9613256205338976 1.0230374140664933 1.855754548916593 8.4504145862301794 40.443015419412404 275.76421047304757 522.45058811869239 8.5232946794712934 29.230666547548026 27.921712689683773 51.779774489579722 34.233022101456299 7.9624595413915804
leaf_count=670 107 114 17 39 675 414 3646 5380 114 361 1278 466 454 134
internal_value=0.000141671 0.000282252 0.018529 0.029809 0.000173195 0.000311328 -0.00164898 0.00107418 0.00552791 -3.18264e-05 -0.0100787 0.0108035 -0.0040881 -0.0172251
internal_weight=1021.36 1016.76 5.03734 4.0143 1011.72 1003.27 280.726 722.545 142.942 579.603 57.1524 92.2228 50.7188 16.4858
internal_count=13869 13199 163 146 13036 12361 3760 8601 1582 7019 1639 880 702 248
is_linear=0
shrinkage=0.03


end of trees

feature_importances:
Column_1=887
Column_0=822
Column_3=696
Column_2=692
Column_5=559
Column_4=519
Column_8=512
Column_7=487
Column_6=426

parameters:
[boosting: gbdt]
[objective: binary]
[metric: binary_logloss]
[tree_learner: serial]
[device_type: cpu]
[data_sample_strategy: bagging]
[data: ]
[valid: ]
[num_iterations: 400]
[learning_rate: 0.03]
[num_leaves: 15]
[num_threads: 4]
[seed: 20261004]
[deterministic: 0]
[force_col_wise: 0]
[force_row_wise: 0]
[histogram_pool_size: -1]
[max_depth: -1]
[min_data_in_leaf: 20]
[min_sum_hessian_in_leaf: 0.001]
[bagging_fraction: 0.8]
[pos_bagging_fraction: 1]
[neg_bagging_fraction: 1]
[bagging_freq: 1]
[bagging_seed: 5966]
[bagging_by_query: 0]
[feature_fraction: 0.8]
[feature_fraction_bynode: 1]
[feature_fraction_seed: 18294]
[extra_trees: 0]
[extra_seed: 9890]
[early_stopping_round: 0]
[early_stopping_min_delta: 0]
[first_metric_only: 0]
[max_delta_step: 0]
[lambda_l1: 0]
[lambda_l2: 1]
[linear_lambda: 0]
[min_gain_to_split: 0]
[drop_rate: 0.1]
[max_drop: 50]
[skip_drop: 0.5]
[xgboost_dart_mode: 0]
[uniform_drop: 0]
[drop_seed: 16051]
[top_rate: 0.2]
[other_rate: 0.1]
[min_data_per_group: 100]
[max_cat_threshold: 32]
[cat_l2: 10]
[cat_smooth: 10]
[max_cat_to_onehot: 4]
[top_k: 20]
[monotone_constraints: ]
[monotone_constraints_method: basic]
[monotone_penalty: 0]
[feature_contri: ]
[forcedsplits_filename: ]
[refit_decay_rate: 0.9]
[cegb_tradeoff: 1]
[cegb_penalty_split: 0]
[cegb_penalty_feature_lazy: ]
[cegb_penalty_feature_coupled: ]
[path_smooth: 0]
[interaction_constraints: ]
[verbosity: -1]
[saved_feature_importance_type: 0]
[use_quantized_grad: 0]
[num_grad_quant_bins: 4]
[quant_train_renew_leaf: 0]
[stochastic_rounding: 1]
[linear_tree: 0]
[max_bin: 255]
[max_bin_by_feature: ]
[min_data_in_bin: 3]
[bin_construct_sample_cnt: 200000]
[data_random_seed: 5360]
[is_enable_sparse: 1]
[enable_bundle: 1]
[use_missing: 1]
[zero_as_missing: 0]
[feature_pre_filter: 1]
[pre_partition: 0]
[two_round: 0]
[header: 0]
[label_column: ]
[weight_column: ]
[group_column: ]
[ignore_column: ]
[categorical_feature: ]
[forcedbins_filename: ]
[precise_float_parser: 0]
[parser_config_file: ]
[objective_seed: 20746]
[num_class: 1]
[is_unbalance: 0]
[scale_pos_weight: 1]
[sigmoid: 1]
[boost_from_average: 1]
[reg_sqrt: 0]
[alpha: 0.9]
[fair_c: 1]
[poisson_max_delta_step: 0.7]
[tweedie_variance_power: 1.5]
[lambdarank_truncation_level: 30]
[lambdarank_norm: 1]
[label_gain: ]
[lambdarank_position_bias_regularization: 0]
[eval_at: ]
[multi_error_top_k: 1]
[auc_mu_weights: ]
[num_machines: 1]
[local_listen_port: 12400]
[time_out: 120]
[machine_list_filename: ]
[machines: ]
[gpu_platform_id: -1]
[gpu_device_id: -1]
[gpu_device_id_list: ]
[gpu_use_dp: 0]
[num_gpu: 1]

end of parameters

pandas_categorical:null
